# https://github.com/mikedh/trimesh
v -0.06041200 -0.03015603 -0.01593035
v -0.06110009 -0.03063098 -0.02035200
v -0.06194736 -0.03121582 -0.01503219
v -0.06436274 -0.03288303 -0.01844340
v -0.06290744 -0.03187851 -0.01332156
v -0.06640290 -0.03429126 -0.01480831
v -0.06303498 -0.03196655 -0.01125681
v -0.06667393 -0.03447833 -0.01042072
v -0.06229581 -0.03145633 -0.00939120
v -0.06510318 -0.03339412 -0.00645631
v -0.06088799 -0.03048458 -0.00822462
v -0.06211156 -0.03132915 -0.00397732
v -0.05918873 -0.02931167 -0.00806965
v -0.05850065 -0.02883672 -0.00364800
v -0.05765337 -0.02825189 -0.00896781
v -0.05523800 -0.02658468 -0.00555659
v -0.05669329 -0.02758919 -0.01067844
v -0.05319783 -0.02517645 -0.00919169
v -0.05656575 -0.02750116 -0.01274319
v -0.05292681 -0.02498938 -0.01357928
v -0.05730492 -0.02801137 -0.01460880
v -0.05449755 -0.02607358 -0.01754369
v -0.05871275 -0.02898312 -0.01577538
v -0.05748918 -0.02813855 -0.02002268
v -0.04651169 -0.04364806 -0.01460880
v -0.04370432 -0.04171027 -0.01754369
v -0.04577252 -0.04313785 -0.01274319
v -0.04213358 -0.04062607 -0.01357928
v -0.04590006 -0.04322588 -0.01067844
v -0.04240460 -0.04081314 -0.00919169
v -0.04686014 -0.04388858 -0.00896781
v -0.04444477 -0.04222137 -0.00555660
v -0.04839550 -0.04494837 -0.00806965
v -0.04770742 -0.04447341 -0.00364800
v -0.05009475 -0.04612127 -0.00822462
v -0.05131833 -0.04696584 -0.00397732
v -0.05150258 -0.04709303 -0.00939120
v -0.05430995 -0.04903082 -0.00645631
v -0.05224175 -0.04760324 -0.01125681
v -0.05588070 -0.05011502 -0.01042072
v -0.05211421 -0.04751521 -0.01332156
v -0.05560967 -0.04992795 -0.01480831
v -0.05115413 -0.04685251 -0.01503219
v -0.05356951 -0.04851972 -0.01844340
v -0.04961877 -0.04579272 -0.01593035
v -0.05030686 -0.04626768 -0.02035200
v -0.04791952 -0.04461982 -0.01577538
v -0.04669595 -0.04377525 -0.02002268
v -0.05695451 -0.04964113 -0.01513869
v -0.06433142 -0.03407650 -0.01920145
v -0.05467432 -0.04806723 -0.01920145
v -0.06068493 -0.03155951 -0.02133459
v -0.05102783 -0.04555024 -0.02133459
v -0.05664921 -0.02877385 -0.02096653
v -0.04699211 -0.04276458 -0.02096653
v -0.05330562 -0.02646594 -0.01819589
v -0.04364852 -0.04045667 -0.01819589
v -0.05155009 -0.02525419 -0.01376507
v -0.04189299 -0.03924491 -0.01376507
v -0.05185299 -0.02546327 -0.00886131
v -0.04219589 -0.03945399 -0.00886131
v -0.05413318 -0.02703717 -0.00479855
v -0.04447608 -0.04102789 -0.00479855
v -0.05777967 -0.02955416 -0.00266541
v -0.04812257 -0.04354488 -0.00266541
v -0.06181540 -0.03233982 -0.00303347
v -0.05215830 -0.04633054 -0.00303347
v -0.06515898 -0.03464773 -0.00580411
v -0.05550188 -0.04863845 -0.00580411
v -0.06691452 -0.03585949 -0.01023493
v -0.05725741 -0.04985021 -0.01023493
v -0.06661161 -0.03565040 -0.01513869
v -0.05362574 -0.03203330 -0.01067844
v -0.05669329 -0.02758919 -0.01067844
v -0.05349820 -0.03194527 -0.01274319
v -0.05656575 -0.02750116 -0.01274319
v -0.05423737 -0.03245548 -0.01460880
v -0.05730492 -0.02801137 -0.01460880
v -0.05564520 -0.03342724 -0.01577538
v -0.05871275 -0.02898312 -0.01577538
v -0.05734445 -0.03460014 -0.01593035
v -0.06041200 -0.03015603 -0.01593035
v -0.05887981 -0.03565993 -0.01503219
v -0.06194736 -0.03121582 -0.01503219
v -0.05983989 -0.03632262 -0.01332156
v -0.06290744 -0.03187851 -0.01332156
v -0.05996743 -0.03641066 -0.01125681
v -0.06303498 -0.03196655 -0.01125681
v -0.05922826 -0.03590045 -0.00939120
v -0.06229581 -0.03145633 -0.00939120
v -0.05782044 -0.03492869 -0.00822462
v -0.06088799 -0.03048458 -0.00822462
v -0.05612118 -0.03375578 -0.00806965
v -0.05918873 -0.02931167 -0.00806965
v -0.05458582 -0.03269600 -0.00896781
v -0.05765337 -0.02825189 -0.00896781
v -0.05551984 -0.03334070 -0.01227870
v -0.05349820 -0.03194527 -0.01274319
v -0.05579703 -0.03353203 -0.01297830
v -0.05423737 -0.03245548 -0.01460880
v -0.05632496 -0.03389644 -0.01341577
v -0.05564520 -0.03342724 -0.01577538
v -0.05696218 -0.03433628 -0.01347388
v -0.05734445 -0.03460014 -0.01593035
v -0.05753794 -0.03473370 -0.01313707
v -0.05887981 -0.03565993 -0.01503219
v -0.05789797 -0.03498221 -0.01249558
v -0.05983989 -0.03632262 -0.01332156
v -0.05794580 -0.03501522 -0.01172130
v -0.05996743 -0.03641066 -0.01125681
v -0.05766861 -0.03482389 -0.01102170
v -0.05922826 -0.03590045 -0.00939120
v -0.05714067 -0.03445949 -0.01058423
v -0.05782044 -0.03492869 -0.00822462
v -0.05650345 -0.03401965 -0.01052612
v -0.05612118 -0.03375578 -0.00806965
v -0.05592769 -0.03362223 -0.01086293
v -0.05458582 -0.03269600 -0.00896781
v -0.05556766 -0.03337372 -0.01150442
v -0.05362574 -0.03203330 -0.01067844
v -0.05518176 -0.04307109 -0.01332156
v -0.05211421 -0.04751521 -0.01332156
v -0.05422168 -0.04240840 -0.01503219
v -0.05115413 -0.04685251 -0.01503219
v -0.05268632 -0.04134861 -0.01593035
v -0.04961877 -0.04579272 -0.01593035
v -0.05098707 -0.04017570 -0.01577538
v -0.04791952 -0.04461982 -0.01577538
v -0.04957924 -0.03920395 -0.01460880
v -0.04651169 -0.04364806 -0.01460880
v -0.04884007 -0.03869374 -0.01274319
v -0.04577252 -0.04313785 -0.01274319
v -0.04896761 -0.03878177 -0.01067844
v -0.04590006 -0.04322588 -0.01067844
v -0.04992769 -0.03944447 -0.00896781
v -0.04686014 -0.04388858 -0.00896781
v -0.05146305 -0.04050425 -0.00806965
v -0.04839550 -0.04494837 -0.00806965
v -0.05316230 -0.04167716 -0.00822462
v -0.05009475 -0.04612127 -0.00822462
v -0.05457013 -0.04264891 -0.00939120
v -0.05150258 -0.04709303 -0.00939120
v -0.05530930 -0.04315913 -0.01125681
v -0.05224175 -0.04760324 -0.01125681
v -0.05287981 -0.04148217 -0.01313707
v -0.05422168 -0.04240840 -0.01503219
v -0.05230405 -0.04108475 -0.01347388
v -0.05268632 -0.04134861 -0.01593035
v -0.05166683 -0.04064491 -0.01341577
v -0.05098707 -0.04017570 -0.01577538
v -0.05113889 -0.04028050 -0.01297830
v -0.04957924 -0.03920395 -0.01460880
v -0.05086170 -0.04008917 -0.01227870
v -0.04884007 -0.03869374 -0.01274319
v -0.05090953 -0.04012218 -0.01150442
v -0.04896761 -0.03878177 -0.01067844
v -0.05126956 -0.04037070 -0.01086293
v -0.04992769 -0.03944447 -0.00896781
v -0.05184532 -0.04076811 -0.01052612
v -0.05146305 -0.04050425 -0.00806965
v -0.05248254 -0.04120796 -0.01058423
v -0.05316230 -0.04167716 -0.00822462
v -0.05301048 -0.04157236 -0.01102170
v -0.05457013 -0.04264891 -0.00939120
v -0.05328767 -0.04176369 -0.01172130
v -0.05530930 -0.04315913 -0.01125681
v -0.05323984 -0.04173068 -0.01249558
v -0.05518176 -0.04307109 -0.01332156
v -0.05090953 -0.04012218 -0.01150442
v -0.05556766 -0.03337372 -0.01150442
v -0.05086170 -0.04008917 -0.01227870
v -0.05551984 -0.03334070 -0.01227870
v -0.05113889 -0.04028050 -0.01297830
v -0.05579703 -0.03353203 -0.01297830
v -0.05166683 -0.04064491 -0.01341577
v -0.05632496 -0.03389644 -0.01341577
v -0.05230405 -0.04108475 -0.01347388
v -0.05696218 -0.03433628 -0.01347388
v -0.05287981 -0.04148217 -0.01313707
v -0.05753794 -0.03473370 -0.01313707
v -0.05323984 -0.04173068 -0.01249558
v -0.05789797 -0.03498221 -0.01249558
v -0.05328767 -0.04176369 -0.01172130
v -0.05794580 -0.03501522 -0.01172130
v -0.05301048 -0.04157236 -0.01102170
v -0.05766861 -0.03482389 -0.01102170
v -0.05248254 -0.04120796 -0.01058423
v -0.05714067 -0.03445949 -0.01058423
v -0.05184532 -0.04076811 -0.01052612
v -0.05650345 -0.03401965 -0.01052612
v -0.05126956 -0.04037070 -0.01086293
v -0.05592769 -0.03362223 -0.01086293
v -0.04171729 -0.03973118 -0.01374018
v -0.04344807 -0.04092585 -0.01810851
v -0.04674450 -0.04320122 -0.02084008
v -0.04699211 -0.04276458 -0.02096653
v -0.05072331 -0.04594759 -0.02120295
v -0.05431838 -0.04842908 -0.01909989
v -0.05656641 -0.04998079 -0.01509443
v -0.05686504 -0.05018692 -0.01025982
v -0.05513427 -0.04899225 -0.00589149
v -0.05183783 -0.04671689 -0.00315992
v -0.05215830 -0.04633054 -0.00303347
v -0.04785903 -0.04397052 -0.00279705
v -0.04426396 -0.04148902 -0.00490011
v -0.04201593 -0.03993732 -0.00890557
v -0.04180535 -0.04023672 -0.01367218
v -0.04346849 -0.04138470 -0.01786979
v -0.04663610 -0.04357115 -0.02049460
v -0.05045942 -0.04621019 -0.02084329
v -0.05391399 -0.04859471 -0.01882243
v -0.05607416 -0.05008577 -0.01497350
v -0.05636113 -0.05028385 -0.01032782
v -0.05469799 -0.04913587 -0.00613021
v -0.05153038 -0.04694943 -0.00350540
v -0.04770707 -0.04431038 -0.00315671
v -0.04425250 -0.04192586 -0.00517757
v -0.04209232 -0.04043480 -0.00902650
v -0.05244637 -0.02482055 -0.01367218
v -0.05410951 -0.02596853 -0.01786979
v -0.05727712 -0.02815497 -0.02049460
v -0.06110043 -0.03079401 -0.02084329
v -0.06455501 -0.03317853 -0.01882243
v -0.06436274 -0.03288303 -0.01844340
v -0.06671518 -0.03466960 -0.01497350
v -0.06640290 -0.03429126 -0.01480831
v -0.06700215 -0.03486767 -0.01032782
v -0.06667393 -0.03447833 -0.01042072
v -0.06533901 -0.03371969 -0.00613021
v -0.06510318 -0.03339412 -0.00645631
v -0.06217140 -0.03153325 -0.00350540
v -0.06211156 -0.03132915 -0.00397732
v -0.05834809 -0.02889421 -0.00315671
v -0.05850065 -0.02883672 -0.00364800
v -0.05489351 -0.02650969 -0.00517757
v -0.05523800 -0.02658468 -0.00555659
v -0.05273334 -0.02501863 -0.00902650
v -0.05194246 -0.02491747 -0.01374018
v -0.05367324 -0.02611214 -0.01810851
v -0.05696967 -0.02838751 -0.02084007
v -0.06094848 -0.03113388 -0.02120295
v -0.06454354 -0.03361538 -0.01909989
v -0.06679157 -0.03516708 -0.01509443
v -0.06709021 -0.03537321 -0.01025982
v -0.06535943 -0.03417854 -0.00589149
v -0.06206300 -0.03190318 -0.00315992
v -0.05808419 -0.02915681 -0.00279705
v -0.05448913 -0.02667531 -0.00490011
v -0.05224110 -0.02512361 -0.00890557
v -0.05664921 -0.02877385 -0.02096653
v -0.06181540 -0.03233982 -0.00303347
v -0.03766012 0.05131309 0.01147980
v -0.03626500 0.04865491 0.01483207
v -0.03851865 0.05294889 0.01241482
v -0.03808938 0.05213098 0.01681900
v -0.03947943 0.05477949 0.01230087
v -0.04013103 0.05602102 0.01657686
v -0.04028500 0.05631439 0.01116848
v -0.04184288 0.05928268 0.01417052
v -0.04071953 0.05714232 0.00932107
v -0.04276625 0.06104202 0.01024478
v -0.04066658 0.05704142 0.00725366
v -0.04265372 0.06082761 0.00585153
v -0.04014033 0.05603874 0.00552020
v -0.04153545 0.05869691 0.00216793
v -0.03928179 0.05440294 0.00458518
v -0.03971106 0.05522084 0.00018100
v -0.03832102 0.05257233 0.00469913
v -0.03766942 0.05133080 0.00042314
v -0.03751544 0.05103743 0.00583152
v -0.03595756 0.04806914 0.00282947
v -0.03708091 0.05020951 0.00767893
v -0.03503419 0.04630980 0.00675522
v -0.03713387 0.05031041 0.00974634
v -0.03514672 0.04652421 0.01114847
v -0.02025725 0.05903925 0.00767893
v -0.01821053 0.05513954 0.00675522
v -0.02069178 0.05986717 0.00583152
v -0.01913390 0.05689888 0.00282948
v -0.02149735 0.06140207 0.00469913
v -0.02084575 0.06016054 0.00042314
v -0.02245813 0.06323267 0.00458518
v -0.02288740 0.06405058 0.00018100
v -0.02331666 0.06486847 0.00552020
v -0.02471178 0.06752665 0.00216793
v -0.02384291 0.06587116 0.00725366
v -0.02583006 0.06965735 0.00585153
v -0.02389587 0.06597205 0.00932107
v -0.02594259 0.06987176 0.01024478
v -0.02346134 0.06514413 0.01116848
v -0.02501922 0.06811242 0.01417052
v -0.02265576 0.06360923 0.01230087
v -0.02330737 0.06485076 0.01657686
v -0.02169499 0.06177863 0.01241482
v -0.02126572 0.06096072 0.01681900
v -0.02083645 0.06014283 0.01147980
v -0.01944133 0.05748465 0.01483207
v -0.02031020 0.05914014 0.00974634
v -0.01832306 0.05535395 0.01114847
v -0.02433762 0.06466193 0.01752707
v -0.03710853 0.05241395 0.01779770
v -0.02205578 0.06031424 0.01779770
v -0.03506952 0.04852893 0.01557702
v -0.02001676 0.05642922 0.01557702
v -0.03381968 0.04614756 0.01146006
v -0.01876693 0.05404785 0.01146006
v -0.03369391 0.04590793 0.00654995
v -0.01864116 0.05380822 0.00654995
v -0.03472591 0.04787424 0.00216235
v -0.01967316 0.05577453 0.00216235
v -0.03663916 0.05151963 -0.00052707
v -0.02158641 0.05941992 -0.00052707
v -0.03892100 0.05586732 -0.00079770
v -0.02386825 0.06376761 -0.00079770
v -0.04096002 0.05975234 0.00142298
v -0.02590726 0.06765263 0.00142298
v -0.04220986 0.06213371 0.00553994
v -0.02715710 0.07003400 0.00553994
v -0.04233562 0.06237334 0.01045005
v -0.02728287 0.07027364 0.01045005
v -0.04130362 0.06040703 0.01483764
v -0.02625087 0.06830732 0.01483765
v -0.03939037 0.05676164 0.01752707
v -0.03353956 0.05508184 0.00469913
v -0.03832102 0.05257233 0.00469913
v -0.03273398 0.05354693 0.00583152
v -0.03751544 0.05103743 0.00583152
v -0.03229945 0.05271901 0.00767893
v -0.03708091 0.05020951 0.00767893
v -0.03235241 0.05281991 0.00974634
v -0.03713387 0.05031041 0.00974634
v -0.03287866 0.05382259 0.01147980
v -0.03766012 0.05131309 0.01147980
v -0.03373719 0.05545839 0.01241482
v -0.03851865 0.05294889 0.01241482
v -0.03469796 0.05728900 0.01230087
v -0.03947943 0.05477949 0.01230087
v -0.03550354 0.05882390 0.01116848
v -0.04028500 0.05631439 0.01116848
v -0.03593807 0.05965182 0.00932107
v -0.04071953 0.05714232 0.00932107
v -0.03588511 0.05955092 0.00725366
v -0.04066658 0.05704142 0.00725366
v -0.03535887 0.05854824 0.00552020
v -0.04014033 0.05603874 0.00552020
v -0.03450033 0.05691244 0.00458518
v -0.03928179 0.05440294 0.00458518
v -0.03359947 0.05519599 0.00749932
v -0.03273398 0.05354693 0.00583152
v -0.03343652 0.05488551 0.00819210
v -0.03229945 0.05271901 0.00767893
v -0.03345638 0.05492335 0.00896738
v -0.03235241 0.05281991 0.00974634
v -0.03365372 0.05529936 0.00961742
v -0.03287866 0.05382259 0.01147980
v -0.03397567 0.05591278 0.00996806
v -0.03373719 0.05545839 0.01241482
v -0.03433596 0.05659926 0.00992533
v -0.03469796 0.05728900 0.01230087
v -0.03463805 0.05717485 0.00950068
v -0.03550354 0.05882390 0.01116848
v -0.03480100 0.05748532 0.00880790
v -0.03593807 0.05965182 0.00932107
v -0.03478114 0.05744748 0.00803262
v -0.03588511 0.05955092 0.00725366
v -0.03458380 0.05707147 0.00738258
v -0.03535887 0.05854824 0.00552020
v -0.03426185 0.05645805 0.00703194
v -0.03450033 0.05691244 0.00458518
v -0.03390156 0.05577157 0.00707467
v -0.03353956 0.05508184 0.00469913
v -0.02743722 0.06109973 0.01230087
v -0.02265576 0.06360923 0.01230087
v -0.02647645 0.05926912 0.01241482
v -0.02169499 0.06177863 0.01241482
v -0.02561792 0.05763332 0.01147980
v -0.02083645 0.06014283 0.01147980
v -0.02509167 0.05663064 0.00974634
v -0.02031020 0.05914014 0.00974634
v -0.02503871 0.05652974 0.00767893
v -0.02025725 0.05903925 0.00767893
v -0.02547324 0.05735766 0.00583152
v -0.02069178 0.05986717 0.00583152
v -0.02627882 0.05889257 0.00469913
v -0.02149735 0.06140207 0.00469913
v -0.02723959 0.06072317 0.00458518
v -0.02245813 0.06323267 0.00458518
v -0.02809813 0.06235897 0.00552020
v -0.02331666 0.06486847 0.00552020
v -0.02862437 0.06336165 0.00725366
v -0.02384291 0.06587116 0.00725366
v -0.02867733 0.06346255 0.00932107
v -0.02389587 0.06597205 0.00932107
v -0.02824280 0.06263463 0.01116848
v -0.02346134 0.06514413 0.01116848
v -0.02671493 0.05972351 0.00996806
v -0.02647645 0.05926912 0.01241482
v -0.02639298 0.05911009 0.00961742
v -0.02561792 0.05763332 0.01147980
v -0.02619564 0.05873408 0.00896738
v -0.02509167 0.05663064 0.00974634
v -0.02617578 0.05869624 0.00819210
v -0.02503871 0.05652974 0.00767893
v -0.02633873 0.05900671 0.00749932
v -0.02547324 0.05735766 0.00583152
v -0.02664082 0.05958230 0.00707467
v -0.02627882 0.05889257 0.00469913
v -0.02700111 0.06026878 0.00703194
v -0.02723959 0.06072317 0.00458518
v -0.02732306 0.06088220 0.00738258
v -0.02809813 0.06235897 0.00552020
v -0.02752040 0.06125821 0.00803262
v -0.02862437 0.06336165 0.00725366
v -0.02754026 0.06129605 0.00880790
v -0.02867733 0.06346255 0.00932107
v -0.02737731 0.06098558 0.00950068
v -0.02824280 0.06263463 0.01116848
v -0.02707522 0.06040999 0.00992533
v -0.02743722 0.06109973 0.01230087
v -0.02664082 0.05958230 0.00707467
v -0.03390156 0.05577157 0.00707467
v -0.02633873 0.05900671 0.00749932
v -0.03359947 0.05519599 0.00749932
v -0.02617578 0.05869624 0.00819210
v -0.03343652 0.05488551 0.00819210
v -0.02619564 0.05873408 0.00896738
v -0.03345638 0.05492335 0.00896738
v -0.02639298 0.05911009 0.00961742
v -0.03365372 0.05529936 0.00961742
v -0.02671493 0.05972351 0.00996806
v -0.03397567 0.05591278 0.00996806
v -0.02707522 0.06040999 0.00992533
v -0.03433596 0.05659926 0.00992533
v -0.02737731 0.06098558 0.00950068
v -0.03463805 0.05717485 0.00950068
v -0.02754026 0.06129605 0.00880790
v -0.03480100 0.05748532 0.00880790
v -0.02752040 0.06125821 0.00803262
v -0.03478114 0.05744748 0.00803262
v -0.02732306 0.06088220 0.00738258
v -0.03458380 0.05707147 0.00738258
v -0.02700111 0.06026878 0.00703194
v -0.03426185 0.05645805 0.00703194
v -0.01927681 0.05609527 0.00225173
v -0.01825936 0.05415668 0.00657745
v -0.01838336 0.05439293 0.01141831
v -0.01876693 0.05404785 0.01146006
v -0.01961557 0.05674072 0.01547722
v -0.02162583 0.06057096 0.01766658
v -0.02387549 0.06485733 0.01739977
v -0.02576176 0.06845131 0.01474827
v -0.02677921 0.07038989 0.01042255
v -0.02665521 0.07015364 0.00558169
v -0.02715710 0.07003400 0.00553994
v -0.02542300 0.06780586 0.00152278
v -0.02341274 0.06397562 -0.00066658
v -0.02116308 0.05968925 -0.00039977
v -0.01907943 0.05650681 0.00249591
v -0.01810174 0.05464398 0.00665258
v -0.01822089 0.05487100 0.01130427
v -0.01940495 0.05712704 0.01520455
v -0.02133665 0.06080758 0.01730835
v -0.02349839 0.06492644 0.01705196
v -0.02531094 0.06837997 0.01450409
v -0.02628863 0.07024280 0.01034742
v -0.02616948 0.07001578 0.00569573
v -0.02498542 0.06775974 0.00179545
v -0.02305372 0.06407919 -0.00030835
v -0.02089198 0.05996033 -0.00005196
v -0.03566584 0.04780159 0.00249591
v -0.03468815 0.04593876 0.00665258
v -0.03480730 0.04616578 0.01130427
v -0.03599136 0.04842182 0.01520455
v -0.03792306 0.05210237 0.01730835
v -0.03808938 0.05213098 0.01681900
v -0.04008480 0.05622123 0.01705196
v -0.04013103 0.05602102 0.01657686
v -0.04189735 0.05967476 0.01450408
v -0.04184288 0.05928268 0.01417052
v -0.04287504 0.06153758 0.01034742
v -0.04276625 0.06104202 0.01024478
v -0.04275589 0.06131056 0.00569573
v -0.04265372 0.06082761 0.00585153
v -0.04157183 0.05905453 0.00179545
v -0.04153545 0.05869691 0.00216793
v -0.03964013 0.05537398 -0.00030835
v -0.03971106 0.05522084 0.00018100
v -0.03747839 0.05125512 -0.00005196
v -0.03521502 0.04773025 0.00225173
v -0.03419757 0.04579167 0.00657745
v -0.03432157 0.04602792 0.01141831
v -0.03555378 0.04837571 0.01547722
v -0.03756404 0.05220594 0.01766658
v -0.03981370 0.05649231 0.01739977
v -0.04169997 0.06008629 0.01474827
v -0.04271742 0.06202488 0.01042255
v -0.04259342 0.06178863 0.00558169
v -0.04136121 0.05944084 0.00152278
v -0.03935095 0.05561061 -0.00066658
v -0.03710129 0.05132423 -0.00039977
v -0.03381968 0.04614756 0.01146006
v -0.04220986 0.06213371 0.00553994
v 0.04639953 0.04357064 0.01147980
v 0.04392890 0.04186529 0.01483207
v 0.04791992 0.04462009 0.01241482
v 0.04715972 0.04409536 0.01681900
v 0.04962136 0.04579451 0.01230087
v 0.05077530 0.04659102 0.01657686
v 0.05104797 0.04677923 0.01116848
v 0.05380684 0.04868354 0.01417052
v 0.05181748 0.04731038 0.00932107
v 0.05544205 0.04981224 0.01024478
v 0.05172370 0.04724565 0.00725366
v 0.05524277 0.04967469 0.00585153
v 0.05079176 0.04660238 0.00552020
v 0.05326240 0.04830774 0.00216793
v 0.04927138 0.04555293 0.00458518
v 0.05003157 0.04607766 0.00018100
v 0.04756993 0.04437851 0.00469913
v 0.04641599 0.04358201 0.00042314
v 0.04614332 0.04339379 0.00583152
v 0.04338445 0.04148948 0.00282948
v 0.04537381 0.04286264 0.00767893
v 0.04174924 0.04036078 0.00675522
v 0.04546759 0.04292737 0.00974634
v 0.04194852 0.04049833 0.01114847
v 0.05616704 0.02722595 0.00767893
v 0.05254247 0.02472409 0.00675522
v 0.05693655 0.02775710 0.00583152
v 0.05417768 0.02585279 0.00282948
v 0.05836316 0.02874182 0.00469913
v 0.05720922 0.02794531 0.00042314
v 0.06006461 0.02991624 0.00458518
v 0.06082480 0.03044097 0.00018100
v 0.06158499 0.03096569 0.00552020
v 0.06405563 0.03267104 0.00216793
v 0.06251693 0.03160896 0.00725366
v 0.06603600 0.03403800 0.00585153
v 0.06261071 0.03167369 0.00932107
v 0.06623528 0.03417555 0.01024478
v 0.06184120 0.03114254 0.01116848
v 0.06460007 0.03304685 0.01417052
v 0.06041459 0.03015782 0.01230087
v 0.06156853 0.03095432 0.01657686
v 0.05871315 0.02898340 0.01241482
v 0.05795295 0.02845867 0.01681900
v 0.05719276 0.02793395 0.01147980
v 0.05472213 0.02622859 0.01483207
v 0.05626082 0.02729068 0.00974634
v 0.05274175 0.02486164 0.01114847
v 0.06125689 0.03195431 0.01752707
v 0.04755885 0.04315577 0.01779770
v 0.05721595 0.02916505 0.01779770
v 0.04394793 0.04066333 0.01557702
v 0.05360503 0.02667261 0.01557702
v 0.04173458 0.03913557 0.01146006
v 0.05139168 0.02514484 0.01146006
v 0.04151185 0.03898183 0.00654995
v 0.05116895 0.02499110 0.00654995
v 0.04333944 0.04024332 0.00216235
v 0.05299654 0.02625260 0.00216235
v 0.04672763 0.04258202 -0.00052707
v 0.05638473 0.02859130 -0.00052707
v 0.05076857 0.04537128 -0.00079770
v 0.06042567 0.03138056 -0.00079770
v 0.05437949 0.04786372 0.00142298
v 0.06403659 0.03387300 0.00142298
v 0.05659285 0.04939149 0.00553994
v 0.06624995 0.03540076 0.00553994
v 0.05681557 0.04954523 0.01045005
v 0.06647267 0.03555450 0.01045005
v 0.05498799 0.04828373 0.01483765
v 0.06464509 0.03429301 0.01483765
v 0.05159979 0.04594503 0.01752707
v 0.05063748 0.03993440 0.00469913
v 0.04756993 0.04437851 0.00469913
v 0.04921087 0.03894968 0.00583152
v 0.04614332 0.04339379 0.00583152
v 0.04844136 0.03841853 0.00767893
v 0.04537381 0.04286264 0.00767893
v 0.04853514 0.03848326 0.00974634
v 0.04546759 0.04292737 0.00974634
v 0.04946708 0.03912653 0.01147980
v 0.04639953 0.04357064 0.01147980
v 0.05098746 0.04017598 0.01241482
v 0.04791992 0.04462009 0.01241482
v 0.05268891 0.04135040 0.01230087
v 0.04962136 0.04579451 0.01230087
v 0.05411552 0.04233512 0.01116848
v 0.05104797 0.04677923 0.01116848
v 0.05488503 0.04286627 0.00932107
v 0.05181748 0.04731038 0.00932107
v 0.05479125 0.04280154 0.00725366
v 0.05172370 0.04724565 0.00725366
v 0.05385931 0.04215827 0.00552020
v 0.05079176 0.04660238 0.00552020
v 0.05233893 0.04110882 0.00458518
v 0.04927138 0.04555293 0.00458518
v 0.05074357 0.04000763 0.00749932
v 0.04921087 0.03894968 0.00583152
v 0.05045501 0.03980845 0.00819210
v 0.04844136 0.03841853 0.00767893
v 0.05049017 0.03983272 0.00896738
v 0.04853514 0.03848326 0.00974634
v 0.05083965 0.04007395 0.00961742
v 0.04946708 0.03912653 0.01147980
v 0.05140980 0.04046749 0.00996806
v 0.05098746 0.04017598 0.01241482
v 0.05204784 0.04090790 0.00992533
v 0.05268891 0.04135040 0.01230087
v 0.05258282 0.04127717 0.00950068
v 0.05411552 0.04233512 0.01116848
v 0.05287138 0.04147635 0.00880790
v 0.05488503 0.04286627 0.00932107
v 0.05283622 0.04145208 0.00803262
v 0.05479125 0.04280154 0.00725366
v 0.05248674 0.04121085 0.00738258
v 0.05385931 0.04215827 0.00552020
v 0.05191659 0.04081731 0.00703194
v 0.05233893 0.04110882 0.00458518
v 0.05127855 0.04037690 0.00707467
v 0.05063748 0.03993440 0.00469913
v 0.05734704 0.03460193 0.01230087
v 0.06041459 0.03015782 0.01230087
v 0.05564560 0.03342751 0.01241482
v 0.05871315 0.02898340 0.01241482
v 0.05412521 0.03237806 0.01147980
v 0.05719276 0.02793395 0.01147980
v 0.05319327 0.03173479 0.00974634
v 0.05626082 0.02729068 0.00974634
v 0.05309949 0.03167006 0.00767893
v 0.05616704 0.02722595 0.00767893
v 0.05386900 0.03220121 0.00583152
v 0.05693655 0.02775710 0.00583152
v 0.05529561 0.03318593 0.00469913
v 0.05836316 0.02874182 0.00469913
v 0.05699706 0.03436036 0.00458518
v 0.06006461 0.02991624 0.00458518
v 0.05851744 0.03540980 0.00552020
v 0.06158499 0.03096569 0.00552020
v 0.05944938 0.03605307 0.00725366
v 0.06251693 0.03160896 0.00725366
v 0.05954316 0.03611780 0.00932107
v 0.06261071 0.03167369 0.00932107
v 0.05877365 0.03558665 0.01116848
v 0.06184120 0.03114254 0.01116848
v 0.05606793 0.03371902 0.00996806
v 0.05564560 0.03342751 0.01241482
v 0.05549778 0.03332548 0.00961742
v 0.05412521 0.03237806 0.01147980
v 0.05514830 0.03308425 0.00896738
v 0.05319327 0.03173479 0.00974634
v 0.05511314 0.03305998 0.00819210
v 0.05309949 0.03167006 0.00767893
v 0.05540170 0.03325916 0.00749932
v 0.05386900 0.03220121 0.00583152
v 0.05593668 0.03362843 0.00707467
v 0.05529561 0.03318593 0.00469913
v 0.05657473 0.03406884 0.00703194
v 0.05699706 0.03436036 0.00458518
v 0.05714487 0.03446238 0.00738258
v 0.05851744 0.03540980 0.00552020
v 0.05749435 0.03470361 0.00803262
v 0.05944938 0.03605307 0.00725366
v 0.05752951 0.03472788 0.00880790
v 0.05954316 0.03611780 0.00932107
v 0.05724095 0.03452870 0.00950068
v 0.05877365 0.03558665 0.01116848
v 0.05670597 0.03415943 0.00992533
v 0.05734704 0.03460193 0.01230087
v 0.05593668 0.03362843 0.00707467
v 0.05127855 0.04037690 0.00707467
v 0.05540170 0.03325916 0.00749932
v 0.05074357 0.04000763 0.00749932
v 0.05511314 0.03305998 0.00819210
v 0.05045501 0.03980845 0.00819210
v 0.05514830 0.03308425 0.00896738
v 0.05049017 0.03983272 0.00896738
v 0.05549778 0.03332548 0.00961742
v 0.05083965 0.04007395 0.00961742
v 0.05606793 0.03371902 0.00996806
v 0.05140980 0.04046749 0.00996806
v 0.05670597 0.03415943 0.00992533
v 0.05204784 0.04090790 0.00992533
v 0.05724095 0.03452870 0.00950068
v 0.05258282 0.04127717 0.00950068
v 0.05752951 0.03472788 0.00880790
v 0.05287138 0.04147635 0.00880790
v 0.05749435 0.03470361 0.00803262
v 0.05283622 0.04145208 0.00803262
v 0.05714487 0.03446238 0.00738258
v 0.05248674 0.04121085 0.00738258
v 0.05657473 0.03406884 0.00703194
v 0.05191659 0.04081731 0.00703194
v 0.05336271 0.02589780 0.00225173
v 0.05156089 0.02465410 0.00657745
v 0.05178048 0.02480567 0.01141831
v 0.05139168 0.02514484 0.01146006
v 0.05396262 0.02631189 0.01547722
v 0.05752262 0.02876918 0.01766658
v 0.06150657 0.03151910 0.01739977
v 0.06484698 0.03382482 0.01474827
v 0.06664879 0.03506852 0.01042255
v 0.06642921 0.03491696 0.00558169
v 0.06624995 0.03540076 0.00553994
v 0.06424707 0.03341073 0.00152278
v 0.06068707 0.03095344 -0.00066658
v 0.05670312 0.02820352 -0.00039977
v 0.05379504 0.02575146 0.00249591
v 0.05206364 0.02455636 0.00665258
v 0.05227464 0.02470201 0.01130427
v 0.05437150 0.02614937 0.01520455
v 0.05779238 0.02851063 0.01730835
v 0.06162064 0.03115308 0.01705196
v 0.06483050 0.03336870 0.01450409
v 0.06656190 0.03456379 0.01034742
v 0.06635090 0.03441815 0.00569573
v 0.06425403 0.03297079 0.00179545
v 0.06083316 0.03060953 -0.00030835
v 0.05700490 0.02796707 -0.00005196
v 0.04315402 0.04116764 0.00249591
v 0.04142262 0.03997254 0.00665258
v 0.04163362 0.04011818 0.01130427
v 0.04373049 0.04156554 0.01520455
v 0.04715136 0.04392680 0.01730835
v 0.04715972 0.04409536 0.01681900
v 0.05097962 0.04656926 0.01705196
v 0.05077530 0.04659102 0.01657686
v 0.05418949 0.04878487 0.01450409
v 0.05380684 0.04868354 0.01417052
v 0.05592088 0.04997997 0.01034742
v 0.05544205 0.04981224 0.01024478
v 0.05570988 0.04983432 0.00569573
v 0.05524277 0.04967469 0.00585153
v 0.05361302 0.04838696 0.00179545
v 0.05326240 0.04830774 0.00216793
v 0.05019215 0.04602570 -0.00030835
v 0.05003157 0.04607766 0.00018100
v 0.04636389 0.04338325 -0.00005196
v 0.04313754 0.04071151 0.00225173
v 0.04133573 0.03946781 0.00657745
v 0.04155531 0.03961938 0.01141831
v 0.04373745 0.04112560 0.01547722
v 0.04729745 0.04358289 0.01766658
v 0.05128140 0.04633281 0.01739977
v 0.05462182 0.04863853 0.01474827
v 0.05642363 0.04988223 0.01042255
v 0.05620404 0.04973067 0.00558169
v 0.05402190 0.04822444 0.00152278
v 0.05046190 0.04576715 -0.00066658
v 0.04647795 0.04301723 -0.00039977
v 0.04173458 0.03913557 0.01146006
v 0.05659285 0.04939149 0.00553994
v 0.06587335 0.01482221 -0.01593035
v 0.06665510 0.01511869 -0.02035200
v 0.06761772 0.01548377 -0.01503219
v 0.07036190 0.01652450 -0.01844341
v 0.06870849 0.01589744 -0.01332156
v 0.07267979 0.01740356 -0.01480831
v 0.06885340 0.01595240 -0.01125681
v 0.07298771 0.01752033 -0.01042072
v 0.06801360 0.01563390 -0.00939120
v 0.07120314 0.01684354 -0.00645631
v 0.06641413 0.01502731 -0.00822462
v 0.06780426 0.01555451 -0.00397732
v 0.06448356 0.01429514 -0.00806965
v 0.06370180 0.01399866 -0.00364800
v 0.06273919 0.01363358 -0.00896781
v 0.05999501 0.01259285 -0.00555659
v 0.06164841 0.01321991 -0.01067844
v 0.05767711 0.01171379 -0.00919169
v 0.06150351 0.01316495 -0.01274319
v 0.05736920 0.01159702 -0.01357928
v 0.06234331 0.01348345 -0.01460880
v 0.05915376 0.01227381 -0.01754369
v 0.06394278 0.01409004 -0.01577538
v 0.06255264 0.01356284 -0.02002268
v 0.05560581 0.03124875 -0.01460880
v 0.05241627 0.03003912 -0.01754369
v 0.05476602 0.03093026 -0.01274319
v 0.05063171 0.02936232 -0.01357928
v 0.05491092 0.03098521 -0.01067844
v 0.05093962 0.02947910 -0.00919169
v 0.05600169 0.03139889 -0.00896781
v 0.05325752 0.03035816 -0.00555659
v 0.05774607 0.03206044 -0.00806965
v 0.05696431 0.03176396 -0.00364800
v 0.05967664 0.03279261 -0.00822462
v 0.06106677 0.03331982 -0.00397732
v 0.06127611 0.03339921 -0.00939120
v 0.06446565 0.03460885 -0.00645631
v 0.06211590 0.03371771 -0.01125681
v 0.06625021 0.03528564 -0.01042072
v 0.06197100 0.03366275 -0.01332156
v 0.06594230 0.03516887 -0.01480831
v 0.06088023 0.03324908 -0.01503219
v 0.06362440 0.03428980 -0.01844341
v 0.05913585 0.03258752 -0.01593035
v 0.05991761 0.03288400 -0.02035200
v 0.05720528 0.03185535 -0.01577538
v 0.05581515 0.03132814 -0.02002268
v 0.06717941 0.03456854 -0.01513869
v 0.07061711 0.01769079 -0.01920145
v 0.06458882 0.03358606 -0.01920145
v 0.06647422 0.01611960 -0.02133459
v 0.06044594 0.03201487 -0.02133459
v 0.06188912 0.01438069 -0.02096653
v 0.05586083 0.03027597 -0.02096653
v 0.05809037 0.01294002 -0.01819589
v 0.05206209 0.02883530 -0.01819589
v 0.05609586 0.01218360 -0.01376507
v 0.05006757 0.02807888 -0.01376507
v 0.05644000 0.01231412 -0.00886131
v 0.05041172 0.02820939 -0.00886131
v 0.05903059 0.01329660 -0.00479855
v 0.05300231 0.02919187 -0.00479855
v 0.06317348 0.01486779 -0.00266541
v 0.05714519 0.03076306 -0.00266541
v 0.06775858 0.01660669 -0.00303347
v 0.06173030 0.03250196 -0.00303347
v 0.07155732 0.01804736 -0.00580411
v 0.06552904 0.03394264 -0.00580411
v 0.07355184 0.01880378 -0.01023493
v 0.06752356 0.03469906 -0.01023493
v 0.07320770 0.01867327 -0.01513869
v 0.05973355 0.01826899 -0.01067844
v 0.06164841 0.01321991 -0.01067844
v 0.05958864 0.01821404 -0.01274319
v 0.06150351 0.01316495 -0.01274319
v 0.06042844 0.01853253 -0.01460880
v 0.06234331 0.01348345 -0.01460880
v 0.06202791 0.01913913 -0.01577538
v 0.06394278 0.01409004 -0.01577538
v 0.06395848 0.01987130 -0.01593035
v 0.06587335 0.01482221 -0.01593035
v 0.06570285 0.02053285 -0.01503219
v 0.06761772 0.01548377 -0.01503219
v 0.06679363 0.02094653 -0.01332156
v 0.06870849 0.01589744 -0.01332156
v 0.06693853 0.02100148 -0.01125681
v 0.06885340 0.01595240 -0.01125681
v 0.06609873 0.02068299 -0.00939120
v 0.06801360 0.01563390 -0.00939120
v 0.06449926 0.02007639 -0.00822462
v 0.06641413 0.01502731 -0.00822462
v 0.06256869 0.01934422 -0.00806965
v 0.06448356 0.01429514 -0.00806965
v 0.06082432 0.01868267 -0.00896781
v 0.06273919 0.01363358 -0.00896781
v 0.06188548 0.01908512 -0.01227870
v 0.05958864 0.01821404 -0.01274319
v 0.06220041 0.01920455 -0.01297830
v 0.06042844 0.01853253 -0.01460880
v 0.06280021 0.01943203 -0.01341577
v 0.06202791 0.01913913 -0.01577538
v 0.06352417 0.01970659 -0.01347388
v 0.06395848 0.01987130 -0.01593035
v 0.06417831 0.01995467 -0.01313707
v 0.06570285 0.02053285 -0.01503219
v 0.06458735 0.02010980 -0.01249558
v 0.06679363 0.02094653 -0.01332156
v 0.06464169 0.02013041 -0.01172130
v 0.06693853 0.02100148 -0.01125681
v 0.06432677 0.02001097 -0.01102170
v 0.06609873 0.02068299 -0.00939120
v 0.06372697 0.01978350 -0.01058423
v 0.06449926 0.02007639 -0.00822462
v 0.06300300 0.01950894 -0.01052612
v 0.06256869 0.01934422 -0.00806965
v 0.06234886 0.01926085 -0.01086293
v 0.06082432 0.01868267 -0.00896781
v 0.06193982 0.01910572 -0.01150442
v 0.05973355 0.01826899 -0.01067844
v 0.06388587 0.02861366 -0.01332156
v 0.06197100 0.03366275 -0.01332156
v 0.06279509 0.02819999 -0.01503219
v 0.06088023 0.03324908 -0.01503219
v 0.06105072 0.02753843 -0.01593035
v 0.05913585 0.03258752 -0.01593035
v 0.05912015 0.02680627 -0.01577538
v 0.05720528 0.03185535 -0.01577538
v 0.05752068 0.02619967 -0.01460880
v 0.05560581 0.03124875 -0.01460880
v 0.05668088 0.02588117 -0.01274319
v 0.05476602 0.03093026 -0.01274319
v 0.05682579 0.02593613 -0.01067844
v 0.05491092 0.03098521 -0.01067844
v 0.05791656 0.02634980 -0.00896781
v 0.05600169 0.03139889 -0.00896781
v 0.05966093 0.02701136 -0.00806965
v 0.05774607 0.03206044 -0.00806965
v 0.06159150 0.02774353 -0.00822462
v 0.05967664 0.03279261 -0.00822462
v 0.06319097 0.02835012 -0.00939120
v 0.06127611 0.03339921 -0.00939120
v 0.06403077 0.02866862 -0.01125681
v 0.06211590 0.03371771 -0.01125681
v 0.06127055 0.02762180 -0.01313707
v 0.06279509 0.02819999 -0.01503219
v 0.06061641 0.02737372 -0.01347388
v 0.06105072 0.02753843 -0.01593035
v 0.05989245 0.02709916 -0.01341577
v 0.05912015 0.02680627 -0.01577538
v 0.05929265 0.02687168 -0.01297830
v 0.05752068 0.02619967 -0.01460880
v 0.05897772 0.02675225 -0.01227870
v 0.05668088 0.02588117 -0.01274319
v 0.05903206 0.02677286 -0.01150442
v 0.05682579 0.02593613 -0.01067844
v 0.05944110 0.02692799 -0.01086293
v 0.05791656 0.02634980 -0.00896781
v 0.06009524 0.02717607 -0.01052612
v 0.05966093 0.02701136 -0.00806965
v 0.06081920 0.02745063 -0.01058423
v 0.06159150 0.02774353 -0.00822462
v 0.06141901 0.02767811 -0.01102170
v 0.06319097 0.02835012 -0.00939120
v 0.06173393 0.02779754 -0.01172130
v 0.06403077 0.02866862 -0.01125681
v 0.06167959 0.02777693 -0.01249558
v 0.06388587 0.02861366 -0.01332156
v 0.05903206 0.02677286 -0.01150442
v 0.06193982 0.01910572 -0.01150442
v 0.05897772 0.02675225 -0.01227870
v 0.06188548 0.01908512 -0.01227870
v 0.05929265 0.02687168 -0.01297830
v 0.06220041 0.01920455 -0.01297830
v 0.05989245 0.02709916 -0.01341577
v 0.06280021 0.01943203 -0.01341577
v 0.06061641 0.02737372 -0.01347388
v 0.06352417 0.01970659 -0.01347388
v 0.06127055 0.02762180 -0.01313707
v 0.06417831 0.01995467 -0.01313707
v 0.06167959 0.02777693 -0.01249558
v 0.06458735 0.02010980 -0.01249558
v 0.06173393 0.02779754 -0.01172130
v 0.06464169 0.02013041 -0.01172130
v 0.06141901 0.02767811 -0.01102170
v 0.06432677 0.02001097 -0.01102170
v 0.06081920 0.02745063 -0.01058423
v 0.06372697 0.01978350 -0.01058423
v 0.06009524 0.02717607 -0.01052612
v 0.06300300 0.01950894 -0.01052612
v 0.05944110 0.02692799 -0.01086293
v 0.06234886 0.01926085 -0.01086293
v 0.05001336 0.02859307 -0.01374018
v 0.05197975 0.02933882 -0.01810851
v 0.05572492 0.03075917 -0.02084007
v 0.05586083 0.03027597 -0.02096653
v 0.06024536 0.03247355 -0.02120295
v 0.06432982 0.03402258 -0.01909989
v 0.06688388 0.03499121 -0.01509443
v 0.06722317 0.03511988 -0.01025982
v 0.06525678 0.03437413 -0.00589149
v 0.06151161 0.03295378 -0.00315993
v 0.06173030 0.03250196 -0.00303347
v 0.05699116 0.03123940 -0.00279705
v 0.05290670 0.02969037 -0.00490011
v 0.05035265 0.02872174 -0.00890557
v 0.05021985 0.02906284 -0.01367217
v 0.05210939 0.02977945 -0.01786979
v 0.05570820 0.03114430 -0.02049460
v 0.06005198 0.03279168 -0.02084329
v 0.06397682 0.03428017 -0.01882243
v 0.06643106 0.03521094 -0.01497350
v 0.06675709 0.03533459 -0.01032783
v 0.06486755 0.03461798 -0.00613021
v 0.06126874 0.03325313 -0.00350540
v 0.05692496 0.03160575 -0.00315671
v 0.05300012 0.03011726 -0.00517757
v 0.05054588 0.02918649 -0.00902650
v 0.05686232 0.01154807 -0.01367218
v 0.05875186 0.01226468 -0.01786979
v 0.06235067 0.01362953 -0.02049460
v 0.06669446 0.01527690 -0.02084329
v 0.07061930 0.01676540 -0.01882243
v 0.07036190 0.01652450 -0.01844341
v 0.07307354 0.01769617 -0.01497350
v 0.07267979 0.01740356 -0.01480831
v 0.07339957 0.01781982 -0.01032783
v 0.07298771 0.01752033 -0.01042072
v 0.07151003 0.01710321 -0.00613021
v 0.07120314 0.01684354 -0.00645631
v 0.06791122 0.01573836 -0.00350540
v 0.06780426 0.01555451 -0.00397732
v 0.06356743 0.01409098 -0.00315671
v 0.06370180 0.01399866 -0.00364800
v 0.05964259 0.01260249 -0.00517757
v 0.05999501 0.01259285 -0.00555659
v 0.05718835 0.01167172 -0.00902650
v 0.05639625 0.01176277 -0.01374018
v 0.05836263 0.01250853 -0.01810851
v 0.06210781 0.01392888 -0.02084008
v 0.06662825 0.01564326 -0.02120295
v 0.07071271 0.01719229 -0.01909989
v 0.07326676 0.01816092 -0.01509443
v 0.07360605 0.01828959 -0.01025982
v 0.07163967 0.01754384 -0.00589149
v 0.06789449 0.01612348 -0.00315993
v 0.06337405 0.01440911 -0.00279705
v 0.05928959 0.01286007 -0.00490011
v 0.05673554 0.01189145 -0.00890557
v 0.06188912 0.01438069 -0.02096653
v 0.06775858 0.01660669 -0.00303347
v 0.06521617 -0.01748845 -0.01593035
v 0.06604617 -0.01758923 -0.02035200
v 0.06706818 -0.01771333 -0.01503219
v 0.06998168 -0.01806709 -0.01844340
v 0.06822626 -0.01785394 -0.01332156
v 0.07244259 -0.01836590 -0.01480831
v 0.06838010 -0.01787262 -0.01125681
v 0.07276951 -0.01840559 -0.01042072
v 0.06748849 -0.01776436 -0.00939120
v 0.07087483 -0.01817554 -0.00645631
v 0.06579032 -0.01755817 -0.00822462
v 0.06726623 -0.01773737 -0.00397732
v 0.06374063 -0.01730929 -0.00806965
v 0.06291064 -0.01720851 -0.00364800
v 0.06188863 -0.01708441 -0.00896781
v 0.05897513 -0.01673065 -0.00555660
v 0.06073055 -0.01694380 -0.01067844
v 0.05651422 -0.01643184 -0.00919169
v 0.06057671 -0.01692512 -0.01274319
v 0.05618730 -0.01639215 -0.01357928
v 0.06146832 -0.01703338 -0.01460880
v 0.05808198 -0.01662220 -0.01754369
v 0.06316648 -0.01723957 -0.01577538
v 0.06169057 -0.01706037 -0.02002268
v 0.06375852 0.00182809 -0.01460880
v 0.06037218 0.00223926 -0.01754369
v 0.06286690 0.00193635 -0.01274319
v 0.05847750 0.00246932 -0.01357928
v 0.06302075 0.00191767 -0.01067844
v 0.05880441 0.00242963 -0.00919169
v 0.06417882 0.00177705 -0.00896781
v 0.06126533 0.00213082 -0.00555660
v 0.06603083 0.00155218 -0.00806965
v 0.06520084 0.00165296 -0.00364800
v 0.06808052 0.00130330 -0.00822462
v 0.06955643 0.00112409 -0.00397732
v 0.06977868 0.00109711 -0.00939120
v 0.07316502 0.00068593 -0.00645631
v 0.07067030 0.00098885 -0.01125681
v 0.07505970 0.00045588 -0.01042072
v 0.07051645 0.00100753 -0.01332156
v 0.07473279 0.00049557 -0.01480831
v 0.06935838 0.00114814 -0.01503219
v 0.07227187 0.00079438 -0.01844340
v 0.06750637 0.00137302 -0.01593035
v 0.06833636 0.00127224 -0.02035200
v 0.06545668 0.00162189 -0.01577538
v 0.06398077 0.00180110 -0.02002268
v 0.07554921 -0.00061091 -0.01513869
v 0.07074966 -0.01715299 -0.01920145
v 0.07279878 -0.00027694 -0.01920145
v 0.06635115 -0.01661892 -0.02133459
v 0.06840027 0.00025713 -0.02133459
v 0.06148313 -0.01602783 -0.02096653
v 0.06353225 0.00084822 -0.02096653
v 0.05744999 -0.01553812 -0.01819589
v 0.05949912 0.00133793 -0.01819589
v 0.05533241 -0.01528100 -0.01376507
v 0.05738154 0.00159505 -0.01376507
v 0.05569779 -0.01532537 -0.00886131
v 0.05774691 0.00155068 -0.00886131
v 0.05844822 -0.01565933 -0.00479855
v 0.06049735 0.00121672 -0.00479855
v 0.06284673 -0.01619340 -0.00266541
v 0.06489586 0.00068265 -0.00266541
v 0.06771475 -0.01678449 -0.00303347
v 0.06976387 0.00009156 -0.00303347
v 0.07174788 -0.01727420 -0.00580411
v 0.07379701 -0.00039815 -0.00580411
v 0.07386547 -0.01753132 -0.01023493
v 0.07591459 -0.00065527 -0.01023493
v 0.07350009 -0.01748696 -0.01513869
v 0.06138145 -0.01158317 -0.01067844
v 0.06073055 -0.01694380 -0.01067844
v 0.06122761 -0.01156449 -0.01274319
v 0.06057671 -0.01692512 -0.01274319
v 0.06211922 -0.01167275 -0.01460880
v 0.06146832 -0.01703338 -0.01460880
v 0.06381738 -0.01187895 -0.01577538
v 0.06316648 -0.01723957 -0.01577538
v 0.06586707 -0.01212782 -0.01593035
v 0.06521617 -0.01748845 -0.01593035
v 0.06771908 -0.01235270 -0.01503219
v 0.06706818 -0.01771333 -0.01503219
v 0.06887715 -0.01249331 -0.01332156
v 0.06822626 -0.01785394 -0.01332156
v 0.06903100 -0.01251199 -0.01125681
v 0.06838010 -0.01787262 -0.01125681
v 0.06813938 -0.01240373 -0.00939120
v 0.06748849 -0.01776436 -0.00939120
v 0.06644122 -0.01219754 -0.00822462
v 0.06579032 -0.01755817 -0.00822462
v 0.06439153 -0.01194866 -0.00806965
v 0.06374063 -0.01730929 -0.00806965
v 0.06253953 -0.01172379 -0.00896781
v 0.06188863 -0.01708441 -0.00896781
v 0.06366617 -0.01186059 -0.01227870
v 0.06122761 -0.01156449 -0.01274319
v 0.06400052 -0.01190118 -0.01297830
v 0.06211922 -0.01167275 -0.01460880
v 0.06463733 -0.01197851 -0.01341577
v 0.06381738 -0.01187895 -0.01577538
v 0.06540597 -0.01207184 -0.01347388
v 0.06586707 -0.01212782 -0.01593035
v 0.06610047 -0.01215616 -0.01313707
v 0.06771908 -0.01235270 -0.01503219
v 0.06653475 -0.01220889 -0.01249558
v 0.06887715 -0.01249331 -0.01332156
v 0.06659244 -0.01221590 -0.01172130
v 0.06903100 -0.01251199 -0.01125681
v 0.06625808 -0.01217530 -0.01102170
v 0.06813938 -0.01240373 -0.00939120
v 0.06562127 -0.01209798 -0.01058423
v 0.06644122 -0.01219754 -0.00822462
v 0.06485264 -0.01200465 -0.01052612
v 0.06439153 -0.01194866 -0.00806965
v 0.06415814 -0.01192032 -0.01086293
v 0.06253953 -0.01172379 -0.00896781
v 0.06372386 -0.01186759 -0.01150442
v 0.06138145 -0.01158317 -0.01067844
v 0.06986555 -0.00435310 -0.01332156
v 0.07051645 0.00100753 -0.01332156
v 0.06870748 -0.00421249 -0.01503219
v 0.06935838 0.00114814 -0.01503219
v 0.06685547 -0.00398761 -0.01593035
v 0.06750637 0.00137302 -0.01593035
v 0.06480578 -0.00373873 -0.01577538
v 0.06545668 0.00162189 -0.01577538
v 0.06310762 -0.00353254 -0.01460880
v 0.06375852 0.00182809 -0.01460880
v 0.06221601 -0.00342428 -0.01274319
v 0.06286690 0.00193635 -0.01274319
v 0.06236985 -0.00344296 -0.01067844
v 0.06302075 0.00191767 -0.01067844
v 0.06352793 -0.00358357 -0.00896781
v 0.06417882 0.00177705 -0.00896781
v 0.06537993 -0.00380845 -0.00806965
v 0.06603083 0.00155218 -0.00806965
v 0.06742962 -0.00405733 -0.00822462
v 0.06808052 0.00130330 -0.00822462
v 0.06912778 -0.00426352 -0.00939120
v 0.06977868 0.00109711 -0.00939120
v 0.07001940 -0.00437178 -0.01125681
v 0.07067030 0.00098885 -0.01125681
v 0.06708887 -0.00401595 -0.01313707
v 0.06870748 -0.00421249 -0.01503219
v 0.06639437 -0.00393162 -0.01347388
v 0.06685547 -0.00398761 -0.01593035
v 0.06562573 -0.00383829 -0.01341577
v 0.06480578 -0.00373873 -0.01577538
v 0.06498892 -0.00376097 -0.01297830
v 0.06310762 -0.00353254 -0.01460880
v 0.06465457 -0.00372037 -0.01227870
v 0.06221601 -0.00342428 -0.01274319
v 0.06471226 -0.00372738 -0.01150442
v 0.06236985 -0.00344296 -0.01067844
v 0.06514654 -0.00378011 -0.01086293
v 0.06352793 -0.00358357 -0.00896781
v 0.06584104 -0.00386444 -0.01052612
v 0.06537993 -0.00380845 -0.00806965
v 0.06660967 -0.00395777 -0.01058423
v 0.06742962 -0.00405733 -0.00822462
v 0.06724648 -0.00403509 -0.01102170
v 0.06912778 -0.00426352 -0.00939120
v 0.06758084 -0.00407569 -0.01172130
v 0.07001940 -0.00437178 -0.01125681
v 0.06752315 -0.00406868 -0.01249558
v 0.06986555 -0.00435310 -0.01332156
v 0.06471226 -0.00372738 -0.01150442
v 0.06372386 -0.01186759 -0.01150442
v 0.06465457 -0.00372037 -0.01227870
v 0.06366617 -0.01186059 -0.01227870
v 0.06498892 -0.00376097 -0.01297830
v 0.06400052 -0.01190118 -0.01297830
v 0.06562573 -0.00383829 -0.01341577
v 0.06463733 -0.01197851 -0.01341577
v 0.06639437 -0.00393162 -0.01347388
v 0.06540597 -0.01207184 -0.01347388
v 0.06708887 -0.00401595 -0.01313707
v 0.06610047 -0.01215616 -0.01313707
v 0.06752315 -0.00406868 -0.01249558
v 0.06653475 -0.01220889 -0.01249558
v 0.06758084 -0.00407569 -0.01172130
v 0.06659244 -0.01221590 -0.01172130
v 0.06724648 -0.00403509 -0.01102170
v 0.06625808 -0.01217530 -0.01102170
v 0.06660967 -0.00395777 -0.01058423
v 0.06562127 -0.01209798 -0.01058423
v 0.06584104 -0.00386444 -0.01052612
v 0.06485264 -0.01200465 -0.01052612
v 0.06514654 -0.00378011 -0.01086293
v 0.06415814 -0.01192032 -0.01086293
v 0.05757249 0.00207554 -0.01374018
v 0.05966021 0.00182204 -0.01810852
v 0.06363646 0.00133924 -0.02084008
v 0.06353225 0.00084822 -0.02096653
v 0.06843583 0.00075649 -0.02120295
v 0.07277231 0.00022994 -0.01909989
v 0.07548395 -0.00009931 -0.01509443
v 0.07584418 -0.00014305 -0.01025982
v 0.07375646 0.00011045 -0.00589148
v 0.06978020 0.00059325 -0.00315992
v 0.06976387 0.00009156 -0.00303347
v 0.06498084 0.00117600 -0.00279705
v 0.06064435 0.00170254 -0.00490011
v 0.05793271 0.00203180 -0.00890557
v 0.05797364 0.00239554 -0.01367218
v 0.05997977 0.00215195 -0.01786979
v 0.06380063 0.00168802 -0.02049460
v 0.06841243 0.00112804 -0.02084329
v 0.07257945 0.00062207 -0.01882243
v 0.07518512 0.00030569 -0.01497350
v 0.07553127 0.00026366 -0.01032782
v 0.07352514 0.00050725 -0.00613021
v 0.06970427 0.00097118 -0.00350540
v 0.06509247 0.00153116 -0.00315671
v 0.06092545 0.00203713 -0.00517757
v 0.05831978 0.00235351 -0.00902650
v 0.05571574 -0.01619993 -0.01367218
v 0.05772187 -0.01644352 -0.01786979
v 0.06154273 -0.01690746 -0.02049460
v 0.06615454 -0.01746743 -0.02084329
v 0.07032155 -0.01797340 -0.01882243
v 0.06998168 -0.01806709 -0.01844340
v 0.07292722 -0.01828978 -0.01497350
v 0.07244259 -0.01836590 -0.01480831
v 0.07327337 -0.01833181 -0.01032782
v 0.07276951 -0.01840559 -0.01042072
v 0.07126724 -0.01808823 -0.00613021
v 0.07087483 -0.01817554 -0.00645631
v 0.06744637 -0.01762429 -0.00350540
v 0.06726623 -0.01773737 -0.00397732
v 0.06283457 -0.01706431 -0.00315671
v 0.06291064 -0.01720851 -0.00364800
v 0.05866756 -0.01655835 -0.00517757
v 0.05897513 -0.01673065 -0.00555660
v 0.05606188 -0.01624196 -0.00902650
v 0.05540283 -0.01579322 -0.01374018
v 0.05749054 -0.01604672 -0.01810852
v 0.06146680 -0.01652952 -0.02084008
v 0.06626617 -0.01711227 -0.02120295
v 0.07060265 -0.01763882 -0.01909989
v 0.07331429 -0.01796807 -0.01509443
v 0.07367452 -0.01801181 -0.01025982
v 0.07158680 -0.01775831 -0.00589149
v 0.06761054 -0.01727551 -0.00315992
v 0.06281118 -0.01669276 -0.00279706
v 0.05847469 -0.01616622 -0.00490011
v 0.05576305 -0.01583696 -0.00890557
v 0.06148313 -0.01602783 -0.02096653
v 0.06771475 -0.01678449 -0.00303347
v 0.06221587 -0.01343512 0.01147980
v 0.05940891 -0.01237058 0.01483207
v 0.06394323 -0.01409021 0.01241482
v 0.06307954 -0.01376266 0.01681900
v 0.06587629 -0.01482333 0.01230087
v 0.06718731 -0.01532053 0.01657686
v 0.06749710 -0.01543802 0.01116848
v 0.07063154 -0.01662676 0.01417052
v 0.06837137 -0.01576959 0.00932107
v 0.07248934 -0.01733133 0.01024478
v 0.06826482 -0.01572918 0.00725366
v 0.07226294 -0.01724546 0.00585153
v 0.06720602 -0.01532763 0.00552020
v 0.07001298 -0.01639217 0.00216793
v 0.06547866 -0.01467253 0.00458518
v 0.06634234 -0.01500008 0.00018100
v 0.06354560 -0.01393941 0.00469913
v 0.06223458 -0.01344221 0.00042314
v 0.06192478 -0.01332472 0.00583152
v 0.05879035 -0.01213599 0.00282948
v 0.06105052 -0.01299316 0.00767893
v 0.05693255 -0.01143141 0.00675522
v 0.06115707 -0.01303356 0.00974634
v 0.05715895 -0.01151728 0.01114847
v 0.05431303 -0.03075846 0.00767893
v 0.05019505 -0.02919672 0.00675522
v 0.05518729 -0.03109003 0.00583152
v 0.05205286 -0.02990130 0.00282948
v 0.05680810 -0.03170472 0.00469913
v 0.05549709 -0.03120752 0.00042314
v 0.05874117 -0.03243784 0.00458518
v 0.05960485 -0.03276539 0.00018100
v 0.06046853 -0.03309294 0.00552020
v 0.06327548 -0.03415748 0.00216793
v 0.06152733 -0.03349449 0.00725366
v 0.06552544 -0.03501077 0.00585153
v 0.06163387 -0.03353490 0.00932107
v 0.06575185 -0.03509664 0.01024478
v 0.06075961 -0.03320333 0.01116848
v 0.06389404 -0.03439206 0.01417052
v 0.05913880 -0.03258864 0.01230087
v 0.06044982 -0.03308584 0.01657686
v 0.05720573 -0.03185552 0.01241482
v 0.05634205 -0.03152797 0.01681900
v 0.05547838 -0.03120042 0.01147980
v 0.05267142 -0.03013588 0.01483207
v 0.05441957 -0.03079887 0.00974634
v 0.05042146 -0.02928259 0.01114847
v 0.06109576 -0.03226131 0.01752707
v 0.06253301 -0.01462489 0.01779770
v 0.05650473 -0.03052017 0.01779770
v 0.05843054 -0.01306903 0.01557702
v 0.05240226 -0.02896430 0.01557702
v 0.05591588 -0.01211534 0.01146006
v 0.04988760 -0.02801062 0.01146006
v 0.05566283 -0.01201938 0.00654995
v 0.04963455 -0.02791465 0.00654995
v 0.05773921 -0.01280684 0.00216235
v 0.05171093 -0.02870212 0.00216235
v 0.06158864 -0.01426674 -0.00052707
v 0.05556035 -0.03016201 -0.00052707
v 0.06617967 -0.01600789 -0.00079770
v 0.06015139 -0.03190316 -0.00079770
v 0.07028214 -0.01756375 0.00142298
v 0.06425386 -0.03345902 0.00142298
v 0.07279680 -0.01851743 0.00553994
v 0.06676852 -0.03441271 0.00553994
v 0.07304984 -0.01861340 0.01045005
v 0.06702156 -0.03450867 0.01045005
v 0.07097347 -0.01782593 0.01483765
v 0.06494519 -0.03372121 0.01483765
v 0.06712404 -0.01636604 0.01752707
v 0.06163073 -0.01898850 0.00469913
v 0.06354560 -0.01393941 0.00469913
v 0.06000992 -0.01837381 0.00583152
v 0.06192478 -0.01332472 0.00583152
v 0.05913566 -0.01804224 0.00767893
v 0.06105052 -0.01299316 0.00767893
v 0.05924220 -0.01808265 0.00974634
v 0.06115707 -0.01303356 0.00974634
v 0.06030100 -0.01848420 0.01147980
v 0.06221587 -0.01343512 0.01147980
v 0.06202836 -0.01913930 0.01241482
v 0.06394323 -0.01409021 0.01241482
v 0.06396143 -0.01987242 0.01230087
v 0.06587629 -0.01482333 0.01230087
v 0.06558224 -0.02048711 0.01116848
v 0.06749710 -0.01543802 0.01116848
v 0.06645650 -0.02081867 0.00932107
v 0.06837137 -0.01576959 0.00932107
v 0.06634996 -0.02077827 0.00725366
v 0.06826482 -0.01572918 0.00725366
v 0.06529115 -0.02037672 0.00552020
v 0.06720602 -0.01532763 0.00552020
v 0.06356380 -0.01972162 0.00458518
v 0.06547866 -0.01467253 0.00458518
v 0.06175127 -0.01903421 0.00749932
v 0.06000992 -0.01837381 0.00583152
v 0.06142342 -0.01890988 0.00819210
v 0.05913566 -0.01804224 0.00767893
v 0.06146337 -0.01892503 0.00896738
v 0.05924220 -0.01808265 0.00974634
v 0.06186043 -0.01907561 0.00961742
v 0.06030100 -0.01848420 0.01147980
v 0.06250818 -0.01932128 0.00996806
v 0.06202836 -0.01913930 0.01241482
v 0.06323308 -0.01959619 0.00992533
v 0.06396143 -0.01987242 0.01230087
v 0.06384089 -0.01982670 0.00950068
v 0.06558224 -0.02048711 0.01116848
v 0.06416874 -0.01995104 0.00880790
v 0.06645650 -0.02081867 0.00932107
v 0.06412878 -0.01993589 0.00803262
v 0.06634996 -0.02077827 0.00725366
v 0.06373173 -0.01978531 0.00738258
v 0.06529115 -0.02037672 0.00552020
v 0.06308397 -0.01953964 0.00703194
v 0.06356380 -0.01972162 0.00458518
v 0.06235907 -0.01926472 0.00707467
v 0.06163073 -0.01898850 0.00469913
v 0.06105367 -0.02753955 0.01230087
v 0.05913880 -0.03258864 0.01230087
v 0.05912060 -0.02680644 0.01241482
v 0.05720573 -0.03185552 0.01241482
v 0.05739324 -0.02615134 0.01147980
v 0.05547838 -0.03120042 0.01147980
v 0.05633444 -0.02574978 0.00974634
v 0.05441957 -0.03079887 0.00974634
v 0.05622790 -0.02570938 0.00767893
v 0.05431303 -0.03075846 0.00767893
v 0.05710216 -0.02604094 0.00583152
v 0.05518729 -0.03109003 0.00583152
v 0.05872297 -0.02665563 0.00469913
v 0.05680810 -0.03170472 0.00469913
v 0.06065604 -0.02738875 0.00458518
v 0.05874117 -0.03243784 0.00458518
v 0.06238339 -0.02804385 0.00552020
v 0.06046853 -0.03309294 0.00552020
v 0.06344220 -0.02844540 0.00725366
v 0.06152733 -0.03349449 0.00725366
v 0.06354874 -0.02848581 0.00932107
v 0.06163387 -0.03353490 0.00932107
v 0.06267448 -0.02815424 0.01116848
v 0.06075961 -0.03320333 0.01116848
v 0.05960042 -0.02698841 0.00996806
v 0.05912060 -0.02680644 0.01241482
v 0.05895267 -0.02674275 0.00961742
v 0.05739324 -0.02615134 0.01147980
v 0.05855561 -0.02659216 0.00896738
v 0.05633444 -0.02574978 0.00974634
v 0.05851566 -0.02657701 0.00819210
v 0.05622790 -0.02570938 0.00767893
v 0.05884351 -0.02670135 0.00749932
v 0.05710216 -0.02604094 0.00583152
v 0.05945131 -0.02693186 0.00707467
v 0.05872297 -0.02665563 0.00469913
v 0.06017621 -0.02720678 0.00703194
v 0.06065604 -0.02738875 0.00458518
v 0.06082397 -0.02745244 0.00738258
v 0.06238339 -0.02804385 0.00552020
v 0.06122102 -0.02760302 0.00803262
v 0.06344220 -0.02844540 0.00725366
v 0.06126098 -0.02761817 0.00880790
v 0.06354874 -0.02848581 0.00932107
v 0.06093313 -0.02749384 0.00950068
v 0.06267448 -0.02815424 0.01116848
v 0.06032532 -0.02726333 0.00992533
v 0.06105367 -0.02753955 0.01230087
v 0.05945131 -0.02693186 0.00707467
v 0.06235907 -0.01926472 0.00707467
v 0.05884351 -0.02670135 0.00749932
v 0.06175127 -0.01903421 0.00749932
v 0.05851566 -0.02657701 0.00819210
v 0.06142342 -0.01890988 0.00819210
v 0.05855561 -0.02659216 0.00896738
v 0.06146337 -0.01892503 0.00896738
v 0.05895267 -0.02674275 0.00961742
v 0.06186043 -0.01907561 0.00961742
v 0.05960042 -0.02698841 0.00996806
v 0.06250818 -0.01932128 0.00996806
v 0.06032532 -0.02726333 0.00992533
v 0.06323308 -0.01959619 0.00992533
v 0.06093313 -0.02749384 0.00950068
v 0.06384089 -0.01982670 0.00950068
v 0.06126098 -0.02761817 0.00880790
v 0.06416874 -0.01995104 0.00880790
v 0.06122102 -0.02760302 0.00803262
v 0.06412878 -0.01993589 0.00803262
v 0.06082397 -0.02745244 0.00738258
v 0.06373173 -0.01978531 0.00738258
v 0.06017621 -0.02720678 0.00703194
v 0.06308397 -0.01953964 0.00703194
v 0.05162694 -0.02920502 0.00225173
v 0.04957985 -0.02842866 0.00657745
v 0.04982933 -0.02852327 0.01141831
v 0.04988760 -0.02801062 0.01146006
v 0.05230852 -0.02946351 0.01547722
v 0.05635314 -0.03099743 0.01766658
v 0.06087943 -0.03271402 0.01739977
v 0.06467457 -0.03415333 0.01474827
v 0.06672166 -0.03492969 0.01042255
v 0.06647218 -0.03483507 0.00558169
v 0.06676852 -0.03441271 0.00553994
v 0.06399299 -0.03389484 0.00152278
v 0.05994837 -0.03236092 -0.00066658
v 0.05542208 -0.03064432 -0.00039977
v 0.05175210 -0.02964395 0.00249591
v 0.04978501 -0.02889793 0.00665258
v 0.05002473 -0.02898884 0.01130427
v 0.05240704 -0.02989233 0.01520455
v 0.05629360 -0.03136631 0.01730835
v 0.06064299 -0.03301582 0.01705196
v 0.06428982 -0.03439888 0.01450409
v 0.06625691 -0.03514490 0.01034742
v 0.06601719 -0.03505398 0.00569573
v 0.06363488 -0.03415049 0.00179545
v 0.05974832 -0.03267651 -0.00030835
v 0.05539893 -0.03102701 -0.00005196
v 0.05839458 -0.01212917 0.00249591
v 0.05642748 -0.01138316 0.00665258
v 0.05666721 -0.01147407 0.01130427
v 0.05904952 -0.01237756 0.01520455
v 0.06293607 -0.01385154 0.01730835
v 0.06307954 -0.01376266 0.01681900
v 0.06728547 -0.01550105 0.01705196
v 0.06718731 -0.01532053 0.01657686
v 0.07093230 -0.01688411 0.01450409
v 0.07063154 -0.01662676 0.01417052
v 0.07289939 -0.01763012 0.01034742
v 0.07248934 -0.01733133 0.01024478
v 0.07265966 -0.01753921 0.00569573
v 0.07226294 -0.01724546 0.00585153
v 0.07027735 -0.01663572 0.00179545
v 0.07001298 -0.01639217 0.00216793
v 0.06639080 -0.01516174 -0.00030835
v 0.06634234 -0.01500008 0.00018100
v 0.06204140 -0.01351223 -0.00005196
v 0.05800983 -0.01237472 0.00225173
v 0.05596274 -0.01159836 0.00657745
v 0.05621221 -0.01169298 0.01141831
v 0.05869141 -0.01263321 0.01547722
v 0.06273603 -0.01416713 0.01766658
v 0.06726231 -0.01588373 0.01739977
v 0.07105745 -0.01732303 0.01474827
v 0.07310455 -0.01809939 0.01042255
v 0.07285507 -0.01800478 0.00558169
v 0.07037587 -0.01706455 0.00152278
v 0.06633126 -0.01553062 -0.00066658
v 0.06180497 -0.01381403 -0.00039977
v 0.05591588 -0.01211534 0.01146006
v 0.07279680 -0.01851743 0.00553994
v 0.02428576 -0.05883467 0.01147980
v 0.02356732 -0.05591986 0.01483207
v 0.02472787 -0.06062840 0.01241482
v 0.02450681 -0.05973153 0.01681900
v 0.02522264 -0.06263574 0.01230087
v 0.02555819 -0.06399713 0.01657686
v 0.02563748 -0.06431882 0.01116848
v 0.02643973 -0.06757369 0.01417052
v 0.02586125 -0.06522668 0.00932107
v 0.02691523 -0.06950288 0.01024478
v 0.02583398 -0.06511604 0.00725366
v 0.02685729 -0.06926777 0.00585153
v 0.02556298 -0.06401655 0.00552020
v 0.02628141 -0.06693136 0.00216793
v 0.02512086 -0.06222283 0.00458518
v 0.02534192 -0.06311969 0.00018100
v 0.02462610 -0.06021549 0.00469913
v 0.02429055 -0.05885410 0.00042314
v 0.02421126 -0.05853240 0.00583152
v 0.02340900 -0.05527754 0.00282948
v 0.02398749 -0.05762455 0.00767893
v 0.02293350 -0.05334835 0.00675522
v 0.02401476 -0.05773519 0.00974634
v 0.02299145 -0.05358346 0.01114847
v 0.00553960 -0.06217154 0.00767893
v 0.00448561 -0.05789535 0.00675522
v 0.00576336 -0.06307940 0.00583152
v 0.00496111 -0.05982454 0.00282948
v 0.00617821 -0.06476249 0.00469913
v 0.00584265 -0.06340110 0.00042314
v 0.00667297 -0.06676982 0.00458518
v 0.00689403 -0.06766669 0.00018100
v 0.00711508 -0.06856355 0.00552020
v 0.00783352 -0.07147836 0.00216793
v 0.00738608 -0.06966304 0.00725366
v 0.00840939 -0.07381477 0.00585153
v 0.00741335 -0.06977368 0.00932107
v 0.00846734 -0.07404987 0.01024478
v 0.00718959 -0.06886582 0.01116848
v 0.00799184 -0.07212068 0.01417052
v 0.00677474 -0.06718273 0.01230087
v 0.00711030 -0.06854412 0.01657686
v 0.00627998 -0.06517540 0.01241482
v 0.00605892 -0.06427853 0.01681900
v 0.00583786 -0.06338167 0.01147980
v 0.00511943 -0.06046686 0.01483207
v 0.00556687 -0.06228218 0.00974634
v 0.00454356 -0.05813045 0.01114847
v 0.00815580 -0.06860734 0.01752707
v 0.02348675 -0.05977154 0.01779770
v 0.00698074 -0.06383991 0.01779770
v 0.02243673 -0.05551144 0.01557702
v 0.00593072 -0.05957981 0.01557702
v 0.02179311 -0.05290016 0.01146006
v 0.00528710 -0.05696853 0.01146006
v 0.02172834 -0.05263740 0.00654995
v 0.00522233 -0.05670576 0.00654995
v 0.02225978 -0.05479355 0.00216236
v 0.00575377 -0.05886192 0.00216235
v 0.02324504 -0.05879088 -0.00052707
v 0.00673903 -0.06285925 -0.00052707
v 0.02442010 -0.06355831 -0.00079770
v 0.00791409 -0.06762668 -0.00079770
v 0.02547012 -0.06781841 0.00142298
v 0.00896411 -0.07188678 0.00142298
v 0.02611375 -0.07042969 0.00553994
v 0.00960774 -0.07449806 0.00553994
v 0.02617851 -0.07069246 0.01045005
v 0.00967250 -0.07476082 0.01045005
v 0.02564707 -0.06853630 0.01483765
v 0.00914106 -0.07260467 0.01483765
v 0.02466181 -0.06453897 0.01752707
v 0.01938301 -0.06150779 0.00469913
v 0.02462610 -0.06021549 0.00469913
v 0.01896817 -0.05982470 0.00583152
v 0.02421126 -0.05853240 0.00583152
v 0.01874440 -0.05891685 0.00767893
v 0.02398749 -0.05762455 0.00767893
v 0.01877167 -0.05902749 0.00974634
v 0.02401476 -0.05773519 0.00974634
v 0.01904267 -0.06012698 0.01147980
v 0.02428576 -0.05883467 0.01147980
v 0.01948479 -0.06192070 0.01241482
v 0.02472787 -0.06062840 0.01241482
v 0.01997955 -0.06392804 0.01230087
v 0.02522264 -0.06263574 0.01230087
v 0.02039440 -0.06561113 0.01116848
v 0.02563748 -0.06431882 0.01116848
v 0.02061816 -0.06651898 0.00932107
v 0.02586125 -0.06522668 0.00932107
v 0.02059089 -0.06640834 0.00725366
v 0.02583398 -0.06511604 0.00725366
v 0.02031989 -0.06530886 0.00552020
v 0.02556298 -0.06401655 0.00552020
v 0.01987778 -0.06351513 0.00458518
v 0.02512086 -0.06222283 0.00458518
v 0.01941387 -0.06163296 0.00749932
v 0.01896817 -0.05982470 0.00583152
v 0.01932995 -0.06129252 0.00819210
v 0.01874440 -0.05891685 0.00767893
v 0.01934018 -0.06133401 0.00896738
v 0.01877167 -0.05902749 0.00974634
v 0.01944180 -0.06174631 0.00961742
v 0.01904267 -0.06012698 0.01147980
v 0.01960760 -0.06241896 0.00996806
v 0.01948479 -0.06192070 0.01241482
v 0.01979313 -0.06317171 0.00992533
v 0.01997955 -0.06392804 0.01230087
v 0.01994870 -0.06380287 0.00950068
v 0.02039440 -0.06561113 0.01116848
v 0.02003261 -0.06414332 0.00880790
v 0.02061816 -0.06651898 0.00932107
v 0.02002239 -0.06410183 0.00803262
v 0.02059089 -0.06640834 0.00725366
v 0.01992076 -0.06368952 0.00738258
v 0.02031989 -0.06530886 0.00552020
v 0.01975497 -0.06301687 0.00703194
v 0.01987778 -0.06351513 0.00458518
v 0.01956943 -0.06226412 0.00707467
v 0.01938301 -0.06150779 0.00469913
v 0.01201783 -0.06589043 0.01230087
v 0.00677474 -0.06718273 0.01230087
v 0.01152306 -0.06388309 0.01241482
v 0.00627998 -0.06517540 0.01241482
v 0.01108095 -0.06208936 0.01147980
v 0.00583786 -0.06338167 0.01147980
v 0.01080995 -0.06098988 0.00974634
v 0.00556687 -0.06228218 0.00974634
v 0.01078268 -0.06087924 0.00767893
v 0.00553960 -0.06217154 0.00767893
v 0.01100645 -0.06178709 0.00583152
v 0.00576336 -0.06307940 0.00583152
v 0.01142129 -0.06347018 0.00469913
v 0.00617821 -0.06476249 0.00469913
v 0.01191606 -0.06547752 0.00458518
v 0.00667297 -0.06676982 0.00458518
v 0.01235817 -0.06727125 0.00552020
v 0.00711508 -0.06856355 0.00552020
v 0.01262917 -0.06837073 0.00725366
v 0.00738608 -0.06966304 0.00725366
v 0.01265644 -0.06848137 0.00932107
v 0.00741335 -0.06977368 0.00932107
v 0.01243267 -0.06757352 0.01116848
v 0.00718959 -0.06886582 0.01116848
v 0.01164587 -0.06438135 0.00996806
v 0.01152306 -0.06388309 0.01241482
v 0.01148008 -0.06370870 0.00961742
v 0.01108095 -0.06208936 0.01147980
v 0.01137846 -0.06329640 0.00896738
v 0.01080995 -0.06098988 0.00974634
v 0.01136823 -0.06325491 0.00819210
v 0.01078268 -0.06087924 0.00767893
v 0.01145214 -0.06359535 0.00749932
v 0.01100645 -0.06178709 0.00583152
v 0.01160771 -0.06422651 0.00707467
v 0.01142129 -0.06347018 0.00469913
v 0.01179325 -0.06497926 0.00703194
v 0.01191606 -0.06547752 0.00458518
v 0.01195904 -0.06565191 0.00738258
v 0.01235817 -0.06727125 0.00552020
v 0.01206066 -0.06606422 0.00803262
v 0.01262917 -0.06837073 0.00725366
v 0.01207089 -0.06610570 0.00880790
v 0.01265644 -0.06848137 0.00932107
v 0.01198698 -0.06576526 0.00950068
v 0.01243267 -0.06757352 0.01116848
v 0.01183141 -0.06513410 0.00992533
v 0.01201783 -0.06589043 0.01230087
v 0.01160771 -0.06422651 0.00707467
v 0.01956943 -0.06226412 0.00707467
v 0.01145214 -0.06359535 0.00749932
v 0.01941387 -0.06163296 0.00749932
v 0.01136823 -0.06325491 0.00819210
v 0.01932995 -0.06129252 0.00819210
v 0.01137846 -0.06329640 0.00896738
v 0.01934018 -0.06133401 0.00896738
v 0.01148008 -0.06370870 0.00961742
v 0.01944180 -0.06174631 0.00961742
v 0.01164587 -0.06438135 0.00996806
v 0.01960760 -0.06241896 0.00996806
v 0.01183141 -0.06513410 0.00992533
v 0.01979313 -0.06317171 0.00992533
v 0.01198698 -0.06576526 0.00950068
v 0.01994870 -0.06380287 0.00950068
v 0.01207089 -0.06610570 0.00880790
v 0.02003261 -0.06414332 0.00880790
v 0.01206066 -0.06606422 0.00803262
v 0.02002239 -0.06410183 0.00803262
v 0.01195904 -0.06565191 0.00738258
v 0.01992076 -0.06368952 0.00738258
v 0.01179325 -0.06497926 0.00703194
v 0.01975497 -0.06301687 0.00703194
v 0.00529219 -0.05907848 0.00225173
v 0.00476824 -0.05695273 0.00657745
v 0.00483209 -0.05721180 0.01141831
v 0.00528710 -0.05696853 0.01146006
v 0.00546664 -0.05978625 0.01547722
v 0.00650185 -0.06398627 0.01766658
v 0.00766034 -0.06868647 0.01739977
v 0.00863170 -0.07262743 0.01474827
v 0.00915565 -0.07475317 0.01042255
v 0.00909180 -0.07449411 0.00558169
v 0.00960774 -0.07449806 0.00553994
v 0.00845725 -0.07191966 0.00152278
v 0.00742204 -0.06771964 -0.00066658
v 0.00626355 -0.06301944 -0.00039977
v 0.00500205 -0.05943082 0.00249591
v 0.00449858 -0.05738815 0.00665258
v 0.00455994 -0.05763709 0.01130427
v 0.00516968 -0.06011093 0.01520455
v 0.00616444 -0.06414681 0.01730835
v 0.00727766 -0.06866333 0.01705196
v 0.00821106 -0.07245027 0.01450409
v 0.00871453 -0.07449294 0.01034742
v 0.00865317 -0.07424401 0.00569573
v 0.00804343 -0.07177017 0.00179545
v 0.00704867 -0.06773428 -0.00030835
v 0.00593545 -0.06321777 -0.00005196
v 0.02318978 -0.05494795 0.00249591
v 0.02268631 -0.05290528 0.00665258
v 0.02274767 -0.05315421 0.01130427
v 0.02335741 -0.05562806 0.01520455
v 0.02435217 -0.05966394 0.01730835
v 0.02450681 -0.05973153 0.01681900
v 0.02546539 -0.06418045 0.01705196
v 0.02555819 -0.06399713 0.01657686
v 0.02639879 -0.06796740 0.01450409
v 0.02643973 -0.06757369 0.01417052
v 0.02690226 -0.07001007 0.01034742
v 0.02691523 -0.06950288 0.01024478
v 0.02684091 -0.06976113 0.00569573
v 0.02685729 -0.06926777 0.00585153
v 0.02623116 -0.06728729 0.00179545
v 0.02628141 -0.06693136 0.00216793
v 0.02523640 -0.06325141 -0.00030835
v 0.02534192 -0.06311969 0.00018100
v 0.02412318 -0.05873489 -0.00005196
v 0.02276914 -0.05477080 0.00225173
v 0.02224519 -0.05264505 0.00657745
v 0.02230904 -0.05290411 0.01141831
v 0.02294359 -0.05547856 0.01547722
v 0.02397880 -0.05967859 0.01766658
v 0.02513730 -0.06437878 0.01739977
v 0.02610866 -0.06831974 0.01474827
v 0.02663260 -0.07044549 0.01042255
v 0.02656875 -0.07018643 0.00558169
v 0.02593421 -0.06761197 0.00152278
v 0.02489899 -0.06341195 -0.00066658
v 0.02374050 -0.05871176 -0.00039977
v 0.02179311 -0.05290016 0.01146006
v 0.02611375 -0.07042969 0.00553994
v 0.02083645 0.06014282 0.01147980
v 0.01944133 0.05748464 0.01483207
v 0.02169499 0.06177862 0.01241482
v 0.02126572 0.06096072 0.01681900
v 0.02265576 0.06360922 0.01230087
v 0.02330737 0.06485075 0.01657686
v 0.02346134 0.06514412 0.01116848
v 0.02501922 0.06811242 0.01417053
v 0.02389587 0.06597205 0.00932107
v 0.02594259 0.06987175 0.01024478
v 0.02384291 0.06587115 0.00725366
v 0.02583006 0.06965734 0.00585153
v 0.02331666 0.06486847 0.00552020
v 0.02471178 0.06752664 0.00216793
v 0.02245813 0.06323267 0.00458518
v 0.02288740 0.06405057 0.00018100
v 0.02149735 0.06140206 0.00469913
v 0.02084575 0.06016054 0.00042314
v 0.02069178 0.05986716 0.00583152
v 0.01913390 0.05689887 0.00282948
v 0.02025725 0.05903924 0.00767893
v 0.01821053 0.05513954 0.00675522
v 0.02031020 0.05914014 0.00974634
v 0.01832306 0.05535394 0.01114847
v 0.03708091 0.05020950 0.00767893
v 0.03503419 0.04630980 0.00675522
v 0.03751544 0.05103742 0.00583152
v 0.03595756 0.04806913 0.00282948
v 0.03832102 0.05257233 0.00469913
v 0.03766942 0.05133080 0.00042314
v 0.03928179 0.05440293 0.00458518
v 0.03971106 0.05522083 0.00018100
v 0.04014033 0.05603873 0.00552020
v 0.04153545 0.05869691 0.00216793
v 0.04066658 0.05704141 0.00725366
v 0.04265372 0.06082761 0.00585153
v 0.04071953 0.05714231 0.00932107
v 0.04276625 0.06104201 0.01024478
v 0.04028500 0.05631439 0.01116848
v 0.04184288 0.05928268 0.01417052
v 0.03947943 0.05477948 0.01230087
v 0.04013103 0.05602101 0.01657686
v 0.03851865 0.05294888 0.01241482
v 0.03808938 0.05213098 0.01681900
v 0.03766012 0.05131308 0.01147980
v 0.03626500 0.04865490 0.01483207
v 0.03713387 0.05031040 0.00974634
v 0.03514672 0.04652420 0.01114847
v 0.03939037 0.05676163 0.01752707
v 0.02205578 0.06031424 0.01779770
v 0.03710853 0.05241394 0.01779770
v 0.02001676 0.05642921 0.01557702
v 0.03506952 0.04852892 0.01557702
v 0.01876693 0.05404784 0.01146006
v 0.03381968 0.04614755 0.01146006
v 0.01864116 0.05380821 0.00654995
v 0.03369391 0.04590792 0.00654995
v 0.01967316 0.05577453 0.00216236
v 0.03472591 0.04787424 0.00216235
v 0.02158641 0.05941992 -0.00052707
v 0.03663916 0.05151963 -0.00052707
v 0.02386825 0.06376760 -0.00079770
v 0.03892100 0.05586731 -0.00079770
v 0.02590726 0.06765263 0.00142298
v 0.04096002 0.05975233 0.00142298
v 0.02715710 0.07003400 0.00553994
v 0.04220986 0.06213370 0.00553994
v 0.02728287 0.07027363 0.01045005
v 0.04233562 0.06237334 0.01045005
v 0.02625087 0.06830731 0.01483765
v 0.04130362 0.06040702 0.01483765
v 0.02433762 0.06466192 0.01752707
v 0.02627882 0.05889256 0.00469913
v 0.02149735 0.06140206 0.00469913
v 0.02547324 0.05735766 0.00583152
v 0.02069178 0.05986716 0.00583152
v 0.02503871 0.05652974 0.00767893
v 0.02025725 0.05903924 0.00767893
v 0.02509167 0.05663063 0.00974634
v 0.02031020 0.05914014 0.00974634
v 0.02561792 0.05763332 0.01147980
v 0.02083645 0.06014282 0.01147980
v 0.02647645 0.05926911 0.01241482
v 0.02169499 0.06177862 0.01241482
v 0.02743722 0.06109972 0.01230087
v 0.02265576 0.06360922 0.01230087
v 0.02824280 0.06263462 0.01116848
v 0.02346134 0.06514412 0.01116848
v 0.02867733 0.06346254 0.00932107
v 0.02389587 0.06597205 0.00932107
v 0.02862437 0.06336165 0.00725366
v 0.02384291 0.06587115 0.00725366
v 0.02809813 0.06235896 0.00552020
v 0.02331666 0.06486847 0.00552020
v 0.02723959 0.06072316 0.00458518
v 0.02245813 0.06323267 0.00458518
v 0.02633873 0.05900671 0.00749932
v 0.02547324 0.05735766 0.00583152
v 0.02617578 0.05869624 0.00819210
v 0.02503871 0.05652974 0.00767893
v 0.02619564 0.05873407 0.00896738
v 0.02509167 0.05663063 0.00974634
v 0.02639298 0.05911008 0.00961742
v 0.02561792 0.05763332 0.01147980
v 0.02671493 0.05972350 0.00996806
v 0.02647645 0.05926911 0.01241482
v 0.02707522 0.06040998 0.00992533
v 0.02743722 0.06109972 0.01230087
v 0.02737731 0.06098557 0.00950068
v 0.02824280 0.06263462 0.01116848
v 0.02754026 0.06129604 0.00880790
v 0.02867733 0.06346254 0.00932107
v 0.02752040 0.06125820 0.00803262
v 0.02862437 0.06336165 0.00725366
v 0.02732306 0.06088220 0.00738258
v 0.02809813 0.06235896 0.00552020
v 0.02700111 0.06026877 0.00703194
v 0.02723959 0.06072316 0.00458518
v 0.02664082 0.05958230 0.00707467
v 0.02627882 0.05889256 0.00469913
v 0.03469796 0.05728899 0.01230087
v 0.03947943 0.05477948 0.01230087
v 0.03373719 0.05545838 0.01241482
v 0.03851865 0.05294888 0.01241482
v 0.03287865 0.05382259 0.01147980
v 0.03766012 0.05131308 0.01147980
v 0.03235241 0.05281990 0.00974634
v 0.03713387 0.05031040 0.00974634
v 0.03229945 0.05271901 0.00767893
v 0.03708091 0.05020950 0.00767893
v 0.03273398 0.05354693 0.00583152
v 0.03751544 0.05103742 0.00583152
v 0.03353956 0.05508183 0.00469913
v 0.03832102 0.05257233 0.00469913
v 0.03450033 0.05691243 0.00458518
v 0.03928179 0.05440293 0.00458518
v 0.03535887 0.05854823 0.00552020
v 0.04014033 0.05603873 0.00552020
v 0.03588511 0.05955092 0.00725366
v 0.04066658 0.05704141 0.00725366
v 0.03593807 0.05965181 0.00932107
v 0.04071953 0.05714231 0.00932107
v 0.03550354 0.05882389 0.01116848
v 0.04028500 0.05631439 0.01116848
v 0.03397567 0.05591278 0.00996806
v 0.03373719 0.05545838 0.01241482
v 0.03365372 0.05529935 0.00961742
v 0.03287865 0.05382259 0.01147980
v 0.03345638 0.05492334 0.00896738
v 0.03235241 0.05281990 0.00974634
v 0.03343652 0.05488551 0.00819210
v 0.03229945 0.05271901 0.00767893
v 0.03359947 0.05519598 0.00749932
v 0.03273398 0.05354693 0.00583152
v 0.03390156 0.05577157 0.00707467
v 0.03353956 0.05508183 0.00469913
v 0.03426185 0.05645804 0.00703194
v 0.03450033 0.05691243 0.00458518
v 0.03458380 0.05707147 0.00738258
v 0.03535887 0.05854823 0.00552020
v 0.03478114 0.05744747 0.00803262
v 0.03588511 0.05955092 0.00725366
v 0.03480100 0.05748531 0.00880790
v 0.03593807 0.05965181 0.00932107
v 0.03463805 0.05717484 0.00950068
v 0.03550354 0.05882389 0.01116848
v 0.03433596 0.05659925 0.00992533
v 0.03469796 0.05728899 0.01230087
v 0.03390156 0.05577157 0.00707467
v 0.02664082 0.05958230 0.00707467
v 0.03359947 0.05519598 0.00749932
v 0.02633873 0.05900671 0.00749932
v 0.03343652 0.05488551 0.00819210
v 0.02617578 0.05869624 0.00819210
v 0.03345638 0.05492334 0.00896738
v 0.02619564 0.05873407 0.00896738
v 0.03365372 0.05529935 0.00961742
v 0.02639298 0.05911008 0.00961742
v 0.03397567 0.05591278 0.00996806
v 0.02671493 0.05972350 0.00996806
v 0.03433596 0.05659925 0.00992533
v 0.02707522 0.06040998 0.00992533
v 0.03463805 0.05717484 0.00950068
v 0.02737731 0.06098557 0.00950068
v 0.03480100 0.05748531 0.00880790
v 0.02754026 0.06129604 0.00880790
v 0.03478114 0.05744747 0.00803262
v 0.02752040 0.06125820 0.00803262
v 0.03458380 0.05707147 0.00738258
v 0.02732306 0.06088220 0.00738258
v 0.03426185 0.05645804 0.00703194
v 0.02700111 0.06026877 0.00703194
v 0.03521502 0.04773025 0.00225173
v 0.03419757 0.04579166 0.00657745
v 0.03432157 0.04602791 0.01141831
v 0.03381968 0.04614755 0.01146006
v 0.03555378 0.04837570 0.01547722
v 0.03756404 0.05220593 0.01766658
v 0.03981370 0.05649231 0.01739977
v 0.04169997 0.06008629 0.01474827
v 0.04271742 0.06202487 0.01042255
v 0.04259342 0.06178862 0.00558169
v 0.04220986 0.06213370 0.00553994
v 0.04136121 0.05944083 0.00152278
v 0.03935095 0.05561060 -0.00066658
v 0.03710129 0.05132423 -0.00039977
v 0.03566584 0.04780158 0.00249591
v 0.03468815 0.04593876 0.00665258
v 0.03480730 0.04616578 0.01130427
v 0.03599136 0.04842181 0.01520455
v 0.03792306 0.05210236 0.01730835
v 0.04008480 0.05622122 0.01705196
v 0.04189735 0.05967475 0.01450409
v 0.04287504 0.06153757 0.01034742
v 0.04275589 0.06131055 0.00569573
v 0.04157183 0.05905452 0.00179545
v 0.03964013 0.05537397 -0.00030835
v 0.03747839 0.05125511 -0.00005196
v 0.01907943 0.05650680 0.00249592
v 0.01810174 0.05464397 0.00665258
v 0.01822089 0.05487099 0.01130427
v 0.01940495 0.05712703 0.01520455
v 0.02133665 0.06080758 0.01730835
v 0.02126572 0.06096072 0.01681900
v 0.02349839 0.06492644 0.01705196
v 0.02330737 0.06485075 0.01657686
v 0.02531094 0.06837996 0.01450409
v 0.02501922 0.06811242 0.01417053
v 0.02628863 0.07024279 0.01034742
v 0.02594259 0.06987175 0.01024478
v 0.02616948 0.07001577 0.00569573
v 0.02583006 0.06965734 0.00585153
v 0.02498542 0.06775974 0.00179545
v 0.02471178 0.06752664 0.00216793
v 0.02305372 0.06407919 -0.00030835
v 0.02288740 0.06405057 0.00018100
v 0.02089198 0.05996033 -0.00005196
v 0.01927681 0.05609526 0.00225173
v 0.01825936 0.05415668 0.00657745
v 0.01838336 0.05439293 0.01141831
v 0.01961557 0.05674071 0.01547722
v 0.02162583 0.06057095 0.01766658
v 0.02387549 0.06485732 0.01739977
v 0.02576176 0.06845130 0.01474827
v 0.02677921 0.07038989 0.01042255
v 0.02665521 0.07015364 0.00558169
v 0.02542300 0.06780585 0.00152278
v 0.02341274 0.06397562 -0.00066658
v 0.02116308 0.05968924 -0.00039977
v 0.01876693 0.05404784 0.01146006
v 0.02715710 0.07003400 0.00553994
v 0.04884581 -0.04080936 0.01147980
v 0.04685509 -0.03856230 0.01483207
v 0.05007087 -0.04219217 0.01241482
v 0.04945833 -0.04150076 0.01681900
v 0.05144182 -0.04373965 0.01230087
v 0.05237160 -0.04478916 0.01657686
v 0.05259131 -0.04503716 0.01116848
v 0.05481428 -0.04754638 0.01417052
v 0.05321135 -0.04573704 0.00932107
v 0.05613186 -0.04903361 0.01024478
v 0.05313578 -0.04565174 0.00725366
v 0.05597128 -0.04885236 0.00585153
v 0.05238487 -0.04480414 0.00552020
v 0.05437559 -0.04705120 0.00216793
v 0.05115981 -0.04342133 0.00458518
v 0.05177234 -0.04411274 0.00018100
v 0.04978886 -0.04187385 0.00469913
v 0.04885908 -0.04082434 0.00042314
v 0.04863937 -0.04057634 0.00583152
v 0.04641640 -0.03806713 0.00282948
v 0.04801933 -0.03987646 0.00767893
v 0.04509882 -0.03657989 0.00675522
v 0.04809489 -0.03996176 0.00974634
v 0.04525939 -0.03676114 0.01114847
v 0.03379763 -0.05247579 0.00767893
v 0.03087712 -0.04917922 0.00675522
v 0.03441766 -0.05317567 0.00583152
v 0.03219469 -0.05066646 0.00282948
v 0.03556716 -0.05447318 0.00469913
v 0.03463737 -0.05342367 0.00042314
v 0.03693811 -0.05602066 0.00458518
v 0.03755064 -0.05671207 0.00018100
v 0.03816317 -0.05740347 0.00552020
v 0.04015389 -0.05965053 0.00216793
v 0.03891408 -0.05825107 0.00725366
v 0.04174958 -0.06145169 0.00585153
v 0.03898964 -0.05833637 0.00932107
v 0.04191015 -0.06163294 0.01024478
v 0.03836961 -0.05763649 0.01116848
v 0.04059258 -0.06014570 0.01417052
v 0.03722011 -0.05633898 0.01230087
v 0.03814990 -0.05738849 0.01657686
v 0.03584916 -0.05479150 0.01241482
v 0.03523663 -0.05410009 0.01681900
v 0.03462410 -0.05340869 0.01147980
v 0.03263338 -0.05116163 0.01483207
v 0.03387319 -0.05256109 0.00974634
v 0.03103769 -0.04936047 0.01114847
v 0.03910503 -0.05695859 0.01752707
v 0.04857371 -0.04201024 0.01779770
v 0.03584902 -0.05328332 0.01779770
v 0.04566419 -0.03872608 0.01557702
v 0.03293951 -0.04999916 0.01557702
v 0.04388077 -0.03671301 0.01146006
v 0.03115609 -0.04798610 0.01146006
v 0.04370131 -0.03651044 0.00654995
v 0.03097663 -0.04778353 0.00654995
v 0.04517389 -0.03817265 0.00216235
v 0.03244921 -0.04944573 0.00216235
v 0.04790395 -0.04125424 -0.00052707
v 0.03517926 -0.05252732 -0.00052707
v 0.05115995 -0.04492951 -0.00079770
v 0.03843527 -0.05620259 -0.00079770
v 0.05406946 -0.04821367 0.00142298
v 0.04134478 -0.05948675 0.00142298
v 0.05585288 -0.05022673 0.00553994
v 0.04312820 -0.06149982 0.00553994
v 0.05603235 -0.05042930 0.01045005
v 0.04330766 -0.06170239 0.01045005
v 0.05455976 -0.04876710 0.01483765
v 0.04183508 -0.06004018 0.01483765
v 0.05182971 -0.04568551 0.01752707
v 0.04574690 -0.04545471 0.00469913
v 0.04978886 -0.04187385 0.00469913
v 0.04459741 -0.04415720 0.00583152
v 0.04863937 -0.04057634 0.00583152
v 0.04397737 -0.04345732 0.00767893
v 0.04801933 -0.03987646 0.00767893
v 0.04405294 -0.04354262 0.00974634
v 0.04809489 -0.03996176 0.00974634
v 0.04480385 -0.04439022 0.01147980
v 0.04884581 -0.04080936 0.01147980
v 0.04602891 -0.04577303 0.01241482
v 0.05007087 -0.04219217 0.01241482
v 0.04739986 -0.04732051 0.01230087
v 0.05144182 -0.04373965 0.01230087
v 0.04854935 -0.04861802 0.01116848
v 0.05259131 -0.04503716 0.01116848
v 0.04916939 -0.04931790 0.00932107
v 0.05321135 -0.04573704 0.00932107
v 0.04909383 -0.04923261 0.00725366
v 0.05313578 -0.04565174 0.00725366
v 0.04834291 -0.04838500 0.00552020
v 0.05238487 -0.04480414 0.00552020
v 0.04711785 -0.04700219 0.00458518
v 0.05115981 -0.04342133 0.00458518
v 0.04583239 -0.04555121 0.00749932
v 0.04459741 -0.04415720 0.00583152
v 0.04559988 -0.04528875 0.00819210
v 0.04397737 -0.04345732 0.00767893
v 0.04562821 -0.04532074 0.00896738
v 0.04405294 -0.04354262 0.00974634
v 0.04590981 -0.04563859 0.00961742
v 0.04480385 -0.04439022 0.01147980
v 0.04636920 -0.04615714 0.00996806
v 0.04602891 -0.04577303 0.01241482
v 0.04688331 -0.04673745 0.00992533
v 0.04739986 -0.04732051 0.01230087
v 0.04731437 -0.04722402 0.00950068
v 0.04854935 -0.04861802 0.01116848
v 0.04754688 -0.04748647 0.00880790
v 0.04916939 -0.04931790 0.00932107
v 0.04751855 -0.04745448 0.00803262
v 0.04909383 -0.04923261 0.00725366
v 0.04723696 -0.04713663 0.00738258
v 0.04834291 -0.04838500 0.00552020
v 0.04677756 -0.04661808 0.00703194
v 0.04711785 -0.04700219 0.00458518
v 0.04626345 -0.04603777 0.00707467
v 0.04574690 -0.04545471 0.00469913
v 0.04126207 -0.05275812 0.01230087
v 0.03722011 -0.05633898 0.01230087
v 0.03989112 -0.05121063 0.01241482
v 0.03584916 -0.05479150 0.01241482
v 0.03866606 -0.04982783 0.01147980
v 0.03462410 -0.05340869 0.01147980
v 0.03791515 -0.04898022 0.00974634
v 0.03387319 -0.05256109 0.00974634
v 0.03783959 -0.04889493 0.00767893
v 0.03379763 -0.05247579 0.00767893
v 0.03845962 -0.04959481 0.00583152
v 0.03441766 -0.05317567 0.00583152
v 0.03960912 -0.05089232 0.00469913
v 0.03556716 -0.05447318 0.00469913
v 0.04098007 -0.05243980 0.00458518
v 0.03693811 -0.05602066 0.00458518
v 0.04220512 -0.05382261 0.00552020
v 0.03816317 -0.05740347 0.00552020
v 0.04295604 -0.05467021 0.00725366
v 0.03891408 -0.05825107 0.00725366
v 0.04303160 -0.05475550 0.00932107
v 0.03898964 -0.05833637 0.00932107
v 0.04241157 -0.05405563 0.01116848
v 0.03836961 -0.05763649 0.01116848
v 0.04023142 -0.05159475 0.00996806
v 0.03989112 -0.05121063 0.01241482
v 0.03977202 -0.05107620 0.00961742
v 0.03866606 -0.04982783 0.01147980
v 0.03949043 -0.05075834 0.00896738
v 0.03791515 -0.04898022 0.00974634
v 0.03946209 -0.05072636 0.00819210
v 0.03783959 -0.04889493 0.00767893
v 0.03969460 -0.05098881 0.00749932
v 0.03845962 -0.04959481 0.00583152
v 0.04012566 -0.05147538 0.00707467
v 0.03960912 -0.05089232 0.00469913
v 0.04063977 -0.05205569 0.00703194
v 0.04098007 -0.05243980 0.00458518
v 0.04109917 -0.05257424 0.00738258
v 0.04220512 -0.05382261 0.00552020
v 0.04138076 -0.05289209 0.00803262
v 0.04295604 -0.05467021 0.00725366
v 0.04140910 -0.05292408 0.00880790
v 0.04303160 -0.05475550 0.00932107
v 0.04117658 -0.05266162 0.00950068
v 0.04241157 -0.05405563 0.01116848
v 0.04074552 -0.05217505 0.00992533
v 0.04126207 -0.05275812 0.01230087
v 0.04012566 -0.05147538 0.00707467
v 0.04626345 -0.04603777 0.00707467
v 0.03969460 -0.05098881 0.00749932
v 0.04583239 -0.04555121 0.00749932
v 0.03946209 -0.05072636 0.00819210
v 0.04559988 -0.04528875 0.00819210
v 0.03949043 -0.05075834 0.00896738
v 0.04562821 -0.04532074 0.00896738
v 0.03977202 -0.05107620 0.00961742
v 0.04590981 -0.04563859 0.00961742
v 0.04023142 -0.05159475 0.00996806
v 0.04636920 -0.04615714 0.00996806
v 0.04074552 -0.05217505 0.00992533
v 0.04688331 -0.04673745 0.00992533
v 0.04117658 -0.05266162 0.00950068
v 0.04731437 -0.04722402 0.00950068
v 0.04140910 -0.05292408 0.00880790
v 0.04754688 -0.04748647 0.00880790
v 0.04138076 -0.05289209 0.00803262
v 0.04751855 -0.04745448 0.00803262
v 0.04109917 -0.05257424 0.00738258
v 0.04723696 -0.04713663 0.00738258
v 0.04063977 -0.05205569 0.00703194
v 0.04677756 -0.04661808 0.00703194
v 0.03214114 -0.04985200 0.00225173
v 0.03068932 -0.04821323 0.00657745
v 0.03086625 -0.04841295 0.01141831
v 0.03115609 -0.04798610 0.01146006
v 0.03262452 -0.05039762 0.01547722
v 0.03549300 -0.05363547 0.01766658
v 0.03870309 -0.05725891 0.01739977
v 0.04139464 -0.06029704 0.01474827
v 0.04284646 -0.06193580 0.01042255
v 0.04266953 -0.06173609 0.00558169
v 0.04312820 -0.06149982 0.00553994
v 0.04091126 -0.05975141 0.00152278
v 0.03804278 -0.05651357 -0.00066658
v 0.03483269 -0.05289013 -0.00039977
v 0.03204798 -0.05029881 0.00249591
v 0.03065290 -0.04872409 0.00665258
v 0.03082292 -0.04891600 0.01130427
v 0.03251247 -0.05082312 0.01520455
v 0.03526885 -0.05393443 0.01730835
v 0.03835349 -0.05741626 0.01705196
v 0.04093985 -0.06033566 0.01450409
v 0.04233493 -0.06191038 0.01034742
v 0.04216492 -0.06171848 0.00569573
v 0.04047536 -0.05981136 0.00179545
v 0.03771898 -0.05670005 -0.00030835
v 0.03463434 -0.05321821 -0.00005196
v 0.04606912 -0.03787717 0.00249591
v 0.04467404 -0.03630245 0.00665258
v 0.04484406 -0.03649435 0.01130427
v 0.04653361 -0.03840147 0.01520455
v 0.04928999 -0.04151278 0.01730835
v 0.04945833 -0.04150076 0.01681900
v 0.05237463 -0.04499461 0.01705196
v 0.05237160 -0.04478916 0.01657686
v 0.05496100 -0.04791402 0.01450409
v 0.05481428 -0.04754638 0.01417052
v 0.05635607 -0.04948874 0.01034742
v 0.05613186 -0.04903361 0.01024478
v 0.05618606 -0.04929683 0.00569573
v 0.05597128 -0.04885236 0.00585153
v 0.05449650 -0.04738971 0.00179545
v 0.05437559 -0.04705120 0.00216793
v 0.05174012 -0.04427840 -0.00030835
v 0.05177234 -0.04411274 0.00018100
v 0.04865549 -0.04079657 -0.00005196
v 0.04561433 -0.03791579 0.00225173
v 0.04416252 -0.03627703 0.00657745
v 0.04433945 -0.03647674 0.01141831
v 0.04609772 -0.03846141 0.01547722
v 0.04896620 -0.04169926 0.01766658
v 0.05217628 -0.04532270 0.01739977
v 0.05486784 -0.04836083 0.01474827
v 0.05631965 -0.04999960 0.01042255
v 0.05614272 -0.04979988 0.00558169
v 0.05438445 -0.04781521 0.00152278
v 0.05151597 -0.04457736 -0.00066658
v 0.04830588 -0.04095392 -0.00039977
v 0.04388077 -0.03671301 0.01146006
v 0.05585288 -0.05022673 0.00553994
v -0.03947796 -0.05477670 -0.01593035
v -0.03986651 -0.05551702 -0.02035200
v -0.04034495 -0.05642861 -0.01503219
v -0.04170887 -0.05902733 -0.01844341
v -0.04088709 -0.05746157 -0.01332156
v -0.04286091 -0.06122237 -0.01480831
v -0.04095911 -0.05759879 -0.01125681
v -0.04301395 -0.06151396 -0.01042072
v -0.04054171 -0.05680351 -0.00939120
v -0.04212698 -0.05982399 -0.00645631
v -0.03974674 -0.05528882 -0.00822462
v -0.04043767 -0.05660527 -0.00397732
v -0.03878721 -0.05346057 -0.00806965
v -0.03839866 -0.05272026 -0.00364800
v -0.03792022 -0.05180866 -0.00896781
v -0.03655630 -0.04920994 -0.00555659
v -0.03737808 -0.05077570 -0.01067844
v -0.03540426 -0.04701490 -0.00919169
v -0.03730606 -0.05063848 -0.01274319
v -0.03525122 -0.04672331 -0.01357928
v -0.03772345 -0.05143376 -0.01460880
v -0.03613818 -0.04841328 -0.01754369
v -0.03851843 -0.05294846 -0.01577538
v -0.03782750 -0.05163200 -0.02002268
v -0.02089979 -0.06026350 -0.01460880
v -0.01931452 -0.05724302 -0.01754369
v -0.02048239 -0.05946822 -0.01274319
v -0.01842755 -0.05555305 -0.01357928
v -0.02055441 -0.05960544 -0.01067844
v -0.01858059 -0.05584464 -0.00919169
v -0.02109655 -0.06063840 -0.00896781
v -0.01973264 -0.05803968 -0.00555659
v -0.02196354 -0.06229032 -0.00806965
v -0.02157499 -0.06155000 -0.00364800
v -0.02292308 -0.06411856 -0.00822462
v -0.02361401 -0.06543501 -0.00397732
v -0.02371805 -0.06563325 -0.00939120
v -0.02530332 -0.06865373 -0.00645631
v -0.02413545 -0.06642853 -0.01125681
v -0.02619029 -0.07034370 -0.01042072
v -0.02406343 -0.06629131 -0.01332156
v -0.02603725 -0.07005211 -0.01480831
v -0.02352129 -0.06525835 -0.01503219
v -0.02488520 -0.06785707 -0.01844341
v -0.02265430 -0.06360644 -0.01593035
v -0.02304285 -0.06434676 -0.02035200
v -0.02169476 -0.06177820 -0.01577538
v -0.02100383 -0.06046174 -0.02002268
v -0.02736133 -0.07042312 -0.01513870
v -0.04112650 -0.06006955 -0.01920145
v -0.02607375 -0.06796984 -0.01920145
v -0.03906740 -0.05614625 -0.02133459
v -0.02401465 -0.06404655 -0.02133459
v -0.03678850 -0.05180418 -0.02096653
v -0.02173575 -0.05970448 -0.02096653
v -0.03490045 -0.04820679 -0.01819589
v -0.01984769 -0.05610708 -0.01819589
v -0.03390913 -0.04631799 -0.01376507
v -0.01885638 -0.05421829 -0.01376507
v -0.03408017 -0.04664389 -0.00886130
v -0.01902742 -0.05454419 -0.00886130
v -0.03536775 -0.04909717 -0.00479855
v -0.02031500 -0.05699746 -0.00479855
v -0.03742686 -0.05302046 -0.00266541
v -0.02237411 -0.06092076 -0.00266541
v -0.03970575 -0.05736254 -0.00303347
v -0.02465300 -0.06526283 -0.00303347
v -0.04159381 -0.06095993 -0.00580411
v -0.02654106 -0.06886022 -0.00580411
v -0.04258513 -0.06284872 -0.01023493
v -0.02753238 -0.07074902 -0.01023493
v -0.04241408 -0.06252282 -0.01513870
v -0.03259662 -0.05328521 -0.01067844
v -0.03737808 -0.05077570 -0.01067844
v -0.03252460 -0.05314799 -0.01274319
v -0.03730606 -0.05063848 -0.01274319
v -0.03294199 -0.05394327 -0.01460880
v -0.03772345 -0.05143376 -0.01460880
v -0.03373696 -0.05545796 -0.01577538
v -0.03851843 -0.05294846 -0.01577538
v -0.03469650 -0.05728620 -0.01593035
v -0.03947796 -0.05477670 -0.01593035
v -0.03556349 -0.05893811 -0.01503219
v -0.04034495 -0.05642861 -0.01503219
v -0.03610563 -0.05997107 -0.01332156
v -0.04088709 -0.05746157 -0.01332156
v -0.03617765 -0.06010829 -0.01125681
v -0.04095911 -0.05759879 -0.01125681
v -0.03576025 -0.05931301 -0.00939120
v -0.04054171 -0.05680351 -0.00939120
v -0.03496528 -0.05779832 -0.00822462
v -0.03974674 -0.05528882 -0.00822462
v -0.03400574 -0.05597008 -0.00806965
v -0.03878721 -0.05346057 -0.00806965
v -0.03313875 -0.05431817 -0.00896781
v -0.03792022 -0.05180866 -0.00896781
v -0.03366617 -0.05532308 -0.01227870
v -0.03252460 -0.05314799 -0.01274319
v -0.03382270 -0.05562131 -0.01297830
v -0.03294199 -0.05394327 -0.01460880
v -0.03412081 -0.05618932 -0.01341577
v -0.03373696 -0.05545796 -0.01577538
v -0.03448064 -0.05687491 -0.01347388
v -0.03469650 -0.05728620 -0.01593035
v -0.03480576 -0.05749438 -0.01313707
v -0.03556349 -0.05893811 -0.01503219
v -0.03500906 -0.05788174 -0.01249558
v -0.03610563 -0.05997107 -0.01332156
v -0.03503607 -0.05793320 -0.01172130
v -0.03617765 -0.06010829 -0.01125681
v -0.03487955 -0.05763497 -0.01102170
v -0.03576025 -0.05931301 -0.00939120
v -0.03458143 -0.05706696 -0.01058423
v -0.03496528 -0.05779832 -0.00822462
v -0.03422161 -0.05638137 -0.01052612
v -0.03400574 -0.05597008 -0.00806965
v -0.03389648 -0.05576190 -0.01086293
v -0.03313875 -0.05431817 -0.00896781
v -0.03369318 -0.05537454 -0.01150442
v -0.03259662 -0.05328521 -0.01067844
v -0.02884489 -0.06378180 -0.01332156
v -0.02406343 -0.06629131 -0.01332156
v -0.02830275 -0.06274885 -0.01503219
v -0.02352129 -0.06525835 -0.01503219
v -0.02743576 -0.06109693 -0.01593035
v -0.02265430 -0.06360644 -0.01593035
v -0.02647622 -0.05926869 -0.01577538
v -0.02169476 -0.06177820 -0.01577538
v -0.02568125 -0.05775400 -0.01460880
v -0.02089979 -0.06026350 -0.01460880
v -0.02526386 -0.05695872 -0.01274319
v -0.02048239 -0.05946822 -0.01274319
v -0.02533588 -0.05709594 -0.01067844
v -0.02055441 -0.05960544 -0.01067844
v -0.02587801 -0.05812890 -0.00896781
v -0.02109655 -0.06063840 -0.00896781
v -0.02674501 -0.05978081 -0.00806965
v -0.02196354 -0.06229032 -0.00806965
v -0.02770454 -0.06160905 -0.00822462
v -0.02292308 -0.06411856 -0.00822462
v -0.02849951 -0.06312374 -0.00939120
v -0.02371805 -0.06563325 -0.00939120
v -0.02891691 -0.06391902 -0.01125681
v -0.02413545 -0.06642853 -0.01125681
v -0.02754502 -0.06130511 -0.01313707
v -0.02830275 -0.06274885 -0.01503219
v -0.02721990 -0.06068564 -0.01347388
v -0.02743576 -0.06109693 -0.01593035
v -0.02686007 -0.06000005 -0.01341577
v -0.02647622 -0.05926869 -0.01577538
v -0.02656196 -0.05943204 -0.01297830
v -0.02568125 -0.05775400 -0.01460880
v -0.02640544 -0.05913381 -0.01227870
v -0.02526386 -0.05695872 -0.01274319
v -0.02643244 -0.05918527 -0.01150442
v -0.02533588 -0.05709594 -0.01067844
v -0.02663574 -0.05957263 -0.01086293
v -0.02587801 -0.05812890 -0.00896781
v -0.02696087 -0.06019210 -0.01052612
v -0.02674501 -0.05978081 -0.00806965
v -0.02732069 -0.06087769 -0.01058423
v -0.02770454 -0.06160905 -0.00822462
v -0.02761881 -0.06144570 -0.01102170
v -0.02849951 -0.06312374 -0.00939120
v -0.02777533 -0.06174393 -0.01172130
v -0.02891691 -0.06391902 -0.01125681
v -0.02774832 -0.06169247 -0.01249558
v -0.02884489 -0.06378180 -0.01332156
v -0.02643244 -0.05918527 -0.01150442
v -0.03369318 -0.05537454 -0.01150442
v -0.02640544 -0.05913381 -0.01227870
v -0.03366617 -0.05532308 -0.01227870
v -0.02656196 -0.05943204 -0.01297830
v -0.03382270 -0.05562131 -0.01297830
v -0.02686007 -0.06000005 -0.01341577
v -0.03412081 -0.05618932 -0.01341577
v -0.02721990 -0.06068564 -0.01347388
v -0.03448064 -0.05687491 -0.01347388
v -0.02754502 -0.06130511 -0.01313707
v -0.03480576 -0.05749438 -0.01313707
v -0.02774832 -0.06169247 -0.01249558
v -0.03500906 -0.05788174 -0.01249558
v -0.02777533 -0.06174393 -0.01172130
v -0.03503607 -0.05793320 -0.01172130
v -0.02761881 -0.06144570 -0.01102170
v -0.03487955 -0.05763497 -0.01102170
v -0.02732069 -0.06087769 -0.01058423
v -0.03458143 -0.05706696 -0.01058423
v -0.02696087 -0.06019210 -0.01052612
v -0.03422161 -0.05638137 -0.01052612
v -0.02663574 -0.05957263 -0.01086293
v -0.03389648 -0.05576190 -0.01086293
v -0.01847483 -0.05456721 -0.01374018
v -0.01945216 -0.05642937 -0.01810851
v -0.02131359 -0.05997603 -0.02084007
v -0.02173575 -0.05970448 -0.02096653
v -0.02356035 -0.06425687 -0.02120295
v -0.02559042 -0.06812483 -0.01909989
v -0.02685984 -0.07054351 -0.01509443
v -0.02702847 -0.07086482 -0.01025982
v -0.02605113 -0.06900266 -0.00589149
v -0.02418970 -0.06545600 -0.00315993
v -0.02465300 -0.06526283 -0.00303347
v -0.02194295 -0.06117516 -0.00279705
v -0.01991288 -0.05730719 -0.00490011
v -0.01864346 -0.05488852 -0.00890557
v -0.01831787 -0.05505577 -0.01367217
v -0.01925701 -0.05684515 -0.01786979
v -0.02104569 -0.06025321 -0.02049460
v -0.02320465 -0.06436675 -0.02084329
v -0.02515538 -0.06808356 -0.01882243
v -0.02637519 -0.07040771 -0.01497350
v -0.02653723 -0.07071646 -0.01032783
v -0.02559809 -0.06892708 -0.00613021
v -0.02380940 -0.06551902 -0.00350540
v -0.02165045 -0.06140548 -0.00315671
v -0.01969972 -0.05768867 -0.00517757
v -0.01847991 -0.05536452 -0.00902650
v -0.03490427 -0.04635055 -0.01367217
v -0.03584341 -0.04813994 -0.01786979
v -0.03763210 -0.05154799 -0.02049460
v -0.03979105 -0.05566153 -0.02084329
v -0.04174178 -0.05937834 -0.01882243
v -0.04170887 -0.05902733 -0.01844341
v -0.04296159 -0.06170249 -0.01497350
v -0.04286091 -0.06122237 -0.01480831
v -0.04312364 -0.06201124 -0.01032783
v -0.04301395 -0.06151396 -0.01042072
v -0.04218450 -0.06022186 -0.00613021
v -0.04212698 -0.05982399 -0.00645631
v -0.04039581 -0.05681380 -0.00350540
v -0.04043767 -0.05660527 -0.00397732
v -0.03823686 -0.05270026 -0.00315671
v -0.03839866 -0.05272026 -0.00364800
v -0.03628613 -0.04898345 -0.00517757
v -0.03655630 -0.04920994 -0.00555659
v -0.03506632 -0.04665930 -0.00902650
v -0.03441303 -0.04620219 -0.01374018
v -0.03539037 -0.04806435 -0.01810851
v -0.03725180 -0.05161101 -0.02084007
v -0.03949856 -0.05589185 -0.02120295
v -0.04152862 -0.05975982 -0.01909989
v -0.04279804 -0.06217849 -0.01509443
v -0.04296668 -0.06249980 -0.01025982
v -0.04198934 -0.06063764 -0.00589149
v -0.04012791 -0.05709098 -0.00315993
v -0.03788115 -0.05281014 -0.00279705
v -0.03585109 -0.04894218 -0.00490011
v -0.03458167 -0.04652350 -0.00890557
v -0.03678850 -0.05180418 -0.02096653
v -0.03970575 -0.05736254 -0.00303347
v -0.00583786 -0.06338167 0.01147980
v -0.00511943 -0.06046686 0.01483207
v -0.00627998 -0.06517540 0.01241482
v -0.00605892 -0.06427853 0.01681900
v -0.00677474 -0.06718274 0.01230087
v -0.00711030 -0.06854413 0.01657686
v -0.00718959 -0.06886582 0.01116848
v -0.00799184 -0.07212069 0.01417052
v -0.00741335 -0.06977368 0.00932107
v -0.00846734 -0.07404988 0.01024478
v -0.00738608 -0.06966304 0.00725366
v -0.00840939 -0.07381477 0.00585153
v -0.00711508 -0.06856355 0.00552020
v -0.00783352 -0.07147836 0.00216793
v -0.00667297 -0.06676983 0.00458518
v -0.00689403 -0.06766670 0.00018100
v -0.00617821 -0.06476249 0.00469913
v -0.00584265 -0.06340110 0.00042314
v -0.00576336 -0.06307940 0.00583152
v -0.00496111 -0.05982454 0.00282948
v -0.00553960 -0.06217155 0.00767893
v -0.00448561 -0.05789535 0.00675522
v -0.00556687 -0.06228219 0.00974634
v -0.00454356 -0.05813046 0.01114847
v -0.02398749 -0.05762455 0.00767893
v -0.02293350 -0.05334835 0.00675522
v -0.02421126 -0.05853240 0.00583152
v -0.02340900 -0.05527754 0.00282948
v -0.02462610 -0.06021549 0.00469913
v -0.02429055 -0.05885410 0.00042314
v -0.02512086 -0.06222283 0.00458518
v -0.02534192 -0.06311970 0.00018100
v -0.02556298 -0.06401656 0.00552020
v -0.02628141 -0.06693136 0.00216793
v -0.02583398 -0.06511604 0.00725366
v -0.02685729 -0.06926777 0.00585153
v -0.02586125 -0.06522668 0.00932107
v -0.02691524 -0.06950288 0.01024478
v -0.02563748 -0.06431883 0.01116848
v -0.02643973 -0.06757369 0.01417052
v -0.02522264 -0.06263574 0.01230087
v -0.02555819 -0.06399713 0.01657686
v -0.02472787 -0.06062840 0.01241482
v -0.02450681 -0.05973153 0.01681900
v -0.02428576 -0.05883467 0.01147980
v -0.02356732 -0.05591987 0.01483207
v -0.02401476 -0.05773519 0.00974634
v -0.02299145 -0.05358346 0.01114847
v -0.02466181 -0.06453898 0.01752707
v -0.00698074 -0.06383991 0.01779770
v -0.02348675 -0.05977155 0.01779770
v -0.00593072 -0.05957981 0.01557702
v -0.02243673 -0.05551145 0.01557702
v -0.00528710 -0.05696854 0.01146006
v -0.02179311 -0.05290017 0.01146006
v -0.00522233 -0.05670577 0.00654995
v -0.02172834 -0.05263740 0.00654995
v -0.00575377 -0.05886192 0.00216235
v -0.02225978 -0.05479355 0.00216235
v -0.00673903 -0.06285925 -0.00052707
v -0.02324504 -0.05879089 -0.00052707
v -0.00791409 -0.06762668 -0.00079770
v -0.02442010 -0.06355832 -0.00079770
v -0.00896411 -0.07188678 0.00142298
v -0.02547012 -0.06781842 0.00142298
v -0.00960774 -0.07449806 0.00553994
v -0.02611375 -0.07042969 0.00553994
v -0.00967250 -0.07476083 0.01045005
v -0.02617851 -0.07069246 0.01045005
v -0.00914106 -0.07260467 0.01483764
v -0.02564707 -0.06853631 0.01483765
v -0.00815580 -0.06860734 0.01752707
v -0.01142129 -0.06347018 0.00469913
v -0.00617821 -0.06476249 0.00469913
v -0.01100645 -0.06178710 0.00583152
v -0.00576336 -0.06307940 0.00583152
v -0.01078268 -0.06087924 0.00767893
v -0.00553960 -0.06217155 0.00767893
v -0.01080995 -0.06098988 0.00974634
v -0.00556687 -0.06228219 0.00974634
v -0.01108095 -0.06208937 0.01147980
v -0.00583786 -0.06338167 0.01147980
v -0.01152306 -0.06388309 0.01241482
v -0.00627998 -0.06517540 0.01241482
v -0.01201783 -0.06589043 0.01230087
v -0.00677474 -0.06718274 0.01230087
v -0.01243267 -0.06757352 0.01116848
v -0.00718959 -0.06886582 0.01116848
v -0.01265644 -0.06848137 0.00932107
v -0.00741335 -0.06977368 0.00932107
v -0.01262917 -0.06837074 0.00725366
v -0.00738608 -0.06966304 0.00725366
v -0.01235817 -0.06727125 0.00552020
v -0.00711508 -0.06856355 0.00552020
v -0.01191606 -0.06547752 0.00458518
v -0.00667297 -0.06676983 0.00458518
v -0.01145214 -0.06359535 0.00749932
v -0.01100645 -0.06178710 0.00583152
v -0.01136823 -0.06325491 0.00819210
v -0.01078268 -0.06087924 0.00767893
v -0.01137846 -0.06329640 0.00896738
v -0.01080995 -0.06098988 0.00974634
v -0.01148008 -0.06370871 0.00961742
v -0.01108095 -0.06208937 0.01147980
v -0.01164587 -0.06438135 0.00996806
v -0.01152306 -0.06388309 0.01241482
v -0.01183141 -0.06513411 0.00992533
v -0.01201783 -0.06589043 0.01230087
v -0.01198698 -0.06576526 0.00950068
v -0.01243267 -0.06757352 0.01116848
v -0.01207089 -0.06610571 0.00880790
v -0.01265644 -0.06848137 0.00932107
v -0.01206066 -0.06606422 0.00803262
v -0.01262917 -0.06837074 0.00725366
v -0.01195904 -0.06565191 0.00738258
v -0.01235817 -0.06727125 0.00552020
v -0.01179325 -0.06497926 0.00703194
v -0.01191606 -0.06547752 0.00458518
v -0.01160771 -0.06422651 0.00707467
v -0.01142129 -0.06347018 0.00469913
v -0.01997955 -0.06392804 0.01230087
v -0.02522264 -0.06263574 0.01230087
v -0.01948479 -0.06192070 0.01241482
v -0.02472787 -0.06062840 0.01241482
v -0.01904267 -0.06012698 0.01147980
v -0.02428576 -0.05883467 0.01147980
v -0.01877167 -0.05902749 0.00974634
v -0.02401476 -0.05773519 0.00974634
v -0.01874440 -0.05891685 0.00767893
v -0.02398749 -0.05762455 0.00767893
v -0.01896817 -0.05982471 0.00583152
v -0.02421126 -0.05853240 0.00583152
v -0.01938301 -0.06150780 0.00469913
v -0.02462610 -0.06021549 0.00469913
v -0.01987778 -0.06351513 0.00458518
v -0.02512086 -0.06222283 0.00458518
v -0.02031989 -0.06530886 0.00552020
v -0.02556298 -0.06401656 0.00552020
v -0.02059089 -0.06640835 0.00725366
v -0.02583398 -0.06511604 0.00725366
v -0.02061816 -0.06651898 0.00932107
v -0.02586125 -0.06522668 0.00932107
v -0.02039439 -0.06561113 0.01116848
v -0.02563748 -0.06431883 0.01116848
v -0.01960760 -0.06241896 0.00996806
v -0.01948479 -0.06192070 0.01241482
v -0.01944180 -0.06174632 0.00961742
v -0.01904267 -0.06012698 0.01147980
v -0.01934018 -0.06133401 0.00896738
v -0.01877167 -0.05902749 0.00974634
v -0.01932995 -0.06129252 0.00819210
v -0.01874440 -0.05891685 0.00767893
v -0.01941386 -0.06163297 0.00749932
v -0.01896817 -0.05982471 0.00583152
v -0.01956943 -0.06226412 0.00707467
v -0.01938301 -0.06150780 0.00469913
v -0.01975497 -0.06301688 0.00703194
v -0.01987778 -0.06351513 0.00458518
v -0.01992076 -0.06368952 0.00738258
v -0.02031989 -0.06530886 0.00552020
v -0.02002239 -0.06410183 0.00803262
v -0.02059089 -0.06640835 0.00725366
v -0.02003261 -0.06414332 0.00880790
v -0.02061816 -0.06651898 0.00932107
v -0.01994870 -0.06380287 0.00950068
v -0.02039439 -0.06561113 0.01116848
v -0.01979313 -0.06317172 0.00992533
v -0.01997955 -0.06392804 0.01230087
v -0.01956943 -0.06226412 0.00707467
v -0.01160771 -0.06422651 0.00707467
v -0.01941386 -0.06163297 0.00749932
v -0.01145214 -0.06359535 0.00749932
v -0.01932995 -0.06129252 0.00819210
v -0.01136823 -0.06325491 0.00819210
v -0.01934018 -0.06133401 0.00896738
v -0.01137846 -0.06329640 0.00896738
v -0.01944180 -0.06174632 0.00961742
v -0.01148008 -0.06370871 0.00961742
v -0.01960760 -0.06241896 0.00996806
v -0.01164587 -0.06438135 0.00996806
v -0.01979313 -0.06317172 0.00992533
v -0.01183141 -0.06513411 0.00992533
v -0.01994870 -0.06380287 0.00950068
v -0.01198698 -0.06576526 0.00950068
v -0.02003261 -0.06414332 0.00880790
v -0.01207089 -0.06610571 0.00880790
v -0.02002239 -0.06410183 0.00803262
v -0.01206066 -0.06606422 0.00803262
v -0.01992076 -0.06368952 0.00738258
v -0.01195904 -0.06565191 0.00738258
v -0.01975497 -0.06301688 0.00703194
v -0.01179325 -0.06497926 0.00703194
v -0.02276914 -0.05477080 0.00225173
v -0.02224519 -0.05264505 0.00657745
v -0.02230904 -0.05290412 0.01141831
v -0.02179311 -0.05290017 0.01146006
v -0.02294359 -0.05547857 0.01547722
v -0.02397880 -0.05967859 0.01766658
v -0.02513730 -0.06437879 0.01739977
v -0.02610865 -0.06831975 0.01474827
v -0.02663260 -0.07044549 0.01042255
v -0.02656875 -0.07018643 0.00558169
v -0.02611375 -0.07042969 0.00553994
v -0.02593421 -0.06761198 0.00152278
v -0.02489899 -0.06341196 -0.00066658
v -0.02374050 -0.05871176 -0.00039977
v -0.02318978 -0.05494795 0.00249591
v -0.02268631 -0.05290528 0.00665258
v -0.02274767 -0.05315422 0.01130427
v -0.02335741 -0.05562806 0.01520455
v -0.02435217 -0.05966394 0.01730835
v -0.02546539 -0.06418046 0.01705196
v -0.02639879 -0.06796740 0.01450409
v -0.02690226 -0.07001007 0.01034742
v -0.02684091 -0.06976114 0.00569573
v -0.02623116 -0.06728729 0.00179545
v -0.02523640 -0.06325141 -0.00030835
v -0.02412318 -0.05873490 -0.00005196
v -0.00500205 -0.05943083 0.00249591
v -0.00449858 -0.05738815 0.00665258
v -0.00455994 -0.05763709 0.01130427
v -0.00516968 -0.06011093 0.01520455
v -0.00616444 -0.06414682 0.01730835
v -0.00605892 -0.06427853 0.01681900
v -0.00727766 -0.06866333 0.01705196
v -0.00711030 -0.06854413 0.01657686
v -0.00821106 -0.07245028 0.01450409
v -0.00799184 -0.07212069 0.01417052
v -0.00871453 -0.07449295 0.01034742
v -0.00846734 -0.07404988 0.01024478
v -0.00865317 -0.07424401 0.00569573
v -0.00840939 -0.07381477 0.00585153
v -0.00804343 -0.07177017 0.00179545
v -0.00783352 -0.07147836 0.00216793
v -0.00704867 -0.06773428 -0.00030835
v -0.00689403 -0.06766670 0.00018100
v -0.00593545 -0.06321777 -0.00005196
v -0.00529219 -0.05907848 0.00225173
v -0.00476824 -0.05695274 0.00657745
v -0.00483209 -0.05721180 0.01141831
v -0.00546664 -0.05978625 0.01547722
v -0.00650185 -0.06398627 0.01766658
v -0.00766034 -0.06868647 0.01739977
v -0.00863170 -0.07262743 0.01474827
v -0.00915565 -0.07475317 0.01042255
v -0.00909180 -0.07449411 0.00558169
v -0.00845725 -0.07191966 0.00152278
v -0.00742204 -0.06771964 -0.00066658
v -0.00626355 -0.06301944 -0.00039977
v -0.00528710 -0.05696854 0.01146006
v -0.00960774 -0.07449806 0.00553994
v 0.02522188 0.06263268 -0.01593035
v 0.02542197 0.06344447 -0.02035200
v 0.02566835 0.06444407 -0.01503219
v 0.02637072 0.06729369 -0.01844341
v 0.02594753 0.06557676 -0.01332156
v 0.02696398 0.06970064 -0.01480831
v 0.02598462 0.06572723 -0.01125681
v 0.02704279 0.07002039 -0.01042072
v 0.02576968 0.06485517 -0.00939120
v 0.02658603 0.06816726 -0.00645631
v 0.02536029 0.06319424 -0.00822462
v 0.02571610 0.06463779 -0.00397732
v 0.02486617 0.06118949 -0.00806965
v 0.02466608 0.06037770 -0.00364800
v 0.02441970 0.05937809 -0.00896781
v 0.02371733 0.05652848 -0.00555659
v 0.02414052 0.05824541 -0.01067844
v 0.02312407 0.05412153 -0.00919169
v 0.02410343 0.05809494 -0.01274319
v 0.02304526 0.05380178 -0.01357928
v 0.02431838 0.05896700 -0.01460880
v 0.02350202 0.05565491 -0.01754369
v 0.02472776 0.06062793 -0.01577538
v 0.02437195 0.05918438 -0.02002268
v 0.00587048 0.06351400 -0.01460880
v 0.00505412 0.06020191 -0.01754369
v 0.00565554 0.06264194 -0.01274319
v 0.00459737 0.05834877 -0.01357928
v 0.00569262 0.06279241 -0.01067844
v 0.00467618 0.05866852 -0.00919169
v 0.00597181 0.06392509 -0.00896781
v 0.00526944 0.06107548 -0.00555659
v 0.00641827 0.06573649 -0.00806965
v 0.00621819 0.06492469 -0.00364800
v 0.00691240 0.06774123 -0.00822462
v 0.00726820 0.06918478 -0.00397732
v 0.00732178 0.06940216 -0.00939120
v 0.00813814 0.07271425 -0.00645631
v 0.00753673 0.07027422 -0.01125681
v 0.00859490 0.07456739 -0.01042072
v 0.00749964 0.07012375 -0.01332156
v 0.00851608 0.07424764 -0.01480831
v 0.00722046 0.06899107 -0.01503219
v 0.00792282 0.07184068 -0.01844341
v 0.00677399 0.06717967 -0.01593035
v 0.00697408 0.06799147 -0.02035200
v 0.00627986 0.06517493 -0.01577538
v 0.00592406 0.06373138 -0.02002268
v 0.00971290 0.07492474 -0.01513870
v 0.02555586 0.06816625 -0.01920145
v 0.00904985 0.07223461 -0.01920145
v 0.02449549 0.06386418 -0.02133459
v 0.00798948 0.06793255 -0.02133459
v 0.02332195 0.05910291 -0.02096653
v 0.00681594 0.06317127 -0.02096653
v 0.02234966 0.05515821 -0.01819589
v 0.00584365 0.05922657 -0.01819589
v 0.02183917 0.05308706 -0.01376507
v 0.00533316 0.05715542 -0.01376507
v 0.02192725 0.05344442 -0.00886130
v 0.00542124 0.05751279 -0.00886130
v 0.02259031 0.05613455 -0.00479855
v 0.00608430 0.06020291 -0.00479855
v 0.02365067 0.06043662 -0.00266541
v 0.00714466 0.06450498 -0.00266541
v 0.02482422 0.06519789 -0.00303347
v 0.00831821 0.06926625 -0.00303347
v 0.02579650 0.06914259 -0.00580411
v 0.00929049 0.07321096 -0.00580411
v 0.02630700 0.07121374 -0.01023493
v 0.00980099 0.07528211 -0.01023493
v 0.02621891 0.07085637 -0.01513869
v 0.01889743 0.05953771 -0.01067844
v 0.02414052 0.05824541 -0.01067844
v 0.01886035 0.05938724 -0.01274319
v 0.02410343 0.05809494 -0.01274319
v 0.01907529 0.06025931 -0.01460880
v 0.02431838 0.05896700 -0.01460880
v 0.01948467 0.06192023 -0.01577538
v 0.02472776 0.06062793 -0.01577538
v 0.01997880 0.06392498 -0.01593035
v 0.02522188 0.06263268 -0.01593035
v 0.02042527 0.06573638 -0.01503219
v 0.02566835 0.06444407 -0.01503219
v 0.02070445 0.06686906 -0.01332156
v 0.02594753 0.06557676 -0.01332156
v 0.02074154 0.06701953 -0.01125681
v 0.02598462 0.06572723 -0.01125681
v 0.02052659 0.06614747 -0.00939120
v 0.02576968 0.06485517 -0.00939120
v 0.02011721 0.06448654 -0.00822462
v 0.02536029 0.06319424 -0.00822462
v 0.01962308 0.06248179 -0.00806965
v 0.02486617 0.06118949 -0.00806965
v 0.01917662 0.06067040 -0.00896781
v 0.02441970 0.05937809 -0.00896781
v 0.01944822 0.06177233 -0.01227870
v 0.01886035 0.05938724 -0.01274319
v 0.01952882 0.06209936 -0.01297830
v 0.01907529 0.06025931 -0.01460880
v 0.01968234 0.06272221 -0.01341577
v 0.01948467 0.06192023 -0.01577538
v 0.01986764 0.06347399 -0.01347388
v 0.01997880 0.06392498 -0.01593035
v 0.02003506 0.06415326 -0.01313707
v 0.02042527 0.06573638 -0.01503219
v 0.02013976 0.06457802 -0.01249558
v 0.02070445 0.06686906 -0.01332156
v 0.02015366 0.06463444 -0.01172130
v 0.02074154 0.06701953 -0.01125681
v 0.02007306 0.06430742 -0.01102170
v 0.02052659 0.06614747 -0.00939120
v 0.01991954 0.06368457 -0.01058423
v 0.02011721 0.06448654 -0.00822462
v 0.01973424 0.06293279 -0.01052612
v 0.01962308 0.06248179 -0.00806965
v 0.01956682 0.06225352 -0.01086293
v 0.01917662 0.06067040 -0.00896781
v 0.01946213 0.06182876 -0.01150442
v 0.01889743 0.05953771 -0.01067844
v 0.01274272 0.06883145 -0.01332156
v 0.00749964 0.07012375 -0.01332156
v 0.01246354 0.06769877 -0.01503219
v 0.00722046 0.06899107 -0.01503219
v 0.01201707 0.06588737 -0.01593035
v 0.00677399 0.06717967 -0.01593035
v 0.01152295 0.06388262 -0.01577538
v 0.00627986 0.06517493 -0.01577538
v 0.01111357 0.06222169 -0.01460880
v 0.00587048 0.06351400 -0.01460880
v 0.01089862 0.06134963 -0.01274319
v 0.00565554 0.06264194 -0.01274319
v 0.01093571 0.06150010 -0.01067844
v 0.00569262 0.06279241 -0.01067844
v 0.01121489 0.06263279 -0.00896781
v 0.00597181 0.06392509 -0.00896781
v 0.01166136 0.06444418 -0.00806965
v 0.00641827 0.06573649 -0.00806965
v 0.01215549 0.06644893 -0.00822462
v 0.00691240 0.06774123 -0.00822462
v 0.01256487 0.06810986 -0.00939120
v 0.00732178 0.06940216 -0.00939120
v 0.01277981 0.06898192 -0.01125681
v 0.00753673 0.07027422 -0.01125681
v 0.01207334 0.06611565 -0.01313707
v 0.01246354 0.06769877 -0.01503219
v 0.01190591 0.06543637 -0.01347388
v 0.01201707 0.06588737 -0.01593035
v 0.01172062 0.06468459 -0.01341577
v 0.01152295 0.06388262 -0.01577538
v 0.01156710 0.06406175 -0.01297830
v 0.01111357 0.06222169 -0.01460880
v 0.01148649 0.06373472 -0.01227870
v 0.01089862 0.06134963 -0.01274319
v 0.01150040 0.06379115 -0.01150442
v 0.01093571 0.06150010 -0.01067844
v 0.01160510 0.06421590 -0.01086293
v 0.01121489 0.06263279 -0.00896781
v 0.01177252 0.06489518 -0.01052612
v 0.01166136 0.06444418 -0.00806965
v 0.01195782 0.06564696 -0.01058423
v 0.01215549 0.06644893 -0.00822462
v 0.01211134 0.06626981 -0.01102170
v 0.01256487 0.06810986 -0.00939120
v 0.01219194 0.06659683 -0.01172130
v 0.01277981 0.06898192 -0.01125681
v 0.01217803 0.06654040 -0.01249558
v 0.01274272 0.06883145 -0.01332156
v 0.01150040 0.06379115 -0.01150442
v 0.01946213 0.06182876 -0.01150442
v 0.01148649 0.06373472 -0.01227870
v 0.01944822 0.06177233 -0.01227870
v 0.01156710 0.06406175 -0.01297830
v 0.01952882 0.06209936 -0.01297830
v 0.01172062 0.06468459 -0.01341577
v 0.01968234 0.06272221 -0.01341577
v 0.01190591 0.06543637 -0.01347388
v 0.01986764 0.06347399 -0.01347388
v 0.01207334 0.06611565 -0.01313707
v 0.02003506 0.06415326 -0.01313707
v 0.01217803 0.06654040 -0.01249558
v 0.02013976 0.06457802 -0.01249558
v 0.01219194 0.06659683 -0.01172130
v 0.02015366 0.06463444 -0.01172130
v 0.01211134 0.06626981 -0.01102170
v 0.02007306 0.06430742 -0.01102170
v 0.01195782 0.06564696 -0.01058423
v 0.01991954 0.06368457 -0.01058423
v 0.01177252 0.06489518 -0.01052612
v 0.01973424 0.06293279 -0.01052612
v 0.01160510 0.06421590 -0.01086293
v 0.01956682 0.06225352 -0.01086293
v 0.00487919 0.05740290 -0.01374018
v 0.00538249 0.05944484 -0.01810851
v 0.00634106 0.06333391 -0.02084007
v 0.00681594 0.06317127 -0.02096653
v 0.00749806 0.06802804 -0.02120295
v 0.00854347 0.07226943 -0.01909989
v 0.00919717 0.07492162 -0.01509443
v 0.00928401 0.07527395 -0.01025982
v 0.00878072 0.07323201 -0.00589149
v 0.00782215 0.06934294 -0.00315993
v 0.00831821 0.06926625 -0.00303347
v 0.00666515 0.06464881 -0.00279705
v 0.00561974 0.06040741 -0.00490011
v 0.00496603 0.05775522 -0.00890557
v 0.00460988 0.05783969 -0.01367217
v 0.00509350 0.05980184 -0.01786979
v 0.00601461 0.06353892 -0.02049460
v 0.00712639 0.06804960 -0.02084329
v 0.00813095 0.07212524 -0.01882243
v 0.00875910 0.07467378 -0.01497350
v 0.00884255 0.07501234 -0.01032783
v 0.00835893 0.07305020 -0.00613021
v 0.00743782 0.06931311 -0.00350540
v 0.00632604 0.06480243 -0.00315671
v 0.00532148 0.06072679 -0.00517757
v 0.00469332 0.05817825 -0.00902650
v 0.02279761 0.05335682 -0.01367217
v 0.02328123 0.05531896 -0.01786979
v 0.02420234 0.05905605 -0.02049460
v 0.02531412 0.06356673 -0.02084329
v 0.02631868 0.06764237 -0.01882243
v 0.02637072 0.06729369 -0.01844341
v 0.02694684 0.07019091 -0.01497350
v 0.02696398 0.06970064 -0.01480831
v 0.02703028 0.07052947 -0.01032783
v 0.02704279 0.07002039 -0.01042072
v 0.02654666 0.06856733 -0.00613021
v 0.02658603 0.06816726 -0.00645631
v 0.02562555 0.06483024 -0.00350540
v 0.02571610 0.06463779 -0.00397732
v 0.02451377 0.06031956 -0.00315671
v 0.02466608 0.06037770 -0.00364800
v 0.02350921 0.05624392 -0.00517757
v 0.02371733 0.05652848 -0.00555659
v 0.02288105 0.05369538 -0.00902650
v 0.02235615 0.05309522 -0.01374018
v 0.02285944 0.05513716 -0.01810851
v 0.02381801 0.05902623 -0.02084007
v 0.02497501 0.06372036 -0.02120294
v 0.02602042 0.06796175 -0.01909989
v 0.02667412 0.07061394 -0.01509443
v 0.02676096 0.07096627 -0.01025982
v 0.02625767 0.06892433 -0.00589149
v 0.02529910 0.06503525 -0.00315992
v 0.02414210 0.06034113 -0.00279705
v 0.02309669 0.05609973 -0.00490011
v 0.02244299 0.05344754 -0.00890557
v 0.02332195 0.05910291 -0.02096653
v 0.02482422 0.06519789 -0.00303347
v -0.06362323 -0.00184452 0.01147980
v -0.06064307 -0.00220637 0.01483207
v -0.06545716 -0.00162184 0.01241482
v -0.06454019 -0.00173318 0.01681900
v -0.06750951 -0.00137264 0.01230087
v -0.06890142 -0.00120363 0.01657686
v -0.06923032 -0.00116369 0.01116848
v -0.07255816 -0.00075962 0.01417052
v -0.07015853 -0.00105099 0.00932107
v -0.07453060 -0.00052012 0.01024478
v -0.07004541 -0.00106472 0.00725366
v -0.07429022 -0.00054931 0.00585153
v -0.06892128 -0.00120122 0.00552020
v -0.07190143 -0.00083936 0.00216793
v -0.06708734 -0.00142390 0.00458518
v -0.06800431 -0.00131256 0.00018100
v -0.06503500 -0.00167310 0.00469913
v -0.06364309 -0.00184210 0.00042314
v -0.06331418 -0.00188204 0.00583152
v -0.05998635 -0.00228611 0.00282948
v -0.06238597 -0.00199475 0.00767893
v -0.05801391 -0.00252561 0.00675522
v -0.06249909 -0.00198101 0.00974634
v -0.05825429 -0.00249642 0.01114847
v -0.06009578 0.01686672 0.00767893
v -0.05572371 0.01633586 0.00675522
v -0.06102398 0.01697943 0.00583152
v -0.05769615 0.01657535 0.00282948
v -0.06274480 0.01718837 0.00469913
v -0.06135289 0.01701936 0.00042314
v -0.06479714 0.01743757 0.00458518
v -0.06571412 0.01754891 0.00018100
v -0.06663108 0.01766025 0.00552020
v -0.06961124 0.01802211 0.00216793
v -0.06775522 0.01779675 0.00725366
v -0.07200002 0.01831216 0.00585153
v -0.06786833 0.01781048 0.00932107
v -0.07224040 0.01834135 0.01024478
v -0.06694013 0.01769778 0.01116848
v -0.07026796 0.01810185 0.01417052
v -0.06521931 0.01748883 0.01230087
v -0.06661122 0.01765784 0.01657686
v -0.06316697 0.01723963 0.01241482
v -0.06224999 0.01712829 0.01681900
v -0.06133303 0.01701695 0.01147980
v -0.05835287 0.01665510 0.01483207
v -0.06020889 0.01688046 0.00974634
v -0.05596409 0.01636504 0.01114847
v -0.06704107 0.01670269 0.01752707
v -0.06421588 -0.00076521 0.01779770
v -0.06216676 0.01611084 0.01779770
v -0.05986028 -0.00129408 0.01557702
v -0.05781115 0.01558197 0.01557702
v -0.05719046 -0.00161825 0.01146006
v -0.05514134 0.01525780 0.01146006
v -0.05692180 -0.00165087 0.00654995
v -0.05487268 0.01522518 0.00654995
v -0.05912629 -0.00138320 0.00216235
v -0.05707717 0.01549285 0.00216235
v -0.06321324 -0.00088695 -0.00052707
v -0.06116412 0.01598910 -0.00052707
v -0.06808755 -0.00029510 -0.00079770
v -0.06603842 0.01658095 -0.00079770
v -0.07244315 0.00023376 0.00142298
v -0.07039403 0.01710981 0.00142298
v -0.07511297 0.00055794 0.00553994
v -0.07306385 0.01743399 0.00553994
v -0.07538163 0.00059056 0.01045005
v -0.07333250 0.01746661 0.01045005
v -0.07317714 0.00032288 0.01483765
v -0.07112801 0.01719893 0.01483765
v -0.06909019 -0.00017336 0.01752707
v -0.06438410 0.00368753 0.00469913
v -0.06503500 -0.00167310 0.00469913
v -0.06266328 0.00347859 0.00583152
v -0.06331418 -0.00188204 0.00583152
v -0.06173507 0.00336588 0.00767893
v -0.06238597 -0.00199475 0.00767893
v -0.06184819 0.00337962 0.00974634
v -0.06249909 -0.00198101 0.00974634
v -0.06297233 0.00351611 0.01147980
v -0.06362323 -0.00184452 0.01147980
v -0.06480627 0.00373879 0.01241482
v -0.06545716 -0.00162184 0.01241482
v -0.06685861 0.00398799 0.01230087
v -0.06750951 -0.00137264 0.01230087
v -0.06857943 0.00419694 0.01116848
v -0.06923032 -0.00116369 0.01116848
v -0.06950763 0.00430964 0.00932107
v -0.07015853 -0.00105099 0.00932107
v -0.06939451 0.00429591 0.00725366
v -0.07004541 -0.00106472 0.00725366
v -0.06827038 0.00415941 0.00552020
v -0.06892128 -0.00120122 0.00552020
v -0.06643644 0.00393673 0.00458518
v -0.06708734 -0.00142390 0.00458518
v -0.06451208 0.00370307 0.00749932
v -0.06266328 0.00347859 0.00583152
v -0.06416400 0.00366081 0.00819210
v -0.06173507 0.00336588 0.00767893
v -0.06420642 0.00366596 0.00896738
v -0.06184819 0.00337962 0.00974634
v -0.06462797 0.00371714 0.00961742
v -0.06297233 0.00351611 0.01147980
v -0.06531570 0.00380065 0.00996806
v -0.06480627 0.00373879 0.01241482
v -0.06608532 0.00389410 0.00992533
v -0.06685861 0.00398799 0.01230087
v -0.06673063 0.00397245 0.00950068
v -0.06857943 0.00419694 0.01116848
v -0.06707871 0.00401472 0.00880790
v -0.06950763 0.00430964 0.00932107
v -0.06703629 0.00400957 0.00803262
v -0.06939451 0.00429591 0.00725366
v -0.06661474 0.00395838 0.00738258
v -0.06827038 0.00415941 0.00552020
v -0.06592701 0.00387487 0.00703194
v -0.06643644 0.00393673 0.00458518
v -0.06515738 0.00378142 0.00707467
v -0.06438410 0.00368753 0.00469913
v -0.06587021 0.01212820 0.01230087
v -0.06521931 0.01748883 0.01230087
v -0.06381787 0.01187900 0.01241482
v -0.06316697 0.01723963 0.01241482
v -0.06198393 0.01165632 0.01147980
v -0.06133303 0.01701695 0.01147980
v -0.06085979 0.01151983 0.00974634
v -0.06020889 0.01688046 0.00974634
v -0.06074667 0.01150609 0.00767893
v -0.06009578 0.01686672 0.00767893
v -0.06167488 0.01161880 0.00583152
v -0.06102398 0.01697943 0.00583152
v -0.06339570 0.01182774 0.00469913
v -0.06274480 0.01718837 0.00469913
v -0.06544804 0.01207694 0.00458518
v -0.06479714 0.01743757 0.00458518
v -0.06728198 0.01229962 0.00552020
v -0.06663108 0.01766025 0.00552020
v -0.06840611 0.01243612 0.00725366
v -0.06775522 0.01779675 0.00725366
v -0.06851923 0.01244985 0.00932107
v -0.06786833 0.01781048 0.00932107
v -0.06759103 0.01233715 0.01116848
v -0.06694013 0.01769778 0.01116848
v -0.06432730 0.01194086 0.00996806
v -0.06381787 0.01187900 0.01241482
v -0.06363957 0.01185736 0.00961742
v -0.06198393 0.01165632 0.01147980
v -0.06321802 0.01180617 0.00896738
v -0.06085979 0.01151983 0.00974634
v -0.06317560 0.01180102 0.00819210
v -0.06074667 0.01150609 0.00767893
v -0.06352368 0.01184328 0.00749932
v -0.06167488 0.01161880 0.00583152
v -0.06416898 0.01192164 0.00707467
v -0.06339570 0.01182774 0.00469913
v -0.06493861 0.01201509 0.00703194
v -0.06544804 0.01207694 0.00458518
v -0.06562634 0.01209859 0.00738258
v -0.06728198 0.01229962 0.00552020
v -0.06604789 0.01214978 0.00803262
v -0.06840611 0.01243612 0.00725366
v -0.06609031 0.01215493 0.00880790
v -0.06851923 0.01244985 0.00932107
v -0.06574223 0.01211266 0.00950068
v -0.06759103 0.01233715 0.01116848
v -0.06509692 0.01203431 0.00992533
v -0.06587021 0.01212820 0.01230087
v -0.06416898 0.01192164 0.00707467
v -0.06515738 0.00378142 0.00707467
v -0.06352368 0.01184328 0.00749932
v -0.06451208 0.00370307 0.00749932
v -0.06317560 0.01180102 0.00819210
v -0.06416400 0.00366081 0.00819210
v -0.06321802 0.01180617 0.00896738
v -0.06420642 0.00366596 0.00896738
v -0.06363957 0.01185736 0.00961742
v -0.06462797 0.00371714 0.00961742
v -0.06432730 0.01194086 0.00996806
v -0.06531570 0.00380065 0.00996806
v -0.06509692 0.01203431 0.00992533
v -0.06608532 0.00389410 0.00992533
v -0.06574223 0.01211266 0.00950068
v -0.06673063 0.00397245 0.00950068
v -0.06609031 0.01215493 0.00880790
v -0.06707871 0.00401472 0.00880790
v -0.06604789 0.01214978 0.00803262
v -0.06703629 0.00400957 0.00803262
v -0.06562634 0.01209859 0.00738258
v -0.06661474 0.00395838 0.00738258
v -0.06493861 0.01201509 0.00703194
v -0.06592701 0.00387487 0.00703194
v -0.05711598 0.01600124 0.00225173
v -0.05494258 0.01573734 0.00657745
v -0.05520744 0.01576950 0.01141831
v -0.05514134 0.01525780 0.01146006
v -0.05783961 0.01608910 0.01547722
v -0.06213379 0.01661051 0.01766658
v -0.06693936 0.01719401 0.01739977
v -0.07096867 0.01768326 0.01474827
v -0.07314207 0.01794716 0.01042255
v -0.07287720 0.01791500 0.00558169
v -0.07306385 0.01743399 0.00553994
v -0.07024503 0.01759539 0.00152278
v -0.06595086 0.01707399 -0.00066658
v -0.06114529 0.01649048 -0.00039977
v -0.05734254 0.01639746 0.00249591
v -0.05525408 0.01614387 0.00665258
v -0.05550859 0.01617478 0.01130427
v -0.05803790 0.01648189 0.01520455
v -0.06216426 0.01698292 0.01730835
v -0.06678202 0.01754362 0.01705196
v -0.07065387 0.01801375 0.01450409
v -0.07274233 0.01826733 0.01034742
v -0.07248781 0.01823643 0.00569573
v -0.06995851 0.01792932 0.00179545
v -0.06583215 0.01742829 -0.00030835
v -0.06121438 0.01686759 -0.00005196
v -0.05960044 -0.00219801 0.00249591
v -0.05751197 -0.00245160 0.00665258
v -0.05776649 -0.00242069 0.01130427
v -0.06029579 -0.00211358 0.01520455
v -0.06442216 -0.00161255 0.01730835
v -0.06454019 -0.00173318 0.01681900
v -0.06903992 -0.00105185 0.01705196
v -0.06890142 -0.00120363 0.01657686
v -0.07291177 -0.00058172 0.01450409
v -0.07255816 -0.00075962 0.01417052
v -0.07500023 -0.00032814 0.01034742
v -0.07453060 -0.00052012 0.01024478
v -0.07474571 -0.00035904 0.00569573
v -0.07429022 -0.00054931 0.00585153
v -0.07221641 -0.00066616 0.00179545
v -0.07190143 -0.00083936 0.00216793
v -0.06809005 -0.00116719 -0.00030835
v -0.06800431 -0.00131256 0.00018100
v -0.06347228 -0.00172789 -0.00005196
v -0.05928564 -0.00186752 0.00225173
v -0.05711224 -0.00213142 0.00657745
v -0.05737710 -0.00209926 0.01141831
v -0.06000927 -0.00177966 0.01547722
v -0.06430345 -0.00125825 0.01766658
v -0.06910902 -0.00067475 0.01739977
v -0.07313833 -0.00018550 0.01474827
v -0.07531173 0.00007840 0.01042255
v -0.07504686 0.00004624 0.00558169
v -0.07241470 -0.00027337 0.00152278
v -0.06812052 -0.00079477 -0.00066658
v -0.06331495 -0.00137828 -0.00039977
v -0.05719046 -0.00161825 0.01146006
v -0.07511297 0.00055794 0.00553994
v -0.05913586 0.03258752 -0.01593035
v -0.05991761 0.03288400 -0.02035200
v -0.06088023 0.03324908 -0.01503219
v -0.06362440 0.03428980 -0.01844341
v -0.06197100 0.03366275 -0.01332156
v -0.06594230 0.03516887 -0.01480831
v -0.06211590 0.03371771 -0.01125681
v -0.06625022 0.03528564 -0.01042072
v -0.06127611 0.03339921 -0.00939120
v -0.06446565 0.03460885 -0.00645631
v -0.05967664 0.03279261 -0.00822462
v -0.06106677 0.03331982 -0.00397732
v -0.05774607 0.03206044 -0.00806965
v -0.05696431 0.03176396 -0.00364800
v -0.05600169 0.03139889 -0.00896781
v -0.05325752 0.03035816 -0.00555659
v -0.05491092 0.03098521 -0.01067844
v -0.05093962 0.02947910 -0.00919169
v -0.05476602 0.03093026 -0.01274319
v -0.05063171 0.02936232 -0.01357928
v -0.05560581 0.03124875 -0.01460880
v -0.05241627 0.03003912 -0.01754369
v -0.05720529 0.03185535 -0.01577538
v -0.05581515 0.03132814 -0.02002268
v -0.06234331 0.01348345 -0.01460880
v -0.05915377 0.01227381 -0.01754369
v -0.06150351 0.01316495 -0.01274319
v -0.05736920 0.01159702 -0.01357928
v -0.06164841 0.01321991 -0.01067844
v -0.05767712 0.01171379 -0.00919169
v -0.06273919 0.01363358 -0.00896781
v -0.05999501 0.01259285 -0.00555659
v -0.06448356 0.01429514 -0.00806965
v -0.06370180 0.01399866 -0.00364800
v -0.06641413 0.01502731 -0.00822462
v -0.06780427 0.01555451 -0.00397732
v -0.06801360 0.01563390 -0.00939120
v -0.07120314 0.01684354 -0.00645631
v -0.06885340 0.01595240 -0.01125681
v -0.07298771 0.01752033 -0.01042072
v -0.06870850 0.01589744 -0.01332156
v -0.07267979 0.01740356 -0.01480831
v -0.06761772 0.01548377 -0.01503219
v -0.07036190 0.01652450 -0.01844341
v -0.06587335 0.01482221 -0.01593035
v -0.06665510 0.01511869 -0.02035200
v -0.06394278 0.01409004 -0.01577538
v -0.06255264 0.01356284 -0.02002268
v -0.07320770 0.01867327 -0.01513869
v -0.06458883 0.03358606 -0.01920145
v -0.07061711 0.01769078 -0.01920145
v -0.06044594 0.03201487 -0.02133459
v -0.06647422 0.01611960 -0.02133459
v -0.05586084 0.03027597 -0.02096653
v -0.06188912 0.01438069 -0.02096653
v -0.05206209 0.02883530 -0.01819589
v -0.05809037 0.01294002 -0.01819589
v -0.05006758 0.02807888 -0.01376507
v -0.05609586 0.01218360 -0.01376507
v -0.05041172 0.02820939 -0.00886131
v -0.05644000 0.01231412 -0.00886131
v -0.05300231 0.02919187 -0.00479855
v -0.05903059 0.01329660 -0.00479855
v -0.05714519 0.03076306 -0.00266541
v -0.06317348 0.01486779 -0.00266541
v -0.06173030 0.03250196 -0.00303347
v -0.06775858 0.01660669 -0.00303347
v -0.06552904 0.03394264 -0.00580411
v -0.07155732 0.01804736 -0.00580411
v -0.06752356 0.03469906 -0.01023493
v -0.07355184 0.01880378 -0.01023493
v -0.06717941 0.03456854 -0.01513869
v -0.05682579 0.02593613 -0.01067844
v -0.05491092 0.03098521 -0.01067844
v -0.05668088 0.02588117 -0.01274319
v -0.05476602 0.03093026 -0.01274319
v -0.05752068 0.02619967 -0.01460880
v -0.05560581 0.03124875 -0.01460880
v -0.05912015 0.02680627 -0.01577538
v -0.05720529 0.03185535 -0.01577538
v -0.06105072 0.02753843 -0.01593035
v -0.05913586 0.03258752 -0.01593035
v -0.06279509 0.02819999 -0.01503219
v -0.06088023 0.03324908 -0.01503219
v -0.06388587 0.02861366 -0.01332156
v -0.06197100 0.03366275 -0.01332156
v -0.06403077 0.02866862 -0.01125681
v -0.06211590 0.03371771 -0.01125681
v -0.06319097 0.02835013 -0.00939120
v -0.06127611 0.03339921 -0.00939120
v -0.06159150 0.02774353 -0.00822462
v -0.05967664 0.03279261 -0.00822462
v -0.05966093 0.02701136 -0.00806965
v -0.05774607 0.03206044 -0.00806965
v -0.05791656 0.02634980 -0.00896781
v -0.05600169 0.03139889 -0.00896781
v -0.05897772 0.02675225 -0.01227870
v -0.05668088 0.02588117 -0.01274319
v -0.05929265 0.02687168 -0.01297830
v -0.05752068 0.02619967 -0.01460880
v -0.05989245 0.02709916 -0.01341577
v -0.05912015 0.02680627 -0.01577538
v -0.06061641 0.02737372 -0.01347388
v -0.06105072 0.02753843 -0.01593035
v -0.06127055 0.02762181 -0.01313707
v -0.06279509 0.02819999 -0.01503219
v -0.06167959 0.02777693 -0.01249558
v -0.06388587 0.02861366 -0.01332156
v -0.06173393 0.02779754 -0.01172130
v -0.06403077 0.02866862 -0.01125681
v -0.06141901 0.02767811 -0.01102170
v -0.06319097 0.02835013 -0.00939120
v -0.06081921 0.02745063 -0.01058423
v -0.06159150 0.02774353 -0.00822462
v -0.06009524 0.02717607 -0.01052612
v -0.05966093 0.02701136 -0.00806965
v -0.05944110 0.02692799 -0.01086293
v -0.05791656 0.02634980 -0.00896781
v -0.05903206 0.02677286 -0.01150442
v -0.05682579 0.02593613 -0.01067844
v -0.06679363 0.02094653 -0.01332156
v -0.06870850 0.01589744 -0.01332156
v -0.06570285 0.02053285 -0.01503219
v -0.06761772 0.01548377 -0.01503219
v -0.06395848 0.01987130 -0.01593035
v -0.06587335 0.01482221 -0.01593035
v -0.06202791 0.01913913 -0.01577538
v -0.06394278 0.01409004 -0.01577538
v -0.06042844 0.01853253 -0.01460880
v -0.06234331 0.01348345 -0.01460880
v -0.05958864 0.01821404 -0.01274319
v -0.06150351 0.01316495 -0.01274319
v -0.05973355 0.01826899 -0.01067844
v -0.06164841 0.01321991 -0.01067844
v -0.06082432 0.01868267 -0.00896781
v -0.06273919 0.01363358 -0.00896781
v -0.06256869 0.01934422 -0.00806965
v -0.06448356 0.01429514 -0.00806965
v -0.06449926 0.02007639 -0.00822462
v -0.06641413 0.01502731 -0.00822462
v -0.06609874 0.02068299 -0.00939120
v -0.06801360 0.01563390 -0.00939120
v -0.06693853 0.02100149 -0.01125681
v -0.06885340 0.01595240 -0.01125681
v -0.06417831 0.01995467 -0.01313707
v -0.06570285 0.02053285 -0.01503219
v -0.06352417 0.01970659 -0.01347388
v -0.06395848 0.01987130 -0.01593035
v -0.06280021 0.01943203 -0.01341577
v -0.06202791 0.01913913 -0.01577538
v -0.06220041 0.01920455 -0.01297830
v -0.06042844 0.01853253 -0.01460880
v -0.06188548 0.01908512 -0.01227870
v -0.05958864 0.01821404 -0.01274319
v -0.06193982 0.01910572 -0.01150442
v -0.05973355 0.01826899 -0.01067844
v -0.06234886 0.01926085 -0.01086293
v -0.06082432 0.01868267 -0.00896781
v -0.06300300 0.01950894 -0.01052612
v -0.06256869 0.01934422 -0.00806965
v -0.06372697 0.01978350 -0.01058423
v -0.06449926 0.02007639 -0.00822462
v -0.06432677 0.02001097 -0.01102170
v -0.06609874 0.02068299 -0.00939120
v -0.06464169 0.02013041 -0.01172130
v -0.06693853 0.02100149 -0.01125681
v -0.06458735 0.02010980 -0.01249558
v -0.06679363 0.02094653 -0.01332156
v -0.06193982 0.01910572 -0.01150442
v -0.05903206 0.02677286 -0.01150442
v -0.06188548 0.01908512 -0.01227870
v -0.05897772 0.02675225 -0.01227870
v -0.06220041 0.01920455 -0.01297830
v -0.05929265 0.02687168 -0.01297830
v -0.06280021 0.01943203 -0.01341577
v -0.05989245 0.02709916 -0.01341577
v -0.06352417 0.01970659 -0.01347388
v -0.06061641 0.02737372 -0.01347388
v -0.06417831 0.01995467 -0.01313707
v -0.06127055 0.02762181 -0.01313707
v -0.06458735 0.02010980 -0.01249558
v -0.06167959 0.02777693 -0.01249558
v -0.06464169 0.02013041 -0.01172130
v -0.06173393 0.02779754 -0.01172130
v -0.06432677 0.02001097 -0.01102170
v -0.06141901 0.02767811 -0.01102170
v -0.06372697 0.01978350 -0.01058423
v -0.06081921 0.02745063 -0.01058423
v -0.06300300 0.01950894 -0.01052612
v -0.06009524 0.02717607 -0.01052612
v -0.06234886 0.01926085 -0.01086293
v -0.05944110 0.02692799 -0.01086293
v -0.05639625 0.01176277 -0.01374018
v -0.05836264 0.01250853 -0.01810851
v -0.06210781 0.01392888 -0.02084007
v -0.06188912 0.01438069 -0.02096653
v -0.06662825 0.01564326 -0.02120295
v -0.07071271 0.01719229 -0.01909989
v -0.07326677 0.01816092 -0.01509443
v -0.07360605 0.01828959 -0.01025982
v -0.07163967 0.01754384 -0.00589149
v -0.06789449 0.01612348 -0.00315993
v -0.06775858 0.01660669 -0.00303347
v -0.06337405 0.01440911 -0.00279705
v -0.05928959 0.01286007 -0.00490011
v -0.05673554 0.01189145 -0.00890557
v -0.05686232 0.01154807 -0.01367217
v -0.05875186 0.01226468 -0.01786979
v -0.06235068 0.01362953 -0.02049460
v -0.06669446 0.01527690 -0.02084329
v -0.07061930 0.01676540 -0.01882243
v -0.07307354 0.01769617 -0.01497350
v -0.07339957 0.01781982 -0.01032783
v -0.07151003 0.01710321 -0.00613021
v -0.06791122 0.01573836 -0.00350540
v -0.06356744 0.01409098 -0.00315671
v -0.05964259 0.01260249 -0.00517757
v -0.05718835 0.01167172 -0.00902650
v -0.05021985 0.02906284 -0.01367217
v -0.05210939 0.02977945 -0.01786979
v -0.05570820 0.03114430 -0.02049460
v -0.06005198 0.03279168 -0.02084329
v -0.06397682 0.03428017 -0.01882243
v -0.06362440 0.03428980 -0.01844341
v -0.06643106 0.03521094 -0.01497350
v -0.06594230 0.03516887 -0.01480831
v -0.06675709 0.03533459 -0.01032782
v -0.06625022 0.03528564 -0.01042072
v -0.06486755 0.03461798 -0.00613021
v -0.06446565 0.03460885 -0.00645631
v -0.06126874 0.03325313 -0.00350540
v -0.06106677 0.03331982 -0.00397732
v -0.05692496 0.03160575 -0.00315671
v -0.05696431 0.03176396 -0.00364800
v -0.05300012 0.03011726 -0.00517757
v -0.05325752 0.03035816 -0.00555659
v -0.05054588 0.02918649 -0.00902650
v -0.05001336 0.02859307 -0.01374018
v -0.05197975 0.02933882 -0.01810851
v -0.05572492 0.03075918 -0.02084007
v -0.06024536 0.03247355 -0.02120295
v -0.06432982 0.03402258 -0.01909989
v -0.06688388 0.03499121 -0.01509443
v -0.06722317 0.03511989 -0.01025982
v -0.06525678 0.03437413 -0.00589149
v -0.06151161 0.03295378 -0.00315992
v -0.05699117 0.03123940 -0.00279705
v -0.05290670 0.02969037 -0.00490011
v -0.05035265 0.02872174 -0.00890557
v -0.05586084 0.03027597 -0.02096653
v -0.06173030 0.03250196 -0.00303347
v -0.05547838 -0.03120042 0.01147980
v -0.05267142 -0.03013588 0.01483207
v -0.05720574 -0.03185552 0.01241482
v -0.05634205 -0.03152797 0.01681900
v -0.05913880 -0.03258864 0.01230087
v -0.06044982 -0.03308584 0.01657686
v -0.06075961 -0.03320333 0.01116848
v -0.06389404 -0.03439206 0.01417052
v -0.06163388 -0.03353490 0.00932107
v -0.06575185 -0.03509664 0.01024478
v -0.06152733 -0.03349449 0.00725366
v -0.06552544 -0.03501077 0.00585153
v -0.06046853 -0.03309294 0.00552020
v -0.06327549 -0.03415748 0.00216793
v -0.05874117 -0.03243784 0.00458518
v -0.05960485 -0.03276539 0.00018100
v -0.05680810 -0.03170472 0.00469913
v -0.05549709 -0.03120752 0.00042314
v -0.05518729 -0.03109003 0.00583152
v -0.05205286 -0.02990130 0.00282948
v -0.05431303 -0.03075846 0.00767893
v -0.05019505 -0.02919672 0.00675522
v -0.05441957 -0.03079887 0.00974634
v -0.05042146 -0.02928259 0.01114847
v -0.06105052 -0.01299316 0.00767893
v -0.05693255 -0.01143141 0.00675522
v -0.06192478 -0.01332472 0.00583152
v -0.05879035 -0.01213599 0.00282948
v -0.06354560 -0.01393941 0.00469913
v -0.06223458 -0.01344221 0.00042314
v -0.06547866 -0.01467253 0.00458518
v -0.06634234 -0.01500008 0.00018100
v -0.06720602 -0.01532763 0.00552020
v -0.07001298 -0.01639217 0.00216793
v -0.06826482 -0.01572918 0.00725366
v -0.07226294 -0.01724546 0.00585153
v -0.06837137 -0.01576959 0.00932107
v -0.07248934 -0.01733133 0.01024478
v -0.06749711 -0.01543802 0.01116848
v -0.07063154 -0.01662676 0.01417052
v -0.06587629 -0.01482333 0.01230087
v -0.06718731 -0.01532053 0.01657686
v -0.06394323 -0.01409022 0.01241482
v -0.06307955 -0.01376266 0.01681900
v -0.06221587 -0.01343512 0.01147980
v -0.05940891 -0.01237058 0.01483207
v -0.06115707 -0.01303356 0.00974634
v -0.05715895 -0.01151728 0.01114847
v -0.06712404 -0.01636604 0.01752707
v -0.05650473 -0.03052017 0.01779770
v -0.06253301 -0.01462489 0.01779770
v -0.05240226 -0.02896430 0.01557702
v -0.05843054 -0.01306903 0.01557702
v -0.04988760 -0.02801062 0.01146006
v -0.05591588 -0.01211534 0.01146006
v -0.04963455 -0.02791465 0.00654995
v -0.05566284 -0.01201938 0.00654995
v -0.05171093 -0.02870212 0.00216235
v -0.05773921 -0.01280684 0.00216235
v -0.05556035 -0.03016201 -0.00052707
v -0.06158864 -0.01426674 -0.00052707
v -0.06015139 -0.03190316 -0.00079770
v -0.06617967 -0.01600789 -0.00079770
v -0.06425386 -0.03345902 0.00142298
v -0.07028214 -0.01756375 0.00142298
v -0.06676852 -0.03441271 0.00553994
v -0.07279680 -0.01851743 0.00553994
v -0.06702156 -0.03450867 0.01045005
v -0.07304984 -0.01861340 0.01045005
v -0.06494519 -0.03372121 0.01483765
v -0.07097347 -0.01782593 0.01483765
v -0.06109576 -0.03226132 0.01752707
v -0.05872297 -0.02665563 0.00469913
v -0.05680810 -0.03170472 0.00469913
v -0.05710216 -0.02604094 0.00583152
v -0.05518729 -0.03109003 0.00583152
v -0.05622790 -0.02570938 0.00767893
v -0.05431303 -0.03075846 0.00767893
v -0.05633444 -0.02574979 0.00974634
v -0.05441957 -0.03079887 0.00974634
v -0.05739324 -0.02615134 0.01147980
v -0.05547838 -0.03120042 0.01147980
v -0.05912060 -0.02680644 0.01241482
v -0.05720574 -0.03185552 0.01241482
v -0.06105367 -0.02753955 0.01230087
v -0.05913880 -0.03258864 0.01230087
v -0.06267448 -0.02815424 0.01116848
v -0.06075961 -0.03320333 0.01116848
v -0.06354874 -0.02848581 0.00932107
v -0.06163388 -0.03353490 0.00932107
v -0.06344220 -0.02844540 0.00725366
v -0.06152733 -0.03349449 0.00725366
v -0.06238339 -0.02804385 0.00552020
v -0.06046853 -0.03309294 0.00552020
v -0.06065604 -0.02738875 0.00458518
v -0.05874117 -0.03243784 0.00458518
v -0.05884351 -0.02670135 0.00749932
v -0.05710216 -0.02604094 0.00583152
v -0.05851566 -0.02657701 0.00819210
v -0.05622790 -0.02570938 0.00767893
v -0.05855561 -0.02659217 0.00896738
v -0.05633444 -0.02574979 0.00974634
v -0.05895267 -0.02674275 0.00961742
v -0.05739324 -0.02615134 0.01147980
v -0.05960042 -0.02698841 0.00996806
v -0.05912060 -0.02680644 0.01241482
v -0.06032532 -0.02726333 0.00992533
v -0.06105367 -0.02753955 0.01230087
v -0.06093313 -0.02749384 0.00950068
v -0.06267448 -0.02815424 0.01116848
v -0.06126098 -0.02761817 0.00880790
v -0.06354874 -0.02848581 0.00932107
v -0.06122102 -0.02760302 0.00803262
v -0.06344220 -0.02844540 0.00725366
v -0.06082397 -0.02745244 0.00738258
v -0.06238339 -0.02804385 0.00552020
v -0.06017621 -0.02720678 0.00703194
v -0.06065604 -0.02738875 0.00458518
v -0.05945131 -0.02693186 0.00707467
v -0.05872297 -0.02665563 0.00469913
v -0.06396143 -0.01987242 0.01230087
v -0.06587629 -0.01482333 0.01230087
v -0.06202836 -0.01913930 0.01241482
v -0.06394323 -0.01409022 0.01241482
v -0.06030100 -0.01848420 0.01147980
v -0.06221587 -0.01343512 0.01147980
v -0.05924220 -0.01808265 0.00974634
v -0.06115707 -0.01303356 0.00974634
v -0.05913566 -0.01804224 0.00767893
v -0.06105052 -0.01299316 0.00767893
v -0.06000992 -0.01837381 0.00583152
v -0.06192478 -0.01332472 0.00583152
v -0.06163073 -0.01898850 0.00469913
v -0.06354560 -0.01393941 0.00469913
v -0.06356380 -0.01972162 0.00458518
v -0.06547866 -0.01467253 0.00458518
v -0.06529115 -0.02037672 0.00552020
v -0.06720602 -0.01532763 0.00552020
v -0.06634996 -0.02077827 0.00725366
v -0.06826482 -0.01572918 0.00725366
v -0.06645650 -0.02081868 0.00932107
v -0.06837137 -0.01576959 0.00932107
v -0.06558224 -0.02048711 0.01116848
v -0.06749711 -0.01543802 0.01116848
v -0.06250818 -0.01932128 0.00996806
v -0.06202836 -0.01913930 0.01241482
v -0.06186043 -0.01907561 0.00961742
v -0.06030100 -0.01848420 0.01147980
v -0.06146337 -0.01892503 0.00896738
v -0.05924220 -0.01808265 0.00974634
v -0.06142342 -0.01890988 0.00819210
v -0.05913566 -0.01804224 0.00767893
v -0.06175127 -0.01903422 0.00749932
v -0.06000992 -0.01837381 0.00583152
v -0.06235907 -0.01926473 0.00707467
v -0.06163073 -0.01898850 0.00469913
v -0.06308397 -0.01953964 0.00703194
v -0.06356380 -0.01972162 0.00458518
v -0.06373173 -0.01978531 0.00738258
v -0.06529115 -0.02037672 0.00552020
v -0.06412878 -0.01993589 0.00803262
v -0.06634996 -0.02077827 0.00725366
v -0.06416874 -0.01995104 0.00880790
v -0.06645650 -0.02081868 0.00932107
v -0.06384089 -0.01982670 0.00950068
v -0.06558224 -0.02048711 0.01116848
v -0.06323308 -0.01959619 0.00992533
v -0.06396143 -0.01987242 0.01230087
v -0.06235907 -0.01926473 0.00707467
v -0.05945131 -0.02693186 0.00707467
v -0.06175127 -0.01903422 0.00749932
v -0.05884351 -0.02670135 0.00749932
v -0.06142342 -0.01890988 0.00819210
v -0.05851566 -0.02657701 0.00819210
v -0.06146337 -0.01892503 0.00896738
v -0.05855561 -0.02659217 0.00896738
v -0.06186043 -0.01907561 0.00961742
v -0.05895267 -0.02674275 0.00961742
v -0.06250818 -0.01932128 0.00996806
v -0.05960042 -0.02698841 0.00996806
v -0.06323308 -0.01959619 0.00992533
v -0.06032532 -0.02726333 0.00992533
v -0.06384089 -0.01982670 0.00950068
v -0.06093313 -0.02749384 0.00950068
v -0.06416874 -0.01995104 0.00880790
v -0.06126098 -0.02761817 0.00880790
v -0.06412878 -0.01993589 0.00803262
v -0.06122102 -0.02760302 0.00803262
v -0.06373173 -0.01978531 0.00738258
v -0.06082397 -0.02745244 0.00738258
v -0.06308397 -0.01953964 0.00703194
v -0.06017621 -0.02720678 0.00703194
v -0.05800983 -0.01237472 0.00225173
v -0.05596274 -0.01159837 0.00657745
v -0.05621221 -0.01169298 0.01141831
v -0.05591588 -0.01211534 0.01146006
v -0.05869141 -0.01263321 0.01547722
v -0.06273603 -0.01416713 0.01766658
v -0.06726231 -0.01588373 0.01739977
v -0.07105746 -0.01732304 0.01474827
v -0.07310455 -0.01809939 0.01042255
v -0.07285507 -0.01800478 0.00558169
v -0.07279680 -0.01851743 0.00553994
v -0.07037588 -0.01706455 0.00152278
v -0.06633126 -0.01553063 -0.00066658
v -0.06180497 -0.01381403 -0.00039977
v -0.05839458 -0.01212918 0.00249591
v -0.05642749 -0.01138316 0.00665258
v -0.05666721 -0.01147407 0.01130427
v -0.05904952 -0.01237756 0.01520455
v -0.06293607 -0.01385154 0.01730835
v -0.06728547 -0.01550105 0.01705196
v -0.07093230 -0.01688411 0.01450409
v -0.07289939 -0.01763012 0.01034742
v -0.07265966 -0.01753921 0.00569573
v -0.07027735 -0.01663572 0.00179545
v -0.06639080 -0.01516174 -0.00030835
v -0.06204140 -0.01351223 -0.00005196
v -0.05175210 -0.02964395 0.00249591
v -0.04978501 -0.02889793 0.00665258
v -0.05002474 -0.02898884 0.01130427
v -0.05240704 -0.02989233 0.01520455
v -0.05629360 -0.03136631 0.01730835
v -0.05634205 -0.03152797 0.01681900
v -0.06064300 -0.03301582 0.01705196
v -0.06044982 -0.03308584 0.01657686
v -0.06428982 -0.03439888 0.01450409
v -0.06389404 -0.03439206 0.01417052
v -0.06625691 -0.03514490 0.01034742
v -0.06575185 -0.03509664 0.01024478
v -0.06601719 -0.03505398 0.00569573
v -0.06552544 -0.03501077 0.00585153
v -0.06363488 -0.03415049 0.00179545
v -0.06327549 -0.03415748 0.00216793
v -0.05974832 -0.03267651 -0.00030835
v -0.05960485 -0.03276539 0.00018100
v -0.05539893 -0.03102701 -0.00005196
v -0.05162694 -0.02920502 0.00225173
v -0.04957985 -0.02842866 0.00657745
v -0.04982933 -0.02852327 0.01141831
v -0.05230852 -0.02946351 0.01547722
v -0.05635314 -0.03099743 0.01766658
v -0.06087943 -0.03271402 0.01739977
v -0.06467457 -0.03415333 0.01474827
v -0.06672166 -0.03492969 0.01042255
v -0.06647218 -0.03483507 0.00558169
v -0.06399299 -0.03389484 0.00152278
v -0.05994837 -0.03236092 -0.00066658
v -0.05542208 -0.03064432 -0.00039977
v -0.04988760 -0.02801062 0.01146006
v -0.06676852 -0.03441271 0.00553994
v -0.03721802 0.05633662 -0.01593035
v -0.03777245 0.05696244 -0.02035200
v -0.03845515 0.05773304 -0.01503219
v -0.04040134 0.05992985 -0.01844341
v -0.03922874 0.05860624 -0.01332156
v -0.04204522 0.06178540 -0.01480831
v -0.03933150 0.05872224 -0.01125681
v -0.04226360 0.06203189 -0.01042072
v -0.03873591 0.05804996 -0.00939120
v -0.04099796 0.06060329 -0.00645631
v -0.03760155 0.05676953 -0.00822462
v -0.03858745 0.05788238 -0.00397732
v -0.03623237 0.05522405 -0.00806965
v -0.03567794 0.05459823 -0.00364800
v -0.03499524 0.05382762 -0.00896781
v -0.03304905 0.05163082 -0.00555659
v -0.03422166 0.05295442 -0.01067844
v -0.03140517 0.04977527 -0.00919169
v -0.03411889 0.05283842 -0.01274319
v -0.03118680 0.04952877 -0.01357928
v -0.03471448 0.05351070 -0.01460880
v -0.03245243 0.05095737 -0.01754369
v -0.03584884 0.05479113 -0.01577538
v -0.03486294 0.05367828 -0.02002268
v -0.04893619 0.04091137 -0.01460880
v -0.04667413 0.03835804 -0.01754369
v -0.04834059 0.04023909 -0.01274319
v -0.04540850 0.03692944 -0.01357928
v -0.04844336 0.04035509 -0.01067844
v -0.04562688 0.03717594 -0.00919169
v -0.04921695 0.04122829 -0.00896781
v -0.04727075 0.03903149 -0.00555659
v -0.05045407 0.04262472 -0.00806965
v -0.04989965 0.04199890 -0.00364800
v -0.05182325 0.04417020 -0.00822462
v -0.05280915 0.04528305 -0.00397732
v -0.05295761 0.04545063 -0.00939120
v -0.05521967 0.04800396 -0.00645631
v -0.05355321 0.04612291 -0.01125681
v -0.05648530 0.04943256 -0.01042072
v -0.05345044 0.04600691 -0.01332156
v -0.05626692 0.04918607 -0.01480831
v -0.05267685 0.04513371 -0.01503219
v -0.05462305 0.04733052 -0.01844341
v -0.05143973 0.04373729 -0.01593035
v -0.05199415 0.04436311 -0.02035200
v -0.05007055 0.04219180 -0.01577538
v -0.04908465 0.04107895 -0.02002268
v -0.05614430 0.05055567 -0.01513870
v -0.04158234 0.05975490 -0.01920145
v -0.05430703 0.04848182 -0.01920145
v -0.03864417 0.05643839 -0.02133459
v -0.05136885 0.04516530 -0.02133459
v -0.03539237 0.05276786 -0.02096653
v -0.04811705 0.04149478 -0.02096653
v -0.03269826 0.04972684 -0.01819589
v -0.04542294 0.03845376 -0.01819589
v -0.03128373 0.04813017 -0.01376507
v -0.04400841 0.03685709 -0.01376507
v -0.03152780 0.04840567 -0.00886130
v -0.04425248 0.03713258 -0.00886130
v -0.03336507 0.05047952 -0.00479855
v -0.04608975 0.03920643 -0.00479855
v -0.03630325 0.05379603 -0.00266541
v -0.04902793 0.04252295 -0.00266541
v -0.03955505 0.05746656 -0.00303347
v -0.05227973 0.04619347 -0.00303347
v -0.04224915 0.06050757 -0.00580411
v -0.05497384 0.04923449 -0.00580411
v -0.04366368 0.06210425 -0.01023493
v -0.05638837 0.05083116 -0.01023493
v -0.04341961 0.06182875 -0.01513870
v -0.03826361 0.04937356 -0.01067844
v -0.03422166 0.05295442 -0.01067844
v -0.03816085 0.04925756 -0.01274319
v -0.03411889 0.05283842 -0.01274319
v -0.03875644 0.04992984 -0.01460880
v -0.03471448 0.05351070 -0.01460880
v -0.03989080 0.05121027 -0.01577538
v -0.03584884 0.05479113 -0.01577538
v -0.04125998 0.05275576 -0.01593035
v -0.03721802 0.05633662 -0.01593035
v -0.04249711 0.05415218 -0.01503219
v -0.03845515 0.05773304 -0.01503219
v -0.04327069 0.05502538 -0.01332156
v -0.03922874 0.05860624 -0.01332156
v -0.04337346 0.05514138 -0.01125681
v -0.03933150 0.05872224 -0.01125681
v -0.04277787 0.05446910 -0.00939120
v -0.03873591 0.05804996 -0.00939120
v -0.04164351 0.05318867 -0.00822462
v -0.03760155 0.05676953 -0.00822462
v -0.04027433 0.05164319 -0.00806965
v -0.03623237 0.05522405 -0.00806965
v -0.03903720 0.05024676 -0.00896781
v -0.03499524 0.05382762 -0.00896781
v -0.03978979 0.05109625 -0.01227870
v -0.03816085 0.04925756 -0.01274319
v -0.04001314 0.05134836 -0.01297830
v -0.03875644 0.04992984 -0.01460880
v -0.04043852 0.05182852 -0.01341577
v -0.03989080 0.05121027 -0.01577538
v -0.04095196 0.05240808 -0.01347388
v -0.04125998 0.05275576 -0.01593035
v -0.04141589 0.05293174 -0.01313707
v -0.04249711 0.05415218 -0.01503219
v -0.04170598 0.05325919 -0.01249558
v -0.04327069 0.05502538 -0.01332156
v -0.04174452 0.05330269 -0.01172130
v -0.04337346 0.05514138 -0.01125681
v -0.04152117 0.05305058 -0.01102170
v -0.04277787 0.05446910 -0.00939120
v -0.04109579 0.05257042 -0.01058423
v -0.04164351 0.05318867 -0.00822462
v -0.04058234 0.05199086 -0.01052612
v -0.04027433 0.05164319 -0.00806965
v -0.04011842 0.05146720 -0.01086293
v -0.03903720 0.05024676 -0.00896781
v -0.03982833 0.05113975 -0.01150442
v -0.03826361 0.04937356 -0.01067844
v -0.04940848 0.04958778 -0.01332156
v -0.05345044 0.04600691 -0.01332156
v -0.04863489 0.04871458 -0.01503219
v -0.05267685 0.04513371 -0.01503219
v -0.04739777 0.04731815 -0.01593035
v -0.05143973 0.04373729 -0.01593035
v -0.04602859 0.04577267 -0.01577538
v -0.05007055 0.04219180 -0.01577538
v -0.04489423 0.04449224 -0.01460880
v -0.04893619 0.04091137 -0.01460880
v -0.04429864 0.04381995 -0.01274319
v -0.04834059 0.04023909 -0.01274319
v -0.04440140 0.04393595 -0.01067844
v -0.04844336 0.04035509 -0.01067844
v -0.04517499 0.04480915 -0.00896781
v -0.04921695 0.04122829 -0.00896781
v -0.04641212 0.04620558 -0.00806965
v -0.05045407 0.04262472 -0.00806965
v -0.04778130 0.04775106 -0.00822462
v -0.05182325 0.04417020 -0.00822462
v -0.04891566 0.04903149 -0.00939120
v -0.05295761 0.04545063 -0.00939120
v -0.04951125 0.04970378 -0.01125681
v -0.05355321 0.04612291 -0.01125681
v -0.04755367 0.04749413 -0.01313707
v -0.04863489 0.04871458 -0.01503219
v -0.04708975 0.04697047 -0.01347388
v -0.04739777 0.04731815 -0.01593035
v -0.04657631 0.04639091 -0.01341577
v -0.04602859 0.04577267 -0.01577538
v -0.04615092 0.04591075 -0.01297830
v -0.04489423 0.04449224 -0.01460880
v -0.04592758 0.04565865 -0.01227870
v -0.04429864 0.04381995 -0.01274319
v -0.04596611 0.04570215 -0.01150442
v -0.04440140 0.04393595 -0.01067844
v -0.04625621 0.04602960 -0.01086293
v -0.04517499 0.04480915 -0.00896781
v -0.04672013 0.04655326 -0.01052612
v -0.04641212 0.04620558 -0.00806965
v -0.04723357 0.04713281 -0.01058423
v -0.04778130 0.04775106 -0.00822462
v -0.04765896 0.04761297 -0.01102170
v -0.04891566 0.04903149 -0.00939120
v -0.04788231 0.04786508 -0.01172130
v -0.04951125 0.04970378 -0.01125681
v -0.04784377 0.04782158 -0.01249558
v -0.04940848 0.04958778 -0.01332156
v -0.04596611 0.04570215 -0.01150442
v -0.03982833 0.05113975 -0.01150442
v -0.04592758 0.04565865 -0.01227870
v -0.03978979 0.05109625 -0.01227870
v -0.04615092 0.04591075 -0.01297830
v -0.04001314 0.05134836 -0.01297830
v -0.04657631 0.04639091 -0.01341577
v -0.04043852 0.05182852 -0.01341577
v -0.04708975 0.04697047 -0.01347388
v -0.04095196 0.05240808 -0.01347388
v -0.04755367 0.04749413 -0.01313707
v -0.04141589 0.05293174 -0.01313707
v -0.04784377 0.04782158 -0.01249558
v -0.04170598 0.05325919 -0.01249558
v -0.04788231 0.04786508 -0.01172130
v -0.04174452 0.05330269 -0.01172130
v -0.04765896 0.04761297 -0.01102170
v -0.04152117 0.05305058 -0.01102170
v -0.04723357 0.04713281 -0.01058423
v -0.04109579 0.05257042 -0.01058423
v -0.04672013 0.04655326 -0.01052612
v -0.04058234 0.05199086 -0.01052612
v -0.04625621 0.04602960 -0.01086293
v -0.04011842 0.05146720 -0.01086293
v -0.04446996 0.03662406 -0.01374018
v -0.04586454 0.03819822 -0.01810851
v -0.04852066 0.04119635 -0.02084007
v -0.04811705 0.04149478 -0.02096653
v -0.05172660 0.04481511 -0.02120295
v -0.05462334 0.04808485 -0.01909989
v -0.05643470 0.05012945 -0.01509443
v -0.05667533 0.05040107 -0.01025982
v -0.05528075 0.04882691 -0.00589149
v -0.05262463 0.04582878 -0.00315993
v -0.05227973 0.04619347 -0.00303347
v -0.04941869 0.04221002 -0.00279705
v -0.04652195 0.03894028 -0.00490011
v -0.04471059 0.03689567 -0.00890557
v -0.04498243 0.03665054 -0.01367217
v -0.04632251 0.03816318 -0.01786979
v -0.04887482 0.04104415 -0.02049460
v -0.05195548 0.04452148 -0.02084329
v -0.05473901 0.04766345 -0.01882243
v -0.05647958 0.04962815 -0.01497350
v -0.05671081 0.04988914 -0.01032783
v -0.05537073 0.04837651 -0.00613021
v -0.05281841 0.04549554 -0.00350540
v -0.04973776 0.04201820 -0.00315671
v -0.04695423 0.03887624 -0.00517757
v -0.04521365 0.03691154 -0.00902650
v -0.03096129 0.04907219 -0.01367217
v -0.03230137 0.05058483 -0.01786979
v -0.03485368 0.05346579 -0.02049460
v -0.03793433 0.05694313 -0.02084329
v -0.04071787 0.06008509 -0.01882243
v -0.04040134 0.05992985 -0.01844341
v -0.04245844 0.06204979 -0.01497350
v -0.04204522 0.06178540 -0.01480831
v -0.04268967 0.06231079 -0.01032783
v -0.04226360 0.06203189 -0.01042072
v -0.04134958 0.06079815 -0.00613021
v -0.04099796 0.06060329 -0.00645631
v -0.03879727 0.05791719 -0.00350540
v -0.03858745 0.05788238 -0.00397732
v -0.03571662 0.05443985 -0.00315671
v -0.03567794 0.05459823 -0.00364800
v -0.03293309 0.05129789 -0.00517757
v -0.03304905 0.05163082 -0.00555659
v -0.03119251 0.04933319 -0.00902650
v -0.03099677 0.04856027 -0.01374018
v -0.03239135 0.05013442 -0.01810851
v -0.03504746 0.05313256 -0.02084007
v -0.03825340 0.05675132 -0.02120295
v -0.04115015 0.06002106 -0.01909989
v -0.04296150 0.06206566 -0.01509443
v -0.04320213 0.06233727 -0.01025982
v -0.04180755 0.06076312 -0.00589149
v -0.03915144 0.05776499 -0.00315993
v -0.03594550 0.05414623 -0.00279705
v -0.03304876 0.05087648 -0.00490011
v -0.03123740 0.04883188 -0.00890557
v -0.03539237 0.05276786 -0.02096653
v -0.03955505 0.05746656 -0.00303347
v -0.00950000 -0.06684868 -0.01593035
v -0.00950000 -0.06768477 -0.02035200
v -0.00950000 -0.06871429 -0.01503219
v -0.00950000 -0.07164918 -0.01844340
v -0.00950000 -0.06988087 -0.01332156
v -0.00950000 -0.07412817 -0.01480831
v -0.00950000 -0.07003584 -0.01125681
v -0.00950000 -0.07445749 -0.01042072
v -0.00950000 -0.06913768 -0.00939120
v -0.00950000 -0.07254889 -0.00645631
v -0.00950000 -0.06742705 -0.00822462
v -0.00950000 -0.06891380 -0.00397732
v -0.00950000 -0.06536230 -0.00806965
v -0.00950000 -0.06452621 -0.00364800
v -0.00950000 -0.06349669 -0.00896781
v -0.00950000 -0.06056180 -0.00555660
v -0.00950000 -0.06233011 -0.01067844
v -0.00950000 -0.05808281 -0.00919169
v -0.00950000 -0.06217514 -0.01274319
v -0.00950000 -0.05775349 -0.01357928
v -0.00950000 -0.06307330 -0.01460880
v -0.00950000 -0.05966209 -0.01754369
v -0.00950000 -0.06478393 -0.01577538
v -0.00950000 -0.06329718 -0.02002268
v 0.00950000 -0.06307330 -0.01460880
v 0.00950000 -0.05966209 -0.01754369
v 0.00950000 -0.06217514 -0.01274319
v 0.00950000 -0.05775349 -0.01357928
v 0.00950000 -0.06233011 -0.01067844
v 0.00950000 -0.05808281 -0.00919169
v 0.00950000 -0.06349669 -0.00896781
v 0.00950000 -0.06056180 -0.00555660
v 0.00950000 -0.06536230 -0.00806965
v 0.00950000 -0.06452621 -0.00364800
v 0.00950000 -0.06742705 -0.00822462
v 0.00950000 -0.06891380 -0.00397732
v 0.00950000 -0.06913768 -0.00939120
v 0.00950000 -0.07254889 -0.00645631
v 0.00950000 -0.07003584 -0.01125681
v 0.00950000 -0.07445749 -0.01042072
v 0.00950000 -0.06988087 -0.01332156
v 0.00950000 -0.07412817 -0.01480831
v 0.00950000 -0.06871429 -0.01503219
v 0.00950000 -0.07164918 -0.01844340
v 0.00950000 -0.06684868 -0.01593035
v 0.00950000 -0.06768477 -0.02035200
v 0.00950000 -0.06478393 -0.01577538
v 0.00950000 -0.06329718 -0.02002268
v 0.00850000 -0.07507202 -0.01513869
v -0.00850000 -0.07230138 -0.01920145
v 0.00850000 -0.07230138 -0.01920145
v -0.00850000 -0.06787056 -0.02133459
v 0.00850000 -0.06787056 -0.02133459
v -0.00850000 -0.06296680 -0.02096653
v 0.00850000 -0.06296680 -0.02096653
v -0.00850000 -0.05890404 -0.01819589
v 0.00850000 -0.05890404 -0.01819589
v -0.00850000 -0.05677090 -0.01376507
v 0.00850000 -0.05677090 -0.01376507
v -0.00850000 -0.05713896 -0.00886131
v 0.00850000 -0.05713896 -0.00886131
v -0.00850000 -0.05990960 -0.00479855
v 0.00850000 -0.05990960 -0.00479855
v -0.00850000 -0.06434042 -0.00266541
v 0.00850000 -0.06434042 -0.00266541
v -0.00850000 -0.06924418 -0.00303347
v 0.00850000 -0.06924418 -0.00303347
v -0.00850000 -0.07330694 -0.00580411
v 0.00850000 -0.07330694 -0.00580411
v -0.00850000 -0.07544008 -0.01023493
v 0.00850000 -0.07544008 -0.01023493
v -0.00850000 -0.07507202 -0.01513869
v -0.00410000 -0.06233011 -0.01067844
v -0.00950000 -0.06233011 -0.01067844
v -0.00410000 -0.06217514 -0.01274319
v -0.00950000 -0.06217514 -0.01274319
v -0.00410000 -0.06307330 -0.01460880
v -0.00950000 -0.06307330 -0.01460880
v -0.00410000 -0.06478393 -0.01577538
v -0.00950000 -0.06478393 -0.01577538
v -0.00410000 -0.06684868 -0.01593035
v -0.00950000 -0.06684868 -0.01593035
v -0.00410000 -0.06871429 -0.01503219
v -0.00950000 -0.06871429 -0.01503219
v -0.00410000 -0.06988087 -0.01332156
v -0.00950000 -0.06988087 -0.01332156
v -0.00410000 -0.07003584 -0.01125681
v -0.00950000 -0.07003584 -0.01125681
v -0.00410000 -0.06913768 -0.00939120
v -0.00950000 -0.06913768 -0.00939120
v -0.00410000 -0.06742705 -0.00822462
v -0.00950000 -0.06742705 -0.00822462
v -0.00410000 -0.06536230 -0.00806965
v -0.00950000 -0.06536230 -0.00806965
v -0.00410000 -0.06349669 -0.00896781
v -0.00950000 -0.06349669 -0.00896781
v -0.00410000 -0.06463161 -0.01227870
v -0.00410000 -0.06217514 -0.01274319
v -0.00410000 -0.06496842 -0.01297830
v -0.00410000 -0.06307330 -0.01460880
v -0.00410000 -0.06560991 -0.01341577
v -0.00410000 -0.06478393 -0.01577538
v -0.00410000 -0.06638419 -0.01347388
v -0.00410000 -0.06684868 -0.01593035
v -0.00410000 -0.06708379 -0.01313707
v -0.00410000 -0.06871429 -0.01503219
v -0.00410000 -0.06752126 -0.01249558
v -0.00410000 -0.06988087 -0.01332156
v -0.00410000 -0.06757937 -0.01172130
v -0.00410000 -0.07003584 -0.01125681
v -0.00410000 -0.06724256 -0.01102170
v -0.00410000 -0.06913768 -0.00939120
v -0.00410000 -0.06660107 -0.01058423
v -0.00410000 -0.06742705 -0.00822462
v -0.00410000 -0.06582679 -0.01052612
v -0.00410000 -0.06536230 -0.00806965
v -0.00410000 -0.06512719 -0.01086293
v -0.00410000 -0.06349669 -0.00896781
v -0.00410000 -0.06468972 -0.01150442
v -0.00410000 -0.06233011 -0.01067844
v 0.00410000 -0.06988087 -0.01332156
v 0.00950000 -0.06988087 -0.01332156
v 0.00410000 -0.06871429 -0.01503219
v 0.00950000 -0.06871429 -0.01503219
v 0.00410000 -0.06684868 -0.01593035
v 0.00950000 -0.06684868 -0.01593035
v 0.00410000 -0.06478393 -0.01577538
v 0.00950000 -0.06478393 -0.01577538
v 0.00410000 -0.06307330 -0.01460880
v 0.00950000 -0.06307330 -0.01460880
v 0.00410000 -0.06217514 -0.01274319
v 0.00950000 -0.06217514 -0.01274319
v 0.00410000 -0.06233011 -0.01067844
v 0.00950000 -0.06233011 -0.01067844
v 0.00410000 -0.06349669 -0.00896781
v 0.00950000 -0.06349669 -0.00896781
v 0.00410000 -0.06536230 -0.00806965
v 0.00950000 -0.06536230 -0.00806965
v 0.00410000 -0.06742705 -0.00822462
v 0.00950000 -0.06742705 -0.00822462
v 0.00410000 -0.06913768 -0.00939120
v 0.00950000 -0.06913768 -0.00939120
v 0.00410000 -0.07003584 -0.01125681
v 0.00950000 -0.07003584 -0.01125681
v 0.00410000 -0.06708379 -0.01313707
v 0.00410000 -0.06871429 -0.01503219
v 0.00410000 -0.06638419 -0.01347388
v 0.00410000 -0.06684868 -0.01593035
v 0.00410000 -0.06560991 -0.01341577
v 0.00410000 -0.06478393 -0.01577538
v 0.00410000 -0.06496842 -0.01297830
v 0.00410000 -0.06307330 -0.01460880
v 0.00410000 -0.06463161 -0.01227870
v 0.00410000 -0.06217514 -0.01274319
v 0.00410000 -0.06468972 -0.01150442
v 0.00410000 -0.06233011 -0.01067844
v 0.00410000 -0.06512719 -0.01086293
v 0.00410000 -0.06349669 -0.00896781
v 0.00410000 -0.06582679 -0.01052612
v 0.00410000 -0.06536230 -0.00806965
v 0.00410000 -0.06660107 -0.01058423
v 0.00410000 -0.06742705 -0.00822462
v 0.00410000 -0.06724256 -0.01102170
v 0.00410000 -0.06913768 -0.00939120
v 0.00410000 -0.06757937 -0.01172130
v 0.00410000 -0.07003584 -0.01125681
v 0.00410000 -0.06752126 -0.01249558
v 0.00410000 -0.06988087 -0.01332156
v 0.00410000 -0.06468972 -0.01150442
v -0.00410000 -0.06468972 -0.01150442
v 0.00410000 -0.06463161 -0.01227870
v -0.00410000 -0.06463161 -0.01227870
v 0.00410000 -0.06496842 -0.01297830
v -0.00410000 -0.06496842 -0.01297830
v 0.00410000 -0.06560991 -0.01341577
v -0.00410000 -0.06560991 -0.01341577
v 0.00410000 -0.06638419 -0.01347388
v -0.00410000 -0.06638419 -0.01347388
v 0.00410000 -0.06708379 -0.01313707
v -0.00410000 -0.06708379 -0.01313707
v 0.00410000 -0.06752126 -0.01249558
v -0.00410000 -0.06752126 -0.01249558
v 0.00410000 -0.06757937 -0.01172130
v -0.00410000 -0.06757937 -0.01172130
v 0.00410000 -0.06724256 -0.01102170
v -0.00410000 -0.06724256 -0.01102170
v 0.00410000 -0.06660107 -0.01058423
v -0.00410000 -0.06660107 -0.01058423
v 0.00410000 -0.06582679 -0.01052612
v -0.00410000 -0.06582679 -0.01052612
v 0.00410000 -0.06512719 -0.01086293
v -0.00410000 -0.06512719 -0.01086293
v 0.00900000 -0.05690254 -0.01374018
v 0.00900000 -0.05900560 -0.01810851
v 0.00900000 -0.06301106 -0.02084008
v 0.00850000 -0.06296680 -0.02096653
v 0.00900000 -0.06784567 -0.02120295
v 0.00900000 -0.07221400 -0.01909989
v 0.00900000 -0.07494557 -0.01509443
v 0.00900000 -0.07530844 -0.01025982
v 0.00900000 -0.07320538 -0.00589149
v 0.00900000 -0.06919992 -0.00315992
v 0.00850000 -0.06924418 -0.00303347
v 0.00900000 -0.06436531 -0.00279705
v 0.00900000 -0.05999698 -0.00490011
v 0.00900000 -0.05726541 -0.00890557
v 0.00936603 -0.05726220 -0.01367218
v 0.00936603 -0.05928306 -0.01786979
v 0.00936603 -0.06313199 -0.02049460
v 0.00936603 -0.06777767 -0.02084329
v 0.00936603 -0.07197528 -0.01882243
v 0.00936603 -0.07460009 -0.01497350
v 0.00936603 -0.07494878 -0.01032782
v 0.00936603 -0.07292792 -0.00613021
v 0.00936603 -0.06907899 -0.00350540
v 0.00936603 -0.06443331 -0.00315671
v 0.00936603 -0.06023570 -0.00517757
v 0.00936603 -0.05761089 -0.00902650
v -0.00936602 -0.05726220 -0.01367218
v -0.00936602 -0.05928306 -0.01786979
v -0.00936602 -0.06313199 -0.02049460
v -0.00936602 -0.06777767 -0.02084329
v -0.00936602 -0.07197528 -0.01882243
v -0.00950000 -0.07164918 -0.01844340
v -0.00936602 -0.07460009 -0.01497350
v -0.00950000 -0.07412817 -0.01480831
v -0.00936602 -0.07494878 -0.01032782
v -0.00950000 -0.07445749 -0.01042072
v -0.00936602 -0.07292792 -0.00613021
v -0.00950000 -0.07254889 -0.00645631
v -0.00936602 -0.06907899 -0.00350540
v -0.00950000 -0.06891380 -0.00397732
v -0.00936602 -0.06443331 -0.00315671
v -0.00950000 -0.06452621 -0.00364800
v -0.00936602 -0.06023570 -0.00517757
v -0.00950000 -0.06056180 -0.00555660
v -0.00936602 -0.05761089 -0.00902650
v -0.00900000 -0.05690254 -0.01374018
v -0.00900000 -0.05900560 -0.01810851
v -0.00900000 -0.06301106 -0.02084008
v -0.00900000 -0.06784567 -0.02120295
v -0.00900000 -0.07221400 -0.01909989
v -0.00900000 -0.07494557 -0.01509443
v -0.00900000 -0.07530844 -0.01025982
v -0.00900000 -0.07320538 -0.00589149
v -0.00900000 -0.06919992 -0.00315992
v -0.00900000 -0.06436531 -0.00279705
v -0.00900000 -0.05999698 -0.00490011
v -0.00900000 -0.05726541 -0.00890557
v -0.00850000 -0.06296680 -0.02096653
v -0.00850000 -0.06924418 -0.00303347
v -0.00950000 0.06293701 0.01147980
v -0.00950000 0.05993497 0.01483207
v -0.00950000 0.06478442 0.01241482
v -0.00950000 0.06386071 0.01681900
v -0.00950000 0.06685183 0.01230087
v -0.00950000 0.06825396 0.01657686
v -0.00950000 0.06858529 0.01116848
v -0.00950000 0.07193756 0.01417052
v -0.00950000 0.06952031 0.00932107
v -0.00950000 0.07392449 0.01024478
v -0.00950000 0.06940636 0.00725366
v -0.00950000 0.07368235 0.00585153
v -0.00950000 0.06827397 0.00552020
v -0.00950000 0.07127601 0.00216793
v -0.00950000 0.06642656 0.00458518
v -0.00950000 0.06735027 0.00018100
v -0.00950000 0.06435915 0.00469913
v -0.00950000 0.06295702 0.00042314
v -0.00950000 0.06262569 0.00583152
v -0.00950000 0.05927342 0.00282948
v -0.00950000 0.06169067 0.00767893
v -0.00950000 0.05728649 0.00675522
v -0.00950000 0.06180462 0.00974634
v -0.00950000 0.05752863 0.01114847
v 0.00950000 0.06169067 0.00767893
v 0.00950000 0.05728649 0.00675522
v 0.00950000 0.06262569 0.00583152
v 0.00950000 0.05927342 0.00282948
v 0.00950000 0.06435915 0.00469913
v 0.00950000 0.06295702 0.00042314
v 0.00950000 0.06642656 0.00458518
v 0.00950000 0.06735027 0.00018100
v 0.00950000 0.06827397 0.00552020
v 0.00950000 0.07127601 0.00216793
v 0.00950000 0.06940636 0.00725366
v 0.00950000 0.07368235 0.00585153
v 0.00950000 0.06952031 0.00932107
v 0.00950000 0.07392449 0.01024478
v 0.00950000 0.06858529 0.01116848
v 0.00950000 0.07193756 0.01417052
v 0.00950000 0.06685183 0.01230087
v 0.00950000 0.06825396 0.01657686
v 0.00950000 0.06478442 0.01241482
v 0.00950000 0.06386071 0.01681900
v 0.00950000 0.06293701 0.01147980
v 0.00950000 0.05993497 0.01483207
v 0.00950000 0.06180462 0.00974634
v 0.00950000 0.05752863 0.01114847
v 0.00850000 0.06856555 0.01752707
v -0.00850000 0.06365544 0.01779770
v 0.00850000 0.06365544 0.01779770
v -0.00850000 0.05926784 0.01557702
v 0.00850000 0.05926784 0.01557702
v -0.00850000 0.05657842 0.01146006
v 0.00850000 0.05657842 0.01146006
v -0.00850000 0.05630779 0.00654995
v 0.00850000 0.05630779 0.00654995
v -0.00850000 0.05852847 0.00216235
v 0.00850000 0.05852847 0.00216235
v -0.00850000 0.06264543 -0.00052707
v 0.00850000 0.06264543 -0.00052707
v -0.00850000 0.06755554 -0.00079770
v 0.00850000 0.06755554 -0.00079770
v -0.00850000 0.07194314 0.00142298
v 0.00850000 0.07194314 0.00142298
v -0.00850000 0.07463256 0.00553994
v 0.00850000 0.07463256 0.00553994
v -0.00850000 0.07490319 0.01045005
v 0.00850000 0.07490319 0.01045005
v -0.00850000 0.07268251 0.01483765
v 0.00850000 0.07268251 0.01483765
v -0.00850000 0.06856555 0.01752707
v -0.00410000 0.06435915 0.00469913
v -0.00950000 0.06435915 0.00469913
v -0.00410000 0.06262569 0.00583152
v -0.00950000 0.06262569 0.00583152
v -0.00410000 0.06169067 0.00767893
v -0.00950000 0.06169067 0.00767893
v -0.00410000 0.06180462 0.00974634
v -0.00950000 0.06180462 0.00974634
v -0.00410000 0.06293701 0.01147980
v -0.00950000 0.06293701 0.01147980
v -0.00410000 0.06478442 0.01241482
v -0.00950000 0.06478442 0.01241482
v -0.00410000 0.06685183 0.01230087
v -0.00950000 0.06685183 0.01230087
v -0.00410000 0.06858529 0.01116848
v -0.00950000 0.06858529 0.01116848
v -0.00410000 0.06952031 0.00932107
v -0.00950000 0.06952031 0.00932107
v -0.00410000 0.06940636 0.00725366
v -0.00950000 0.06940636 0.00725366
v -0.00410000 0.06827397 0.00552020
v -0.00950000 0.06827397 0.00552020
v -0.00410000 0.06642656 0.00458518
v -0.00950000 0.06642656 0.00458518
v -0.00410000 0.06448807 0.00749932
v -0.00410000 0.06262569 0.00583152
v -0.00410000 0.06413743 0.00819210
v -0.00410000 0.06169067 0.00767893
v -0.00410000 0.06418016 0.00896738
v -0.00410000 0.06180462 0.00974634
v -0.00410000 0.06460481 0.00961742
v -0.00410000 0.06293701 0.01147980
v -0.00410000 0.06529759 0.00996806
v -0.00410000 0.06478442 0.01241482
v -0.00410000 0.06607287 0.00992533
v -0.00410000 0.06685183 0.01230087
v -0.00410000 0.06672291 0.00950068
v -0.00410000 0.06858529 0.01116848
v -0.00410000 0.06707355 0.00880790
v -0.00410000 0.06952031 0.00932107
v -0.00410000 0.06703082 0.00803262
v -0.00410000 0.06940636 0.00725366
v -0.00410000 0.06660617 0.00738258
v -0.00410000 0.06827397 0.00552020
v -0.00410000 0.06591339 0.00703194
v -0.00410000 0.06642656 0.00458518
v -0.00410000 0.06513811 0.00707467
v -0.00410000 0.06435915 0.00469913
v 0.00410000 0.06685183 0.01230087
v 0.00950000 0.06685183 0.01230087
v 0.00410000 0.06478442 0.01241482
v 0.00950000 0.06478442 0.01241482
v 0.00410000 0.06293701 0.01147980
v 0.00950000 0.06293701 0.01147980
v 0.00410000 0.06180462 0.00974634
v 0.00950000 0.06180462 0.00974634
v 0.00410000 0.06169067 0.00767893
v 0.00950000 0.06169067 0.00767893
v 0.00410000 0.06262569 0.00583152
v 0.00950000 0.06262569 0.00583152
v 0.00410000 0.06435915 0.00469913
v 0.00950000 0.06435915 0.00469913
v 0.00410000 0.06642656 0.00458518
v 0.00950000 0.06642656 0.00458518
v 0.00410000 0.06827397 0.00552020
v 0.00950000 0.06827397 0.00552020
v 0.00410000 0.06940636 0.00725366
v 0.00950000 0.06940636 0.00725366
v 0.00410000 0.06952031 0.00932107
v 0.00950000 0.06952031 0.00932107
v 0.00410000 0.06858529 0.01116848
v 0.00950000 0.06858529 0.01116848
v 0.00410000 0.06529759 0.00996806
v 0.00410000 0.06478442 0.01241482
v 0.00410000 0.06460481 0.00961742
v 0.00410000 0.06293701 0.01147980
v 0.00410000 0.06418016 0.00896738
v 0.00410000 0.06180462 0.00974634
v 0.00410000 0.06413743 0.00819210
v 0.00410000 0.06169067 0.00767893
v 0.00410000 0.06448807 0.00749932
v 0.00410000 0.06262569 0.00583152
v 0.00410000 0.06513811 0.00707467
v 0.00410000 0.06435915 0.00469913
v 0.00410000 0.06591339 0.00703194
v 0.00410000 0.06642656 0.00458518
v 0.00410000 0.06660617 0.00738258
v 0.00410000 0.06827397 0.00552020
v 0.00410000 0.06703082 0.00803262
v 0.00410000 0.06940636 0.00725366
v 0.00410000 0.06707355 0.00880790
v 0.00410000 0.06952031 0.00932107
v 0.00410000 0.06672291 0.00950068
v 0.00410000 0.06858529 0.01116848
v 0.00410000 0.06607287 0.00992533
v 0.00410000 0.06685183 0.01230087
v 0.00410000 0.06513811 0.00707467
v -0.00410000 0.06513811 0.00707467
v 0.00410000 0.06448807 0.00749932
v -0.00410000 0.06448807 0.00749932
v 0.00410000 0.06413743 0.00819210
v -0.00410000 0.06413743 0.00819210
v 0.00410000 0.06418016 0.00896738
v -0.00410000 0.06418016 0.00896738
v 0.00410000 0.06460481 0.00961742
v -0.00410000 0.06460481 0.00961742
v 0.00410000 0.06529759 0.00996806
v -0.00410000 0.06529759 0.00996806
v 0.00410000 0.06607287 0.00992533
v -0.00410000 0.06607287 0.00992533
v 0.00410000 0.06672291 0.00950068
v -0.00410000 0.06672291 0.00950068
v 0.00410000 0.06707355 0.00880790
v -0.00410000 0.06707355 0.00880790
v 0.00410000 0.06703082 0.00803262
v -0.00410000 0.06703082 0.00803262
v 0.00410000 0.06660617 0.00738258
v -0.00410000 0.06660617 0.00738258
v 0.00410000 0.06591339 0.00703194
v -0.00410000 0.06591339 0.00703194
v 0.00900000 0.05862827 0.00225173
v 0.00900000 0.05643891 0.00657745
v 0.00900000 0.05670572 0.01141831
v 0.00850000 0.05657842 0.01146006
v 0.00900000 0.05935722 0.01547722
v 0.00900000 0.06368294 0.01766658
v 0.00900000 0.06852380 0.01739977
v 0.00900000 0.07258271 0.01474827
v 0.00900000 0.07477207 0.01042255
v 0.00900000 0.07450526 0.00558169
v 0.00850000 0.07463256 0.00553994
v 0.00900000 0.07185376 0.00152278
v 0.00900000 0.06752804 -0.00066658
v 0.00900000 0.06268718 -0.00039977
v 0.00936603 0.05890094 0.00249591
v 0.00936603 0.05679714 0.00665258
v 0.00936603 0.05705353 0.01130427
v 0.00936603 0.05960140 0.01520455
v 0.00936603 0.06375807 0.01730835
v 0.00936603 0.06840976 0.01705196
v 0.00936603 0.07231004 0.01450409
v 0.00936603 0.07441384 0.01034742
v 0.00936603 0.07415745 0.00569573
v 0.00936603 0.07160958 0.00179545
v 0.00936603 0.06745291 -0.00030835
v 0.00936603 0.06280122 -0.00005196
v -0.00936602 0.05890094 0.00249591
v -0.00936602 0.05679714 0.00665258
v -0.00936602 0.05705353 0.01130427
v -0.00936602 0.05960140 0.01520455
v -0.00936602 0.06375807 0.01730835
v -0.00950000 0.06386071 0.01681900
v -0.00936602 0.06840976 0.01705196
v -0.00950000 0.06825396 0.01657686
v -0.00936602 0.07231004 0.01450409
v -0.00950000 0.07193756 0.01417052
v -0.00936602 0.07441384 0.01034742
v -0.00950000 0.07392449 0.01024478
v -0.00936602 0.07415745 0.00569573
v -0.00950000 0.07368235 0.00585153
v -0.00936602 0.07160958 0.00179545
v -0.00950000 0.07127601 0.00216793
v -0.00936602 0.06745291 -0.00030835
v -0.00950000 0.06735027 0.00018100
v -0.00936602 0.06280122 -0.00005196
v -0.00900000 0.05862827 0.00225173
v -0.00900000 0.05643891 0.00657745
v -0.00900000 0.05670572 0.01141831
v -0.00900000 0.05935722 0.01547722
v -0.00900000 0.06368294 0.01766658
v -0.00900000 0.06852380 0.01739977
v -0.00900000 0.07258271 0.01474827
v -0.00900000 0.07477207 0.01042255
v -0.00900000 0.07450526 0.00558169
v -0.00900000 0.07185376 0.00152278
v -0.00900000 0.06752804 -0.00066658
v -0.00900000 0.06268718 -0.00039977
v -0.00850000 0.05657842 0.01146006
v -0.00850000 0.07463256 0.00553994
v -0.00677399 0.06717967 -0.01593035
v -0.00697408 0.06799147 -0.02035200
v -0.00722046 0.06899107 -0.01503219
v -0.00792282 0.07184068 -0.01844341
v -0.00749964 0.07012375 -0.01332156
v -0.00851608 0.07424764 -0.01480831
v -0.00753673 0.07027422 -0.01125681
v -0.00859490 0.07456739 -0.01042072
v -0.00732178 0.06940216 -0.00939120
v -0.00813814 0.07271425 -0.00645631
v -0.00691240 0.06774123 -0.00822462
v -0.00726820 0.06918478 -0.00397732
v -0.00641827 0.06573649 -0.00806965
v -0.00621819 0.06492469 -0.00364800
v -0.00597181 0.06392509 -0.00896781
v -0.00526944 0.06107548 -0.00555659
v -0.00569262 0.06279241 -0.01067844
v -0.00467618 0.05866852 -0.00919169
v -0.00565554 0.06264194 -0.01274319
v -0.00459737 0.05834877 -0.01357928
v -0.00587048 0.06351400 -0.01460880
v -0.00505412 0.06020191 -0.01754369
v -0.00627986 0.06517493 -0.01577538
v -0.00592406 0.06373138 -0.02002268
v -0.02431838 0.05896700 -0.01460880
v -0.02350202 0.05565491 -0.01754369
v -0.02410343 0.05809494 -0.01274319
v -0.02304526 0.05380178 -0.01357928
v -0.02414052 0.05824541 -0.01067844
v -0.02312407 0.05412153 -0.00919169
v -0.02441970 0.05937809 -0.00896781
v -0.02371733 0.05652848 -0.00555659
v -0.02486617 0.06118949 -0.00806965
v -0.02466608 0.06037770 -0.00364800
v -0.02536029 0.06319424 -0.00822462
v -0.02571610 0.06463779 -0.00397732
v -0.02576968 0.06485516 -0.00939120
v -0.02658603 0.06816726 -0.00645631
v -0.02598462 0.06572723 -0.01125681
v -0.02704279 0.07002039 -0.01042072
v -0.02594753 0.06557676 -0.01332156
v -0.02696398 0.06970064 -0.01480831
v -0.02566835 0.06444407 -0.01503219
v -0.02637072 0.06729369 -0.01844341
v -0.02522188 0.06263268 -0.01593035
v -0.02542197 0.06344447 -0.02035200
v -0.02472776 0.06062793 -0.01577538
v -0.02437195 0.05918438 -0.02002268
v -0.02621891 0.07085637 -0.01513870
v -0.00904985 0.07223461 -0.01920145
v -0.02555586 0.06816625 -0.01920145
v -0.00798948 0.06793255 -0.02133459
v -0.02449549 0.06386418 -0.02133459
v -0.00681594 0.06317127 -0.02096653
v -0.02332195 0.05910291 -0.02096653
v -0.00584365 0.05922657 -0.01819589
v -0.02234966 0.05515821 -0.01819589
v -0.00533316 0.05715542 -0.01376507
v -0.02183917 0.05308706 -0.01376507
v -0.00542124 0.05751279 -0.00886131
v -0.02192725 0.05344442 -0.00886130
v -0.00608430 0.06020291 -0.00479855
v -0.02259031 0.05613455 -0.00479855
v -0.00714466 0.06450498 -0.00266541
v -0.02365067 0.06043662 -0.00266541
v -0.00831821 0.06926625 -0.00303347
v -0.02482422 0.06519789 -0.00303347
v -0.00929049 0.07321096 -0.00580411
v -0.02579650 0.06914259 -0.00580411
v -0.00980099 0.07528211 -0.01023493
v -0.02630700 0.07121374 -0.01023493
v -0.00971290 0.07492474 -0.01513870
v -0.01093571 0.06150010 -0.01067844
v -0.00569262 0.06279241 -0.01067844
v -0.01089862 0.06134963 -0.01274319
v -0.00565554 0.06264194 -0.01274319
v -0.01111357 0.06222170 -0.01460880
v -0.00587048 0.06351400 -0.01460880
v -0.01152295 0.06388262 -0.01577538
v -0.00627986 0.06517493 -0.01577538
v -0.01201707 0.06588737 -0.01593035
v -0.00677399 0.06717967 -0.01593035
v -0.01246354 0.06769877 -0.01503219
v -0.00722046 0.06899107 -0.01503219
v -0.01274272 0.06883145 -0.01332156
v -0.00749964 0.07012375 -0.01332156
v -0.01277981 0.06898192 -0.01125681
v -0.00753673 0.07027422 -0.01125681
v -0.01256487 0.06810986 -0.00939120
v -0.00732178 0.06940216 -0.00939120
v -0.01215549 0.06644893 -0.00822462
v -0.00691240 0.06774123 -0.00822462
v -0.01166136 0.06444418 -0.00806965
v -0.00641827 0.06573649 -0.00806965
v -0.01121489 0.06263279 -0.00896781
v -0.00597181 0.06392509 -0.00896781
v -0.01148649 0.06373472 -0.01227870
v -0.01089862 0.06134963 -0.01274319
v -0.01156710 0.06406175 -0.01297830
v -0.01111357 0.06222170 -0.01460880
v -0.01172062 0.06468459 -0.01341577
v -0.01152295 0.06388262 -0.01577538
v -0.01190591 0.06543637 -0.01347388
v -0.01201707 0.06588737 -0.01593035
v -0.01207334 0.06611565 -0.01313707
v -0.01246354 0.06769877 -0.01503219
v -0.01217803 0.06654040 -0.01249558
v -0.01274272 0.06883145 -0.01332156
v -0.01219194 0.06659683 -0.01172130
v -0.01277981 0.06898192 -0.01125681
v -0.01211134 0.06626981 -0.01102170
v -0.01256487 0.06810986 -0.00939120
v -0.01195782 0.06564696 -0.01058423
v -0.01215549 0.06644893 -0.00822462
v -0.01177252 0.06489518 -0.01052612
v -0.01166136 0.06444418 -0.00806965
v -0.01160509 0.06421590 -0.01086293
v -0.01121489 0.06263279 -0.00896781
v -0.01150040 0.06379115 -0.01150442
v -0.01093571 0.06150010 -0.01067844
v -0.02070445 0.06686906 -0.01332156
v -0.02594753 0.06557676 -0.01332156
v -0.02042527 0.06573638 -0.01503219
v -0.02566835 0.06444407 -0.01503219
v -0.01997880 0.06392498 -0.01593035
v -0.02522188 0.06263268 -0.01593035
v -0.01948467 0.06192023 -0.01577538
v -0.02472776 0.06062793 -0.01577538
v -0.01907529 0.06025931 -0.01460880
v -0.02431838 0.05896700 -0.01460880
v -0.01886035 0.05938724 -0.01274319
v -0.02410343 0.05809494 -0.01274319
v -0.01889743 0.05953771 -0.01067844
v -0.02414052 0.05824541 -0.01067844
v -0.01917661 0.06067040 -0.00896781
v -0.02441970 0.05937809 -0.00896781
v -0.01962308 0.06248180 -0.00806965
v -0.02486617 0.06118949 -0.00806965
v -0.02011721 0.06448654 -0.00822462
v -0.02536029 0.06319424 -0.00822462
v -0.02052659 0.06614747 -0.00939120
v -0.02576968 0.06485516 -0.00939120
v -0.02074153 0.06701953 -0.01125681
v -0.02598462 0.06572723 -0.01125681
v -0.02003506 0.06415326 -0.01313707
v -0.02042527 0.06573638 -0.01503219
v -0.01986764 0.06347399 -0.01347388
v -0.01997880 0.06392498 -0.01593035
v -0.01968234 0.06272221 -0.01341577
v -0.01948467 0.06192023 -0.01577538
v -0.01952882 0.06209936 -0.01297830
v -0.01907529 0.06025931 -0.01460880
v -0.01944822 0.06177233 -0.01227870
v -0.01886035 0.05938724 -0.01274319
v -0.01946212 0.06182876 -0.01150442
v -0.01889743 0.05953771 -0.01067844
v -0.01956682 0.06225352 -0.01086293
v -0.01917661 0.06067040 -0.00896781
v -0.01973424 0.06293279 -0.01052612
v -0.01962308 0.06248180 -0.00806965
v -0.01991954 0.06368457 -0.01058423
v -0.02011721 0.06448654 -0.00822462
v -0.02007306 0.06430742 -0.01102170
v -0.02052659 0.06614747 -0.00939120
v -0.02015366 0.06463444 -0.01172130
v -0.02074153 0.06701953 -0.01125681
v -0.02013976 0.06457802 -0.01249558
v -0.02070445 0.06686906 -0.01332156
v -0.01946212 0.06182876 -0.01150442
v -0.01150040 0.06379115 -0.01150442
v -0.01944822 0.06177233 -0.01227870
v -0.01148649 0.06373472 -0.01227870
v -0.01952882 0.06209936 -0.01297830
v -0.01156710 0.06406175 -0.01297830
v -0.01968234 0.06272221 -0.01341577
v -0.01172062 0.06468459 -0.01341577
v -0.01986764 0.06347399 -0.01347388
v -0.01190591 0.06543637 -0.01347388
v -0.02003506 0.06415326 -0.01313707
v -0.01207334 0.06611565 -0.01313707
v -0.02013976 0.06457802 -0.01249558
v -0.01217803 0.06654040 -0.01249558
v -0.02015366 0.06463444 -0.01172130
v -0.01219194 0.06659683 -0.01172130
v -0.02007306 0.06430742 -0.01102170
v -0.01211134 0.06626981 -0.01102170
v -0.01991954 0.06368457 -0.01058423
v -0.01195782 0.06564696 -0.01058423
v -0.01973424 0.06293279 -0.01052612
v -0.01177252 0.06489518 -0.01052612
v -0.01956682 0.06225352 -0.01086293
v -0.01160509 0.06421590 -0.01086293
v -0.02235615 0.05309522 -0.01374018
v -0.02285944 0.05513716 -0.01810851
v -0.02381801 0.05902623 -0.02084007
v -0.02332195 0.05910291 -0.02096653
v -0.02497501 0.06372036 -0.02120295
v -0.02602042 0.06796175 -0.01909989
v -0.02667412 0.07061394 -0.01509443
v -0.02676096 0.07096627 -0.01025982
v -0.02625767 0.06892433 -0.00589149
v -0.02529910 0.06503525 -0.00315993
v -0.02482422 0.06519789 -0.00303347
v -0.02414210 0.06034113 -0.00279705
v -0.02309669 0.05609973 -0.00490011
v -0.02244299 0.05344754 -0.00890557
v -0.02279761 0.05335682 -0.01367217
v -0.02328123 0.05531896 -0.01786979
v -0.02420234 0.05905605 -0.02049460
v -0.02531412 0.06356673 -0.02084329
v -0.02631868 0.06764237 -0.01882243
v -0.02694684 0.07019091 -0.01497350
v -0.02703028 0.07052947 -0.01032783
v -0.02654666 0.06856733 -0.00613021
v -0.02562555 0.06483024 -0.00350540
v -0.02451377 0.06031956 -0.00315671
v -0.02350921 0.05624392 -0.00517757
v -0.02288105 0.05369538 -0.00902650
v -0.00460988 0.05783969 -0.01367217
v -0.00509350 0.05980184 -0.01786979
v -0.00601461 0.06353892 -0.02049460
v -0.00712639 0.06804960 -0.02084329
v -0.00813095 0.07212524 -0.01882243
v -0.00792282 0.07184068 -0.01844341
v -0.00875910 0.07467378 -0.01497350
v -0.00851608 0.07424764 -0.01480831
v -0.00884255 0.07501234 -0.01032783
v -0.00859490 0.07456739 -0.01042072
v -0.00835893 0.07305020 -0.00613021
v -0.00813814 0.07271425 -0.00645631
v -0.00743782 0.06931311 -0.00350540
v -0.00726820 0.06918478 -0.00397732
v -0.00632604 0.06480243 -0.00315671
v -0.00621819 0.06492469 -0.00364800
v -0.00532148 0.06072679 -0.00517757
v -0.00526944 0.06107548 -0.00555659
v -0.00469332 0.05817825 -0.00902650
v -0.00487919 0.05740290 -0.01374018
v -0.00538249 0.05944484 -0.01810851
v -0.00634106 0.06333391 -0.02084008
v -0.00749805 0.06802804 -0.02120295
v -0.00854346 0.07226943 -0.01909989
v -0.00919717 0.07492162 -0.01509443
v -0.00928401 0.07527395 -0.01025982
v -0.00878072 0.07323201 -0.00589149
v -0.00782215 0.06934294 -0.00315993
v -0.00666515 0.06464881 -0.00279706
v -0.00561974 0.06040741 -0.00490011
v -0.00496603 0.05775522 -0.00890557
v -0.00681594 0.06317127 -0.02096653
v -0.00831821 0.06926625 -0.00303347
v 0.06133303 0.01701695 0.01147980
v 0.05835287 0.01665510 0.01483207
v 0.06316697 0.01723963 0.01241482
v 0.06224999 0.01712829 0.01681900
v 0.06521931 0.01748883 0.01230087
v 0.06661122 0.01765784 0.01657686
v 0.06694013 0.01769778 0.01116848
v 0.07026796 0.01810185 0.01417052
v 0.06786833 0.01781048 0.00932107
v 0.07224040 0.01834135 0.01024478
v 0.06775521 0.01779675 0.00725366
v 0.07200002 0.01831216 0.00585153
v 0.06663108 0.01766025 0.00552020
v 0.06961123 0.01802211 0.00216793
v 0.06479714 0.01743757 0.00458518
v 0.06571411 0.01754891 0.00018100
v 0.06274480 0.01718837 0.00469913
v 0.06135289 0.01701936 0.00042314
v 0.06102398 0.01697943 0.00583152
v 0.05769615 0.01657535 0.00282948
v 0.06009577 0.01686672 0.00767893
v 0.05572371 0.01633586 0.00675522
v 0.06020889 0.01688046 0.00974634
v 0.05596409 0.01636504 0.01114847
v 0.06238597 -0.00199475 0.00767893
v 0.05801391 -0.00252561 0.00675522
v 0.06331418 -0.00188204 0.00583152
v 0.05998634 -0.00228611 0.00282948
v 0.06503500 -0.00167310 0.00469913
v 0.06364309 -0.00184210 0.00042314
v 0.06708734 -0.00142390 0.00458518
v 0.06800431 -0.00131256 0.00018100
v 0.06892128 -0.00120122 0.00552020
v 0.07190143 -0.00083936 0.00216793
v 0.07004541 -0.00106472 0.00725366
v 0.07429022 -0.00054931 0.00585153
v 0.07015853 -0.00105099 0.00932107
v 0.07453059 -0.00052012 0.01024478
v 0.06923032 -0.00116369 0.01116848
v 0.07255816 -0.00075962 0.01417052
v 0.06750950 -0.00137264 0.01230087
v 0.06890141 -0.00120363 0.01657686
v 0.06545716 -0.00162184 0.01241482
v 0.06454019 -0.00173318 0.01681900
v 0.06362322 -0.00184452 0.01147980
v 0.06064307 -0.00220637 0.01483207
v 0.06249909 -0.00198101 0.00974634
v 0.05825428 -0.00249642 0.01114847
v 0.06909019 -0.00017336 0.01752707
v 0.06216676 0.01611084 0.01779770
v 0.06421588 -0.00076521 0.01779770
v 0.05781115 0.01558197 0.01557702
v 0.05986028 -0.00129408 0.01557702
v 0.05514133 0.01525780 0.01146006
v 0.05719046 -0.00161825 0.01146006
v 0.05487268 0.01522518 0.00654995
v 0.05692180 -0.00165087 0.00654995
v 0.05707717 0.01549285 0.00216235
v 0.05912629 -0.00138320 0.00216235
v 0.06116411 0.01598910 -0.00052707
v 0.06321324 -0.00088695 -0.00052707
v 0.06603842 0.01658095 -0.00079770
v 0.06808755 -0.00029510 -0.00079770
v 0.07039403 0.01710981 0.00142298
v 0.07244315 0.00023376 0.00142298
v 0.07306385 0.01743399 0.00553994
v 0.07511297 0.00055794 0.00553994
v 0.07333250 0.01746661 0.01045005
v 0.07538163 0.00059056 0.01045005
v 0.07112801 0.01719893 0.01483765
v 0.07317714 0.00032288 0.01483765
v 0.06704107 0.01670269 0.01752707
v 0.06339570 0.01182774 0.00469913
v 0.06274480 0.01718837 0.00469913
v 0.06167488 0.01161880 0.00583152
v 0.06102398 0.01697943 0.00583152
v 0.06074667 0.01150609 0.00767893
v 0.06009577 0.01686672 0.00767893
v 0.06085979 0.01151983 0.00974634
v 0.06020889 0.01688046 0.00974634
v 0.06198393 0.01165632 0.01147980
v 0.06133303 0.01701695 0.01147980
v 0.06381786 0.01187900 0.01241482
v 0.06316697 0.01723963 0.01241482
v 0.06587020 0.01212820 0.01230087
v 0.06521931 0.01748883 0.01230087
v 0.06759102 0.01233715 0.01116848
v 0.06694013 0.01769778 0.01116848
v 0.06851923 0.01244985 0.00932107
v 0.06786833 0.01781048 0.00932107
v 0.06840611 0.01243612 0.00725366
v 0.06775521 0.01779675 0.00725366
v 0.06728198 0.01229962 0.00552020
v 0.06663108 0.01766025 0.00552020
v 0.06544804 0.01207694 0.00458518
v 0.06479714 0.01743757 0.00458518
v 0.06352367 0.01184328 0.00749932
v 0.06167488 0.01161880 0.00583152
v 0.06317560 0.01180102 0.00819210
v 0.06074667 0.01150609 0.00767893
v 0.06321802 0.01180617 0.00896738
v 0.06085979 0.01151983 0.00974634
v 0.06363957 0.01185736 0.00961742
v 0.06198393 0.01165632 0.01147980
v 0.06432729 0.01194086 0.00996806
v 0.06381786 0.01187900 0.01241482
v 0.06509692 0.01203431 0.00992533
v 0.06587020 0.01212820 0.01230087
v 0.06574223 0.01211267 0.00950068
v 0.06759102 0.01233715 0.01116848
v 0.06609031 0.01215493 0.00880790
v 0.06851923 0.01244985 0.00932107
v 0.06604789 0.01214978 0.00803262
v 0.06840611 0.01243612 0.00725366
v 0.06562634 0.01209859 0.00738258
v 0.06728198 0.01229962 0.00552020
v 0.06493861 0.01201509 0.00703194
v 0.06544804 0.01207694 0.00458518
v 0.06416898 0.01192164 0.00707467
v 0.06339570 0.01182774 0.00469913
v 0.06685861 0.00398799 0.01230087
v 0.06750950 -0.00137264 0.01230087
v 0.06480626 0.00373879 0.01241482
v 0.06545716 -0.00162184 0.01241482
v 0.06297233 0.00351611 0.01147980
v 0.06362322 -0.00184452 0.01147980
v 0.06184819 0.00337962 0.00974634
v 0.06249909 -0.00198101 0.00974634
v 0.06173507 0.00336588 0.00767893
v 0.06238597 -0.00199475 0.00767893
v 0.06266328 0.00347859 0.00583152
v 0.06331418 -0.00188204 0.00583152
v 0.06438410 0.00368753 0.00469913
v 0.06503500 -0.00167310 0.00469913
v 0.06643644 0.00393673 0.00458518
v 0.06708734 -0.00142390 0.00458518
v 0.06827038 0.00415941 0.00552020
v 0.06892128 -0.00120122 0.00552020
v 0.06939451 0.00429591 0.00725366
v 0.07004541 -0.00106472 0.00725366
v 0.06950763 0.00430964 0.00932107
v 0.07015853 -0.00105099 0.00932107
v 0.06857942 0.00419694 0.01116848
v 0.06923032 -0.00116369 0.01116848
v 0.06531569 0.00380065 0.00996806
v 0.06480626 0.00373879 0.01241482
v 0.06462797 0.00371714 0.00961742
v 0.06297233 0.00351611 0.01147980
v 0.06420642 0.00366596 0.00896738
v 0.06184819 0.00337962 0.00974634
v 0.06416400 0.00366081 0.00819210
v 0.06173507 0.00336588 0.00767893
v 0.06451207 0.00370307 0.00749932
v 0.06266328 0.00347859 0.00583152
v 0.06515738 0.00378143 0.00707467
v 0.06438410 0.00368753 0.00469913
v 0.06592701 0.00387488 0.00703194
v 0.06643644 0.00393673 0.00458518
v 0.06661474 0.00395838 0.00738258
v 0.06827038 0.00415941 0.00552020
v 0.06703629 0.00400957 0.00803262
v 0.06939451 0.00429591 0.00725366
v 0.06707871 0.00401472 0.00880790
v 0.06950763 0.00430964 0.00932107
v 0.06673063 0.00397245 0.00950068
v 0.06857942 0.00419694 0.01116848
v 0.06608532 0.00389410 0.00992533
v 0.06685861 0.00398799 0.01230087
v 0.06515738 0.00378143 0.00707467
v 0.06416898 0.01192164 0.00707467
v 0.06451207 0.00370307 0.00749932
v 0.06352367 0.01184328 0.00749932
v 0.06416400 0.00366081 0.00819210
v 0.06317560 0.01180102 0.00819210
v 0.06420642 0.00366596 0.00896738
v 0.06321802 0.01180617 0.00896738
v 0.06462797 0.00371714 0.00961742
v 0.06363957 0.01185736 0.00961742
v 0.06531569 0.00380065 0.00996806
v 0.06432729 0.01194086 0.00996806
v 0.06608532 0.00389410 0.00992533
v 0.06509692 0.01203431 0.00992533
v 0.06673063 0.00397245 0.00950068
v 0.06574223 0.01211267 0.00950068
v 0.06707871 0.00401472 0.00880790
v 0.06609031 0.01215493 0.00880790
v 0.06703629 0.00400957 0.00803262
v 0.06604789 0.01214978 0.00803262
v 0.06661474 0.00395838 0.00738258
v 0.06562634 0.01209859 0.00738258
v 0.06592701 0.00387488 0.00703194
v 0.06493861 0.01201509 0.00703194
v 0.05928564 -0.00186752 0.00225173
v 0.05711223 -0.00213142 0.00657745
v 0.05737710 -0.00209926 0.01141831
v 0.05719046 -0.00161825 0.01146006
v 0.06000927 -0.00177966 0.01547722
v 0.06430345 -0.00125825 0.01766658
v 0.06910902 -0.00067475 0.01739977
v 0.07313833 -0.00018550 0.01474827
v 0.07531173 0.00007840 0.01042255
v 0.07504686 0.00004624 0.00558169
v 0.07511297 0.00055794 0.00553994
v 0.07241469 -0.00027337 0.00152278
v 0.06812051 -0.00079477 -0.00066658
v 0.06331495 -0.00137828 -0.00039977
v 0.05960044 -0.00219801 0.00249591
v 0.05751197 -0.00245160 0.00665258
v 0.05776649 -0.00242069 0.01130427
v 0.06029579 -0.00211358 0.01520455
v 0.06442215 -0.00161255 0.01730835
v 0.06903992 -0.00105185 0.01705196
v 0.07291177 -0.00058172 0.01450409
v 0.07500023 -0.00032814 0.01034742
v 0.07474571 -0.00035904 0.00569573
v 0.07221641 -0.00066616 0.00179545
v 0.06809005 -0.00116719 -0.00030835
v 0.06347228 -0.00172789 -0.00005196
v 0.05734254 0.01639746 0.00249591
v 0.05525407 0.01614387 0.00665258
v 0.05550859 0.01617478 0.01130427
v 0.05803789 0.01648189 0.01520455
v 0.06216426 0.01698292 0.01730835
v 0.06224999 0.01712829 0.01681900
v 0.06678202 0.01754362 0.01705196
v 0.06661122 0.01765784 0.01657686
v 0.07065387 0.01801375 0.01450409
v 0.07026796 0.01810185 0.01417052
v 0.07274233 0.01826733 0.01034742
v 0.07224040 0.01834135 0.01024478
v 0.07248781 0.01823643 0.00569573
v 0.07200002 0.01831216 0.00585153
v 0.06995851 0.01792932 0.00179545
v 0.06961123 0.01802211 0.00216793
v 0.06583215 0.01742829 -0.00030835
v 0.06571411 0.01754891 0.00018100
v 0.06121438 0.01686759 -0.00005196
v 0.05711597 0.01600124 0.00225173
v 0.05494257 0.01573734 0.00657745
v 0.05520744 0.01576950 0.01141831
v 0.05783961 0.01608910 0.01547722
v 0.06213379 0.01661051 0.01766658
v 0.06693936 0.01719401 0.01739977
v 0.07096867 0.01768326 0.01474827
v 0.07314207 0.01794716 0.01042255
v 0.07287720 0.01791500 0.00558169
v 0.07024503 0.01759539 0.00152278
v 0.06595085 0.01707399 -0.00066658
v 0.06114529 0.01649048 -0.00039977
v 0.05514133 0.01525780 0.01146006
v 0.07306385 0.01743399 0.00553994
v 0.05143973 0.04373729 -0.01593035
v 0.05199415 0.04436311 -0.02035200
v 0.05267685 0.04513372 -0.01503219
v 0.05462305 0.04733052 -0.01844341
v 0.05345044 0.04600692 -0.01332156
v 0.05626692 0.04918607 -0.01480831
v 0.05355321 0.04612292 -0.01125681
v 0.05648530 0.04943257 -0.01042072
v 0.05295762 0.04545063 -0.00939120
v 0.05521967 0.04800396 -0.00645631
v 0.05182325 0.04417020 -0.00822462
v 0.05280915 0.04528305 -0.00397732
v 0.05045408 0.04262472 -0.00806965
v 0.04989965 0.04199890 -0.00364800
v 0.04921695 0.04122829 -0.00896781
v 0.04727075 0.03903149 -0.00555659
v 0.04844336 0.04035509 -0.01067844
v 0.04562688 0.03717594 -0.00919169
v 0.04834059 0.04023909 -0.01274319
v 0.04540850 0.03692944 -0.01357928
v 0.04893619 0.04091138 -0.01460880
v 0.04667413 0.03835805 -0.01754369
v 0.05007055 0.04219181 -0.01577538
v 0.04908465 0.04107896 -0.02002268
v 0.03471448 0.05351071 -0.01460880
v 0.03245243 0.05095738 -0.01754369
v 0.03411889 0.05283842 -0.01274319
v 0.03118680 0.04952877 -0.01357928
v 0.03422166 0.05295442 -0.01067844
v 0.03140517 0.04977527 -0.00919169
v 0.03499524 0.05382762 -0.00896781
v 0.03304905 0.05163082 -0.00555659
v 0.03623237 0.05522405 -0.00806965
v 0.03567794 0.05459823 -0.00364800
v 0.03760155 0.05676953 -0.00822462
v 0.03858745 0.05788238 -0.00397732
v 0.03873591 0.05804996 -0.00939120
v 0.04099797 0.06060329 -0.00645631
v 0.03933150 0.05872225 -0.01125681
v 0.04226360 0.06203190 -0.01042072
v 0.03922874 0.05860625 -0.01332156
v 0.04204522 0.06178540 -0.01480831
v 0.03845515 0.05773305 -0.01503219
v 0.04040135 0.05992985 -0.01844341
v 0.03721802 0.05633662 -0.01593035
v 0.03777245 0.05696244 -0.02035200
v 0.03584884 0.05479114 -0.01577538
v 0.03486295 0.05367829 -0.02002268
v 0.04341961 0.06182875 -0.01513870
v 0.05430703 0.04848182 -0.01920145
v 0.04158234 0.05975490 -0.01920145
v 0.05136885 0.04516530 -0.02133459
v 0.03864417 0.05643839 -0.02133459
v 0.04811705 0.04149478 -0.02096653
v 0.03539237 0.05276787 -0.02096653
v 0.04542294 0.03845376 -0.01819589
v 0.03269826 0.04972685 -0.01819589
v 0.04400841 0.03685709 -0.01376507
v 0.03128373 0.04813017 -0.01376507
v 0.04425248 0.03713259 -0.00886130
v 0.03152780 0.04840567 -0.00886130
v 0.04608975 0.03920644 -0.00479855
v 0.03336507 0.05047952 -0.00479855
v 0.04902793 0.04252295 -0.00266541
v 0.03630325 0.05379604 -0.00266541
v 0.05227973 0.04619348 -0.00303347
v 0.03955505 0.05746656 -0.00303347
v 0.05497384 0.04923449 -0.00580411
v 0.04224915 0.06050758 -0.00580411
v 0.05638837 0.05083117 -0.01023493
v 0.04366368 0.06210425 -0.01023493
v 0.05614430 0.05055567 -0.01513870
v 0.04440140 0.04393596 -0.01067844
v 0.04844336 0.04035509 -0.01067844
v 0.04429864 0.04381996 -0.01274319
v 0.04834059 0.04023909 -0.01274319
v 0.04489423 0.04449224 -0.01460880
v 0.04893619 0.04091138 -0.01460880
v 0.04602859 0.04577267 -0.01577538
v 0.05007055 0.04219181 -0.01577538
v 0.04739777 0.04731815 -0.01593035
v 0.05143973 0.04373729 -0.01593035
v 0.04863490 0.04871458 -0.01503219
v 0.05267685 0.04513372 -0.01503219
v 0.04940848 0.04958778 -0.01332156
v 0.05345044 0.04600692 -0.01332156
v 0.04951125 0.04970378 -0.01125681
v 0.05355321 0.04612292 -0.01125681
v 0.04891566 0.04903150 -0.00939120
v 0.05295762 0.04545063 -0.00939120
v 0.04778130 0.04775107 -0.00822462
v 0.05182325 0.04417020 -0.00822462
v 0.04641212 0.04620558 -0.00806965
v 0.05045408 0.04262472 -0.00806965
v 0.04517499 0.04480916 -0.00896781
v 0.04921695 0.04122829 -0.00896781
v 0.04592758 0.04565865 -0.01227870
v 0.04429864 0.04381996 -0.01274319
v 0.04615093 0.04591076 -0.01297830
v 0.04489423 0.04449224 -0.01460880
v 0.04657631 0.04639092 -0.01341577
v 0.04602859 0.04577267 -0.01577538
v 0.04708975 0.04697047 -0.01347388
v 0.04739777 0.04731815 -0.01593035
v 0.04755368 0.04749413 -0.01313707
v 0.04863490 0.04871458 -0.01503219
v 0.04784377 0.04782158 -0.01249558
v 0.04940848 0.04958778 -0.01332156
v 0.04788231 0.04786508 -0.01172130
v 0.04951125 0.04970378 -0.01125681
v 0.04765896 0.04761298 -0.01102170
v 0.04891566 0.04903150 -0.00939120
v 0.04723358 0.04713282 -0.01058423
v 0.04778130 0.04775107 -0.00822462
v 0.04672013 0.04655326 -0.01052612
v 0.04641212 0.04620558 -0.00806965
v 0.04625621 0.04602960 -0.01086293
v 0.04517499 0.04480916 -0.00896781
v 0.04596612 0.04570215 -0.01150442
v 0.04440140 0.04393596 -0.01067844
v 0.04327069 0.05502539 -0.01332156
v 0.03922874 0.05860625 -0.01332156
v 0.04249711 0.05415219 -0.01503219
v 0.03845515 0.05773305 -0.01503219
v 0.04125998 0.05275576 -0.01593035
v 0.03721802 0.05633662 -0.01593035
v 0.03989080 0.05121027 -0.01577538
v 0.03584884 0.05479114 -0.01577538
v 0.03875644 0.04992985 -0.01460880
v 0.03471448 0.05351071 -0.01460880
v 0.03816085 0.04925756 -0.01274319
v 0.03411889 0.05283842 -0.01274319
v 0.03826362 0.04937356 -0.01067844
v 0.03422166 0.05295442 -0.01067844
v 0.03903720 0.05024676 -0.00896781
v 0.03499524 0.05382762 -0.00896781
v 0.04027433 0.05164319 -0.00806965
v 0.03623237 0.05522405 -0.00806965
v 0.04164351 0.05318867 -0.00822462
v 0.03760155 0.05676953 -0.00822462
v 0.04277787 0.05446910 -0.00939120
v 0.03873591 0.05804996 -0.00939120
v 0.04337346 0.05514138 -0.01125681
v 0.03933150 0.05872225 -0.01125681
v 0.04141589 0.05293174 -0.01313707
v 0.04249711 0.05415219 -0.01503219
v 0.04095196 0.05240808 -0.01347388
v 0.04125998 0.05275576 -0.01593035
v 0.04043852 0.05182852 -0.01341577
v 0.03989080 0.05121027 -0.01577538
v 0.04001314 0.05134836 -0.01297830
v 0.03875644 0.04992985 -0.01460880
v 0.03978979 0.05109626 -0.01227870
v 0.03816085 0.04925756 -0.01274319
v 0.03982833 0.05113976 -0.01150442
v 0.03826362 0.04937356 -0.01067844
v 0.04011842 0.05146721 -0.01086293
v 0.03903720 0.05024676 -0.00896781
v 0.04058235 0.05199087 -0.01052612
v 0.04027433 0.05164319 -0.00806965
v 0.04109579 0.05257042 -0.01058423
v 0.04164351 0.05318867 -0.00822462
v 0.04152117 0.05305058 -0.01102170
v 0.04277787 0.05446910 -0.00939120
v 0.04174452 0.05330269 -0.01172130
v 0.04337346 0.05514138 -0.01125681
v 0.04170598 0.05325919 -0.01249558
v 0.04327069 0.05502539 -0.01332156
v 0.03982833 0.05113976 -0.01150442
v 0.04596612 0.04570215 -0.01150442
v 0.03978979 0.05109626 -0.01227870
v 0.04592758 0.04565865 -0.01227870
v 0.04001314 0.05134836 -0.01297830
v 0.04615093 0.04591076 -0.01297830
v 0.04043852 0.05182852 -0.01341577
v 0.04657631 0.04639092 -0.01341577
v 0.04095196 0.05240808 -0.01347388
v 0.04708975 0.04697047 -0.01347388
v 0.04141589 0.05293174 -0.01313707
v 0.04755368 0.04749413 -0.01313707
v 0.04170598 0.05325919 -0.01249558
v 0.04784377 0.04782158 -0.01249558
v 0.04174452 0.05330269 -0.01172130
v 0.04788231 0.04786508 -0.01172130
v 0.04152117 0.05305058 -0.01102170
v 0.04765896 0.04761298 -0.01102170
v 0.04109579 0.05257042 -0.01058423
v 0.04723358 0.04713282 -0.01058423
v 0.04058235 0.05199087 -0.01052612
v 0.04672013 0.04655326 -0.01052612
v 0.04011842 0.05146721 -0.01086293
v 0.04625621 0.04602960 -0.01086293
v 0.03099677 0.04856027 -0.01374018
v 0.03239135 0.05013443 -0.01810851
v 0.03504746 0.05313256 -0.02084007
v 0.03539237 0.05276787 -0.02096653
v 0.03825341 0.05675132 -0.02120295
v 0.04115015 0.06002106 -0.01909989
v 0.04296151 0.06206567 -0.01509443
v 0.04320213 0.06233728 -0.01025982
v 0.04180755 0.06076312 -0.00589149
v 0.03915144 0.05776499 -0.00315993
v 0.03955505 0.05746656 -0.00303347
v 0.03594550 0.05414623 -0.00279705
v 0.03304876 0.05087649 -0.00490011
v 0.03123740 0.04883188 -0.00890557
v 0.03096129 0.04907219 -0.01367217
v 0.03230137 0.05058483 -0.01786979
v 0.03485368 0.05346580 -0.02049460
v 0.03793434 0.05694313 -0.02084329
v 0.04071787 0.06008510 -0.01882243
v 0.04245844 0.06204980 -0.01497350
v 0.04268967 0.06231079 -0.01032783
v 0.04134959 0.06079816 -0.00613021
v 0.03879727 0.05791719 -0.00350540
v 0.03571662 0.05443985 -0.00315671
v 0.03293309 0.05129789 -0.00517757
v 0.03119251 0.04933319 -0.00902650
v 0.04498243 0.03665055 -0.01367217
v 0.04632251 0.03816319 -0.01786979
v 0.04887482 0.04104415 -0.02049460
v 0.05195548 0.04452149 -0.02084329
v 0.05473901 0.04766345 -0.01882243
v 0.05462305 0.04733052 -0.01844341
v 0.05647958 0.04962815 -0.01497350
v 0.05626692 0.04918607 -0.01480831
v 0.05671081 0.04988915 -0.01032783
v 0.05648530 0.04943257 -0.01042072
v 0.05537073 0.04837651 -0.00613021
v 0.05521967 0.04800396 -0.00645631
v 0.05281842 0.04549554 -0.00350540
v 0.05280915 0.04528305 -0.00397732
v 0.04973776 0.04201821 -0.00315671
v 0.04989965 0.04199890 -0.00364800
v 0.04695423 0.03887624 -0.00517757
v 0.04727075 0.03903149 -0.00555659
v 0.04521366 0.03691155 -0.00902650
v 0.04446996 0.03662406 -0.01374018
v 0.04586455 0.03819822 -0.01810851
v 0.04852066 0.04119635 -0.02084007
v 0.05172660 0.04481511 -0.02120295
v 0.05462334 0.04808485 -0.01909989
v 0.05643470 0.05012946 -0.01509443
v 0.05667533 0.05040107 -0.01025982
v 0.05528075 0.04882691 -0.00589149
v 0.05262463 0.04582878 -0.00315993
v 0.04941869 0.04221002 -0.00279705
v 0.04652195 0.03894028 -0.00490011
v 0.04471059 0.03689568 -0.00890557
v 0.04811705 0.04149478 -0.02096653
v 0.05227973 0.04619348 -0.00303347
v -0.06750637 0.00137302 -0.01593035
v -0.06833636 0.00127224 -0.02035200
v -0.06935838 0.00114814 -0.01503219
v -0.07227188 0.00079438 -0.01844340
v -0.07051645 0.00100753 -0.01332156
v -0.07473279 0.00049557 -0.01480831
v -0.07067030 0.00098885 -0.01125681
v -0.07505971 0.00045588 -0.01042072
v -0.06977868 0.00109711 -0.00939120
v -0.07316503 0.00068593 -0.00645631
v -0.06808052 0.00130330 -0.00822462
v -0.06955643 0.00112409 -0.00397732
v -0.06603083 0.00155218 -0.00806965
v -0.06520084 0.00165296 -0.00364800
v -0.06417883 0.00177705 -0.00896781
v -0.06126533 0.00213082 -0.00555660
v -0.06302075 0.00191767 -0.01067844
v -0.05880441 0.00242963 -0.00919169
v -0.06286691 0.00193635 -0.01274319
v -0.05847750 0.00246932 -0.01357928
v -0.06375852 0.00182809 -0.01460880
v -0.06037218 0.00223926 -0.01754369
v -0.06545668 0.00162189 -0.01577538
v -0.06398077 0.00180110 -0.02002268
v -0.06146832 -0.01703338 -0.01460880
v -0.05808198 -0.01662220 -0.01754369
v -0.06057671 -0.01692512 -0.01274319
v -0.05618730 -0.01639215 -0.01357928
v -0.06073055 -0.01694380 -0.01067844
v -0.05651422 -0.01643184 -0.00919169
v -0.06188863 -0.01708441 -0.00896781
v -0.05897513 -0.01673065 -0.00555660
v -0.06374063 -0.01730929 -0.00806965
v -0.06291064 -0.01720851 -0.00364800
v -0.06579032 -0.01755817 -0.00822462
v -0.06726623 -0.01773737 -0.00397732
v -0.06748849 -0.01776436 -0.00939120
v -0.07087483 -0.01817554 -0.00645631
v -0.06838010 -0.01787262 -0.01125681
v -0.07276951 -0.01840559 -0.01042072
v -0.06822626 -0.01785394 -0.01332156
v -0.07244259 -0.01836590 -0.01480831
v -0.06706818 -0.01771333 -0.01503219
v -0.06998168 -0.01806709 -0.01844340
v -0.06521618 -0.01748845 -0.01593035
v -0.06604617 -0.01758923 -0.02035200
v -0.06316649 -0.01723957 -0.01577538
v -0.06169058 -0.01706037 -0.02002268
v -0.07350009 -0.01748696 -0.01513869
v -0.07279878 -0.00027694 -0.01920145
v -0.07074966 -0.01715299 -0.01920145
v -0.06840027 0.00025713 -0.02133459
v -0.06635115 -0.01661892 -0.02133459
v -0.06353226 0.00084822 -0.02096653
v -0.06148313 -0.01602783 -0.02096653
v -0.05949912 0.00133793 -0.01819589
v -0.05745000 -0.01553812 -0.01819589
v -0.05738154 0.00159505 -0.01376507
v -0.05533241 -0.01528100 -0.01376507
v -0.05774691 0.00155068 -0.00886131
v -0.05569779 -0.01532537 -0.00886131
v -0.06049735 0.00121672 -0.00479855
v -0.05844822 -0.01565933 -0.00479855
v -0.06489586 0.00068265 -0.00266541
v -0.06284674 -0.01619340 -0.00266541
v -0.06976387 0.00009156 -0.00303347
v -0.06771475 -0.01678449 -0.00303347
v -0.07379701 -0.00039815 -0.00580411
v -0.07174789 -0.01727420 -0.00580411
v -0.07591459 -0.00065527 -0.01023493
v -0.07386547 -0.01753132 -0.01023493
v -0.07554922 -0.00061091 -0.01513869
v -0.06236985 -0.00344296 -0.01067844
v -0.06302075 0.00191767 -0.01067844
v -0.06221601 -0.00342428 -0.01274319
v -0.06286691 0.00193635 -0.01274319
v -0.06310762 -0.00353254 -0.01460880
v -0.06375852 0.00182809 -0.01460880
v -0.06480578 -0.00373873 -0.01577538
v -0.06545668 0.00162189 -0.01577538
v -0.06685547 -0.00398761 -0.01593035
v -0.06750637 0.00137302 -0.01593035
v -0.06870748 -0.00421248 -0.01503219
v -0.06935838 0.00114814 -0.01503219
v -0.06986556 -0.00435310 -0.01332156
v -0.07051645 0.00100753 -0.01332156
v -0.07001940 -0.00437178 -0.01125681
v -0.07067030 0.00098885 -0.01125681
v -0.06912779 -0.00426352 -0.00939120
v -0.06977868 0.00109711 -0.00939120
v -0.06742962 -0.00405733 -0.00822462
v -0.06808052 0.00130330 -0.00822462
v -0.06537993 -0.00380845 -0.00806965
v -0.06603083 0.00155218 -0.00806965
v -0.06352793 -0.00358357 -0.00896781
v -0.06417883 0.00177705 -0.00896781
v -0.06465457 -0.00372037 -0.01227870
v -0.06221601 -0.00342428 -0.01274319
v -0.06498892 -0.00376097 -0.01297830
v -0.06310762 -0.00353254 -0.01460880
v -0.06562573 -0.00383829 -0.01341577
v -0.06480578 -0.00373873 -0.01577538
v -0.06639437 -0.00393162 -0.01347388
v -0.06685547 -0.00398761 -0.01593035
v -0.06708887 -0.00401595 -0.01313707
v -0.06870748 -0.00421248 -0.01503219
v -0.06752315 -0.00406868 -0.01249558
v -0.06986556 -0.00435310 -0.01332156
v -0.06758084 -0.00407569 -0.01172130
v -0.07001940 -0.00437178 -0.01125681
v -0.06724648 -0.00403509 -0.01102170
v -0.06912779 -0.00426352 -0.00939120
v -0.06660967 -0.00395777 -0.01058423
v -0.06742962 -0.00405733 -0.00822462
v -0.06584104 -0.00386444 -0.01052612
v -0.06537993 -0.00380845 -0.00806965
v -0.06514654 -0.00378011 -0.01086293
v -0.06352793 -0.00358357 -0.00896781
v -0.06471226 -0.00372738 -0.01150442
v -0.06236985 -0.00344296 -0.01067844
v -0.06887716 -0.01249331 -0.01332156
v -0.06822626 -0.01785394 -0.01332156
v -0.06771908 -0.01235270 -0.01503219
v -0.06706818 -0.01771333 -0.01503219
v -0.06586707 -0.01212782 -0.01593035
v -0.06521618 -0.01748845 -0.01593035
v -0.06381738 -0.01187895 -0.01577538
v -0.06316649 -0.01723957 -0.01577538
v -0.06211922 -0.01167275 -0.01460880
v -0.06146832 -0.01703338 -0.01460880
v -0.06122761 -0.01156449 -0.01274319
v -0.06057671 -0.01692512 -0.01274319
v -0.06138145 -0.01158317 -0.01067844
v -0.06073055 -0.01694380 -0.01067844
v -0.06253953 -0.01172379 -0.00896781
v -0.06188863 -0.01708441 -0.00896781
v -0.06439153 -0.01194866 -0.00806965
v -0.06374063 -0.01730929 -0.00806965
v -0.06644122 -0.01219754 -0.00822462
v -0.06579032 -0.01755817 -0.00822462
v -0.06813939 -0.01240373 -0.00939120
v -0.06748849 -0.01776436 -0.00939120
v -0.06903100 -0.01251199 -0.01125681
v -0.06838010 -0.01787262 -0.01125681
v -0.06610047 -0.01215616 -0.01313707
v -0.06771908 -0.01235270 -0.01503219
v -0.06540597 -0.01207184 -0.01347388
v -0.06586707 -0.01212782 -0.01593035
v -0.06463733 -0.01197851 -0.01341577
v -0.06381738 -0.01187895 -0.01577538
v -0.06400052 -0.01190118 -0.01297830
v -0.06211922 -0.01167275 -0.01460880
v -0.06366617 -0.01186059 -0.01227870
v -0.06122761 -0.01156449 -0.01274319
v -0.06372386 -0.01186759 -0.01150442
v -0.06138145 -0.01158317 -0.01067844
v -0.06415814 -0.01192032 -0.01086293
v -0.06253953 -0.01172379 -0.00896781
v -0.06485264 -0.01200465 -0.01052612
v -0.06439153 -0.01194866 -0.00806965
v -0.06562127 -0.01209798 -0.01058423
v -0.06644122 -0.01219754 -0.00822462
v -0.06625808 -0.01217530 -0.01102170
v -0.06813939 -0.01240373 -0.00939120
v -0.06659244 -0.01221590 -0.01172130
v -0.06903100 -0.01251199 -0.01125681
v -0.06653475 -0.01220889 -0.01249558
v -0.06887716 -0.01249331 -0.01332156
v -0.06372386 -0.01186759 -0.01150442
v -0.06471226 -0.00372738 -0.01150442
v -0.06366617 -0.01186059 -0.01227870
v -0.06465457 -0.00372037 -0.01227870
v -0.06400052 -0.01190118 -0.01297830
v -0.06498892 -0.00376097 -0.01297830
v -0.06463733 -0.01197851 -0.01341577
v -0.06562573 -0.00383829 -0.01341577
v -0.06540597 -0.01207184 -0.01347388
v -0.06639437 -0.00393162 -0.01347388
v -0.06610047 -0.01215616 -0.01313707
v -0.06708887 -0.00401595 -0.01313707
v -0.06653475 -0.01220889 -0.01249558
v -0.06752315 -0.00406868 -0.01249558
v -0.06659244 -0.01221590 -0.01172130
v -0.06758084 -0.00407569 -0.01172130
v -0.06625808 -0.01217530 -0.01102170
v -0.06724648 -0.00403509 -0.01102170
v -0.06562127 -0.01209798 -0.01058423
v -0.06660967 -0.00395777 -0.01058423
v -0.06485264 -0.01200465 -0.01052612
v -0.06584104 -0.00386444 -0.01052612
v -0.06415814 -0.01192032 -0.01086293
v -0.06514654 -0.00378011 -0.01086293
v -0.05540283 -0.01579322 -0.01374018
v -0.05749055 -0.01604672 -0.01810852
v -0.06146681 -0.01652952 -0.02084008
v -0.06148313 -0.01602783 -0.02096653
v -0.06626617 -0.01711227 -0.02120295
v -0.07060265 -0.01763882 -0.01909989
v -0.07331429 -0.01796807 -0.01509443
v -0.07367452 -0.01801181 -0.01025982
v -0.07158680 -0.01775831 -0.00589148
v -0.06761054 -0.01727551 -0.00315992
v -0.06771475 -0.01678449 -0.00303347
v -0.06281118 -0.01669276 -0.00279705
v -0.05847470 -0.01616622 -0.00490011
v -0.05576305 -0.01583696 -0.00890557
v -0.05571574 -0.01619993 -0.01367218
v -0.05772187 -0.01644352 -0.01786979
v -0.06154273 -0.01690746 -0.02049460
v -0.06615454 -0.01746743 -0.02084329
v -0.07032155 -0.01797340 -0.01882243
v -0.07292722 -0.01828978 -0.01497350
v -0.07327337 -0.01833181 -0.01032782
v -0.07126724 -0.01808823 -0.00613021
v -0.06744637 -0.01762429 -0.00350540
v -0.06283457 -0.01706431 -0.00315671
v -0.05866756 -0.01655835 -0.00517757
v -0.05606189 -0.01624196 -0.00902650
v -0.05797364 0.00239554 -0.01367218
v -0.05997977 0.00215195 -0.01786979
v -0.06380063 0.00168802 -0.02049460
v -0.06841244 0.00112804 -0.02084329
v -0.07257945 0.00062207 -0.01882243
v -0.07227188 0.00079438 -0.01844340
v -0.07518512 0.00030569 -0.01497350
v -0.07473279 0.00049557 -0.01480831
v -0.07553127 0.00026366 -0.01032782
v -0.07505971 0.00045588 -0.01042072
v -0.07352514 0.00050725 -0.00613021
v -0.07316503 0.00068593 -0.00645631
v -0.06970427 0.00097118 -0.00350540
v -0.06955643 0.00112409 -0.00397732
v -0.06509247 0.00153116 -0.00315671
v -0.06520084 0.00165296 -0.00364800
v -0.06092546 0.00203713 -0.00517757
v -0.06126533 0.00213082 -0.00555660
v -0.05831978 0.00235351 -0.00902650
v -0.05757249 0.00207554 -0.01374018
v -0.05966021 0.00182204 -0.01810851
v -0.06363647 0.00133924 -0.02084008
v -0.06843583 0.00075649 -0.02120294
v -0.07277231 0.00022994 -0.01909989
v -0.07548395 -0.00009931 -0.01509443
v -0.07584418 -0.00014305 -0.01025982
v -0.07375646 0.00011045 -0.00589148
v -0.06978020 0.00059325 -0.00315992
v -0.06498084 0.00117600 -0.00279705
v -0.06064436 0.00170254 -0.00490011
v -0.05793271 0.00203180 -0.00890557
v -0.06353226 0.00084822 -0.02096653
v -0.06976387 0.00009156 -0.00303347
v 0.04961877 -0.04579272 -0.01593035
v 0.05030686 -0.04626768 -0.02035200
v 0.05115414 -0.04685251 -0.01503219
v 0.05356951 -0.04851972 -0.01844341
v 0.05211421 -0.04751520 -0.01332156
v 0.05560968 -0.04992795 -0.01480831
v 0.05224175 -0.04760324 -0.01125681
v 0.05588070 -0.05011502 -0.01042072
v 0.05150258 -0.04709303 -0.00939120
v 0.05430996 -0.04903082 -0.00645631
v 0.05009476 -0.04612127 -0.00822462
v 0.05131833 -0.04696584 -0.00397732
v 0.04839551 -0.04494837 -0.00806965
v 0.04770742 -0.04447341 -0.00364800
v 0.04686014 -0.04388858 -0.00896781
v 0.04444477 -0.04222137 -0.00555660
v 0.04590006 -0.04322588 -0.01067844
v 0.04240460 -0.04081314 -0.00919169
v 0.04577252 -0.04313785 -0.01274319
v 0.04213358 -0.04062607 -0.01357928
v 0.04651169 -0.04364806 -0.01460880
v 0.04370432 -0.04171027 -0.01754369
v 0.04791952 -0.04461982 -0.01577538
v 0.04669595 -0.04377525 -0.02002268
v 0.05730492 -0.02801137 -0.01460880
v 0.05449755 -0.02607358 -0.01754369
v 0.05656575 -0.02750116 -0.01274319
v 0.05292681 -0.02498938 -0.01357928
v 0.05669329 -0.02758919 -0.01067844
v 0.05319783 -0.02517645 -0.00919169
v 0.05765337 -0.02825189 -0.00896781
v 0.05523800 -0.02658468 -0.00555660
v 0.05918874 -0.02931167 -0.00806965
v 0.05850065 -0.02883672 -0.00364800
v 0.06088799 -0.03048458 -0.00822462
v 0.06211156 -0.03132915 -0.00397732
v 0.06229581 -0.03145633 -0.00939120
v 0.06510319 -0.03339412 -0.00645631
v 0.06303498 -0.03196655 -0.01125681
v 0.06667393 -0.03447833 -0.01042072
v 0.06290744 -0.03187851 -0.01332156
v 0.06640291 -0.03429125 -0.01480831
v 0.06194737 -0.03121582 -0.01503219
v 0.06436274 -0.03288303 -0.01844340
v 0.06041200 -0.03015603 -0.01593035
v 0.06110009 -0.03063098 -0.02035200
v 0.05871275 -0.02898312 -0.01577538
v 0.05748918 -0.02813855 -0.02002268
v 0.06661161 -0.03565040 -0.01513869
v 0.05467432 -0.04806723 -0.01920145
v 0.06433142 -0.03407650 -0.01920145
v 0.05102783 -0.04555024 -0.02133459
v 0.06068493 -0.03155951 -0.02133459
v 0.04699211 -0.04276458 -0.02096653
v 0.05664921 -0.02877385 -0.02096653
v 0.04364852 -0.04045667 -0.01819589
v 0.05330562 -0.02646594 -0.01819589
v 0.04189299 -0.03924491 -0.01376507
v 0.05155009 -0.02525419 -0.01376507
v 0.04219590 -0.03945399 -0.00886131
v 0.05185300 -0.02546327 -0.00886131
v 0.04447608 -0.04102789 -0.00479855
v 0.05413318 -0.02703717 -0.00479855
v 0.04812258 -0.04354488 -0.00266541
v 0.05777968 -0.02955416 -0.00266541
v 0.05215830 -0.04633054 -0.00303347
v 0.06181540 -0.03233982 -0.00303347
v 0.05550188 -0.04863845 -0.00580411
v 0.06515898 -0.03464773 -0.00580411
v 0.05725742 -0.04985021 -0.01023493
v 0.06691452 -0.03585949 -0.01023493
v 0.05695451 -0.04964113 -0.01513869
v 0.04896761 -0.03878177 -0.01067844
v 0.04590006 -0.04322588 -0.01067844
v 0.04884007 -0.03869374 -0.01274319
v 0.04577252 -0.04313785 -0.01274319
v 0.04957924 -0.03920395 -0.01460880
v 0.04651169 -0.04364806 -0.01460880
v 0.05098707 -0.04017570 -0.01577538
v 0.04791952 -0.04461982 -0.01577538
v 0.05268632 -0.04134861 -0.01593035
v 0.04961877 -0.04579272 -0.01593035
v 0.05422168 -0.04240840 -0.01503219
v 0.05115414 -0.04685251 -0.01503219
v 0.05518176 -0.04307109 -0.01332156
v 0.05211421 -0.04751520 -0.01332156
v 0.05530930 -0.04315913 -0.01125681
v 0.05224175 -0.04760324 -0.01125681
v 0.05457013 -0.04264891 -0.00939120
v 0.05150258 -0.04709303 -0.00939120
v 0.05316231 -0.04167716 -0.00822462
v 0.05009476 -0.04612127 -0.00822462
v 0.05146305 -0.04050425 -0.00806965
v 0.04839551 -0.04494837 -0.00806965
v 0.04992769 -0.03944447 -0.00896781
v 0.04686014 -0.04388858 -0.00896781
v 0.05086171 -0.04008917 -0.01227870
v 0.04884007 -0.03869374 -0.01274319
v 0.05113890 -0.04028050 -0.01297830
v 0.04957924 -0.03920395 -0.01460880
v 0.05166683 -0.04064491 -0.01341577
v 0.05098707 -0.04017570 -0.01577538
v 0.05230405 -0.04108475 -0.01347388
v 0.05268632 -0.04134861 -0.01593035
v 0.05287981 -0.04148217 -0.01313707
v 0.05422168 -0.04240840 -0.01503219
v 0.05323984 -0.04173068 -0.01249558
v 0.05518176 -0.04307109 -0.01332156
v 0.05328767 -0.04176369 -0.01172130
v 0.05530930 -0.04315913 -0.01125681
v 0.05301048 -0.04157236 -0.01102170
v 0.05457013 -0.04264891 -0.00939120
v 0.05248254 -0.04120796 -0.01058423
v 0.05316231 -0.04167716 -0.00822462
v 0.05184532 -0.04076812 -0.01052612
v 0.05146305 -0.04050425 -0.00806965
v 0.05126956 -0.04037070 -0.01086293
v 0.04992769 -0.03944447 -0.00896781
v 0.05090953 -0.04012219 -0.01150442
v 0.04896761 -0.03878177 -0.01067844
v 0.05983989 -0.03632263 -0.01332156
v 0.06290744 -0.03187851 -0.01332156
v 0.05887982 -0.03565993 -0.01503219
v 0.06194737 -0.03121582 -0.01503219
v 0.05734445 -0.03460014 -0.01593035
v 0.06041200 -0.03015603 -0.01593035
v 0.05564520 -0.03342724 -0.01577538
v 0.05871275 -0.02898312 -0.01577538
v 0.05423737 -0.03245548 -0.01460880
v 0.05730492 -0.02801137 -0.01460880
v 0.05349820 -0.03194527 -0.01274319
v 0.05656575 -0.02750116 -0.01274319
v 0.05362574 -0.03203330 -0.01067844
v 0.05669329 -0.02758919 -0.01067844
v 0.05458582 -0.03269600 -0.00896781
v 0.05765337 -0.02825189 -0.00896781
v 0.05612119 -0.03375579 -0.00806965
v 0.05918874 -0.02931167 -0.00806965
v 0.05782044 -0.03492869 -0.00822462
v 0.06088799 -0.03048458 -0.00822462
v 0.05922826 -0.03590045 -0.00939120
v 0.06229581 -0.03145633 -0.00939120
v 0.05996743 -0.03641066 -0.01125681
v 0.06303498 -0.03196655 -0.01125681
v 0.05753794 -0.03473370 -0.01313707
v 0.05887982 -0.03565993 -0.01503219
v 0.05696218 -0.03433628 -0.01347388
v 0.05734445 -0.03460014 -0.01593035
v 0.05632496 -0.03389644 -0.01341577
v 0.05564520 -0.03342724 -0.01577538
v 0.05579703 -0.03353203 -0.01297830
v 0.05423737 -0.03245548 -0.01460880
v 0.05551984 -0.03334070 -0.01227870
v 0.05349820 -0.03194527 -0.01274319
v 0.05556766 -0.03337372 -0.01150442
v 0.05362574 -0.03203330 -0.01067844
v 0.05592769 -0.03362223 -0.01086293
v 0.05458582 -0.03269600 -0.00896781
v 0.05650346 -0.03401965 -0.01052612
v 0.05612119 -0.03375579 -0.00806965
v 0.05714068 -0.03445949 -0.01058423
v 0.05782044 -0.03492869 -0.00822462
v 0.05766861 -0.03482390 -0.01102170
v 0.05922826 -0.03590045 -0.00939120
v 0.05794580 -0.03501523 -0.01172130
v 0.05996743 -0.03641066 -0.01125681
v 0.05789797 -0.03498221 -0.01249558
v 0.05983989 -0.03632263 -0.01332156
v 0.05556766 -0.03337372 -0.01150442
v 0.05090953 -0.04012219 -0.01150442
v 0.05551984 -0.03334070 -0.01227870
v 0.05086171 -0.04008917 -0.01227870
v 0.05579703 -0.03353203 -0.01297830
v 0.05113890 -0.04028050 -0.01297830
v 0.05632496 -0.03389644 -0.01341577
v 0.05166683 -0.04064491 -0.01341577
v 0.05696218 -0.03433628 -0.01347388
v 0.05230405 -0.04108475 -0.01347388
v 0.05753794 -0.03473370 -0.01313707
v 0.05287981 -0.04148217 -0.01313707
v 0.05789797 -0.03498221 -0.01249558
v 0.05323984 -0.04173068 -0.01249558
v 0.05794580 -0.03501523 -0.01172130
v 0.05328767 -0.04176369 -0.01172130
v 0.05766861 -0.03482390 -0.01102170
v 0.05301048 -0.04157236 -0.01102170
v 0.05714068 -0.03445949 -0.01058423
v 0.05248254 -0.04120796 -0.01058423
v 0.05650346 -0.03401965 -0.01052612
v 0.05184532 -0.04076812 -0.01052612
v 0.05592769 -0.03362223 -0.01086293
v 0.05126956 -0.04037070 -0.01086293
v 0.05194246 -0.02491748 -0.01374018
v 0.05367324 -0.02611214 -0.01810851
v 0.05696967 -0.02838751 -0.02084008
v 0.05664921 -0.02877385 -0.02096653
v 0.06094848 -0.03113388 -0.02120295
v 0.06454354 -0.03361538 -0.01909989
v 0.06679157 -0.03516708 -0.01509443
v 0.06709021 -0.03537321 -0.01025982
v 0.06535943 -0.03417854 -0.00589149
v 0.06206300 -0.03190318 -0.00315992
v 0.06181540 -0.03233982 -0.00303347
v 0.05808419 -0.02915681 -0.00279705
v 0.05448913 -0.02667531 -0.00490011
v 0.05224110 -0.02512361 -0.00890557
v 0.05244637 -0.02482055 -0.01367218
v 0.05410951 -0.02596853 -0.01786979
v 0.05727712 -0.02815497 -0.02049460
v 0.06110044 -0.03079401 -0.02084329
v 0.06455501 -0.03317853 -0.01882243
v 0.06671518 -0.03466960 -0.01497350
v 0.06700215 -0.03486767 -0.01032782
v 0.06533901 -0.03371969 -0.00613021
v 0.06217140 -0.03153325 -0.00350540
v 0.05834809 -0.02889421 -0.00315671
v 0.05489352 -0.02650969 -0.00517757
v 0.05273334 -0.02501863 -0.00902650
v 0.04180536 -0.04023672 -0.01367218
v 0.04346850 -0.04138470 -0.01786979
v 0.04663610 -0.04357115 -0.02049460
v 0.05045942 -0.04621019 -0.02084329
v 0.05391399 -0.04859471 -0.01882243
v 0.05356951 -0.04851972 -0.01844341
v 0.05607417 -0.05008577 -0.01497350
v 0.05560968 -0.04992795 -0.01480831
v 0.05636113 -0.05028385 -0.01032782
v 0.05588070 -0.05011502 -0.01042072
v 0.05469799 -0.04913587 -0.00613021
v 0.05430996 -0.04903082 -0.00645631
v 0.05153039 -0.04694943 -0.00350540
v 0.05131833 -0.04696584 -0.00397732
v 0.04770707 -0.04431038 -0.00315671
v 0.04770742 -0.04447341 -0.00364800
v 0.04425250 -0.04192586 -0.00517757
v 0.04444477 -0.04222137 -0.00555660
v 0.04209232 -0.04043480 -0.00902650
v 0.04171729 -0.03973118 -0.01374018
v 0.04344807 -0.04092585 -0.01810851
v 0.04674450 -0.04320122 -0.02084008
v 0.05072331 -0.04594759 -0.02120295
v 0.05431838 -0.04842909 -0.01909989
v 0.05656641 -0.04998079 -0.01509443
v 0.05686505 -0.05018692 -0.01025982
v 0.05513427 -0.04899225 -0.00589149
v 0.05183784 -0.04671689 -0.00315993
v 0.04785903 -0.04397052 -0.00279705
v 0.04426396 -0.04148902 -0.00490011
v 0.04201593 -0.03993732 -0.00890557
v 0.04699211 -0.04276458 -0.02096653
v 0.05215830 -0.04633054 -0.00303347
v -0.03462410 -0.05340869 0.01147980
v -0.03263338 -0.05116163 0.01483207
v -0.03584916 -0.05479150 0.01241482
v -0.03523663 -0.05410009 0.01681900
v -0.03722011 -0.05633898 0.01230087
v -0.03814990 -0.05738849 0.01657686
v -0.03836961 -0.05763649 0.01116848
v -0.04059257 -0.06014570 0.01417052
v -0.03898964 -0.05833637 0.00932107
v -0.04191015 -0.06163294 0.01024478
v -0.03891408 -0.05825107 0.00725366
v -0.04174958 -0.06145169 0.00585153
v -0.03816316 -0.05740347 0.00552020
v -0.04015389 -0.05965053 0.00216793
v -0.03693811 -0.05602066 0.00458518
v -0.03755064 -0.05671207 0.00018100
v -0.03556716 -0.05447318 0.00469913
v -0.03463737 -0.05342367 0.00042314
v -0.03441766 -0.05317567 0.00583152
v -0.03219469 -0.05066645 0.00282948
v -0.03379763 -0.05247579 0.00767893
v -0.03087712 -0.04917922 0.00675522
v -0.03387319 -0.05256109 0.00974634
v -0.03103769 -0.04936047 0.01114847
v -0.04801933 -0.03987646 0.00767893
v -0.04509882 -0.03657989 0.00675522
v -0.04863936 -0.04057634 0.00583152
v -0.04641640 -0.03806713 0.00282948
v -0.04978886 -0.04187385 0.00469913
v -0.04885907 -0.04082434 0.00042314
v -0.05115981 -0.04342133 0.00458518
v -0.05177234 -0.04411274 0.00018100
v -0.05238487 -0.04480414 0.00552020
v -0.05437559 -0.04705120 0.00216793
v -0.05313578 -0.04565174 0.00725366
v -0.05597128 -0.04885236 0.00585153
v -0.05321134 -0.04573704 0.00932107
v -0.05613185 -0.04903361 0.01024478
v -0.05259131 -0.04503716 0.01116848
v -0.05481428 -0.04754637 0.01417052
v -0.05144181 -0.04373965 0.01230087
v -0.05237160 -0.04478916 0.01657686
v -0.05007086 -0.04219217 0.01241482
v -0.04945833 -0.04150076 0.01681900
v -0.04884581 -0.04080936 0.01147980
v -0.04685508 -0.03856230 0.01483207
v -0.04809489 -0.03996176 0.00974634
v -0.04525939 -0.03676114 0.01114847
v -0.05182971 -0.04568551 0.01752707
v -0.03584902 -0.05328332 0.01779770
v -0.04857370 -0.04201024 0.01779770
v -0.03293951 -0.04999916 0.01557702
v -0.04566419 -0.03872608 0.01557702
v -0.03115609 -0.04798610 0.01146006
v -0.04388077 -0.03671301 0.01146006
v -0.03097663 -0.04778353 0.00654995
v -0.04370131 -0.03651044 0.00654995
v -0.03244921 -0.04944573 0.00216235
v -0.04517389 -0.03817265 0.00216235
v -0.03517926 -0.05252732 -0.00052707
v -0.04790394 -0.04125424 -0.00052707
v -0.03843527 -0.05620259 -0.00079770
v -0.05115995 -0.04492951 -0.00079770
v -0.04134478 -0.05948675 0.00142298
v -0.05406946 -0.04821367 0.00142298
v -0.04312820 -0.06149982 0.00553994
v -0.05585288 -0.05022673 0.00553994
v -0.04330766 -0.06170239 0.01045005
v -0.05603234 -0.05042930 0.01045005
v -0.04183508 -0.06004018 0.01483765
v -0.05455976 -0.04876710 0.01483765
v -0.03910503 -0.05695859 0.01752707
v -0.03960911 -0.05089232 0.00469913
v -0.03556716 -0.05447318 0.00469913
v -0.03845962 -0.04959481 0.00583152
v -0.03441766 -0.05317567 0.00583152
v -0.03783958 -0.04889493 0.00767893
v -0.03379763 -0.05247579 0.00767893
v -0.03791515 -0.04898022 0.00974634
v -0.03387319 -0.05256109 0.00974634
v -0.03866606 -0.04982783 0.01147980
v -0.03462410 -0.05340869 0.01147980
v -0.03989112 -0.05121064 0.01241482
v -0.03584916 -0.05479150 0.01241482
v -0.04126207 -0.05275812 0.01230087
v -0.03722011 -0.05633898 0.01230087
v -0.04241156 -0.05405563 0.01116848
v -0.03836961 -0.05763649 0.01116848
v -0.04303160 -0.05475551 0.00932107
v -0.03898964 -0.05833637 0.00932107
v -0.04295604 -0.05467021 0.00725366
v -0.03891408 -0.05825107 0.00725366
v -0.04220512 -0.05382261 0.00552020
v -0.03816316 -0.05740347 0.00552020
v -0.04098006 -0.05243980 0.00458518
v -0.03693811 -0.05602066 0.00458518
v -0.03969460 -0.05098881 0.00749932
v -0.03845962 -0.04959481 0.00583152
v -0.03946209 -0.05072636 0.00819210
v -0.03783958 -0.04889493 0.00767893
v -0.03949042 -0.05075835 0.00896738
v -0.03791515 -0.04898022 0.00974634
v -0.03977202 -0.05107620 0.00961742
v -0.03866606 -0.04982783 0.01147980
v -0.04023141 -0.05159475 0.00996806
v -0.03989112 -0.05121064 0.01241482
v -0.04074552 -0.05217506 0.00992533
v -0.04126207 -0.05275812 0.01230087
v -0.04117658 -0.05266162 0.00950068
v -0.04241156 -0.05405563 0.01116848
v -0.04140909 -0.05292408 0.00880790
v -0.04303160 -0.05475551 0.00932107
v -0.04138076 -0.05289209 0.00803262
v -0.04295604 -0.05467021 0.00725366
v -0.04109916 -0.05257424 0.00738258
v -0.04220512 -0.05382261 0.00552020
v -0.04063977 -0.05205569 0.00703194
v -0.04098006 -0.05243980 0.00458518
v -0.04012566 -0.05147538 0.00707467
v -0.03960911 -0.05089232 0.00469913
v -0.04739986 -0.04732051 0.01230087
v -0.05144181 -0.04373965 0.01230087
v -0.04602891 -0.04577303 0.01241482
v -0.05007086 -0.04219217 0.01241482
v -0.04480385 -0.04439022 0.01147980
v -0.04884581 -0.04080936 0.01147980
v -0.04405293 -0.04354262 0.00974634
v -0.04809489 -0.03996176 0.00974634
v -0.04397737 -0.04345733 0.00767893
v -0.04801933 -0.03987646 0.00767893
v -0.04459741 -0.04415720 0.00583152
v -0.04863936 -0.04057634 0.00583152
v -0.04574690 -0.04545471 0.00469913
v -0.04978886 -0.04187385 0.00469913
v -0.04711785 -0.04700220 0.00458518
v -0.05115981 -0.04342133 0.00458518
v -0.04834291 -0.04838500 0.00552020
v -0.05238487 -0.04480414 0.00552020
v -0.04909382 -0.04923261 0.00725366
v -0.05313578 -0.04565174 0.00725366
v -0.04916939 -0.04931790 0.00932107
v -0.05321134 -0.04573704 0.00932107
v -0.04854935 -0.04861802 0.01116848
v -0.05259131 -0.04503716 0.01116848
v -0.04636920 -0.04615714 0.00996806
v -0.04602891 -0.04577303 0.01241482
v -0.04590980 -0.04563859 0.00961742
v -0.04480385 -0.04439022 0.01147980
v -0.04562821 -0.04532074 0.00896738
v -0.04405293 -0.04354262 0.00974634
v -0.04559988 -0.04528875 0.00819210
v -0.04397737 -0.04345733 0.00767893
v -0.04583239 -0.04555121 0.00749932
v -0.04459741 -0.04415720 0.00583152
v -0.04626345 -0.04603778 0.00707467
v -0.04574690 -0.04545471 0.00469913
v -0.04677756 -0.04661808 0.00703194
v -0.04711785 -0.04700220 0.00458518
v -0.04723695 -0.04713663 0.00738258
v -0.04834291 -0.04838500 0.00552020
v -0.04751855 -0.04745449 0.00803262
v -0.04909382 -0.04923261 0.00725366
v -0.04754688 -0.04748647 0.00880790
v -0.04916939 -0.04931790 0.00932107
v -0.04731437 -0.04722402 0.00950068
v -0.04854935 -0.04861802 0.01116848
v -0.04688331 -0.04673745 0.00992533
v -0.04739986 -0.04732051 0.01230087
v -0.04626345 -0.04603778 0.00707467
v -0.04012566 -0.05147538 0.00707467
v -0.04583239 -0.04555121 0.00749932
v -0.03969460 -0.05098881 0.00749932
v -0.04559988 -0.04528875 0.00819210
v -0.03946209 -0.05072636 0.00819210
v -0.04562821 -0.04532074 0.00896738
v -0.03949042 -0.05075835 0.00896738
v -0.04590980 -0.04563859 0.00961742
v -0.03977202 -0.05107620 0.00961742
v -0.04636920 -0.04615714 0.00996806
v -0.04023141 -0.05159475 0.00996806
v -0.04688331 -0.04673745 0.00992533
v -0.04074552 -0.05217506 0.00992533
v -0.04731437 -0.04722402 0.00950068
v -0.04117658 -0.05266162 0.00950068
v -0.04754688 -0.04748647 0.00880790
v -0.04140909 -0.05292408 0.00880790
v -0.04751855 -0.04745449 0.00803262
v -0.04138076 -0.05289209 0.00803262
v -0.04723695 -0.04713663 0.00738258
v -0.04109916 -0.05257424 0.00738258
v -0.04677756 -0.04661808 0.00703194
v -0.04063977 -0.05205569 0.00703194
v -0.04561433 -0.03791579 0.00225173
v -0.04416251 -0.03627703 0.00657745
v -0.04433944 -0.03647674 0.01141831
v -0.04388077 -0.03671301 0.01146006
v -0.04609771 -0.03846142 0.01547722
v -0.04896620 -0.04169926 0.01766658
v -0.05217628 -0.04532270 0.01739977
v -0.05486783 -0.04836083 0.01474827
v -0.05631965 -0.04999960 0.01042255
v -0.05614272 -0.04979988 0.00558169
v -0.05585288 -0.05022673 0.00553994
v -0.05438445 -0.04781521 0.00152278
v -0.05151597 -0.04457736 -0.00066658
v -0.04830588 -0.04095392 -0.00039977
v -0.04606912 -0.03787717 0.00249591
v -0.04467404 -0.03630245 0.00665258
v -0.04484405 -0.03649435 0.01130427
v -0.04653361 -0.03840147 0.01520455
v -0.04928999 -0.04151278 0.01730835
v -0.05237463 -0.04499462 0.01705196
v -0.05496099 -0.04791402 0.01450409
v -0.05635607 -0.04948874 0.01034742
v -0.05618606 -0.04929683 0.00569573
v -0.05449650 -0.04738971 0.00179545
v -0.05174012 -0.04427840 -0.00030835
v -0.04865548 -0.04079657 -0.00005196
v -0.03204798 -0.05029881 0.00249591
v -0.03065290 -0.04872409 0.00665258
v -0.03082291 -0.04891600 0.01130427
v -0.03251247 -0.05082312 0.01520455
v -0.03526885 -0.05393443 0.01730835
v -0.03523663 -0.05410009 0.01681900
v -0.03835349 -0.05741626 0.01705196
v -0.03814990 -0.05738849 0.01657686
v -0.04093985 -0.06033566 0.01450409
v -0.04059257 -0.06014570 0.01417052
v -0.04233493 -0.06191038 0.01034742
v -0.04191015 -0.06163294 0.01024478
v -0.04216492 -0.06171848 0.00569573
v -0.04174958 -0.06145169 0.00585153
v -0.04047536 -0.05981136 0.00179545
v -0.04015389 -0.05965053 0.00216793
v -0.03771898 -0.05670005 -0.00030835
v -0.03755064 -0.05671207 0.00018100
v -0.03463434 -0.05321822 -0.00005196
v -0.03214114 -0.04985200 0.00225173
v -0.03068932 -0.04821323 0.00657745
v -0.03086625 -0.04841295 0.01141831
v -0.03262452 -0.05039762 0.01547722
v -0.03549300 -0.05363547 0.01766658
v -0.03870309 -0.05725891 0.01739977
v -0.04139464 -0.06029704 0.01474827
v -0.04284646 -0.06193580 0.01042255
v -0.04266953 -0.06173609 0.00558169
v -0.04091126 -0.05975142 0.00152278
v -0.03804277 -0.05651357 -0.00066658
v -0.03483269 -0.05289013 -0.00039977
v -0.03115609 -0.04798610 0.01146006
v -0.04312820 -0.06149982 0.00553994
v 0.02265430 -0.06360643 -0.01593035
v 0.02304285 -0.06434675 -0.02035200
v 0.02352129 -0.06525835 -0.01503219
v 0.02488520 -0.06785707 -0.01844341
v 0.02406343 -0.06629131 -0.01332156
v 0.02603725 -0.07005211 -0.01480831
v 0.02413545 -0.06642853 -0.01125681
v 0.02619029 -0.07034370 -0.01042072
v 0.02371805 -0.06563325 -0.00939120
v 0.02530332 -0.06865373 -0.00645631
v 0.02292308 -0.06411855 -0.00822462
v 0.02361401 -0.06543501 -0.00397732
v 0.02196354 -0.06229031 -0.00806965
v 0.02157499 -0.06154999 -0.00364800
v 0.02109655 -0.06063840 -0.00896781
v 0.01973264 -0.05803968 -0.00555659
v 0.02055441 -0.05960544 -0.01067844
v 0.01858059 -0.05584464 -0.00919169
v 0.02048239 -0.05946822 -0.01274319
v 0.01842755 -0.05555305 -0.01357928
v 0.02089979 -0.06026350 -0.01460880
v 0.01931452 -0.05724302 -0.01754369
v 0.02169476 -0.06177819 -0.01577538
v 0.02100384 -0.06046174 -0.02002268
v 0.03772345 -0.05143376 -0.01460880
v 0.03613818 -0.04841328 -0.01754369
v 0.03730606 -0.05063848 -0.01274319
v 0.03525122 -0.04672331 -0.01357928
v 0.03737808 -0.05077570 -0.01067844
v 0.03540426 -0.04701490 -0.00919169
v 0.03792022 -0.05180866 -0.00896781
v 0.03655630 -0.04920994 -0.00555659
v 0.03878721 -0.05346057 -0.00806965
v 0.03839866 -0.05272025 -0.00364800
v 0.03974674 -0.05528881 -0.00822462
v 0.04043767 -0.05660526 -0.00397732
v 0.04054171 -0.05680350 -0.00939120
v 0.04212698 -0.05982399 -0.00645631
v 0.04095911 -0.05759879 -0.01125681
v 0.04301395 -0.06151396 -0.01042072
v 0.04088709 -0.05746157 -0.01332156
v 0.04286091 -0.06122236 -0.01480831
v 0.04034495 -0.05642861 -0.01503219
v 0.04170887 -0.05902733 -0.01844341
v 0.03947796 -0.05477669 -0.01593035
v 0.03986651 -0.05551701 -0.02035200
v 0.03851843 -0.05294845 -0.01577538
v 0.03782750 -0.05163200 -0.02002268
v 0.04241408 -0.06252282 -0.01513870
v 0.02607375 -0.06796984 -0.01920145
v 0.04112650 -0.06006955 -0.01920145
v 0.02401465 -0.06404654 -0.02133459
v 0.03906740 -0.05614625 -0.02133459
v 0.02173575 -0.05970447 -0.02096653
v 0.03678850 -0.05180418 -0.02096653
v 0.01984769 -0.05610708 -0.01819589
v 0.03490045 -0.04820679 -0.01819589
v 0.01885638 -0.05421828 -0.01376507
v 0.03390913 -0.04631799 -0.01376507
v 0.01902742 -0.05454419 -0.00886130
v 0.03408018 -0.04664389 -0.00886130
v 0.02031500 -0.05699746 -0.00479855
v 0.03536775 -0.04909717 -0.00479855
v 0.02237411 -0.06092076 -0.00266541
v 0.03742686 -0.05302046 -0.00266541
v 0.02465300 -0.06526283 -0.00303347
v 0.03970575 -0.05736253 -0.00303347
v 0.02654106 -0.06886022 -0.00580411
v 0.04159381 -0.06095993 -0.00580411
v 0.02753238 -0.07074902 -0.01023493
v 0.04258513 -0.06284872 -0.01023493
v 0.02736133 -0.07042311 -0.01513870
v 0.02533588 -0.05709594 -0.01067844
v 0.02055441 -0.05960544 -0.01067844
v 0.02526386 -0.05695871 -0.01274319
v 0.02048239 -0.05946822 -0.01274319
v 0.02568125 -0.05775400 -0.01460880
v 0.02089979 -0.06026350 -0.01460880
v 0.02647622 -0.05926869 -0.01577538
v 0.02169476 -0.06177819 -0.01577538
v 0.02743576 -0.06109693 -0.01593035
v 0.02265430 -0.06360643 -0.01593035
v 0.02830275 -0.06274884 -0.01503219
v 0.02352129 -0.06525835 -0.01503219
v 0.02884489 -0.06378180 -0.01332156
v 0.02406343 -0.06629131 -0.01332156
v 0.02891691 -0.06391902 -0.01125681
v 0.02413545 -0.06642853 -0.01125681
v 0.02849951 -0.06312374 -0.00939120
v 0.02371805 -0.06563325 -0.00939120
v 0.02770454 -0.06160905 -0.00822462
v 0.02292308 -0.06411855 -0.00822462
v 0.02674501 -0.05978081 -0.00806965
v 0.02196354 -0.06229031 -0.00806965
v 0.02587801 -0.05812889 -0.00896781
v 0.02109655 -0.06063840 -0.00896781
v 0.02640543 -0.05913381 -0.01227870
v 0.02526386 -0.05695871 -0.01274319
v 0.02656196 -0.05943204 -0.01297830
v 0.02568125 -0.05775400 -0.01460880
v 0.02686007 -0.06000005 -0.01341577
v 0.02647622 -0.05926869 -0.01577538
v 0.02721990 -0.06068564 -0.01347388
v 0.02743576 -0.06109693 -0.01593035
v 0.02754502 -0.06130511 -0.01313707
v 0.02830275 -0.06274884 -0.01503219
v 0.02774832 -0.06169247 -0.01249558
v 0.02884489 -0.06378180 -0.01332156
v 0.02777533 -0.06174393 -0.01172130
v 0.02891691 -0.06391902 -0.01125681
v 0.02761881 -0.06144570 -0.01102170
v 0.02849951 -0.06312374 -0.00939120
v 0.02732069 -0.06087769 -0.01058423
v 0.02770454 -0.06160905 -0.00822462
v 0.02696087 -0.06019210 -0.01052612
v 0.02674501 -0.05978081 -0.00806965
v 0.02663574 -0.05957263 -0.01086293
v 0.02587801 -0.05812889 -0.00896781
v 0.02643244 -0.05918527 -0.01150442
v 0.02533588 -0.05709594 -0.01067844
v 0.03610563 -0.05997107 -0.01332156
v 0.04088709 -0.05746157 -0.01332156
v 0.03556349 -0.05893811 -0.01503219
v 0.04034495 -0.05642861 -0.01503219
v 0.03469650 -0.05728620 -0.01593035
v 0.03947796 -0.05477669 -0.01593035
v 0.03373696 -0.05545796 -0.01577538
v 0.03851843 -0.05294845 -0.01577538
v 0.03294199 -0.05394327 -0.01460880
v 0.03772345 -0.05143376 -0.01460880
v 0.03252460 -0.05314798 -0.01274319
v 0.03730606 -0.05063848 -0.01274319
v 0.03259661 -0.05328521 -0.01067844
v 0.03737808 -0.05077570 -0.01067844
v 0.03313875 -0.05431816 -0.00896781
v 0.03792022 -0.05180866 -0.00896781
v 0.03400574 -0.05597008 -0.00806965
v 0.03878721 -0.05346057 -0.00806965
v 0.03496528 -0.05779832 -0.00822462
v 0.03974674 -0.05528881 -0.00822462
v 0.03576025 -0.05931301 -0.00939120
v 0.04054171 -0.05680350 -0.00939120
v 0.03617765 -0.06010829 -0.01125681
v 0.04095911 -0.05759879 -0.01125681
v 0.03480576 -0.05749438 -0.01313707
v 0.03556349 -0.05893811 -0.01503219
v 0.03448064 -0.05687491 -0.01347388
v 0.03469650 -0.05728620 -0.01593035
v 0.03412081 -0.05618932 -0.01341577
v 0.03373696 -0.05545796 -0.01577538
v 0.03382270 -0.05562131 -0.01297830
v 0.03294199 -0.05394327 -0.01460880
v 0.03366617 -0.05532308 -0.01227870
v 0.03252460 -0.05314798 -0.01274319
v 0.03369318 -0.05537454 -0.01150442
v 0.03259661 -0.05328521 -0.01067844
v 0.03389648 -0.05576190 -0.01086293
v 0.03313875 -0.05431816 -0.00896781
v 0.03422161 -0.05638137 -0.01052612
v 0.03400574 -0.05597008 -0.00806965
v 0.03458143 -0.05706696 -0.01058423
v 0.03496528 -0.05779832 -0.00822462
v 0.03487954 -0.05763497 -0.01102170
v 0.03576025 -0.05931301 -0.00939120
v 0.03503607 -0.05793320 -0.01172130
v 0.03617765 -0.06010829 -0.01125681
v 0.03500906 -0.05788174 -0.01249558
v 0.03610563 -0.05997107 -0.01332156
v 0.03369318 -0.05537454 -0.01150442
v 0.02643244 -0.05918527 -0.01150442
v 0.03366617 -0.05532308 -0.01227870
v 0.02640543 -0.05913381 -0.01227870
v 0.03382270 -0.05562131 -0.01297830
v 0.02656196 -0.05943204 -0.01297830
v 0.03412081 -0.05618932 -0.01341577
v 0.02686007 -0.06000005 -0.01341577
v 0.03448064 -0.05687491 -0.01347388
v 0.02721990 -0.06068564 -0.01347388
v 0.03480576 -0.05749438 -0.01313707
v 0.02754502 -0.06130511 -0.01313707
v 0.03500906 -0.05788174 -0.01249558
v 0.02774832 -0.06169247 -0.01249558
v 0.03503607 -0.05793320 -0.01172130
v 0.02777533 -0.06174393 -0.01172130
v 0.03487954 -0.05763497 -0.01102170
v 0.02761881 -0.06144570 -0.01102170
v 0.03458143 -0.05706696 -0.01058423
v 0.02732069 -0.06087769 -0.01058423
v 0.03422161 -0.05638137 -0.01052612
v 0.02696087 -0.06019210 -0.01052612
v 0.03389648 -0.05576190 -0.01086293
v 0.02663574 -0.05957263 -0.01086293
v 0.03441303 -0.04620219 -0.01374018
v 0.03539037 -0.04806435 -0.01810851
v 0.03725180 -0.05161101 -0.02084007
v 0.03678850 -0.05180418 -0.02096653
v 0.03949856 -0.05589185 -0.02120295
v 0.04152862 -0.05975981 -0.01909989
v 0.04279804 -0.06217849 -0.01509443
v 0.04296668 -0.06249980 -0.01025982
v 0.04198934 -0.06063764 -0.00589149
v 0.04012791 -0.05709098 -0.00315993
v 0.03970575 -0.05736253 -0.00303347
v 0.03788115 -0.05281014 -0.00279705
v 0.03585109 -0.04894217 -0.00490011
v 0.03458167 -0.04652350 -0.00890557
v 0.03490427 -0.04635055 -0.01367217
v 0.03584341 -0.04813993 -0.01786979
v 0.03763210 -0.05154799 -0.02049460
v 0.03979105 -0.05566153 -0.02084329
v 0.04174178 -0.05937834 -0.01882243
v 0.04296159 -0.06170249 -0.01497350
v 0.04312364 -0.06201124 -0.01032783
v 0.04218450 -0.06022185 -0.00613021
v 0.04039581 -0.05681380 -0.00350540
v 0.03823686 -0.05270026 -0.00315671
v 0.03628613 -0.04898345 -0.00517757
v 0.03506632 -0.04665930 -0.00902650
v 0.01831787 -0.05505577 -0.01367217
v 0.01925701 -0.05684515 -0.01786979
v 0.02104569 -0.06025321 -0.02049460
v 0.02320465 -0.06436675 -0.02084329
v 0.02515538 -0.06808356 -0.01882243
v 0.02488520 -0.06785707 -0.01844341
v 0.02637519 -0.07040771 -0.01497350
v 0.02603725 -0.07005211 -0.01480831
v 0.02653723 -0.07071646 -0.01032783
v 0.02619029 -0.07034370 -0.01042072
v 0.02559809 -0.06892707 -0.00613021
v 0.02530332 -0.06865373 -0.00645631
v 0.02380940 -0.06551902 -0.00350540
v 0.02361401 -0.06543501 -0.00397732
v 0.02165045 -0.06140548 -0.00315671
v 0.02157499 -0.06154999 -0.00364800
v 0.01969972 -0.05768867 -0.00517757
v 0.01973264 -0.05803968 -0.00555659
v 0.01847991 -0.05536451 -0.00902650
v 0.01847483 -0.05456721 -0.01374018
v 0.01945216 -0.05642937 -0.01810851
v 0.02131359 -0.05997603 -0.02084007
v 0.02356035 -0.06425687 -0.02120295
v 0.02559042 -0.06812483 -0.01909989
v 0.02685984 -0.07054351 -0.01509443
v 0.02702847 -0.07086482 -0.01025982
v 0.02605113 -0.06900266 -0.00589149
v 0.02418970 -0.06545600 -0.00315993
v 0.02194295 -0.06117516 -0.00279705
v 0.01991288 -0.05730719 -0.00490011
v 0.01864346 -0.05488852 -0.00890557
v 0.02173575 -0.05970447 -0.02096653
v 0.02465300 -0.06526283 -0.00303347
v -0.05719276 0.02793395 0.01147980
v -0.05472213 0.02622860 0.01483207
v -0.05871314 0.02898340 0.01241482
v -0.05795295 0.02845867 0.01681900
v -0.06041459 0.03015782 0.01230087
v -0.06156853 0.03095433 0.01657686
v -0.06184120 0.03114254 0.01116848
v -0.06460007 0.03304685 0.01417052
v -0.06261071 0.03167369 0.00932107
v -0.06623528 0.03417555 0.01024478
v -0.06251693 0.03160896 0.00725366
v -0.06603600 0.03403800 0.00585153
v -0.06158499 0.03096569 0.00552020
v -0.06405563 0.03267105 0.00216793
v -0.06006461 0.02991624 0.00458518
v -0.06082480 0.03044097 0.00018100
v -0.05836316 0.02874182 0.00469913
v -0.05720922 0.02794532 0.00042314
v -0.05693655 0.02775710 0.00583152
v -0.05417768 0.02585279 0.00282948
v -0.05616704 0.02722595 0.00767893
v -0.05254247 0.02472409 0.00675522
v -0.05626082 0.02729068 0.00974634
v -0.05274175 0.02486164 0.01114847
v -0.04537381 0.04286264 0.00767893
v -0.04174924 0.04036078 0.00675522
v -0.04614332 0.04339380 0.00583152
v -0.04338445 0.04148949 0.00282948
v -0.04756993 0.04437851 0.00469913
v -0.04641599 0.04358201 0.00042314
v -0.04927138 0.04555294 0.00458518
v -0.05003157 0.04607766 0.00018100
v -0.05079176 0.04660238 0.00552020
v -0.05326240 0.04830774 0.00216793
v -0.05172370 0.04724566 0.00725366
v -0.05524277 0.04967469 0.00585153
v -0.05181748 0.04731039 0.00932107
v -0.05544205 0.04981224 0.01024478
v -0.05104797 0.04677923 0.01116848
v -0.05380684 0.04868354 0.01417052
v -0.04962136 0.04579452 0.01230087
v -0.05077530 0.04659102 0.01657686
v -0.04791991 0.04462009 0.01241482
v -0.04715972 0.04409536 0.01681900
v -0.04639953 0.04357064 0.01147980
v -0.04392889 0.04186529 0.01483207
v -0.04546759 0.04292737 0.00974634
v -0.04194852 0.04049834 0.01114847
v -0.05159979 0.04594504 0.01752707
v -0.05721595 0.02916505 0.01779770
v -0.04755885 0.04315578 0.01779770
v -0.05360503 0.02667261 0.01557702
v -0.04394793 0.04066334 0.01557702
v -0.05139168 0.02514484 0.01146006
v -0.04173457 0.03913557 0.01146006
v -0.05116895 0.02499111 0.00654995
v -0.04151185 0.03898183 0.00654995
v -0.05299653 0.02625260 0.00216235
v -0.04333943 0.04024332 0.00216235
v -0.05638473 0.02859130 -0.00052707
v -0.04672763 0.04258202 -0.00052707
v -0.06042567 0.03138056 -0.00079770
v -0.05076857 0.04537128 -0.00079770
v -0.06403659 0.03387300 0.00142298
v -0.05437949 0.04786372 0.00142298
v -0.06624995 0.03540077 0.00553994
v -0.05659285 0.04939149 0.00553994
v -0.06647267 0.03555450 0.01045005
v -0.05681557 0.04954523 0.01045005
v -0.06464509 0.03429301 0.01483765
v -0.05498799 0.04828374 0.01483765
v -0.06125689 0.03195431 0.01752707
v -0.05529561 0.03318593 0.00469913
v -0.05836316 0.02874182 0.00469913
v -0.05386900 0.03220121 0.00583152
v -0.05693655 0.02775710 0.00583152
v -0.05309949 0.03167006 0.00767893
v -0.05616704 0.02722595 0.00767893
v -0.05319327 0.03173479 0.00974634
v -0.05626082 0.02729068 0.00974634
v -0.05412521 0.03237806 0.01147980
v -0.05719276 0.02793395 0.01147980
v -0.05564560 0.03342751 0.01241482
v -0.05871314 0.02898340 0.01241482
v -0.05734704 0.03460194 0.01230087
v -0.06041459 0.03015782 0.01230087
v -0.05877365 0.03558665 0.01116848
v -0.06184120 0.03114254 0.01116848
v -0.05954316 0.03611781 0.00932107
v -0.06261071 0.03167369 0.00932107
v -0.05944938 0.03605308 0.00725366
v -0.06251693 0.03160896 0.00725366
v -0.05851744 0.03540980 0.00552020
v -0.06158499 0.03096569 0.00552020
v -0.05699706 0.03436036 0.00458518
v -0.06006461 0.02991624 0.00458518
v -0.05540170 0.03325916 0.00749932
v -0.05386900 0.03220121 0.00583152
v -0.05511314 0.03305998 0.00819210
v -0.05309949 0.03167006 0.00767893
v -0.05514830 0.03308426 0.00896738
v -0.05319327 0.03173479 0.00974634
v -0.05549778 0.03332548 0.00961742
v -0.05412521 0.03237806 0.01147980
v -0.05606793 0.03371902 0.00996806
v -0.05564560 0.03342751 0.01241482
v -0.05670597 0.03415943 0.00992533
v -0.05734704 0.03460194 0.01230087
v -0.05724095 0.03452870 0.00950068
v -0.05877365 0.03558665 0.01116848
v -0.05752951 0.03472789 0.00880790
v -0.05954316 0.03611781 0.00932107
v -0.05749435 0.03470361 0.00803262
v -0.05944938 0.03605308 0.00725366
v -0.05714487 0.03446238 0.00738258
v -0.05851744 0.03540980 0.00552020
v -0.05657472 0.03406884 0.00703194
v -0.05699706 0.03436036 0.00458518
v -0.05593668 0.03362843 0.00707467
v -0.05529561 0.03318593 0.00469913
v -0.05268891 0.04135040 0.01230087
v -0.04962136 0.04579452 0.01230087
v -0.05098746 0.04017598 0.01241482
v -0.04791991 0.04462009 0.01241482
v -0.04946708 0.03912653 0.01147980
v -0.04639953 0.04357064 0.01147980
v -0.04853514 0.03848326 0.00974634
v -0.04546759 0.04292737 0.00974634
v -0.04844136 0.03841853 0.00767893
v -0.04537381 0.04286264 0.00767893
v -0.04921087 0.03894968 0.00583152
v -0.04614332 0.04339380 0.00583152
v -0.05063748 0.03993440 0.00469913
v -0.04756993 0.04437851 0.00469913
v -0.05233893 0.04110882 0.00458518
v -0.04927138 0.04555294 0.00458518
v -0.05385931 0.04215827 0.00552020
v -0.05079176 0.04660238 0.00552020
v -0.05479125 0.04280154 0.00725366
v -0.05172370 0.04724566 0.00725366
v -0.05488503 0.04286627 0.00932107
v -0.05181748 0.04731039 0.00932107
v -0.05411552 0.04233512 0.01116848
v -0.05104797 0.04677923 0.01116848
v -0.05140980 0.04046749 0.00996806
v -0.05098746 0.04017598 0.01241482
v -0.05083965 0.04007395 0.00961742
v -0.04946708 0.03912653 0.01147980
v -0.05049017 0.03983272 0.00896738
v -0.04853514 0.03848326 0.00974634
v -0.05045501 0.03980845 0.00819210
v -0.04844136 0.03841853 0.00767893
v -0.05074357 0.04000763 0.00749932
v -0.04921087 0.03894968 0.00583152
v -0.05127855 0.04037690 0.00707467
v -0.05063748 0.03993440 0.00469913
v -0.05191659 0.04081731 0.00703194
v -0.05233893 0.04110882 0.00458518
v -0.05248674 0.04121085 0.00738258
v -0.05385931 0.04215827 0.00552020
v -0.05283622 0.04145208 0.00803262
v -0.05479125 0.04280154 0.00725366
v -0.05287138 0.04147635 0.00880790
v -0.05488503 0.04286627 0.00932107
v -0.05258282 0.04127717 0.00950068
v -0.05411552 0.04233512 0.01116848
v -0.05204784 0.04090790 0.00992533
v -0.05268891 0.04135040 0.01230087
v -0.05127855 0.04037690 0.00707467
v -0.05593668 0.03362843 0.00707467
v -0.05074357 0.04000763 0.00749932
v -0.05540170 0.03325916 0.00749932
v -0.05045501 0.03980845 0.00819210
v -0.05511314 0.03305998 0.00819210
v -0.05049017 0.03983272 0.00896738
v -0.05514830 0.03308426 0.00896738
v -0.05083965 0.04007395 0.00961742
v -0.05549778 0.03332548 0.00961742
v -0.05140980 0.04046749 0.00996806
v -0.05606793 0.03371902 0.00996806
v -0.05204784 0.04090790 0.00992533
v -0.05670597 0.03415943 0.00992533
v -0.05258282 0.04127717 0.00950068
v -0.05724095 0.03452870 0.00950068
v -0.05287138 0.04147635 0.00880790
v -0.05752951 0.03472789 0.00880790
v -0.05283622 0.04145208 0.00803262
v -0.05749435 0.03470361 0.00803262
v -0.05248674 0.04121085 0.00738258
v -0.05714487 0.03446238 0.00738258
v -0.05191659 0.04081731 0.00703194
v -0.05657472 0.03406884 0.00703194
v -0.04313754 0.04071151 0.00225173
v -0.04133573 0.03946781 0.00657745
v -0.04155531 0.03961938 0.01141831
v -0.04173457 0.03913557 0.01146006
v -0.04373745 0.04112560 0.01547722
v -0.04729745 0.04358289 0.01766658
v -0.05128140 0.04633281 0.01739977
v -0.05462182 0.04863853 0.01474827
v -0.05642363 0.04988223 0.01042255
v -0.05620404 0.04973067 0.00558169
v -0.05659285 0.04939149 0.00553994
v -0.05402190 0.04822444 0.00152278
v -0.05046190 0.04576715 -0.00066658
v -0.04647795 0.04301723 -0.00039977
v -0.04315402 0.04116764 0.00249591
v -0.04142262 0.03997254 0.00665258
v -0.04163362 0.04011819 0.01130427
v -0.04373049 0.04156555 0.01520455
v -0.04715136 0.04392680 0.01730835
v -0.05097962 0.04656926 0.01705196
v -0.05418949 0.04878487 0.01450409
v -0.05592088 0.04997997 0.01034742
v -0.05570988 0.04983432 0.00569573
v -0.05361302 0.04838696 0.00179545
v -0.05019214 0.04602571 -0.00030835
v -0.04636389 0.04338325 -0.00005196
v -0.05379503 0.02575146 0.00249591
v -0.05206364 0.02455637 0.00665258
v -0.05227464 0.02470201 0.01130427
v -0.05437150 0.02614937 0.01520455
v -0.05779238 0.02851063 0.01730835
v -0.05795295 0.02845867 0.01681900
v -0.06162064 0.03115309 0.01705196
v -0.06156853 0.03095433 0.01657686
v -0.06483050 0.03336870 0.01450409
v -0.06460007 0.03304685 0.01417052
v -0.06656190 0.03456379 0.01034742
v -0.06623528 0.03417555 0.01024478
v -0.06635090 0.03441815 0.00569573
v -0.06603600 0.03403800 0.00585153
v -0.06425403 0.03297079 0.00179545
v -0.06405563 0.03267105 0.00216793
v -0.06083316 0.03060953 -0.00030835
v -0.06082480 0.03044097 0.00018100
v -0.05700490 0.02796708 -0.00005196
v -0.05336271 0.02589780 0.00225173
v -0.05156089 0.02465410 0.00657745
v -0.05178048 0.02480567 0.01141831
v -0.05396262 0.02631189 0.01547722
v -0.05752262 0.02876918 0.01766658
v -0.06150657 0.03151910 0.01739977
v -0.06484698 0.03382482 0.01474827
v -0.06664879 0.03506853 0.01042255
v -0.06642921 0.03491696 0.00558169
v -0.06424707 0.03341073 0.00152278
v -0.06068707 0.03095345 -0.00066658
v -0.05670312 0.02820352 -0.00039977
v -0.05139168 0.02514484 0.01146006
v -0.06624995 0.03540077 0.00553994
f 1 2 3
f 2 4 3
f 3 4 5
f 4 6 5
f 5 6 7
f 6 8 7
f 7 8 9
f 8 10 9
f 9 10 11
f 10 12 11
f 11 12 13
f 12 14 13
f 13 14 15
f 14 16 15
f 15 16 17
f 16 18 17
f 17 18 19
f 18 20 19
f 19 20 21
f 20 22 21
f 21 22 23
f 22 24 23
f 23 24 1
f 24 2 1
f 25 26 27
f 26 28 27
f 27 28 29
f 28 30 29
f 29 30 31
f 30 32 31
f 31 32 33
f 32 34 33
f 33 34 35
f 34 36 35
f 35 36 37
f 36 38 37
f 37 38 39
f 38 40 39
f 39 40 41
f 40 42 41
f 41 42 43
f 42 44 43
f 43 44 45
f 44 46 45
f 45 46 47
f 46 48 47
f 47 48 25
f 48 26 25
f 49 50 51
f 50 52 51
f 51 52 53
f 52 54 53
f 53 54 55
f 54 56 55
f 55 56 57
f 56 58 57
f 57 58 59
f 58 60 59
f 59 60 61
f 60 62 61
f 61 62 63
f 62 64 63
f 63 64 65
f 64 66 65
f 65 66 67
f 66 68 67
f 67 68 69
f 68 70 69
f 69 70 71
f 70 72 71
f 71 72 49
f 72 50 49
f 73 74 75
f 74 76 75
f 75 76 77
f 76 78 77
f 77 78 79
f 78 80 79
f 79 80 81
f 80 82 81
f 81 82 83
f 82 84 83
f 83 84 85
f 84 86 85
f 85 86 87
f 86 88 87
f 87 88 89
f 88 90 89
f 89 90 91
f 90 92 91
f 91 92 93
f 92 94 93
f 93 94 95
f 94 96 95
f 95 96 73
f 96 74 73
f 97 98 99
f 98 100 99
f 99 100 101
f 100 102 101
f 101 102 103
f 102 104 103
f 103 104 105
f 104 106 105
f 105 106 107
f 106 108 107
f 107 108 109
f 108 110 109
f 109 110 111
f 110 112 111
f 111 112 113
f 112 114 113
f 113 114 115
f 114 116 115
f 115 116 117
f 116 118 117
f 117 118 119
f 118 120 119
f 119 120 97
f 120 98 97
f 121 122 123
f 122 124 123
f 123 124 125
f 124 126 125
f 125 126 127
f 126 128 127
f 127 128 129
f 128 130 129
f 129 130 131
f 130 132 131
f 131 132 133
f 132 134 133
f 133 134 135
f 134 136 135
f 135 136 137
f 136 138 137
f 137 138 139
f 138 140 139
f 139 140 141
f 140 142 141
f 141 142 143
f 142 144 143
f 143 144 121
f 144 122 121
f 145 146 147
f 146 148 147
f 147 148 149
f 148 150 149
f 149 150 151
f 150 152 151
f 151 152 153
f 152 154 153
f 153 154 155
f 154 156 155
f 155 156 157
f 156 158 157
f 157 158 159
f 158 160 159
f 159 160 161
f 160 162 161
f 161 162 163
f 162 164 163
f 163 164 165
f 164 166 165
f 165 166 167
f 166 168 167
f 167 168 145
f 168 146 145
f 169 170 171
f 170 172 171
f 171 172 173
f 172 174 173
f 173 174 175
f 174 176 175
f 175 176 177
f 176 178 177
f 177 178 179
f 178 180 179
f 179 180 181
f 180 182 181
f 181 182 183
f 182 184 183
f 183 184 185
f 184 186 185
f 185 186 187
f 186 188 187
f 187 188 189
f 188 190 189
f 189 190 191
f 190 192 191
f 191 192 169
f 192 170 169
f 61 193 59
f 193 194 59
f 59 194 57
f 194 195 57
f 57 195 196
f 195 197 196
f 196 197 53
f 197 198 53
f 53 198 51
f 198 199 51
f 51 199 49
f 199 200 49
f 49 200 71
f 200 201 71
f 71 201 69
f 201 202 69
f 69 202 203
f 202 204 203
f 203 204 65
f 204 205 65
f 65 205 63
f 205 206 63
f 63 206 61
f 206 193 61
f 206 207 193
f 207 208 193
f 193 208 194
f 208 209 194
f 194 209 195
f 209 210 195
f 195 210 197
f 210 211 197
f 197 211 198
f 211 212 198
f 198 212 199
f 212 213 199
f 199 213 200
f 213 214 200
f 200 214 201
f 214 215 201
f 201 215 202
f 215 216 202
f 202 216 204
f 216 217 204
f 204 217 205
f 217 218 205
f 205 218 206
f 218 207 206
f 218 28 207
f 28 26 207
f 207 26 208
f 26 48 208
f 208 48 209
f 48 46 209
f 209 46 210
f 46 44 210
f 210 44 211
f 44 42 211
f 211 42 212
f 42 40 212
f 212 40 213
f 40 38 213
f 213 38 214
f 38 36 214
f 214 36 215
f 36 34 215
f 215 34 216
f 34 32 216
f 216 32 217
f 32 30 217
f 217 30 218
f 30 28 218
f 18 219 20
f 219 220 20
f 20 220 22
f 220 221 22
f 22 221 24
f 221 222 24
f 24 222 2
f 222 223 2
f 2 223 224
f 223 225 224
f 224 225 226
f 225 227 226
f 226 227 228
f 227 229 228
f 228 229 230
f 229 231 230
f 230 231 232
f 231 233 232
f 232 233 234
f 233 235 234
f 234 235 236
f 235 237 236
f 236 237 18
f 237 219 18
f 237 238 219
f 238 239 219
f 219 239 220
f 239 240 220
f 220 240 221
f 240 241 221
f 221 241 222
f 241 242 222
f 222 242 223
f 242 243 223
f 223 243 225
f 243 244 225
f 225 244 227
f 244 245 227
f 227 245 229
f 245 246 229
f 229 246 231
f 246 247 231
f 231 247 233
f 247 248 233
f 233 248 235
f 248 249 235
f 235 249 237
f 249 238 237
f 249 58 238
f 58 56 238
f 238 56 239
f 56 250 239
f 239 250 240
f 250 52 240
f 240 52 241
f 52 50 241
f 241 50 242
f 50 72 242
f 242 72 243
f 72 70 243
f 243 70 244
f 70 68 244
f 244 68 245
f 68 251 245
f 245 251 246
f 251 64 246
f 246 64 247
f 64 62 247
f 247 62 248
f 62 60 248
f 248 60 249
f 60 58 249
f 252 253 254
f 253 255 254
f 254 255 256
f 255 257 256
f 256 257 258
f 257 259 258
f 258 259 260
f 259 261 260
f 260 261 262
f 261 263 262
f 262 263 264
f 263 265 264
f 264 265 266
f 265 267 266
f 266 267 268
f 267 269 268
f 268 269 270
f 269 271 270
f 270 271 272
f 271 273 272
f 272 273 274
f 273 275 274
f 274 275 252
f 275 253 252
f 276 277 278
f 277 279 278
f 278 279 280
f 279 281 280
f 280 281 282
f 281 283 282
f 282 283 284
f 283 285 284
f 284 285 286
f 285 287 286
f 286 287 288
f 287 289 288
f 288 289 290
f 289 291 290
f 290 291 292
f 291 293 292
f 292 293 294
f 293 295 294
f 294 295 296
f 295 297 296
f 296 297 298
f 297 299 298
f 298 299 276
f 299 277 276
f 300 301 302
f 301 303 302
f 302 303 304
f 303 305 304
f 304 305 306
f 305 307 306
f 306 307 308
f 307 309 308
f 308 309 310
f 309 311 310
f 310 311 312
f 311 313 312
f 312 313 314
f 313 315 314
f 314 315 316
f 315 317 316
f 316 317 318
f 317 319 318
f 318 319 320
f 319 321 320
f 320 321 322
f 321 323 322
f 322 323 300
f 323 301 300
f 324 325 326
f 325 327 326
f 326 327 328
f 327 329 328
f 328 329 330
f 329 331 330
f 330 331 332
f 331 333 332
f 332 333 334
f 333 335 334
f 334 335 336
f 335 337 336
f 336 337 338
f 337 339 338
f 338 339 340
f 339 341 340
f 340 341 342
f 341 343 342
f 342 343 344
f 343 345 344
f 344 345 346
f 345 347 346
f 346 347 324
f 347 325 324
f 348 349 350
f 349 351 350
f 350 351 352
f 351 353 352
f 352 353 354
f 353 355 354
f 354 355 356
f 355 357 356
f 356 357 358
f 357 359 358
f 358 359 360
f 359 361 360
f 360 361 362
f 361 363 362
f 362 363 364
f 363 365 364
f 364 365 366
f 365 367 366
f 366 367 368
f 367 369 368
f 368 369 370
f 369 371 370
f 370 371 348
f 371 349 348
f 372 373 374
f 373 375 374
f 374 375 376
f 375 377 376
f 376 377 378
f 377 379 378
f 378 379 380
f 379 381 380
f 380 381 382
f 381 383 382
f 382 383 384
f 383 385 384
f 384 385 386
f 385 387 386
f 386 387 388
f 387 389 388
f 388 389 390
f 389 391 390
f 390 391 392
f 391 393 392
f 392 393 394
f 393 395 394
f 394 395 372
f 395 373 372
f 396 397 398
f 397 399 398
f 398 399 400
f 399 401 400
f 400 401 402
f 401 403 402
f 402 403 404
f 403 405 404
f 404 405 406
f 405 407 406
f 406 407 408
f 407 409 408
f 408 409 410
f 409 411 410
f 410 411 412
f 411 413 412
f 412 413 414
f 413 415 414
f 414 415 416
f 415 417 416
f 416 417 418
f 417 419 418
f 418 419 396
f 419 397 396
f 420 421 422
f 421 423 422
f 422 423 424
f 423 425 424
f 424 425 426
f 425 427 426
f 426 427 428
f 427 429 428
f 428 429 430
f 429 431 430
f 430 431 432
f 431 433 432
f 432 433 434
f 433 435 434
f 434 435 436
f 435 437 436
f 436 437 438
f 437 439 438
f 438 439 440
f 439 441 440
f 440 441 442
f 441 443 442
f 442 443 420
f 443 421 420
f 312 444 310
f 444 445 310
f 310 445 308
f 445 446 308
f 308 446 447
f 446 448 447
f 447 448 304
f 448 449 304
f 304 449 302
f 449 450 302
f 302 450 300
f 450 451 300
f 300 451 322
f 451 452 322
f 322 452 320
f 452 453 320
f 320 453 454
f 453 455 454
f 454 455 316
f 455 456 316
f 316 456 314
f 456 457 314
f 314 457 312
f 457 444 312
f 457 458 444
f 458 459 444
f 444 459 445
f 459 460 445
f 445 460 446
f 460 461 446
f 446 461 448
f 461 462 448
f 448 462 449
f 462 463 449
f 449 463 450
f 463 464 450
f 450 464 451
f 464 465 451
f 451 465 452
f 465 466 452
f 452 466 453
f 466 467 453
f 453 467 455
f 467 468 455
f 455 468 456
f 468 469 456
f 456 469 457
f 469 458 457
f 469 279 458
f 279 277 458
f 458 277 459
f 277 299 459
f 459 299 460
f 299 297 460
f 460 297 461
f 297 295 461
f 461 295 462
f 295 293 462
f 462 293 463
f 293 291 463
f 463 291 464
f 291 289 464
f 464 289 465
f 289 287 465
f 465 287 466
f 287 285 466
f 466 285 467
f 285 283 467
f 467 283 468
f 283 281 468
f 468 281 469
f 281 279 469
f 269 470 271
f 470 471 271
f 271 471 273
f 471 472 273
f 273 472 275
f 472 473 275
f 275 473 253
f 473 474 253
f 253 474 475
f 474 476 475
f 475 476 477
f 476 478 477
f 477 478 479
f 478 480 479
f 479 480 481
f 480 482 481
f 481 482 483
f 482 484 483
f 483 484 485
f 484 486 485
f 485 486 487
f 486 488 487
f 487 488 269
f 488 470 269
f 488 489 470
f 489 490 470
f 470 490 471
f 490 491 471
f 471 491 472
f 491 492 472
f 472 492 473
f 492 493 473
f 473 493 474
f 493 494 474
f 474 494 476
f 494 495 476
f 476 495 478
f 495 496 478
f 478 496 480
f 496 497 480
f 480 497 482
f 497 498 482
f 482 498 484
f 498 499 484
f 484 499 486
f 499 500 486
f 486 500 488
f 500 489 488
f 500 309 489
f 309 307 489
f 489 307 490
f 307 501 490
f 490 501 491
f 501 303 491
f 491 303 492
f 303 301 492
f 492 301 493
f 301 323 493
f 493 323 494
f 323 321 494
f 494 321 495
f 321 319 495
f 495 319 496
f 319 502 496
f 496 502 497
f 502 315 497
f 497 315 498
f 315 313 498
f 498 313 499
f 313 311 499
f 499 311 500
f 311 309 500
f 503 504 505
f 504 506 505
f 505 506 507
f 506 508 507
f 507 508 509
f 508 510 509
f 509 510 511
f 510 512 511
f 511 512 513
f 512 514 513
f 513 514 515
f 514 516 515
f 515 516 517
f 516 518 517
f 517 518 519
f 518 520 519
f 519 520 521
f 520 522 521
f 521 522 523
f 522 524 523
f 523 524 525
f 524 526 525
f 525 526 503
f 526 504 503
f 527 528 529
f 528 530 529
f 529 530 531
f 530 532 531
f 531 532 533
f 532 534 533
f 533 534 535
f 534 536 535
f 535 536 537
f 536 538 537
f 537 538 539
f 538 540 539
f 539 540 541
f 540 542 541
f 541 542 543
f 542 544 543
f 543 544 545
f 544 546 545
f 545 546 547
f 546 548 547
f 547 548 549
f 548 550 549
f 549 550 527
f 550 528 527
f 551 552 553
f 552 554 553
f 553 554 555
f 554 556 555
f 555 556 557
f 556 558 557
f 557 558 559
f 558 560 559
f 559 560 561
f 560 562 561
f 561 562 563
f 562 564 563
f 563 564 565
f 564 566 565
f 565 566 567
f 566 568 567
f 567 568 569
f 568 570 569
f 569 570 571
f 570 572 571
f 571 572 573
f 572 574 573
f 573 574 551
f 574 552 551
f 575 576 577
f 576 578 577
f 577 578 579
f 578 580 579
f 579 580 581
f 580 582 581
f 581 582 583
f 582 584 583
f 583 584 585
f 584 586 585
f 585 586 587
f 586 588 587
f 587 588 589
f 588 590 589
f 589 590 591
f 590 592 591
f 591 592 593
f 592 594 593
f 593 594 595
f 594 596 595
f 595 596 597
f 596 598 597
f 597 598 575
f 598 576 575
f 599 600 601
f 600 602 601
f 601 602 603
f 602 604 603
f 603 604 605
f 604 606 605
f 605 606 607
f 606 608 607
f 607 608 609
f 608 610 609
f 609 610 611
f 610 612 611
f 611 612 613
f 612 614 613
f 613 614 615
f 614 616 615
f 615 616 617
f 616 618 617
f 617 618 619
f 618 620 619
f 619 620 621
f 620 622 621
f 621 622 599
f 622 600 599
f 623 624 625
f 624 626 625
f 625 626 627
f 626 628 627
f 627 628 629
f 628 630 629
f 629 630 631
f 630 632 631
f 631 632 633
f 632 634 633
f 633 634 635
f 634 636 635
f 635 636 637
f 636 638 637
f 637 638 639
f 638 640 639
f 639 640 641
f 640 642 641
f 641 642 643
f 642 644 643
f 643 644 645
f 644 646 645
f 645 646 623
f 646 624 623
f 647 648 649
f 648 650 649
f 649 650 651
f 650 652 651
f 651 652 653
f 652 654 653
f 653 654 655
f 654 656 655
f 655 656 657
f 656 658 657
f 657 658 659
f 658 660 659
f 659 660 661
f 660 662 661
f 661 662 663
f 662 664 663
f 663 664 665
f 664 666 665
f 665 666 667
f 666 668 667
f 667 668 669
f 668 670 669
f 669 670 647
f 670 648 647
f 671 672 673
f 672 674 673
f 673 674 675
f 674 676 675
f 675 676 677
f 676 678 677
f 677 678 679
f 678 680 679
f 679 680 681
f 680 682 681
f 681 682 683
f 682 684 683
f 683 684 685
f 684 686 685
f 685 686 687
f 686 688 687
f 687 688 689
f 688 690 689
f 689 690 691
f 690 692 691
f 691 692 693
f 692 694 693
f 693 694 671
f 694 672 671
f 563 695 561
f 695 696 561
f 561 696 559
f 696 697 559
f 559 697 698
f 697 699 698
f 698 699 555
f 699 700 555
f 555 700 553
f 700 701 553
f 553 701 551
f 701 702 551
f 551 702 573
f 702 703 573
f 573 703 571
f 703 704 571
f 571 704 705
f 704 706 705
f 705 706 567
f 706 707 567
f 567 707 565
f 707 708 565
f 565 708 563
f 708 695 563
f 708 709 695
f 709 710 695
f 695 710 696
f 710 711 696
f 696 711 697
f 711 712 697
f 697 712 699
f 712 713 699
f 699 713 700
f 713 714 700
f 700 714 701
f 714 715 701
f 701 715 702
f 715 716 702
f 702 716 703
f 716 717 703
f 703 717 704
f 717 718 704
f 704 718 706
f 718 719 706
f 706 719 707
f 719 720 707
f 707 720 708
f 720 709 708
f 720 530 709
f 530 528 709
f 709 528 710
f 528 550 710
f 710 550 711
f 550 548 711
f 711 548 712
f 548 546 712
f 712 546 713
f 546 544 713
f 713 544 714
f 544 542 714
f 714 542 715
f 542 540 715
f 715 540 716
f 540 538 716
f 716 538 717
f 538 536 717
f 717 536 718
f 536 534 718
f 718 534 719
f 534 532 719
f 719 532 720
f 532 530 720
f 520 721 522
f 721 722 522
f 522 722 524
f 722 723 524
f 524 723 526
f 723 724 526
f 526 724 504
f 724 725 504
f 504 725 726
f 725 727 726
f 726 727 728
f 727 729 728
f 728 729 730
f 729 731 730
f 730 731 732
f 731 733 732
f 732 733 734
f 733 735 734
f 734 735 736
f 735 737 736
f 736 737 738
f 737 739 738
f 738 739 520
f 739 721 520
f 739 740 721
f 740 741 721
f 721 741 722
f 741 742 722
f 722 742 723
f 742 743 723
f 723 743 724
f 743 744 724
f 724 744 725
f 744 745 725
f 725 745 727
f 745 746 727
f 727 746 729
f 746 747 729
f 729 747 731
f 747 748 731
f 731 748 733
f 748 749 733
f 733 749 735
f 749 750 735
f 735 750 737
f 750 751 737
f 737 751 739
f 751 740 739
f 751 560 740
f 560 558 740
f 740 558 741
f 558 752 741
f 741 752 742
f 752 554 742
f 742 554 743
f 554 552 743
f 743 552 744
f 552 574 744
f 744 574 745
f 574 572 745
f 745 572 746
f 572 570 746
f 746 570 747
f 570 753 747
f 747 753 748
f 753 566 748
f 748 566 749
f 566 564 749
f 749 564 750
f 564 562 750
f 750 562 751
f 562 560 751
f 754 755 756
f 755 757 756
f 756 757 758
f 757 759 758
f 758 759 760
f 759 761 760
f 760 761 762
f 761 763 762
f 762 763 764
f 763 765 764
f 764 765 766
f 765 767 766
f 766 767 768
f 767 769 768
f 768 769 770
f 769 771 770
f 770 771 772
f 771 773 772
f 772 773 774
f 773 775 774
f 774 775 776
f 775 777 776
f 776 777 754
f 777 755 754
f 778 779 780
f 779 781 780
f 780 781 782
f 781 783 782
f 782 783 784
f 783 785 784
f 784 785 786
f 785 787 786
f 786 787 788
f 787 789 788
f 788 789 790
f 789 791 790
f 790 791 792
f 791 793 792
f 792 793 794
f 793 795 794
f 794 795 796
f 795 797 796
f 796 797 798
f 797 799 798
f 798 799 800
f 799 801 800
f 800 801 778
f 801 779 778
f 802 803 804
f 803 805 804
f 804 805 806
f 805 807 806
f 806 807 808
f 807 809 808
f 808 809 810
f 809 811 810
f 810 811 812
f 811 813 812
f 812 813 814
f 813 815 814
f 814 815 816
f 815 817 816
f 816 817 818
f 817 819 818
f 818 819 820
f 819 821 820
f 820 821 822
f 821 823 822
f 822 823 824
f 823 825 824
f 824 825 802
f 825 803 802
f 826 827 828
f 827 829 828
f 828 829 830
f 829 831 830
f 830 831 832
f 831 833 832
f 832 833 834
f 833 835 834
f 834 835 836
f 835 837 836
f 836 837 838
f 837 839 838
f 838 839 840
f 839 841 840
f 840 841 842
f 841 843 842
f 842 843 844
f 843 845 844
f 844 845 846
f 845 847 846
f 846 847 848
f 847 849 848
f 848 849 826
f 849 827 826
f 850 851 852
f 851 853 852
f 852 853 854
f 853 855 854
f 854 855 856
f 855 857 856
f 856 857 858
f 857 859 858
f 858 859 860
f 859 861 860
f 860 861 862
f 861 863 862
f 862 863 864
f 863 865 864
f 864 865 866
f 865 867 866
f 866 867 868
f 867 869 868
f 868 869 870
f 869 871 870
f 870 871 872
f 871 873 872
f 872 873 850
f 873 851 850
f 874 875 876
f 875 877 876
f 876 877 878
f 877 879 878
f 878 879 880
f 879 881 880
f 880 881 882
f 881 883 882
f 882 883 884
f 883 885 884
f 884 885 886
f 885 887 886
f 886 887 888
f 887 889 888
f 888 889 890
f 889 891 890
f 890 891 892
f 891 893 892
f 892 893 894
f 893 895 894
f 894 895 896
f 895 897 896
f 896 897 874
f 897 875 874
f 898 899 900
f 899 901 900
f 900 901 902
f 901 903 902
f 902 903 904
f 903 905 904
f 904 905 906
f 905 907 906
f 906 907 908
f 907 909 908
f 908 909 910
f 909 911 910
f 910 911 912
f 911 913 912
f 912 913 914
f 913 915 914
f 914 915 916
f 915 917 916
f 916 917 918
f 917 919 918
f 918 919 920
f 919 921 920
f 920 921 898
f 921 899 898
f 922 923 924
f 923 925 924
f 924 925 926
f 925 927 926
f 926 927 928
f 927 929 928
f 928 929 930
f 929 931 930
f 930 931 932
f 931 933 932
f 932 933 934
f 933 935 934
f 934 935 936
f 935 937 936
f 936 937 938
f 937 939 938
f 938 939 940
f 939 941 940
f 940 941 942
f 941 943 942
f 942 943 944
f 943 945 944
f 944 945 922
f 945 923 922
f 814 946 812
f 946 947 812
f 812 947 810
f 947 948 810
f 810 948 949
f 948 950 949
f 949 950 806
f 950 951 806
f 806 951 804
f 951 952 804
f 804 952 802
f 952 953 802
f 802 953 824
f 953 954 824
f 824 954 822
f 954 955 822
f 822 955 956
f 955 957 956
f 956 957 818
f 957 958 818
f 818 958 816
f 958 959 816
f 816 959 814
f 959 946 814
f 959 960 946
f 960 961 946
f 946 961 947
f 961 962 947
f 947 962 948
f 962 963 948
f 948 963 950
f 963 964 950
f 950 964 951
f 964 965 951
f 951 965 952
f 965 966 952
f 952 966 953
f 966 967 953
f 953 967 954
f 967 968 954
f 954 968 955
f 968 969 955
f 955 969 957
f 969 970 957
f 957 970 958
f 970 971 958
f 958 971 959
f 971 960 959
f 971 781 960
f 781 779 960
f 960 779 961
f 779 801 961
f 961 801 962
f 801 799 962
f 962 799 963
f 799 797 963
f 963 797 964
f 797 795 964
f 964 795 965
f 795 793 965
f 965 793 966
f 793 791 966
f 966 791 967
f 791 789 967
f 967 789 968
f 789 787 968
f 968 787 969
f 787 785 969
f 969 785 970
f 785 783 970
f 970 783 971
f 783 781 971
f 771 972 773
f 972 973 773
f 773 973 775
f 973 974 775
f 775 974 777
f 974 975 777
f 777 975 755
f 975 976 755
f 755 976 977
f 976 978 977
f 977 978 979
f 978 980 979
f 979 980 981
f 980 982 981
f 981 982 983
f 982 984 983
f 983 984 985
f 984 986 985
f 985 986 987
f 986 988 987
f 987 988 989
f 988 990 989
f 989 990 771
f 990 972 771
f 990 991 972
f 991 992 972
f 972 992 973
f 992 993 973
f 973 993 974
f 993 994 974
f 974 994 975
f 994 995 975
f 975 995 976
f 995 996 976
f 976 996 978
f 996 997 978
f 978 997 980
f 997 998 980
f 980 998 982
f 998 999 982
f 982 999 984
f 999 1000 984
f 984 1000 986
f 1000 1001 986
f 986 1001 988
f 1001 1002 988
f 988 1002 990
f 1002 991 990
f 1002 811 991
f 811 809 991
f 991 809 992
f 809 1003 992
f 992 1003 993
f 1003 805 993
f 993 805 994
f 805 803 994
f 994 803 995
f 803 825 995
f 995 825 996
f 825 823 996
f 996 823 997
f 823 821 997
f 997 821 998
f 821 1004 998
f 998 1004 999
f 1004 817 999
f 999 817 1000
f 817 815 1000
f 1000 815 1001
f 815 813 1001
f 1001 813 1002
f 813 811 1002
f 1005 1006 1007
f 1006 1008 1007
f 1007 1008 1009
f 1008 1010 1009
f 1009 1010 1011
f 1010 1012 1011
f 1011 1012 1013
f 1012 1014 1013
f 1013 1014 1015
f 1014 1016 1015
f 1015 1016 1017
f 1016 1018 1017
f 1017 1018 1019
f 1018 1020 1019
f 1019 1020 1021
f 1020 1022 1021
f 1021 1022 1023
f 1022 1024 1023
f 1023 1024 1025
f 1024 1026 1025
f 1025 1026 1027
f 1026 1028 1027
f 1027 1028 1005
f 1028 1006 1005
f 1029 1030 1031
f 1030 1032 1031
f 1031 1032 1033
f 1032 1034 1033
f 1033 1034 1035
f 1034 1036 1035
f 1035 1036 1037
f 1036 1038 1037
f 1037 1038 1039
f 1038 1040 1039
f 1039 1040 1041
f 1040 1042 1041
f 1041 1042 1043
f 1042 1044 1043
f 1043 1044 1045
f 1044 1046 1045
f 1045 1046 1047
f 1046 1048 1047
f 1047 1048 1049
f 1048 1050 1049
f 1049 1050 1051
f 1050 1052 1051
f 1051 1052 1029
f 1052 1030 1029
f 1053 1054 1055
f 1054 1056 1055
f 1055 1056 1057
f 1056 1058 1057
f 1057 1058 1059
f 1058 1060 1059
f 1059 1060 1061
f 1060 1062 1061
f 1061 1062 1063
f 1062 1064 1063
f 1063 1064 1065
f 1064 1066 1065
f 1065 1066 1067
f 1066 1068 1067
f 1067 1068 1069
f 1068 1070 1069
f 1069 1070 1071
f 1070 1072 1071
f 1071 1072 1073
f 1072 1074 1073
f 1073 1074 1075
f 1074 1076 1075
f 1075 1076 1053
f 1076 1054 1053
f 1077 1078 1079
f 1078 1080 1079
f 1079 1080 1081
f 1080 1082 1081
f 1081 1082 1083
f 1082 1084 1083
f 1083 1084 1085
f 1084 1086 1085
f 1085 1086 1087
f 1086 1088 1087
f 1087 1088 1089
f 1088 1090 1089
f 1089 1090 1091
f 1090 1092 1091
f 1091 1092 1093
f 1092 1094 1093
f 1093 1094 1095
f 1094 1096 1095
f 1095 1096 1097
f 1096 1098 1097
f 1097 1098 1099
f 1098 1100 1099
f 1099 1100 1077
f 1100 1078 1077
f 1101 1102 1103
f 1102 1104 1103
f 1103 1104 1105
f 1104 1106 1105
f 1105 1106 1107
f 1106 1108 1107
f 1107 1108 1109
f 1108 1110 1109
f 1109 1110 1111
f 1110 1112 1111
f 1111 1112 1113
f 1112 1114 1113
f 1113 1114 1115
f 1114 1116 1115
f 1115 1116 1117
f 1116 1118 1117
f 1117 1118 1119
f 1118 1120 1119
f 1119 1120 1121
f 1120 1122 1121
f 1121 1122 1123
f 1122 1124 1123
f 1123 1124 1101
f 1124 1102 1101
f 1125 1126 1127
f 1126 1128 1127
f 1127 1128 1129
f 1128 1130 1129
f 1129 1130 1131
f 1130 1132 1131
f 1131 1132 1133
f 1132 1134 1133
f 1133 1134 1135
f 1134 1136 1135
f 1135 1136 1137
f 1136 1138 1137
f 1137 1138 1139
f 1138 1140 1139
f 1139 1140 1141
f 1140 1142 1141
f 1141 1142 1143
f 1142 1144 1143
f 1143 1144 1145
f 1144 1146 1145
f 1145 1146 1147
f 1146 1148 1147
f 1147 1148 1125
f 1148 1126 1125
f 1149 1150 1151
f 1150 1152 1151
f 1151 1152 1153
f 1152 1154 1153
f 1153 1154 1155
f 1154 1156 1155
f 1155 1156 1157
f 1156 1158 1157
f 1157 1158 1159
f 1158 1160 1159
f 1159 1160 1161
f 1160 1162 1161
f 1161 1162 1163
f 1162 1164 1163
f 1163 1164 1165
f 1164 1166 1165
f 1165 1166 1167
f 1166 1168 1167
f 1167 1168 1169
f 1168 1170 1169
f 1169 1170 1171
f 1170 1172 1171
f 1171 1172 1149
f 1172 1150 1149
f 1173 1174 1175
f 1174 1176 1175
f 1175 1176 1177
f 1176 1178 1177
f 1177 1178 1179
f 1178 1180 1179
f 1179 1180 1181
f 1180 1182 1181
f 1181 1182 1183
f 1182 1184 1183
f 1183 1184 1185
f 1184 1186 1185
f 1185 1186 1187
f 1186 1188 1187
f 1187 1188 1189
f 1188 1190 1189
f 1189 1190 1191
f 1190 1192 1191
f 1191 1192 1193
f 1192 1194 1193
f 1193 1194 1195
f 1194 1196 1195
f 1195 1196 1173
f 1196 1174 1173
f 1065 1197 1063
f 1197 1198 1063
f 1063 1198 1061
f 1198 1199 1061
f 1061 1199 1200
f 1199 1201 1200
f 1200 1201 1057
f 1201 1202 1057
f 1057 1202 1055
f 1202 1203 1055
f 1055 1203 1053
f 1203 1204 1053
f 1053 1204 1075
f 1204 1205 1075
f 1075 1205 1073
f 1205 1206 1073
f 1073 1206 1207
f 1206 1208 1207
f 1207 1208 1069
f 1208 1209 1069
f 1069 1209 1067
f 1209 1210 1067
f 1067 1210 1065
f 1210 1197 1065
f 1210 1211 1197
f 1211 1212 1197
f 1197 1212 1198
f 1212 1213 1198
f 1198 1213 1199
f 1213 1214 1199
f 1199 1214 1201
f 1214 1215 1201
f 1201 1215 1202
f 1215 1216 1202
f 1202 1216 1203
f 1216 1217 1203
f 1203 1217 1204
f 1217 1218 1204
f 1204 1218 1205
f 1218 1219 1205
f 1205 1219 1206
f 1219 1220 1206
f 1206 1220 1208
f 1220 1221 1208
f 1208 1221 1209
f 1221 1222 1209
f 1209 1222 1210
f 1222 1211 1210
f 1222 1032 1211
f 1032 1030 1211
f 1211 1030 1212
f 1030 1052 1212
f 1212 1052 1213
f 1052 1050 1213
f 1213 1050 1214
f 1050 1048 1214
f 1214 1048 1215
f 1048 1046 1215
f 1215 1046 1216
f 1046 1044 1216
f 1216 1044 1217
f 1044 1042 1217
f 1217 1042 1218
f 1042 1040 1218
f 1218 1040 1219
f 1040 1038 1219
f 1219 1038 1220
f 1038 1036 1220
f 1220 1036 1221
f 1036 1034 1221
f 1221 1034 1222
f 1034 1032 1222
f 1022 1223 1024
f 1223 1224 1024
f 1024 1224 1026
f 1224 1225 1026
f 1026 1225 1028
f 1225 1226 1028
f 1028 1226 1006
f 1226 1227 1006
f 1006 1227 1228
f 1227 1229 1228
f 1228 1229 1230
f 1229 1231 1230
f 1230 1231 1232
f 1231 1233 1232
f 1232 1233 1234
f 1233 1235 1234
f 1234 1235 1236
f 1235 1237 1236
f 1236 1237 1238
f 1237 1239 1238
f 1238 1239 1240
f 1239 1241 1240
f 1240 1241 1022
f 1241 1223 1022
f 1241 1242 1223
f 1242 1243 1223
f 1223 1243 1224
f 1243 1244 1224
f 1224 1244 1225
f 1244 1245 1225
f 1225 1245 1226
f 1245 1246 1226
f 1226 1246 1227
f 1246 1247 1227
f 1227 1247 1229
f 1247 1248 1229
f 1229 1248 1231
f 1248 1249 1231
f 1231 1249 1233
f 1249 1250 1233
f 1233 1250 1235
f 1250 1251 1235
f 1235 1251 1237
f 1251 1252 1237
f 1237 1252 1239
f 1252 1253 1239
f 1239 1253 1241
f 1253 1242 1241
f 1253 1062 1242
f 1062 1060 1242
f 1242 1060 1243
f 1060 1254 1243
f 1243 1254 1244
f 1254 1056 1244
f 1244 1056 1245
f 1056 1054 1245
f 1245 1054 1246
f 1054 1076 1246
f 1246 1076 1247
f 1076 1074 1247
f 1247 1074 1248
f 1074 1072 1248
f 1248 1072 1249
f 1072 1255 1249
f 1249 1255 1250
f 1255 1068 1250
f 1250 1068 1251
f 1068 1066 1251
f 1251 1066 1252
f 1066 1064 1252
f 1252 1064 1253
f 1064 1062 1253
f 1256 1257 1258
f 1257 1259 1258
f 1258 1259 1260
f 1259 1261 1260
f 1260 1261 1262
f 1261 1263 1262
f 1262 1263 1264
f 1263 1265 1264
f 1264 1265 1266
f 1265 1267 1266
f 1266 1267 1268
f 1267 1269 1268
f 1268 1269 1270
f 1269 1271 1270
f 1270 1271 1272
f 1271 1273 1272
f 1272 1273 1274
f 1273 1275 1274
f 1274 1275 1276
f 1275 1277 1276
f 1276 1277 1278
f 1277 1279 1278
f 1278 1279 1256
f 1279 1257 1256
f 1280 1281 1282
f 1281 1283 1282
f 1282 1283 1284
f 1283 1285 1284
f 1284 1285 1286
f 1285 1287 1286
f 1286 1287 1288
f 1287 1289 1288
f 1288 1289 1290
f 1289 1291 1290
f 1290 1291 1292
f 1291 1293 1292
f 1292 1293 1294
f 1293 1295 1294
f 1294 1295 1296
f 1295 1297 1296
f 1296 1297 1298
f 1297 1299 1298
f 1298 1299 1300
f 1299 1301 1300
f 1300 1301 1302
f 1301 1303 1302
f 1302 1303 1280
f 1303 1281 1280
f 1304 1305 1306
f 1305 1307 1306
f 1306 1307 1308
f 1307 1309 1308
f 1308 1309 1310
f 1309 1311 1310
f 1310 1311 1312
f 1311 1313 1312
f 1312 1313 1314
f 1313 1315 1314
f 1314 1315 1316
f 1315 1317 1316
f 1316 1317 1318
f 1317 1319 1318
f 1318 1319 1320
f 1319 1321 1320
f 1320 1321 1322
f 1321 1323 1322
f 1322 1323 1324
f 1323 1325 1324
f 1324 1325 1326
f 1325 1327 1326
f 1326 1327 1304
f 1327 1305 1304
f 1328 1329 1330
f 1329 1331 1330
f 1330 1331 1332
f 1331 1333 1332
f 1332 1333 1334
f 1333 1335 1334
f 1334 1335 1336
f 1335 1337 1336
f 1336 1337 1338
f 1337 1339 1338
f 1338 1339 1340
f 1339 1341 1340
f 1340 1341 1342
f 1341 1343 1342
f 1342 1343 1344
f 1343 1345 1344
f 1344 1345 1346
f 1345 1347 1346
f 1346 1347 1348
f 1347 1349 1348
f 1348 1349 1350
f 1349 1351 1350
f 1350 1351 1328
f 1351 1329 1328
f 1352 1353 1354
f 1353 1355 1354
f 1354 1355 1356
f 1355 1357 1356
f 1356 1357 1358
f 1357 1359 1358
f 1358 1359 1360
f 1359 1361 1360
f 1360 1361 1362
f 1361 1363 1362
f 1362 1363 1364
f 1363 1365 1364
f 1364 1365 1366
f 1365 1367 1366
f 1366 1367 1368
f 1367 1369 1368
f 1368 1369 1370
f 1369 1371 1370
f 1370 1371 1372
f 1371 1373 1372
f 1372 1373 1374
f 1373 1375 1374
f 1374 1375 1352
f 1375 1353 1352
f 1376 1377 1378
f 1377 1379 1378
f 1378 1379 1380
f 1379 1381 1380
f 1380 1381 1382
f 1381 1383 1382
f 1382 1383 1384
f 1383 1385 1384
f 1384 1385 1386
f 1385 1387 1386
f 1386 1387 1388
f 1387 1389 1388
f 1388 1389 1390
f 1389 1391 1390
f 1390 1391 1392
f 1391 1393 1392
f 1392 1393 1394
f 1393 1395 1394
f 1394 1395 1396
f 1395 1397 1396
f 1396 1397 1398
f 1397 1399 1398
f 1398 1399 1376
f 1399 1377 1376
f 1400 1401 1402
f 1401 1403 1402
f 1402 1403 1404
f 1403 1405 1404
f 1404 1405 1406
f 1405 1407 1406
f 1406 1407 1408
f 1407 1409 1408
f 1408 1409 1410
f 1409 1411 1410
f 1410 1411 1412
f 1411 1413 1412
f 1412 1413 1414
f 1413 1415 1414
f 1414 1415 1416
f 1415 1417 1416
f 1416 1417 1418
f 1417 1419 1418
f 1418 1419 1420
f 1419 1421 1420
f 1420 1421 1422
f 1421 1423 1422
f 1422 1423 1400
f 1423 1401 1400
f 1424 1425 1426
f 1425 1427 1426
f 1426 1427 1428
f 1427 1429 1428
f 1428 1429 1430
f 1429 1431 1430
f 1430 1431 1432
f 1431 1433 1432
f 1432 1433 1434
f 1433 1435 1434
f 1434 1435 1436
f 1435 1437 1436
f 1436 1437 1438
f 1437 1439 1438
f 1438 1439 1440
f 1439 1441 1440
f 1440 1441 1442
f 1441 1443 1442
f 1442 1443 1444
f 1443 1445 1444
f 1444 1445 1446
f 1445 1447 1446
f 1446 1447 1424
f 1447 1425 1424
f 1316 1448 1314
f 1448 1449 1314
f 1314 1449 1312
f 1449 1450 1312
f 1312 1450 1451
f 1450 1452 1451
f 1451 1452 1308
f 1452 1453 1308
f 1308 1453 1306
f 1453 1454 1306
f 1306 1454 1304
f 1454 1455 1304
f 1304 1455 1326
f 1455 1456 1326
f 1326 1456 1324
f 1456 1457 1324
f 1324 1457 1458
f 1457 1459 1458
f 1458 1459 1320
f 1459 1460 1320
f 1320 1460 1318
f 1460 1461 1318
f 1318 1461 1316
f 1461 1448 1316
f 1461 1462 1448
f 1462 1463 1448
f 1448 1463 1449
f 1463 1464 1449
f 1449 1464 1450
f 1464 1465 1450
f 1450 1465 1452
f 1465 1466 1452
f 1452 1466 1453
f 1466 1467 1453
f 1453 1467 1454
f 1467 1468 1454
f 1454 1468 1455
f 1468 1469 1455
f 1455 1469 1456
f 1469 1470 1456
f 1456 1470 1457
f 1470 1471 1457
f 1457 1471 1459
f 1471 1472 1459
f 1459 1472 1460
f 1472 1473 1460
f 1460 1473 1461
f 1473 1462 1461
f 1473 1283 1462
f 1283 1281 1462
f 1462 1281 1463
f 1281 1303 1463
f 1463 1303 1464
f 1303 1301 1464
f 1464 1301 1465
f 1301 1299 1465
f 1465 1299 1466
f 1299 1297 1466
f 1466 1297 1467
f 1297 1295 1467
f 1467 1295 1468
f 1295 1293 1468
f 1468 1293 1469
f 1293 1291 1469
f 1469 1291 1470
f 1291 1289 1470
f 1470 1289 1471
f 1289 1287 1471
f 1471 1287 1472
f 1287 1285 1472
f 1472 1285 1473
f 1285 1283 1473
f 1273 1474 1275
f 1474 1475 1275
f 1275 1475 1277
f 1475 1476 1277
f 1277 1476 1279
f 1476 1477 1279
f 1279 1477 1257
f 1477 1478 1257
f 1257 1478 1479
f 1478 1480 1479
f 1479 1480 1481
f 1480 1482 1481
f 1481 1482 1483
f 1482 1484 1483
f 1483 1484 1485
f 1484 1486 1485
f 1485 1486 1487
f 1486 1488 1487
f 1487 1488 1489
f 1488 1490 1489
f 1489 1490 1491
f 1490 1492 1491
f 1491 1492 1273
f 1492 1474 1273
f 1492 1493 1474
f 1493 1494 1474
f 1474 1494 1475
f 1494 1495 1475
f 1475 1495 1476
f 1495 1496 1476
f 1476 1496 1477
f 1496 1497 1477
f 1477 1497 1478
f 1497 1498 1478
f 1478 1498 1480
f 1498 1499 1480
f 1480 1499 1482
f 1499 1500 1482
f 1482 1500 1484
f 1500 1501 1484
f 1484 1501 1486
f 1501 1502 1486
f 1486 1502 1488
f 1502 1503 1488
f 1488 1503 1490
f 1503 1504 1490
f 1490 1504 1492
f 1504 1493 1492
f 1504 1313 1493
f 1313 1311 1493
f 1493 1311 1494
f 1311 1505 1494
f 1494 1505 1495
f 1505 1307 1495
f 1495 1307 1496
f 1307 1305 1496
f 1496 1305 1497
f 1305 1327 1497
f 1497 1327 1498
f 1327 1325 1498
f 1498 1325 1499
f 1325 1323 1499
f 1499 1323 1500
f 1323 1506 1500
f 1500 1506 1501
f 1506 1319 1501
f 1501 1319 1502
f 1319 1317 1502
f 1502 1317 1503
f 1317 1315 1503
f 1503 1315 1504
f 1315 1313 1504
f 1507 1508 1509
f 1508 1510 1509
f 1509 1510 1511
f 1510 1512 1511
f 1511 1512 1513
f 1512 1514 1513
f 1513 1514 1515
f 1514 1516 1515
f 1515 1516 1517
f 1516 1518 1517
f 1517 1518 1519
f 1518 1520 1519
f 1519 1520 1521
f 1520 1522 1521
f 1521 1522 1523
f 1522 1524 1523
f 1523 1524 1525
f 1524 1526 1525
f 1525 1526 1527
f 1526 1528 1527
f 1527 1528 1529
f 1528 1530 1529
f 1529 1530 1507
f 1530 1508 1507
f 1531 1532 1533
f 1532 1534 1533
f 1533 1534 1535
f 1534 1536 1535
f 1535 1536 1537
f 1536 1538 1537
f 1537 1538 1539
f 1538 1540 1539
f 1539 1540 1541
f 1540 1542 1541
f 1541 1542 1543
f 1542 1544 1543
f 1543 1544 1545
f 1544 1546 1545
f 1545 1546 1547
f 1546 1548 1547
f 1547 1548 1549
f 1548 1550 1549
f 1549 1550 1551
f 1550 1552 1551
f 1551 1552 1553
f 1552 1554 1553
f 1553 1554 1531
f 1554 1532 1531
f 1555 1556 1557
f 1556 1558 1557
f 1557 1558 1559
f 1558 1560 1559
f 1559 1560 1561
f 1560 1562 1561
f 1561 1562 1563
f 1562 1564 1563
f 1563 1564 1565
f 1564 1566 1565
f 1565 1566 1567
f 1566 1568 1567
f 1567 1568 1569
f 1568 1570 1569
f 1569 1570 1571
f 1570 1572 1571
f 1571 1572 1573
f 1572 1574 1573
f 1573 1574 1575
f 1574 1576 1575
f 1575 1576 1577
f 1576 1578 1577
f 1577 1578 1555
f 1578 1556 1555
f 1579 1580 1581
f 1580 1582 1581
f 1581 1582 1583
f 1582 1584 1583
f 1583 1584 1585
f 1584 1586 1585
f 1585 1586 1587
f 1586 1588 1587
f 1587 1588 1589
f 1588 1590 1589
f 1589 1590 1591
f 1590 1592 1591
f 1591 1592 1593
f 1592 1594 1593
f 1593 1594 1595
f 1594 1596 1595
f 1595 1596 1597
f 1596 1598 1597
f 1597 1598 1599
f 1598 1600 1599
f 1599 1600 1601
f 1600 1602 1601
f 1601 1602 1579
f 1602 1580 1579
f 1603 1604 1605
f 1604 1606 1605
f 1605 1606 1607
f 1606 1608 1607
f 1607 1608 1609
f 1608 1610 1609
f 1609 1610 1611
f 1610 1612 1611
f 1611 1612 1613
f 1612 1614 1613
f 1613 1614 1615
f 1614 1616 1615
f 1615 1616 1617
f 1616 1618 1617
f 1617 1618 1619
f 1618 1620 1619
f 1619 1620 1621
f 1620 1622 1621
f 1621 1622 1623
f 1622 1624 1623
f 1623 1624 1625
f 1624 1626 1625
f 1625 1626 1603
f 1626 1604 1603
f 1627 1628 1629
f 1628 1630 1629
f 1629 1630 1631
f 1630 1632 1631
f 1631 1632 1633
f 1632 1634 1633
f 1633 1634 1635
f 1634 1636 1635
f 1635 1636 1637
f 1636 1638 1637
f 1637 1638 1639
f 1638 1640 1639
f 1639 1640 1641
f 1640 1642 1641
f 1641 1642 1643
f 1642 1644 1643
f 1643 1644 1645
f 1644 1646 1645
f 1645 1646 1647
f 1646 1648 1647
f 1647 1648 1649
f 1648 1650 1649
f 1649 1650 1627
f 1650 1628 1627
f 1651 1652 1653
f 1652 1654 1653
f 1653 1654 1655
f 1654 1656 1655
f 1655 1656 1657
f 1656 1658 1657
f 1657 1658 1659
f 1658 1660 1659
f 1659 1660 1661
f 1660 1662 1661
f 1661 1662 1663
f 1662 1664 1663
f 1663 1664 1665
f 1664 1666 1665
f 1665 1666 1667
f 1666 1668 1667
f 1667 1668 1669
f 1668 1670 1669
f 1669 1670 1671
f 1670 1672 1671
f 1671 1672 1673
f 1672 1674 1673
f 1673 1674 1651
f 1674 1652 1651
f 1675 1676 1677
f 1676 1678 1677
f 1677 1678 1679
f 1678 1680 1679
f 1679 1680 1681
f 1680 1682 1681
f 1681 1682 1683
f 1682 1684 1683
f 1683 1684 1685
f 1684 1686 1685
f 1685 1686 1687
f 1686 1688 1687
f 1687 1688 1689
f 1688 1690 1689
f 1689 1690 1691
f 1690 1692 1691
f 1691 1692 1693
f 1692 1694 1693
f 1693 1694 1695
f 1694 1696 1695
f 1695 1696 1697
f 1696 1698 1697
f 1697 1698 1675
f 1698 1676 1675
f 1567 1699 1565
f 1699 1700 1565
f 1565 1700 1563
f 1700 1701 1563
f 1563 1701 1702
f 1701 1703 1702
f 1702 1703 1559
f 1703 1704 1559
f 1559 1704 1557
f 1704 1705 1557
f 1557 1705 1555
f 1705 1706 1555
f 1555 1706 1577
f 1706 1707 1577
f 1577 1707 1575
f 1707 1708 1575
f 1575 1708 1709
f 1708 1710 1709
f 1709 1710 1571
f 1710 1711 1571
f 1571 1711 1569
f 1711 1712 1569
f 1569 1712 1567
f 1712 1699 1567
f 1712 1713 1699
f 1713 1714 1699
f 1699 1714 1700
f 1714 1715 1700
f 1700 1715 1701
f 1715 1716 1701
f 1701 1716 1703
f 1716 1717 1703
f 1703 1717 1704
f 1717 1718 1704
f 1704 1718 1705
f 1718 1719 1705
f 1705 1719 1706
f 1719 1720 1706
f 1706 1720 1707
f 1720 1721 1707
f 1707 1721 1708
f 1721 1722 1708
f 1708 1722 1710
f 1722 1723 1710
f 1710 1723 1711
f 1723 1724 1711
f 1711 1724 1712
f 1724 1713 1712
f 1724 1534 1713
f 1534 1532 1713
f 1713 1532 1714
f 1532 1554 1714
f 1714 1554 1715
f 1554 1552 1715
f 1715 1552 1716
f 1552 1550 1716
f 1716 1550 1717
f 1550 1548 1717
f 1717 1548 1718
f 1548 1546 1718
f 1718 1546 1719
f 1546 1544 1719
f 1719 1544 1720
f 1544 1542 1720
f 1720 1542 1721
f 1542 1540 1721
f 1721 1540 1722
f 1540 1538 1722
f 1722 1538 1723
f 1538 1536 1723
f 1723 1536 1724
f 1536 1534 1724
f 1524 1725 1526
f 1725 1726 1526
f 1526 1726 1528
f 1726 1727 1528
f 1528 1727 1530
f 1727 1728 1530
f 1530 1728 1508
f 1728 1729 1508
f 1508 1729 1730
f 1729 1731 1730
f 1730 1731 1732
f 1731 1733 1732
f 1732 1733 1734
f 1733 1735 1734
f 1734 1735 1736
f 1735 1737 1736
f 1736 1737 1738
f 1737 1739 1738
f 1738 1739 1740
f 1739 1741 1740
f 1740 1741 1742
f 1741 1743 1742
f 1742 1743 1524
f 1743 1725 1524
f 1743 1744 1725
f 1744 1745 1725
f 1725 1745 1726
f 1745 1746 1726
f 1726 1746 1727
f 1746 1747 1727
f 1727 1747 1728
f 1747 1748 1728
f 1728 1748 1729
f 1748 1749 1729
f 1729 1749 1731
f 1749 1750 1731
f 1731 1750 1733
f 1750 1751 1733
f 1733 1751 1735
f 1751 1752 1735
f 1735 1752 1737
f 1752 1753 1737
f 1737 1753 1739
f 1753 1754 1739
f 1739 1754 1741
f 1754 1755 1741
f 1741 1755 1743
f 1755 1744 1743
f 1755 1564 1744
f 1564 1562 1744
f 1744 1562 1745
f 1562 1756 1745
f 1745 1756 1746
f 1756 1558 1746
f 1746 1558 1747
f 1558 1556 1747
f 1747 1556 1748
f 1556 1578 1748
f 1748 1578 1749
f 1578 1576 1749
f 1749 1576 1750
f 1576 1574 1750
f 1750 1574 1751
f 1574 1757 1751
f 1751 1757 1752
f 1757 1570 1752
f 1752 1570 1753
f 1570 1568 1753
f 1753 1568 1754
f 1568 1566 1754
f 1754 1566 1755
f 1566 1564 1755
f 1758 1759 1760
f 1759 1761 1760
f 1760 1761 1762
f 1761 1763 1762
f 1762 1763 1764
f 1763 1765 1764
f 1764 1765 1766
f 1765 1767 1766
f 1766 1767 1768
f 1767 1769 1768
f 1768 1769 1770
f 1769 1771 1770
f 1770 1771 1772
f 1771 1773 1772
f 1772 1773 1774
f 1773 1775 1774
f 1774 1775 1776
f 1775 1777 1776
f 1776 1777 1778
f 1777 1779 1778
f 1778 1779 1780
f 1779 1781 1780
f 1780 1781 1758
f 1781 1759 1758
f 1782 1783 1784
f 1783 1785 1784
f 1784 1785 1786
f 1785 1787 1786
f 1786 1787 1788
f 1787 1789 1788
f 1788 1789 1790
f 1789 1791 1790
f 1790 1791 1792
f 1791 1793 1792
f 1792 1793 1794
f 1793 1795 1794
f 1794 1795 1796
f 1795 1797 1796
f 1796 1797 1798
f 1797 1799 1798
f 1798 1799 1800
f 1799 1801 1800
f 1800 1801 1802
f 1801 1803 1802
f 1802 1803 1804
f 1803 1805 1804
f 1804 1805 1782
f 1805 1783 1782
f 1806 1807 1808
f 1807 1809 1808
f 1808 1809 1810
f 1809 1811 1810
f 1810 1811 1812
f 1811 1813 1812
f 1812 1813 1814
f 1813 1815 1814
f 1814 1815 1816
f 1815 1817 1816
f 1816 1817 1818
f 1817 1819 1818
f 1818 1819 1820
f 1819 1821 1820
f 1820 1821 1822
f 1821 1823 1822
f 1822 1823 1824
f 1823 1825 1824
f 1824 1825 1826
f 1825 1827 1826
f 1826 1827 1828
f 1827 1829 1828
f 1828 1829 1806
f 1829 1807 1806
f 1830 1831 1832
f 1831 1833 1832
f 1832 1833 1834
f 1833 1835 1834
f 1834 1835 1836
f 1835 1837 1836
f 1836 1837 1838
f 1837 1839 1838
f 1838 1839 1840
f 1839 1841 1840
f 1840 1841 1842
f 1841 1843 1842
f 1842 1843 1844
f 1843 1845 1844
f 1844 1845 1846
f 1845 1847 1846
f 1846 1847 1848
f 1847 1849 1848
f 1848 1849 1850
f 1849 1851 1850
f 1850 1851 1852
f 1851 1853 1852
f 1852 1853 1830
f 1853 1831 1830
f 1854 1855 1856
f 1855 1857 1856
f 1856 1857 1858
f 1857 1859 1858
f 1858 1859 1860
f 1859 1861 1860
f 1860 1861 1862
f 1861 1863 1862
f 1862 1863 1864
f 1863 1865 1864
f 1864 1865 1866
f 1865 1867 1866
f 1866 1867 1868
f 1867 1869 1868
f 1868 1869 1870
f 1869 1871 1870
f 1870 1871 1872
f 1871 1873 1872
f 1872 1873 1874
f 1873 1875 1874
f 1874 1875 1876
f 1875 1877 1876
f 1876 1877 1854
f 1877 1855 1854
f 1878 1879 1880
f 1879 1881 1880
f 1880 1881 1882
f 1881 1883 1882
f 1882 1883 1884
f 1883 1885 1884
f 1884 1885 1886
f 1885 1887 1886
f 1886 1887 1888
f 1887 1889 1888
f 1888 1889 1890
f 1889 1891 1890
f 1890 1891 1892
f 1891 1893 1892
f 1892 1893 1894
f 1893 1895 1894
f 1894 1895 1896
f 1895 1897 1896
f 1896 1897 1898
f 1897 1899 1898
f 1898 1899 1900
f 1899 1901 1900
f 1900 1901 1878
f 1901 1879 1878
f 1902 1903 1904
f 1903 1905 1904
f 1904 1905 1906
f 1905 1907 1906
f 1906 1907 1908
f 1907 1909 1908
f 1908 1909 1910
f 1909 1911 1910
f 1910 1911 1912
f 1911 1913 1912
f 1912 1913 1914
f 1913 1915 1914
f 1914 1915 1916
f 1915 1917 1916
f 1916 1917 1918
f 1917 1919 1918
f 1918 1919 1920
f 1919 1921 1920
f 1920 1921 1922
f 1921 1923 1922
f 1922 1923 1924
f 1923 1925 1924
f 1924 1925 1902
f 1925 1903 1902
f 1926 1927 1928
f 1927 1929 1928
f 1928 1929 1930
f 1929 1931 1930
f 1930 1931 1932
f 1931 1933 1932
f 1932 1933 1934
f 1933 1935 1934
f 1934 1935 1936
f 1935 1937 1936
f 1936 1937 1938
f 1937 1939 1938
f 1938 1939 1940
f 1939 1941 1940
f 1940 1941 1942
f 1941 1943 1942
f 1942 1943 1944
f 1943 1945 1944
f 1944 1945 1946
f 1945 1947 1946
f 1946 1947 1948
f 1947 1949 1948
f 1948 1949 1926
f 1949 1927 1926
f 1818 1950 1816
f 1950 1951 1816
f 1816 1951 1814
f 1951 1952 1814
f 1814 1952 1953
f 1952 1954 1953
f 1953 1954 1810
f 1954 1955 1810
f 1810 1955 1808
f 1955 1956 1808
f 1808 1956 1806
f 1956 1957 1806
f 1806 1957 1828
f 1957 1958 1828
f 1828 1958 1826
f 1958 1959 1826
f 1826 1959 1960
f 1959 1961 1960
f 1960 1961 1822
f 1961 1962 1822
f 1822 1962 1820
f 1962 1963 1820
f 1820 1963 1818
f 1963 1950 1818
f 1963 1964 1950
f 1964 1965 1950
f 1950 1965 1951
f 1965 1966 1951
f 1951 1966 1952
f 1966 1967 1952
f 1952 1967 1954
f 1967 1968 1954
f 1954 1968 1955
f 1968 1969 1955
f 1955 1969 1956
f 1969 1970 1956
f 1956 1970 1957
f 1970 1971 1957
f 1957 1971 1958
f 1971 1972 1958
f 1958 1972 1959
f 1972 1973 1959
f 1959 1973 1961
f 1973 1974 1961
f 1961 1974 1962
f 1974 1975 1962
f 1962 1975 1963
f 1975 1964 1963
f 1975 1785 1964
f 1785 1783 1964
f 1964 1783 1965
f 1783 1805 1965
f 1965 1805 1966
f 1805 1803 1966
f 1966 1803 1967
f 1803 1801 1967
f 1967 1801 1968
f 1801 1799 1968
f 1968 1799 1969
f 1799 1797 1969
f 1969 1797 1970
f 1797 1795 1970
f 1970 1795 1971
f 1795 1793 1971
f 1971 1793 1972
f 1793 1791 1972
f 1972 1791 1973
f 1791 1789 1973
f 1973 1789 1974
f 1789 1787 1974
f 1974 1787 1975
f 1787 1785 1975
f 1775 1976 1777
f 1976 1977 1777
f 1777 1977 1779
f 1977 1978 1779
f 1779 1978 1781
f 1978 1979 1781
f 1781 1979 1759
f 1979 1980 1759
f 1759 1980 1981
f 1980 1982 1981
f 1981 1982 1983
f 1982 1984 1983
f 1983 1984 1985
f 1984 1986 1985
f 1985 1986 1987
f 1986 1988 1987
f 1987 1988 1989
f 1988 1990 1989
f 1989 1990 1991
f 1990 1992 1991
f 1991 1992 1993
f 1992 1994 1993
f 1993 1994 1775
f 1994 1976 1775
f 1994 1995 1976
f 1995 1996 1976
f 1976 1996 1977
f 1996 1997 1977
f 1977 1997 1978
f 1997 1998 1978
f 1978 1998 1979
f 1998 1999 1979
f 1979 1999 1980
f 1999 2000 1980
f 1980 2000 1982
f 2000 2001 1982
f 1982 2001 1984
f 2001 2002 1984
f 1984 2002 1986
f 2002 2003 1986
f 1986 2003 1988
f 2003 2004 1988
f 1988 2004 1990
f 2004 2005 1990
f 1990 2005 1992
f 2005 2006 1992
f 1992 2006 1994
f 2006 1995 1994
f 2006 1815 1995
f 1815 1813 1995
f 1995 1813 1996
f 1813 2007 1996
f 1996 2007 1997
f 2007 1809 1997
f 1997 1809 1998
f 1809 1807 1998
f 1998 1807 1999
f 1807 1829 1999
f 1999 1829 2000
f 1829 1827 2000
f 2000 1827 2001
f 1827 1825 2001
f 2001 1825 2002
f 1825 2008 2002
f 2002 2008 2003
f 2008 1821 2003
f 2003 1821 2004
f 1821 1819 2004
f 2004 1819 2005
f 1819 1817 2005
f 2005 1817 2006
f 1817 1815 2006
f 2009 2010 2011
f 2010 2012 2011
f 2011 2012 2013
f 2012 2014 2013
f 2013 2014 2015
f 2014 2016 2015
f 2015 2016 2017
f 2016 2018 2017
f 2017 2018 2019
f 2018 2020 2019
f 2019 2020 2021
f 2020 2022 2021
f 2021 2022 2023
f 2022 2024 2023
f 2023 2024 2025
f 2024 2026 2025
f 2025 2026 2027
f 2026 2028 2027
f 2027 2028 2029
f 2028 2030 2029
f 2029 2030 2031
f 2030 2032 2031
f 2031 2032 2009
f 2032 2010 2009
f 2033 2034 2035
f 2034 2036 2035
f 2035 2036 2037
f 2036 2038 2037
f 2037 2038 2039
f 2038 2040 2039
f 2039 2040 2041
f 2040 2042 2041
f 2041 2042 2043
f 2042 2044 2043
f 2043 2044 2045
f 2044 2046 2045
f 2045 2046 2047
f 2046 2048 2047
f 2047 2048 2049
f 2048 2050 2049
f 2049 2050 2051
f 2050 2052 2051
f 2051 2052 2053
f 2052 2054 2053
f 2053 2054 2055
f 2054 2056 2055
f 2055 2056 2033
f 2056 2034 2033
f 2057 2058 2059
f 2058 2060 2059
f 2059 2060 2061
f 2060 2062 2061
f 2061 2062 2063
f 2062 2064 2063
f 2063 2064 2065
f 2064 2066 2065
f 2065 2066 2067
f 2066 2068 2067
f 2067 2068 2069
f 2068 2070 2069
f 2069 2070 2071
f 2070 2072 2071
f 2071 2072 2073
f 2072 2074 2073
f 2073 2074 2075
f 2074 2076 2075
f 2075 2076 2077
f 2076 2078 2077
f 2077 2078 2079
f 2078 2080 2079
f 2079 2080 2057
f 2080 2058 2057
f 2081 2082 2083
f 2082 2084 2083
f 2083 2084 2085
f 2084 2086 2085
f 2085 2086 2087
f 2086 2088 2087
f 2087 2088 2089
f 2088 2090 2089
f 2089 2090 2091
f 2090 2092 2091
f 2091 2092 2093
f 2092 2094 2093
f 2093 2094 2095
f 2094 2096 2095
f 2095 2096 2097
f 2096 2098 2097
f 2097 2098 2099
f 2098 2100 2099
f 2099 2100 2101
f 2100 2102 2101
f 2101 2102 2103
f 2102 2104 2103
f 2103 2104 2081
f 2104 2082 2081
f 2105 2106 2107
f 2106 2108 2107
f 2107 2108 2109
f 2108 2110 2109
f 2109 2110 2111
f 2110 2112 2111
f 2111 2112 2113
f 2112 2114 2113
f 2113 2114 2115
f 2114 2116 2115
f 2115 2116 2117
f 2116 2118 2117
f 2117 2118 2119
f 2118 2120 2119
f 2119 2120 2121
f 2120 2122 2121
f 2121 2122 2123
f 2122 2124 2123
f 2123 2124 2125
f 2124 2126 2125
f 2125 2126 2127
f 2126 2128 2127
f 2127 2128 2105
f 2128 2106 2105
f 2129 2130 2131
f 2130 2132 2131
f 2131 2132 2133
f 2132 2134 2133
f 2133 2134 2135
f 2134 2136 2135
f 2135 2136 2137
f 2136 2138 2137
f 2137 2138 2139
f 2138 2140 2139
f 2139 2140 2141
f 2140 2142 2141
f 2141 2142 2143
f 2142 2144 2143
f 2143 2144 2145
f 2144 2146 2145
f 2145 2146 2147
f 2146 2148 2147
f 2147 2148 2149
f 2148 2150 2149
f 2149 2150 2151
f 2150 2152 2151
f 2151 2152 2129
f 2152 2130 2129
f 2153 2154 2155
f 2154 2156 2155
f 2155 2156 2157
f 2156 2158 2157
f 2157 2158 2159
f 2158 2160 2159
f 2159 2160 2161
f 2160 2162 2161
f 2161 2162 2163
f 2162 2164 2163
f 2163 2164 2165
f 2164 2166 2165
f 2165 2166 2167
f 2166 2168 2167
f 2167 2168 2169
f 2168 2170 2169
f 2169 2170 2171
f 2170 2172 2171
f 2171 2172 2173
f 2172 2174 2173
f 2173 2174 2175
f 2174 2176 2175
f 2175 2176 2153
f 2176 2154 2153
f 2177 2178 2179
f 2178 2180 2179
f 2179 2180 2181
f 2180 2182 2181
f 2181 2182 2183
f 2182 2184 2183
f 2183 2184 2185
f 2184 2186 2185
f 2185 2186 2187
f 2186 2188 2187
f 2187 2188 2189
f 2188 2190 2189
f 2189 2190 2191
f 2190 2192 2191
f 2191 2192 2193
f 2192 2194 2193
f 2193 2194 2195
f 2194 2196 2195
f 2195 2196 2197
f 2196 2198 2197
f 2197 2198 2199
f 2198 2200 2199
f 2199 2200 2177
f 2200 2178 2177
f 2069 2201 2067
f 2201 2202 2067
f 2067 2202 2065
f 2202 2203 2065
f 2065 2203 2204
f 2203 2205 2204
f 2204 2205 2061
f 2205 2206 2061
f 2061 2206 2059
f 2206 2207 2059
f 2059 2207 2057
f 2207 2208 2057
f 2057 2208 2079
f 2208 2209 2079
f 2079 2209 2077
f 2209 2210 2077
f 2077 2210 2211
f 2210 2212 2211
f 2211 2212 2073
f 2212 2213 2073
f 2073 2213 2071
f 2213 2214 2071
f 2071 2214 2069
f 2214 2201 2069
f 2214 2215 2201
f 2215 2216 2201
f 2201 2216 2202
f 2216 2217 2202
f 2202 2217 2203
f 2217 2218 2203
f 2203 2218 2205
f 2218 2219 2205
f 2205 2219 2206
f 2219 2220 2206
f 2206 2220 2207
f 2220 2221 2207
f 2207 2221 2208
f 2221 2222 2208
f 2208 2222 2209
f 2222 2223 2209
f 2209 2223 2210
f 2223 2224 2210
f 2210 2224 2212
f 2224 2225 2212
f 2212 2225 2213
f 2225 2226 2213
f 2213 2226 2214
f 2226 2215 2214
f 2226 2036 2215
f 2036 2034 2215
f 2215 2034 2216
f 2034 2056 2216
f 2216 2056 2217
f 2056 2054 2217
f 2217 2054 2218
f 2054 2052 2218
f 2218 2052 2219
f 2052 2050 2219
f 2219 2050 2220
f 2050 2048 2220
f 2220 2048 2221
f 2048 2046 2221
f 2221 2046 2222
f 2046 2044 2222
f 2222 2044 2223
f 2044 2042 2223
f 2223 2042 2224
f 2042 2040 2224
f 2224 2040 2225
f 2040 2038 2225
f 2225 2038 2226
f 2038 2036 2226
f 2026 2227 2028
f 2227 2228 2028
f 2028 2228 2030
f 2228 2229 2030
f 2030 2229 2032
f 2229 2230 2032
f 2032 2230 2010
f 2230 2231 2010
f 2010 2231 2232
f 2231 2233 2232
f 2232 2233 2234
f 2233 2235 2234
f 2234 2235 2236
f 2235 2237 2236
f 2236 2237 2238
f 2237 2239 2238
f 2238 2239 2240
f 2239 2241 2240
f 2240 2241 2242
f 2241 2243 2242
f 2242 2243 2244
f 2243 2245 2244
f 2244 2245 2026
f 2245 2227 2026
f 2245 2246 2227
f 2246 2247 2227
f 2227 2247 2228
f 2247 2248 2228
f 2228 2248 2229
f 2248 2249 2229
f 2229 2249 2230
f 2249 2250 2230
f 2230 2250 2231
f 2250 2251 2231
f 2231 2251 2233
f 2251 2252 2233
f 2233 2252 2235
f 2252 2253 2235
f 2235 2253 2237
f 2253 2254 2237
f 2237 2254 2239
f 2254 2255 2239
f 2239 2255 2241
f 2255 2256 2241
f 2241 2256 2243
f 2256 2257 2243
f 2243 2257 2245
f 2257 2246 2245
f 2257 2066 2246
f 2066 2064 2246
f 2246 2064 2247
f 2064 2258 2247
f 2247 2258 2248
f 2258 2060 2248
f 2248 2060 2249
f 2060 2058 2249
f 2249 2058 2250
f 2058 2080 2250
f 2250 2080 2251
f 2080 2078 2251
f 2251 2078 2252
f 2078 2076 2252
f 2252 2076 2253
f 2076 2259 2253
f 2253 2259 2254
f 2259 2072 2254
f 2254 2072 2255
f 2072 2070 2255
f 2255 2070 2256
f 2070 2068 2256
f 2256 2068 2257
f 2068 2066 2257
f 2260 2261 2262
f 2261 2263 2262
f 2262 2263 2264
f 2263 2265 2264
f 2264 2265 2266
f 2265 2267 2266
f 2266 2267 2268
f 2267 2269 2268
f 2268 2269 2270
f 2269 2271 2270
f 2270 2271 2272
f 2271 2273 2272
f 2272 2273 2274
f 2273 2275 2274
f 2274 2275 2276
f 2275 2277 2276
f 2276 2277 2278
f 2277 2279 2278
f 2278 2279 2280
f 2279 2281 2280
f 2280 2281 2282
f 2281 2283 2282
f 2282 2283 2260
f 2283 2261 2260
f 2284 2285 2286
f 2285 2287 2286
f 2286 2287 2288
f 2287 2289 2288
f 2288 2289 2290
f 2289 2291 2290
f 2290 2291 2292
f 2291 2293 2292
f 2292 2293 2294
f 2293 2295 2294
f 2294 2295 2296
f 2295 2297 2296
f 2296 2297 2298
f 2297 2299 2298
f 2298 2299 2300
f 2299 2301 2300
f 2300 2301 2302
f 2301 2303 2302
f 2302 2303 2304
f 2303 2305 2304
f 2304 2305 2306
f 2305 2307 2306
f 2306 2307 2284
f 2307 2285 2284
f 2308 2309 2310
f 2309 2311 2310
f 2310 2311 2312
f 2311 2313 2312
f 2312 2313 2314
f 2313 2315 2314
f 2314 2315 2316
f 2315 2317 2316
f 2316 2317 2318
f 2317 2319 2318
f 2318 2319 2320
f 2319 2321 2320
f 2320 2321 2322
f 2321 2323 2322
f 2322 2323 2324
f 2323 2325 2324
f 2324 2325 2326
f 2325 2327 2326
f 2326 2327 2328
f 2327 2329 2328
f 2328 2329 2330
f 2329 2331 2330
f 2330 2331 2308
f 2331 2309 2308
f 2332 2333 2334
f 2333 2335 2334
f 2334 2335 2336
f 2335 2337 2336
f 2336 2337 2338
f 2337 2339 2338
f 2338 2339 2340
f 2339 2341 2340
f 2340 2341 2342
f 2341 2343 2342
f 2342 2343 2344
f 2343 2345 2344
f 2344 2345 2346
f 2345 2347 2346
f 2346 2347 2348
f 2347 2349 2348
f 2348 2349 2350
f 2349 2351 2350
f 2350 2351 2352
f 2351 2353 2352
f 2352 2353 2354
f 2353 2355 2354
f 2354 2355 2332
f 2355 2333 2332
f 2356 2357 2358
f 2357 2359 2358
f 2358 2359 2360
f 2359 2361 2360
f 2360 2361 2362
f 2361 2363 2362
f 2362 2363 2364
f 2363 2365 2364
f 2364 2365 2366
f 2365 2367 2366
f 2366 2367 2368
f 2367 2369 2368
f 2368 2369 2370
f 2369 2371 2370
f 2370 2371 2372
f 2371 2373 2372
f 2372 2373 2374
f 2373 2375 2374
f 2374 2375 2376
f 2375 2377 2376
f 2376 2377 2378
f 2377 2379 2378
f 2378 2379 2356
f 2379 2357 2356
f 2380 2381 2382
f 2381 2383 2382
f 2382 2383 2384
f 2383 2385 2384
f 2384 2385 2386
f 2385 2387 2386
f 2386 2387 2388
f 2387 2389 2388
f 2388 2389 2390
f 2389 2391 2390
f 2390 2391 2392
f 2391 2393 2392
f 2392 2393 2394
f 2393 2395 2394
f 2394 2395 2396
f 2395 2397 2396
f 2396 2397 2398
f 2397 2399 2398
f 2398 2399 2400
f 2399 2401 2400
f 2400 2401 2402
f 2401 2403 2402
f 2402 2403 2380
f 2403 2381 2380
f 2404 2405 2406
f 2405 2407 2406
f 2406 2407 2408
f 2407 2409 2408
f 2408 2409 2410
f 2409 2411 2410
f 2410 2411 2412
f 2411 2413 2412
f 2412 2413 2414
f 2413 2415 2414
f 2414 2415 2416
f 2415 2417 2416
f 2416 2417 2418
f 2417 2419 2418
f 2418 2419 2420
f 2419 2421 2420
f 2420 2421 2422
f 2421 2423 2422
f 2422 2423 2424
f 2423 2425 2424
f 2424 2425 2426
f 2425 2427 2426
f 2426 2427 2404
f 2427 2405 2404
f 2428 2429 2430
f 2429 2431 2430
f 2430 2431 2432
f 2431 2433 2432
f 2432 2433 2434
f 2433 2435 2434
f 2434 2435 2436
f 2435 2437 2436
f 2436 2437 2438
f 2437 2439 2438
f 2438 2439 2440
f 2439 2441 2440
f 2440 2441 2442
f 2441 2443 2442
f 2442 2443 2444
f 2443 2445 2444
f 2444 2445 2446
f 2445 2447 2446
f 2446 2447 2448
f 2447 2449 2448
f 2448 2449 2450
f 2449 2451 2450
f 2450 2451 2428
f 2451 2429 2428
f 2320 2452 2318
f 2452 2453 2318
f 2318 2453 2316
f 2453 2454 2316
f 2316 2454 2455
f 2454 2456 2455
f 2455 2456 2312
f 2456 2457 2312
f 2312 2457 2310
f 2457 2458 2310
f 2310 2458 2308
f 2458 2459 2308
f 2308 2459 2330
f 2459 2460 2330
f 2330 2460 2328
f 2460 2461 2328
f 2328 2461 2462
f 2461 2463 2462
f 2462 2463 2324
f 2463 2464 2324
f 2324 2464 2322
f 2464 2465 2322
f 2322 2465 2320
f 2465 2452 2320
f 2465 2466 2452
f 2466 2467 2452
f 2452 2467 2453
f 2467 2468 2453
f 2453 2468 2454
f 2468 2469 2454
f 2454 2469 2456
f 2469 2470 2456
f 2456 2470 2457
f 2470 2471 2457
f 2457 2471 2458
f 2471 2472 2458
f 2458 2472 2459
f 2472 2473 2459
f 2459 2473 2460
f 2473 2474 2460
f 2460 2474 2461
f 2474 2475 2461
f 2461 2475 2463
f 2475 2476 2463
f 2463 2476 2464
f 2476 2477 2464
f 2464 2477 2465
f 2477 2466 2465
f 2477 2287 2466
f 2287 2285 2466
f 2466 2285 2467
f 2285 2307 2467
f 2467 2307 2468
f 2307 2305 2468
f 2468 2305 2469
f 2305 2303 2469
f 2469 2303 2470
f 2303 2301 2470
f 2470 2301 2471
f 2301 2299 2471
f 2471 2299 2472
f 2299 2297 2472
f 2472 2297 2473
f 2297 2295 2473
f 2473 2295 2474
f 2295 2293 2474
f 2474 2293 2475
f 2293 2291 2475
f 2475 2291 2476
f 2291 2289 2476
f 2476 2289 2477
f 2289 2287 2477
f 2277 2478 2279
f 2478 2479 2279
f 2279 2479 2281
f 2479 2480 2281
f 2281 2480 2283
f 2480 2481 2283
f 2283 2481 2261
f 2481 2482 2261
f 2261 2482 2483
f 2482 2484 2483
f 2483 2484 2485
f 2484 2486 2485
f 2485 2486 2487
f 2486 2488 2487
f 2487 2488 2489
f 2488 2490 2489
f 2489 2490 2491
f 2490 2492 2491
f 2491 2492 2493
f 2492 2494 2493
f 2493 2494 2495
f 2494 2496 2495
f 2495 2496 2277
f 2496 2478 2277
f 2496 2497 2478
f 2497 2498 2478
f 2478 2498 2479
f 2498 2499 2479
f 2479 2499 2480
f 2499 2500 2480
f 2480 2500 2481
f 2500 2501 2481
f 2481 2501 2482
f 2501 2502 2482
f 2482 2502 2484
f 2502 2503 2484
f 2484 2503 2486
f 2503 2504 2486
f 2486 2504 2488
f 2504 2505 2488
f 2488 2505 2490
f 2505 2506 2490
f 2490 2506 2492
f 2506 2507 2492
f 2492 2507 2494
f 2507 2508 2494
f 2494 2508 2496
f 2508 2497 2496
f 2508 2317 2497
f 2317 2315 2497
f 2497 2315 2498
f 2315 2509 2498
f 2498 2509 2499
f 2509 2311 2499
f 2499 2311 2500
f 2311 2309 2500
f 2500 2309 2501
f 2309 2331 2501
f 2501 2331 2502
f 2331 2329 2502
f 2502 2329 2503
f 2329 2327 2503
f 2503 2327 2504
f 2327 2510 2504
f 2504 2510 2505
f 2510 2323 2505
f 2505 2323 2506
f 2323 2321 2506
f 2506 2321 2507
f 2321 2319 2507
f 2507 2319 2508
f 2319 2317 2508
f 2511 2512 2513
f 2512 2514 2513
f 2513 2514 2515
f 2514 2516 2515
f 2515 2516 2517
f 2516 2518 2517
f 2517 2518 2519
f 2518 2520 2519
f 2519 2520 2521
f 2520 2522 2521
f 2521 2522 2523
f 2522 2524 2523
f 2523 2524 2525
f 2524 2526 2525
f 2525 2526 2527
f 2526 2528 2527
f 2527 2528 2529
f 2528 2530 2529
f 2529 2530 2531
f 2530 2532 2531
f 2531 2532 2533
f 2532 2534 2533
f 2533 2534 2511
f 2534 2512 2511
f 2535 2536 2537
f 2536 2538 2537
f 2537 2538 2539
f 2538 2540 2539
f 2539 2540 2541
f 2540 2542 2541
f 2541 2542 2543
f 2542 2544 2543
f 2543 2544 2545
f 2544 2546 2545
f 2545 2546 2547
f 2546 2548 2547
f 2547 2548 2549
f 2548 2550 2549
f 2549 2550 2551
f 2550 2552 2551
f 2551 2552 2553
f 2552 2554 2553
f 2553 2554 2555
f 2554 2556 2555
f 2555 2556 2557
f 2556 2558 2557
f 2557 2558 2535
f 2558 2536 2535
f 2559 2560 2561
f 2560 2562 2561
f 2561 2562 2563
f 2562 2564 2563
f 2563 2564 2565
f 2564 2566 2565
f 2565 2566 2567
f 2566 2568 2567
f 2567 2568 2569
f 2568 2570 2569
f 2569 2570 2571
f 2570 2572 2571
f 2571 2572 2573
f 2572 2574 2573
f 2573 2574 2575
f 2574 2576 2575
f 2575 2576 2577
f 2576 2578 2577
f 2577 2578 2579
f 2578 2580 2579
f 2579 2580 2581
f 2580 2582 2581
f 2581 2582 2559
f 2582 2560 2559
f 2583 2584 2585
f 2584 2586 2585
f 2585 2586 2587
f 2586 2588 2587
f 2587 2588 2589
f 2588 2590 2589
f 2589 2590 2591
f 2590 2592 2591
f 2591 2592 2593
f 2592 2594 2593
f 2593 2594 2595
f 2594 2596 2595
f 2595 2596 2597
f 2596 2598 2597
f 2597 2598 2599
f 2598 2600 2599
f 2599 2600 2601
f 2600 2602 2601
f 2601 2602 2603
f 2602 2604 2603
f 2603 2604 2605
f 2604 2606 2605
f 2605 2606 2583
f 2606 2584 2583
f 2607 2608 2609
f 2608 2610 2609
f 2609 2610 2611
f 2610 2612 2611
f 2611 2612 2613
f 2612 2614 2613
f 2613 2614 2615
f 2614 2616 2615
f 2615 2616 2617
f 2616 2618 2617
f 2617 2618 2619
f 2618 2620 2619
f 2619 2620 2621
f 2620 2622 2621
f 2621 2622 2623
f 2622 2624 2623
f 2623 2624 2625
f 2624 2626 2625
f 2625 2626 2627
f 2626 2628 2627
f 2627 2628 2629
f 2628 2630 2629
f 2629 2630 2607
f 2630 2608 2607
f 2631 2632 2633
f 2632 2634 2633
f 2633 2634 2635
f 2634 2636 2635
f 2635 2636 2637
f 2636 2638 2637
f 2637 2638 2639
f 2638 2640 2639
f 2639 2640 2641
f 2640 2642 2641
f 2641 2642 2643
f 2642 2644 2643
f 2643 2644 2645
f 2644 2646 2645
f 2645 2646 2647
f 2646 2648 2647
f 2647 2648 2649
f 2648 2650 2649
f 2649 2650 2651
f 2650 2652 2651
f 2651 2652 2653
f 2652 2654 2653
f 2653 2654 2631
f 2654 2632 2631
f 2655 2656 2657
f 2656 2658 2657
f 2657 2658 2659
f 2658 2660 2659
f 2659 2660 2661
f 2660 2662 2661
f 2661 2662 2663
f 2662 2664 2663
f 2663 2664 2665
f 2664 2666 2665
f 2665 2666 2667
f 2666 2668 2667
f 2667 2668 2669
f 2668 2670 2669
f 2669 2670 2671
f 2670 2672 2671
f 2671 2672 2673
f 2672 2674 2673
f 2673 2674 2675
f 2674 2676 2675
f 2675 2676 2677
f 2676 2678 2677
f 2677 2678 2655
f 2678 2656 2655
f 2679 2680 2681
f 2680 2682 2681
f 2681 2682 2683
f 2682 2684 2683
f 2683 2684 2685
f 2684 2686 2685
f 2685 2686 2687
f 2686 2688 2687
f 2687 2688 2689
f 2688 2690 2689
f 2689 2690 2691
f 2690 2692 2691
f 2691 2692 2693
f 2692 2694 2693
f 2693 2694 2695
f 2694 2696 2695
f 2695 2696 2697
f 2696 2698 2697
f 2697 2698 2699
f 2698 2700 2699
f 2699 2700 2701
f 2700 2702 2701
f 2701 2702 2679
f 2702 2680 2679
f 2571 2703 2569
f 2703 2704 2569
f 2569 2704 2567
f 2704 2705 2567
f 2567 2705 2706
f 2705 2707 2706
f 2706 2707 2563
f 2707 2708 2563
f 2563 2708 2561
f 2708 2709 2561
f 2561 2709 2559
f 2709 2710 2559
f 2559 2710 2581
f 2710 2711 2581
f 2581 2711 2579
f 2711 2712 2579
f 2579 2712 2713
f 2712 2714 2713
f 2713 2714 2575
f 2714 2715 2575
f 2575 2715 2573
f 2715 2716 2573
f 2573 2716 2571
f 2716 2703 2571
f 2716 2717 2703
f 2717 2718 2703
f 2703 2718 2704
f 2718 2719 2704
f 2704 2719 2705
f 2719 2720 2705
f 2705 2720 2707
f 2720 2721 2707
f 2707 2721 2708
f 2721 2722 2708
f 2708 2722 2709
f 2722 2723 2709
f 2709 2723 2710
f 2723 2724 2710
f 2710 2724 2711
f 2724 2725 2711
f 2711 2725 2712
f 2725 2726 2712
f 2712 2726 2714
f 2726 2727 2714
f 2714 2727 2715
f 2727 2728 2715
f 2715 2728 2716
f 2728 2717 2716
f 2728 2538 2717
f 2538 2536 2717
f 2717 2536 2718
f 2536 2558 2718
f 2718 2558 2719
f 2558 2556 2719
f 2719 2556 2720
f 2556 2554 2720
f 2720 2554 2721
f 2554 2552 2721
f 2721 2552 2722
f 2552 2550 2722
f 2722 2550 2723
f 2550 2548 2723
f 2723 2548 2724
f 2548 2546 2724
f 2724 2546 2725
f 2546 2544 2725
f 2725 2544 2726
f 2544 2542 2726
f 2726 2542 2727
f 2542 2540 2727
f 2727 2540 2728
f 2540 2538 2728
f 2528 2729 2530
f 2729 2730 2530
f 2530 2730 2532
f 2730 2731 2532
f 2532 2731 2534
f 2731 2732 2534
f 2534 2732 2512
f 2732 2733 2512
f 2512 2733 2734
f 2733 2735 2734
f 2734 2735 2736
f 2735 2737 2736
f 2736 2737 2738
f 2737 2739 2738
f 2738 2739 2740
f 2739 2741 2740
f 2740 2741 2742
f 2741 2743 2742
f 2742 2743 2744
f 2743 2745 2744
f 2744 2745 2746
f 2745 2747 2746
f 2746 2747 2528
f 2747 2729 2528
f 2747 2748 2729
f 2748 2749 2729
f 2729 2749 2730
f 2749 2750 2730
f 2730 2750 2731
f 2750 2751 2731
f 2731 2751 2732
f 2751 2752 2732
f 2732 2752 2733
f 2752 2753 2733
f 2733 2753 2735
f 2753 2754 2735
f 2735 2754 2737
f 2754 2755 2737
f 2737 2755 2739
f 2755 2756 2739
f 2739 2756 2741
f 2756 2757 2741
f 2741 2757 2743
f 2757 2758 2743
f 2743 2758 2745
f 2758 2759 2745
f 2745 2759 2747
f 2759 2748 2747
f 2759 2568 2748
f 2568 2566 2748
f 2748 2566 2749
f 2566 2760 2749
f 2749 2760 2750
f 2760 2562 2750
f 2750 2562 2751
f 2562 2560 2751
f 2751 2560 2752
f 2560 2582 2752
f 2752 2582 2753
f 2582 2580 2753
f 2753 2580 2754
f 2580 2578 2754
f 2754 2578 2755
f 2578 2761 2755
f 2755 2761 2756
f 2761 2574 2756
f 2756 2574 2757
f 2574 2572 2757
f 2757 2572 2758
f 2572 2570 2758
f 2758 2570 2759
f 2570 2568 2759
f 2762 2763 2764
f 2763 2765 2764
f 2764 2765 2766
f 2765 2767 2766
f 2766 2767 2768
f 2767 2769 2768
f 2768 2769 2770
f 2769 2771 2770
f 2770 2771 2772
f 2771 2773 2772
f 2772 2773 2774
f 2773 2775 2774
f 2774 2775 2776
f 2775 2777 2776
f 2776 2777 2778
f 2777 2779 2778
f 2778 2779 2780
f 2779 2781 2780
f 2780 2781 2782
f 2781 2783 2782
f 2782 2783 2784
f 2783 2785 2784
f 2784 2785 2762
f 2785 2763 2762
f 2786 2787 2788
f 2787 2789 2788
f 2788 2789 2790
f 2789 2791 2790
f 2790 2791 2792
f 2791 2793 2792
f 2792 2793 2794
f 2793 2795 2794
f 2794 2795 2796
f 2795 2797 2796
f 2796 2797 2798
f 2797 2799 2798
f 2798 2799 2800
f 2799 2801 2800
f 2800 2801 2802
f 2801 2803 2802
f 2802 2803 2804
f 2803 2805 2804
f 2804 2805 2806
f 2805 2807 2806
f 2806 2807 2808
f 2807 2809 2808
f 2808 2809 2786
f 2809 2787 2786
f 2810 2811 2812
f 2811 2813 2812
f 2812 2813 2814
f 2813 2815 2814
f 2814 2815 2816
f 2815 2817 2816
f 2816 2817 2818
f 2817 2819 2818
f 2818 2819 2820
f 2819 2821 2820
f 2820 2821 2822
f 2821 2823 2822
f 2822 2823 2824
f 2823 2825 2824
f 2824 2825 2826
f 2825 2827 2826
f 2826 2827 2828
f 2827 2829 2828
f 2828 2829 2830
f 2829 2831 2830
f 2830 2831 2832
f 2831 2833 2832
f 2832 2833 2810
f 2833 2811 2810
f 2834 2835 2836
f 2835 2837 2836
f 2836 2837 2838
f 2837 2839 2838
f 2838 2839 2840
f 2839 2841 2840
f 2840 2841 2842
f 2841 2843 2842
f 2842 2843 2844
f 2843 2845 2844
f 2844 2845 2846
f 2845 2847 2846
f 2846 2847 2848
f 2847 2849 2848
f 2848 2849 2850
f 2849 2851 2850
f 2850 2851 2852
f 2851 2853 2852
f 2852 2853 2854
f 2853 2855 2854
f 2854 2855 2856
f 2855 2857 2856
f 2856 2857 2834
f 2857 2835 2834
f 2858 2859 2860
f 2859 2861 2860
f 2860 2861 2862
f 2861 2863 2862
f 2862 2863 2864
f 2863 2865 2864
f 2864 2865 2866
f 2865 2867 2866
f 2866 2867 2868
f 2867 2869 2868
f 2868 2869 2870
f 2869 2871 2870
f 2870 2871 2872
f 2871 2873 2872
f 2872 2873 2874
f 2873 2875 2874
f 2874 2875 2876
f 2875 2877 2876
f 2876 2877 2878
f 2877 2879 2878
f 2878 2879 2880
f 2879 2881 2880
f 2880 2881 2858
f 2881 2859 2858
f 2882 2883 2884
f 2883 2885 2884
f 2884 2885 2886
f 2885 2887 2886
f 2886 2887 2888
f 2887 2889 2888
f 2888 2889 2890
f 2889 2891 2890
f 2890 2891 2892
f 2891 2893 2892
f 2892 2893 2894
f 2893 2895 2894
f 2894 2895 2896
f 2895 2897 2896
f 2896 2897 2898
f 2897 2899 2898
f 2898 2899 2900
f 2899 2901 2900
f 2900 2901 2902
f 2901 2903 2902
f 2902 2903 2904
f 2903 2905 2904
f 2904 2905 2882
f 2905 2883 2882
f 2906 2907 2908
f 2907 2909 2908
f 2908 2909 2910
f 2909 2911 2910
f 2910 2911 2912
f 2911 2913 2912
f 2912 2913 2914
f 2913 2915 2914
f 2914 2915 2916
f 2915 2917 2916
f 2916 2917 2918
f 2917 2919 2918
f 2918 2919 2920
f 2919 2921 2920
f 2920 2921 2922
f 2921 2923 2922
f 2922 2923 2924
f 2923 2925 2924
f 2924 2925 2926
f 2925 2927 2926
f 2926 2927 2928
f 2927 2929 2928
f 2928 2929 2906
f 2929 2907 2906
f 2930 2931 2932
f 2931 2933 2932
f 2932 2933 2934
f 2933 2935 2934
f 2934 2935 2936
f 2935 2937 2936
f 2936 2937 2938
f 2937 2939 2938
f 2938 2939 2940
f 2939 2941 2940
f 2940 2941 2942
f 2941 2943 2942
f 2942 2943 2944
f 2943 2945 2944
f 2944 2945 2946
f 2945 2947 2946
f 2946 2947 2948
f 2947 2949 2948
f 2948 2949 2950
f 2949 2951 2950
f 2950 2951 2952
f 2951 2953 2952
f 2952 2953 2930
f 2953 2931 2930
f 2822 2954 2820
f 2954 2955 2820
f 2820 2955 2818
f 2955 2956 2818
f 2818 2956 2957
f 2956 2958 2957
f 2957 2958 2814
f 2958 2959 2814
f 2814 2959 2812
f 2959 2960 2812
f 2812 2960 2810
f 2960 2961 2810
f 2810 2961 2832
f 2961 2962 2832
f 2832 2962 2830
f 2962 2963 2830
f 2830 2963 2964
f 2963 2965 2964
f 2964 2965 2826
f 2965 2966 2826
f 2826 2966 2824
f 2966 2967 2824
f 2824 2967 2822
f 2967 2954 2822
f 2967 2968 2954
f 2968 2969 2954
f 2954 2969 2955
f 2969 2970 2955
f 2955 2970 2956
f 2970 2971 2956
f 2956 2971 2958
f 2971 2972 2958
f 2958 2972 2959
f 2972 2973 2959
f 2959 2973 2960
f 2973 2974 2960
f 2960 2974 2961
f 2974 2975 2961
f 2961 2975 2962
f 2975 2976 2962
f 2962 2976 2963
f 2976 2977 2963
f 2963 2977 2965
f 2977 2978 2965
f 2965 2978 2966
f 2978 2979 2966
f 2966 2979 2967
f 2979 2968 2967
f 2979 2789 2968
f 2789 2787 2968
f 2968 2787 2969
f 2787 2809 2969
f 2969 2809 2970
f 2809 2807 2970
f 2970 2807 2971
f 2807 2805 2971
f 2971 2805 2972
f 2805 2803 2972
f 2972 2803 2973
f 2803 2801 2973
f 2973 2801 2974
f 2801 2799 2974
f 2974 2799 2975
f 2799 2797 2975
f 2975 2797 2976
f 2797 2795 2976
f 2976 2795 2977
f 2795 2793 2977
f 2977 2793 2978
f 2793 2791 2978
f 2978 2791 2979
f 2791 2789 2979
f 2779 2980 2781
f 2980 2981 2781
f 2781 2981 2783
f 2981 2982 2783
f 2783 2982 2785
f 2982 2983 2785
f 2785 2983 2763
f 2983 2984 2763
f 2763 2984 2985
f 2984 2986 2985
f 2985 2986 2987
f 2986 2988 2987
f 2987 2988 2989
f 2988 2990 2989
f 2989 2990 2991
f 2990 2992 2991
f 2991 2992 2993
f 2992 2994 2993
f 2993 2994 2995
f 2994 2996 2995
f 2995 2996 2997
f 2996 2998 2997
f 2997 2998 2779
f 2998 2980 2779
f 2998 2999 2980
f 2999 3000 2980
f 2980 3000 2981
f 3000 3001 2981
f 2981 3001 2982
f 3001 3002 2982
f 2982 3002 2983
f 3002 3003 2983
f 2983 3003 2984
f 3003 3004 2984
f 2984 3004 2986
f 3004 3005 2986
f 2986 3005 2988
f 3005 3006 2988
f 2988 3006 2990
f 3006 3007 2990
f 2990 3007 2992
f 3007 3008 2992
f 2992 3008 2994
f 3008 3009 2994
f 2994 3009 2996
f 3009 3010 2996
f 2996 3010 2998
f 3010 2999 2998
f 3010 2819 2999
f 2819 2817 2999
f 2999 2817 3000
f 2817 3011 3000
f 3000 3011 3001
f 3011 2813 3001
f 3001 2813 3002
f 2813 2811 3002
f 3002 2811 3003
f 2811 2833 3003
f 3003 2833 3004
f 2833 2831 3004
f 3004 2831 3005
f 2831 2829 3005
f 3005 2829 3006
f 2829 3012 3006
f 3006 3012 3007
f 3012 2825 3007
f 3007 2825 3008
f 2825 2823 3008
f 3008 2823 3009
f 2823 2821 3009
f 3009 2821 3010
f 2821 2819 3010
f 3013 3014 3015
f 3014 3016 3015
f 3015 3016 3017
f 3016 3018 3017
f 3017 3018 3019
f 3018 3020 3019
f 3019 3020 3021
f 3020 3022 3021
f 3021 3022 3023
f 3022 3024 3023
f 3023 3024 3025
f 3024 3026 3025
f 3025 3026 3027
f 3026 3028 3027
f 3027 3028 3029
f 3028 3030 3029
f 3029 3030 3031
f 3030 3032 3031
f 3031 3032 3033
f 3032 3034 3033
f 3033 3034 3035
f 3034 3036 3035
f 3035 3036 3013
f 3036 3014 3013
f 3037 3038 3039
f 3038 3040 3039
f 3039 3040 3041
f 3040 3042 3041
f 3041 3042 3043
f 3042 3044 3043
f 3043 3044 3045
f 3044 3046 3045
f 3045 3046 3047
f 3046 3048 3047
f 3047 3048 3049
f 3048 3050 3049
f 3049 3050 3051
f 3050 3052 3051
f 3051 3052 3053
f 3052 3054 3053
f 3053 3054 3055
f 3054 3056 3055
f 3055 3056 3057
f 3056 3058 3057
f 3057 3058 3059
f 3058 3060 3059
f 3059 3060 3037
f 3060 3038 3037
f 3061 3062 3063
f 3062 3064 3063
f 3063 3064 3065
f 3064 3066 3065
f 3065 3066 3067
f 3066 3068 3067
f 3067 3068 3069
f 3068 3070 3069
f 3069 3070 3071
f 3070 3072 3071
f 3071 3072 3073
f 3072 3074 3073
f 3073 3074 3075
f 3074 3076 3075
f 3075 3076 3077
f 3076 3078 3077
f 3077 3078 3079
f 3078 3080 3079
f 3079 3080 3081
f 3080 3082 3081
f 3081 3082 3083
f 3082 3084 3083
f 3083 3084 3061
f 3084 3062 3061
f 3085 3086 3087
f 3086 3088 3087
f 3087 3088 3089
f 3088 3090 3089
f 3089 3090 3091
f 3090 3092 3091
f 3091 3092 3093
f 3092 3094 3093
f 3093 3094 3095
f 3094 3096 3095
f 3095 3096 3097
f 3096 3098 3097
f 3097 3098 3099
f 3098 3100 3099
f 3099 3100 3101
f 3100 3102 3101
f 3101 3102 3103
f 3102 3104 3103
f 3103 3104 3105
f 3104 3106 3105
f 3105 3106 3107
f 3106 3108 3107
f 3107 3108 3085
f 3108 3086 3085
f 3109 3110 3111
f 3110 3112 3111
f 3111 3112 3113
f 3112 3114 3113
f 3113 3114 3115
f 3114 3116 3115
f 3115 3116 3117
f 3116 3118 3117
f 3117 3118 3119
f 3118 3120 3119
f 3119 3120 3121
f 3120 3122 3121
f 3121 3122 3123
f 3122 3124 3123
f 3123 3124 3125
f 3124 3126 3125
f 3125 3126 3127
f 3126 3128 3127
f 3127 3128 3129
f 3128 3130 3129
f 3129 3130 3131
f 3130 3132 3131
f 3131 3132 3109
f 3132 3110 3109
f 3133 3134 3135
f 3134 3136 3135
f 3135 3136 3137
f 3136 3138 3137
f 3137 3138 3139
f 3138 3140 3139
f 3139 3140 3141
f 3140 3142 3141
f 3141 3142 3143
f 3142 3144 3143
f 3143 3144 3145
f 3144 3146 3145
f 3145 3146 3147
f 3146 3148 3147
f 3147 3148 3149
f 3148 3150 3149
f 3149 3150 3151
f 3150 3152 3151
f 3151 3152 3153
f 3152 3154 3153
f 3153 3154 3155
f 3154 3156 3155
f 3155 3156 3133
f 3156 3134 3133
f 3157 3158 3159
f 3158 3160 3159
f 3159 3160 3161
f 3160 3162 3161
f 3161 3162 3163
f 3162 3164 3163
f 3163 3164 3165
f 3164 3166 3165
f 3165 3166 3167
f 3166 3168 3167
f 3167 3168 3169
f 3168 3170 3169
f 3169 3170 3171
f 3170 3172 3171
f 3171 3172 3173
f 3172 3174 3173
f 3173 3174 3175
f 3174 3176 3175
f 3175 3176 3177
f 3176 3178 3177
f 3177 3178 3179
f 3178 3180 3179
f 3179 3180 3157
f 3180 3158 3157
f 3181 3182 3183
f 3182 3184 3183
f 3183 3184 3185
f 3184 3186 3185
f 3185 3186 3187
f 3186 3188 3187
f 3187 3188 3189
f 3188 3190 3189
f 3189 3190 3191
f 3190 3192 3191
f 3191 3192 3193
f 3192 3194 3193
f 3193 3194 3195
f 3194 3196 3195
f 3195 3196 3197
f 3196 3198 3197
f 3197 3198 3199
f 3198 3200 3199
f 3199 3200 3201
f 3200 3202 3201
f 3201 3202 3203
f 3202 3204 3203
f 3203 3204 3181
f 3204 3182 3181
f 3073 3205 3071
f 3205 3206 3071
f 3071 3206 3069
f 3206 3207 3069
f 3069 3207 3208
f 3207 3209 3208
f 3208 3209 3065
f 3209 3210 3065
f 3065 3210 3063
f 3210 3211 3063
f 3063 3211 3061
f 3211 3212 3061
f 3061 3212 3083
f 3212 3213 3083
f 3083 3213 3081
f 3213 3214 3081
f 3081 3214 3215
f 3214 3216 3215
f 3215 3216 3077
f 3216 3217 3077
f 3077 3217 3075
f 3217 3218 3075
f 3075 3218 3073
f 3218 3205 3073
f 3218 3219 3205
f 3219 3220 3205
f 3205 3220 3206
f 3220 3221 3206
f 3206 3221 3207
f 3221 3222 3207
f 3207 3222 3209
f 3222 3223 3209
f 3209 3223 3210
f 3223 3224 3210
f 3210 3224 3211
f 3224 3225 3211
f 3211 3225 3212
f 3225 3226 3212
f 3212 3226 3213
f 3226 3227 3213
f 3213 3227 3214
f 3227 3228 3214
f 3214 3228 3216
f 3228 3229 3216
f 3216 3229 3217
f 3229 3230 3217
f 3217 3230 3218
f 3230 3219 3218
f 3230 3040 3219
f 3040 3038 3219
f 3219 3038 3220
f 3038 3060 3220
f 3220 3060 3221
f 3060 3058 3221
f 3221 3058 3222
f 3058 3056 3222
f 3222 3056 3223
f 3056 3054 3223
f 3223 3054 3224
f 3054 3052 3224
f 3224 3052 3225
f 3052 3050 3225
f 3225 3050 3226
f 3050 3048 3226
f 3226 3048 3227
f 3048 3046 3227
f 3227 3046 3228
f 3046 3044 3228
f 3228 3044 3229
f 3044 3042 3229
f 3229 3042 3230
f 3042 3040 3230
f 3030 3231 3032
f 3231 3232 3032
f 3032 3232 3034
f 3232 3233 3034
f 3034 3233 3036
f 3233 3234 3036
f 3036 3234 3014
f 3234 3235 3014
f 3014 3235 3236
f 3235 3237 3236
f 3236 3237 3238
f 3237 3239 3238
f 3238 3239 3240
f 3239 3241 3240
f 3240 3241 3242
f 3241 3243 3242
f 3242 3243 3244
f 3243 3245 3244
f 3244 3245 3246
f 3245 3247 3246
f 3246 3247 3248
f 3247 3249 3248
f 3248 3249 3030
f 3249 3231 3030
f 3249 3250 3231
f 3250 3251 3231
f 3231 3251 3232
f 3251 3252 3232
f 3232 3252 3233
f 3252 3253 3233
f 3233 3253 3234
f 3253 3254 3234
f 3234 3254 3235
f 3254 3255 3235
f 3235 3255 3237
f 3255 3256 3237
f 3237 3256 3239
f 3256 3257 3239
f 3239 3257 3241
f 3257 3258 3241
f 3241 3258 3243
f 3258 3259 3243
f 3243 3259 3245
f 3259 3260 3245
f 3245 3260 3247
f 3260 3261 3247
f 3247 3261 3249
f 3261 3250 3249
f 3261 3070 3250
f 3070 3068 3250
f 3250 3068 3251
f 3068 3262 3251
f 3251 3262 3252
f 3262 3064 3252
f 3252 3064 3253
f 3064 3062 3253
f 3253 3062 3254
f 3062 3084 3254
f 3254 3084 3255
f 3084 3082 3255
f 3255 3082 3256
f 3082 3080 3256
f 3256 3080 3257
f 3080 3263 3257
f 3257 3263 3258
f 3263 3076 3258
f 3258 3076 3259
f 3076 3074 3259
f 3259 3074 3260
f 3074 3072 3260
f 3260 3072 3261
f 3072 3070 3261
f 3264 3265 3266
f 3265 3267 3266
f 3266 3267 3268
f 3267 3269 3268
f 3268 3269 3270
f 3269 3271 3270
f 3270 3271 3272
f 3271 3273 3272
f 3272 3273 3274
f 3273 3275 3274
f 3274 3275 3276
f 3275 3277 3276
f 3276 3277 3278
f 3277 3279 3278
f 3278 3279 3280
f 3279 3281 3280
f 3280 3281 3282
f 3281 3283 3282
f 3282 3283 3284
f 3283 3285 3284
f 3284 3285 3286
f 3285 3287 3286
f 3286 3287 3264
f 3287 3265 3264
f 3288 3289 3290
f 3289 3291 3290
f 3290 3291 3292
f 3291 3293 3292
f 3292 3293 3294
f 3293 3295 3294
f 3294 3295 3296
f 3295 3297 3296
f 3296 3297 3298
f 3297 3299 3298
f 3298 3299 3300
f 3299 3301 3300
f 3300 3301 3302
f 3301 3303 3302
f 3302 3303 3304
f 3303 3305 3304
f 3304 3305 3306
f 3305 3307 3306
f 3306 3307 3308
f 3307 3309 3308
f 3308 3309 3310
f 3309 3311 3310
f 3310 3311 3288
f 3311 3289 3288
f 3312 3313 3314
f 3313 3315 3314
f 3314 3315 3316
f 3315 3317 3316
f 3316 3317 3318
f 3317 3319 3318
f 3318 3319 3320
f 3319 3321 3320
f 3320 3321 3322
f 3321 3323 3322
f 3322 3323 3324
f 3323 3325 3324
f 3324 3325 3326
f 3325 3327 3326
f 3326 3327 3328
f 3327 3329 3328
f 3328 3329 3330
f 3329 3331 3330
f 3330 3331 3332
f 3331 3333 3332
f 3332 3333 3334
f 3333 3335 3334
f 3334 3335 3312
f 3335 3313 3312
f 3336 3337 3338
f 3337 3339 3338
f 3338 3339 3340
f 3339 3341 3340
f 3340 3341 3342
f 3341 3343 3342
f 3342 3343 3344
f 3343 3345 3344
f 3344 3345 3346
f 3345 3347 3346
f 3346 3347 3348
f 3347 3349 3348
f 3348 3349 3350
f 3349 3351 3350
f 3350 3351 3352
f 3351 3353 3352
f 3352 3353 3354
f 3353 3355 3354
f 3354 3355 3356
f 3355 3357 3356
f 3356 3357 3358
f 3357 3359 3358
f 3358 3359 3336
f 3359 3337 3336
f 3360 3361 3362
f 3361 3363 3362
f 3362 3363 3364
f 3363 3365 3364
f 3364 3365 3366
f 3365 3367 3366
f 3366 3367 3368
f 3367 3369 3368
f 3368 3369 3370
f 3369 3371 3370
f 3370 3371 3372
f 3371 3373 3372
f 3372 3373 3374
f 3373 3375 3374
f 3374 3375 3376
f 3375 3377 3376
f 3376 3377 3378
f 3377 3379 3378
f 3378 3379 3380
f 3379 3381 3380
f 3380 3381 3382
f 3381 3383 3382
f 3382 3383 3360
f 3383 3361 3360
f 3384 3385 3386
f 3385 3387 3386
f 3386 3387 3388
f 3387 3389 3388
f 3388 3389 3390
f 3389 3391 3390
f 3390 3391 3392
f 3391 3393 3392
f 3392 3393 3394
f 3393 3395 3394
f 3394 3395 3396
f 3395 3397 3396
f 3396 3397 3398
f 3397 3399 3398
f 3398 3399 3400
f 3399 3401 3400
f 3400 3401 3402
f 3401 3403 3402
f 3402 3403 3404
f 3403 3405 3404
f 3404 3405 3406
f 3405 3407 3406
f 3406 3407 3384
f 3407 3385 3384
f 3408 3409 3410
f 3409 3411 3410
f 3410 3411 3412
f 3411 3413 3412
f 3412 3413 3414
f 3413 3415 3414
f 3414 3415 3416
f 3415 3417 3416
f 3416 3417 3418
f 3417 3419 3418
f 3418 3419 3420
f 3419 3421 3420
f 3420 3421 3422
f 3421 3423 3422
f 3422 3423 3424
f 3423 3425 3424
f 3424 3425 3426
f 3425 3427 3426
f 3426 3427 3428
f 3427 3429 3428
f 3428 3429 3430
f 3429 3431 3430
f 3430 3431 3408
f 3431 3409 3408
f 3432 3433 3434
f 3433 3435 3434
f 3434 3435 3436
f 3435 3437 3436
f 3436 3437 3438
f 3437 3439 3438
f 3438 3439 3440
f 3439 3441 3440
f 3440 3441 3442
f 3441 3443 3442
f 3442 3443 3444
f 3443 3445 3444
f 3444 3445 3446
f 3445 3447 3446
f 3446 3447 3448
f 3447 3449 3448
f 3448 3449 3450
f 3449 3451 3450
f 3450 3451 3452
f 3451 3453 3452
f 3452 3453 3454
f 3453 3455 3454
f 3454 3455 3432
f 3455 3433 3432
f 3324 3456 3322
f 3456 3457 3322
f 3322 3457 3320
f 3457 3458 3320
f 3320 3458 3459
f 3458 3460 3459
f 3459 3460 3316
f 3460 3461 3316
f 3316 3461 3314
f 3461 3462 3314
f 3314 3462 3312
f 3462 3463 3312
f 3312 3463 3334
f 3463 3464 3334
f 3334 3464 3332
f 3464 3465 3332
f 3332 3465 3466
f 3465 3467 3466
f 3466 3467 3328
f 3467 3468 3328
f 3328 3468 3326
f 3468 3469 3326
f 3326 3469 3324
f 3469 3456 3324
f 3469 3470 3456
f 3470 3471 3456
f 3456 3471 3457
f 3471 3472 3457
f 3457 3472 3458
f 3472 3473 3458
f 3458 3473 3460
f 3473 3474 3460
f 3460 3474 3461
f 3474 3475 3461
f 3461 3475 3462
f 3475 3476 3462
f 3462 3476 3463
f 3476 3477 3463
f 3463 3477 3464
f 3477 3478 3464
f 3464 3478 3465
f 3478 3479 3465
f 3465 3479 3467
f 3479 3480 3467
f 3467 3480 3468
f 3480 3481 3468
f 3468 3481 3469
f 3481 3470 3469
f 3481 3291 3470
f 3291 3289 3470
f 3470 3289 3471
f 3289 3311 3471
f 3471 3311 3472
f 3311 3309 3472
f 3472 3309 3473
f 3309 3307 3473
f 3473 3307 3474
f 3307 3305 3474
f 3474 3305 3475
f 3305 3303 3475
f 3475 3303 3476
f 3303 3301 3476
f 3476 3301 3477
f 3301 3299 3477
f 3477 3299 3478
f 3299 3297 3478
f 3478 3297 3479
f 3297 3295 3479
f 3479 3295 3480
f 3295 3293 3480
f 3480 3293 3481
f 3293 3291 3481
f 3281 3482 3283
f 3482 3483 3283
f 3283 3483 3285
f 3483 3484 3285
f 3285 3484 3287
f 3484 3485 3287
f 3287 3485 3265
f 3485 3486 3265
f 3265 3486 3487
f 3486 3488 3487
f 3487 3488 3489
f 3488 3490 3489
f 3489 3490 3491
f 3490 3492 3491
f 3491 3492 3493
f 3492 3494 3493
f 3493 3494 3495
f 3494 3496 3495
f 3495 3496 3497
f 3496 3498 3497
f 3497 3498 3499
f 3498 3500 3499
f 3499 3500 3281
f 3500 3482 3281
f 3500 3501 3482
f 3501 3502 3482
f 3482 3502 3483
f 3502 3503 3483
f 3483 3503 3484
f 3503 3504 3484
f 3484 3504 3485
f 3504 3505 3485
f 3485 3505 3486
f 3505 3506 3486
f 3486 3506 3488
f 3506 3507 3488
f 3488 3507 3490
f 3507 3508 3490
f 3490 3508 3492
f 3508 3509 3492
f 3492 3509 3494
f 3509 3510 3494
f 3494 3510 3496
f 3510 3511 3496
f 3496 3511 3498
f 3511 3512 3498
f 3498 3512 3500
f 3512 3501 3500
f 3512 3321 3501
f 3321 3319 3501
f 3501 3319 3502
f 3319 3513 3502
f 3502 3513 3503
f 3513 3315 3503
f 3503 3315 3504
f 3315 3313 3504
f 3504 3313 3505
f 3313 3335 3505
f 3505 3335 3506
f 3335 3333 3506
f 3506 3333 3507
f 3333 3331 3507
f 3507 3331 3508
f 3331 3514 3508
f 3508 3514 3509
f 3514 3327 3509
f 3509 3327 3510
f 3327 3325 3510
f 3510 3325 3511
f 3325 3323 3511
f 3511 3323 3512
f 3323 3321 3512
f 3515 3516 3517
f 3516 3518 3517
f 3517 3518 3519
f 3518 3520 3519
f 3519 3520 3521
f 3520 3522 3521
f 3521 3522 3523
f 3522 3524 3523
f 3523 3524 3525
f 3524 3526 3525
f 3525 3526 3527
f 3526 3528 3527
f 3527 3528 3529
f 3528 3530 3529
f 3529 3530 3531
f 3530 3532 3531
f 3531 3532 3533
f 3532 3534 3533
f 3533 3534 3535
f 3534 3536 3535
f 3535 3536 3537
f 3536 3538 3537
f 3537 3538 3515
f 3538 3516 3515
f 3539 3540 3541
f 3540 3542 3541
f 3541 3542 3543
f 3542 3544 3543
f 3543 3544 3545
f 3544 3546 3545
f 3545 3546 3547
f 3546 3548 3547
f 3547 3548 3549
f 3548 3550 3549
f 3549 3550 3551
f 3550 3552 3551
f 3551 3552 3553
f 3552 3554 3553
f 3553 3554 3555
f 3554 3556 3555
f 3555 3556 3557
f 3556 3558 3557
f 3557 3558 3559
f 3558 3560 3559
f 3559 3560 3561
f 3560 3562 3561
f 3561 3562 3539
f 3562 3540 3539
f 3563 3564 3565
f 3564 3566 3565
f 3565 3566 3567
f 3566 3568 3567
f 3567 3568 3569
f 3568 3570 3569
f 3569 3570 3571
f 3570 3572 3571
f 3571 3572 3573
f 3572 3574 3573
f 3573 3574 3575
f 3574 3576 3575
f 3575 3576 3577
f 3576 3578 3577
f 3577 3578 3579
f 3578 3580 3579
f 3579 3580 3581
f 3580 3582 3581
f 3581 3582 3583
f 3582 3584 3583
f 3583 3584 3585
f 3584 3586 3585
f 3585 3586 3563
f 3586 3564 3563
f 3587 3588 3589
f 3588 3590 3589
f 3589 3590 3591
f 3590 3592 3591
f 3591 3592 3593
f 3592 3594 3593
f 3593 3594 3595
f 3594 3596 3595
f 3595 3596 3597
f 3596 3598 3597
f 3597 3598 3599
f 3598 3600 3599
f 3599 3600 3601
f 3600 3602 3601
f 3601 3602 3603
f 3602 3604 3603
f 3603 3604 3605
f 3604 3606 3605
f 3605 3606 3607
f 3606 3608 3607
f 3607 3608 3609
f 3608 3610 3609
f 3609 3610 3587
f 3610 3588 3587
f 3611 3612 3613
f 3612 3614 3613
f 3613 3614 3615
f 3614 3616 3615
f 3615 3616 3617
f 3616 3618 3617
f 3617 3618 3619
f 3618 3620 3619
f 3619 3620 3621
f 3620 3622 3621
f 3621 3622 3623
f 3622 3624 3623
f 3623 3624 3625
f 3624 3626 3625
f 3625 3626 3627
f 3626 3628 3627
f 3627 3628 3629
f 3628 3630 3629
f 3629 3630 3631
f 3630 3632 3631
f 3631 3632 3633
f 3632 3634 3633
f 3633 3634 3611
f 3634 3612 3611
f 3635 3636 3637
f 3636 3638 3637
f 3637 3638 3639
f 3638 3640 3639
f 3639 3640 3641
f 3640 3642 3641
f 3641 3642 3643
f 3642 3644 3643
f 3643 3644 3645
f 3644 3646 3645
f 3645 3646 3647
f 3646 3648 3647
f 3647 3648 3649
f 3648 3650 3649
f 3649 3650 3651
f 3650 3652 3651
f 3651 3652 3653
f 3652 3654 3653
f 3653 3654 3655
f 3654 3656 3655
f 3655 3656 3657
f 3656 3658 3657
f 3657 3658 3635
f 3658 3636 3635
f 3659 3660 3661
f 3660 3662 3661
f 3661 3662 3663
f 3662 3664 3663
f 3663 3664 3665
f 3664 3666 3665
f 3665 3666 3667
f 3666 3668 3667
f 3667 3668 3669
f 3668 3670 3669
f 3669 3670 3671
f 3670 3672 3671
f 3671 3672 3673
f 3672 3674 3673
f 3673 3674 3675
f 3674 3676 3675
f 3675 3676 3677
f 3676 3678 3677
f 3677 3678 3679
f 3678 3680 3679
f 3679 3680 3681
f 3680 3682 3681
f 3681 3682 3659
f 3682 3660 3659
f 3683 3684 3685
f 3684 3686 3685
f 3685 3686 3687
f 3686 3688 3687
f 3687 3688 3689
f 3688 3690 3689
f 3689 3690 3691
f 3690 3692 3691
f 3691 3692 3693
f 3692 3694 3693
f 3693 3694 3695
f 3694 3696 3695
f 3695 3696 3697
f 3696 3698 3697
f 3697 3698 3699
f 3698 3700 3699
f 3699 3700 3701
f 3700 3702 3701
f 3701 3702 3703
f 3702 3704 3703
f 3703 3704 3705
f 3704 3706 3705
f 3705 3706 3683
f 3706 3684 3683
f 3575 3707 3573
f 3707 3708 3573
f 3573 3708 3571
f 3708 3709 3571
f 3571 3709 3710
f 3709 3711 3710
f 3710 3711 3567
f 3711 3712 3567
f 3567 3712 3565
f 3712 3713 3565
f 3565 3713 3563
f 3713 3714 3563
f 3563 3714 3585
f 3714 3715 3585
f 3585 3715 3583
f 3715 3716 3583
f 3583 3716 3717
f 3716 3718 3717
f 3717 3718 3579
f 3718 3719 3579
f 3579 3719 3577
f 3719 3720 3577
f 3577 3720 3575
f 3720 3707 3575
f 3720 3721 3707
f 3721 3722 3707
f 3707 3722 3708
f 3722 3723 3708
f 3708 3723 3709
f 3723 3724 3709
f 3709 3724 3711
f 3724 3725 3711
f 3711 3725 3712
f 3725 3726 3712
f 3712 3726 3713
f 3726 3727 3713
f 3713 3727 3714
f 3727 3728 3714
f 3714 3728 3715
f 3728 3729 3715
f 3715 3729 3716
f 3729 3730 3716
f 3716 3730 3718
f 3730 3731 3718
f 3718 3731 3719
f 3731 3732 3719
f 3719 3732 3720
f 3732 3721 3720
f 3732 3542 3721
f 3542 3540 3721
f 3721 3540 3722
f 3540 3562 3722
f 3722 3562 3723
f 3562 3560 3723
f 3723 3560 3724
f 3560 3558 3724
f 3724 3558 3725
f 3558 3556 3725
f 3725 3556 3726
f 3556 3554 3726
f 3726 3554 3727
f 3554 3552 3727
f 3727 3552 3728
f 3552 3550 3728
f 3728 3550 3729
f 3550 3548 3729
f 3729 3548 3730
f 3548 3546 3730
f 3730 3546 3731
f 3546 3544 3731
f 3731 3544 3732
f 3544 3542 3732
f 3532 3733 3534
f 3733 3734 3534
f 3534 3734 3536
f 3734 3735 3536
f 3536 3735 3538
f 3735 3736 3538
f 3538 3736 3516
f 3736 3737 3516
f 3516 3737 3738
f 3737 3739 3738
f 3738 3739 3740
f 3739 3741 3740
f 3740 3741 3742
f 3741 3743 3742
f 3742 3743 3744
f 3743 3745 3744
f 3744 3745 3746
f 3745 3747 3746
f 3746 3747 3748
f 3747 3749 3748
f 3748 3749 3750
f 3749 3751 3750
f 3750 3751 3532
f 3751 3733 3532
f 3751 3752 3733
f 3752 3753 3733
f 3733 3753 3734
f 3753 3754 3734
f 3734 3754 3735
f 3754 3755 3735
f 3735 3755 3736
f 3755 3756 3736
f 3736 3756 3737
f 3756 3757 3737
f 3737 3757 3739
f 3757 3758 3739
f 3739 3758 3741
f 3758 3759 3741
f 3741 3759 3743
f 3759 3760 3743
f 3743 3760 3745
f 3760 3761 3745
f 3745 3761 3747
f 3761 3762 3747
f 3747 3762 3749
f 3762 3763 3749
f 3749 3763 3751
f 3763 3752 3751
f 3763 3572 3752
f 3572 3570 3752
f 3752 3570 3753
f 3570 3764 3753
f 3753 3764 3754
f 3764 3566 3754
f 3754 3566 3755
f 3566 3564 3755
f 3755 3564 3756
f 3564 3586 3756
f 3756 3586 3757
f 3586 3584 3757
f 3757 3584 3758
f 3584 3582 3758
f 3758 3582 3759
f 3582 3765 3759
f 3759 3765 3760
f 3765 3578 3760
f 3760 3578 3761
f 3578 3576 3761
f 3761 3576 3762
f 3576 3574 3762
f 3762 3574 3763
f 3574 3572 3763
f 3766 3767 3768
f 3767 3769 3768
f 3768 3769 3770
f 3769 3771 3770
f 3770 3771 3772
f 3771 3773 3772
f 3772 3773 3774
f 3773 3775 3774
f 3774 3775 3776
f 3775 3777 3776
f 3776 3777 3778
f 3777 3779 3778
f 3778 3779 3780
f 3779 3781 3780
f 3780 3781 3782
f 3781 3783 3782
f 3782 3783 3784
f 3783 3785 3784
f 3784 3785 3786
f 3785 3787 3786
f 3786 3787 3788
f 3787 3789 3788
f 3788 3789 3766
f 3789 3767 3766
f 3790 3791 3792
f 3791 3793 3792
f 3792 3793 3794
f 3793 3795 3794
f 3794 3795 3796
f 3795 3797 3796
f 3796 3797 3798
f 3797 3799 3798
f 3798 3799 3800
f 3799 3801 3800
f 3800 3801 3802
f 3801 3803 3802
f 3802 3803 3804
f 3803 3805 3804
f 3804 3805 3806
f 3805 3807 3806
f 3806 3807 3808
f 3807 3809 3808
f 3808 3809 3810
f 3809 3811 3810
f 3810 3811 3812
f 3811 3813 3812
f 3812 3813 3790
f 3813 3791 3790
f 3814 3815 3816
f 3815 3817 3816
f 3816 3817 3818
f 3817 3819 3818
f 3818 3819 3820
f 3819 3821 3820
f 3820 3821 3822
f 3821 3823 3822
f 3822 3823 3824
f 3823 3825 3824
f 3824 3825 3826
f 3825 3827 3826
f 3826 3827 3828
f 3827 3829 3828
f 3828 3829 3830
f 3829 3831 3830
f 3830 3831 3832
f 3831 3833 3832
f 3832 3833 3834
f 3833 3835 3834
f 3834 3835 3836
f 3835 3837 3836
f 3836 3837 3814
f 3837 3815 3814
f 3838 3839 3840
f 3839 3841 3840
f 3840 3841 3842
f 3841 3843 3842
f 3842 3843 3844
f 3843 3845 3844
f 3844 3845 3846
f 3845 3847 3846
f 3846 3847 3848
f 3847 3849 3848
f 3848 3849 3850
f 3849 3851 3850
f 3850 3851 3852
f 3851 3853 3852
f 3852 3853 3854
f 3853 3855 3854
f 3854 3855 3856
f 3855 3857 3856
f 3856 3857 3858
f 3857 3859 3858
f 3858 3859 3860
f 3859 3861 3860
f 3860 3861 3838
f 3861 3839 3838
f 3862 3863 3864
f 3863 3865 3864
f 3864 3865 3866
f 3865 3867 3866
f 3866 3867 3868
f 3867 3869 3868
f 3868 3869 3870
f 3869 3871 3870
f 3870 3871 3872
f 3871 3873 3872
f 3872 3873 3874
f 3873 3875 3874
f 3874 3875 3876
f 3875 3877 3876
f 3876 3877 3878
f 3877 3879 3878
f 3878 3879 3880
f 3879 3881 3880
f 3880 3881 3882
f 3881 3883 3882
f 3882 3883 3884
f 3883 3885 3884
f 3884 3885 3862
f 3885 3863 3862
f 3886 3887 3888
f 3887 3889 3888
f 3888 3889 3890
f 3889 3891 3890
f 3890 3891 3892
f 3891 3893 3892
f 3892 3893 3894
f 3893 3895 3894
f 3894 3895 3896
f 3895 3897 3896
f 3896 3897 3898
f 3897 3899 3898
f 3898 3899 3900
f 3899 3901 3900
f 3900 3901 3902
f 3901 3903 3902
f 3902 3903 3904
f 3903 3905 3904
f 3904 3905 3906
f 3905 3907 3906
f 3906 3907 3908
f 3907 3909 3908
f 3908 3909 3886
f 3909 3887 3886
f 3910 3911 3912
f 3911 3913 3912
f 3912 3913 3914
f 3913 3915 3914
f 3914 3915 3916
f 3915 3917 3916
f 3916 3917 3918
f 3917 3919 3918
f 3918 3919 3920
f 3919 3921 3920
f 3920 3921 3922
f 3921 3923 3922
f 3922 3923 3924
f 3923 3925 3924
f 3924 3925 3926
f 3925 3927 3926
f 3926 3927 3928
f 3927 3929 3928
f 3928 3929 3930
f 3929 3931 3930
f 3930 3931 3932
f 3931 3933 3932
f 3932 3933 3910
f 3933 3911 3910
f 3934 3935 3936
f 3935 3937 3936
f 3936 3937 3938
f 3937 3939 3938
f 3938 3939 3940
f 3939 3941 3940
f 3940 3941 3942
f 3941 3943 3942
f 3942 3943 3944
f 3943 3945 3944
f 3944 3945 3946
f 3945 3947 3946
f 3946 3947 3948
f 3947 3949 3948
f 3948 3949 3950
f 3949 3951 3950
f 3950 3951 3952
f 3951 3953 3952
f 3952 3953 3954
f 3953 3955 3954
f 3954 3955 3956
f 3955 3957 3956
f 3956 3957 3934
f 3957 3935 3934
f 3826 3958 3824
f 3958 3959 3824
f 3824 3959 3822
f 3959 3960 3822
f 3822 3960 3961
f 3960 3962 3961
f 3961 3962 3818
f 3962 3963 3818
f 3818 3963 3816
f 3963 3964 3816
f 3816 3964 3814
f 3964 3965 3814
f 3814 3965 3836
f 3965 3966 3836
f 3836 3966 3834
f 3966 3967 3834
f 3834 3967 3968
f 3967 3969 3968
f 3968 3969 3830
f 3969 3970 3830
f 3830 3970 3828
f 3970 3971 3828
f 3828 3971 3826
f 3971 3958 3826
f 3971 3972 3958
f 3972 3973 3958
f 3958 3973 3959
f 3973 3974 3959
f 3959 3974 3960
f 3974 3975 3960
f 3960 3975 3962
f 3975 3976 3962
f 3962 3976 3963
f 3976 3977 3963
f 3963 3977 3964
f 3977 3978 3964
f 3964 3978 3965
f 3978 3979 3965
f 3965 3979 3966
f 3979 3980 3966
f 3966 3980 3967
f 3980 3981 3967
f 3967 3981 3969
f 3981 3982 3969
f 3969 3982 3970
f 3982 3983 3970
f 3970 3983 3971
f 3983 3972 3971
f 3983 3793 3972
f 3793 3791 3972
f 3972 3791 3973
f 3791 3813 3973
f 3973 3813 3974
f 3813 3811 3974
f 3974 3811 3975
f 3811 3809 3975
f 3975 3809 3976
f 3809 3807 3976
f 3976 3807 3977
f 3807 3805 3977
f 3977 3805 3978
f 3805 3803 3978
f 3978 3803 3979
f 3803 3801 3979
f 3979 3801 3980
f 3801 3799 3980
f 3980 3799 3981
f 3799 3797 3981
f 3981 3797 3982
f 3797 3795 3982
f 3982 3795 3983
f 3795 3793 3983
f 3783 3984 3785
f 3984 3985 3785
f 3785 3985 3787
f 3985 3986 3787
f 3787 3986 3789
f 3986 3987 3789
f 3789 3987 3767
f 3987 3988 3767
f 3767 3988 3989
f 3988 3990 3989
f 3989 3990 3991
f 3990 3992 3991
f 3991 3992 3993
f 3992 3994 3993
f 3993 3994 3995
f 3994 3996 3995
f 3995 3996 3997
f 3996 3998 3997
f 3997 3998 3999
f 3998 4000 3999
f 3999 4000 4001
f 4000 4002 4001
f 4001 4002 3783
f 4002 3984 3783
f 4002 4003 3984
f 4003 4004 3984
f 3984 4004 3985
f 4004 4005 3985
f 3985 4005 3986
f 4005 4006 3986
f 3986 4006 3987
f 4006 4007 3987
f 3987 4007 3988
f 4007 4008 3988
f 3988 4008 3990
f 4008 4009 3990
f 3990 4009 3992
f 4009 4010 3992
f 3992 4010 3994
f 4010 4011 3994
f 3994 4011 3996
f 4011 4012 3996
f 3996 4012 3998
f 4012 4013 3998
f 3998 4013 4000
f 4013 4014 4000
f 4000 4014 4002
f 4014 4003 4002
f 4014 3823 4003
f 3823 3821 4003
f 4003 3821 4004
f 3821 4015 4004
f 4004 4015 4005
f 4015 3817 4005
f 4005 3817 4006
f 3817 3815 4006
f 4006 3815 4007
f 3815 3837 4007
f 4007 3837 4008
f 3837 3835 4008
f 4008 3835 4009
f 3835 3833 4009
f 4009 3833 4010
f 3833 4016 4010
f 4010 4016 4011
f 4016 3829 4011
f 4011 3829 4012
f 3829 3827 4012
f 4012 3827 4013
f 3827 3825 4013
f 4013 3825 4014
f 3825 3823 4014
f 4017 4018 4019
f 4018 4020 4019
f 4019 4020 4021
f 4020 4022 4021
f 4021 4022 4023
f 4022 4024 4023
f 4023 4024 4025
f 4024 4026 4025
f 4025 4026 4027
f 4026 4028 4027
f 4027 4028 4029
f 4028 4030 4029
f 4029 4030 4031
f 4030 4032 4031
f 4031 4032 4033
f 4032 4034 4033
f 4033 4034 4035
f 4034 4036 4035
f 4035 4036 4037
f 4036 4038 4037
f 4037 4038 4039
f 4038 4040 4039
f 4039 4040 4017
f 4040 4018 4017
f 4041 4042 4043
f 4042 4044 4043
f 4043 4044 4045
f 4044 4046 4045
f 4045 4046 4047
f 4046 4048 4047
f 4047 4048 4049
f 4048 4050 4049
f 4049 4050 4051
f 4050 4052 4051
f 4051 4052 4053
f 4052 4054 4053
f 4053 4054 4055
f 4054 4056 4055
f 4055 4056 4057
f 4056 4058 4057
f 4057 4058 4059
f 4058 4060 4059
f 4059 4060 4061
f 4060 4062 4061
f 4061 4062 4063
f 4062 4064 4063
f 4063 4064 4041
f 4064 4042 4041
f 4065 4066 4067
f 4066 4068 4067
f 4067 4068 4069
f 4068 4070 4069
f 4069 4070 4071
f 4070 4072 4071
f 4071 4072 4073
f 4072 4074 4073
f 4073 4074 4075
f 4074 4076 4075
f 4075 4076 4077
f 4076 4078 4077
f 4077 4078 4079
f 4078 4080 4079
f 4079 4080 4081
f 4080 4082 4081
f 4081 4082 4083
f 4082 4084 4083
f 4083 4084 4085
f 4084 4086 4085
f 4085 4086 4087
f 4086 4088 4087
f 4087 4088 4065
f 4088 4066 4065
f 4089 4090 4091
f 4090 4092 4091
f 4091 4092 4093
f 4092 4094 4093
f 4093 4094 4095
f 4094 4096 4095
f 4095 4096 4097
f 4096 4098 4097
f 4097 4098 4099
f 4098 4100 4099
f 4099 4100 4101
f 4100 4102 4101
f 4101 4102 4103
f 4102 4104 4103
f 4103 4104 4105
f 4104 4106 4105
f 4105 4106 4107
f 4106 4108 4107
f 4107 4108 4109
f 4108 4110 4109
f 4109 4110 4111
f 4110 4112 4111
f 4111 4112 4089
f 4112 4090 4089
f 4113 4114 4115
f 4114 4116 4115
f 4115 4116 4117
f 4116 4118 4117
f 4117 4118 4119
f 4118 4120 4119
f 4119 4120 4121
f 4120 4122 4121
f 4121 4122 4123
f 4122 4124 4123
f 4123 4124 4125
f 4124 4126 4125
f 4125 4126 4127
f 4126 4128 4127
f 4127 4128 4129
f 4128 4130 4129
f 4129 4130 4131
f 4130 4132 4131
f 4131 4132 4133
f 4132 4134 4133
f 4133 4134 4135
f 4134 4136 4135
f 4135 4136 4113
f 4136 4114 4113
f 4137 4138 4139
f 4138 4140 4139
f 4139 4140 4141
f 4140 4142 4141
f 4141 4142 4143
f 4142 4144 4143
f 4143 4144 4145
f 4144 4146 4145
f 4145 4146 4147
f 4146 4148 4147
f 4147 4148 4149
f 4148 4150 4149
f 4149 4150 4151
f 4150 4152 4151
f 4151 4152 4153
f 4152 4154 4153
f 4153 4154 4155
f 4154 4156 4155
f 4155 4156 4157
f 4156 4158 4157
f 4157 4158 4159
f 4158 4160 4159
f 4159 4160 4137
f 4160 4138 4137
f 4161 4162 4163
f 4162 4164 4163
f 4163 4164 4165
f 4164 4166 4165
f 4165 4166 4167
f 4166 4168 4167
f 4167 4168 4169
f 4168 4170 4169
f 4169 4170 4171
f 4170 4172 4171
f 4171 4172 4173
f 4172 4174 4173
f 4173 4174 4175
f 4174 4176 4175
f 4175 4176 4177
f 4176 4178 4177
f 4177 4178 4179
f 4178 4180 4179
f 4179 4180 4181
f 4180 4182 4181
f 4181 4182 4183
f 4182 4184 4183
f 4183 4184 4161
f 4184 4162 4161
f 4185 4186 4187
f 4186 4188 4187
f 4187 4188 4189
f 4188 4190 4189
f 4189 4190 4191
f 4190 4192 4191
f 4191 4192 4193
f 4192 4194 4193
f 4193 4194 4195
f 4194 4196 4195
f 4195 4196 4197
f 4196 4198 4197
f 4197 4198 4199
f 4198 4200 4199
f 4199 4200 4201
f 4200 4202 4201
f 4201 4202 4203
f 4202 4204 4203
f 4203 4204 4205
f 4204 4206 4205
f 4205 4206 4207
f 4206 4208 4207
f 4207 4208 4185
f 4208 4186 4185
f 4077 4209 4075
f 4209 4210 4075
f 4075 4210 4073
f 4210 4211 4073
f 4073 4211 4212
f 4211 4213 4212
f 4212 4213 4069
f 4213 4214 4069
f 4069 4214 4067
f 4214 4215 4067
f 4067 4215 4065
f 4215 4216 4065
f 4065 4216 4087
f 4216 4217 4087
f 4087 4217 4085
f 4217 4218 4085
f 4085 4218 4219
f 4218 4220 4219
f 4219 4220 4081
f 4220 4221 4081
f 4081 4221 4079
f 4221 4222 4079
f 4079 4222 4077
f 4222 4209 4077
f 4222 4223 4209
f 4223 4224 4209
f 4209 4224 4210
f 4224 4225 4210
f 4210 4225 4211
f 4225 4226 4211
f 4211 4226 4213
f 4226 4227 4213
f 4213 4227 4214
f 4227 4228 4214
f 4214 4228 4215
f 4228 4229 4215
f 4215 4229 4216
f 4229 4230 4216
f 4216 4230 4217
f 4230 4231 4217
f 4217 4231 4218
f 4231 4232 4218
f 4218 4232 4220
f 4232 4233 4220
f 4220 4233 4221
f 4233 4234 4221
f 4221 4234 4222
f 4234 4223 4222
f 4234 4044 4223
f 4044 4042 4223
f 4223 4042 4224
f 4042 4064 4224
f 4224 4064 4225
f 4064 4062 4225
f 4225 4062 4226
f 4062 4060 4226
f 4226 4060 4227
f 4060 4058 4227
f 4227 4058 4228
f 4058 4056 4228
f 4228 4056 4229
f 4056 4054 4229
f 4229 4054 4230
f 4054 4052 4230
f 4230 4052 4231
f 4052 4050 4231
f 4231 4050 4232
f 4050 4048 4232
f 4232 4048 4233
f 4048 4046 4233
f 4233 4046 4234
f 4046 4044 4234
f 4034 4235 4036
f 4235 4236 4036
f 4036 4236 4038
f 4236 4237 4038
f 4038 4237 4040
f 4237 4238 4040
f 4040 4238 4018
f 4238 4239 4018
f 4018 4239 4240
f 4239 4241 4240
f 4240 4241 4242
f 4241 4243 4242
f 4242 4243 4244
f 4243 4245 4244
f 4244 4245 4246
f 4245 4247 4246
f 4246 4247 4248
f 4247 4249 4248
f 4248 4249 4250
f 4249 4251 4250
f 4250 4251 4252
f 4251 4253 4252
f 4252 4253 4034
f 4253 4235 4034
f 4253 4254 4235
f 4254 4255 4235
f 4235 4255 4236
f 4255 4256 4236
f 4236 4256 4237
f 4256 4257 4237
f 4237 4257 4238
f 4257 4258 4238
f 4238 4258 4239
f 4258 4259 4239
f 4239 4259 4241
f 4259 4260 4241
f 4241 4260 4243
f 4260 4261 4243
f 4243 4261 4245
f 4261 4262 4245
f 4245 4262 4247
f 4262 4263 4247
f 4247 4263 4249
f 4263 4264 4249
f 4249 4264 4251
f 4264 4265 4251
f 4251 4265 4253
f 4265 4254 4253
f 4265 4074 4254
f 4074 4072 4254
f 4254 4072 4255
f 4072 4266 4255
f 4255 4266 4256
f 4266 4068 4256
f 4256 4068 4257
f 4068 4066 4257
f 4257 4066 4258
f 4066 4088 4258
f 4258 4088 4259
f 4088 4086 4259
f 4259 4086 4260
f 4086 4084 4260
f 4260 4084 4261
f 4084 4267 4261
f 4261 4267 4262
f 4267 4080 4262
f 4262 4080 4263
f 4080 4078 4263
f 4263 4078 4264
f 4078 4076 4264
f 4264 4076 4265
f 4076 4074 4265
f 4268 4269 4270
f 4269 4271 4270
f 4270 4271 4272
f 4271 4273 4272
f 4272 4273 4274
f 4273 4275 4274
f 4274 4275 4276
f 4275 4277 4276
f 4276 4277 4278
f 4277 4279 4278
f 4278 4279 4280
f 4279 4281 4280
f 4280 4281 4282
f 4281 4283 4282
f 4282 4283 4284
f 4283 4285 4284
f 4284 4285 4286
f 4285 4287 4286
f 4286 4287 4288
f 4287 4289 4288
f 4288 4289 4290
f 4289 4291 4290
f 4290 4291 4268
f 4291 4269 4268
f 4292 4293 4294
f 4293 4295 4294
f 4294 4295 4296
f 4295 4297 4296
f 4296 4297 4298
f 4297 4299 4298
f 4298 4299 4300
f 4299 4301 4300
f 4300 4301 4302
f 4301 4303 4302
f 4302 4303 4304
f 4303 4305 4304
f 4304 4305 4306
f 4305 4307 4306
f 4306 4307 4308
f 4307 4309 4308
f 4308 4309 4310
f 4309 4311 4310
f 4310 4311 4312
f 4311 4313 4312
f 4312 4313 4314
f 4313 4315 4314
f 4314 4315 4292
f 4315 4293 4292
f 4316 4317 4318
f 4317 4319 4318
f 4318 4319 4320
f 4319 4321 4320
f 4320 4321 4322
f 4321 4323 4322
f 4322 4323 4324
f 4323 4325 4324
f 4324 4325 4326
f 4325 4327 4326
f 4326 4327 4328
f 4327 4329 4328
f 4328 4329 4330
f 4329 4331 4330
f 4330 4331 4332
f 4331 4333 4332
f 4332 4333 4334
f 4333 4335 4334
f 4334 4335 4336
f 4335 4337 4336
f 4336 4337 4338
f 4337 4339 4338
f 4338 4339 4316
f 4339 4317 4316
f 4340 4341 4342
f 4341 4343 4342
f 4342 4343 4344
f 4343 4345 4344
f 4344 4345 4346
f 4345 4347 4346
f 4346 4347 4348
f 4347 4349 4348
f 4348 4349 4350
f 4349 4351 4350
f 4350 4351 4352
f 4351 4353 4352
f 4352 4353 4354
f 4353 4355 4354
f 4354 4355 4356
f 4355 4357 4356
f 4356 4357 4358
f 4357 4359 4358
f 4358 4359 4360
f 4359 4361 4360
f 4360 4361 4362
f 4361 4363 4362
f 4362 4363 4340
f 4363 4341 4340
f 4364 4365 4366
f 4365 4367 4366
f 4366 4367 4368
f 4367 4369 4368
f 4368 4369 4370
f 4369 4371 4370
f 4370 4371 4372
f 4371 4373 4372
f 4372 4373 4374
f 4373 4375 4374
f 4374 4375 4376
f 4375 4377 4376
f 4376 4377 4378
f 4377 4379 4378
f 4378 4379 4380
f 4379 4381 4380
f 4380 4381 4382
f 4381 4383 4382
f 4382 4383 4384
f 4383 4385 4384
f 4384 4385 4386
f 4385 4387 4386
f 4386 4387 4364
f 4387 4365 4364
f 4388 4389 4390
f 4389 4391 4390
f 4390 4391 4392
f 4391 4393 4392
f 4392 4393 4394
f 4393 4395 4394
f 4394 4395 4396
f 4395 4397 4396
f 4396 4397 4398
f 4397 4399 4398
f 4398 4399 4400
f 4399 4401 4400
f 4400 4401 4402
f 4401 4403 4402
f 4402 4403 4404
f 4403 4405 4404
f 4404 4405 4406
f 4405 4407 4406
f 4406 4407 4408
f 4407 4409 4408
f 4408 4409 4410
f 4409 4411 4410
f 4410 4411 4388
f 4411 4389 4388
f 4412 4413 4414
f 4413 4415 4414
f 4414 4415 4416
f 4415 4417 4416
f 4416 4417 4418
f 4417 4419 4418
f 4418 4419 4420
f 4419 4421 4420
f 4420 4421 4422
f 4421 4423 4422
f 4422 4423 4424
f 4423 4425 4424
f 4424 4425 4426
f 4425 4427 4426
f 4426 4427 4428
f 4427 4429 4428
f 4428 4429 4430
f 4429 4431 4430
f 4430 4431 4432
f 4431 4433 4432
f 4432 4433 4434
f 4433 4435 4434
f 4434 4435 4412
f 4435 4413 4412
f 4436 4437 4438
f 4437 4439 4438
f 4438 4439 4440
f 4439 4441 4440
f 4440 4441 4442
f 4441 4443 4442
f 4442 4443 4444
f 4443 4445 4444
f 4444 4445 4446
f 4445 4447 4446
f 4446 4447 4448
f 4447 4449 4448
f 4448 4449 4450
f 4449 4451 4450
f 4450 4451 4452
f 4451 4453 4452
f 4452 4453 4454
f 4453 4455 4454
f 4454 4455 4456
f 4455 4457 4456
f 4456 4457 4458
f 4457 4459 4458
f 4458 4459 4436
f 4459 4437 4436
f 4328 4460 4326
f 4460 4461 4326
f 4326 4461 4324
f 4461 4462 4324
f 4324 4462 4463
f 4462 4464 4463
f 4463 4464 4320
f 4464 4465 4320
f 4320 4465 4318
f 4465 4466 4318
f 4318 4466 4316
f 4466 4467 4316
f 4316 4467 4338
f 4467 4468 4338
f 4338 4468 4336
f 4468 4469 4336
f 4336 4469 4470
f 4469 4471 4470
f 4470 4471 4332
f 4471 4472 4332
f 4332 4472 4330
f 4472 4473 4330
f 4330 4473 4328
f 4473 4460 4328
f 4473 4474 4460
f 4474 4475 4460
f 4460 4475 4461
f 4475 4476 4461
f 4461 4476 4462
f 4476 4477 4462
f 4462 4477 4464
f 4477 4478 4464
f 4464 4478 4465
f 4478 4479 4465
f 4465 4479 4466
f 4479 4480 4466
f 4466 4480 4467
f 4480 4481 4467
f 4467 4481 4468
f 4481 4482 4468
f 4468 4482 4469
f 4482 4483 4469
f 4469 4483 4471
f 4483 4484 4471
f 4471 4484 4472
f 4484 4485 4472
f 4472 4485 4473
f 4485 4474 4473
f 4485 4295 4474
f 4295 4293 4474
f 4474 4293 4475
f 4293 4315 4475
f 4475 4315 4476
f 4315 4313 4476
f 4476 4313 4477
f 4313 4311 4477
f 4477 4311 4478
f 4311 4309 4478
f 4478 4309 4479
f 4309 4307 4479
f 4479 4307 4480
f 4307 4305 4480
f 4480 4305 4481
f 4305 4303 4481
f 4481 4303 4482
f 4303 4301 4482
f 4482 4301 4483
f 4301 4299 4483
f 4483 4299 4484
f 4299 4297 4484
f 4484 4297 4485
f 4297 4295 4485
f 4285 4486 4287
f 4486 4487 4287
f 4287 4487 4289
f 4487 4488 4289
f 4289 4488 4291
f 4488 4489 4291
f 4291 4489 4269
f 4489 4490 4269
f 4269 4490 4491
f 4490 4492 4491
f 4491 4492 4493
f 4492 4494 4493
f 4493 4494 4495
f 4494 4496 4495
f 4495 4496 4497
f 4496 4498 4497
f 4497 4498 4499
f 4498 4500 4499
f 4499 4500 4501
f 4500 4502 4501
f 4501 4502 4503
f 4502 4504 4503
f 4503 4504 4285
f 4504 4486 4285
f 4504 4505 4486
f 4505 4506 4486
f 4486 4506 4487
f 4506 4507 4487
f 4487 4507 4488
f 4507 4508 4488
f 4488 4508 4489
f 4508 4509 4489
f 4489 4509 4490
f 4509 4510 4490
f 4490 4510 4492
f 4510 4511 4492
f 4492 4511 4494
f 4511 4512 4494
f 4494 4512 4496
f 4512 4513 4496
f 4496 4513 4498
f 4513 4514 4498
f 4498 4514 4500
f 4514 4515 4500
f 4500 4515 4502
f 4515 4516 4502
f 4502 4516 4504
f 4516 4505 4504
f 4516 4325 4505
f 4325 4323 4505
f 4505 4323 4506
f 4323 4517 4506
f 4506 4517 4507
f 4517 4319 4507
f 4507 4319 4508
f 4319 4317 4508
f 4508 4317 4509
f 4317 4339 4509
f 4509 4339 4510
f 4339 4337 4510
f 4510 4337 4511
f 4337 4335 4511
f 4511 4335 4512
f 4335 4518 4512
f 4512 4518 4513
f 4518 4331 4513
f 4513 4331 4514
f 4331 4329 4514
f 4514 4329 4515
f 4329 4327 4515
f 4515 4327 4516
f 4327 4325 4516
f 4519 4520 4521
f 4520 4522 4521
f 4521 4522 4523
f 4522 4524 4523
f 4523 4524 4525
f 4524 4526 4525
f 4525 4526 4527
f 4526 4528 4527
f 4527 4528 4529
f 4528 4530 4529
f 4529 4530 4531
f 4530 4532 4531
f 4531 4532 4533
f 4532 4534 4533
f 4533 4534 4535
f 4534 4536 4535
f 4535 4536 4537
f 4536 4538 4537
f 4537 4538 4539
f 4538 4540 4539
f 4539 4540 4541
f 4540 4542 4541
f 4541 4542 4519
f 4542 4520 4519
f 4543 4544 4545
f 4544 4546 4545
f 4545 4546 4547
f 4546 4548 4547
f 4547 4548 4549
f 4548 4550 4549
f 4549 4550 4551
f 4550 4552 4551
f 4551 4552 4553
f 4552 4554 4553
f 4553 4554 4555
f 4554 4556 4555
f 4555 4556 4557
f 4556 4558 4557
f 4557 4558 4559
f 4558 4560 4559
f 4559 4560 4561
f 4560 4562 4561
f 4561 4562 4563
f 4562 4564 4563
f 4563 4564 4565
f 4564 4566 4565
f 4565 4566 4543
f 4566 4544 4543
f 4567 4568 4569
f 4568 4570 4569
f 4569 4570 4571
f 4570 4572 4571
f 4571 4572 4573
f 4572 4574 4573
f 4573 4574 4575
f 4574 4576 4575
f 4575 4576 4577
f 4576 4578 4577
f 4577 4578 4579
f 4578 4580 4579
f 4579 4580 4581
f 4580 4582 4581
f 4581 4582 4583
f 4582 4584 4583
f 4583 4584 4585
f 4584 4586 4585
f 4585 4586 4587
f 4586 4588 4587
f 4587 4588 4589
f 4588 4590 4589
f 4589 4590 4567
f 4590 4568 4567
f 4591 4592 4593
f 4592 4594 4593
f 4593 4594 4595
f 4594 4596 4595
f 4595 4596 4597
f 4596 4598 4597
f 4597 4598 4599
f 4598 4600 4599
f 4599 4600 4601
f 4600 4602 4601
f 4601 4602 4603
f 4602 4604 4603
f 4603 4604 4605
f 4604 4606 4605
f 4605 4606 4607
f 4606 4608 4607
f 4607 4608 4609
f 4608 4610 4609
f 4609 4610 4611
f 4610 4612 4611
f 4611 4612 4613
f 4612 4614 4613
f 4613 4614 4591
f 4614 4592 4591
f 4615 4616 4617
f 4616 4618 4617
f 4617 4618 4619
f 4618 4620 4619
f 4619 4620 4621
f 4620 4622 4621
f 4621 4622 4623
f 4622 4624 4623
f 4623 4624 4625
f 4624 4626 4625
f 4625 4626 4627
f 4626 4628 4627
f 4627 4628 4629
f 4628 4630 4629
f 4629 4630 4631
f 4630 4632 4631
f 4631 4632 4633
f 4632 4634 4633
f 4633 4634 4635
f 4634 4636 4635
f 4635 4636 4637
f 4636 4638 4637
f 4637 4638 4615
f 4638 4616 4615
f 4639 4640 4641
f 4640 4642 4641
f 4641 4642 4643
f 4642 4644 4643
f 4643 4644 4645
f 4644 4646 4645
f 4645 4646 4647
f 4646 4648 4647
f 4647 4648 4649
f 4648 4650 4649
f 4649 4650 4651
f 4650 4652 4651
f 4651 4652 4653
f 4652 4654 4653
f 4653 4654 4655
f 4654 4656 4655
f 4655 4656 4657
f 4656 4658 4657
f 4657 4658 4659
f 4658 4660 4659
f 4659 4660 4661
f 4660 4662 4661
f 4661 4662 4639
f 4662 4640 4639
f 4663 4664 4665
f 4664 4666 4665
f 4665 4666 4667
f 4666 4668 4667
f 4667 4668 4669
f 4668 4670 4669
f 4669 4670 4671
f 4670 4672 4671
f 4671 4672 4673
f 4672 4674 4673
f 4673 4674 4675
f 4674 4676 4675
f 4675 4676 4677
f 4676 4678 4677
f 4677 4678 4679
f 4678 4680 4679
f 4679 4680 4681
f 4680 4682 4681
f 4681 4682 4683
f 4682 4684 4683
f 4683 4684 4685
f 4684 4686 4685
f 4685 4686 4663
f 4686 4664 4663
f 4687 4688 4689
f 4688 4690 4689
f 4689 4690 4691
f 4690 4692 4691
f 4691 4692 4693
f 4692 4694 4693
f 4693 4694 4695
f 4694 4696 4695
f 4695 4696 4697
f 4696 4698 4697
f 4697 4698 4699
f 4698 4700 4699
f 4699 4700 4701
f 4700 4702 4701
f 4701 4702 4703
f 4702 4704 4703
f 4703 4704 4705
f 4704 4706 4705
f 4705 4706 4707
f 4706 4708 4707
f 4707 4708 4709
f 4708 4710 4709
f 4709 4710 4687
f 4710 4688 4687
f 4579 4711 4577
f 4711 4712 4577
f 4577 4712 4575
f 4712 4713 4575
f 4575 4713 4714
f 4713 4715 4714
f 4714 4715 4571
f 4715 4716 4571
f 4571 4716 4569
f 4716 4717 4569
f 4569 4717 4567
f 4717 4718 4567
f 4567 4718 4589
f 4718 4719 4589
f 4589 4719 4587
f 4719 4720 4587
f 4587 4720 4721
f 4720 4722 4721
f 4721 4722 4583
f 4722 4723 4583
f 4583 4723 4581
f 4723 4724 4581
f 4581 4724 4579
f 4724 4711 4579
f 4724 4725 4711
f 4725 4726 4711
f 4711 4726 4712
f 4726 4727 4712
f 4712 4727 4713
f 4727 4728 4713
f 4713 4728 4715
f 4728 4729 4715
f 4715 4729 4716
f 4729 4730 4716
f 4716 4730 4717
f 4730 4731 4717
f 4717 4731 4718
f 4731 4732 4718
f 4718 4732 4719
f 4732 4733 4719
f 4719 4733 4720
f 4733 4734 4720
f 4720 4734 4722
f 4734 4735 4722
f 4722 4735 4723
f 4735 4736 4723
f 4723 4736 4724
f 4736 4725 4724
f 4736 4546 4725
f 4546 4544 4725
f 4725 4544 4726
f 4544 4566 4726
f 4726 4566 4727
f 4566 4564 4727
f 4727 4564 4728
f 4564 4562 4728
f 4728 4562 4729
f 4562 4560 4729
f 4729 4560 4730
f 4560 4558 4730
f 4730 4558 4731
f 4558 4556 4731
f 4731 4556 4732
f 4556 4554 4732
f 4732 4554 4733
f 4554 4552 4733
f 4733 4552 4734
f 4552 4550 4734
f 4734 4550 4735
f 4550 4548 4735
f 4735 4548 4736
f 4548 4546 4736
f 4536 4737 4538
f 4737 4738 4538
f 4538 4738 4540
f 4738 4739 4540
f 4540 4739 4542
f 4739 4740 4542
f 4542 4740 4520
f 4740 4741 4520
f 4520 4741 4742
f 4741 4743 4742
f 4742 4743 4744
f 4743 4745 4744
f 4744 4745 4746
f 4745 4747 4746
f 4746 4747 4748
f 4747 4749 4748
f 4748 4749 4750
f 4749 4751 4750
f 4750 4751 4752
f 4751 4753 4752
f 4752 4753 4754
f 4753 4755 4754
f 4754 4755 4536
f 4755 4737 4536
f 4755 4756 4737
f 4756 4757 4737
f 4737 4757 4738
f 4757 4758 4738
f 4738 4758 4739
f 4758 4759 4739
f 4739 4759 4740
f 4759 4760 4740
f 4740 4760 4741
f 4760 4761 4741
f 4741 4761 4743
f 4761 4762 4743
f 4743 4762 4745
f 4762 4763 4745
f 4745 4763 4747
f 4763 4764 4747
f 4747 4764 4749
f 4764 4765 4749
f 4749 4765 4751
f 4765 4766 4751
f 4751 4766 4753
f 4766 4767 4753
f 4753 4767 4755
f 4767 4756 4755
f 4767 4576 4756
f 4576 4574 4756
f 4756 4574 4757
f 4574 4768 4757
f 4757 4768 4758
f 4768 4570 4758
f 4758 4570 4759
f 4570 4568 4759
f 4759 4568 4760
f 4568 4590 4760
f 4760 4590 4761
f 4590 4588 4761
f 4761 4588 4762
f 4588 4586 4762
f 4762 4586 4763
f 4586 4769 4763
f 4763 4769 4764
f 4769 4582 4764
f 4764 4582 4765
f 4582 4580 4765
f 4765 4580 4766
f 4580 4578 4766
f 4766 4578 4767
f 4578 4576 4767
f 4770 4771 4772
f 4771 4773 4772
f 4772 4773 4774
f 4773 4775 4774
f 4774 4775 4776
f 4775 4777 4776
f 4776 4777 4778
f 4777 4779 4778
f 4778 4779 4780
f 4779 4781 4780
f 4780 4781 4782
f 4781 4783 4782
f 4782 4783 4784
f 4783 4785 4784
f 4784 4785 4786
f 4785 4787 4786
f 4786 4787 4788
f 4787 4789 4788
f 4788 4789 4790
f 4789 4791 4790
f 4790 4791 4792
f 4791 4793 4792
f 4792 4793 4770
f 4793 4771 4770
f 4794 4795 4796
f 4795 4797 4796
f 4796 4797 4798
f 4797 4799 4798
f 4798 4799 4800
f 4799 4801 4800
f 4800 4801 4802
f 4801 4803 4802
f 4802 4803 4804
f 4803 4805 4804
f 4804 4805 4806
f 4805 4807 4806
f 4806 4807 4808
f 4807 4809 4808
f 4808 4809 4810
f 4809 4811 4810
f 4810 4811 4812
f 4811 4813 4812
f 4812 4813 4814
f 4813 4815 4814
f 4814 4815 4816
f 4815 4817 4816
f 4816 4817 4794
f 4817 4795 4794
f 4818 4819 4820
f 4819 4821 4820
f 4820 4821 4822
f 4821 4823 4822
f 4822 4823 4824
f 4823 4825 4824
f 4824 4825 4826
f 4825 4827 4826
f 4826 4827 4828
f 4827 4829 4828
f 4828 4829 4830
f 4829 4831 4830
f 4830 4831 4832
f 4831 4833 4832
f 4832 4833 4834
f 4833 4835 4834
f 4834 4835 4836
f 4835 4837 4836
f 4836 4837 4838
f 4837 4839 4838
f 4838 4839 4840
f 4839 4841 4840
f 4840 4841 4818
f 4841 4819 4818
f 4842 4843 4844
f 4843 4845 4844
f 4844 4845 4846
f 4845 4847 4846
f 4846 4847 4848
f 4847 4849 4848
f 4848 4849 4850
f 4849 4851 4850
f 4850 4851 4852
f 4851 4853 4852
f 4852 4853 4854
f 4853 4855 4854
f 4854 4855 4856
f 4855 4857 4856
f 4856 4857 4858
f 4857 4859 4858
f 4858 4859 4860
f 4859 4861 4860
f 4860 4861 4862
f 4861 4863 4862
f 4862 4863 4864
f 4863 4865 4864
f 4864 4865 4842
f 4865 4843 4842
f 4866 4867 4868
f 4867 4869 4868
f 4868 4869 4870
f 4869 4871 4870
f 4870 4871 4872
f 4871 4873 4872
f 4872 4873 4874
f 4873 4875 4874
f 4874 4875 4876
f 4875 4877 4876
f 4876 4877 4878
f 4877 4879 4878
f 4878 4879 4880
f 4879 4881 4880
f 4880 4881 4882
f 4881 4883 4882
f 4882 4883 4884
f 4883 4885 4884
f 4884 4885 4886
f 4885 4887 4886
f 4886 4887 4888
f 4887 4889 4888
f 4888 4889 4866
f 4889 4867 4866
f 4890 4891 4892
f 4891 4893 4892
f 4892 4893 4894
f 4893 4895 4894
f 4894 4895 4896
f 4895 4897 4896
f 4896 4897 4898
f 4897 4899 4898
f 4898 4899 4900
f 4899 4901 4900
f 4900 4901 4902
f 4901 4903 4902
f 4902 4903 4904
f 4903 4905 4904
f 4904 4905 4906
f 4905 4907 4906
f 4906 4907 4908
f 4907 4909 4908
f 4908 4909 4910
f 4909 4911 4910
f 4910 4911 4912
f 4911 4913 4912
f 4912 4913 4890
f 4913 4891 4890
f 4914 4915 4916
f 4915 4917 4916
f 4916 4917 4918
f 4917 4919 4918
f 4918 4919 4920
f 4919 4921 4920
f 4920 4921 4922
f 4921 4923 4922
f 4922 4923 4924
f 4923 4925 4924
f 4924 4925 4926
f 4925 4927 4926
f 4926 4927 4928
f 4927 4929 4928
f 4928 4929 4930
f 4929 4931 4930
f 4930 4931 4932
f 4931 4933 4932
f 4932 4933 4934
f 4933 4935 4934
f 4934 4935 4936
f 4935 4937 4936
f 4936 4937 4914
f 4937 4915 4914
f 4938 4939 4940
f 4939 4941 4940
f 4940 4941 4942
f 4941 4943 4942
f 4942 4943 4944
f 4943 4945 4944
f 4944 4945 4946
f 4945 4947 4946
f 4946 4947 4948
f 4947 4949 4948
f 4948 4949 4950
f 4949 4951 4950
f 4950 4951 4952
f 4951 4953 4952
f 4952 4953 4954
f 4953 4955 4954
f 4954 4955 4956
f 4955 4957 4956
f 4956 4957 4958
f 4957 4959 4958
f 4958 4959 4960
f 4959 4961 4960
f 4960 4961 4938
f 4961 4939 4938
f 4830 4962 4828
f 4962 4963 4828
f 4828 4963 4826
f 4963 4964 4826
f 4826 4964 4965
f 4964 4966 4965
f 4965 4966 4822
f 4966 4967 4822
f 4822 4967 4820
f 4967 4968 4820
f 4820 4968 4818
f 4968 4969 4818
f 4818 4969 4840
f 4969 4970 4840
f 4840 4970 4838
f 4970 4971 4838
f 4838 4971 4972
f 4971 4973 4972
f 4972 4973 4834
f 4973 4974 4834
f 4834 4974 4832
f 4974 4975 4832
f 4832 4975 4830
f 4975 4962 4830
f 4975 4976 4962
f 4976 4977 4962
f 4962 4977 4963
f 4977 4978 4963
f 4963 4978 4964
f 4978 4979 4964
f 4964 4979 4966
f 4979 4980 4966
f 4966 4980 4967
f 4980 4981 4967
f 4967 4981 4968
f 4981 4982 4968
f 4968 4982 4969
f 4982 4983 4969
f 4969 4983 4970
f 4983 4984 4970
f 4970 4984 4971
f 4984 4985 4971
f 4971 4985 4973
f 4985 4986 4973
f 4973 4986 4974
f 4986 4987 4974
f 4974 4987 4975
f 4987 4976 4975
f 4987 4797 4976
f 4797 4795 4976
f 4976 4795 4977
f 4795 4817 4977
f 4977 4817 4978
f 4817 4815 4978
f 4978 4815 4979
f 4815 4813 4979
f 4979 4813 4980
f 4813 4811 4980
f 4980 4811 4981
f 4811 4809 4981
f 4981 4809 4982
f 4809 4807 4982
f 4982 4807 4983
f 4807 4805 4983
f 4983 4805 4984
f 4805 4803 4984
f 4984 4803 4985
f 4803 4801 4985
f 4985 4801 4986
f 4801 4799 4986
f 4986 4799 4987
f 4799 4797 4987
f 4787 4988 4789
f 4988 4989 4789
f 4789 4989 4791
f 4989 4990 4791
f 4791 4990 4793
f 4990 4991 4793
f 4793 4991 4771
f 4991 4992 4771
f 4771 4992 4993
f 4992 4994 4993
f 4993 4994 4995
f 4994 4996 4995
f 4995 4996 4997
f 4996 4998 4997
f 4997 4998 4999
f 4998 5000 4999
f 4999 5000 5001
f 5000 5002 5001
f 5001 5002 5003
f 5002 5004 5003
f 5003 5004 5005
f 5004 5006 5005
f 5005 5006 4787
f 5006 4988 4787
f 5006 5007 4988
f 5007 5008 4988
f 4988 5008 4989
f 5008 5009 4989
f 4989 5009 4990
f 5009 5010 4990
f 4990 5010 4991
f 5010 5011 4991
f 4991 5011 4992
f 5011 5012 4992
f 4992 5012 4994
f 5012 5013 4994
f 4994 5013 4996
f 5013 5014 4996
f 4996 5014 4998
f 5014 5015 4998
f 4998 5015 5000
f 5015 5016 5000
f 5000 5016 5002
f 5016 5017 5002
f 5002 5017 5004
f 5017 5018 5004
f 5004 5018 5006
f 5018 5007 5006
f 5018 4827 5007
f 4827 4825 5007
f 5007 4825 5008
f 4825 5019 5008
f 5008 5019 5009
f 5019 4821 5009
f 5009 4821 5010
f 4821 4819 5010
f 5010 4819 5011
f 4819 4841 5011
f 5011 4841 5012
f 4841 4839 5012
f 5012 4839 5013
f 4839 4837 5013
f 5013 4837 5014
f 4837 5020 5014
f 5014 5020 5015
f 5020 4833 5015
f 5015 4833 5016
f 4833 4831 5016
f 5016 4831 5017
f 4831 4829 5017
f 5017 4829 5018
f 4829 4827 5018
f 5021 5022 5023
f 5022 5024 5023
f 5023 5024 5025
f 5024 5026 5025
f 5025 5026 5027
f 5026 5028 5027
f 5027 5028 5029
f 5028 5030 5029
f 5029 5030 5031
f 5030 5032 5031
f 5031 5032 5033
f 5032 5034 5033
f 5033 5034 5035
f 5034 5036 5035
f 5035 5036 5037
f 5036 5038 5037
f 5037 5038 5039
f 5038 5040 5039
f 5039 5040 5041
f 5040 5042 5041
f 5041 5042 5043
f 5042 5044 5043
f 5043 5044 5021
f 5044 5022 5021
f 5045 5046 5047
f 5046 5048 5047
f 5047 5048 5049
f 5048 5050 5049
f 5049 5050 5051
f 5050 5052 5051
f 5051 5052 5053
f 5052 5054 5053
f 5053 5054 5055
f 5054 5056 5055
f 5055 5056 5057
f 5056 5058 5057
f 5057 5058 5059
f 5058 5060 5059
f 5059 5060 5061
f 5060 5062 5061
f 5061 5062 5063
f 5062 5064 5063
f 5063 5064 5065
f 5064 5066 5065
f 5065 5066 5067
f 5066 5068 5067
f 5067 5068 5045
f 5068 5046 5045
f 5069 5070 5071
f 5070 5072 5071
f 5071 5072 5073
f 5072 5074 5073
f 5073 5074 5075
f 5074 5076 5075
f 5075 5076 5077
f 5076 5078 5077
f 5077 5078 5079
f 5078 5080 5079
f 5079 5080 5081
f 5080 5082 5081
f 5081 5082 5083
f 5082 5084 5083
f 5083 5084 5085
f 5084 5086 5085
f 5085 5086 5087
f 5086 5088 5087
f 5087 5088 5089
f 5088 5090 5089
f 5089 5090 5091
f 5090 5092 5091
f 5091 5092 5069
f 5092 5070 5069
f 5093 5094 5095
f 5094 5096 5095
f 5095 5096 5097
f 5096 5098 5097
f 5097 5098 5099
f 5098 5100 5099
f 5099 5100 5101
f 5100 5102 5101
f 5101 5102 5103
f 5102 5104 5103
f 5103 5104 5105
f 5104 5106 5105
f 5105 5106 5107
f 5106 5108 5107
f 5107 5108 5109
f 5108 5110 5109
f 5109 5110 5111
f 5110 5112 5111
f 5111 5112 5113
f 5112 5114 5113
f 5113 5114 5115
f 5114 5116 5115
f 5115 5116 5093
f 5116 5094 5093
f 5117 5118 5119
f 5118 5120 5119
f 5119 5120 5121
f 5120 5122 5121
f 5121 5122 5123
f 5122 5124 5123
f 5123 5124 5125
f 5124 5126 5125
f 5125 5126 5127
f 5126 5128 5127
f 5127 5128 5129
f 5128 5130 5129
f 5129 5130 5131
f 5130 5132 5131
f 5131 5132 5133
f 5132 5134 5133
f 5133 5134 5135
f 5134 5136 5135
f 5135 5136 5137
f 5136 5138 5137
f 5137 5138 5139
f 5138 5140 5139
f 5139 5140 5117
f 5140 5118 5117
f 5141 5142 5143
f 5142 5144 5143
f 5143 5144 5145
f 5144 5146 5145
f 5145 5146 5147
f 5146 5148 5147
f 5147 5148 5149
f 5148 5150 5149
f 5149 5150 5151
f 5150 5152 5151
f 5151 5152 5153
f 5152 5154 5153
f 5153 5154 5155
f 5154 5156 5155
f 5155 5156 5157
f 5156 5158 5157
f 5157 5158 5159
f 5158 5160 5159
f 5159 5160 5161
f 5160 5162 5161
f 5161 5162 5163
f 5162 5164 5163
f 5163 5164 5141
f 5164 5142 5141
f 5165 5166 5167
f 5166 5168 5167
f 5167 5168 5169
f 5168 5170 5169
f 5169 5170 5171
f 5170 5172 5171
f 5171 5172 5173
f 5172 5174 5173
f 5173 5174 5175
f 5174 5176 5175
f 5175 5176 5177
f 5176 5178 5177
f 5177 5178 5179
f 5178 5180 5179
f 5179 5180 5181
f 5180 5182 5181
f 5181 5182 5183
f 5182 5184 5183
f 5183 5184 5185
f 5184 5186 5185
f 5185 5186 5187
f 5186 5188 5187
f 5187 5188 5165
f 5188 5166 5165
f 5189 5190 5191
f 5190 5192 5191
f 5191 5192 5193
f 5192 5194 5193
f 5193 5194 5195
f 5194 5196 5195
f 5195 5196 5197
f 5196 5198 5197
f 5197 5198 5199
f 5198 5200 5199
f 5199 5200 5201
f 5200 5202 5201
f 5201 5202 5203
f 5202 5204 5203
f 5203 5204 5205
f 5204 5206 5205
f 5205 5206 5207
f 5206 5208 5207
f 5207 5208 5209
f 5208 5210 5209
f 5209 5210 5211
f 5210 5212 5211
f 5211 5212 5189
f 5212 5190 5189
f 5081 5213 5079
f 5213 5214 5079
f 5079 5214 5077
f 5214 5215 5077
f 5077 5215 5216
f 5215 5217 5216
f 5216 5217 5073
f 5217 5218 5073
f 5073 5218 5071
f 5218 5219 5071
f 5071 5219 5069
f 5219 5220 5069
f 5069 5220 5091
f 5220 5221 5091
f 5091 5221 5089
f 5221 5222 5089
f 5089 5222 5223
f 5222 5224 5223
f 5223 5224 5085
f 5224 5225 5085
f 5085 5225 5083
f 5225 5226 5083
f 5083 5226 5081
f 5226 5213 5081
f 5226 5227 5213
f 5227 5228 5213
f 5213 5228 5214
f 5228 5229 5214
f 5214 5229 5215
f 5229 5230 5215
f 5215 5230 5217
f 5230 5231 5217
f 5217 5231 5218
f 5231 5232 5218
f 5218 5232 5219
f 5232 5233 5219
f 5219 5233 5220
f 5233 5234 5220
f 5220 5234 5221
f 5234 5235 5221
f 5221 5235 5222
f 5235 5236 5222
f 5222 5236 5224
f 5236 5237 5224
f 5224 5237 5225
f 5237 5238 5225
f 5225 5238 5226
f 5238 5227 5226
f 5238 5048 5227
f 5048 5046 5227
f 5227 5046 5228
f 5046 5068 5228
f 5228 5068 5229
f 5068 5066 5229
f 5229 5066 5230
f 5066 5064 5230
f 5230 5064 5231
f 5064 5062 5231
f 5231 5062 5232
f 5062 5060 5232
f 5232 5060 5233
f 5060 5058 5233
f 5233 5058 5234
f 5058 5056 5234
f 5234 5056 5235
f 5056 5054 5235
f 5235 5054 5236
f 5054 5052 5236
f 5236 5052 5237
f 5052 5050 5237
f 5237 5050 5238
f 5050 5048 5238
f 5038 5239 5040
f 5239 5240 5040
f 5040 5240 5042
f 5240 5241 5042
f 5042 5241 5044
f 5241 5242 5044
f 5044 5242 5022
f 5242 5243 5022
f 5022 5243 5244
f 5243 5245 5244
f 5244 5245 5246
f 5245 5247 5246
f 5246 5247 5248
f 5247 5249 5248
f 5248 5249 5250
f 5249 5251 5250
f 5250 5251 5252
f 5251 5253 5252
f 5252 5253 5254
f 5253 5255 5254
f 5254 5255 5256
f 5255 5257 5256
f 5256 5257 5038
f 5257 5239 5038
f 5257 5258 5239
f 5258 5259 5239
f 5239 5259 5240
f 5259 5260 5240
f 5240 5260 5241
f 5260 5261 5241
f 5241 5261 5242
f 5261 5262 5242
f 5242 5262 5243
f 5262 5263 5243
f 5243 5263 5245
f 5263 5264 5245
f 5245 5264 5247
f 5264 5265 5247
f 5247 5265 5249
f 5265 5266 5249
f 5249 5266 5251
f 5266 5267 5251
f 5251 5267 5253
f 5267 5268 5253
f 5253 5268 5255
f 5268 5269 5255
f 5255 5269 5257
f 5269 5258 5257
f 5269 5078 5258
f 5078 5076 5258
f 5258 5076 5259
f 5076 5270 5259
f 5259 5270 5260
f 5270 5072 5260
f 5260 5072 5261
f 5072 5070 5261
f 5261 5070 5262
f 5070 5092 5262
f 5262 5092 5263
f 5092 5090 5263
f 5263 5090 5264
f 5090 5088 5264
f 5264 5088 5265
f 5088 5271 5265
f 5265 5271 5266
f 5271 5084 5266
f 5266 5084 5267
f 5084 5082 5267
f 5267 5082 5268
f 5082 5080 5268
f 5268 5080 5269
f 5080 5078 5269
f 5272 5273 5274
f 5273 5275 5274
f 5274 5275 5276
f 5275 5277 5276
f 5276 5277 5278
f 5277 5279 5278
f 5278 5279 5280
f 5279 5281 5280
f 5280 5281 5282
f 5281 5283 5282
f 5282 5283 5284
f 5283 5285 5284
f 5284 5285 5286
f 5285 5287 5286
f 5286 5287 5288
f 5287 5289 5288
f 5288 5289 5290
f 5289 5291 5290
f 5290 5291 5292
f 5291 5293 5292
f 5292 5293 5294
f 5293 5295 5294
f 5294 5295 5272
f 5295 5273 5272
f 5296 5297 5298
f 5297 5299 5298
f 5298 5299 5300
f 5299 5301 5300
f 5300 5301 5302
f 5301 5303 5302
f 5302 5303 5304
f 5303 5305 5304
f 5304 5305 5306
f 5305 5307 5306
f 5306 5307 5308
f 5307 5309 5308
f 5308 5309 5310
f 5309 5311 5310
f 5310 5311 5312
f 5311 5313 5312
f 5312 5313 5314
f 5313 5315 5314
f 5314 5315 5316
f 5315 5317 5316
f 5316 5317 5318
f 5317 5319 5318
f 5318 5319 5296
f 5319 5297 5296
f 5320 5321 5322
f 5321 5323 5322
f 5322 5323 5324
f 5323 5325 5324
f 5324 5325 5326
f 5325 5327 5326
f 5326 5327 5328
f 5327 5329 5328
f 5328 5329 5330
f 5329 5331 5330
f 5330 5331 5332
f 5331 5333 5332
f 5332 5333 5334
f 5333 5335 5334
f 5334 5335 5336
f 5335 5337 5336
f 5336 5337 5338
f 5337 5339 5338
f 5338 5339 5340
f 5339 5341 5340
f 5340 5341 5342
f 5341 5343 5342
f 5342 5343 5320
f 5343 5321 5320
f 5344 5345 5346
f 5345 5347 5346
f 5346 5347 5348
f 5347 5349 5348
f 5348 5349 5350
f 5349 5351 5350
f 5350 5351 5352
f 5351 5353 5352
f 5352 5353 5354
f 5353 5355 5354
f 5354 5355 5356
f 5355 5357 5356
f 5356 5357 5358
f 5357 5359 5358
f 5358 5359 5360
f 5359 5361 5360
f 5360 5361 5362
f 5361 5363 5362
f 5362 5363 5364
f 5363 5365 5364
f 5364 5365 5366
f 5365 5367 5366
f 5366 5367 5344
f 5367 5345 5344
f 5368 5369 5370
f 5369 5371 5370
f 5370 5371 5372
f 5371 5373 5372
f 5372 5373 5374
f 5373 5375 5374
f 5374 5375 5376
f 5375 5377 5376
f 5376 5377 5378
f 5377 5379 5378
f 5378 5379 5380
f 5379 5381 5380
f 5380 5381 5382
f 5381 5383 5382
f 5382 5383 5384
f 5383 5385 5384
f 5384 5385 5386
f 5385 5387 5386
f 5386 5387 5388
f 5387 5389 5388
f 5388 5389 5390
f 5389 5391 5390
f 5390 5391 5368
f 5391 5369 5368
f 5392 5393 5394
f 5393 5395 5394
f 5394 5395 5396
f 5395 5397 5396
f 5396 5397 5398
f 5397 5399 5398
f 5398 5399 5400
f 5399 5401 5400
f 5400 5401 5402
f 5401 5403 5402
f 5402 5403 5404
f 5403 5405 5404
f 5404 5405 5406
f 5405 5407 5406
f 5406 5407 5408
f 5407 5409 5408
f 5408 5409 5410
f 5409 5411 5410
f 5410 5411 5412
f 5411 5413 5412
f 5412 5413 5414
f 5413 5415 5414
f 5414 5415 5392
f 5415 5393 5392
f 5416 5417 5418
f 5417 5419 5418
f 5418 5419 5420
f 5419 5421 5420
f 5420 5421 5422
f 5421 5423 5422
f 5422 5423 5424
f 5423 5425 5424
f 5424 5425 5426
f 5425 5427 5426
f 5426 5427 5428
f 5427 5429 5428
f 5428 5429 5430
f 5429 5431 5430
f 5430 5431 5432
f 5431 5433 5432
f 5432 5433 5434
f 5433 5435 5434
f 5434 5435 5436
f 5435 5437 5436
f 5436 5437 5438
f 5437 5439 5438
f 5438 5439 5416
f 5439 5417 5416
f 5440 5441 5442
f 5441 5443 5442
f 5442 5443 5444
f 5443 5445 5444
f 5444 5445 5446
f 5445 5447 5446
f 5446 5447 5448
f 5447 5449 5448
f 5448 5449 5450
f 5449 5451 5450
f 5450 5451 5452
f 5451 5453 5452
f 5452 5453 5454
f 5453 5455 5454
f 5454 5455 5456
f 5455 5457 5456
f 5456 5457 5458
f 5457 5459 5458
f 5458 5459 5460
f 5459 5461 5460
f 5460 5461 5462
f 5461 5463 5462
f 5462 5463 5440
f 5463 5441 5440
f 5332 5464 5330
f 5464 5465 5330
f 5330 5465 5328
f 5465 5466 5328
f 5328 5466 5467
f 5466 5468 5467
f 5467 5468 5324
f 5468 5469 5324
f 5324 5469 5322
f 5469 5470 5322
f 5322 5470 5320
f 5470 5471 5320
f 5320 5471 5342
f 5471 5472 5342
f 5342 5472 5340
f 5472 5473 5340
f 5340 5473 5474
f 5473 5475 5474
f 5474 5475 5336
f 5475 5476 5336
f 5336 5476 5334
f 5476 5477 5334
f 5334 5477 5332
f 5477 5464 5332
f 5477 5478 5464
f 5478 5479 5464
f 5464 5479 5465
f 5479 5480 5465
f 5465 5480 5466
f 5480 5481 5466
f 5466 5481 5468
f 5481 5482 5468
f 5468 5482 5469
f 5482 5483 5469
f 5469 5483 5470
f 5483 5484 5470
f 5470 5484 5471
f 5484 5485 5471
f 5471 5485 5472
f 5485 5486 5472
f 5472 5486 5473
f 5486 5487 5473
f 5473 5487 5475
f 5487 5488 5475
f 5475 5488 5476
f 5488 5489 5476
f 5476 5489 5477
f 5489 5478 5477
f 5489 5299 5478
f 5299 5297 5478
f 5478 5297 5479
f 5297 5319 5479
f 5479 5319 5480
f 5319 5317 5480
f 5480 5317 5481
f 5317 5315 5481
f 5481 5315 5482
f 5315 5313 5482
f 5482 5313 5483
f 5313 5311 5483
f 5483 5311 5484
f 5311 5309 5484
f 5484 5309 5485
f 5309 5307 5485
f 5485 5307 5486
f 5307 5305 5486
f 5486 5305 5487
f 5305 5303 5487
f 5487 5303 5488
f 5303 5301 5488
f 5488 5301 5489
f 5301 5299 5489
f 5289 5490 5291
f 5490 5491 5291
f 5291 5491 5293
f 5491 5492 5293
f 5293 5492 5295
f 5492 5493 5295
f 5295 5493 5273
f 5493 5494 5273
f 5273 5494 5495
f 5494 5496 5495
f 5495 5496 5497
f 5496 5498 5497
f 5497 5498 5499
f 5498 5500 5499
f 5499 5500 5501
f 5500 5502 5501
f 5501 5502 5503
f 5502 5504 5503
f 5503 5504 5505
f 5504 5506 5505
f 5505 5506 5507
f 5506 5508 5507
f 5507 5508 5289
f 5508 5490 5289
f 5508 5509 5490
f 5509 5510 5490
f 5490 5510 5491
f 5510 5511 5491
f 5491 5511 5492
f 5511 5512 5492
f 5492 5512 5493
f 5512 5513 5493
f 5493 5513 5494
f 5513 5514 5494
f 5494 5514 5496
f 5514 5515 5496
f 5496 5515 5498
f 5515 5516 5498
f 5498 5516 5500
f 5516 5517 5500
f 5500 5517 5502
f 5517 5518 5502
f 5502 5518 5504
f 5518 5519 5504
f 5504 5519 5506
f 5519 5520 5506
f 5506 5520 5508
f 5520 5509 5508
f 5520 5329 5509
f 5329 5327 5509
f 5509 5327 5510
f 5327 5521 5510
f 5510 5521 5511
f 5521 5323 5511
f 5511 5323 5512
f 5323 5321 5512
f 5512 5321 5513
f 5321 5343 5513
f 5513 5343 5514
f 5343 5341 5514
f 5514 5341 5515
f 5341 5339 5515
f 5515 5339 5516
f 5339 5522 5516
f 5516 5522 5517
f 5522 5335 5517
f 5517 5335 5518
f 5335 5333 5518
f 5518 5333 5519
f 5333 5331 5519
f 5519 5331 5520
f 5331 5329 5520
f 5523 5524 5525
f 5524 5526 5525
f 5525 5526 5527
f 5526 5528 5527
f 5527 5528 5529
f 5528 5530 5529
f 5529 5530 5531
f 5530 5532 5531
f 5531 5532 5533
f 5532 5534 5533
f 5533 5534 5535
f 5534 5536 5535
f 5535 5536 5537
f 5536 5538 5537
f 5537 5538 5539
f 5538 5540 5539
f 5539 5540 5541
f 5540 5542 5541
f 5541 5542 5543
f 5542 5544 5543
f 5543 5544 5545
f 5544 5546 5545
f 5545 5546 5523
f 5546 5524 5523
f 5547 5548 5549
f 5548 5550 5549
f 5549 5550 5551
f 5550 5552 5551
f 5551 5552 5553
f 5552 5554 5553
f 5553 5554 5555
f 5554 5556 5555
f 5555 5556 5557
f 5556 5558 5557
f 5557 5558 5559
f 5558 5560 5559
f 5559 5560 5561
f 5560 5562 5561
f 5561 5562 5563
f 5562 5564 5563
f 5563 5564 5565
f 5564 5566 5565
f 5565 5566 5567
f 5566 5568 5567
f 5567 5568 5569
f 5568 5570 5569
f 5569 5570 5547
f 5570 5548 5547
f 5571 5572 5573
f 5572 5574 5573
f 5573 5574 5575
f 5574 5576 5575
f 5575 5576 5577
f 5576 5578 5577
f 5577 5578 5579
f 5578 5580 5579
f 5579 5580 5581
f 5580 5582 5581
f 5581 5582 5583
f 5582 5584 5583
f 5583 5584 5585
f 5584 5586 5585
f 5585 5586 5587
f 5586 5588 5587
f 5587 5588 5589
f 5588 5590 5589
f 5589 5590 5591
f 5590 5592 5591
f 5591 5592 5593
f 5592 5594 5593
f 5593 5594 5571
f 5594 5572 5571
f 5595 5596 5597
f 5596 5598 5597
f 5597 5598 5599
f 5598 5600 5599
f 5599 5600 5601
f 5600 5602 5601
f 5601 5602 5603
f 5602 5604 5603
f 5603 5604 5605
f 5604 5606 5605
f 5605 5606 5607
f 5606 5608 5607
f 5607 5608 5609
f 5608 5610 5609
f 5609 5610 5611
f 5610 5612 5611
f 5611 5612 5613
f 5612 5614 5613
f 5613 5614 5615
f 5614 5616 5615
f 5615 5616 5617
f 5616 5618 5617
f 5617 5618 5595
f 5618 5596 5595
f 5619 5620 5621
f 5620 5622 5621
f 5621 5622 5623
f 5622 5624 5623
f 5623 5624 5625
f 5624 5626 5625
f 5625 5626 5627
f 5626 5628 5627
f 5627 5628 5629
f 5628 5630 5629
f 5629 5630 5631
f 5630 5632 5631
f 5631 5632 5633
f 5632 5634 5633
f 5633 5634 5635
f 5634 5636 5635
f 5635 5636 5637
f 5636 5638 5637
f 5637 5638 5639
f 5638 5640 5639
f 5639 5640 5641
f 5640 5642 5641
f 5641 5642 5619
f 5642 5620 5619
f 5643 5644 5645
f 5644 5646 5645
f 5645 5646 5647
f 5646 5648 5647
f 5647 5648 5649
f 5648 5650 5649
f 5649 5650 5651
f 5650 5652 5651
f 5651 5652 5653
f 5652 5654 5653
f 5653 5654 5655
f 5654 5656 5655
f 5655 5656 5657
f 5656 5658 5657
f 5657 5658 5659
f 5658 5660 5659
f 5659 5660 5661
f 5660 5662 5661
f 5661 5662 5663
f 5662 5664 5663
f 5663 5664 5665
f 5664 5666 5665
f 5665 5666 5643
f 5666 5644 5643
f 5667 5668 5669
f 5668 5670 5669
f 5669 5670 5671
f 5670 5672 5671
f 5671 5672 5673
f 5672 5674 5673
f 5673 5674 5675
f 5674 5676 5675
f 5675 5676 5677
f 5676 5678 5677
f 5677 5678 5679
f 5678 5680 5679
f 5679 5680 5681
f 5680 5682 5681
f 5681 5682 5683
f 5682 5684 5683
f 5683 5684 5685
f 5684 5686 5685
f 5685 5686 5687
f 5686 5688 5687
f 5687 5688 5689
f 5688 5690 5689
f 5689 5690 5667
f 5690 5668 5667
f 5691 5692 5693
f 5692 5694 5693
f 5693 5694 5695
f 5694 5696 5695
f 5695 5696 5697
f 5696 5698 5697
f 5697 5698 5699
f 5698 5700 5699
f 5699 5700 5701
f 5700 5702 5701
f 5701 5702 5703
f 5702 5704 5703
f 5703 5704 5705
f 5704 5706 5705
f 5705 5706 5707
f 5706 5708 5707
f 5707 5708 5709
f 5708 5710 5709
f 5709 5710 5711
f 5710 5712 5711
f 5711 5712 5713
f 5712 5714 5713
f 5713 5714 5691
f 5714 5692 5691
f 5583 5715 5581
f 5715 5716 5581
f 5581 5716 5579
f 5716 5717 5579
f 5579 5717 5718
f 5717 5719 5718
f 5718 5719 5575
f 5719 5720 5575
f 5575 5720 5573
f 5720 5721 5573
f 5573 5721 5571
f 5721 5722 5571
f 5571 5722 5593
f 5722 5723 5593
f 5593 5723 5591
f 5723 5724 5591
f 5591 5724 5725
f 5724 5726 5725
f 5725 5726 5587
f 5726 5727 5587
f 5587 5727 5585
f 5727 5728 5585
f 5585 5728 5583
f 5728 5715 5583
f 5728 5729 5715
f 5729 5730 5715
f 5715 5730 5716
f 5730 5731 5716
f 5716 5731 5717
f 5731 5732 5717
f 5717 5732 5719
f 5732 5733 5719
f 5719 5733 5720
f 5733 5734 5720
f 5720 5734 5721
f 5734 5735 5721
f 5721 5735 5722
f 5735 5736 5722
f 5722 5736 5723
f 5736 5737 5723
f 5723 5737 5724
f 5737 5738 5724
f 5724 5738 5726
f 5738 5739 5726
f 5726 5739 5727
f 5739 5740 5727
f 5727 5740 5728
f 5740 5729 5728
f 5740 5550 5729
f 5550 5548 5729
f 5729 5548 5730
f 5548 5570 5730
f 5730 5570 5731
f 5570 5568 5731
f 5731 5568 5732
f 5568 5566 5732
f 5732 5566 5733
f 5566 5564 5733
f 5733 5564 5734
f 5564 5562 5734
f 5734 5562 5735
f 5562 5560 5735
f 5735 5560 5736
f 5560 5558 5736
f 5736 5558 5737
f 5558 5556 5737
f 5737 5556 5738
f 5556 5554 5738
f 5738 5554 5739
f 5554 5552 5739
f 5739 5552 5740
f 5552 5550 5740
f 5540 5741 5542
f 5741 5742 5542
f 5542 5742 5544
f 5742 5743 5544
f 5544 5743 5546
f 5743 5744 5546
f 5546 5744 5524
f 5744 5745 5524
f 5524 5745 5746
f 5745 5747 5746
f 5746 5747 5748
f 5747 5749 5748
f 5748 5749 5750
f 5749 5751 5750
f 5750 5751 5752
f 5751 5753 5752
f 5752 5753 5754
f 5753 5755 5754
f 5754 5755 5756
f 5755 5757 5756
f 5756 5757 5758
f 5757 5759 5758
f 5758 5759 5540
f 5759 5741 5540
f 5759 5760 5741
f 5760 5761 5741
f 5741 5761 5742
f 5761 5762 5742
f 5742 5762 5743
f 5762 5763 5743
f 5743 5763 5744
f 5763 5764 5744
f 5744 5764 5745
f 5764 5765 5745
f 5745 5765 5747
f 5765 5766 5747
f 5747 5766 5749
f 5766 5767 5749
f 5749 5767 5751
f 5767 5768 5751
f 5751 5768 5753
f 5768 5769 5753
f 5753 5769 5755
f 5769 5770 5755
f 5755 5770 5757
f 5770 5771 5757
f 5757 5771 5759
f 5771 5760 5759
f 5771 5580 5760
f 5580 5578 5760
f 5760 5578 5761
f 5578 5772 5761
f 5761 5772 5762
f 5772 5574 5762
f 5762 5574 5763
f 5574 5572 5763
f 5763 5572 5764
f 5572 5594 5764
f 5764 5594 5765
f 5594 5592 5765
f 5765 5592 5766
f 5592 5590 5766
f 5766 5590 5767
f 5590 5773 5767
f 5767 5773 5768
f 5773 5586 5768
f 5768 5586 5769
f 5586 5584 5769
f 5769 5584 5770
f 5584 5582 5770
f 5770 5582 5771
f 5582 5580 5771
f 5774 5775 5776
f 5775 5777 5776
f 5776 5777 5778
f 5777 5779 5778
f 5778 5779 5780
f 5779 5781 5780
f 5780 5781 5782
f 5781 5783 5782
f 5782 5783 5784
f 5783 5785 5784
f 5784 5785 5786
f 5785 5787 5786
f 5786 5787 5788
f 5787 5789 5788
f 5788 5789 5790
f 5789 5791 5790
f 5790 5791 5792
f 5791 5793 5792
f 5792 5793 5794
f 5793 5795 5794
f 5794 5795 5796
f 5795 5797 5796
f 5796 5797 5774
f 5797 5775 5774
f 5798 5799 5800
f 5799 5801 5800
f 5800 5801 5802
f 5801 5803 5802
f 5802 5803 5804
f 5803 5805 5804
f 5804 5805 5806
f 5805 5807 5806
f 5806 5807 5808
f 5807 5809 5808
f 5808 5809 5810
f 5809 5811 5810
f 5810 5811 5812
f 5811 5813 5812
f 5812 5813 5814
f 5813 5815 5814
f 5814 5815 5816
f 5815 5817 5816
f 5816 5817 5818
f 5817 5819 5818
f 5818 5819 5820
f 5819 5821 5820
f 5820 5821 5798
f 5821 5799 5798
f 5822 5823 5824
f 5823 5825 5824
f 5824 5825 5826
f 5825 5827 5826
f 5826 5827 5828
f 5827 5829 5828
f 5828 5829 5830
f 5829 5831 5830
f 5830 5831 5832
f 5831 5833 5832
f 5832 5833 5834
f 5833 5835 5834
f 5834 5835 5836
f 5835 5837 5836
f 5836 5837 5838
f 5837 5839 5838
f 5838 5839 5840
f 5839 5841 5840
f 5840 5841 5842
f 5841 5843 5842
f 5842 5843 5844
f 5843 5845 5844
f 5844 5845 5822
f 5845 5823 5822
f 5846 5847 5848
f 5847 5849 5848
f 5848 5849 5850
f 5849 5851 5850
f 5850 5851 5852
f 5851 5853 5852
f 5852 5853 5854
f 5853 5855 5854
f 5854 5855 5856
f 5855 5857 5856
f 5856 5857 5858
f 5857 5859 5858
f 5858 5859 5860
f 5859 5861 5860
f 5860 5861 5862
f 5861 5863 5862
f 5862 5863 5864
f 5863 5865 5864
f 5864 5865 5866
f 5865 5867 5866
f 5866 5867 5868
f 5867 5869 5868
f 5868 5869 5846
f 5869 5847 5846
f 5870 5871 5872
f 5871 5873 5872
f 5872 5873 5874
f 5873 5875 5874
f 5874 5875 5876
f 5875 5877 5876
f 5876 5877 5878
f 5877 5879 5878
f 5878 5879 5880
f 5879 5881 5880
f 5880 5881 5882
f 5881 5883 5882
f 5882 5883 5884
f 5883 5885 5884
f 5884 5885 5886
f 5885 5887 5886
f 5886 5887 5888
f 5887 5889 5888
f 5888 5889 5890
f 5889 5891 5890
f 5890 5891 5892
f 5891 5893 5892
f 5892 5893 5870
f 5893 5871 5870
f 5894 5895 5896
f 5895 5897 5896
f 5896 5897 5898
f 5897 5899 5898
f 5898 5899 5900
f 5899 5901 5900
f 5900 5901 5902
f 5901 5903 5902
f 5902 5903 5904
f 5903 5905 5904
f 5904 5905 5906
f 5905 5907 5906
f 5906 5907 5908
f 5907 5909 5908
f 5908 5909 5910
f 5909 5911 5910
f 5910 5911 5912
f 5911 5913 5912
f 5912 5913 5914
f 5913 5915 5914
f 5914 5915 5916
f 5915 5917 5916
f 5916 5917 5894
f 5917 5895 5894
f 5918 5919 5920
f 5919 5921 5920
f 5920 5921 5922
f 5921 5923 5922
f 5922 5923 5924
f 5923 5925 5924
f 5924 5925 5926
f 5925 5927 5926
f 5926 5927 5928
f 5927 5929 5928
f 5928 5929 5930
f 5929 5931 5930
f 5930 5931 5932
f 5931 5933 5932
f 5932 5933 5934
f 5933 5935 5934
f 5934 5935 5936
f 5935 5937 5936
f 5936 5937 5938
f 5937 5939 5938
f 5938 5939 5940
f 5939 5941 5940
f 5940 5941 5918
f 5941 5919 5918
f 5942 5943 5944
f 5943 5945 5944
f 5944 5945 5946
f 5945 5947 5946
f 5946 5947 5948
f 5947 5949 5948
f 5948 5949 5950
f 5949 5951 5950
f 5950 5951 5952
f 5951 5953 5952
f 5952 5953 5954
f 5953 5955 5954
f 5954 5955 5956
f 5955 5957 5956
f 5956 5957 5958
f 5957 5959 5958
f 5958 5959 5960
f 5959 5961 5960
f 5960 5961 5962
f 5961 5963 5962
f 5962 5963 5964
f 5963 5965 5964
f 5964 5965 5942
f 5965 5943 5942
f 5834 5966 5832
f 5966 5967 5832
f 5832 5967 5830
f 5967 5968 5830
f 5830 5968 5969
f 5968 5970 5969
f 5969 5970 5826
f 5970 5971 5826
f 5826 5971 5824
f 5971 5972 5824
f 5824 5972 5822
f 5972 5973 5822
f 5822 5973 5844
f 5973 5974 5844
f 5844 5974 5842
f 5974 5975 5842
f 5842 5975 5976
f 5975 5977 5976
f 5976 5977 5838
f 5977 5978 5838
f 5838 5978 5836
f 5978 5979 5836
f 5836 5979 5834
f 5979 5966 5834
f 5979 5980 5966
f 5980 5981 5966
f 5966 5981 5967
f 5981 5982 5967
f 5967 5982 5968
f 5982 5983 5968
f 5968 5983 5970
f 5983 5984 5970
f 5970 5984 5971
f 5984 5985 5971
f 5971 5985 5972
f 5985 5986 5972
f 5972 5986 5973
f 5986 5987 5973
f 5973 5987 5974
f 5987 5988 5974
f 5974 5988 5975
f 5988 5989 5975
f 5975 5989 5977
f 5989 5990 5977
f 5977 5990 5978
f 5990 5991 5978
f 5978 5991 5979
f 5991 5980 5979
f 5991 5801 5980
f 5801 5799 5980
f 5980 5799 5981
f 5799 5821 5981
f 5981 5821 5982
f 5821 5819 5982
f 5982 5819 5983
f 5819 5817 5983
f 5983 5817 5984
f 5817 5815 5984
f 5984 5815 5985
f 5815 5813 5985
f 5985 5813 5986
f 5813 5811 5986
f 5986 5811 5987
f 5811 5809 5987
f 5987 5809 5988
f 5809 5807 5988
f 5988 5807 5989
f 5807 5805 5989
f 5989 5805 5990
f 5805 5803 5990
f 5990 5803 5991
f 5803 5801 5991
f 5791 5992 5793
f 5992 5993 5793
f 5793 5993 5795
f 5993 5994 5795
f 5795 5994 5797
f 5994 5995 5797
f 5797 5995 5775
f 5995 5996 5775
f 5775 5996 5997
f 5996 5998 5997
f 5997 5998 5999
f 5998 6000 5999
f 5999 6000 6001
f 6000 6002 6001
f 6001 6002 6003
f 6002 6004 6003
f 6003 6004 6005
f 6004 6006 6005
f 6005 6006 6007
f 6006 6008 6007
f 6007 6008 6009
f 6008 6010 6009
f 6009 6010 5791
f 6010 5992 5791
f 6010 6011 5992
f 6011 6012 5992
f 5992 6012 5993
f 6012 6013 5993
f 5993 6013 5994
f 6013 6014 5994
f 5994 6014 5995
f 6014 6015 5995
f 5995 6015 5996
f 6015 6016 5996
f 5996 6016 5998
f 6016 6017 5998
f 5998 6017 6000
f 6017 6018 6000
f 6000 6018 6002
f 6018 6019 6002
f 6002 6019 6004
f 6019 6020 6004
f 6004 6020 6006
f 6020 6021 6006
f 6006 6021 6008
f 6021 6022 6008
f 6008 6022 6010
f 6022 6011 6010
f 6022 5831 6011
f 5831 5829 6011
f 6011 5829 6012
f 5829 6023 6012
f 6012 6023 6013
f 6023 5825 6013
f 6013 5825 6014
f 5825 5823 6014
f 6014 5823 6015
f 5823 5845 6015
f 6015 5845 6016
f 5845 5843 6016
f 6016 5843 6017
f 5843 5841 6017
f 6017 5841 6018
f 5841 6024 6018
f 6018 6024 6019
f 6024 5837 6019
f 6019 5837 6020
f 5837 5835 6020
f 6020 5835 6021
f 5835 5833 6021
f 6021 5833 6022
f 5833 5831 6022
f 6025 6026 6027
f 6026 6028 6027
f 6027 6028 6029
f 6028 6030 6029
f 6029 6030 6031
f 6030 6032 6031
f 6031 6032 6033
f 6032 6034 6033
f 6033 6034 6035
f 6034 6036 6035
f 6035 6036 6037
f 6036 6038 6037
f 6037 6038 6039
f 6038 6040 6039
f 6039 6040 6041
f 6040 6042 6041
f 6041 6042 6043
f 6042 6044 6043
f 6043 6044 6045
f 6044 6046 6045
f 6045 6046 6047
f 6046 6048 6047
f 6047 6048 6025
f 6048 6026 6025
f 6049 6050 6051
f 6050 6052 6051
f 6051 6052 6053
f 6052 6054 6053
f 6053 6054 6055
f 6054 6056 6055
f 6055 6056 6057
f 6056 6058 6057
f 6057 6058 6059
f 6058 6060 6059
f 6059 6060 6061
f 6060 6062 6061
f 6061 6062 6063
f 6062 6064 6063
f 6063 6064 6065
f 6064 6066 6065
f 6065 6066 6067
f 6066 6068 6067
f 6067 6068 6069
f 6068 6070 6069
f 6069 6070 6071
f 6070 6072 6071
f 6071 6072 6049
f 6072 6050 6049
f 6073 6074 6075
f 6074 6076 6075
f 6075 6076 6077
f 6076 6078 6077
f 6077 6078 6079
f 6078 6080 6079
f 6079 6080 6081
f 6080 6082 6081
f 6081 6082 6083
f 6082 6084 6083
f 6083 6084 6085
f 6084 6086 6085
f 6085 6086 6087
f 6086 6088 6087
f 6087 6088 6089
f 6088 6090 6089
f 6089 6090 6091
f 6090 6092 6091
f 6091 6092 6093
f 6092 6094 6093
f 6093 6094 6095
f 6094 6096 6095
f 6095 6096 6073
f 6096 6074 6073
f 6097 6098 6099
f 6098 6100 6099
f 6099 6100 6101
f 6100 6102 6101
f 6101 6102 6103
f 6102 6104 6103
f 6103 6104 6105
f 6104 6106 6105
f 6105 6106 6107
f 6106 6108 6107
f 6107 6108 6109
f 6108 6110 6109
f 6109 6110 6111
f 6110 6112 6111
f 6111 6112 6113
f 6112 6114 6113
f 6113 6114 6115
f 6114 6116 6115
f 6115 6116 6117
f 6116 6118 6117
f 6117 6118 6119
f 6118 6120 6119
f 6119 6120 6097
f 6120 6098 6097
f 6121 6122 6123
f 6122 6124 6123
f 6123 6124 6125
f 6124 6126 6125
f 6125 6126 6127
f 6126 6128 6127
f 6127 6128 6129
f 6128 6130 6129
f 6129 6130 6131
f 6130 6132 6131
f 6131 6132 6133
f 6132 6134 6133
f 6133 6134 6135
f 6134 6136 6135
f 6135 6136 6137
f 6136 6138 6137
f 6137 6138 6139
f 6138 6140 6139
f 6139 6140 6141
f 6140 6142 6141
f 6141 6142 6143
f 6142 6144 6143
f 6143 6144 6121
f 6144 6122 6121
f 6145 6146 6147
f 6146 6148 6147
f 6147 6148 6149
f 6148 6150 6149
f 6149 6150 6151
f 6150 6152 6151
f 6151 6152 6153
f 6152 6154 6153
f 6153 6154 6155
f 6154 6156 6155
f 6155 6156 6157
f 6156 6158 6157
f 6157 6158 6159
f 6158 6160 6159
f 6159 6160 6161
f 6160 6162 6161
f 6161 6162 6163
f 6162 6164 6163
f 6163 6164 6165
f 6164 6166 6165
f 6165 6166 6167
f 6166 6168 6167
f 6167 6168 6145
f 6168 6146 6145
f 6169 6170 6171
f 6170 6172 6171
f 6171 6172 6173
f 6172 6174 6173
f 6173 6174 6175
f 6174 6176 6175
f 6175 6176 6177
f 6176 6178 6177
f 6177 6178 6179
f 6178 6180 6179
f 6179 6180 6181
f 6180 6182 6181
f 6181 6182 6183
f 6182 6184 6183
f 6183 6184 6185
f 6184 6186 6185
f 6185 6186 6187
f 6186 6188 6187
f 6187 6188 6189
f 6188 6190 6189
f 6189 6190 6191
f 6190 6192 6191
f 6191 6192 6169
f 6192 6170 6169
f 6193 6194 6195
f 6194 6196 6195
f 6195 6196 6197
f 6196 6198 6197
f 6197 6198 6199
f 6198 6200 6199
f 6199 6200 6201
f 6200 6202 6201
f 6201 6202 6203
f 6202 6204 6203
f 6203 6204 6205
f 6204 6206 6205
f 6205 6206 6207
f 6206 6208 6207
f 6207 6208 6209
f 6208 6210 6209
f 6209 6210 6211
f 6210 6212 6211
f 6211 6212 6213
f 6212 6214 6213
f 6213 6214 6215
f 6214 6216 6215
f 6215 6216 6193
f 6216 6194 6193
f 6085 6217 6083
f 6217 6218 6083
f 6083 6218 6081
f 6218 6219 6081
f 6081 6219 6220
f 6219 6221 6220
f 6220 6221 6077
f 6221 6222 6077
f 6077 6222 6075
f 6222 6223 6075
f 6075 6223 6073
f 6223 6224 6073
f 6073 6224 6095
f 6224 6225 6095
f 6095 6225 6093
f 6225 6226 6093
f 6093 6226 6227
f 6226 6228 6227
f 6227 6228 6089
f 6228 6229 6089
f 6089 6229 6087
f 6229 6230 6087
f 6087 6230 6085
f 6230 6217 6085
f 6230 6231 6217
f 6231 6232 6217
f 6217 6232 6218
f 6232 6233 6218
f 6218 6233 6219
f 6233 6234 6219
f 6219 6234 6221
f 6234 6235 6221
f 6221 6235 6222
f 6235 6236 6222
f 6222 6236 6223
f 6236 6237 6223
f 6223 6237 6224
f 6237 6238 6224
f 6224 6238 6225
f 6238 6239 6225
f 6225 6239 6226
f 6239 6240 6226
f 6226 6240 6228
f 6240 6241 6228
f 6228 6241 6229
f 6241 6242 6229
f 6229 6242 6230
f 6242 6231 6230
f 6242 6052 6231
f 6052 6050 6231
f 6231 6050 6232
f 6050 6072 6232
f 6232 6072 6233
f 6072 6070 6233
f 6233 6070 6234
f 6070 6068 6234
f 6234 6068 6235
f 6068 6066 6235
f 6235 6066 6236
f 6066 6064 6236
f 6236 6064 6237
f 6064 6062 6237
f 6237 6062 6238
f 6062 6060 6238
f 6238 6060 6239
f 6060 6058 6239
f 6239 6058 6240
f 6058 6056 6240
f 6240 6056 6241
f 6056 6054 6241
f 6241 6054 6242
f 6054 6052 6242
f 6042 6243 6044
f 6243 6244 6044
f 6044 6244 6046
f 6244 6245 6046
f 6046 6245 6048
f 6245 6246 6048
f 6048 6246 6026
f 6246 6247 6026
f 6026 6247 6248
f 6247 6249 6248
f 6248 6249 6250
f 6249 6251 6250
f 6250 6251 6252
f 6251 6253 6252
f 6252 6253 6254
f 6253 6255 6254
f 6254 6255 6256
f 6255 6257 6256
f 6256 6257 6258
f 6257 6259 6258
f 6258 6259 6260
f 6259 6261 6260
f 6260 6261 6042
f 6261 6243 6042
f 6261 6262 6243
f 6262 6263 6243
f 6243 6263 6244
f 6263 6264 6244
f 6244 6264 6245
f 6264 6265 6245
f 6245 6265 6246
f 6265 6266 6246
f 6246 6266 6247
f 6266 6267 6247
f 6247 6267 6249
f 6267 6268 6249
f 6249 6268 6251
f 6268 6269 6251
f 6251 6269 6253
f 6269 6270 6253
f 6253 6270 6255
f 6270 6271 6255
f 6255 6271 6257
f 6271 6272 6257
f 6257 6272 6259
f 6272 6273 6259
f 6259 6273 6261
f 6273 6262 6261
f 6273 6082 6262
f 6082 6080 6262
f 6262 6080 6263
f 6080 6274 6263
f 6263 6274 6264
f 6274 6076 6264
f 6264 6076 6265
f 6076 6074 6265
f 6265 6074 6266
f 6074 6096 6266
f 6266 6096 6267
f 6096 6094 6267
f 6267 6094 6268
f 6094 6092 6268
f 6268 6092 6269
f 6092 6275 6269
f 6269 6275 6270
f 6275 6088 6270
f 6270 6088 6271
f 6088 6086 6271
f 6271 6086 6272
f 6086 6084 6272
f 6272 6084 6273
f 6084 6082 6273
f 6276 6277 6278
f 6277 6279 6278
f 6278 6279 6280
f 6279 6281 6280
f 6280 6281 6282
f 6281 6283 6282
f 6282 6283 6284
f 6283 6285 6284
f 6284 6285 6286
f 6285 6287 6286
f 6286 6287 6288
f 6287 6289 6288
f 6288 6289 6290
f 6289 6291 6290
f 6290 6291 6292
f 6291 6293 6292
f 6292 6293 6294
f 6293 6295 6294
f 6294 6295 6296
f 6295 6297 6296
f 6296 6297 6298
f 6297 6299 6298
f 6298 6299 6276
f 6299 6277 6276
f 6300 6301 6302
f 6301 6303 6302
f 6302 6303 6304
f 6303 6305 6304
f 6304 6305 6306
f 6305 6307 6306
f 6306 6307 6308
f 6307 6309 6308
f 6308 6309 6310
f 6309 6311 6310
f 6310 6311 6312
f 6311 6313 6312
f 6312 6313 6314
f 6313 6315 6314
f 6314 6315 6316
f 6315 6317 6316
f 6316 6317 6318
f 6317 6319 6318
f 6318 6319 6320
f 6319 6321 6320
f 6320 6321 6322
f 6321 6323 6322
f 6322 6323 6300
f 6323 6301 6300
f 6324 6325 6326
f 6325 6327 6326
f 6326 6327 6328
f 6327 6329 6328
f 6328 6329 6330
f 6329 6331 6330
f 6330 6331 6332
f 6331 6333 6332
f 6332 6333 6334
f 6333 6335 6334
f 6334 6335 6336
f 6335 6337 6336
f 6336 6337 6338
f 6337 6339 6338
f 6338 6339 6340
f 6339 6341 6340
f 6340 6341 6342
f 6341 6343 6342
f 6342 6343 6344
f 6343 6345 6344
f 6344 6345 6346
f 6345 6347 6346
f 6346 6347 6324
f 6347 6325 6324
f 6348 6349 6350
f 6349 6351 6350
f 6350 6351 6352
f 6351 6353 6352
f 6352 6353 6354
f 6353 6355 6354
f 6354 6355 6356
f 6355 6357 6356
f 6356 6357 6358
f 6357 6359 6358
f 6358 6359 6360
f 6359 6361 6360
f 6360 6361 6362
f 6361 6363 6362
f 6362 6363 6364
f 6363 6365 6364
f 6364 6365 6366
f 6365 6367 6366
f 6366 6367 6368
f 6367 6369 6368
f 6368 6369 6370
f 6369 6371 6370
f 6370 6371 6348
f 6371 6349 6348
f 6372 6373 6374
f 6373 6375 6374
f 6374 6375 6376
f 6375 6377 6376
f 6376 6377 6378
f 6377 6379 6378
f 6378 6379 6380
f 6379 6381 6380
f 6380 6381 6382
f 6381 6383 6382
f 6382 6383 6384
f 6383 6385 6384
f 6384 6385 6386
f 6385 6387 6386
f 6386 6387 6388
f 6387 6389 6388
f 6388 6389 6390
f 6389 6391 6390
f 6390 6391 6392
f 6391 6393 6392
f 6392 6393 6394
f 6393 6395 6394
f 6394 6395 6372
f 6395 6373 6372
f 6396 6397 6398
f 6397 6399 6398
f 6398 6399 6400
f 6399 6401 6400
f 6400 6401 6402
f 6401 6403 6402
f 6402 6403 6404
f 6403 6405 6404
f 6404 6405 6406
f 6405 6407 6406
f 6406 6407 6408
f 6407 6409 6408
f 6408 6409 6410
f 6409 6411 6410
f 6410 6411 6412
f 6411 6413 6412
f 6412 6413 6414
f 6413 6415 6414
f 6414 6415 6416
f 6415 6417 6416
f 6416 6417 6418
f 6417 6419 6418
f 6418 6419 6396
f 6419 6397 6396
f 6420 6421 6422
f 6421 6423 6422
f 6422 6423 6424
f 6423 6425 6424
f 6424 6425 6426
f 6425 6427 6426
f 6426 6427 6428
f 6427 6429 6428
f 6428 6429 6430
f 6429 6431 6430
f 6430 6431 6432
f 6431 6433 6432
f 6432 6433 6434
f 6433 6435 6434
f 6434 6435 6436
f 6435 6437 6436
f 6436 6437 6438
f 6437 6439 6438
f 6438 6439 6440
f 6439 6441 6440
f 6440 6441 6442
f 6441 6443 6442
f 6442 6443 6420
f 6443 6421 6420
f 6444 6445 6446
f 6445 6447 6446
f 6446 6447 6448
f 6447 6449 6448
f 6448 6449 6450
f 6449 6451 6450
f 6450 6451 6452
f 6451 6453 6452
f 6452 6453 6454
f 6453 6455 6454
f 6454 6455 6456
f 6455 6457 6456
f 6456 6457 6458
f 6457 6459 6458
f 6458 6459 6460
f 6459 6461 6460
f 6460 6461 6462
f 6461 6463 6462
f 6462 6463 6464
f 6463 6465 6464
f 6464 6465 6466
f 6465 6467 6466
f 6466 6467 6444
f 6467 6445 6444
f 6336 6468 6334
f 6468 6469 6334
f 6334 6469 6332
f 6469 6470 6332
f 6332 6470 6471
f 6470 6472 6471
f 6471 6472 6328
f 6472 6473 6328
f 6328 6473 6326
f 6473 6474 6326
f 6326 6474 6324
f 6474 6475 6324
f 6324 6475 6346
f 6475 6476 6346
f 6346 6476 6344
f 6476 6477 6344
f 6344 6477 6478
f 6477 6479 6478
f 6478 6479 6340
f 6479 6480 6340
f 6340 6480 6338
f 6480 6481 6338
f 6338 6481 6336
f 6481 6468 6336
f 6481 6482 6468
f 6482 6483 6468
f 6468 6483 6469
f 6483 6484 6469
f 6469 6484 6470
f 6484 6485 6470
f 6470 6485 6472
f 6485 6486 6472
f 6472 6486 6473
f 6486 6487 6473
f 6473 6487 6474
f 6487 6488 6474
f 6474 6488 6475
f 6488 6489 6475
f 6475 6489 6476
f 6489 6490 6476
f 6476 6490 6477
f 6490 6491 6477
f 6477 6491 6479
f 6491 6492 6479
f 6479 6492 6480
f 6492 6493 6480
f 6480 6493 6481
f 6493 6482 6481
f 6493 6303 6482
f 6303 6301 6482
f 6482 6301 6483
f 6301 6323 6483
f 6483 6323 6484
f 6323 6321 6484
f 6484 6321 6485
f 6321 6319 6485
f 6485 6319 6486
f 6319 6317 6486
f 6486 6317 6487
f 6317 6315 6487
f 6487 6315 6488
f 6315 6313 6488
f 6488 6313 6489
f 6313 6311 6489
f 6489 6311 6490
f 6311 6309 6490
f 6490 6309 6491
f 6309 6307 6491
f 6491 6307 6492
f 6307 6305 6492
f 6492 6305 6493
f 6305 6303 6493
f 6293 6494 6295
f 6494 6495 6295
f 6295 6495 6297
f 6495 6496 6297
f 6297 6496 6299
f 6496 6497 6299
f 6299 6497 6277
f 6497 6498 6277
f 6277 6498 6499
f 6498 6500 6499
f 6499 6500 6501
f 6500 6502 6501
f 6501 6502 6503
f 6502 6504 6503
f 6503 6504 6505
f 6504 6506 6505
f 6505 6506 6507
f 6506 6508 6507
f 6507 6508 6509
f 6508 6510 6509
f 6509 6510 6511
f 6510 6512 6511
f 6511 6512 6293
f 6512 6494 6293
f 6512 6513 6494
f 6513 6514 6494
f 6494 6514 6495
f 6514 6515 6495
f 6495 6515 6496
f 6515 6516 6496
f 6496 6516 6497
f 6516 6517 6497
f 6497 6517 6498
f 6517 6518 6498
f 6498 6518 6500
f 6518 6519 6500
f 6500 6519 6502
f 6519 6520 6502
f 6502 6520 6504
f 6520 6521 6504
f 6504 6521 6506
f 6521 6522 6506
f 6506 6522 6508
f 6522 6523 6508
f 6508 6523 6510
f 6523 6524 6510
f 6510 6524 6512
f 6524 6513 6512
f 6524 6333 6513
f 6333 6331 6513
f 6513 6331 6514
f 6331 6525 6514
f 6514 6525 6515
f 6525 6327 6515
f 6515 6327 6516
f 6327 6325 6516
f 6516 6325 6517
f 6325 6347 6517
f 6517 6347 6518
f 6347 6345 6518
f 6518 6345 6519
f 6345 6343 6519
f 6519 6343 6520
f 6343 6526 6520
f 6520 6526 6521
f 6526 6339 6521
f 6521 6339 6522
f 6339 6337 6522
f 6522 6337 6523
f 6337 6335 6523
f 6523 6335 6524
f 6335 6333 6524

