# https://github.com/mikedh/trimesh
v 0.01946000 0.00867161 -0.11306083
v 0.01946000 0.00945970 -0.11390477
v 0.01846000 0.00867161 -0.11306083
v 0.01846000 0.00945970 -0.11390477
v 0.01946000 0.01092145 -0.11253975
v 0.01946000 0.01058462 -0.11364423
v 0.01946000 0.01171474 -0.11390785
v 0.01946000 0.00867161 -0.11306083
v 0.01946000 0.00900843 -0.11195635
v 0.01946000 0.00787832 -0.11169273
v 0.01946000 0.01013335 -0.11169581
v 0.01946000 0.00979659 -0.11058529
v 0.01946000 0.00868909 -0.11088201
v 0.01946000 0.01201152 -0.11280036
v 0.01946000 0.01171481 -0.11169285
v 0.01946000 0.01090408 -0.11088208
v 0.01946000 0.00945970 -0.11390477
v 0.01946000 0.00979646 -0.11501529
v 0.01946000 0.01090397 -0.11471856
v 0.01946000 0.00758152 -0.11280022
v 0.01946000 0.00787825 -0.11390773
v 0.01946000 0.00868897 -0.11471850
v 0.01946000 0.00945970 -0.11390477
v 0.01946000 0.01058462 -0.11364423
v 0.01846000 0.00945970 -0.11390477
v 0.01846000 0.01058462 -0.11364423
v 0.01946000 0.00900843 -0.11195635
v 0.01946000 0.00867161 -0.11306083
v 0.01846000 0.00900843 -0.11195635
v 0.01846000 0.00867161 -0.11306083
v 0.01946000 0.01013335 -0.11169581
v 0.01946000 0.00900843 -0.11195635
v 0.01846000 0.01013335 -0.11169581
v 0.01846000 0.00900843 -0.11195635
v 0.01946000 0.01092145 -0.11253975
v 0.01946000 0.01013335 -0.11169581
v 0.01846000 0.01092145 -0.11253975
v 0.01846000 0.01013335 -0.11169581
v 0.01946000 0.01058462 -0.11364423
v 0.01946000 0.01092145 -0.11253975
v 0.01846000 0.01058462 -0.11364423
v 0.01846000 0.01092145 -0.11253975
v 0.01846000 0.00900843 -0.11195635
v 0.01846000 0.00867161 -0.11306083
v 0.01846000 0.01013335 -0.11169581
v 0.01846000 0.00945970 -0.11390477
v 0.01846000 0.01092145 -0.11253975
v 0.01846000 0.01058462 -0.11364423
v 0.01212000 0.00861153 -0.11280025
v 0.01696000 0.00877030 -0.11220776
v 0.01212000 0.00877030 -0.11220776
v 0.01696000 0.00920406 -0.11177403
v 0.01212000 0.00920406 -0.11177403
v 0.01696000 0.00979656 -0.11161529
v 0.01212000 0.00979656 -0.11161529
v 0.01696000 0.01038906 -0.11177406
v 0.01212000 0.01038906 -0.11177406
v 0.01696000 0.01082279 -0.11220782
v 0.01212000 0.01082279 -0.11220782
v 0.01696000 0.01098153 -0.11280033
v 0.01212000 0.01098153 -0.11280033
v 0.01696000 0.01082275 -0.11339282
v 0.01212000 0.01082275 -0.11339282
v 0.01696000 0.01038899 -0.11382655
v 0.01212000 0.01038899 -0.11382655
v 0.01696000 0.00979649 -0.11398529
v 0.01212000 0.00979649 -0.11398529
v 0.01696000 0.00920399 -0.11382651
v 0.01212000 0.00920399 -0.11382651
v 0.01696000 0.00877026 -0.11339276
v 0.01212000 0.00877026 -0.11339276
v 0.01696000 0.00861153 -0.11280025
v 0.01212000 0.00920399 -0.11382651
v 0.01212000 0.00877026 -0.11339276
v 0.01212000 0.00979653 -0.11280029
v 0.01212000 0.00861153 -0.11280025
v 0.01212000 0.00877030 -0.11220776
v 0.01212000 0.01082275 -0.11339282
v 0.01212000 0.01038899 -0.11382655
v 0.01212000 0.00979649 -0.11398529
v 0.01212000 0.01038906 -0.11177406
v 0.01212000 0.01082279 -0.11220782
v 0.01212000 0.01098153 -0.11280033
v 0.01212000 0.00920406 -0.11177403
v 0.01212000 0.00979656 -0.11161529
v 0.01696000 0.00877030 -0.11220776
v 0.01696000 0.00841957 -0.11200524
v 0.01696000 0.00920406 -0.11177403
v 0.01696000 0.00900157 -0.11142328
v 0.01696000 0.00979656 -0.11161529
v 0.01696000 0.00979658 -0.11121029
v 0.01696000 0.01038906 -0.11177406
v 0.01696000 0.01059157 -0.11142333
v 0.01696000 0.01082279 -0.11220782
v 0.01696000 0.01117353 -0.11200532
v 0.01696000 0.01098153 -0.11280033
v 0.01696000 0.01138652 -0.11280034
v 0.01696000 0.01082275 -0.11339282
v 0.01696000 0.01117348 -0.11359534
v 0.01696000 0.01038899 -0.11382655
v 0.01696000 0.01059148 -0.11417730
v 0.01696000 0.00979649 -0.11398529
v 0.01696000 0.00979648 -0.11439029
v 0.01696000 0.00920399 -0.11382651
v 0.01696000 0.00900148 -0.11417725
v 0.01696000 0.00877026 -0.11339276
v 0.01696000 0.00841952 -0.11359525
v 0.01696000 0.00861153 -0.11280025
v 0.01696000 0.00820652 -0.11280024
v 0.01696000 0.00820652 -0.11280024
v 0.01830000 0.00841957 -0.11200524
v 0.01696000 0.00841957 -0.11200524
v 0.01830000 0.00900157 -0.11142328
v 0.01696000 0.00900157 -0.11142328
v 0.01830000 0.00979658 -0.11121029
v 0.01696000 0.00979658 -0.11121029
v 0.01830000 0.01059157 -0.11142333
v 0.01696000 0.01059157 -0.11142333
v 0.01830000 0.01117353 -0.11200532
v 0.01696000 0.01117353 -0.11200532
v 0.01830000 0.01138652 -0.11280034
v 0.01696000 0.01138652 -0.11280034
v 0.01830000 0.01117348 -0.11359534
v 0.01696000 0.01117348 -0.11359534
v 0.01830000 0.01059148 -0.11417730
v 0.01696000 0.01059148 -0.11417730
v 0.01830000 0.00979648 -0.11439029
v 0.01696000 0.00979648 -0.11439029
v 0.01830000 0.00900148 -0.11417725
v 0.01696000 0.00900148 -0.11417725
v 0.01830000 0.00841952 -0.11359525
v 0.01696000 0.00841952 -0.11359525
v 0.01830000 0.00820652 -0.11280024
v 0.01830000 0.01059157 -0.11142333
v 0.01830000 0.01090408 -0.11088208
v 0.01830000 0.01117353 -0.11200532
v 0.01830000 0.01171481 -0.11169285
v 0.01830000 0.01138652 -0.11280034
v 0.01830000 0.01201152 -0.11280036
v 0.01830000 0.01117348 -0.11359534
v 0.01830000 0.01171474 -0.11390785
v 0.01830000 0.01059148 -0.11417730
v 0.01830000 0.01090397 -0.11471856
v 0.01830000 0.00979648 -0.11439029
v 0.01830000 0.00979646 -0.11501529
v 0.01830000 0.00900148 -0.11417725
v 0.01830000 0.00868897 -0.11471850
v 0.01830000 0.00841952 -0.11359525
v 0.01830000 0.00787825 -0.11390773
v 0.01830000 0.00820652 -0.11280024
v 0.01830000 0.00758152 -0.11280022
v 0.01830000 0.00841957 -0.11200524
v 0.01830000 0.00787832 -0.11169273
v 0.01830000 0.00900157 -0.11142328
v 0.01830000 0.00868909 -0.11088201
v 0.01830000 0.00979658 -0.11121029
v 0.01830000 0.00979659 -0.11058529
v 0.01830000 0.00758152 -0.11280022
v 0.01946000 0.00787832 -0.11169273
v 0.01830000 0.00787832 -0.11169273
v 0.01946000 0.00868909 -0.11088201
v 0.01830000 0.00868909 -0.11088201
v 0.01946000 0.00979659 -0.11058529
v 0.01830000 0.00979659 -0.11058529
v 0.01946000 0.01090408 -0.11088208
v 0.01830000 0.01090408 -0.11088208
v 0.01946000 0.01171481 -0.11169285
v 0.01830000 0.01171481 -0.11169285
v 0.01946000 0.01201152 -0.11280036
v 0.01830000 0.01201152 -0.11280036
v 0.01946000 0.01171474 -0.11390785
v 0.01830000 0.01171474 -0.11390785
v 0.01946000 0.01090397 -0.11471856
v 0.01830000 0.01090397 -0.11471856
v 0.01946000 0.00979646 -0.11501529
v 0.01830000 0.00979646 -0.11501529
v 0.01946000 0.00868897 -0.11471850
v 0.01830000 0.00868897 -0.11471850
v 0.01946000 0.00787825 -0.11390773
v 0.01830000 0.00787825 -0.11390773
v 0.01946000 0.00758152 -0.11280022
v 0.01946000 0.00181878 -0.19903946
v 0.01946000 0.00148196 -0.20014395
v 0.01946000 0.00261207 -0.20040757
v 0.01946000 0.00035704 -0.20040449
v 0.01946000 0.00069379 -0.20151501
v 0.01946000 0.00180130 -0.20121829
v 0.01946000 -0.00043106 -0.19956055
v 0.01946000 -0.00122442 -0.20040745
v 0.01946000 -0.00041370 -0.20121822
v 0.01946000 -0.00009424 -0.19845607
v 0.01946000 -0.00122435 -0.19819245
v 0.01946000 -0.00152114 -0.19929994
v 0.01946000 0.00103068 -0.19819553
v 0.01946000 0.00069393 -0.19708501
v 0.01946000 -0.00041358 -0.19738173
v 0.01946000 0.00290886 -0.19930008
v 0.01946000 0.00261214 -0.19819257
v 0.01946000 0.00180142 -0.19738180
v 0.01830000 -0.00068310 -0.19850497
v 0.01830000 -0.00122435 -0.19819245
v 0.01830000 -0.00010110 -0.19792301
v 0.01830000 -0.00041358 -0.19738173
v 0.01830000 0.00069391 -0.19771001
v 0.01830000 0.00069393 -0.19708501
v 0.01830000 0.00148890 -0.19792305
v 0.01830000 0.00180142 -0.19738180
v 0.01830000 0.00207087 -0.19850505
v 0.01830000 0.00261214 -0.19819257
v 0.01830000 0.00228386 -0.19930006
v 0.01830000 0.00290886 -0.19930008
v 0.01830000 0.00207082 -0.20009505
v 0.01830000 0.00261207 -0.20040757
v 0.01830000 0.00148882 -0.20067701
v 0.01830000 0.00180130 -0.20121829
v 0.01830000 0.00069381 -0.20089001
v 0.01830000 0.00069379 -0.20151501
v 0.01830000 -0.00010118 -0.20067696
v 0.01830000 -0.00041370 -0.20121822
v 0.01830000 -0.00068314 -0.20009497
v 0.01830000 -0.00122442 -0.20040745
v 0.01830000 -0.00089614 -0.19929996
v 0.01830000 -0.00152114 -0.19929994
v 0.01830000 -0.00152114 -0.19929994
v 0.01946000 -0.00122435 -0.19819245
v 0.01830000 -0.00122435 -0.19819245
v 0.01946000 -0.00041358 -0.19738173
v 0.01830000 -0.00041358 -0.19738173
v 0.01946000 0.00069393 -0.19708501
v 0.01830000 0.00069393 -0.19708501
v 0.01946000 0.00180142 -0.19738180
v 0.01830000 0.00180142 -0.19738180
v 0.01946000 0.00261214 -0.19819257
v 0.01830000 0.00261214 -0.19819257
v 0.01946000 0.00290886 -0.19930008
v 0.01830000 0.00290886 -0.19930008
v 0.01946000 0.00261207 -0.20040757
v 0.01830000 0.00261207 -0.20040757
v 0.01946000 0.00180130 -0.20121829
v 0.01830000 0.00180130 -0.20121829
v 0.01946000 0.00069379 -0.20151501
v 0.01830000 0.00069379 -0.20151501
v 0.01946000 -0.00041370 -0.20121822
v 0.01830000 -0.00041370 -0.20121822
v 0.01946000 -0.00122442 -0.20040745
v 0.01830000 -0.00122442 -0.20040745
v 0.01946000 -0.00152114 -0.19929994
v 0.01946000 0.00035704 -0.20040449
v 0.01946000 0.00148196 -0.20014395
v 0.01846000 0.00035704 -0.20040449
v 0.01846000 0.00148196 -0.20014395
v 0.01946000 -0.00043106 -0.19956055
v 0.01946000 0.00035704 -0.20040449
v 0.01846000 -0.00043106 -0.19956055
v 0.01846000 0.00035704 -0.20040449
v 0.01946000 -0.00009424 -0.19845607
v 0.01946000 -0.00043106 -0.19956055
v 0.01846000 -0.00009424 -0.19845607
v 0.01846000 -0.00043106 -0.19956055
v 0.01946000 0.00103068 -0.19819553
v 0.01946000 -0.00009424 -0.19845607
v 0.01846000 0.00103068 -0.19819553
v 0.01846000 -0.00009424 -0.19845607
v 0.01946000 0.00181878 -0.19903946
v 0.01946000 0.00103068 -0.19819553
v 0.01846000 0.00181878 -0.19903946
v 0.01846000 0.00103068 -0.19819553
v 0.01946000 0.00148196 -0.20014395
v 0.01946000 0.00181878 -0.19903946
v 0.01846000 0.00148196 -0.20014395
v 0.01846000 0.00181878 -0.19903946
v 0.01846000 0.00035704 -0.20040449
v 0.01846000 0.00148196 -0.20014395
v 0.01846000 -0.00043106 -0.19956055
v 0.01846000 0.00181878 -0.19903946
v 0.01846000 -0.00009424 -0.19845607
v 0.01846000 0.00103068 -0.19819553
v 0.01212000 -0.00049114 -0.19929997
v 0.01696000 -0.00033236 -0.19870748
v 0.01212000 -0.00033236 -0.19870748
v 0.01696000 0.00010139 -0.19827375
v 0.01212000 0.00010139 -0.19827375
v 0.01696000 0.00069390 -0.19811501
v 0.01212000 0.00069390 -0.19811501
v 0.01696000 0.00128639 -0.19827379
v 0.01212000 0.00128639 -0.19827379
v 0.01696000 0.00172012 -0.19870754
v 0.01212000 0.00172012 -0.19870754
v 0.01696000 0.00187886 -0.19930005
v 0.01212000 0.00187886 -0.19930005
v 0.01696000 0.00172008 -0.19989254
v 0.01212000 0.00172008 -0.19989254
v 0.01696000 0.00128633 -0.20032627
v 0.01212000 0.00128633 -0.20032627
v 0.01696000 0.00069382 -0.20048501
v 0.01212000 0.00069382 -0.20048501
v 0.01696000 0.00010133 -0.20032623
v 0.01212000 0.00010133 -0.20032623
v 0.01696000 -0.00033240 -0.19989248
v 0.01212000 -0.00033240 -0.19989248
v 0.01696000 -0.00049114 -0.19929997
v 0.01212000 0.00010133 -0.20032623
v 0.01212000 -0.00033240 -0.19989248
v 0.01212000 0.00069386 -0.19930001
v 0.01212000 -0.00049114 -0.19929997
v 0.01212000 -0.00033236 -0.19870748
v 0.01212000 0.00172008 -0.19989254
v 0.01212000 0.00128633 -0.20032627
v 0.01212000 0.00069382 -0.20048501
v 0.01212000 0.00128639 -0.19827379
v 0.01212000 0.00172012 -0.19870754
v 0.01212000 0.00187886 -0.19930005
v 0.01212000 0.00010139 -0.19827375
v 0.01212000 0.00069390 -0.19811501
v 0.01696000 -0.00033236 -0.19870748
v 0.01696000 -0.00068310 -0.19850497
v 0.01696000 0.00010139 -0.19827375
v 0.01696000 -0.00010110 -0.19792301
v 0.01696000 0.00069390 -0.19811501
v 0.01696000 0.00069391 -0.19771001
v 0.01696000 0.00128639 -0.19827379
v 0.01696000 0.00148890 -0.19792305
v 0.01696000 0.00172012 -0.19870754
v 0.01696000 0.00207087 -0.19850505
v 0.01696000 0.00187886 -0.19930005
v 0.01696000 0.00228386 -0.19930006
v 0.01696000 0.00172008 -0.19989254
v 0.01696000 0.00207082 -0.20009505
v 0.01696000 0.00128633 -0.20032627
v 0.01696000 0.00148882 -0.20067701
v 0.01696000 0.00069382 -0.20048501
v 0.01696000 0.00069381 -0.20089001
v 0.01696000 0.00010133 -0.20032623
v 0.01696000 -0.00010118 -0.20067696
v 0.01696000 -0.00033240 -0.19989248
v 0.01696000 -0.00068314 -0.20009497
v 0.01696000 -0.00049114 -0.19929997
v 0.01696000 -0.00089614 -0.19929996
v 0.01696000 -0.00089614 -0.19929996
v 0.01830000 -0.00068310 -0.19850497
v 0.01696000 -0.00068310 -0.19850497
v 0.01830000 -0.00010110 -0.19792301
v 0.01696000 -0.00010110 -0.19792301
v 0.01830000 0.00069391 -0.19771001
v 0.01696000 0.00069391 -0.19771001
v 0.01830000 0.00148890 -0.19792305
v 0.01696000 0.00148890 -0.19792305
v 0.01830000 0.00207087 -0.19850505
v 0.01696000 0.00207087 -0.19850505
v 0.01830000 0.00228386 -0.19930006
v 0.01696000 0.00228386 -0.19930006
v 0.01830000 0.00207082 -0.20009505
v 0.01696000 0.00207082 -0.20009505
v 0.01830000 0.00148882 -0.20067701
v 0.01696000 0.00148882 -0.20067701
v 0.01830000 0.00069381 -0.20089001
v 0.01696000 0.00069381 -0.20089001
v 0.01830000 -0.00010118 -0.20067696
v 0.01696000 -0.00010118 -0.20067696
v 0.01830000 -0.00068314 -0.20009497
v 0.01696000 -0.00068314 -0.20009497
v 0.01830000 -0.00089614 -0.19929996
v 0.01032624 0.01875375 -0.20300806
v 0.01067698 0.01875375 -0.20280556
v 0.00989250 0.01875376 -0.20257432
v 0.01009500 0.01875377 -0.20222358
v 0.00930000 0.01875377 -0.20241556
v 0.00930000 0.01875378 -0.20201056
v 0.00870750 0.01875376 -0.20257432
v 0.00850500 0.01875377 -0.20222358
v 0.00827376 0.01875375 -0.20300806
v 0.00792302 0.01875375 -0.20280556
v 0.00811500 0.01875373 -0.20360056
v 0.00771000 0.01875373 -0.20360056
v 0.00827376 0.01875371 -0.20419306
v 0.00792302 0.01875370 -0.20439557
v 0.00870750 0.01875370 -0.20462681
v 0.00850500 0.01875369 -0.20497755
v 0.00930000 0.01875369 -0.20478556
v 0.00930000 0.01875368 -0.20519057
v 0.00989250 0.01875370 -0.20462681
v 0.01009500 0.01875369 -0.20497755
v 0.01032624 0.01875371 -0.20419306
v 0.01067698 0.01875370 -0.20439557
v 0.01048500 0.01875373 -0.20360056
v 0.01089000 0.01875373 -0.20360056
v 0.01048500 0.01391373 -0.20360041
v 0.01032624 0.01875375 -0.20300806
v 0.01032624 0.01391375 -0.20300791
v 0.00989250 0.01875376 -0.20257432
v 0.00989250 0.01391376 -0.20257417
v 0.00930000 0.01875377 -0.20241556
v 0.00930000 0.01391376 -0.20241541
v 0.00870750 0.01875376 -0.20257432
v 0.00870750 0.01391376 -0.20257417
v 0.00827376 0.01875375 -0.20300806
v 0.00827376 0.01391375 -0.20300791
v 0.00811500 0.01875373 -0.20360056
v 0.00811500 0.01391373 -0.20360041
v 0.00827376 0.01875371 -0.20419306
v 0.00827376 0.01391371 -0.20419291
v 0.00870750 0.01875370 -0.20462681
v 0.00870750 0.01391370 -0.20462666
v 0.00930000 0.01875369 -0.20478556
v 0.00930000 0.01391369 -0.20478541
v 0.00989250 0.01875370 -0.20462681
v 0.00989250 0.01391370 -0.20462666
v 0.01032624 0.01875371 -0.20419306
v 0.01032624 0.01391371 -0.20419291
v 0.01048500 0.01875373 -0.20360056
v 0.00989250 0.01391370 -0.20462666
v 0.01032624 0.01391371 -0.20419291
v 0.00930000 0.01391373 -0.20360041
v 0.01048500 0.01391373 -0.20360041
v 0.01032624 0.01391375 -0.20300791
v 0.00827376 0.01391371 -0.20419291
v 0.00870750 0.01391370 -0.20462666
v 0.00930000 0.01391369 -0.20478541
v 0.00870750 0.01391376 -0.20257417
v 0.00827376 0.01391375 -0.20300791
v 0.00811500 0.01391373 -0.20360041
v 0.00989250 0.01391376 -0.20257417
v 0.00930000 0.01391376 -0.20241541
v 0.01089000 0.01875373 -0.20360056
v 0.01067698 0.02009376 -0.20280561
v 0.01067698 0.01875375 -0.20280556
v 0.01009500 0.02009377 -0.20222363
v 0.01009500 0.01875377 -0.20222358
v 0.00930000 0.02009378 -0.20201061
v 0.00930000 0.01875378 -0.20201056
v 0.00850500 0.02009377 -0.20222363
v 0.00850500 0.01875377 -0.20222358
v 0.00792302 0.02009376 -0.20280561
v 0.00792302 0.01875375 -0.20280556
v 0.00771000 0.02009373 -0.20360060
v 0.00771000 0.01875373 -0.20360056
v 0.00792302 0.02009371 -0.20439561
v 0.00792302 0.01875370 -0.20439557
v 0.00850500 0.02009369 -0.20497759
v 0.00850500 0.01875369 -0.20497755
v 0.00930000 0.02009368 -0.20519061
v 0.00930000 0.01875368 -0.20519057
v 0.01009500 0.02009369 -0.20497759
v 0.01009500 0.01875369 -0.20497755
v 0.01067698 0.02009371 -0.20439561
v 0.01067698 0.01875370 -0.20439557
v 0.01089000 0.02009373 -0.20360060
v 0.01067698 0.02009376 -0.20280561
v 0.01121825 0.02009377 -0.20249311
v 0.01009500 0.02009377 -0.20222363
v 0.01040750 0.02009379 -0.20168236
v 0.00930000 0.02009378 -0.20201061
v 0.00930000 0.02009380 -0.20138561
v 0.00850500 0.02009377 -0.20222363
v 0.00819250 0.02009379 -0.20168236
v 0.00792302 0.02009376 -0.20280561
v 0.00738175 0.02009377 -0.20249311
v 0.00771000 0.02009373 -0.20360060
v 0.00708500 0.02009373 -0.20360060
v 0.00792302 0.02009371 -0.20439561
v 0.00738175 0.02009370 -0.20470811
v 0.00850500 0.02009369 -0.20497759
v 0.00819250 0.02009367 -0.20551885
v 0.00930000 0.02009368 -0.20519061
v 0.00930000 0.02009366 -0.20581561
v 0.01009500 0.02009369 -0.20497759
v 0.01040750 0.02009367 -0.20551885
v 0.01067698 0.02009371 -0.20439561
v 0.01121825 0.02009370 -0.20470811
v 0.01089000 0.02009373 -0.20360060
v 0.01151500 0.02009373 -0.20360060
v 0.01151500 0.02009373 -0.20360060
v 0.01121825 0.02125376 -0.20249314
v 0.01121825 0.02009377 -0.20249311
v 0.01040750 0.02125379 -0.20168240
v 0.01040750 0.02009379 -0.20168236
v 0.00930000 0.02125379 -0.20138564
v 0.00930000 0.02009380 -0.20138561
v 0.00819250 0.02125379 -0.20168240
v 0.00819250 0.02009379 -0.20168236
v 0.00738175 0.02125376 -0.20249314
v 0.00738175 0.02009377 -0.20249311
v 0.00708500 0.02125373 -0.20360064
v 0.00708500 0.02009373 -0.20360060
v 0.00738175 0.02125369 -0.20470814
v 0.00738175 0.02009370 -0.20470811
v 0.00819250 0.02125367 -0.20551889
v 0.00819250 0.02009367 -0.20551885
v 0.00930000 0.02125366 -0.20581564
v 0.00930000 0.02009366 -0.20581561
v 0.01040750 0.02125367 -0.20551889
v 0.01040750 0.02009367 -0.20551885
v 0.01121825 0.02125369 -0.20470814
v 0.01121825 0.02009370 -0.20470811
v 0.01151500 0.02125373 -0.20360064
v 0.00826303 0.02125371 -0.20410860
v 0.00922142 0.02125369 -0.20475266
v 0.00819250 0.02125367 -0.20551889
v 0.00937858 0.02125376 -0.20244862
v 0.00834161 0.02125375 -0.20295657
v 0.00819250 0.02125379 -0.20168240
v 0.00738175 0.02125369 -0.20470814
v 0.00708500 0.02125373 -0.20360064
v 0.00738175 0.02125376 -0.20249314
v 0.01025839 0.02125371 -0.20424471
v 0.01040750 0.02125367 -0.20551889
v 0.00930000 0.02125366 -0.20581564
v 0.01033697 0.02125374 -0.20309269
v 0.01151500 0.02125373 -0.20360064
v 0.01121825 0.02125369 -0.20470814
v 0.00930000 0.02125379 -0.20138564
v 0.01040750 0.02125379 -0.20168240
v 0.01121825 0.02125376 -0.20249314
v 0.00922142 0.02125369 -0.20475266
v 0.00826303 0.02125371 -0.20410860
v 0.00922142 0.02025369 -0.20475263
v 0.00826303 0.02025371 -0.20410857
v 0.01025839 0.02125371 -0.20424471
v 0.00922142 0.02125369 -0.20475266
v 0.01025839 0.02025370 -0.20424468
v 0.00922142 0.02025369 -0.20475263
v 0.01033697 0.02125374 -0.20309269
v 0.01025839 0.02125371 -0.20424471
v 0.01033697 0.02025374 -0.20309266
v 0.01025839 0.02025370 -0.20424468
v 0.00937858 0.02125376 -0.20244862
v 0.01033697 0.02125374 -0.20309269
v 0.00937858 0.02025376 -0.20244859
v 0.01033697 0.02025374 -0.20309266
v 0.00834161 0.02125375 -0.20295657
v 0.00937858 0.02125376 -0.20244862
v 0.00834161 0.02025374 -0.20295654
v 0.00937858 0.02025376 -0.20244859
v 0.00826303 0.02125371 -0.20410860
v 0.00834161 0.02125375 -0.20295657
v 0.00826303 0.02025371 -0.20410857
v 0.00834161 0.02025374 -0.20295654
v 0.01025839 0.02025370 -0.20424468
v 0.00922142 0.02025369 -0.20475263
v 0.01033697 0.02025374 -0.20309266
v 0.00826303 0.02025371 -0.20410857
v 0.00937858 0.02025376 -0.20244859
v 0.00834161 0.02025374 -0.20295654
v 0.01030000 0.00069383 -0.20030001
v 0.01430000 0.00069383 -0.20030001
v 0.01030000 0.00119383 -0.20016605
v 0.01430000 0.00119383 -0.20016605
v 0.01030000 0.00155987 -0.19980004
v 0.01430000 0.00155987 -0.19980004
v 0.01030000 0.00169386 -0.19930004
v 0.01430000 0.00169386 -0.19930004
v 0.01030000 0.00155990 -0.19880003
v 0.01430000 0.00155990 -0.19880003
v 0.01030000 0.00119389 -0.19843400
v 0.01430000 0.00119389 -0.19843400
v 0.01030000 0.00069389 -0.19830001
v 0.01430000 0.00069389 -0.19830001
v 0.01030000 0.00019388 -0.19843397
v 0.01430000 0.00019388 -0.19843397
v 0.01030000 -0.00017215 -0.19879998
v 0.01430000 -0.00017215 -0.19879998
v 0.01030000 -0.00030614 -0.19929998
v 0.01430000 -0.00030614 -0.19929998
v 0.01030000 -0.00017218 -0.19979998
v 0.01430000 -0.00017218 -0.19979998
v 0.01030000 0.00019383 -0.20016602
v 0.01430000 0.00019383 -0.20016602
v 0.01030000 0.00155987 -0.19980004
v 0.01030000 0.00233928 -0.20025006
v 0.01030000 0.00119383 -0.20016605
v 0.01030000 0.00164381 -0.20094549
v 0.01030000 0.00069383 -0.20030001
v 0.01030000 0.00069380 -0.20120001
v 0.01030000 0.00019383 -0.20016602
v 0.01030000 -0.00025619 -0.20094543
v 0.01030000 -0.00017218 -0.19979998
v 0.01030000 -0.00095162 -0.20024996
v 0.01030000 -0.00030614 -0.19929998
v 0.01030000 -0.00120614 -0.19929995
v 0.01030000 -0.00017215 -0.19879998
v 0.01030000 -0.00095156 -0.19834996
v 0.01030000 0.00019388 -0.19843397
v 0.01030000 -0.00025609 -0.19765453
v 0.01030000 0.00069389 -0.19830001
v 0.01030000 0.00069392 -0.19740001
v 0.01030000 0.00119389 -0.19843400
v 0.01030000 0.00164391 -0.19765459
v 0.01030000 0.00155990 -0.19880003
v 0.01030000 0.00233934 -0.19835006
v 0.01030000 0.00169386 -0.19930004
v 0.01030000 0.00259386 -0.19930007
v 0.01430000 0.00119383 -0.20016605
v 0.01430000 0.00164381 -0.20094549
v 0.01430000 0.00155987 -0.19980004
v 0.01430000 0.00233928 -0.20025006
v 0.01430000 0.00169386 -0.19930004
v 0.01430000 0.00259386 -0.19930007
v 0.01430000 0.00155990 -0.19880003
v 0.01430000 0.00233934 -0.19835006
v 0.01430000 0.00119389 -0.19843400
v 0.01430000 0.00164391 -0.19765459
v 0.01430000 0.00069389 -0.19830001
v 0.01430000 0.00069392 -0.19740001
v 0.01430000 0.00019388 -0.19843397
v 0.01430000 -0.00025609 -0.19765453
v 0.01430000 -0.00017215 -0.19879998
v 0.01430000 -0.00095156 -0.19834996
v 0.01430000 -0.00030614 -0.19929998
v 0.01430000 -0.00120614 -0.19929995
v 0.01430000 -0.00017218 -0.19979998
v 0.01430000 -0.00095162 -0.20024996
v 0.01430000 0.00019383 -0.20016602
v 0.01430000 -0.00025619 -0.20094543
v 0.01430000 0.00069383 -0.20030001
v 0.01430000 0.00069380 -0.20120001
v 0.01130000 0.00069380 -0.20120001
v 0.01030000 0.00164381 -0.20094549
v 0.01130000 0.00164381 -0.20094549
v 0.01030000 0.00233928 -0.20025006
v 0.01130000 0.00233928 -0.20025006
v 0.01030000 0.00259386 -0.19930007
v 0.01130000 0.00259386 -0.19930007
v 0.01030000 0.00233934 -0.19835006
v 0.01130000 0.00233934 -0.19835006
v 0.01030000 0.00164391 -0.19765459
v 0.01130000 0.00164391 -0.19765459
v 0.01030000 0.00069392 -0.19740001
v 0.01130000 0.00069392 -0.19740001
v 0.01030000 -0.00025609 -0.19765453
v 0.01130000 -0.00025609 -0.19765453
v 0.01030000 -0.00095156 -0.19834996
v 0.01130000 -0.00095156 -0.19834996
v 0.01030000 -0.00120614 -0.19929995
v 0.01130000 -0.00120614 -0.19929995
v 0.01030000 -0.00095162 -0.20024996
v 0.01130000 -0.00095162 -0.20024996
v 0.01030000 -0.00025619 -0.20094543
v 0.01130000 -0.00025619 -0.20094543
v 0.01030000 0.00069380 -0.20120001
v 0.01430000 0.00069380 -0.20120001
v 0.01330000 0.00164381 -0.20094549
v 0.01430000 0.00164381 -0.20094549
v 0.01330000 0.00233928 -0.20025006
v 0.01430000 0.00233928 -0.20025006
v 0.01330000 0.00259386 -0.19930007
v 0.01430000 0.00259386 -0.19930007
v 0.01330000 0.00233934 -0.19835006
v 0.01430000 0.00233934 -0.19835006
v 0.01330000 0.00164391 -0.19765459
v 0.01430000 0.00164391 -0.19765459
v 0.01330000 0.00069392 -0.19740001
v 0.01430000 0.00069392 -0.19740001
v 0.01330000 -0.00025609 -0.19765453
v 0.01430000 -0.00025609 -0.19765453
v 0.01330000 -0.00095156 -0.19834996
v 0.01430000 -0.00095156 -0.19834996
v 0.01330000 -0.00120614 -0.19929995
v 0.01430000 -0.00120614 -0.19929995
v 0.01330000 -0.00095162 -0.20024996
v 0.01430000 -0.00095162 -0.20024996
v 0.01330000 -0.00025619 -0.20094543
v 0.01430000 -0.00025619 -0.20094543
v 0.01330000 0.00069380 -0.20120001
v 0.01130000 0.00207952 -0.19850005
v 0.01130000 0.00233934 -0.19835006
v 0.01130000 0.00149390 -0.19791439
v 0.01130000 0.00164391 -0.19765459
v 0.01130000 0.00069391 -0.19770001
v 0.01130000 0.00069392 -0.19740001
v 0.01130000 -0.00010610 -0.19791434
v 0.01130000 -0.00025609 -0.19765453
v 0.01130000 -0.00069176 -0.19849997
v 0.01130000 -0.00095156 -0.19834996
v 0.01130000 -0.00090614 -0.19929996
v 0.01130000 -0.00120614 -0.19929995
v 0.01130000 -0.00069181 -0.20009996
v 0.01130000 -0.00095162 -0.20024996
v 0.01130000 -0.00010618 -0.20068562
v 0.01130000 -0.00025619 -0.20094543
v 0.01130000 0.00069381 -0.20090001
v 0.01130000 0.00069380 -0.20120001
v 0.01130000 0.00149382 -0.20068567
v 0.01130000 0.00164381 -0.20094549
v 0.01130000 0.00207947 -0.20010005
v 0.01130000 0.00233928 -0.20025006
v 0.01130000 0.00229386 -0.19930006
v 0.01130000 0.00259386 -0.19930007
v 0.01330000 -0.00069176 -0.19849997
v 0.01330000 -0.00095156 -0.19834996
v 0.01330000 -0.00010610 -0.19791434
v 0.01330000 -0.00025609 -0.19765453
v 0.01330000 0.00069391 -0.19770001
v 0.01330000 0.00069392 -0.19740001
v 0.01330000 0.00149390 -0.19791439
v 0.01330000 0.00164391 -0.19765459
v 0.01330000 0.00207952 -0.19850005
v 0.01330000 0.00233934 -0.19835006
v 0.01330000 0.00229386 -0.19930006
v 0.01330000 0.00259386 -0.19930007
v 0.01330000 0.00207947 -0.20010005
v 0.01330000 0.00233928 -0.20025006
v 0.01330000 0.00149382 -0.20068567
v 0.01330000 0.00164381 -0.20094549
v 0.01330000 0.00069381 -0.20090001
v 0.01330000 0.00069380 -0.20120001
v 0.01330000 -0.00010618 -0.20068562
v 0.01330000 -0.00025619 -0.20094543
v 0.01330000 -0.00069181 -0.20009996
v 0.01330000 -0.00095162 -0.20024996
v 0.01330000 -0.00090614 -0.19929996
v 0.01330000 -0.00120614 -0.19929995
v 0.01330000 0.00229386 -0.19930006
v 0.01130000 0.00207952 -0.19850005
v 0.01330000 0.00207952 -0.19850005
v 0.01130000 0.00149390 -0.19791439
v 0.01330000 0.00149390 -0.19791439
v 0.01130000 0.00069391 -0.19770001
v 0.01330000 0.00069391 -0.19770001
v 0.01130000 -0.00010610 -0.19791434
v 0.01330000 -0.00010610 -0.19791434
v 0.01130000 -0.00069176 -0.19849997
v 0.01330000 -0.00069176 -0.19849997
v 0.01130000 -0.00090614 -0.19929996
v 0.01330000 -0.00090614 -0.19929996
v 0.01130000 -0.00069181 -0.20009996
v 0.01330000 -0.00069181 -0.20009996
v 0.01130000 -0.00010618 -0.20068562
v 0.01330000 -0.00010618 -0.20068562
v 0.01130000 0.00069381 -0.20090001
v 0.01330000 0.00069381 -0.20090001
v 0.01130000 0.00149382 -0.20068567
v 0.01330000 0.00149382 -0.20068567
v 0.01130000 0.00207947 -0.20010005
v 0.01330000 0.00207947 -0.20010005
v 0.01130000 0.00229386 -0.19930006
v -0.01370000 0.00119383 -0.20016605
v -0.01370000 0.00164381 -0.20094549
v -0.01370000 0.00155987 -0.19980004
v -0.01370000 0.00233928 -0.20025006
v -0.01370000 0.00169386 -0.19930004
v -0.01370000 0.00259386 -0.19930007
v -0.01370000 0.00155990 -0.19880003
v -0.01370000 0.00233934 -0.19835006
v -0.01370000 0.00119389 -0.19843400
v -0.01370000 0.00164391 -0.19765459
v -0.01370000 0.00069389 -0.19830001
v -0.01370000 0.00069392 -0.19740001
v -0.01370000 0.00019388 -0.19843397
v -0.01370000 -0.00025609 -0.19765453
v -0.01370000 -0.00017215 -0.19879998
v -0.01370000 -0.00095156 -0.19834996
v -0.01370000 -0.00030614 -0.19929998
v -0.01370000 -0.00120614 -0.19929995
v -0.01370000 -0.00017218 -0.19979998
v -0.01370000 -0.00095162 -0.20024996
v -0.01370000 0.00019383 -0.20016602
v -0.01370000 -0.00025619 -0.20094543
v -0.01370000 0.00069383 -0.20030001
v -0.01370000 0.00069380 -0.20120001
v -0.01770000 0.00069383 -0.20030001
v -0.01370000 0.00069383 -0.20030001
v -0.01770000 0.00119383 -0.20016605
v -0.01370000 0.00119383 -0.20016605
v -0.01770000 0.00155987 -0.19980004
v -0.01370000 0.00155987 -0.19980004
v -0.01770000 0.00169386 -0.19930004
v -0.01370000 0.00169386 -0.19930004
v -0.01770000 0.00155990 -0.19880003
v -0.01370000 0.00155990 -0.19880003
v -0.01770000 0.00119389 -0.19843400
v -0.01370000 0.00119389 -0.19843400
v -0.01770000 0.00069389 -0.19830001
v -0.01370000 0.00069389 -0.19830001
v -0.01770000 0.00019388 -0.19843397
v -0.01370000 0.00019388 -0.19843397
v -0.01770000 -0.00017215 -0.19879998
v -0.01370000 -0.00017215 -0.19879998
v -0.01770000 -0.00030614 -0.19929998
v -0.01370000 -0.00030614 -0.19929998
v -0.01770000 -0.00017218 -0.19979998
v -0.01370000 -0.00017218 -0.19979998
v -0.01770000 0.00019383 -0.20016602
v -0.01370000 0.00019383 -0.20016602
v -0.01770000 0.00155987 -0.19980004
v -0.01770000 0.00233928 -0.20025006
v -0.01770000 0.00119383 -0.20016605
v -0.01770000 0.00164381 -0.20094549
v -0.01770000 0.00069383 -0.20030001
v -0.01770000 0.00069380 -0.20120001
v -0.01770000 0.00019383 -0.20016602
v -0.01770000 -0.00025619 -0.20094543
v -0.01770000 -0.00017218 -0.19979998
v -0.01770000 -0.00095162 -0.20024996
v -0.01770000 -0.00030614 -0.19929998
v -0.01770000 -0.00120614 -0.19929995
v -0.01770000 -0.00017215 -0.19879998
v -0.01770000 -0.00095156 -0.19834996
v -0.01770000 0.00019388 -0.19843397
v -0.01770000 -0.00025609 -0.19765453
v -0.01770000 0.00069389 -0.19830001
v -0.01770000 0.00069392 -0.19740001
v -0.01770000 0.00119389 -0.19843400
v -0.01770000 0.00164391 -0.19765459
v -0.01770000 0.00155990 -0.19880003
v -0.01770000 0.00233934 -0.19835006
v -0.01770000 0.00169386 -0.19930004
v -0.01770000 0.00259386 -0.19930007
v -0.01670000 0.00069380 -0.20120001
v -0.01770000 0.00164381 -0.20094549
v -0.01670000 0.00164381 -0.20094549
v -0.01770000 0.00233928 -0.20025006
v -0.01670000 0.00233928 -0.20025006
v -0.01770000 0.00259386 -0.19930007
v -0.01670000 0.00259386 -0.19930007
v -0.01770000 0.00233934 -0.19835006
v -0.01670000 0.00233934 -0.19835006
v -0.01770000 0.00164391 -0.19765459
v -0.01670000 0.00164391 -0.19765459
v -0.01770000 0.00069392 -0.19740001
v -0.01670000 0.00069392 -0.19740001
v -0.01770000 -0.00025609 -0.19765453
v -0.01670000 -0.00025609 -0.19765453
v -0.01770000 -0.00095156 -0.19834996
v -0.01670000 -0.00095156 -0.19834996
v -0.01770000 -0.00120614 -0.19929995
v -0.01670000 -0.00120614 -0.19929995
v -0.01770000 -0.00095162 -0.20024996
v -0.01670000 -0.00095162 -0.20024996
v -0.01770000 -0.00025619 -0.20094543
v -0.01670000 -0.00025619 -0.20094543
v -0.01770000 0.00069380 -0.20120001
v -0.01370000 0.00069380 -0.20120001
v -0.01470000 0.00164381 -0.20094549
v -0.01370000 0.00164381 -0.20094549
v -0.01470000 0.00233928 -0.20025006
v -0.01370000 0.00233928 -0.20025006
v -0.01470000 0.00259386 -0.19930007
v -0.01370000 0.00259386 -0.19930007
v -0.01470000 0.00233934 -0.19835006
v -0.01370000 0.00233934 -0.19835006
v -0.01470000 0.00164391 -0.19765459
v -0.01370000 0.00164391 -0.19765459
v -0.01470000 0.00069392 -0.19740001
v -0.01370000 0.00069392 -0.19740001
v -0.01470000 -0.00025609 -0.19765453
v -0.01370000 -0.00025609 -0.19765453
v -0.01470000 -0.00095156 -0.19834996
v -0.01370000 -0.00095156 -0.19834996
v -0.01470000 -0.00120614 -0.19929995
v -0.01370000 -0.00120614 -0.19929995
v -0.01470000 -0.00095162 -0.20024996
v -0.01370000 -0.00095162 -0.20024996
v -0.01470000 -0.00025619 -0.20094543
v -0.01370000 -0.00025619 -0.20094543
v -0.01470000 0.00069380 -0.20120001
v -0.01670000 0.00207952 -0.19850005
v -0.01670000 0.00233934 -0.19835006
v -0.01670000 0.00149390 -0.19791439
v -0.01670000 0.00164391 -0.19765459
v -0.01670000 0.00069391 -0.19770001
v -0.01670000 0.00069392 -0.19740001
v -0.01670000 -0.00010610 -0.19791434
v -0.01670000 -0.00025609 -0.19765453
v -0.01670000 -0.00069176 -0.19849997
v -0.01670000 -0.00095156 -0.19834996
v -0.01670000 -0.00090614 -0.19929996
v -0.01670000 -0.00120614 -0.19929995
v -0.01670000 -0.00069181 -0.20009996
v -0.01670000 -0.00095162 -0.20024996
v -0.01670000 -0.00010618 -0.20068562
v -0.01670000 -0.00025619 -0.20094543
v -0.01670000 0.00069381 -0.20090001
v -0.01670000 0.00069380 -0.20120001
v -0.01670000 0.00149382 -0.20068567
v -0.01670000 0.00164381 -0.20094549
v -0.01670000 0.00207947 -0.20010005
v -0.01670000 0.00233928 -0.20025006
v -0.01670000 0.00229386 -0.19930006
v -0.01670000 0.00259386 -0.19930007
v -0.01470000 -0.00069176 -0.19849997
v -0.01470000 -0.00095156 -0.19834996
v -0.01470000 -0.00010610 -0.19791434
v -0.01470000 -0.00025609 -0.19765453
v -0.01470000 0.00069391 -0.19770001
v -0.01470000 0.00069392 -0.19740001
v -0.01470000 0.00149390 -0.19791439
v -0.01470000 0.00164391 -0.19765459
v -0.01470000 0.00207952 -0.19850005
v -0.01470000 0.00233934 -0.19835006
v -0.01470000 0.00229386 -0.19930006
v -0.01470000 0.00259386 -0.19930007
v -0.01470000 0.00207947 -0.20010005
v -0.01470000 0.00233928 -0.20025006
v -0.01470000 0.00149382 -0.20068567
v -0.01470000 0.00164381 -0.20094549
v -0.01470000 0.00069381 -0.20090001
v -0.01470000 0.00069380 -0.20120001
v -0.01470000 -0.00010618 -0.20068562
v -0.01470000 -0.00025619 -0.20094543
v -0.01470000 -0.00069181 -0.20009996
v -0.01470000 -0.00095162 -0.20024996
v -0.01470000 -0.00090614 -0.19929996
v -0.01470000 -0.00120614 -0.19929995
v -0.01470000 0.00229386 -0.19930006
v -0.01670000 0.00207952 -0.19850005
v -0.01470000 0.00207952 -0.19850005
v -0.01670000 0.00149390 -0.19791439
v -0.01470000 0.00149390 -0.19791439
v -0.01670000 0.00069391 -0.19770001
v -0.01470000 0.00069391 -0.19770001
v -0.01670000 -0.00010610 -0.19791434
v -0.01470000 -0.00010610 -0.19791434
v -0.01670000 -0.00069176 -0.19849997
v -0.01470000 -0.00069176 -0.19849997
v -0.01670000 -0.00090614 -0.19929996
v -0.01470000 -0.00090614 -0.19929996
v -0.01670000 -0.00069181 -0.20009996
v -0.01470000 -0.00069181 -0.20009996
v -0.01670000 -0.00010618 -0.20068562
v -0.01470000 -0.00010618 -0.20068562
v -0.01670000 0.00069381 -0.20090001
v -0.01470000 0.00069381 -0.20090001
v -0.01670000 0.00149382 -0.20068567
v -0.01470000 0.00149382 -0.20068567
v -0.01670000 0.00207947 -0.20010005
v -0.01470000 0.00207947 -0.20010005
v -0.01670000 0.00229386 -0.19930006
v -0.01370000 -0.00380344 -0.11179987
v -0.01770000 -0.00380344 -0.11179987
v -0.01370000 -0.00330345 -0.11193386
v -0.01770000 -0.00330345 -0.11193386
v -0.01370000 -0.00293743 -0.11229990
v -0.01770000 -0.00293743 -0.11229990
v -0.01370000 -0.00280347 -0.11279990
v -0.01770000 -0.00280347 -0.11279990
v -0.01370000 -0.00293746 -0.11329989
v -0.01770000 -0.00293746 -0.11329989
v -0.01370000 -0.00330350 -0.11366591
v -0.01770000 -0.00330350 -0.11366591
v -0.01370000 -0.00380350 -0.11379987
v -0.01770000 -0.00380350 -0.11379987
v -0.01370000 -0.00430350 -0.11366588
v -0.01770000 -0.00430350 -0.11366588
v -0.01370000 -0.00466951 -0.11329984
v -0.01770000 -0.00466951 -0.11329984
v -0.01370000 -0.00480348 -0.11279984
v -0.01770000 -0.00480348 -0.11279984
v -0.01370000 -0.00466948 -0.11229985
v -0.01770000 -0.00466948 -0.11229985
v -0.01370000 -0.00430345 -0.11193383
v -0.01770000 -0.00430345 -0.11193383
v -0.01370000 -0.00466948 -0.11229985
v -0.01370000 -0.00544889 -0.11184983
v -0.01370000 -0.00480348 -0.11279984
v -0.01370000 -0.00570348 -0.11279981
v -0.01370000 -0.00466951 -0.11329984
v -0.01370000 -0.00544895 -0.11374981
v -0.01370000 -0.00430350 -0.11366588
v -0.01370000 -0.00475353 -0.11444529
v -0.01370000 -0.00380350 -0.11379987
v -0.01370000 -0.00380353 -0.11469987
v -0.01370000 -0.00330350 -0.11366591
v -0.01370000 -0.00285353 -0.11444534
v -0.01370000 -0.00293746 -0.11329989
v -0.01370000 -0.00215806 -0.11374991
v -0.01370000 -0.00280347 -0.11279990
v -0.01370000 -0.00190347 -0.11279993
v -0.01370000 -0.00293743 -0.11229990
v -0.01370000 -0.00215800 -0.11184993
v -0.01370000 -0.00330345 -0.11193386
v -0.01370000 -0.00285343 -0.11115445
v -0.01370000 -0.00380344 -0.11179987
v -0.01370000 -0.00380341 -0.11089987
v -0.01370000 -0.00430345 -0.11193383
v -0.01370000 -0.00475342 -0.11115439
v -0.01770000 -0.00293743 -0.11229990
v -0.01770000 -0.00215800 -0.11184993
v -0.01770000 -0.00280347 -0.11279990
v -0.01770000 -0.00190347 -0.11279993
v -0.01770000 -0.00293746 -0.11329989
v -0.01770000 -0.00215806 -0.11374991
v -0.01770000 -0.00330350 -0.11366591
v -0.01770000 -0.00285353 -0.11444534
v -0.01770000 -0.00380350 -0.11379987
v -0.01770000 -0.00380353 -0.11469987
v -0.01770000 -0.00430350 -0.11366588
v -0.01770000 -0.00475353 -0.11444529
v -0.01770000 -0.00466951 -0.11329984
v -0.01770000 -0.00544895 -0.11374981
v -0.01770000 -0.00480348 -0.11279984
v -0.01770000 -0.00570348 -0.11279981
v -0.01770000 -0.00466948 -0.11229985
v -0.01770000 -0.00544889 -0.11184983
v -0.01770000 -0.00430345 -0.11193383
v -0.01770000 -0.00475342 -0.11115439
v -0.01770000 -0.00380344 -0.11179987
v -0.01770000 -0.00380341 -0.11089987
v -0.01770000 -0.00330345 -0.11193386
v -0.01770000 -0.00285343 -0.11115445
v -0.01470000 -0.00380341 -0.11089987
v -0.01370000 -0.00285343 -0.11115445
v -0.01470000 -0.00285343 -0.11115445
v -0.01370000 -0.00215800 -0.11184993
v -0.01470000 -0.00215800 -0.11184993
v -0.01370000 -0.00190347 -0.11279993
v -0.01470000 -0.00190347 -0.11279993
v -0.01370000 -0.00215806 -0.11374991
v -0.01470000 -0.00215806 -0.11374991
v -0.01370000 -0.00285353 -0.11444534
v -0.01470000 -0.00285353 -0.11444534
v -0.01370000 -0.00380353 -0.11469987
v -0.01470000 -0.00380353 -0.11469987
v -0.01370000 -0.00475353 -0.11444529
v -0.01470000 -0.00475353 -0.11444529
v -0.01370000 -0.00544895 -0.11374981
v -0.01470000 -0.00544895 -0.11374981
v -0.01370000 -0.00570348 -0.11279981
v -0.01470000 -0.00570348 -0.11279981
v -0.01370000 -0.00544889 -0.11184983
v -0.01470000 -0.00544889 -0.11184983
v -0.01370000 -0.00475342 -0.11115439
v -0.01470000 -0.00475342 -0.11115439
v -0.01370000 -0.00380341 -0.11089987
v -0.01770000 -0.00380341 -0.11089987
v -0.01670000 -0.00285343 -0.11115445
v -0.01770000 -0.00285343 -0.11115445
v -0.01670000 -0.00215800 -0.11184993
v -0.01770000 -0.00215800 -0.11184993
v -0.01670000 -0.00190347 -0.11279993
v -0.01770000 -0.00190347 -0.11279993
v -0.01670000 -0.00215806 -0.11374991
v -0.01770000 -0.00215806 -0.11374991
v -0.01670000 -0.00285353 -0.11444534
v -0.01770000 -0.00285353 -0.11444534
v -0.01670000 -0.00380353 -0.11469987
v -0.01770000 -0.00380353 -0.11469987
v -0.01670000 -0.00475353 -0.11444529
v -0.01770000 -0.00475353 -0.11444529
v -0.01670000 -0.00544895 -0.11374981
v -0.01770000 -0.00544895 -0.11374981
v -0.01670000 -0.00570348 -0.11279981
v -0.01770000 -0.00570348 -0.11279981
v -0.01670000 -0.00544889 -0.11184983
v -0.01770000 -0.00544889 -0.11184983
v -0.01670000 -0.00475342 -0.11115439
v -0.01770000 -0.00475342 -0.11115439
v -0.01670000 -0.00380341 -0.11089987
v -0.01470000 -0.00380352 -0.11439987
v -0.01470000 -0.00380353 -0.11469987
v -0.01470000 -0.00460352 -0.11418549
v -0.01470000 -0.00475353 -0.11444529
v -0.01470000 -0.00518914 -0.11359983
v -0.01470000 -0.00544895 -0.11374981
v -0.01470000 -0.00540347 -0.11279982
v -0.01470000 -0.00570348 -0.11279981
v -0.01470000 -0.00518909 -0.11199983
v -0.01470000 -0.00544889 -0.11184983
v -0.01470000 -0.00460343 -0.11141420
v -0.01470000 -0.00475342 -0.11115439
v -0.01470000 -0.00380342 -0.11119987
v -0.01470000 -0.00380341 -0.11089987
v -0.01470000 -0.00300343 -0.11141425
v -0.01470000 -0.00285343 -0.11115445
v -0.01470000 -0.00241781 -0.11199991
v -0.01470000 -0.00215800 -0.11184993
v -0.01470000 -0.00220348 -0.11279992
v -0.01470000 -0.00190347 -0.11279993
v -0.01470000 -0.00241786 -0.11359991
v -0.01470000 -0.00215806 -0.11374991
v -0.01470000 -0.00300352 -0.11418554
v -0.01470000 -0.00285353 -0.11444534
v -0.01670000 -0.00380342 -0.11119987
v -0.01670000 -0.00380341 -0.11089987
v -0.01670000 -0.00460343 -0.11141420
v -0.01670000 -0.00475342 -0.11115439
v -0.01670000 -0.00518909 -0.11199983
v -0.01670000 -0.00544889 -0.11184983
v -0.01670000 -0.00540347 -0.11279982
v -0.01670000 -0.00570348 -0.11279981
v -0.01670000 -0.00518914 -0.11359983
v -0.01670000 -0.00544895 -0.11374981
v -0.01670000 -0.00460352 -0.11418549
v -0.01670000 -0.00475353 -0.11444529
v -0.01670000 -0.00380352 -0.11439987
v -0.01670000 -0.00380353 -0.11469987
v -0.01670000 -0.00300352 -0.11418554
v -0.01670000 -0.00285353 -0.11444534
v -0.01670000 -0.00241786 -0.11359991
v -0.01670000 -0.00215806 -0.11374991
v -0.01670000 -0.00220348 -0.11279992
v -0.01670000 -0.00190347 -0.11279993
v -0.01670000 -0.00241781 -0.11199991
v -0.01670000 -0.00215800 -0.11184993
v -0.01670000 -0.00300343 -0.11141425
v -0.01670000 -0.00285343 -0.11115445
v -0.01670000 -0.00380342 -0.11119987
v -0.01470000 -0.00300343 -0.11141425
v -0.01670000 -0.00300343 -0.11141425
v -0.01470000 -0.00241781 -0.11199991
v -0.01670000 -0.00241781 -0.11199991
v -0.01470000 -0.00220348 -0.11279992
v -0.01670000 -0.00220348 -0.11279992
v -0.01470000 -0.00241786 -0.11359991
v -0.01670000 -0.00241786 -0.11359991
v -0.01470000 -0.00300352 -0.11418554
v -0.01670000 -0.00300352 -0.11418554
v -0.01470000 -0.00380352 -0.11439987
v -0.01670000 -0.00380352 -0.11439987
v -0.01470000 -0.00460352 -0.11418549
v -0.01670000 -0.00460352 -0.11418549
v -0.01470000 -0.00518914 -0.11359983
v -0.01670000 -0.00518914 -0.11359983
v -0.01470000 -0.00540347 -0.11279982
v -0.01670000 -0.00540347 -0.11279982
v -0.01470000 -0.00518909 -0.11199983
v -0.01670000 -0.00518909 -0.11199983
v -0.01470000 -0.00460343 -0.11141420
v -0.01670000 -0.00460343 -0.11141420
v -0.01470000 -0.00380342 -0.11119987
v -0.00114374 0.02125652 -0.11308876
v -0.00054555 0.02125649 -0.11407645
v -0.00114374 0.02025651 -0.11308873
v -0.00054555 0.02025648 -0.11407642
v -0.00110182 0.02125645 -0.11508833
v -0.00225627 0.02125645 -0.11511253
v -0.00110182 0.02025645 -0.11508830
v -0.00225627 0.02025645 -0.11511250
v -0.00054555 0.02125649 -0.11407645
v -0.00110182 0.02125645 -0.11508833
v -0.00054555 0.02025648 -0.11407642
v -0.00110182 0.02025645 -0.11508830
v -0.00229818 0.02125652 -0.11311296
v -0.00114374 0.02125652 -0.11308876
v -0.00229818 0.02025651 -0.11311292
v -0.00114374 0.02025651 -0.11308873
v -0.00054555 0.02025648 -0.11407642
v -0.00110182 0.02025645 -0.11508830
v -0.00114374 0.02025651 -0.11308873
v -0.00225627 0.02025645 -0.11511250
v -0.00229818 0.02025651 -0.11311292
v -0.00285445 0.02025648 -0.11412482
v -0.00051500 0.01391649 -0.11410042
v -0.00067376 0.01875651 -0.11350807
v -0.00067376 0.01391650 -0.11350792
v -0.00110750 0.01875652 -0.11307433
v -0.00110750 0.01391652 -0.11307418
v -0.00170000 0.01875652 -0.11291557
v -0.00170000 0.01391652 -0.11291542
v -0.00229250 0.01875652 -0.11307433
v -0.00229250 0.01391652 -0.11307418
v -0.00272624 0.01875651 -0.11350807
v -0.00272624 0.01391650 -0.11350792
v -0.00288500 0.01875649 -0.11410057
v -0.00288500 0.01391649 -0.11410042
v -0.00272624 0.01875647 -0.11469307
v -0.00272624 0.01391647 -0.11469292
v -0.00229250 0.01875646 -0.11512680
v -0.00229250 0.01391645 -0.11512665
v -0.00170000 0.01875645 -0.11528557
v -0.00170000 0.01391645 -0.11528542
v -0.00110750 0.01875646 -0.11512680
v -0.00110750 0.01391645 -0.11512665
v -0.00067376 0.01875647 -0.11469307
v -0.00067376 0.01391647 -0.11469292
v -0.00051500 0.01875649 -0.11410057
v -0.00110750 0.01391645 -0.11512665
v -0.00067376 0.01391647 -0.11469292
v -0.00170000 0.01391649 -0.11410042
v -0.00051500 0.01391649 -0.11410042
v -0.00067376 0.01391650 -0.11350792
v -0.00272624 0.01391647 -0.11469292
v -0.00229250 0.01391645 -0.11512665
v -0.00170000 0.01391645 -0.11528542
v -0.00229250 0.01391652 -0.11307418
v -0.00272624 0.01391650 -0.11350792
v -0.00288500 0.01391649 -0.11410042
v -0.00110750 0.01391652 -0.11307418
v -0.00170000 0.01391652 -0.11291542
v -0.00288500 0.01875649 -0.11410057
v -0.00329000 0.01875649 -0.11410057
v -0.00272624 0.01875647 -0.11469307
v -0.00307698 0.01875646 -0.11489556
v -0.00229250 0.01875646 -0.11512680
v -0.00249500 0.01875644 -0.11547754
v -0.00170000 0.01875645 -0.11528557
v -0.00170000 0.01875644 -0.11569057
v -0.00110750 0.01875646 -0.11512680
v -0.00090500 0.01875644 -0.11547754
v -0.00067376 0.01875647 -0.11469307
v -0.00032302 0.01875646 -0.11489556
v -0.00051500 0.01875649 -0.11410057
v -0.00011000 0.01875649 -0.11410057
v -0.00067376 0.01875651 -0.11350807
v -0.00032302 0.01875651 -0.11330557
v -0.00110750 0.01875652 -0.11307433
v -0.00090500 0.01875653 -0.11272359
v -0.00170000 0.01875652 -0.11291557
v -0.00170000 0.01875654 -0.11251056
v -0.00229250 0.01875652 -0.11307433
v -0.00249500 0.01875653 -0.11272359
v -0.00272624 0.01875651 -0.11350807
v -0.00307698 0.01875651 -0.11330557
v -0.00011000 0.01875649 -0.11410057
v -0.00032302 0.02009651 -0.11330561
v -0.00032302 0.01875651 -0.11330557
v -0.00090500 0.02009653 -0.11272363
v -0.00090500 0.01875653 -0.11272359
v -0.00170000 0.02009654 -0.11251060
v -0.00170000 0.01875654 -0.11251056
v -0.00249500 0.02009653 -0.11272363
v -0.00249500 0.01875653 -0.11272359
v -0.00307698 0.02009651 -0.11330561
v -0.00307698 0.01875651 -0.11330557
v -0.00329000 0.02009649 -0.11410061
v -0.00329000 0.01875649 -0.11410057
v -0.00307698 0.02009646 -0.11489561
v -0.00307698 0.01875646 -0.11489556
v -0.00249500 0.02009645 -0.11547758
v -0.00249500 0.01875644 -0.11547754
v -0.00170000 0.02009644 -0.11569061
v -0.00170000 0.01875644 -0.11569057
v -0.00090500 0.02009645 -0.11547758
v -0.00090500 0.01875644 -0.11547754
v -0.00032302 0.02009646 -0.11489561
v -0.00032302 0.01875646 -0.11489556
v -0.00011000 0.02009649 -0.11410061
v -0.00249500 0.02009653 -0.11272363
v -0.00280750 0.02009655 -0.11218236
v -0.00307698 0.02009651 -0.11330561
v -0.00361825 0.02009652 -0.11299310
v -0.00329000 0.02009649 -0.11410061
v -0.00391500 0.02009649 -0.11410061
v -0.00307698 0.02009646 -0.11489561
v -0.00361825 0.02009645 -0.11520811
v -0.00249500 0.02009645 -0.11547758
v -0.00280750 0.02009643 -0.11601885
v -0.00170000 0.02009644 -0.11569061
v -0.00170000 0.02009642 -0.11631561
v -0.00090500 0.02009645 -0.11547758
v -0.00059250 0.02009643 -0.11601885
v -0.00032302 0.02009646 -0.11489561
v 0.00021825 0.02009645 -0.11520811
v -0.00011000 0.02009649 -0.11410061
v 0.00051500 0.02009649 -0.11410061
v -0.00032302 0.02009651 -0.11330561
v 0.00021825 0.02009652 -0.11299310
v -0.00090500 0.02009653 -0.11272363
v -0.00059250 0.02009655 -0.11218236
v -0.00170000 0.02009654 -0.11251060
v -0.00170000 0.02009656 -0.11188560
v 0.00051500 0.02009649 -0.11410061
v 0.00021825 0.02125652 -0.11299314
v 0.00021825 0.02009652 -0.11299310
v -0.00059250 0.02125654 -0.11218239
v -0.00059250 0.02009655 -0.11218236
v -0.00170000 0.02125655 -0.11188564
v -0.00170000 0.02009656 -0.11188560
v -0.00280750 0.02125654 -0.11218239
v -0.00280750 0.02009655 -0.11218236
v -0.00361825 0.02125652 -0.11299314
v -0.00361825 0.02009652 -0.11299310
v -0.00391500 0.02125648 -0.11410065
v -0.00391500 0.02009649 -0.11410061
v -0.00361825 0.02125645 -0.11520815
v -0.00361825 0.02009645 -0.11520811
v -0.00280750 0.02125643 -0.11601889
v -0.00280750 0.02009643 -0.11601885
v -0.00170000 0.02125642 -0.11631565
v -0.00170000 0.02009642 -0.11631561
v -0.00059250 0.02125643 -0.11601889
v -0.00059250 0.02009643 -0.11601885
v 0.00021825 0.02125645 -0.11520815
v 0.00021825 0.02009645 -0.11520811
v 0.00051500 0.02125648 -0.11410065
v -0.00361825 0.02125645 -0.11520815
v -0.00285445 0.02125648 -0.11412485
v -0.00225627 0.02125645 -0.11511253
v -0.00110182 0.02125645 -0.11508833
v -0.00170000 0.02125642 -0.11631565
v -0.00280750 0.02125643 -0.11601889
v -0.00391500 0.02125648 -0.11410065
v -0.00361825 0.02125652 -0.11299314
v -0.00229818 0.02125652 -0.11311296
v -0.00054555 0.02125649 -0.11407645
v 0.00021825 0.02125645 -0.11520815
v -0.00059250 0.02125643 -0.11601889
v -0.00114374 0.02125652 -0.11308876
v 0.00021825 0.02125652 -0.11299314
v 0.00051500 0.02125648 -0.11410065
v -0.00280750 0.02125654 -0.11218239
v -0.00170000 0.02125655 -0.11188564
v -0.00059250 0.02125654 -0.11218239
v -0.00285445 0.02125648 -0.11412485
v -0.00229818 0.02125652 -0.11311296
v -0.00285445 0.02025648 -0.11412482
v -0.00229818 0.02025651 -0.11311292
v -0.00225627 0.02125645 -0.11511253
v -0.00285445 0.02125648 -0.11412485
v -0.00225627 0.02025645 -0.11511250
v -0.00285445 0.02025648 -0.11412482
v 0.01330000 -0.00380342 -0.11119987
v 0.01330000 -0.00380341 -0.11089987
v 0.01330000 -0.00300343 -0.11141425
v 0.01330000 -0.00285343 -0.11115445
v 0.01330000 -0.00241781 -0.11199991
v 0.01330000 -0.00215800 -0.11184993
v 0.01330000 -0.00220348 -0.11279992
v 0.01330000 -0.00190347 -0.11279993
v 0.01330000 -0.00241786 -0.11359991
v 0.01330000 -0.00215806 -0.11374991
v 0.01330000 -0.00300352 -0.11418554
v 0.01330000 -0.00285353 -0.11444534
v 0.01330000 -0.00380352 -0.11439987
v 0.01330000 -0.00380353 -0.11469987
v 0.01330000 -0.00460352 -0.11418549
v 0.01330000 -0.00475353 -0.11444529
v 0.01330000 -0.00518914 -0.11359983
v 0.01330000 -0.00544895 -0.11374981
v 0.01330000 -0.00540347 -0.11279982
v 0.01330000 -0.00570348 -0.11279981
v 0.01330000 -0.00518909 -0.11199983
v 0.01330000 -0.00544889 -0.11184983
v 0.01330000 -0.00460343 -0.11141420
v 0.01330000 -0.00475342 -0.11115439
v 0.01330000 -0.00220348 -0.11279992
v 0.01130000 -0.00241781 -0.11199991
v 0.01330000 -0.00241781 -0.11199991
v 0.01130000 -0.00300343 -0.11141425
v 0.01330000 -0.00300343 -0.11141425
v 0.01130000 -0.00380342 -0.11119987
v 0.01330000 -0.00380342 -0.11119987
v 0.01130000 -0.00460343 -0.11141420
v 0.01330000 -0.00460343 -0.11141420
v 0.01130000 -0.00518909 -0.11199983
v 0.01330000 -0.00518909 -0.11199983
v 0.01130000 -0.00540347 -0.11279982
v 0.01330000 -0.00540347 -0.11279982
v 0.01130000 -0.00518914 -0.11359983
v 0.01330000 -0.00518914 -0.11359983
v 0.01130000 -0.00460352 -0.11418549
v 0.01330000 -0.00460352 -0.11418549
v 0.01130000 -0.00380352 -0.11439987
v 0.01330000 -0.00380352 -0.11439987
v 0.01130000 -0.00300352 -0.11418554
v 0.01330000 -0.00300352 -0.11418554
v 0.01130000 -0.00241786 -0.11359991
v 0.01330000 -0.00241786 -0.11359991
v 0.01130000 -0.00220348 -0.11279992
v 0.01030000 -0.00380350 -0.11379987
v 0.01430000 -0.00380350 -0.11379987
v 0.01030000 -0.00330350 -0.11366591
v 0.01430000 -0.00330350 -0.11366591
v 0.01030000 -0.00293746 -0.11329989
v 0.01430000 -0.00293746 -0.11329989
v 0.01030000 -0.00280347 -0.11279990
v 0.01430000 -0.00280347 -0.11279990
v 0.01030000 -0.00293743 -0.11229990
v 0.01430000 -0.00293743 -0.11229990
v 0.01030000 -0.00330345 -0.11193386
v 0.01430000 -0.00330345 -0.11193386
v 0.01030000 -0.00380344 -0.11179987
v 0.01430000 -0.00380344 -0.11179987
v 0.01030000 -0.00430345 -0.11193383
v 0.01430000 -0.00430345 -0.11193383
v 0.01030000 -0.00466948 -0.11229985
v 0.01430000 -0.00466948 -0.11229985
v 0.01030000 -0.00480348 -0.11279984
v 0.01430000 -0.00480348 -0.11279984
v 0.01030000 -0.00466951 -0.11329984
v 0.01430000 -0.00466951 -0.11329984
v 0.01030000 -0.00430350 -0.11366588
v 0.01430000 -0.00430350 -0.11366588
v 0.01030000 -0.00466951 -0.11329984
v 0.01030000 -0.00544895 -0.11374981
v 0.01030000 -0.00480348 -0.11279984
v 0.01030000 -0.00570348 -0.11279981
v 0.01030000 -0.00466948 -0.11229985
v 0.01030000 -0.00544889 -0.11184983
v 0.01030000 -0.00430345 -0.11193383
v 0.01030000 -0.00475342 -0.11115439
v 0.01030000 -0.00380344 -0.11179987
v 0.01030000 -0.00380341 -0.11089987
v 0.01030000 -0.00330345 -0.11193386
v 0.01030000 -0.00285343 -0.11115445
v 0.01030000 -0.00293743 -0.11229990
v 0.01030000 -0.00215800 -0.11184993
v 0.01030000 -0.00280347 -0.11279990
v 0.01030000 -0.00190347 -0.11279993
v 0.01030000 -0.00293746 -0.11329989
v 0.01030000 -0.00215806 -0.11374991
v 0.01030000 -0.00330350 -0.11366591
v 0.01030000 -0.00285353 -0.11444534
v 0.01030000 -0.00380350 -0.11379987
v 0.01030000 -0.00380353 -0.11469987
v 0.01030000 -0.00430350 -0.11366588
v 0.01030000 -0.00475353 -0.11444529
v 0.01430000 -0.00293746 -0.11329989
v 0.01430000 -0.00215806 -0.11374991
v 0.01430000 -0.00280347 -0.11279990
v 0.01430000 -0.00190347 -0.11279993
v 0.01430000 -0.00293743 -0.11229990
v 0.01430000 -0.00215800 -0.11184993
v 0.01430000 -0.00330345 -0.11193386
v 0.01430000 -0.00285343 -0.11115445
v 0.01430000 -0.00380344 -0.11179987
v 0.01430000 -0.00380341 -0.11089987
v 0.01430000 -0.00430345 -0.11193383
v 0.01430000 -0.00475342 -0.11115439
v 0.01430000 -0.00466948 -0.11229985
v 0.01430000 -0.00544889 -0.11184983
v 0.01430000 -0.00480348 -0.11279984
v 0.01430000 -0.00570348 -0.11279981
v 0.01430000 -0.00466951 -0.11329984
v 0.01430000 -0.00544895 -0.11374981
v 0.01430000 -0.00430350 -0.11366588
v 0.01430000 -0.00475353 -0.11444529
v 0.01430000 -0.00380350 -0.11379987
v 0.01430000 -0.00380353 -0.11469987
v 0.01430000 -0.00330350 -0.11366591
v 0.01430000 -0.00285353 -0.11444534
v 0.01130000 -0.00380353 -0.11469987
v 0.01030000 -0.00285353 -0.11444534
v 0.01130000 -0.00285353 -0.11444534
v 0.01030000 -0.00215806 -0.11374991
v 0.01130000 -0.00215806 -0.11374991
v 0.01030000 -0.00190347 -0.11279993
v 0.01130000 -0.00190347 -0.11279993
v 0.01030000 -0.00215800 -0.11184993
v 0.01130000 -0.00215800 -0.11184993
v 0.01030000 -0.00285343 -0.11115445
v 0.01130000 -0.00285343 -0.11115445
v 0.01030000 -0.00380341 -0.11089987
v 0.01130000 -0.00380341 -0.11089987
v 0.01030000 -0.00475342 -0.11115439
v 0.01130000 -0.00475342 -0.11115439
v 0.01030000 -0.00544889 -0.11184983
v 0.01130000 -0.00544889 -0.11184983
v 0.01030000 -0.00570348 -0.11279981
v 0.01130000 -0.00570348 -0.11279981
v 0.01030000 -0.00544895 -0.11374981
v 0.01130000 -0.00544895 -0.11374981
v 0.01030000 -0.00475353 -0.11444529
v 0.01130000 -0.00475353 -0.11444529
v 0.01030000 -0.00380353 -0.11469987
v 0.01430000 -0.00380353 -0.11469987
v 0.01330000 -0.00285353 -0.11444534
v 0.01430000 -0.00285353 -0.11444534
v 0.01330000 -0.00215806 -0.11374991
v 0.01430000 -0.00215806 -0.11374991
v 0.01330000 -0.00190347 -0.11279993
v 0.01430000 -0.00190347 -0.11279993
v 0.01330000 -0.00215800 -0.11184993
v 0.01430000 -0.00215800 -0.11184993
v 0.01330000 -0.00285343 -0.11115445
v 0.01430000 -0.00285343 -0.11115445
v 0.01330000 -0.00380341 -0.11089987
v 0.01430000 -0.00380341 -0.11089987
v 0.01330000 -0.00475342 -0.11115439
v 0.01430000 -0.00475342 -0.11115439
v 0.01330000 -0.00544889 -0.11184983
v 0.01430000 -0.00544889 -0.11184983
v 0.01330000 -0.00570348 -0.11279981
v 0.01430000 -0.00570348 -0.11279981
v 0.01330000 -0.00544895 -0.11374981
v 0.01430000 -0.00544895 -0.11374981
v 0.01330000 -0.00475353 -0.11444529
v 0.01430000 -0.00475353 -0.11444529
v 0.01330000 -0.00380353 -0.11469987
v 0.01130000 -0.00380342 -0.11119987
v 0.01130000 -0.00380341 -0.11089987
v 0.01130000 -0.00460343 -0.11141420
v 0.01130000 -0.00475342 -0.11115439
v 0.01130000 -0.00518909 -0.11199983
v 0.01130000 -0.00544889 -0.11184983
v 0.01130000 -0.00540347 -0.11279982
v 0.01130000 -0.00570348 -0.11279981
v 0.01130000 -0.00518914 -0.11359983
v 0.01130000 -0.00544895 -0.11374981
v 0.01130000 -0.00460352 -0.11418549
v 0.01130000 -0.00475353 -0.11444529
v 0.01130000 -0.00380352 -0.11439987
v 0.01130000 -0.00380353 -0.11469987
v 0.01130000 -0.00300352 -0.11418554
v 0.01130000 -0.00285353 -0.11444534
v 0.01130000 -0.00241786 -0.11359991
v 0.01130000 -0.00215806 -0.11374991
v 0.01130000 -0.00220348 -0.11279992
v 0.01130000 -0.00190347 -0.11279993
v 0.01130000 -0.00241781 -0.11199991
v 0.01130000 -0.00215800 -0.11184993
v 0.01130000 -0.00300343 -0.11141425
v 0.01130000 -0.00285343 -0.11115445
v -0.02150000 0.01499364 -0.20631541
v -0.01770000 0.01499364 -0.20631541
v -0.01770000 0.01481284 -0.20705420
v -0.02150000 0.01481284 -0.20705420
v -0.01770000 0.01431132 -0.20762603
v -0.02150000 0.01431132 -0.20762603
v -0.01770000 0.01360244 -0.20790168
v -0.02150000 0.01360244 -0.20790168
v -0.01770000 0.01284636 -0.20781886
v -0.02150000 0.01284636 -0.20781886
v -0.02170000 0.01479365 -0.20631541
v -0.02150000 0.01499364 -0.20631541
v -0.02150000 0.01481284 -0.20705420
v -0.02170000 0.01463544 -0.20696185
v -0.02150000 0.01431132 -0.20762603
v -0.02170000 0.01419662 -0.20746220
v -0.02150000 0.01360244 -0.20790168
v -0.02170000 0.01357634 -0.20770339
v -0.02150000 0.01284636 -0.20781886
v -0.02170000 0.01291478 -0.20763092
v -0.02150000 -0.00096651 -0.20279090
v -0.01770000 -0.00096651 -0.20279090
v -0.01770000 -0.00203358 -0.20213268
v -0.02150000 -0.00203358 -0.20213268
v -0.01770000 -0.00275267 -0.20110564
v -0.02150000 -0.00275267 -0.20110564
v -0.01770000 -0.00300616 -0.19987779
v -0.02150000 -0.00300616 -0.19987779
v -0.02170000 -0.00089810 -0.20260296
v -0.02150000 -0.00096651 -0.20279090
v -0.02150000 -0.00203358 -0.20213268
v -0.02170000 -0.00189632 -0.20198720
v -0.02150000 -0.00275267 -0.20110564
v -0.02170000 -0.00256902 -0.20102643
v -0.02150000 -0.00300616 -0.19987779
v -0.02170000 -0.00280616 -0.19987779
v -0.01770000 0.01499657 -0.11120045
v -0.02150000 0.01499657 -0.11120045
v -0.02150000 0.01499657 -0.11120045
v -0.02170000 0.01479658 -0.11120045
v -0.02150000 0.01339663 -0.10960041
v -0.01770000 0.01339663 -0.10960041
v -0.01770000 0.01419662 -0.10981478
v -0.02150000 0.01419662 -0.10981478
v -0.01770000 0.01478224 -0.11040045
v -0.02150000 0.01478224 -0.11040045
v -0.02170000 0.01339662 -0.10980039
v -0.02150000 0.01339663 -0.10960041
v -0.02150000 0.01419662 -0.10981478
v -0.02170000 0.01409661 -0.10998799
v -0.02150000 0.01478224 -0.11040045
v -0.02170000 0.01460903 -0.11050044
v -0.01770000 -0.00590338 -0.10959981
v -0.02150000 -0.00590338 -0.10959981
v -0.02150000 0.01339663 -0.10960041
v -0.02170000 0.01339662 -0.10980039
v -0.02150000 -0.00590338 -0.10959981
v -0.02170000 -0.00590338 -0.10979980
v -0.02150000 -0.00700341 -0.11069977
v -0.01770000 -0.00700341 -0.11069977
v -0.01770000 -0.00685602 -0.11014978
v -0.02150000 -0.00685602 -0.11014978
v -0.01770000 -0.00645338 -0.10974717
v -0.02150000 -0.00645338 -0.10974717
v -0.02170000 -0.00680341 -0.11069977
v -0.02150000 -0.00700341 -0.11069977
v -0.02150000 -0.00685602 -0.11014978
v -0.02170000 -0.00668282 -0.11024978
v -0.02150000 -0.00645338 -0.10974717
v -0.02170000 -0.00635339 -0.10992037
v -0.02150000 -0.00590338 -0.10959981
v -0.02170000 -0.00590338 -0.10979980
v -0.01770000 -0.00700348 -0.11304977
v -0.02150000 -0.00700348 -0.11304977
v -0.02170000 -0.00680348 -0.11304977
v -0.02150000 -0.00700348 -0.11304977
v -0.02150000 -0.00576356 -0.11552981
v -0.01770000 -0.00576356 -0.11552981
v -0.01770000 -0.00667625 -0.11443614
v -0.02150000 -0.00667625 -0.11443614
v -0.02170000 -0.00564356 -0.11536982
v -0.02150000 -0.00576356 -0.11552981
v -0.02150000 -0.00667625 -0.11443614
v -0.02170000 -0.00649736 -0.11434671
v -0.01770000 -0.00376361 -0.11702986
v -0.02150000 -0.00376361 -0.11702986
v -0.02170000 -0.00364360 -0.11686987
v -0.02150000 -0.00376361 -0.11702986
v -0.02150000 -0.00300365 -0.11854989
v -0.01770000 -0.00300365 -0.11854989
v -0.02150000 -0.00320421 -0.11770018
v -0.01770000 -0.00320421 -0.11770018
v -0.02150000 -0.00320421 -0.11770018
v -0.02170000 -0.00302533 -0.11761075
v -0.02150000 -0.00300365 -0.11854989
v -0.02170000 -0.00280365 -0.11854990
v -0.02170000 -0.00380352 -0.11439987
v -0.01770000 -0.00380352 -0.11439987
v -0.02170000 -0.00300352 -0.11418554
v -0.01770000 -0.00300352 -0.11418554
v -0.02170000 -0.00241786 -0.11359991
v -0.01770000 -0.00241786 -0.11359991
v -0.02170000 -0.00220348 -0.11279992
v -0.01770000 -0.00220348 -0.11279992
v -0.02170000 -0.00241781 -0.11199991
v -0.01770000 -0.00241781 -0.11199991
v -0.02170000 -0.00300343 -0.11141425
v -0.01770000 -0.00300343 -0.11141425
v -0.02170000 -0.00380342 -0.11119987
v -0.01770000 -0.00380342 -0.11119987
v -0.02170000 -0.00460343 -0.11141420
v -0.01770000 -0.00460343 -0.11141420
v -0.02170000 -0.00518909 -0.11199983
v -0.01770000 -0.00518909 -0.11199983
v -0.02170000 -0.00540347 -0.11279982
v -0.01770000 -0.00540347 -0.11279982
v -0.02170000 -0.00518914 -0.11359983
v -0.01770000 -0.00518914 -0.11359983
v -0.02170000 -0.00460352 -0.11418549
v -0.01770000 -0.00460352 -0.11418549
v -0.02170000 0.00979648 -0.11440029
v -0.01770000 0.00979648 -0.11440029
v -0.02170000 0.01059648 -0.11418596
v -0.01770000 0.01059648 -0.11418596
v -0.02170000 0.01118214 -0.11360033
v -0.01770000 0.01118214 -0.11360033
v -0.02170000 0.01139652 -0.11280034
v -0.01770000 0.01139652 -0.11280034
v -0.02170000 0.01118219 -0.11200033
v -0.01770000 0.01118219 -0.11200033
v -0.02170000 0.01059657 -0.11141467
v -0.01770000 0.01059657 -0.11141467
v -0.02170000 0.00979658 -0.11120029
v -0.01770000 0.00979658 -0.11120029
v -0.02170000 0.00899657 -0.11141462
v -0.01770000 0.00899657 -0.11141462
v -0.02170000 0.00841091 -0.11200025
v -0.01770000 0.00841091 -0.11200025
v -0.02170000 0.00819653 -0.11280024
v -0.01770000 0.00819653 -0.11280024
v -0.02170000 0.00841086 -0.11360024
v -0.01770000 0.00841086 -0.11360024
v -0.02170000 0.00899648 -0.11418591
v -0.01770000 0.00899648 -0.11418591
v -0.02050000 0.01049381 -0.20090031
v -0.02050000 0.01049379 -0.20160031
v -0.02050000 0.00969382 -0.20068593
v -0.02050000 0.00934380 -0.20129213
v -0.02050000 0.00910820 -0.20010027
v -0.02050000 0.00850197 -0.20045025
v -0.02050000 0.00889386 -0.19930026
v -0.02050000 0.00819386 -0.19930024
v -0.02050000 0.00910825 -0.19850027
v -0.02050000 0.00850204 -0.19815025
v -0.02050000 0.00969390 -0.19791465
v -0.02050000 0.00934392 -0.19730842
v -0.02050000 0.01049391 -0.19770031
v -0.02050000 0.01049393 -0.19700031
v -0.02050000 0.01129391 -0.19791469
v -0.02050000 0.01164392 -0.19730849
v -0.02050000 0.01187953 -0.19850035
v -0.02050000 0.01248575 -0.19815037
v -0.02050000 0.01209386 -0.19930036
v -0.02050000 0.01279386 -0.19930038
v -0.02050000 0.01187948 -0.20010035
v -0.02050000 0.01248568 -0.20045037
v -0.02050000 0.01129382 -0.20068598
v -0.02050000 0.01164380 -0.20129220
v -0.02170000 0.00069381 -0.20090001
v -0.01770000 0.00069381 -0.20090001
v -0.02170000 0.00149382 -0.20068567
v -0.01770000 0.00149382 -0.20068567
v -0.02170000 0.00207947 -0.20010005
v -0.01770000 0.00207947 -0.20010005
v -0.02170000 0.00229386 -0.19930006
v -0.01770000 0.00229386 -0.19930006
v -0.02170000 0.00207952 -0.19850005
v -0.01770000 0.00207952 -0.19850005
v -0.02170000 0.00149390 -0.19791439
v -0.01770000 0.00149390 -0.19791439
v -0.02170000 0.00069391 -0.19770001
v -0.01770000 0.00069391 -0.19770001
v -0.02170000 -0.00010610 -0.19791434
v -0.01770000 -0.00010610 -0.19791434
v -0.02170000 -0.00069176 -0.19849997
v -0.01770000 -0.00069176 -0.19849997
v -0.02170000 -0.00090614 -0.19929996
v -0.01770000 -0.00090614 -0.19929996
v -0.02170000 -0.00069181 -0.20009996
v -0.01770000 -0.00069181 -0.20009996
v -0.02170000 -0.00010618 -0.20068562
v -0.01770000 -0.00010618 -0.20068562
v -0.02050000 0.01049393 -0.19700031
v -0.02170000 0.01049393 -0.19700031
v -0.02050000 0.01164392 -0.19730849
v -0.02170000 0.01164392 -0.19730849
v -0.02050000 0.01248575 -0.19815037
v -0.02170000 0.01248575 -0.19815037
v -0.02050000 0.01279386 -0.19930038
v -0.02170000 0.01279386 -0.19930038
v -0.02050000 0.01248568 -0.20045037
v -0.02170000 0.01248568 -0.20045037
v -0.02050000 0.01164380 -0.20129220
v -0.02170000 0.01164380 -0.20129220
v -0.02050000 0.01049379 -0.20160031
v -0.02170000 0.01049379 -0.20160031
v -0.02050000 0.00934380 -0.20129213
v -0.02170000 0.00934380 -0.20129213
v -0.02050000 0.00850197 -0.20045025
v -0.02170000 0.00850197 -0.20045025
v -0.02050000 0.00819386 -0.19930024
v -0.02170000 0.00819386 -0.19930024
v -0.02050000 0.00850204 -0.19815025
v -0.02170000 0.00850204 -0.19815025
v -0.02050000 0.00934392 -0.19730842
v -0.02170000 0.00934392 -0.19730842
v -0.01770000 -0.00300616 -0.19987779
v -0.01770000 -0.00275267 -0.20110564
v -0.01770000 -0.00069181 -0.20009996
v -0.01770000 -0.00203358 -0.20213268
v -0.01770000 -0.00010618 -0.20068562
v -0.01770000 -0.00096651 -0.20279090
v -0.01770000 0.00069381 -0.20090001
v -0.01770000 0.01059648 -0.11418596
v -0.01770000 0.00979648 -0.11440029
v -0.01770000 0.00889386 -0.19930026
v -0.01770000 0.01284636 -0.20781886
v -0.01770000 0.01049381 -0.20090031
v -0.01770000 0.00969382 -0.20068593
v -0.01770000 0.01139652 -0.11280034
v -0.01770000 0.01049391 -0.19770031
v -0.01770000 0.01129391 -0.19791469
v -0.01770000 -0.00300365 -0.11854989
v -0.01770000 -0.00220348 -0.11279992
v -0.01770000 -0.00320421 -0.11770018
v -0.01770000 -0.00241786 -0.11359991
v -0.01770000 -0.00376361 -0.11702986
v -0.01770000 -0.00380342 -0.11119987
v -0.01770000 0.00841086 -0.11360024
v -0.01770000 0.00819653 -0.11280024
v -0.01770000 0.01118214 -0.11360033
v -0.01770000 0.00910825 -0.19850027
v -0.01770000 0.00969390 -0.19791465
v -0.01770000 -0.00300343 -0.11141425
v -0.01770000 -0.00241781 -0.11199991
v -0.01770000 0.00149382 -0.20068567
v -0.01770000 0.00207947 -0.20010005
v -0.01770000 0.00910820 -0.20010027
v -0.01770000 0.00229386 -0.19930006
v -0.01770000 0.00207952 -0.19850005
v -0.01770000 -0.00300352 -0.11418554
v -0.01770000 -0.00380352 -0.11439987
v -0.01770000 -0.00576356 -0.11552981
v -0.01770000 -0.00460352 -0.11418549
v -0.01770000 -0.00667625 -0.11443614
v -0.01770000 -0.00518914 -0.11359983
v -0.01770000 -0.00700348 -0.11304977
v -0.01770000 -0.00540347 -0.11279982
v -0.01770000 -0.00700341 -0.11069977
v -0.01770000 -0.00518909 -0.11199983
v -0.01770000 -0.00685602 -0.11014978
v -0.01770000 -0.00460343 -0.11141420
v -0.01770000 0.00149390 -0.19791439
v -0.01770000 0.00069391 -0.19770001
v -0.01770000 0.00899648 -0.11418591
v -0.01770000 -0.00010610 -0.19791434
v -0.01770000 -0.00090614 -0.19929996
v -0.01770000 -0.00069176 -0.19849997
v -0.01770000 0.00841091 -0.11200025
v -0.01770000 -0.00590338 -0.10959981
v -0.01770000 -0.00645338 -0.10974717
v -0.01770000 0.01360244 -0.20790168
v -0.01770000 0.01431132 -0.20762603
v -0.01770000 0.01129382 -0.20068598
v -0.01770000 0.01481284 -0.20705420
v -0.01770000 0.01187948 -0.20010035
v -0.01770000 0.01499364 -0.20631541
v -0.01770000 0.01209386 -0.19930036
v -0.01770000 0.01499657 -0.11120045
v -0.01770000 0.01187953 -0.19850035
v -0.01770000 0.00899657 -0.11141462
v -0.01770000 0.00979658 -0.11120029
v -0.01770000 0.01339663 -0.10960041
v -0.01770000 0.01059657 -0.11141467
v -0.01770000 0.01419662 -0.10981478
v -0.01770000 0.01118219 -0.11200033
v -0.01770000 0.01478224 -0.11040045
v -0.02050000 0.01049381 -0.20090031
v -0.01770000 0.01049381 -0.20090031
v -0.02050000 0.01129382 -0.20068598
v -0.01770000 0.01129382 -0.20068598
v -0.02050000 0.01187948 -0.20010035
v -0.01770000 0.01187948 -0.20010035
v -0.02050000 0.01209386 -0.19930036
v -0.01770000 0.01209386 -0.19930036
v -0.02050000 0.01187953 -0.19850035
v -0.01770000 0.01187953 -0.19850035
v -0.02050000 0.01129391 -0.19791469
v -0.01770000 0.01129391 -0.19791469
v -0.02050000 0.01049391 -0.19770031
v -0.01770000 0.01049391 -0.19770031
v -0.02050000 0.00969390 -0.19791465
v -0.01770000 0.00969390 -0.19791465
v -0.02050000 0.00910825 -0.19850027
v -0.01770000 0.00910825 -0.19850027
v -0.02050000 0.00889386 -0.19930026
v -0.01770000 0.00889386 -0.19930026
v -0.02050000 0.00910820 -0.20010027
v -0.01770000 0.00910820 -0.20010027
v -0.02050000 0.00969382 -0.20068593
v -0.01770000 0.00969382 -0.20068593
v 0.01902359 0.01677346 -0.21421047
v 0.01916501 0.01682545 -0.21403159
v 0.01926985 0.01649984 -0.21432282
v 0.01941127 0.01657919 -0.21413270
v -0.01814890 0.02103499 -0.21194870
v -0.01878284 0.02060768 -0.21214062
v -0.01878284 0.02061089 -0.10780063
v -0.01813339 0.02103814 -0.21194728
v -0.01813402 0.02104443 -0.10780064
v -0.01736863 0.02119668 -0.10780064
v -0.01736863 0.02119347 -0.21187703
v -0.02180000 0.01299668 -0.10780039
v -0.02200000 0.01319668 -0.10760039
v -0.02319706 0.01299668 -0.10780039
v -0.02319706 0.01319668 -0.10760039
v -0.02329706 0.01309668 -0.10770039
v -0.01878284 0.02060768 -0.21214062
v -0.01864142 0.02055570 -0.21231950
v -0.02256501 0.01682545 -0.21403159
v -0.02242359 0.01677346 -0.21421047
v -0.02319706 0.01319668 -0.10760039
v -0.02200000 0.01319668 -0.10760039
v -0.02319706 0.01516826 -0.10760046
v -0.02200000 0.01570673 -0.10760047
v -0.02306004 0.01585709 -0.10760048
v -0.02266985 0.01644105 -0.10760049
v 0.01926985 0.01644105 -0.10760049
v 0.01852297 0.01609161 -0.10760048
v 0.01966004 0.01585709 -0.10760048
v 0.01860000 0.01570673 -0.10760047
v 0.01979706 0.01516826 -0.10760046
v 0.01860000 0.01319668 -0.10760039
v 0.01979706 0.01319668 -0.10760039
v -0.02192388 0.01608942 -0.10760048
v -0.02170711 0.01641384 -0.10760049
v -0.01864142 0.02046948 -0.10760062
v -0.01811716 0.02000380 -0.10760060
v -0.01805748 0.02085966 -0.10760063
v -0.01779056 0.02022146 -0.10760061
v -0.01736863 0.02099668 -0.10760064
v -0.01741005 0.02029669 -0.10760061
v 0.01396863 0.02099668 -0.10760064
v 0.01401005 0.02029669 -0.10760061
v 0.01466139 0.02085803 -0.10760063
v 0.01439055 0.02022146 -0.10760061
v 0.01524142 0.02046948 -0.10760062
v 0.01471716 0.02000380 -0.10760060
v 0.01830710 0.01641384 -0.10760049
v 0.01401005 0.02009668 -0.10780061
v 0.01401005 0.02029669 -0.10760061
v -0.01741005 0.02009668 -0.10780061
v -0.01741005 0.02029669 -0.10760061
v -0.02339606 0.01120301 -0.15693907
v -0.02339706 0.01120301 -0.15693907
v -0.02339606 0.01115838 -0.15694351
v -0.02339606 0.00977554 -0.14472690
v -0.02339706 0.00977554 -0.14472690
v -0.02339656 0.01075152 -0.14429150
v -0.02339706 0.01151412 -0.12731249
v -0.02339606 0.01151412 -0.12731249
v -0.02339706 0.01151421 -0.12410301
v -0.02339606 0.01151422 -0.12398524
v -0.02339706 0.01151422 -0.12398524
v -0.02339706 0.01516498 -0.21407619
v -0.02339706 0.01516825 -0.10780046
v -0.02339498 0.01525613 -0.21410696
v -0.02324482 0.01593362 -0.10780048
v -0.02324482 0.01593034 -0.21422179
v -0.02281127 0.01658247 -0.10780050
v -0.02281127 0.01657919 -0.21413270
v -0.02339606 0.01051665 -0.15897189
v -0.02339606 0.01051661 -0.16030345
v -0.02339706 0.01051665 -0.15897189
v -0.02339706 0.01051661 -0.16030345
v -0.02339706 0.01214151 -0.15727577
v -0.02339656 0.01240318 -0.15757917
v -0.02339606 0.01214151 -0.15727577
v -0.02339706 0.01145949 -0.13364296
v -0.02339606 0.01145949 -0.13364296
v -0.02339706 0.01145950 -0.13322810
v -0.02339606 0.01145953 -0.13211844
v -0.02339706 0.01145953 -0.13211844
v -0.02339606 0.01197265 -0.13467327
v -0.02339706 0.01197263 -0.13467328
v -0.02339706 0.01178252 -0.13472967
v -0.02339606 0.01178252 -0.13472967
v -0.02339706 0.01157666 -0.13474859
v -0.02339606 0.01157666 -0.13474859
v -0.02339606 0.00977618 -0.12401736
v -0.02339606 0.01120851 -0.12376613
v -0.02339706 0.00977618 -0.12401736
v -0.02339706 0.01120851 -0.12376613
v -0.02339706 0.01241196 -0.14954136
v -0.02339606 0.01241196 -0.14954136
v -0.02339606 0.01220622 -0.14934796
v -0.02339706 0.01220622 -0.14934796
v -0.02339606 0.01191986 -0.14928356
v -0.02339706 0.01191986 -0.14928356
v -0.02339606 0.01180962 -0.15018961
v -0.02339606 0.01181720 -0.15020303
v -0.02339706 0.01181718 -0.15020297
v -0.02339706 0.01177206 -0.15015381
v -0.02339706 0.01170191 -0.15013782
v -0.02339606 0.01170192 -0.15013782
v -0.02339706 0.01180962 -0.15018961
v -0.02339606 0.01177206 -0.15015381
v -0.02339606 0.01046301 -0.14560432
v -0.02339606 0.01115873 -0.14533836
v -0.02339656 0.01117071 -0.14624661
v -0.02339606 0.00977270 -0.14773520
v -0.02339606 0.01053492 -0.14765167
v -0.02339606 0.00987775 -0.14827531
v -0.02339606 0.01065679 -0.14791408
v -0.02339606 0.01017874 -0.14871275
v -0.02339606 0.01087253 -0.14807907
v -0.02339606 0.01062903 -0.14897945
v -0.02339606 0.00994840 -0.14620126
v -0.02339656 0.01070800 -0.14649538
v -0.02339606 0.00977273 -0.14692199
v -0.02339656 0.01052142 -0.14698808
v -0.02339606 0.01052140 -0.14751533
v -0.02339606 0.01115862 -0.14903419
v -0.02339606 0.01117065 -0.14812352
v -0.02339606 0.01120325 -0.14902979
v -0.02339639 0.01119127 -0.14812150
v -0.02339606 0.01189941 -0.14876374
v -0.02339606 0.01149583 -0.14801357
v -0.02339606 0.01241400 -0.14816691
v -0.02339606 0.01174922 -0.14773790
v -0.02339606 0.01258971 -0.14744612
v -0.02339606 0.01184028 -0.14740646
v -0.02339639 0.01184056 -0.14737961
v -0.02339606 0.01258973 -0.14663291
v -0.02339656 0.01184057 -0.14685282
v -0.02339706 0.01243123 -0.14597842
v -0.02339706 0.01178960 -0.14659522
v -0.02339706 0.01208262 -0.14556965
v -0.02339656 0.01165053 -0.14639489
v -0.02339706 0.01160469 -0.14535326
v -0.02339706 0.01144024 -0.14626797
v -0.02339606 0.01120336 -0.14533351
v -0.02339691 0.01119132 -0.14624418
v -0.02339606 0.01118102 -0.14624539
v 0.01840000 0.01153993 -0.11547425
v 0.01979706 0.01153993 -0.11547425
v 0.01840000 0.01260707 -0.11437990
v 0.01979706 0.01260707 -0.11437990
v 0.01840000 0.01299652 -0.11290182
v 0.01979706 0.01299652 -0.11290182
v 0.01979706 0.01509475 -0.21426346
v 0.01999706 0.01516498 -0.21407619
v 0.01979706 0.00612328 -0.21089884
v 0.01999706 0.00619351 -0.21071158
v 0.01986194 0.00605839 -0.21080521
v -0.02319706 0.01299668 -0.10780039
v -0.02319706 0.01299652 -0.11290182
v -0.02180000 0.01299668 -0.10780039
v -0.02180000 0.01299652 -0.11290182
v -0.00330000 0.01869649 -0.11410057
v -0.00330000 0.02009649 -0.11410061
v -0.00308564 0.01869651 -0.11330056
v -0.00308564 0.02009651 -0.11330060
v -0.00250000 0.01869653 -0.11271493
v -0.00250000 0.02009653 -0.11271497
v -0.00170000 0.01869654 -0.11250056
v -0.00170000 0.02009654 -0.11250060
v -0.00090000 0.01869653 -0.11271493
v -0.00090000 0.02009653 -0.11271497
v -0.00031436 0.01869651 -0.11330056
v -0.00031436 0.02009651 -0.11330060
v -0.00010000 0.01869649 -0.11410057
v -0.00010000 0.02009649 -0.11410061
v -0.00031436 0.01869646 -0.11490057
v -0.00031436 0.02009646 -0.11490061
v -0.00090000 0.01869644 -0.11548620
v -0.00090000 0.02009645 -0.11548624
v -0.00170000 0.01869644 -0.11570057
v -0.00170000 0.02009644 -0.11570061
v -0.00250000 0.01869644 -0.11548620
v -0.00250000 0.02009645 -0.11548624
v -0.00308564 0.01869646 -0.11490057
v -0.00308564 0.02009646 -0.11490061
v -0.01473516 0.02099376 -0.20242563
v -0.01490837 0.02119377 -0.20232564
v -0.01387500 0.02099379 -0.20156547
v -0.01397500 0.02119380 -0.20139228
v -0.01270000 0.02099380 -0.20125063
v -0.01270000 0.02119381 -0.20105064
v -0.01152500 0.02099379 -0.20156547
v -0.01142500 0.02119380 -0.20139228
v -0.01066484 0.02099376 -0.20242563
v -0.01049164 0.02119377 -0.20232564
v -0.01035000 0.02099372 -0.20360063
v -0.01015000 0.02119373 -0.20360064
v -0.01066484 0.02099369 -0.20477563
v -0.01049164 0.02119369 -0.20487564
v -0.01152500 0.02099366 -0.20563579
v -0.01142500 0.02119366 -0.20580901
v -0.01270000 0.02099365 -0.20595063
v -0.01270000 0.02119365 -0.20615064
v -0.01387500 0.02099366 -0.20563579
v -0.01397500 0.02119366 -0.20580901
v -0.01473516 0.02099369 -0.20477563
v -0.01490837 0.02119369 -0.20487564
v -0.01505000 0.02099372 -0.20360063
v -0.01525000 0.02119373 -0.20360064
v -0.02281127 0.01658247 -0.10780050
v -0.02266985 0.01644105 -0.10760049
v -0.01878284 0.02061089 -0.10780063
v -0.01864142 0.02046948 -0.10760062
v -0.01797574 0.01986236 -0.10780060
v -0.01811716 0.02000380 -0.10760060
v -0.02156569 0.01627242 -0.10780049
v -0.02170711 0.01641384 -0.10760049
v 0.01816569 0.01626913 -0.21414134
v 0.01816569 0.01627241 -0.10780049
v 0.01789222 0.01654260 -0.21403158
v 0.01457573 0.01986236 -0.10780060
v 0.01457573 0.01985914 -0.21237344
v 0.00230000 0.02038290 -0.21240589
v 0.01401005 0.02038290 -0.21240589
v 0.00210000 0.02018290 -0.21228228
v 0.01401005 0.02009347 -0.21222700
v 0.00210000 0.02009347 -0.21222700
v -0.02339706 0.01257745 -0.13800064
v -0.02339706 0.01233625 -0.13786079
v -0.02339606 0.01257745 -0.13800064
v -0.02339606 0.01233625 -0.13786079
v -0.02339706 0.01007726 -0.14346985
v -0.02339706 0.00977559 -0.14336509
v -0.02339606 0.01007726 -0.14346985
v -0.02339606 0.00977559 -0.14336509
v -0.02339606 0.00977273 -0.14692199
v -0.02339706 0.00977273 -0.14692199
v -0.02339706 0.00994840 -0.14620126
v -0.02339606 0.00994840 -0.14620126
v -0.02339706 0.01046301 -0.14560432
v -0.02339606 0.01046301 -0.14560432
v -0.02339706 0.01115873 -0.14533836
v -0.02339606 0.01115873 -0.14533836
v -0.02329706 0.01309668 -0.10770039
v -0.02339706 0.01319668 -0.10780040
v -0.02319706 0.01299668 -0.10780039
v -0.02339706 0.01319652 -0.11290183
v -0.02319706 0.01299652 -0.11290182
v -0.02339606 0.00977516 -0.15731763
v -0.02339606 0.00977512 -0.15847765
v -0.02339706 0.00977516 -0.15731763
v -0.02339706 0.00977512 -0.15847765
v -0.02339606 0.01253944 -0.15799397
v -0.02339706 0.01253944 -0.15799397
v -0.02339706 0.01256747 -0.15821964
v -0.02339606 0.01256747 -0.15821964
v -0.02339706 0.01257682 -0.15843984
v -0.02339606 0.01257682 -0.15843984
v -0.02339706 0.01173913 -0.13388438
v -0.02339706 0.01179662 -0.13383147
v -0.02339606 0.01179661 -0.13383148
v -0.02339606 0.01173913 -0.13388438
v -0.02339606 0.01164036 -0.13391020
v -0.02339706 0.01164036 -0.13391020
v -0.02339606 0.01161865 -0.13391083
v -0.02339706 0.01161866 -0.13391083
v -0.02339706 0.01090250 -0.13382705
v -0.02339606 0.01090250 -0.13382705
v -0.02339606 0.01094863 -0.13424058
v -0.02339706 0.01094863 -0.13424058
v -0.02339606 0.01108695 -0.13452664
v -0.02339706 0.01108694 -0.13452662
v -0.02339606 0.01051776 -0.12302053
v -0.02339606 0.00977621 -0.12315063
v -0.02339706 0.01051776 -0.12302053
v -0.02339706 0.00977621 -0.12315063
v -0.02339606 0.01187784 -0.11988733
v -0.02339706 0.01187784 -0.11988733
v -0.02339656 0.01214262 -0.11999290
v -0.02339656 0.01172823 -0.11987573
v -0.02339629 0.01150245 -0.15031390
v -0.02339684 0.01150252 -0.15031388
v -0.02339656 0.01147996 -0.15041451
v -0.02339706 0.01151962 -0.15023759
v -0.02339609 0.01151938 -0.15023811
v -0.02339656 0.01152827 -0.15022158
v -0.02339606 0.01117065 -0.14812352
v -0.02339706 0.01117065 -0.14812352
v -0.02339639 0.01119127 -0.14812150
v -0.02339606 0.00977606 -0.12811035
v -0.02339606 0.00977616 -0.12487530
v -0.02339606 0.01049664 -0.12742325
v -0.02339606 0.01049674 -0.12418857
v 0.01979518 0.01517679 -0.21429423
v 0.01999498 0.01525613 -0.21410696
v 0.01979706 0.01509475 -0.21426346
v 0.01999706 0.01516498 -0.21407619
v 0.01999706 0.00634832 -0.20518461
v 0.01979706 0.00618698 -0.20506641
v 0.01979706 0.00604323 -0.20534649
v 0.01999706 0.00623332 -0.20540867
v 0.01979706 0.00599366 -0.20565737
v 0.01999706 0.00619366 -0.20565738
v 0.01941127 0.01657919 -0.21413270
v 0.01941127 0.01658247 -0.10780050
v 0.01984481 0.01593362 -0.10780048
v 0.01999706 0.01516825 -0.10780046
v 0.01999706 0.01516498 -0.21407619
v 0.01999498 0.01525613 -0.21410696
v 0.01984481 0.01593034 -0.21422178
v -0.01430000 0.01869373 -0.20360056
v -0.01430000 0.02009373 -0.20360060
v -0.01408564 0.01869375 -0.20280056
v -0.01408564 0.02009376 -0.20280061
v -0.01350000 0.01869377 -0.20221492
v -0.01350000 0.02009377 -0.20221496
v -0.01270000 0.01869378 -0.20200056
v -0.01270000 0.02009378 -0.20200061
v -0.01190000 0.01869377 -0.20221492
v -0.01190000 0.02009377 -0.20221496
v -0.01131436 0.01869375 -0.20280056
v -0.01131436 0.02009376 -0.20280061
v -0.01110000 0.01869373 -0.20360056
v -0.01110000 0.02009373 -0.20360060
v -0.01131436 0.01869370 -0.20440056
v -0.01131436 0.02009371 -0.20440061
v -0.01190000 0.01869369 -0.20498621
v -0.01190000 0.02009369 -0.20498625
v -0.01270000 0.01869368 -0.20520056
v -0.01270000 0.02009368 -0.20520061
v -0.01350000 0.01869369 -0.20498621
v -0.01350000 0.02009369 -0.20498625
v -0.01408564 0.01869370 -0.20440056
v -0.01408564 0.02009371 -0.20440061
v 0.01047500 0.02099379 -0.20156547
v 0.01057500 0.02119380 -0.20139228
v 0.01133516 0.02099376 -0.20242563
v 0.01150836 0.02119377 -0.20232564
v 0.01165000 0.02099372 -0.20360063
v 0.01185000 0.02119373 -0.20360064
v 0.01133516 0.02099369 -0.20477563
v 0.01150836 0.02119369 -0.20487564
v 0.01047500 0.02099366 -0.20563579
v 0.01057500 0.02119366 -0.20580901
v 0.00930000 0.02099365 -0.20595063
v 0.00930000 0.02119365 -0.20615064
v 0.00812500 0.02099366 -0.20563579
v 0.00802500 0.02119366 -0.20580901
v 0.00726484 0.02099369 -0.20477563
v 0.00709163 0.02119369 -0.20487564
v 0.00695000 0.02099372 -0.20360063
v 0.00675000 0.02119373 -0.20360064
v 0.00726484 0.02099376 -0.20242563
v 0.00709163 0.02119377 -0.20232564
v 0.00812500 0.02099379 -0.20156547
v 0.00802500 0.02119380 -0.20139228
v 0.00930000 0.02099380 -0.20125063
v 0.00930000 0.02119381 -0.20105064
v -0.02306004 0.01585709 -0.10760048
v -0.02324482 0.01593362 -0.10780048
v -0.02339706 0.01516825 -0.10780046
v -0.02319706 0.01516826 -0.10760046
v -0.02156569 0.01626914 -0.21414134
v -0.02156569 0.01627242 -0.10780049
v -0.02173910 0.01601288 -0.10780049
v -0.02173910 0.01600960 -0.21421164
v -0.02180000 0.01570673 -0.10780048
v -0.02180000 0.01570345 -0.21421300
v 0.01457573 0.01986236 -0.10780060
v 0.01471716 0.02000380 -0.10760060
v 0.01431445 0.02003650 -0.10780061
v 0.01439055 0.02022146 -0.10760061
v 0.01401005 0.02009668 -0.10780061
v 0.01401005 0.02029669 -0.10760061
v 0.01457573 0.01985914 -0.21237344
v 0.01431445 0.02003650 -0.10780061
v 0.01431445 0.02003329 -0.21226399
v 0.01401005 0.02009668 -0.10780061
v 0.01401005 0.02009347 -0.21222700
v -0.02339706 0.01233625 -0.13786079
v -0.02339706 0.01231609 -0.13787857
v -0.02339606 0.01233625 -0.13786079
v -0.02339606 0.01231609 -0.13787857
v -0.02339656 0.01075154 -0.14370909
v -0.02339706 0.01007726 -0.14346985
v -0.02339606 0.01007726 -0.14346985
v -0.02339706 0.00977273 -0.14692199
v -0.02339606 0.00977273 -0.14692199
v -0.02339706 0.00977272 -0.14731279
v -0.02339606 0.00977270 -0.14773520
v -0.02319706 0.01516826 -0.10760046
v -0.02339706 0.01516825 -0.10780046
v -0.02319706 0.01319668 -0.10760039
v -0.02339706 0.01319668 -0.10780040
v -0.02329706 0.01309668 -0.10770039
v -0.02339606 0.00977512 -0.15847765
v -0.02339606 0.01051665 -0.15897189
v -0.02339706 0.00977512 -0.15847765
v -0.02339706 0.01051665 -0.15897189
v -0.02339656 0.01240318 -0.15757917
v -0.02339706 0.01248607 -0.15777491
v -0.02339606 0.01248607 -0.15777491
v -0.02339706 0.01253944 -0.15799397
v -0.02339606 0.01253944 -0.15799397
v -0.02339606 0.01145949 -0.13364296
v -0.02339706 0.01145949 -0.13364296
v -0.02339706 0.01146127 -0.13369654
v -0.02339606 0.01146127 -0.13369654
v -0.02339706 0.01149673 -0.13383925
v -0.02339606 0.01149673 -0.13383925
v -0.02339706 0.01150132 -0.13384704
v -0.02339606 0.01150132 -0.13384704
v -0.02339706 0.01155023 -0.13389469
v -0.02339606 0.01155023 -0.13389469
v -0.02339706 0.01161866 -0.13391083
v -0.02339606 0.01161865 -0.13391083
v -0.02339706 0.01127903 -0.13468229
v -0.02339706 0.01108694 -0.13452662
v -0.02339606 0.01108695 -0.13452664
v -0.02339606 0.01127903 -0.13468229
v -0.02339706 0.00977621 -0.12315063
v -0.02339606 0.00977621 -0.12315063
v -0.02339706 0.00977619 -0.12389997
v -0.02339606 0.00977618 -0.12401736
v -0.02339706 0.00977618 -0.12401736
v -0.02339706 0.01257707 -0.15025546
v -0.02339606 0.01257707 -0.15025546
v -0.02339606 0.01253592 -0.14984855
v -0.02339706 0.01253592 -0.14984855
v -0.02339606 0.01241196 -0.14954136
v -0.02339706 0.01241196 -0.14954136
v -0.02339606 0.01165880 -0.15014061
v -0.02339606 0.01170192 -0.15013782
v -0.02339706 0.01170191 -0.15013782
v -0.02339706 0.01165880 -0.15014061
v -0.02339706 0.01157740 -0.15016917
v -0.02339606 0.01157740 -0.15016917
v -0.02339656 0.01152827 -0.15022158
v -0.02339656 0.01117071 -0.14624661
v -0.02339606 0.01118102 -0.14624539
v -0.02339706 0.01118102 -0.14624539
v -0.02339691 0.01119132 -0.14624418
v -0.02339606 0.01087766 -0.12791546
v -0.02339606 0.01087776 -0.12458859
v -0.02339606 0.01151412 -0.12731249
v -0.02339606 0.01151422 -0.12398524
v 0.01979706 0.01153993 -0.11547425
v 0.01840000 0.01153993 -0.11547425
v 0.01979706 0.00896741 -0.11701766
v 0.01840000 0.00896741 -0.11701766
v 0.01986194 0.00605839 -0.21080521
v 0.01999706 0.00619351 -0.21071158
v 0.01979706 0.00599351 -0.21071157
v 0.01999706 0.00619366 -0.20565738
v 0.01979706 0.00599366 -0.20565737
v -0.02200000 0.00612328 -0.21089884
v -0.02200000 0.01517679 -0.21429423
v -0.02187023 0.00599351 -0.21071157
v -0.02180000 0.01524702 -0.21410696
v -0.02180000 0.00599351 -0.21063657
v -0.02319706 0.01153993 -0.11547425
v -0.02180000 0.01153993 -0.11547425
v -0.02319706 0.01260707 -0.11437990
v -0.02180000 0.01260707 -0.11437990
v -0.02319706 0.01299652 -0.11290182
v -0.02180000 0.01299652 -0.11290182
v 0.01999498 0.01525613 -0.21410696
v 0.01979518 0.01517679 -0.21429423
v 0.01990066 0.01567961 -0.21417908
v 0.01972403 0.01563712 -0.21440690
v 0.01984481 0.01593034 -0.21422178
v 0.01960547 0.01598386 -0.21441884
v 0.01967713 0.01618130 -0.21418733
v 0.01949850 0.01614832 -0.21438824
v 0.01926985 0.01649984 -0.21432282
v 0.01941127 0.01657919 -0.21413270
v 0.01396863 0.02119347 -0.21187703
v 0.01396863 0.02119668 -0.10780064
v 0.01473837 0.02104262 -0.10780064
v 0.01473837 0.02103941 -0.21194669
v 0.01538284 0.02061089 -0.10780063
v 0.01538284 0.02060768 -0.21214062
v -0.02200000 0.01319668 -0.10760039
v -0.02180000 0.01299668 -0.10780039
v -0.02200000 0.01570673 -0.10760047
v -0.02180000 0.01570673 -0.10780048
v -0.00570000 0.02108291 -0.21205592
v -0.01736863 0.02108291 -0.21205592
v -0.00564472 0.02113819 -0.21196647
v -0.01736863 0.02119347 -0.21187703
v -0.00570000 0.02119347 -0.21187703
v -0.01797574 0.01985914 -0.21237344
v -0.01797574 0.01986236 -0.10780060
v -0.02129222 0.01654260 -0.21403158
v -0.02156569 0.01627242 -0.10780049
v -0.02156569 0.01626914 -0.21414134
v -0.01771445 0.02003329 -0.21226406
v -0.01741005 0.02009347 -0.21222700
v -0.01741005 0.02009668 -0.10780061
v -0.01771445 0.02003650 -0.10780061
v -0.01797574 0.01986236 -0.10780060
v -0.01797574 0.01985914 -0.21237344
v -0.02339606 0.00977569 -0.14012920
v -0.02339606 0.00977572 -0.13910334
v -0.02339606 0.01230968 -0.13788462
v -0.02339606 0.01163541 -0.13746168
v -0.02339606 0.01231609 -0.13787857
v -0.02339606 0.01233625 -0.13786079
v -0.02339656 0.01049633 -0.13737339
v -0.02339606 0.01049631 -0.13807306
v -0.02339706 0.01049164 -0.13691764
v -0.02339606 0.00977573 -0.13872634
v -0.02339706 0.01049469 -0.13689550
v -0.02339606 0.00977583 -0.13546791
v -0.02339706 0.01049751 -0.13689123
v -0.02339606 0.01257745 -0.13800064
v -0.02339606 0.01257748 -0.13690592
v -0.02339606 0.01169913 -0.13645676
v -0.02339656 0.01089433 -0.13708868
v -0.02339706 0.01088047 -0.13708179
v -0.02339706 0.01054244 -0.13690722
v -0.02339706 0.01050496 -0.13689006
v -0.02339606 0.01258947 -0.15535539
v -0.02339706 0.01258947 -0.15535539
v -0.02339706 0.01241376 -0.15607619
v -0.02339606 0.01241376 -0.15607619
v -0.02339706 0.01189917 -0.15667302
v -0.02339606 0.01189917 -0.15667302
v -0.02339706 0.01120301 -0.15693907
v -0.02339606 0.01120301 -0.15693907
v -0.02339706 0.00977552 -0.14557714
v -0.02339706 0.00977554 -0.14472690
v -0.02339606 0.00977552 -0.14557714
v -0.02339606 0.00977554 -0.14472690
v -0.02339706 0.01087776 -0.12458859
v -0.02339706 0.01151422 -0.12398524
v -0.02339606 0.01087776 -0.12458859
v -0.02339606 0.01151422 -0.12398524
v -0.02326194 0.00605839 -0.21080521
v -0.02339706 0.00619351 -0.21071158
v -0.02319706 0.00612328 -0.21089884
v -0.02339706 0.01516498 -0.21407619
v -0.02319706 0.01509475 -0.21426346
v -0.02339606 0.01051661 -0.16030345
v -0.02339606 0.00977506 -0.16043351
v -0.02339706 0.01051661 -0.16030345
v -0.02339706 0.00977506 -0.16043351
v -0.02339706 0.01214151 -0.15727577
v -0.02339606 0.01214151 -0.15727577
v -0.02339606 0.01195634 -0.15718771
v -0.02339706 0.01195634 -0.15718771
v -0.02339606 0.01172708 -0.15715824
v -0.02339706 0.01172708 -0.15715824
v -0.02339706 0.01145953 -0.13211844
v -0.02339606 0.01145953 -0.13211844
v -0.02339606 0.01141934 -0.13171687
v -0.02339706 0.01141934 -0.13171687
v -0.02339606 0.01129845 -0.13142528
v -0.02339706 0.01129845 -0.13142528
v -0.02339706 0.01214334 -0.13457538
v -0.02339706 0.01197263 -0.13467328
v -0.02339606 0.01197265 -0.13467327
v -0.02339606 0.01214334 -0.13457538
v -0.02339606 0.01229081 -0.13443246
v -0.02339706 0.01229081 -0.13443246
v -0.02339706 0.01120851 -0.12376613
v -0.02339606 0.01120851 -0.12376613
v -0.02339656 0.01120863 -0.12132888
v -0.02339656 0.01165202 -0.14932751
v -0.02339706 0.01177664 -0.14929476
v -0.02339606 0.01177664 -0.14929476
v -0.02339706 0.01191986 -0.14928356
v -0.02339606 0.01191986 -0.14928356
v -0.02339656 0.01184841 -0.15035170
v -0.02339706 0.01181718 -0.15020297
v -0.02339606 0.01181720 -0.15020303
v -0.02339656 0.01052142 -0.14698808
v -0.02339706 0.01052140 -0.14751533
v -0.02339606 0.01052140 -0.14751533
v -0.02339656 0.01120312 -0.15324283
v -0.02339606 0.01118078 -0.15415492
v -0.02339606 0.01115849 -0.15324764
v -0.02339656 0.01117046 -0.15415593
v -0.02339606 0.01046279 -0.15351358
v -0.02339606 0.00977246 -0.15564452
v -0.02339606 0.01053466 -0.15556097
v -0.02339706 0.00993096 -0.15629902
v -0.02339606 0.01065641 -0.15582338
v -0.02339706 0.01027949 -0.15670771
v -0.02339606 0.01087196 -0.15598832
v -0.02339706 0.01075727 -0.15692394
v -0.02339606 0.00994818 -0.15411051
v -0.02339656 0.01070775 -0.15440469
v -0.02339606 0.00977248 -0.15483131
v -0.02339656 0.01052118 -0.15489740
v -0.02339606 0.01052116 -0.15542461
v -0.02339606 0.01115838 -0.15694351
v -0.02339606 0.01117041 -0.15603284
v -0.02339606 0.01120301 -0.15693907
v -0.02339639 0.01119102 -0.15603083
v -0.02339706 0.01121640 -0.15602801
v -0.02339606 0.01189917 -0.15667302
v -0.02339706 0.01151206 -0.15591203
v -0.02339606 0.01241376 -0.15607619
v -0.02339706 0.01175746 -0.15563119
v -0.02339606 0.01258947 -0.15535539
v -0.02339639 0.01184031 -0.15528893
v -0.02339706 0.01258949 -0.15454223
v -0.02339656 0.01184033 -0.15476210
v -0.02339706 0.01243053 -0.15388772
v -0.02339706 0.01178936 -0.15450451
v -0.02339656 0.01218346 -0.15356446
v -0.02339656 0.01165029 -0.15430424
v -0.02339706 0.01174279 -0.15330074
v -0.02339706 0.01143998 -0.15417745
v -0.02339691 0.01119108 -0.15415391
v 0.01840000 0.01299668 -0.10780039
v 0.01840000 0.01299652 -0.11290182
v 0.01979706 0.01299668 -0.10780039
v 0.01979706 0.01299652 -0.11290182
v 0.01989705 0.01309668 -0.10770039
v 0.01979706 0.01299668 -0.10780039
v 0.01999706 0.01319668 -0.10780040
v 0.01979706 0.01299652 -0.11290182
v 0.01999706 0.01319652 -0.11290183
v -0.02319706 0.00896741 -0.11701766
v -0.02180000 0.00896741 -0.11701766
v -0.02319706 0.01153993 -0.11547425
v -0.02180000 0.01153993 -0.11547425
v 0.01840000 0.01570345 -0.21421300
v 0.01860000 0.01568394 -0.21441204
v 0.01840000 0.01524702 -0.21410696
v 0.01860000 0.01517679 -0.21429423
v -0.00318446 0.02119427 -0.18425650
v -0.00553639 0.02119420 -0.18659207
v -0.00423812 0.02119439 -0.18043314
v -0.00716376 0.02119438 -0.18068728
v -0.00770706 0.02119439 -0.18043314
v -0.00407934 0.02119419 -0.18687479
v -0.00074487 0.02119419 -0.18687479
v -0.00553639 0.02119414 -0.18847030
v -0.00219667 0.02119414 -0.18847025
v -0.00708722 0.02119407 -0.19080918
v 0.00115641 0.02119407 -0.19080918
v -0.00553639 0.02119420 -0.18659535
v 0.00115641 0.02119420 -0.18659535
v 0.00167852 0.02119425 -0.18669802
v 0.00115641 0.02119427 -0.18425650
v 0.00115641 0.02119414 -0.18847025
v 0.00125095 0.02119419 -0.18846780
v 0.00268386 0.02119413 -0.19043242
v 0.00169583 0.02119420 -0.18835895
v 0.00385408 0.02119416 -0.18939367
v 0.00195129 0.02119420 -0.18813088
v 0.00441109 0.02119421 -0.18791485
v 0.00208066 0.02119421 -0.18779404
v 0.00443275 0.02119417 -0.18753284
v 0.00206712 0.02119423 -0.18720098
v 0.00405599 0.02119427 -0.18600539
v 0.00193533 0.02119424 -0.18691233
v 0.00301727 0.02119431 -0.18483520
v 0.00153843 0.02119432 -0.18427817
v -0.02173910 0.01601288 -0.10780049
v -0.02192388 0.01608942 -0.10760048
v -0.02180000 0.01570673 -0.10780048
v -0.02200000 0.01570673 -0.10760047
v -0.02129222 0.01654260 -0.21403158
v -0.02143364 0.01677346 -0.21421047
v -0.01797574 0.01985914 -0.21237344
v -0.01811716 0.02009001 -0.21255233
v -0.01771445 0.02003650 -0.10780061
v -0.01779056 0.02022146 -0.10760061
v -0.01797574 0.01986236 -0.10780060
v -0.01811716 0.02000380 -0.10760060
v -0.01741005 0.02038290 -0.21240589
v -0.00570000 0.02038290 -0.21240589
v -0.01741005 0.02009347 -0.21222700
v -0.00550000 0.02018290 -0.21228228
v -0.00550000 0.02009347 -0.21222700
v -0.02339606 0.01230968 -0.13788462
v -0.02339606 0.01231609 -0.13787857
v -0.02339706 0.01230968 -0.13788462
v -0.02339706 0.01231609 -0.13787857
v -0.02339706 0.01258949 -0.15454223
v -0.02339706 0.01258947 -0.15535539
v -0.02339606 0.01258947 -0.15535539
v -0.02339706 0.01219584 -0.14444097
v -0.02339706 0.00977552 -0.14557714
v -0.02339606 0.01219584 -0.14444097
v -0.02339606 0.00977552 -0.14557714
v -0.02339706 0.01087776 -0.12458859
v -0.02339606 0.01087776 -0.12458859
v -0.02339706 0.01087766 -0.12783029
v -0.02339606 0.01087766 -0.12791546
v -0.02339706 0.01087766 -0.12791546
v -0.02319706 0.00599366 -0.20565737
v -0.02339706 0.00619366 -0.20565738
v -0.02319706 0.00599351 -0.21071157
v -0.02339706 0.00619351 -0.21071158
v -0.02326194 0.00605839 -0.21080521
v -0.02339606 0.00977506 -0.16043351
v -0.02339606 0.00977503 -0.16130029
v -0.02339706 0.00977506 -0.16043351
v -0.02339706 0.00977503 -0.16130029
v -0.02339606 0.01184919 -0.12909444
v -0.02339606 0.00977602 -0.12946286
v -0.02339706 0.01184919 -0.12909444
v -0.02339706 0.00977602 -0.12946286
v -0.02339706 0.01129845 -0.13142528
v -0.02339606 0.01129845 -0.13142528
v -0.02339606 0.01109905 -0.13124785
v -0.02339706 0.01109905 -0.13124785
v -0.02339606 0.01082322 -0.13118883
v -0.02339706 0.01082322 -0.13118883
v -0.02339706 0.01229081 -0.13443246
v -0.02339606 0.01229081 -0.13443246
v -0.02339606 0.01241183 -0.13424330
v -0.02339706 0.01241183 -0.13424330
v -0.02339606 0.01250233 -0.13400707
v -0.02339706 0.01250233 -0.13400707
v -0.02339706 0.01144662 -0.14944265
v -0.02339656 0.01165202 -0.14932751
v -0.02339606 0.01144653 -0.14944272
v -0.02339656 0.01184841 -0.15035170
v -0.02339606 0.01184846 -0.15283079
v -0.02339706 0.01184846 -0.15283079
v -0.02339706 0.01117065 -0.14812352
v -0.02339606 0.01117065 -0.14812352
v -0.02339606 0.01087253 -0.14807907
v -0.02339706 0.01087253 -0.14807907
v -0.02339606 0.01065679 -0.14791408
v -0.02339706 0.01065679 -0.14791408
v -0.02339606 0.01053492 -0.14765167
v -0.02339706 0.01053492 -0.14765167
v -0.02339606 0.01052140 -0.14751533
v -0.02339706 0.01052140 -0.14751533
v 0.01979706 0.00599351 -0.21071157
v 0.01847022 0.00599351 -0.21071157
v 0.01986194 0.00605839 -0.21080521
v 0.01860000 0.00612328 -0.21089884
v 0.01979706 0.00612328 -0.21089884
v 0.01860000 0.00612328 -0.21089884
v 0.01847022 0.00599351 -0.21071157
v 0.01840000 0.00599351 -0.21063657
v 0.01979706 0.01153993 -0.11547425
v 0.01999706 0.01164283 -0.11564575
v 0.01979706 0.01260707 -0.11437990
v 0.01999706 0.01278111 -0.11447845
v 0.01979706 0.01299652 -0.11290182
v 0.01999706 0.01319652 -0.11290183
v -0.02319706 0.00825597 -0.11774722
v -0.02180000 0.00825597 -0.11774722
v -0.02319706 0.00799634 -0.11873261
v -0.02180000 0.00799634 -0.11873261
v 0.01816569 0.01626913 -0.21414134
v 0.01830710 0.01646961 -0.21433242
v 0.01833837 0.01601135 -0.21420943
v 0.01852661 0.01610308 -0.21440901
v 0.01834353 0.01598556 -0.21420973
v 0.01860000 0.01568394 -0.21441204
v 0.01840000 0.01570345 -0.21421300
v -0.00221279 0.02119435 -0.18181476
v 0.00430103 0.02119445 -0.17860064
v 0.00054182 0.02119435 -0.18181476
v 0.00208948 0.02119437 -0.18099346
v -0.00143284 0.02119428 -0.18397701
v 0.00115641 0.02119428 -0.18397701
v 0.00183281 0.02119428 -0.18404197
v 0.00451985 0.02119442 -0.18099346
v 0.00460695 0.02119437 -0.18099346
v 0.01816569 0.01627241 -0.10780049
v 0.01830710 0.01641384 -0.10760049
v -0.02242359 0.01677346 -0.21421047
v -0.02143364 0.01677346 -0.21421047
v -0.02170711 0.01646961 -0.21433242
v -0.02266985 0.01649984 -0.21432282
v -0.02196658 0.01597893 -0.21441910
v -0.02291746 0.01616204 -0.21440147
v -0.02200000 0.01517679 -0.21429423
v -0.02319519 0.01517679 -0.21429423
v -0.02200000 0.01568394 -0.21441204
v -0.02312404 0.01563712 -0.21440690
v -0.02298959 0.01597874 -0.21440337
v -0.01767582 0.02034665 -0.21242401
v -0.01741005 0.02038290 -0.21240589
v -0.01741005 0.02009347 -0.21222700
v -0.01759956 0.02005600 -0.21225008
v -0.01771445 0.02003329 -0.21226406
v -0.01796438 0.02021648 -0.21248910
v -0.01780784 0.01997104 -0.21230316
v -0.01797574 0.01985914 -0.21237344
v -0.01811716 0.02009001 -0.21255233
v -0.00550000 0.02018290 -0.21228228
v -0.00550000 0.02099347 -0.21187703
v -0.00550000 0.02009347 -0.21222700
v -0.00550000 0.02099395 -0.19610064
v -0.00550000 0.02009396 -0.19610061
v -0.02339706 0.01241376 -0.15607619
v -0.02339706 0.01258326 -0.15538085
v -0.02339706 0.01258321 -0.15705823
v -0.02339706 0.01115849 -0.15324764
v -0.02339706 0.01068636 -0.15342812
v -0.02339706 0.01068636 -0.15320453
v -0.02339706 0.01163541 -0.13746168
v -0.02339706 0.01068682 -0.13829906
v -0.02339706 0.01068686 -0.13698180
v -0.02339656 0.01075152 -0.14429150
v -0.02339659 0.01068664 -0.14432045
v -0.02339656 0.01075154 -0.14370909
v -0.02339706 0.01241400 -0.14816691
v -0.02339706 0.01258350 -0.14747157
v -0.02339706 0.01258345 -0.14916605
v -0.02339706 0.00776847 -0.20324615
v -0.02339706 0.00798216 -0.20282984
v -0.02339706 0.00798190 -0.21138229
v -0.02339706 0.00819378 -0.20194605
v -0.02339706 0.00819422 -0.18768811
v -0.02339706 0.00977277 -0.18768816
v -0.02339607 0.00977376 -0.15564989
v -0.02339706 0.00977371 -0.15705815
v -0.02339706 0.00819516 -0.15705810
v -0.02339706 0.01257777 -0.12740280
v -0.02339706 0.01212970 -0.12783033
v -0.02339706 0.01168166 -0.12783031
v -0.02339706 0.01068727 -0.12385756
v -0.02339706 0.01068727 -0.12390000
v -0.02339706 0.01044533 -0.12389999
v -0.02339706 0.01170191 -0.15013782
v -0.02339706 0.01177206 -0.15015381
v -0.02339706 0.01180962 -0.15018961
v -0.02339706 0.01181718 -0.15020297
v -0.02339656 0.01184841 -0.15035170
v -0.02339706 0.01168098 -0.15013918
v -0.02339706 0.01241196 -0.14954136
v -0.02339706 0.01220622 -0.14934796
v -0.02339706 0.01191986 -0.14928356
v -0.02339706 0.01168101 -0.14916602
v -0.02339706 0.01177664 -0.14929476
v -0.02339706 0.01258333 -0.15320459
v -0.02339706 0.01257707 -0.15025546
v -0.02339706 0.01253592 -0.14984855
v -0.02339706 0.01168088 -0.15320456
v -0.02339706 0.01184846 -0.15283079
v -0.02339706 0.01257699 -0.15270756
v -0.02339656 0.01147996 -0.15041451
v -0.02339706 0.01147988 -0.15289360
v -0.02339706 0.01068637 -0.15303401
v -0.02339706 0.00977528 -0.15319522
v -0.02339706 0.01151962 -0.15023759
v -0.02339656 0.01152827 -0.15022158
v -0.02339706 0.01165880 -0.15014061
v -0.02339706 0.01157740 -0.15016917
v -0.02339706 0.00977536 -0.15073268
v -0.02339706 0.00977383 -0.15320450
v -0.02339706 0.00977396 -0.14916596
v -0.02339706 0.01021120 -0.14956208
v -0.02339706 0.01007066 -0.14968347
v -0.02339706 0.00995139 -0.14985469
v -0.02339706 0.00985721 -0.15007939
v -0.02339706 0.00979587 -0.15036825
v -0.02339706 0.01104007 -0.14953290
v -0.02339706 0.01089151 -0.14945907
v -0.02339706 0.01068649 -0.14916599
v -0.02339706 0.01070545 -0.14943455
v -0.02339706 0.01068648 -0.14943750
v -0.02339706 0.01036831 -0.14948691
v -0.02339667 0.01168100 -0.14931990
v -0.02339656 0.01165202 -0.14932751
v -0.02339706 0.01144662 -0.14944265
v -0.02339706 0.01168188 -0.12081389
v -0.02339706 0.01169403 -0.12081674
v -0.02339706 0.01178052 -0.12090157
v -0.02339706 0.01183220 -0.12103660
v -0.02339706 0.01184943 -0.12121572
v -0.02339706 0.01168178 -0.12390003
v -0.02339706 0.01184936 -0.12365334
v -0.02339706 0.01257788 -0.12381484
v -0.02339656 0.01214262 -0.11999290
v -0.02339706 0.01187784 -0.11988733
v -0.02339706 0.01258451 -0.11468005
v -0.02339706 0.01168204 -0.11560554
v -0.02339706 0.01256862 -0.12093672
v -0.02339706 0.01254059 -0.12071109
v -0.02339656 0.01240443 -0.12029659
v -0.02339706 0.01222439 -0.12005970
v -0.02339706 0.01257797 -0.12115692
v -0.02339706 0.01258423 -0.12390006
v -0.02339706 0.01257789 -0.12352607
v -0.02339706 0.01219904 -0.12003713
v -0.02339706 0.01217274 -0.12001556
v -0.02339706 0.01120851 -0.12376613
v -0.02339656 0.01120863 -0.12132888
v -0.02339656 0.01123405 -0.12112151
v -0.02339706 0.01157306 -0.12078842
v -0.02339706 0.01149332 -0.12079942
v -0.02339706 0.01142003 -0.12083268
v -0.02339706 0.01130535 -0.12094990
v -0.02339706 0.00977621 -0.12315063
v -0.02339706 0.00977619 -0.12389997
v -0.02339706 0.00977473 -0.12389997
v -0.02339706 0.00977618 -0.12401736
v -0.02339706 0.00977473 -0.12410295
v -0.02339706 0.01068726 -0.12410298
v -0.02339706 0.00977627 -0.12119477
v -0.02339706 0.01051780 -0.12168891
v -0.02339706 0.01051776 -0.12302053
v -0.02339706 0.01068736 -0.12077823
v -0.02339706 0.01055124 -0.12064820
v -0.02339706 0.01068750 -0.11621891
v -0.02339656 0.01032088 -0.12045767
v -0.02339706 0.00977495 -0.11676640
v -0.02339706 0.00977631 -0.12003470
v -0.02339662 0.01168191 -0.11988406
v -0.02339706 0.01136771 -0.11994051
v -0.02339656 0.01172823 -0.11987573
v -0.02339706 0.01164283 -0.11564575
v -0.02339706 0.01068956 -0.12078034
v -0.02339706 0.01082361 -0.12041177
v -0.02339706 0.01105809 -0.12012447
v -0.02339706 0.01197263 -0.13467328
v -0.02339706 0.01214334 -0.13457538
v -0.02339706 0.01258388 -0.13532179
v -0.02339706 0.01178252 -0.13472967
v -0.02339706 0.01168143 -0.13532176
v -0.02339706 0.01168145 -0.13473896
v -0.02339706 0.01229081 -0.13443246
v -0.02339706 0.01241183 -0.13424330
v -0.02339706 0.01250233 -0.13400707
v -0.02339706 0.01257759 -0.13322814
v -0.02339706 0.01258394 -0.13322814
v -0.02339706 0.01257759 -0.13337916
v -0.02339706 0.01255882 -0.13372047
v -0.02339706 0.01094863 -0.13424058
v -0.02339706 0.01108694 -0.13452662
v -0.02339706 0.01068691 -0.13532173
v -0.02339706 0.01127903 -0.13468229
v -0.02339706 0.01157666 -0.13474859
v -0.02339706 0.01090250 -0.13382705
v -0.02339706 0.01068698 -0.13322808
v -0.02339706 0.01090252 -0.13322809
v -0.02339706 0.01090254 -0.13229849
v -0.02339706 0.01068702 -0.13204149
v -0.02339706 0.01090252 -0.13229296
v -0.02339706 0.01071121 -0.13203547
v -0.02339706 0.01073494 -0.13203466
v -0.02339706 0.01080636 -0.13205010
v -0.02339706 0.01085500 -0.13209211
v -0.02339706 0.01087298 -0.13212318
v -0.02339706 0.01055496 -0.13211402
v -0.02339706 0.01062296 -0.13205746
v -0.02339706 0.01051105 -0.13221788
v -0.02339706 0.01049649 -0.13236978
v -0.02339706 0.01049646 -0.13322807
v -0.02339706 0.01049642 -0.13449280
v -0.02339706 0.00977584 -0.13517548
v -0.02339706 0.01068707 -0.13016991
v -0.02339706 0.01068704 -0.13120055
v -0.02339706 0.00977599 -0.13033004
v -0.02339706 0.01060532 -0.13120758
v -0.02339706 0.01040433 -0.13126414
v -0.02339706 0.01022478 -0.13136205
v -0.02339706 0.01007122 -0.13150496
v -0.02339706 0.00994674 -0.13169441
v -0.02339706 0.00985374 -0.13193191
v -0.02339706 0.00979535 -0.13222145
v -0.02339706 0.00977592 -0.13256633
v -0.02339706 0.00977445 -0.13322805
v -0.02339706 0.00977461 -0.12801288
v -0.02339706 0.00977602 -0.12946286
v -0.02339706 0.01145953 -0.13211844
v -0.02339706 0.01141934 -0.13171687
v -0.02339706 0.01168160 -0.12999511
v -0.02339706 0.01129845 -0.13142528
v -0.02339706 0.01109905 -0.13124785
v -0.02339706 0.01082322 -0.13118883
v -0.02339706 0.01145950 -0.13322810
v -0.02339706 0.01168150 -0.13322811
v -0.02339706 0.01145949 -0.13364296
v -0.02339706 0.01168148 -0.13389945
v -0.02339706 0.01146127 -0.13369654
v -0.02339706 0.01161866 -0.13391083
v -0.02339706 0.01155023 -0.13389469
v -0.02339706 0.01150132 -0.13384704
v -0.02339706 0.01164036 -0.13391020
v -0.02339706 0.01149673 -0.13383925
v -0.02339706 0.01173913 -0.13388438
v -0.02339706 0.01179662 -0.13383147
v -0.02339706 0.01183600 -0.13372761
v -0.02339706 0.01184905 -0.13357571
v -0.02339706 0.01184912 -0.13128068
v -0.02339706 0.01184916 -0.12996566
v -0.02339706 0.01257767 -0.13058554
v -0.02339706 0.01257766 -0.13094558
v -0.02339706 0.01184911 -0.13163268
v -0.02339706 0.01184906 -0.13322812
v -0.02339706 0.01168166 -0.12801294
v -0.02339706 0.01193829 -0.12801295
v -0.02339706 0.01184922 -0.12809794
v -0.02339706 0.01258410 -0.12801297
v -0.02339706 0.01257776 -0.12783034
v -0.02339706 0.01258411 -0.12783034
v -0.02339706 0.01257775 -0.12801297
v -0.02339706 0.00977606 -0.12811035
v -0.02339706 0.01068714 -0.12801291
v -0.02339706 0.01068710 -0.12930095
v -0.02339706 0.01168162 -0.12912421
v -0.02339706 0.01184919 -0.12909444
v -0.02339706 0.01184821 -0.16093586
v -0.02339699 0.01168073 -0.15810004
v -0.02339706 0.01184828 -0.15849865
v -0.02339656 0.01177939 -0.15818448
v -0.02339706 0.01248607 -0.15777491
v -0.02339656 0.01240318 -0.15757917
v -0.02339706 0.01214151 -0.15727577
v -0.02339706 0.01195634 -0.15718771
v -0.02339706 0.01168076 -0.15705820
v -0.02339706 0.01172708 -0.15715824
v -0.02339706 0.01257682 -0.15843984
v -0.02339706 0.01256747 -0.15821964
v -0.02339706 0.01253944 -0.15799397
v -0.02339706 0.01257674 -0.16081180
v -0.02339706 0.01258226 -0.18768825
v -0.02339706 0.01167982 -0.18768822
v -0.02339656 0.01123289 -0.15840439
v -0.02339706 0.01130418 -0.15823240
v -0.02339706 0.01141885 -0.15811521
v -0.02339706 0.01166574 -0.15808721
v -0.02339656 0.01157195 -0.15807129
v -0.02339706 0.01149225 -0.15808226
v -0.02339706 0.00977503 -0.16130029
v -0.02339706 0.01068530 -0.18768819
v -0.02339706 0.01068612 -0.16114046
v -0.02339706 0.01120736 -0.16104901
v -0.02339656 0.01120748 -0.15861181
v -0.02339706 0.01051665 -0.15897189
v -0.02339706 0.01051661 -0.16030345
v -0.02339706 0.00977512 -0.15847765
v -0.02339706 0.00977506 -0.16043351
v -0.02339656 0.01068621 -0.15806071
v -0.02339706 0.01055009 -0.15793114
v -0.02339706 0.01068624 -0.15705817
v -0.02339656 0.01031973 -0.15774060
v -0.02339706 0.00977516 -0.15731763
v -0.02339706 0.01168076 -0.15716661
v -0.02339706 0.01136657 -0.15722341
v -0.02339656 0.01068826 -0.15806266
v -0.02339656 0.01082247 -0.15769429
v -0.02339706 0.01105697 -0.15740739
v -0.02339706 0.00843001 -0.11784576
v -0.02339706 0.00907029 -0.11718917
v -0.02339706 0.00819634 -0.11873262
v -0.02339706 0.00819618 -0.12389992
v -0.02339706 0.00819618 -0.12410290
v -0.02339706 0.00977461 -0.12783025
v -0.02339706 0.00819606 -0.12783021
v -0.02339706 0.00819606 -0.12801283
v -0.02339706 0.00819590 -0.13322800
v -0.02339706 0.00977438 -0.13532170
v -0.02339706 0.00819583 -0.13532165
v -0.02339706 0.00819568 -0.14027537
v -0.02339706 0.00977402 -0.14691665
v -0.02339706 0.00819546 -0.14731274
v -0.02339706 0.00977273 -0.14692199
v -0.02339706 0.00977272 -0.14731279
v -0.02339706 0.00819540 -0.14916591
v -0.02339606 0.00977400 -0.14774188
v -0.02339706 0.00819528 -0.15320445
v -0.02339706 0.00977202 -0.21205364
v -0.02339706 0.00808474 -0.20263000
v -0.02339706 0.00619351 -0.21071158
v -0.02339706 0.00619366 -0.20565738
v -0.02339706 0.00634832 -0.20518461
v -0.02339706 0.00623332 -0.20540867
v -0.02339706 0.01068454 -0.21239587
v -0.02339706 0.01167905 -0.21276885
v -0.02339706 0.01258148 -0.21310729
v -0.02339706 0.01516579 -0.18768833
v -0.02339706 0.01516498 -0.21407619
v -0.02339706 0.01319668 -0.10780040
v -0.02339706 0.01516825 -0.10780046
v -0.02339706 0.01319652 -0.11290183
v -0.02339706 0.01516775 -0.12390014
v -0.02339706 0.01278111 -0.11447845
v -0.02339706 0.01248806 -0.12390005
v -0.02339706 0.01227411 -0.12410303
v -0.02339706 0.01168178 -0.12410301
v -0.02339706 0.01184933 -0.12450605
v -0.02339706 0.01184923 -0.12774514
v -0.02339706 0.01257778 -0.12705402
v -0.02339706 0.01258422 -0.12410304
v -0.02339706 0.01257787 -0.12410304
v -0.02339706 0.01257788 -0.12390006
v -0.02339706 0.00987826 -0.12801289
v -0.02339706 0.01006980 -0.12783026
v -0.02339706 0.01068714 -0.12783028
v -0.02339706 0.01049664 -0.12742325
v -0.02339706 0.01049674 -0.12418857
v -0.02339706 0.00977616 -0.12487530
v -0.02339706 0.00977606 -0.12801288
v -0.02339706 0.00977607 -0.12783026
v -0.02339706 0.01087766 -0.12791546
v -0.02339706 0.01087766 -0.12783029
v -0.02339706 0.01087776 -0.12458859
v -0.02339706 0.01139000 -0.12410300
v -0.02339706 0.01151422 -0.12398524
v -0.02339706 0.01096756 -0.12783029
v -0.02339706 0.01151412 -0.12731249
v -0.02339706 0.01151421 -0.12410301
v -0.02339606 0.01068649 -0.14898539
v -0.02339706 0.01114883 -0.14964420
v -0.02339706 0.01130207 -0.14960199
v -0.02339703 0.01121606 -0.14978218
v -0.02339706 0.00977554 -0.14472690
v -0.02339706 0.00977552 -0.14557714
v -0.02339706 0.00977423 -0.14027541
v -0.02339706 0.00994840 -0.14620126
v -0.02339706 0.01046301 -0.14560432
v -0.02339706 0.01068660 -0.14551885
v -0.02339706 0.01068661 -0.14514944
v -0.02339706 0.01115873 -0.14533836
v -0.02339706 0.01168114 -0.14468258
v -0.02339706 0.01257733 -0.14184955
v -0.02339706 0.01257736 -0.14073627
v -0.02339706 0.01258372 -0.14027550
v -0.02339706 0.01168128 -0.14027547
v -0.02339656 0.01168119 -0.14318808
v -0.02339656 0.01168122 -0.14211910
v -0.02339656 0.01169846 -0.14319479
v -0.02339706 0.01257728 -0.14352752
v -0.02339706 0.01257724 -0.14466251
v -0.02339706 0.01219584 -0.14444097
v -0.02339706 0.01168112 -0.14538787
v -0.02339610 0.01258353 -0.14660729
v -0.02339706 0.01258971 -0.14731287
v -0.02339706 0.01516703 -0.14731295
v -0.02339706 0.01516725 -0.14027558
v -0.02339706 0.01120325 -0.14902979
v -0.02339706 0.01168102 -0.14884720
v -0.02339706 0.01189941 -0.14876374
v -0.02339706 0.01072341 -0.14281233
v -0.02339706 0.01074929 -0.14279326
v -0.02339706 0.01074417 -0.14283876
v -0.02339656 0.01153452 -0.14313114
v -0.02339706 0.01093860 -0.14266292
v -0.02339706 0.01136998 -0.14235034
v -0.02339656 0.01153052 -0.14223092
v -0.02339706 0.01072137 -0.14282548
v -0.02339706 0.01071976 -0.14282231
v -0.02339706 0.01071987 -0.14281883
v -0.02339706 0.01004392 -0.14246130
v -0.02339706 0.01003907 -0.14246492
v -0.02339706 0.00977565 -0.14128436
v -0.02339706 0.00977561 -0.14265058
v -0.02339706 0.00977559 -0.14336509
v -0.02339706 0.01007726 -0.14346985
v -0.02339661 0.01068666 -0.14368606
v -0.02339706 0.01149902 -0.14396596
v -0.02339706 0.01149624 -0.14397023
v -0.02339706 0.01146055 -0.14398912
v -0.02339706 0.01149509 -0.14395839
v -0.02339706 0.01149842 -0.14396121
v -0.02339706 0.01149932 -0.14396353
v -0.02339706 0.01122384 -0.14408975
v -0.02339706 0.01068671 -0.14200579
v -0.02339706 0.01068673 -0.14137426
v -0.02339706 0.01075161 -0.14138066
v -0.02339706 0.01145704 -0.14147137
v -0.02339706 0.01135225 -0.14154088
v -0.02339706 0.01142011 -0.14142820
v -0.02339706 0.01131373 -0.14142344
v -0.02339706 0.01074756 -0.14196267
v -0.02339706 0.01146292 -0.14143025
v -0.02339706 0.01148705 -0.14143322
v -0.02339706 0.01149425 -0.14144627
v -0.02339706 0.01149536 -0.14143607
v -0.02339706 0.01149744 -0.14143797
v -0.02339706 0.01149800 -0.14143963
v -0.02339706 0.01149772 -0.14144152
v -0.02339706 0.01169854 -0.14063754
v -0.02339706 0.01168127 -0.14063560
v -0.02339706 0.01068675 -0.14052393
v -0.02339706 0.01068690 -0.13593633
v -0.02339706 0.00977583 -0.13546791
v -0.02339706 0.01049631 -0.13807306
v -0.02339706 0.00977573 -0.13872634
v -0.02339706 0.01169913 -0.13645676
v -0.02339706 0.01168140 -0.13644764
v -0.02339706 0.00977590 -0.13322805
v -0.02339706 0.01168134 -0.13844120
v -0.02339706 0.01230968 -0.13788462
v -0.02339706 0.01257745 -0.13800064
v -0.02339706 0.01231609 -0.13787857
v -0.02339706 0.01233625 -0.13786079
v -0.02339706 0.01257748 -0.13690592
v -0.02339706 0.01068676 -0.14027544
v -0.02339706 0.00977568 -0.14042162
v -0.02339706 0.00977572 -0.13910334
v -0.02339706 0.00977569 -0.14012920
v -0.02339706 0.01068679 -0.13932216
v -0.02339706 0.01068625 -0.15689180
v -0.02339706 0.01046279 -0.15351358
v -0.02339706 0.00994818 -0.15411051
v -0.02339706 0.00977378 -0.15482597
v -0.02339706 0.00977248 -0.15483131
v -0.02339700 0.01168088 -0.15329410
v -0.02339706 0.01258329 -0.15451669
v -0.02339706 0.01516673 -0.15705831
v -0.02339706 0.01258947 -0.15535539
v -0.02339706 0.01516685 -0.15320467
v -0.02339706 0.01120301 -0.15693907
v -0.02339706 0.01168077 -0.15675649
v -0.02339706 0.01189917 -0.15667302
v -0.02339656 0.01227850 -0.14167592
v -0.02339706 0.01516740 -0.13532187
v -0.02339706 0.01516747 -0.13322822
v -0.02339706 0.01516763 -0.12801305
v -0.02339706 0.01516763 -0.12783042
v -0.02339706 0.01516775 -0.12410312
v -0.02339706 0.01516698 -0.14916613
v -0.02339706 0.01258971 -0.14744612
v -0.02339606 0.01115849 -0.15324764
v -0.02339706 0.01115849 -0.15324764
v -0.02339656 0.01120312 -0.15324283
v -0.02339706 0.01257724 -0.14466251
v -0.02339706 0.01219584 -0.14444097
v -0.02339606 0.01257724 -0.14466251
v -0.02339606 0.01219584 -0.14444097
v -0.02339706 0.01151412 -0.12731249
v -0.02339706 0.01087766 -0.12791546
v -0.02339606 0.01151412 -0.12731249
v -0.02339606 0.01087766 -0.12791546
v -0.02319706 0.00604323 -0.20534649
v -0.02339706 0.00623332 -0.20540867
v -0.02319706 0.00618698 -0.20506641
v -0.02339706 0.00634832 -0.20518461
v -0.02339606 0.00977503 -0.16130029
v -0.02339606 0.01120736 -0.16104901
v -0.02339706 0.00977503 -0.16130029
v -0.02339706 0.01120736 -0.16104901
v -0.02339606 0.00977602 -0.12946286
v -0.02339606 0.00977599 -0.13033004
v -0.02339706 0.00977602 -0.12946286
v -0.02339706 0.00977599 -0.13033004
v -0.02339606 0.01040433 -0.13126414
v -0.02339706 0.01040433 -0.13126414
v -0.02339706 0.01060532 -0.13120758
v -0.02339606 0.01060532 -0.13120758
v -0.02339706 0.01082322 -0.13118883
v -0.02339606 0.01082322 -0.13118883
v -0.02339706 0.01250233 -0.13400707
v -0.02339606 0.01250233 -0.13400707
v -0.02339606 0.01255882 -0.13372047
v -0.02339706 0.01255882 -0.13372047
v -0.02339606 0.01257759 -0.13337916
v -0.02339706 0.01257759 -0.13337916
v -0.02339706 0.01130535 -0.12094990
v -0.02339656 0.01123405 -0.12112151
v -0.02339606 0.01130535 -0.12094990
v -0.02339706 0.01144662 -0.14944265
v -0.02339606 0.01144653 -0.14944272
v -0.02339706 0.01130207 -0.14960199
v -0.02339606 0.01130185 -0.14960233
v -0.02339606 0.01184846 -0.15283079
v -0.02339606 0.01257699 -0.15270756
v -0.02339706 0.01184846 -0.15283079
v -0.02339706 0.01257699 -0.15270756
v -0.02339606 0.01117041 -0.15603284
v -0.02339706 0.01117041 -0.15603284
v -0.02339639 0.01119102 -0.15603083
v 0.01840000 0.00599366 -0.20565737
v 0.01979706 0.00599366 -0.20565737
v 0.01979706 0.00604323 -0.20534649
v 0.01840000 0.00604323 -0.20534649
v 0.01979706 0.00618698 -0.20506641
v 0.01840000 0.00618698 -0.20506641
v 0.01847022 0.00599351 -0.21071157
v 0.01979706 0.00599351 -0.21071157
v 0.01840000 0.00599351 -0.21063657
v 0.01979706 0.00599366 -0.20565737
v 0.01840000 0.00599366 -0.20565737
v 0.01999706 0.01164283 -0.11564575
v 0.01979706 0.01153993 -0.11547425
v 0.01999706 0.00907029 -0.11718917
v 0.01979706 0.00896741 -0.11701766
v -0.02319706 0.00799378 -0.20194604
v -0.02180000 0.00799378 -0.20194604
v -0.02319706 0.00799634 -0.11873261
v -0.02180000 0.00799634 -0.11873261
v 0.01840000 0.00896741 -0.11701766
v 0.01840000 0.01153993 -0.11547425
v 0.01840000 0.01570345 -0.21421300
v 0.01840000 0.01260707 -0.11437990
v 0.01840000 0.01299652 -0.11290182
v 0.01840000 0.01570673 -0.10780048
v 0.01840000 0.01299668 -0.10780039
v 0.01840000 0.00760714 -0.20312796
v 0.01840000 0.01524702 -0.21410696
v 0.01840000 0.00599351 -0.21063657
v 0.01840000 0.00599366 -0.20565737
v 0.01840000 0.00618698 -0.20506641
v 0.01840000 0.00604323 -0.20534649
v 0.01840000 0.00789465 -0.20256781
v 0.01840000 0.00799378 -0.20194604
v 0.01840000 0.00799634 -0.11873261
v 0.01840000 0.00825597 -0.11774722
v 0.00850000 0.01869377 -0.20221492
v 0.00780000 0.01869381 -0.20100249
v 0.00791436 0.01869375 -0.20280056
v 0.00670192 0.01869378 -0.20210056
v 0.00770000 0.01869373 -0.20360056
v 0.00630000 0.01869373 -0.20360056
v 0.00791436 0.01869370 -0.20440056
v 0.00670192 0.01869368 -0.20510056
v 0.00850000 0.01869369 -0.20498621
v 0.00780000 0.01869365 -0.20619864
v 0.00930000 0.01869368 -0.20520056
v 0.00930000 0.01869364 -0.20660056
v 0.01010000 0.01869369 -0.20498621
v 0.01080000 0.01869365 -0.20619864
v 0.01068564 0.01869370 -0.20440056
v 0.01189807 0.01869368 -0.20510056
v 0.01090000 0.01869373 -0.20360056
v 0.01230000 0.01869373 -0.20360056
v 0.01068564 0.01869375 -0.20280056
v 0.01189807 0.01869378 -0.20210056
v 0.01010000 0.01869377 -0.20221492
v 0.01080000 0.01869381 -0.20100249
v 0.00930000 0.01869378 -0.20200056
v 0.00930000 0.01869382 -0.20060056
v 0.01840000 0.01570673 -0.10780048
v 0.01860000 0.01570673 -0.10760047
v 0.01833837 0.01601463 -0.10780049
v 0.01852297 0.01609161 -0.10760048
v 0.01816569 0.01627241 -0.10780049
v 0.01830710 0.01641384 -0.10760049
v 0.00709163 0.02119377 -0.20232564
v 0.00675000 0.02119373 -0.20360064
v 0.00451985 0.02119396 -0.19592991
v 0.00451985 0.02119668 -0.10780064
v 0.00230000 0.02119396 -0.19610064
v 0.00225425 0.02119396 -0.19592991
v -0.01142500 0.02119366 -0.20580901
v -0.00570000 0.02119347 -0.21187703
v -0.01270000 0.02119365 -0.20615064
v -0.01736863 0.02119347 -0.21187703
v -0.01397500 0.02119366 -0.20580901
v -0.01397500 0.02119380 -0.20139228
v -0.01490837 0.02119377 -0.20232564
v -0.01736863 0.02119396 -0.19592991
v -0.01525000 0.02119373 -0.20360064
v -0.01490837 0.02119369 -0.20487564
v -0.01049164 0.02119369 -0.20487564
v -0.01015000 0.02119373 -0.20360064
v -0.00570000 0.02119396 -0.19610064
v -0.01049164 0.02119377 -0.20232564
v -0.00565425 0.02119396 -0.19592991
v -0.01142500 0.02119380 -0.20139228
v -0.01270000 0.02119381 -0.20105064
v -0.00297500 0.02119642 -0.11630900
v -0.00170000 0.02119641 -0.11665064
v -0.01736863 0.02119668 -0.10780064
v -0.00390837 0.02119645 -0.11537564
v -0.00042500 0.02119642 -0.11630900
v -0.00297500 0.02119655 -0.11189228
v -0.00390837 0.02119652 -0.11282564
v -0.00425000 0.02119649 -0.11410065
v -0.00170000 0.02119656 -0.11155064
v -0.00042500 0.02119655 -0.11189228
v 0.00050836 0.02119645 -0.11537564
v 0.00085000 0.02119649 -0.11410065
v 0.00050836 0.02119652 -0.11282564
v 0.00451985 0.02119437 -0.18108918
v 0.00220622 0.02119397 -0.19575064
v 0.00195000 0.02119398 -0.19549442
v 0.00160000 0.02119398 -0.19540064
v -0.00500000 0.02119398 -0.19540064
v -0.00535000 0.02119398 -0.19549442
v -0.00560622 0.02119397 -0.19575064
v 0.01396863 0.02119396 -0.19592991
v 0.01396863 0.02119668 -0.10780064
v 0.00451985 0.02119347 -0.21187703
v 0.00230000 0.02119347 -0.21187703
v 0.00709163 0.02119369 -0.20487564
v 0.00802500 0.02119366 -0.20580901
v 0.01396863 0.02119347 -0.21187703
v 0.00930000 0.02119365 -0.20615064
v 0.01057500 0.02119366 -0.20580901
v 0.01150836 0.02119369 -0.20487564
v 0.01185000 0.02119373 -0.20360064
v 0.01150836 0.02119377 -0.20232564
v 0.01057500 0.02119380 -0.20139228
v 0.00930000 0.02119381 -0.20105064
v 0.00802500 0.02119380 -0.20139228
v -0.00570000 0.02108291 -0.21205592
v -0.00570000 0.02038290 -0.21240589
v -0.01736863 0.02108291 -0.21205592
v -0.01741005 0.02038290 -0.21240589
v -0.01809998 0.02092795 -0.21213339
v -0.02143364 0.01677346 -0.21421047
v -0.02242359 0.01677346 -0.21421047
v -0.01811716 0.02009001 -0.21255233
v -0.01864142 0.02055570 -0.21231950
v -0.01796438 0.02021648 -0.21248910
v -0.01767582 0.02034665 -0.21242401
v -0.00500000 0.02099397 -0.19560063
v -0.00500000 0.02009398 -0.19560061
v -0.00525000 0.02099397 -0.19566762
v -0.00525000 0.02009398 -0.19566760
v -0.00543301 0.02099396 -0.19585064
v -0.00543301 0.02009397 -0.19585061
v -0.00550000 0.02099395 -0.19610064
v -0.00550000 0.02009396 -0.19610061
v -0.02339706 0.01230968 -0.13788462
v -0.02339706 0.00977569 -0.14012920
v -0.02339606 0.01230968 -0.13788462
v -0.02339606 0.00977569 -0.14012920
v -0.02339606 0.00977248 -0.15483131
v -0.02339706 0.00977248 -0.15483131
v -0.02339706 0.00994818 -0.15411051
v -0.02339606 0.00994818 -0.15411051
v -0.02339706 0.01046279 -0.15351358
v -0.02339606 0.01046279 -0.15351358
v -0.02339706 0.01115849 -0.15324764
v -0.02339606 0.01115849 -0.15324764
v -0.02339706 0.01257728 -0.14352752
v -0.02339706 0.01257724 -0.14466251
v -0.02339606 0.01257728 -0.14352752
v -0.02339606 0.01257724 -0.14466251
v -0.02339706 0.01049674 -0.12418857
v -0.02339706 0.01049664 -0.12742325
v -0.02339606 0.01049674 -0.12418857
v -0.02339606 0.01049664 -0.12742325
v -0.02339706 0.00776847 -0.20324615
v -0.02319706 0.00760714 -0.20312796
v -0.02339706 0.01120736 -0.16104901
v -0.02339606 0.01120736 -0.16104901
v -0.02339656 0.01120748 -0.15861181
v -0.02339606 0.00977599 -0.13033004
v -0.02339606 0.01184916 -0.12996566
v -0.02339706 0.00977599 -0.13033004
v -0.02339706 0.01184916 -0.12996566
v -0.02339606 0.01007120 -0.13150498
v -0.02339706 0.01007122 -0.13150496
v -0.02339706 0.01022478 -0.13136205
v -0.02339606 0.01022478 -0.13136205
v -0.02339706 0.01040433 -0.13126414
v -0.02339606 0.01040433 -0.13126414
v -0.02339706 0.01136771 -0.11994051
v -0.02339656 0.01172823 -0.11987573
v -0.02339606 0.01136771 -0.11994051
v -0.02339606 0.01130535 -0.12094990
v -0.02339606 0.01142003 -0.12083268
v -0.02339706 0.01130535 -0.12094990
v -0.02339706 0.01142003 -0.12083268
v -0.02339706 0.01130207 -0.14960199
v -0.02339606 0.01130185 -0.14960233
v -0.02339703 0.01121606 -0.14978218
v -0.02339606 0.01121616 -0.14978215
v -0.02339606 0.01257699 -0.15270756
v -0.02339606 0.01257707 -0.15025546
v -0.02339706 0.01257699 -0.15270756
v -0.02339706 0.01257707 -0.15025546
v -0.02339656 0.01117046 -0.15415593
v -0.02339606 0.01118078 -0.15415492
v -0.02339706 0.01118078 -0.15415492
v -0.02339691 0.01119108 -0.15415391
v 0.01999700 0.01088165 -0.12913350
v 0.01999700 0.01049659 -0.12906664
v 0.01999700 0.01088161 -0.13072932
v 0.01999700 0.01049654 -0.13066205
v 0.01999696 0.01055678 -0.13089913
v 0.01999696 0.01062630 -0.13095334
v 0.01999696 0.01051115 -0.13080054
v 0.01999700 0.01055500 -0.13089688
v 0.01999696 0.01080819 -0.13094719
v 0.01999696 0.01085478 -0.13088780
v 0.01999696 0.01075138 -0.13096996
v 0.01999700 0.01072251 -0.13097216
v 0.01979706 0.00760714 -0.20312796
v 0.01840000 0.00760714 -0.20312796
v 0.01979706 0.00825597 -0.11774722
v 0.01999706 0.00843001 -0.11784576
v 0.01979706 0.00799634 -0.11873261
v 0.01999706 0.00819634 -0.11873262
v -0.02319706 0.00760714 -0.20312796
v -0.02180000 0.00760714 -0.20312796
v -0.02319706 0.00789465 -0.20256781
v -0.02180000 0.00789465 -0.20256781
v -0.02319706 0.00799378 -0.20194604
v -0.02180000 0.00799378 -0.20194604
v 0.01999700 0.01089411 -0.14417638
v 0.01999700 0.01163522 -0.14380343
v 0.01999700 0.01068668 -0.14296599
v 0.01999700 0.01074764 -0.13930238
v 0.01999700 0.01068679 -0.13925926
v 0.01999700 0.01075165 -0.13988439
v 0.01999700 0.01259013 -0.13381904
v 0.01999706 0.01259013 -0.13395216
v 0.01999706 0.01516744 -0.13395224
v 0.01999700 0.00977476 -0.12561480
v 0.01999706 0.00977480 -0.12420690
v 0.01999706 0.00819617 -0.12420685
v 0.01999700 0.00977312 -0.13434300
v 0.01999706 0.00977313 -0.13395207
v 0.01999706 0.00819587 -0.13395202
v 0.01999706 0.00619366 -0.20565738
v 0.01999706 0.00619351 -0.21071158
v 0.01999706 0.00977209 -0.21205367
v 0.01999700 0.01179620 -0.14743364
v 0.01999706 0.01173906 -0.14738091
v 0.01999706 0.01168106 -0.14736642
v 0.01999700 0.01145906 -0.14762213
v 0.01999706 0.01145904 -0.14803699
v 0.01999706 0.01168104 -0.14803700
v 0.01999700 0.01055443 -0.14915102
v 0.01999706 0.01062235 -0.14920758
v 0.01999706 0.01068649 -0.14922093
v 0.01999700 0.01082230 -0.16085332
v 0.01999700 0.01068815 -0.16048474
v 0.01999700 0.01068614 -0.16048666
v 0.01999700 0.01070599 -0.13183050
v 0.01999700 0.01068702 -0.13182755
v 0.01999706 0.01068701 -0.13209891
v 0.01999700 0.01192039 -0.13198156
v 0.01999700 0.01168154 -0.13194241
v 0.01999706 0.01168153 -0.13209895
v 0.01999700 0.01170250 -0.13112729
v 0.01999706 0.01177315 -0.13111099
v 0.01999706 0.01180945 -0.13107665
v 0.01999696 0.01256307 -0.13126385
v 0.01999700 0.01241250 -0.13172379
v 0.01999706 0.01516750 -0.13209905
v 0.01999696 0.01239285 -0.13175274
v 0.01999696 0.01220680 -0.13191712
v 0.01999700 0.01181769 -0.13106205
v 0.01999706 0.01184912 -0.13091547
v 0.01999703 0.01168156 -0.13112605
v 0.01999700 0.01184913 -0.13091341
v 0.01999706 0.01168166 -0.12805329
v 0.01999700 0.01184921 -0.12843432
v 0.01999706 0.01516763 -0.12805340
v 0.01999700 0.01257774 -0.12855761
v 0.01999700 0.01257766 -0.13100970
v 0.01999700 0.01148056 -0.13085058
v 0.01999700 0.01148064 -0.12837150
v 0.01999700 0.01068713 -0.12823103
v 0.01999706 0.01068714 -0.12805326
v 0.01999700 0.00977606 -0.12806976
v 0.01999706 0.01152673 -0.13103977
v 0.01999700 0.01152884 -0.13104348
v 0.01999706 0.01166241 -0.13112492
v 0.01999706 0.01158004 -0.13109733
v 0.01999700 0.00977598 -0.13053231
v 0.01999706 0.00977468 -0.12805324
v 0.01999706 0.00977456 -0.13209889
v 0.01999700 0.01036885 -0.13177811
v 0.01999706 0.01010871 -0.13161999
v 0.01999700 0.01007121 -0.13158154
v 0.01999706 0.00986120 -0.13119598
v 0.01999700 0.00985779 -0.13118561
v 0.01999700 0.01165253 -0.13193765
v 0.01999700 0.01144708 -0.13182246
v 0.01999700 0.01130247 -0.13166296
v 0.01999700 0.01121671 -0.13148293
v 0.01999706 0.01109924 -0.13168090
v 0.01999700 0.01104066 -0.13173222
v 0.01999706 0.01083357 -0.13181972
v 0.01999706 0.01177014 -0.16037754
v 0.01999700 0.01177931 -0.16036353
v 0.01999706 0.01184320 -0.16015159
v 0.01999700 0.01257684 -0.15773909
v 0.01999700 0.01257685 -0.15745033
v 0.01999700 0.01248703 -0.15736510
v 0.01999700 0.01253936 -0.16055407
v 0.01999700 0.01240318 -0.16096855
v 0.01999706 0.01516498 -0.21407619
v 0.01999700 0.01257676 -0.16010825
v 0.01999700 0.01184831 -0.15761178
v 0.01999706 0.01168075 -0.15736508
v 0.01999700 0.01184823 -0.16004939
v 0.01999705 0.01168066 -0.16045122
v 0.01999706 0.01169268 -0.16044841
v 0.01999700 0.01214135 -0.16127224
v 0.01999696 0.01206389 -0.16131884
v 0.01999706 0.01167905 -0.21276885
v 0.01999700 0.01123278 -0.16014358
v 0.01999700 0.01130407 -0.16031522
v 0.01999700 0.01141880 -0.16043243
v 0.01999706 0.01154687 -0.16047568
v 0.01999700 0.01157183 -0.16047670
v 0.01999700 0.01120740 -0.15993620
v 0.01999700 0.01120747 -0.15749895
v 0.01999700 0.01068623 -0.15740749
v 0.01999706 0.01068623 -0.15736505
v 0.01999700 0.01044430 -0.15736504
v 0.01999700 0.00977513 -0.15811436
v 0.01999706 0.00977516 -0.15736502
v 0.01999706 0.00977378 -0.15736502
v 0.01999700 0.00977516 -0.15724763
v 0.01999706 0.00977378 -0.15716204
v 0.01999706 0.01068624 -0.15716207
v 0.01999700 0.00977507 -0.16007022
v 0.01999700 0.01051663 -0.15957612
v 0.01999700 0.01051667 -0.15824451
v 0.01999700 0.00977504 -0.16123029
v 0.01999700 0.01031966 -0.16080739
v 0.01999700 0.01172695 -0.16138944
v 0.01999700 0.01168063 -0.16138110
v 0.01999706 0.01068454 -0.21239587
v 0.01999700 0.01136644 -0.16132455
v 0.01999700 0.01105671 -0.16114052
v 0.01999700 0.01055005 -0.16061688
v 0.01999706 0.01168111 -0.14594335
v 0.01999700 0.01168109 -0.14653644
v 0.01999700 0.01197227 -0.14659185
v 0.01999700 0.01229043 -0.14683269
v 0.01999700 0.01250192 -0.14725809
v 0.01999706 0.01516708 -0.14594346
v 0.01999706 0.01516701 -0.14803710
v 0.01999706 0.01227376 -0.14681292
v 0.01999700 0.01108657 -0.14673845
v 0.01999706 0.01130120 -0.14657198
v 0.01999706 0.01068659 -0.14594332
v 0.01999700 0.01157629 -0.14651651
v 0.01999706 0.01068652 -0.14803697
v 0.01999700 0.01090208 -0.14743801
v 0.01999706 0.01100586 -0.14686558
v 0.01999700 0.01090203 -0.14896656
v 0.01999706 0.01090206 -0.14803697
v 0.01999700 0.01073441 -0.14923039
v 0.01999706 0.01080774 -0.14921390
v 0.01999706 0.01085489 -0.14917218
v 0.01999706 0.01073186 -0.14923038
v 0.01999706 0.01089228 -0.14907848
v 0.01999706 0.01053252 -0.14911352
v 0.01999700 0.01049598 -0.14889525
v 0.01999706 0.01049600 -0.14803696
v 0.01999700 0.01049604 -0.14677224
v 0.01999700 0.00977550 -0.14608950
v 0.01999706 0.01008492 -0.14977645
v 0.01999700 0.01007065 -0.14976004
v 0.01999700 0.00977535 -0.15093495
v 0.01999700 0.00985320 -0.14933309
v 0.01999700 0.00977542 -0.14869867
v 0.01999706 0.00977406 -0.14803694
v 0.01999706 0.00977390 -0.15325210
v 0.01999700 0.00977533 -0.15180213
v 0.01999700 0.01145901 -0.14914665
v 0.01999706 0.01135610 -0.14973596
v 0.01999700 0.01168094 -0.15127000
v 0.01999700 0.01129788 -0.14983981
v 0.01999706 0.01110439 -0.15001419
v 0.01999700 0.01068643 -0.15109514
v 0.01999706 0.01084260 -0.15007598
v 0.01999700 0.01082263 -0.15007622
v 0.01999700 0.01068646 -0.15005173
v 0.01999700 0.01040375 -0.15000089
v 0.01999706 0.01154860 -0.14737101
v 0.01999706 0.01150453 -0.14741234
v 0.01999700 0.01161824 -0.14735428
v 0.01999706 0.01146789 -0.14751083
v 0.01999706 0.01184860 -0.14803700
v 0.01999700 0.01184861 -0.14768941
v 0.01999706 0.01181366 -0.14746602
v 0.01999706 0.01163374 -0.14735459
v 0.01999700 0.01184854 -0.14998443
v 0.01999700 0.01184850 -0.15129946
v 0.01999700 0.01257714 -0.14788600
v 0.01999706 0.01257714 -0.14803702
v 0.01999706 0.01516685 -0.15325226
v 0.01999700 0.01257707 -0.15031958
v 0.01999706 0.01168088 -0.15325216
v 0.01999700 0.01193752 -0.15325216
v 0.01999700 0.01184845 -0.15316717
v 0.01999700 0.01184844 -0.15351998
v 0.01999700 0.01257695 -0.15421115
v 0.01999700 0.01257696 -0.15386236
v 0.01999706 0.01516673 -0.15716221
v 0.01999706 0.01257697 -0.15343482
v 0.01999706 0.01516684 -0.15343490
v 0.01999700 0.01184855 -0.14963245
v 0.01999700 0.01257706 -0.15067963
v 0.01999706 0.01257698 -0.15325218
v 0.01999700 0.00977529 -0.15315464
v 0.01999706 0.01068636 -0.15325213
v 0.01999700 0.01068640 -0.15196409
v 0.01999700 0.01168091 -0.15214089
v 0.01999700 0.01184848 -0.15217068
v 0.01999706 0.01184435 -0.12286871
v 0.01999700 0.01184938 -0.12276646
v 0.01999705 0.01168181 -0.12316834
v 0.01999700 0.01254051 -0.12327120
v 0.01999700 0.01240433 -0.12368604
v 0.01999706 0.01516775 -0.12420707
v 0.01999706 0.01168204 -0.11560554
v 0.01999700 0.01184946 -0.12032927
v 0.01999706 0.01278111 -0.11447845
v 0.01999700 0.01257799 -0.12045336
v 0.01999706 0.01169380 -0.12316552
v 0.01999706 0.01177131 -0.12309462
v 0.01999700 0.01178046 -0.12308065
v 0.01999706 0.01293811 -0.11388260
v 0.01999706 0.01516806 -0.11388267
v 0.01999700 0.01257791 -0.12282532
v 0.01999700 0.01172810 -0.12410692
v 0.01999706 0.01168177 -0.12420696
v 0.01999696 0.01206462 -0.12403619
v 0.01999700 0.01214250 -0.12398932
v 0.01999700 0.01123392 -0.12286069
v 0.01999700 0.01130521 -0.12303271
v 0.01999700 0.01141995 -0.12314991
v 0.01999706 0.01155012 -0.12319296
v 0.01999700 0.01157298 -0.12319381
v 0.01999700 0.01120855 -0.12265326
v 0.01999700 0.01120862 -0.12021607
v 0.01999706 0.01164283 -0.11564575
v 0.01999700 0.01068738 -0.12012459
v 0.01999706 0.01068750 -0.11621891
v 0.01999700 0.00977631 -0.11996471
v 0.01999706 0.00977503 -0.11676635
v 0.01999700 0.00977628 -0.12083148
v 0.01999700 0.01068729 -0.12320414
v 0.01999700 0.01055120 -0.12333394
v 0.01999706 0.01068726 -0.12420693
v 0.01999700 0.01032081 -0.12352446
v 0.01999700 0.00977619 -0.12394736
v 0.01999700 0.00977622 -0.12278734
v 0.01999700 0.01168178 -0.12409853
v 0.01999700 0.01136759 -0.12404165
v 0.01999700 0.01068930 -0.12320222
v 0.01999700 0.01082345 -0.12357079
v 0.01999700 0.01105786 -0.12385754
v 0.01999700 0.01051778 -0.12229316
v 0.01999700 0.01051782 -0.12096157
v 0.01999706 0.00907029 -0.11718917
v 0.01999706 0.00843001 -0.11784576
v 0.01999706 0.00819634 -0.11873262
v 0.01999706 0.01516825 -0.10780046
v 0.01999706 0.01319668 -0.10780040
v 0.01999706 0.01319652 -0.11290183
v 0.01999706 0.00623332 -0.20540867
v 0.01999706 0.00634832 -0.20518461
v 0.01999706 0.00776847 -0.20324615
v 0.01999706 0.00808474 -0.20263000
v 0.01999706 0.00819378 -0.20194605
v 0.01999706 0.00819515 -0.15736497
v 0.01999706 0.00819516 -0.15716199
v 0.01999706 0.00977390 -0.15343473
v 0.01999706 0.00819527 -0.15343469
v 0.01999706 0.00819528 -0.15325205
v 0.01999706 0.00819544 -0.14803689
v 0.01999706 0.00977413 -0.14594329
v 0.01999706 0.00819550 -0.14594325
v 0.01999706 0.00819566 -0.14098953
v 0.01999706 0.00977428 -0.14098957
v 0.01999706 0.00977449 -0.13437809
v 0.01999706 0.00977342 -0.13437424
v 0.01999706 0.00819593 -0.13209884
v 0.01999700 0.00977451 -0.13352412
v 0.01999700 0.00977314 -0.13352979
v 0.01999706 0.00819605 -0.12805319
v 0.01999700 0.00977336 -0.12643367
v 0.01999700 0.00977338 -0.12562047
v 0.01999700 0.01212891 -0.15343481
v 0.01999706 0.01168087 -0.15343479
v 0.01999700 0.01184834 -0.15675908
v 0.01999706 0.01168076 -0.15716210
v 0.01999700 0.01227310 -0.15716212
v 0.01999706 0.01257686 -0.15716213
v 0.01999706 0.01257685 -0.15736511
v 0.01999706 0.01516672 -0.15736519
v 0.01999700 0.00987748 -0.15325210
v 0.01999700 0.01006901 -0.15343474
v 0.01999706 0.01068636 -0.15343476
v 0.01999700 0.01049582 -0.15384177
v 0.01999700 0.01049572 -0.15707647
v 0.01999700 0.00977519 -0.15638970
v 0.01999706 0.00977528 -0.15325210
v 0.01999706 0.00977528 -0.15343473
v 0.01999700 0.01087688 -0.15334959
v 0.01999706 0.01087687 -0.15343477
v 0.01999700 0.01087677 -0.15667648
v 0.01999700 0.01138898 -0.15716209
v 0.01999700 0.01151319 -0.15727985
v 0.01999700 0.01096677 -0.15343477
v 0.01999700 0.01151329 -0.15395260
v 0.01999706 0.01151320 -0.15716210
v 0.01999700 0.01115914 -0.13223089
v 0.01999700 0.01120377 -0.13223529
v 0.01999706 0.01074980 -0.13225238
v 0.01999706 0.00993189 -0.13287523
v 0.01999706 0.01027831 -0.13246842
v 0.01999706 0.01068701 -0.13228116
v 0.01999700 0.00977582 -0.13568786
v 0.01999706 0.01050538 -0.13568966
v 0.01999706 0.00998028 -0.13512305
v 0.01999700 0.01004405 -0.13880370
v 0.01999700 0.01003919 -0.13880008
v 0.01999700 0.00977569 -0.13998062
v 0.01999700 0.00977573 -0.13861441
v 0.01999700 0.00977576 -0.13789990
v 0.01999700 0.00977580 -0.13653809
v 0.01999700 0.01068686 -0.13694459
v 0.01999700 0.01007743 -0.13779516
v 0.01999704 0.01068690 -0.13575550
v 0.01999700 0.01068689 -0.13611560
v 0.01999700 0.01115902 -0.13592671
v 0.01999700 0.01168139 -0.13658253
v 0.01999700 0.01120365 -0.13593157
v 0.01999700 0.01257740 -0.13941561
v 0.01999700 0.01257737 -0.14052889
v 0.01999706 0.01516723 -0.14098974
v 0.01999700 0.01257749 -0.13660265
v 0.01999700 0.01257745 -0.13773765
v 0.01999706 0.01168126 -0.14098963
v 0.01999700 0.01259010 -0.13463225
v 0.01999706 0.01243136 -0.13528680
v 0.01999706 0.01208485 -0.13569370
v 0.01999700 0.01219608 -0.13682417
v 0.01999706 0.01168142 -0.13587861
v 0.01999706 0.01161320 -0.13590988
v 0.01999704 0.01168152 -0.13240849
v 0.01999706 0.01185785 -0.13247243
v 0.01999706 0.01238295 -0.13303898
v 0.01999706 0.01258982 -0.13378771
v 0.01999706 0.01072355 -0.13845272
v 0.01999706 0.01074942 -0.13847179
v 0.01999706 0.01074431 -0.13842628
v 0.01999700 0.01153467 -0.13813396
v 0.01999706 0.01093872 -0.13860214
v 0.01999706 0.01137009 -0.13891476
v 0.01999700 0.01168135 -0.13807702
v 0.01999700 0.01227856 -0.13958922
v 0.01999700 0.01169862 -0.13807032
v 0.01999700 0.01168131 -0.13914601
v 0.01999700 0.01153062 -0.13903418
v 0.01999706 0.01072150 -0.13843957
v 0.01999706 0.01071990 -0.13844274
v 0.01999706 0.01072000 -0.13844621
v 0.01999700 0.01068684 -0.13757898
v 0.01999700 0.01075172 -0.13755596
v 0.01999700 0.01075174 -0.13697355
v 0.01999706 0.01149923 -0.13729914
v 0.01999706 0.01149644 -0.13729486
v 0.01999706 0.01146075 -0.13727597
v 0.01999706 0.01149529 -0.13730670
v 0.01999706 0.01149862 -0.13730389
v 0.01999706 0.01149953 -0.13730156
v 0.01999706 0.01122405 -0.13717533
v 0.01999700 0.01068677 -0.13989078
v 0.01999706 0.01149700 -0.13982252
v 0.01999706 0.01149132 -0.13981618
v 0.01999706 0.01148487 -0.13983185
v 0.01999706 0.01146538 -0.13979899
v 0.01999706 0.01103484 -0.13950464
v 0.01999706 0.01149621 -0.13982858
v 0.01999706 0.01149760 -0.13982694
v 0.01999706 0.01149789 -0.13982529
v 0.01999700 0.01169854 -0.14062757
v 0.01999700 0.01168127 -0.14062950
v 0.01999700 0.01068675 -0.14074112
v 0.01999700 0.01068661 -0.14532872
v 0.01999700 0.00977551 -0.14579708
v 0.01999700 0.00977561 -0.14253865
v 0.01999706 0.01049340 -0.14436504
v 0.01999706 0.01049603 -0.14437239
v 0.01999706 0.01049852 -0.14437460
v 0.01999700 0.01049615 -0.14319197
v 0.01999700 0.01049613 -0.14389164
v 0.01999706 0.01068664 -0.14428279
v 0.01999706 0.01049214 -0.14433489
v 0.01999706 0.01052567 -0.14436656
v 0.01999706 0.01049197 -0.14433873
v 0.01999706 0.01051329 -0.14437301
v 0.01999706 0.01050258 -0.14437557
v 0.01999706 0.00977544 -0.14803694
v 0.01999700 0.01168114 -0.14481747
v 0.01999700 0.01230951 -0.14338053
v 0.01999700 0.01168120 -0.14282391
v 0.01999706 0.01068674 -0.14098960
v 0.01999700 0.00977566 -0.14084336
v 0.01999700 0.01231592 -0.14338658
v 0.01999700 0.01233608 -0.14340436
v 0.01999700 0.01257728 -0.14326452
v 0.01999700 0.01257725 -0.14435925
v 0.01999700 0.01169887 -0.14480835
v 0.01999700 0.00977562 -0.14216165
v 0.01999700 0.00977566 -0.14113578
v 0.01999700 0.01068671 -0.14194289
v 0.01999706 0.01082026 -0.14421324
v 0.01999700 0.01115938 -0.12432157
v 0.01999706 0.01075005 -0.12434307
v 0.01999706 0.00993213 -0.12496590
v 0.01999706 0.01027855 -0.12455909
v 0.01999706 0.01068725 -0.12437184
v 0.01999706 0.01050563 -0.12778039
v 0.01999706 0.00998054 -0.12721377
v 0.01999706 0.00977473 -0.12646878
v 0.01999706 0.00977366 -0.12646492
v 0.01999704 0.01068714 -0.12784621
v 0.01999706 0.01168166 -0.12796931
v 0.01999706 0.01161344 -0.12800057
v 0.01999700 0.01120390 -0.12802226
v 0.01999700 0.01115927 -0.12801744
v 0.01999700 0.01120401 -0.12432601
v 0.01999704 0.01168177 -0.12449922
v 0.01999706 0.01185809 -0.12456315
v 0.01999706 0.01238319 -0.12512969
v 0.01999706 0.01208510 -0.12778440
v 0.01999706 0.01243159 -0.12737751
v 0.01999706 0.01259006 -0.12587842
v 0.01999700 0.01259037 -0.12590978
v 0.01999700 0.01259035 -0.12672293
v -0.00250000 0.01869644 -0.11548620
v -0.00320000 0.01869641 -0.11669863
v -0.00170000 0.01869644 -0.11570057
v -0.00170000 0.01869640 -0.11710056
v -0.00090000 0.01869644 -0.11548620
v -0.00020000 0.01869641 -0.11669863
v -0.00031436 0.01869646 -0.11490057
v 0.00089808 0.01869644 -0.11560057
v -0.00010000 0.01869649 -0.11410057
v 0.00130000 0.01869649 -0.11410057
v -0.00031436 0.01869651 -0.11330056
v 0.00089808 0.01869653 -0.11260056
v -0.00090000 0.01869653 -0.11271493
v -0.00020000 0.01869657 -0.11150249
v -0.00170000 0.01869654 -0.11250056
v -0.00170000 0.01869658 -0.11110056
v -0.00250000 0.01869653 -0.11271493
v -0.00320000 0.01869657 -0.11150249
v -0.00308564 0.01869651 -0.11330056
v -0.00429808 0.01869653 -0.11260056
v -0.00330000 0.01869649 -0.11410057
v -0.00470000 0.01869649 -0.11410057
v -0.00308564 0.01869646 -0.11490057
v -0.00429808 0.01869644 -0.11560057
v 0.01840000 0.01299668 -0.10780039
v 0.01860000 0.01319668 -0.10760039
v 0.00930000 0.01889382 -0.20040057
v 0.01080000 0.01869381 -0.20100249
v 0.01090000 0.01889381 -0.20082929
v 0.01189807 0.01869378 -0.20210056
v 0.01207128 0.01889377 -0.20200057
v 0.01230000 0.01869373 -0.20360056
v 0.01250000 0.01889373 -0.20360057
v 0.01189807 0.01869368 -0.20510056
v 0.01207128 0.01889368 -0.20520057
v 0.01080000 0.01869365 -0.20619864
v 0.01090000 0.01889364 -0.20637185
v 0.00930000 0.01869364 -0.20660056
v 0.00930000 0.01889363 -0.20680057
v 0.00780000 0.01869365 -0.20619864
v 0.00770000 0.01889364 -0.20637185
v 0.00670192 0.01869368 -0.20510056
v 0.00652872 0.01889368 -0.20520057
v 0.00630000 0.01869373 -0.20360056
v 0.00610000 0.01889373 -0.20360057
v 0.00670192 0.01869378 -0.20210056
v 0.00652872 0.01889377 -0.20200057
v 0.00780000 0.01869381 -0.20100249
v 0.00770000 0.01889381 -0.20082929
v 0.00930000 0.01869382 -0.20060056
v -0.00570000 0.02119396 -0.19610064
v -0.00550000 0.02099395 -0.19610064
v -0.00570000 0.02119347 -0.21187703
v -0.00550000 0.02099347 -0.21187703
v -0.00564472 0.02113819 -0.21196647
v 0.00610000 0.02009373 -0.20360060
v 0.00652872 0.02009378 -0.20200061
v 0.00203301 0.02009397 -0.19585061
v 0.00770000 0.02009382 -0.20082932
v 0.00185000 0.02009398 -0.19566760
v 0.01401005 0.02009668 -0.10780061
v 0.00930000 0.02009383 -0.20040061
v 0.01090000 0.02009382 -0.20082932
v 0.01207128 0.02009378 -0.20200061
v 0.01250000 0.02009373 -0.20360060
v 0.01401005 0.02009347 -0.21222700
v 0.01207128 0.02009368 -0.20520061
v -0.01547128 0.02009378 -0.20200061
v -0.01741005 0.02009668 -0.10780061
v -0.01590000 0.02009373 -0.20360060
v -0.01741005 0.02009347 -0.21222700
v -0.01547128 0.02009368 -0.20520061
v -0.01430000 0.02009365 -0.20637189
v -0.01110000 0.02009382 -0.20082932
v -0.00992872 0.02009378 -0.20200061
v -0.00550000 0.02009396 -0.19610061
v -0.00950000 0.02009373 -0.20360060
v -0.00550000 0.02009347 -0.21222700
v -0.00447128 0.02009654 -0.11250060
v -0.00330000 0.02009657 -0.11132933
v -0.00170000 0.02009659 -0.11090060
v -0.00010000 0.02009657 -0.11132933
v 0.00107128 0.02009654 -0.11250060
v -0.00992872 0.02009368 -0.20520061
v -0.01110000 0.02009365 -0.20637189
v -0.01270000 0.02009363 -0.20680061
v -0.01430000 0.02009382 -0.20082932
v -0.01270000 0.02009383 -0.20040061
v -0.00525000 0.02009398 -0.19566760
v -0.00543301 0.02009397 -0.19585061
v 0.01090000 0.02009365 -0.20637189
v 0.00930000 0.02009363 -0.20680061
v 0.00210000 0.02009347 -0.21222700
v 0.00770000 0.02009365 -0.20637189
v 0.00652872 0.02009368 -0.20520061
v 0.00210000 0.02009396 -0.19610061
v 0.00150000 0.02009649 -0.11410061
v 0.00107128 0.02009644 -0.11570061
v -0.00010000 0.02009640 -0.11687189
v 0.00160000 0.02009398 -0.19560061
v -0.00170000 0.02009639 -0.11730061
v -0.00500000 0.02009398 -0.19560061
v -0.00330000 0.02009640 -0.11687189
v -0.00447128 0.02009644 -0.11570061
v -0.00490000 0.02009649 -0.11410061
v -0.02339706 0.00977569 -0.14012920
v -0.02339706 0.00977572 -0.13910334
v -0.02339606 0.00977569 -0.14012920
v -0.02339606 0.00977572 -0.13910334
v -0.02339606 0.00977246 -0.15564452
v -0.02339706 0.00977248 -0.15483131
v -0.02339606 0.00977248 -0.15483131
v -0.02339656 0.01169846 -0.14319479
v -0.02339706 0.01257728 -0.14352752
v -0.02339606 0.01257728 -0.14352752
v -0.02339706 0.00977616 -0.12487530
v -0.02339706 0.01049674 -0.12418857
v -0.02339606 0.00977616 -0.12487530
v -0.02339606 0.01049674 -0.12418857
v -0.02319706 0.00799378 -0.20194604
v -0.02339706 0.00819378 -0.20194605
v -0.02319706 0.00789465 -0.20256781
v -0.02339706 0.00808474 -0.20263000
v -0.02339606 0.01184916 -0.12996566
v -0.02339606 0.01184912 -0.13128068
v -0.02339706 0.01184916 -0.12996566
v -0.02339706 0.01184912 -0.13128068
v -0.02339706 0.00994674 -0.13169441
v -0.02339706 0.01007122 -0.13150496
v -0.02339606 0.01007120 -0.13150498
v -0.02339606 0.00994674 -0.13169441
v -0.02339606 0.00985374 -0.13193191
v -0.02339706 0.00985374 -0.13193191
v -0.02339706 0.01136771 -0.11994051
v -0.02339606 0.01136771 -0.11994051
v -0.02339706 0.01105809 -0.12012447
v -0.02339606 0.01105788 -0.12012465
v -0.02339606 0.01157311 -0.12078842
v -0.02339706 0.01157306 -0.12078842
v -0.02339606 0.01149332 -0.12079942
v -0.02339706 0.01149332 -0.12079942
v -0.02339606 0.01142003 -0.12083268
v -0.02339706 0.01142003 -0.12083268
v -0.02339606 0.01114916 -0.14964443
v -0.02339606 0.01104007 -0.14953290
v -0.02339706 0.01104007 -0.14953290
v -0.02339706 0.01114883 -0.14964420
v -0.02339703 0.01121606 -0.14978218
v -0.02339606 0.01121616 -0.14978215
v -0.02339706 0.01088095 -0.15213155
v -0.02339706 0.01049588 -0.15219839
v -0.02339706 0.01088099 -0.15053574
v -0.02339706 0.01049592 -0.15060299
v -0.02339706 0.01087587 -0.15045622
v -0.02339706 0.01079092 -0.15030771
v -0.02339706 0.01084052 -0.15035239
v -0.02339706 0.01072190 -0.15029289
v -0.02339706 0.01062365 -0.15031269
v -0.02339706 0.01055439 -0.15036817
v -0.02339706 0.01051049 -0.15046458
v 0.01979706 0.00612328 -0.21089884
v 0.01860000 0.00612328 -0.21089884
v 0.01979706 0.01509475 -0.21426346
v 0.01860000 0.01517679 -0.21429423
v 0.01979518 0.01517679 -0.21429423
v 0.01840000 0.00760714 -0.20312796
v 0.01979706 0.00760714 -0.20312796
v 0.01840000 0.00789465 -0.20256781
v 0.01979706 0.00789465 -0.20256781
v 0.01840000 0.00799378 -0.20194604
v 0.01979706 0.00799378 -0.20194604
v 0.01999706 0.00819617 -0.12420685
v 0.01999706 0.00819634 -0.11873262
v 0.01979706 0.00799634 -0.11873261
v 0.01999706 0.00819516 -0.15716199
v 0.01999706 0.00819515 -0.15736497
v 0.01979706 0.00799378 -0.20194604
v 0.01999706 0.00819378 -0.20194605
v 0.01999706 0.00819587 -0.13395202
v 0.01999706 0.00819593 -0.13209884
v 0.01999706 0.00819605 -0.12805319
v 0.01999706 0.00819527 -0.15343469
v 0.01999706 0.00819528 -0.15325205
v 0.01999706 0.00819544 -0.14803689
v 0.01999706 0.00819550 -0.14594325
v 0.01999706 0.00819566 -0.14098953
v -0.02319706 0.00618698 -0.20506641
v -0.02180000 0.00618698 -0.20506641
v -0.02319706 0.00760714 -0.20312796
v -0.02180000 0.00760714 -0.20312796
v 0.01538284 0.02060768 -0.21214062
v 0.01538284 0.02061089 -0.10780063
v 0.01916501 0.01682545 -0.21403159
v 0.01941127 0.01658247 -0.10780050
v 0.01941127 0.01657919 -0.21413270
v -0.01270000 0.01869378 -0.20200056
v -0.01270000 0.01869382 -0.20060056
v -0.01350000 0.01869377 -0.20221492
v -0.01420000 0.01869381 -0.20100249
v -0.01408564 0.01869375 -0.20280056
v -0.01529808 0.01869378 -0.20210056
v -0.01430000 0.01869373 -0.20360056
v -0.01570000 0.01869373 -0.20360056
v -0.01408564 0.01869370 -0.20440056
v -0.01529808 0.01869368 -0.20510056
v -0.01350000 0.01869369 -0.20498621
v -0.01420000 0.01869365 -0.20619864
v -0.01270000 0.01869368 -0.20520056
v -0.01270000 0.01869364 -0.20660056
v -0.01190000 0.01869369 -0.20498621
v -0.01120000 0.01869365 -0.20619864
v -0.01131436 0.01869370 -0.20440056
v -0.01010192 0.01869368 -0.20510056
v -0.01110000 0.01869373 -0.20360056
v -0.00970000 0.01869373 -0.20360056
v -0.01131436 0.01869375 -0.20280056
v -0.01010192 0.01869378 -0.20210056
v -0.01190000 0.01869377 -0.20221492
v -0.01120000 0.01869381 -0.20100249
v 0.01860000 0.01319668 -0.10760039
v 0.01840000 0.01299668 -0.10780039
v 0.01979706 0.01319668 -0.10760039
v 0.01979706 0.01299668 -0.10780039
v 0.01989705 0.01309668 -0.10770039
v -0.00490000 0.01889648 -0.11410058
v -0.00429808 0.01869653 -0.11260056
v -0.00447128 0.01889653 -0.11250056
v -0.00320000 0.01869657 -0.11150249
v -0.00330000 0.01889657 -0.11132929
v -0.00170000 0.01869658 -0.11110056
v -0.00170000 0.01889658 -0.11090057
v -0.00020000 0.01869657 -0.11150249
v -0.00010000 0.01889657 -0.11132929
v 0.00089808 0.01869653 -0.11260056
v 0.00107128 0.01889653 -0.11250056
v 0.00130000 0.01869649 -0.11410057
v 0.00150000 0.01889648 -0.11410058
v 0.00089808 0.01869644 -0.11560057
v 0.00107128 0.01889643 -0.11570057
v -0.00020000 0.01869641 -0.11669863
v -0.00010000 0.01889640 -0.11687185
v -0.00170000 0.01869640 -0.11710056
v -0.00170000 0.01889638 -0.11730057
v -0.00320000 0.01869641 -0.11669863
v -0.00330000 0.01889640 -0.11687185
v -0.00429808 0.01869644 -0.11560057
v -0.00447128 0.01889643 -0.11570057
v -0.00470000 0.01869649 -0.11410057
v -0.00564472 0.02113819 -0.21196647
v -0.00550000 0.02099347 -0.21187703
v -0.00570000 0.02108291 -0.21205592
v -0.00550000 0.02018290 -0.21228228
v -0.00570000 0.02038290 -0.21240589
v -0.02339706 0.00977572 -0.13910334
v -0.02339706 0.01163541 -0.13746168
v -0.02339606 0.00977572 -0.13910334
v -0.02339606 0.01163541 -0.13746168
v -0.02339706 0.00977568 -0.14042162
v -0.02339706 0.01169854 -0.14063754
v -0.02339606 0.00977568 -0.14042162
v -0.02339606 0.01169854 -0.14063754
v -0.02339606 0.01257736 -0.14073627
v -0.02339606 0.01257733 -0.14184955
v -0.02339606 0.01257724 -0.14466251
v -0.02339606 0.01219584 -0.14444097
v -0.02339606 0.01257728 -0.14352752
v -0.02339606 0.01007726 -0.14346985
v -0.02339606 0.00977552 -0.14557714
v -0.02339606 0.00977554 -0.14472690
v -0.02339606 0.01149744 -0.14143797
v -0.02339606 0.01169854 -0.14063754
v -0.02339606 0.01149536 -0.14143607
v -0.02339606 0.01149425 -0.14144627
v -0.02339606 0.01149772 -0.14144152
v -0.02339606 0.01149800 -0.14143963
v -0.02339606 0.01148705 -0.14143322
v -0.02339606 0.01146292 -0.14143025
v -0.02339606 0.01142011 -0.14142820
v -0.02339606 0.00977559 -0.14336509
v -0.02339606 0.01004392 -0.14246130
v -0.02339606 0.01003907 -0.14246492
v -0.02339606 0.00977561 -0.14265058
v -0.02339606 0.00977565 -0.14128436
v -0.02339606 0.00977568 -0.14042162
v -0.02339606 0.01075161 -0.14138066
v -0.02339606 0.01131373 -0.14142344
v -0.02339606 0.01145704 -0.14147137
v -0.02339606 0.01135225 -0.14154088
v -0.02339606 0.01074756 -0.14196267
v -0.02339706 0.00977616 -0.12487530
v -0.02339606 0.00977616 -0.12487530
v -0.02339706 0.00977607 -0.12783026
v -0.02339606 0.00977606 -0.12811035
v -0.02339706 0.00977606 -0.12801288
v -0.02339706 0.00977606 -0.12811035
v -0.02339706 0.00819422 -0.18768811
v -0.02339706 0.00819634 -0.11873262
v -0.02339706 0.00819618 -0.12389992
v -0.02319706 0.00799634 -0.11873261
v -0.02339706 0.00819618 -0.12410290
v -0.02339706 0.00819606 -0.12783021
v -0.02339706 0.00819583 -0.13532165
v -0.02339706 0.00819568 -0.14027537
v -0.02339706 0.00819606 -0.12801283
v -0.02339706 0.00819590 -0.13322800
v -0.02339706 0.00819516 -0.15705810
v -0.02339706 0.00819546 -0.14731274
v -0.02339706 0.00819540 -0.14916591
v -0.02339706 0.00819528 -0.15320445
v -0.02339706 0.01130418 -0.15823240
v -0.02339656 0.01123289 -0.15840439
v -0.02339606 0.01130418 -0.15823240
v -0.02339606 0.01184912 -0.13128068
v -0.02339606 0.01257767 -0.13058554
v -0.02339706 0.01184912 -0.13128068
v -0.02339706 0.01257767 -0.13058554
v -0.02339706 0.00985374 -0.13193191
v -0.02339606 0.00985374 -0.13193191
v -0.02339606 0.00979535 -0.13222145
v -0.02339706 0.00979535 -0.13222145
v -0.02339606 0.00977592 -0.13256633
v -0.02339706 0.00977592 -0.13256633
v -0.02339706 0.01105809 -0.12012447
v -0.02339606 0.01105788 -0.12012465
v -0.02339706 0.01082361 -0.12041177
v -0.02339606 0.01082361 -0.12041177
v -0.02339706 0.01169403 -0.12081674
v -0.02339706 0.01157306 -0.12078842
v -0.02339606 0.01157311 -0.12078842
v -0.02339606 0.01169403 -0.12081674
v -0.02339606 0.01178053 -0.12090159
v -0.02339706 0.01178052 -0.12090157
v -0.02339706 0.01104007 -0.14953290
v -0.02339606 0.01104007 -0.14953290
v -0.02339606 0.01089151 -0.14945907
v -0.02339706 0.01089151 -0.14945907
v -0.02339606 0.01070545 -0.14943455
v -0.02339706 0.01070545 -0.14943455
v -0.02339706 0.01052140 -0.14751533
v -0.02339706 0.01118102 -0.14624539
v -0.02339706 0.01117065 -0.14812352
v -0.02339706 0.01087253 -0.14807907
v -0.02339706 0.01065679 -0.14791408
v -0.02339706 0.01053492 -0.14765167
v -0.02339656 0.01052118 -0.15489740
v -0.02339706 0.01052116 -0.15542461
v -0.02339606 0.01052116 -0.15542461
v 0.01999696 0.01160463 -0.13490932
v 0.01999696 0.01176640 -0.13471941
v 0.01999700 0.01184095 -0.13441230
v 0.01999696 0.01075816 -0.13325291
v 0.01999696 0.01059635 -0.13344287
v 0.01999700 0.01052183 -0.13374970
v 0.01999696 0.01061852 -0.13464170
v 0.01999696 0.01086444 -0.13490739
v 0.01999696 0.01052194 -0.13429083
v 0.01999700 0.01117105 -0.13501848
v 0.01999700 0.01052181 -0.13427695
v 0.01999700 0.01119167 -0.13502090
v 0.01999696 0.01138367 -0.13501070
v 0.01999696 0.01174418 -0.13352031
v 0.01999696 0.01149830 -0.13325464
v 0.01999696 0.01184084 -0.13387153
v 0.01999700 0.01119173 -0.13314358
v 0.01999700 0.01184097 -0.13388551
v 0.01999700 0.01117111 -0.13314156
v 0.01999696 0.01097913 -0.13315159
v 0.01979706 0.00799634 -0.11873261
v 0.01840000 0.00799634 -0.11873261
v 0.01979706 0.00799378 -0.20194604
v 0.01840000 0.00799378 -0.20194604
v 0.01979706 0.00760714 -0.20312796
v 0.01999706 0.00776847 -0.20324615
v 0.01979706 0.00789465 -0.20256781
v 0.01999706 0.00808474 -0.20263000
v 0.01979706 0.00799378 -0.20194604
v 0.01999706 0.00819378 -0.20194605
v -0.02180000 0.00599366 -0.20565737
v -0.02319706 0.00599366 -0.20565737
v -0.02180000 0.00599351 -0.21063657
v -0.02319706 0.00599351 -0.21071157
v -0.02187023 0.00599351 -0.21071157
v -0.02180000 0.01260707 -0.11437990
v -0.02180000 0.01570345 -0.21421300
v -0.02180000 0.01299652 -0.11290182
v -0.02180000 0.01570673 -0.10780048
v -0.02180000 0.01299668 -0.10780039
v -0.02180000 0.00799634 -0.11873261
v -0.02180000 0.00799378 -0.20194604
v -0.02180000 0.00599366 -0.20565737
v -0.02180000 0.00599351 -0.21063657
v -0.02180000 0.01524702 -0.21410696
v -0.02180000 0.00825597 -0.11774722
v -0.02180000 0.00896741 -0.11701766
v -0.02180000 0.01153993 -0.11547425
v -0.02180000 0.00604323 -0.20534649
v -0.02180000 0.00618698 -0.20506641
v -0.02180000 0.00760714 -0.20312796
v -0.02180000 0.00789465 -0.20256781
v 0.01396863 0.02119347 -0.21187703
v 0.01396863 0.02108291 -0.21205592
v 0.00451985 0.02119347 -0.21187703
v 0.00230000 0.02108291 -0.21205592
v 0.00230000 0.02119347 -0.21187703
v 0.00224472 0.02113819 -0.21196647
v 0.01989705 0.01309668 -0.10770039
v 0.01999706 0.01319668 -0.10780040
v 0.01979706 0.01319668 -0.10760039
v 0.01999706 0.01516825 -0.10780046
v 0.01979706 0.01516826 -0.10760046
v -0.01590000 0.01889373 -0.20360057
v -0.01529808 0.01869378 -0.20210056
v -0.01547128 0.01889377 -0.20200057
v -0.01420000 0.01869381 -0.20100249
v -0.01430000 0.01889381 -0.20082929
v -0.01270000 0.01869382 -0.20060056
v -0.01270000 0.01889382 -0.20040057
v -0.01120000 0.01869381 -0.20100249
v -0.01110000 0.01889381 -0.20082929
v -0.01010192 0.01869378 -0.20210056
v -0.00992872 0.01889377 -0.20200057
v -0.00970000 0.01869373 -0.20360056
v -0.00950000 0.01889373 -0.20360057
v -0.01010192 0.01869368 -0.20510056
v -0.00992872 0.01889368 -0.20520057
v -0.01120000 0.01869365 -0.20619864
v -0.01110000 0.01889364 -0.20637185
v -0.01270000 0.01869364 -0.20660056
v -0.01270000 0.01889363 -0.20680057
v -0.01420000 0.01869365 -0.20619864
v -0.01430000 0.01889364 -0.20637185
v -0.01529808 0.01869368 -0.20510056
v -0.01547128 0.01889368 -0.20520057
v -0.01570000 0.01869373 -0.20360056
v -0.00550000 0.02099395 -0.19610064
v -0.00570000 0.02119396 -0.19610064
v -0.00543301 0.02099396 -0.19585064
v -0.00560622 0.02119397 -0.19575064
v -0.00525000 0.02099397 -0.19566762
v -0.00535000 0.02119398 -0.19549442
v -0.00500000 0.02099397 -0.19560063
v -0.00500000 0.02119398 -0.19540064
v -0.02339606 0.01163541 -0.13746168
v -0.02339706 0.01163541 -0.13746168
v -0.02339656 0.01089433 -0.13708868
v -0.02339706 0.00977565 -0.14128436
v -0.02339706 0.00977568 -0.14042162
v -0.02339606 0.00977565 -0.14128436
v -0.02339606 0.00977568 -0.14042162
v -0.02339606 0.01257733 -0.14184955
v -0.02339706 0.01257733 -0.14184955
v -0.02339656 0.01227850 -0.14167592
v -0.02339706 0.01049664 -0.12742325
v -0.02339706 0.00977606 -0.12811035
v -0.02339606 0.01049664 -0.12742325
v -0.02339606 0.00977606 -0.12811035
v -0.02339706 0.00819634 -0.11873262
v -0.02319706 0.00799634 -0.11873261
v -0.02319706 0.00825597 -0.11774722
v -0.02339706 0.00843001 -0.11784576
v -0.02319706 0.00896741 -0.11701766
v -0.02339706 0.00907029 -0.11718917
v -0.02339706 0.01130418 -0.15823240
v -0.02339606 0.01130418 -0.15823240
v -0.02339706 0.01141885 -0.15811521
v -0.02339606 0.01141891 -0.15811517
v -0.02339706 0.01257767 -0.13058554
v -0.02339606 0.01257767 -0.13058554
v -0.02339706 0.01257775 -0.12801297
v -0.02339606 0.01257777 -0.12740280
v -0.02339706 0.01257776 -0.12783034
v -0.02339706 0.01257777 -0.12740280
v -0.02339706 0.00977592 -0.13256633
v -0.02339606 0.00977592 -0.13256633
v -0.02339706 0.00977590 -0.13322805
v -0.02339606 0.00977584 -0.13517548
v -0.02339706 0.00977584 -0.13517548
v -0.02339706 0.01082361 -0.12041177
v -0.02339606 0.01082361 -0.12041177
v -0.02339706 0.01068956 -0.12078034
v -0.02339606 0.01068956 -0.12078034
v -0.02339706 0.01183220 -0.12103660
v -0.02339706 0.01178052 -0.12090157
v -0.02339606 0.01178053 -0.12090159
v -0.02339606 0.01183220 -0.12103660
v -0.02339606 0.01184943 -0.12121572
v -0.02339706 0.01184943 -0.12121572
v -0.02339706 0.01070545 -0.14943455
v -0.02339606 0.01070545 -0.14943455
v -0.02339706 0.01036831 -0.14948691
v -0.02339606 0.01036831 -0.14948691
v -0.02339706 0.01117041 -0.15603284
v -0.02339706 0.01087196 -0.15598832
v -0.02339706 0.01065641 -0.15582338
v -0.02339706 0.01052116 -0.15542461
v -0.02339706 0.01053466 -0.15556097
v -0.02339706 0.01118078 -0.15415492
v -0.02339706 0.01117041 -0.15603284
v -0.02339606 0.01117041 -0.15603284
v -0.02339606 0.01087196 -0.15598832
v -0.02339706 0.01087196 -0.15598832
v -0.02339606 0.01065641 -0.15582338
v -0.02339706 0.01065641 -0.15582338
v -0.02339606 0.01053466 -0.15556097
v -0.02339706 0.01053466 -0.15556097
v -0.02339606 0.01052116 -0.15542461
v -0.02339706 0.01052116 -0.15542461
v 0.01999696 0.01075840 -0.12534348
v 0.01999696 0.01059662 -0.12553334
v 0.01999700 0.01052207 -0.12584042
v 0.01999696 0.01160487 -0.12699994
v 0.01999696 0.01176665 -0.12681008
v 0.01999700 0.01184120 -0.12650303
v 0.01999696 0.01174442 -0.12561098
v 0.01999696 0.01149854 -0.12534533
v 0.01999696 0.01184109 -0.12596220
v 0.01999700 0.01119197 -0.12523425
v 0.01999700 0.01184121 -0.12597618
v 0.01999700 0.01117136 -0.12523224
v 0.01999696 0.01097936 -0.12524224
v 0.01999696 0.01061882 -0.12673250
v 0.01999696 0.01086476 -0.12699813
v 0.01999696 0.01052218 -0.12638162
v 0.01999700 0.01117130 -0.12710916
v 0.01999700 0.01052206 -0.12636762
v 0.01999700 0.01119191 -0.12711117
v 0.01999696 0.01138391 -0.12710116
v 0.01840000 0.00825597 -0.11774722
v 0.01979706 0.00825597 -0.11774722
v 0.01840000 0.00799634 -0.11873261
v 0.01979706 0.00799634 -0.11873261
v -0.02339498 0.01525613 -0.21410696
v -0.02319519 0.01517679 -0.21429423
v -0.02339706 0.01516498 -0.21407619
v -0.02319706 0.01509475 -0.21426346
v -0.02256501 0.01682545 -0.21403159
v -0.01878284 0.02061089 -0.10780063
v -0.01878284 0.02060768 -0.21214062
v 0.01538284 0.02060768 -0.21214062
v 0.01524142 0.02055570 -0.21231950
v 0.01474767 0.02103318 -0.21194949
v 0.01470000 0.02092795 -0.21213339
v 0.01473837 0.02103941 -0.21194669
v 0.01396863 0.02108291 -0.21205592
v 0.01396863 0.02119347 -0.21187703
v 0.01984481 0.01593362 -0.10780048
v 0.01941127 0.01658247 -0.10780050
v 0.01926985 0.01644105 -0.10760049
v 0.01966004 0.01585709 -0.10760048
v -0.00500000 0.02099397 -0.19560063
v -0.00500000 0.02119398 -0.19540064
v 0.00160000 0.02099397 -0.19560063
v 0.00160000 0.02119398 -0.19540064
v 0.00610000 0.02009373 -0.20360060
v 0.00652872 0.01889377 -0.20200057
v 0.00652872 0.02009378 -0.20200061
v 0.00770000 0.01889381 -0.20082929
v 0.00770000 0.02009382 -0.20082932
v 0.00930000 0.01889382 -0.20040057
v 0.00930000 0.02009383 -0.20040061
v 0.01090000 0.01889381 -0.20082929
v 0.01090000 0.02009382 -0.20082932
v 0.01207128 0.01889377 -0.20200057
v 0.01207128 0.02009378 -0.20200061
v 0.01250000 0.01889373 -0.20360057
v 0.01250000 0.02009373 -0.20360060
v 0.01207128 0.01889368 -0.20520057
v 0.01207128 0.02009368 -0.20520061
v 0.01090000 0.01889364 -0.20637185
v 0.01090000 0.02009365 -0.20637189
v 0.00930000 0.01889363 -0.20680057
v 0.00930000 0.02009363 -0.20680061
v 0.00770000 0.01889364 -0.20637185
v 0.00770000 0.02009365 -0.20637189
v 0.00652872 0.01889368 -0.20520057
v 0.00652872 0.02009368 -0.20520061
v 0.00610000 0.01889373 -0.20360057
v -0.02339656 0.01049633 -0.13737339
v -0.02339706 0.01049631 -0.13807306
v -0.02339606 0.01049631 -0.13807306
v -0.02339706 0.01075161 -0.14138066
v -0.02339706 0.00977565 -0.14128436
v -0.02339606 0.01075161 -0.14138066
v -0.02339606 0.00977565 -0.14128436
v -0.02339706 0.01257736 -0.14073627
v -0.02339706 0.01257733 -0.14184955
v -0.02339606 0.01257736 -0.14073627
v -0.02339606 0.01257733 -0.14184955
v -0.02339706 0.01184923 -0.12774514
v -0.02339706 0.01184933 -0.12450605
v -0.02339606 0.01184923 -0.12774514
v -0.02339606 0.01184933 -0.12450605
v -0.02339706 0.01172708 -0.15715824
v -0.02339606 0.01172708 -0.15715824
v -0.02339706 0.01136657 -0.15722341
v -0.02339606 0.01136657 -0.15722341
v -0.02339706 0.01141885 -0.15811521
v -0.02339606 0.01141891 -0.15811517
v -0.02339706 0.01149225 -0.15808226
v -0.02339606 0.01149225 -0.15808226
v -0.02339656 0.01157195 -0.15807129
v -0.02339606 0.01257777 -0.12740280
v -0.02339606 0.01184922 -0.12809794
v -0.02339706 0.01257777 -0.12740280
v -0.02339706 0.01184922 -0.12809794
v -0.02339606 0.00977584 -0.13517548
v -0.02339606 0.01049642 -0.13449280
v -0.02339706 0.00977584 -0.13517548
v -0.02339706 0.01049642 -0.13449280
v -0.02339706 0.01068956 -0.12078034
v -0.02339606 0.01068956 -0.12078034
v -0.02339706 0.01055124 -0.12064820
v -0.02339606 0.01055124 -0.12064820
v -0.02339606 0.01184943 -0.12121572
v -0.02339606 0.01184936 -0.12365334
v -0.02339706 0.01184943 -0.12121572
v -0.02339706 0.01184936 -0.12365334
v -0.02339606 0.01007064 -0.14968348
v -0.02339706 0.01007066 -0.14968347
v -0.02339706 0.01021120 -0.14956208
v -0.02339606 0.01021120 -0.14956208
v -0.02339706 0.01036831 -0.14948691
v -0.02339606 0.01036831 -0.14948691
v -0.02339606 0.01088095 -0.15213155
v -0.02339606 0.01049588 -0.15219839
v -0.02339706 0.01088095 -0.15213155
v -0.02339706 0.01049588 -0.15219839
v -0.02339606 0.01070545 -0.14943455
v -0.02339606 0.01072192 -0.15029289
v -0.02339606 0.01036831 -0.14948691
v -0.02339606 0.01062365 -0.15031269
v -0.02339606 0.01021120 -0.14956208
v -0.02339606 0.01007064 -0.14968348
v -0.02339606 0.01055440 -0.15036817
v -0.02339606 0.00995139 -0.14985469
v -0.02339606 0.01257699 -0.15270756
v -0.02339606 0.01184846 -0.15283079
v -0.02339606 0.01257707 -0.15025546
v -0.02339606 0.01253592 -0.14984855
v -0.02339606 0.01181720 -0.15020303
v -0.02339606 0.01241196 -0.14954136
v -0.02339606 0.01180962 -0.15018961
v -0.02339606 0.01220622 -0.14934796
v -0.02339606 0.01177206 -0.15015381
v -0.02339606 0.01191986 -0.14928356
v -0.02339606 0.01170192 -0.15013782
v -0.02339606 0.01177664 -0.14929476
v -0.02339606 0.01147988 -0.15289360
v -0.02339606 0.01121616 -0.14978215
v -0.02339609 0.01151938 -0.15023811
v -0.02339606 0.00985721 -0.15007939
v -0.02339606 0.01051049 -0.15046458
v -0.02339606 0.00979587 -0.15036825
v -0.02339606 0.01165880 -0.15014061
v -0.02339606 0.01144653 -0.14944272
v -0.02339606 0.01130185 -0.14960233
v -0.02339606 0.01157740 -0.15016917
v -0.02339606 0.01089151 -0.14945907
v -0.02339606 0.01104007 -0.14953290
v -0.02339606 0.01079092 -0.15030771
v -0.02339606 0.01114916 -0.14964443
v -0.02339606 0.01084052 -0.15035239
v -0.02339606 0.01087587 -0.15045622
v -0.02339606 0.00977536 -0.15073268
v -0.02339606 0.01049592 -0.15060299
v -0.02339606 0.00977528 -0.15319522
v -0.02339606 0.01049588 -0.15219839
v -0.02339606 0.01088095 -0.15213155
v -0.02339606 0.01088099 -0.15053574
v -0.02319519 0.01517679 -0.21429423
v -0.02200000 0.01517679 -0.21429423
v -0.02319706 0.01509475 -0.21426346
v -0.02200000 0.00612328 -0.21089884
v -0.02319706 0.00612328 -0.21089884
v -0.00405000 0.02009649 -0.11410061
v -0.00405000 0.02099648 -0.11410064
v -0.00373516 0.02009653 -0.11292561
v -0.00373516 0.02099652 -0.11292564
v -0.00287500 0.02009655 -0.11206544
v -0.00287500 0.02099654 -0.11206547
v -0.00170000 0.02009656 -0.11175061
v -0.00170000 0.02099655 -0.11175064
v -0.00052500 0.02009655 -0.11206544
v -0.00052500 0.02099654 -0.11206547
v 0.00033516 0.02009653 -0.11292561
v 0.00033516 0.02099652 -0.11292564
v 0.00065000 0.02009649 -0.11410061
v 0.00065000 0.02099648 -0.11410064
v 0.00033516 0.02009645 -0.11527560
v 0.00033516 0.02099645 -0.11527563
v -0.00052500 0.02009643 -0.11613577
v -0.00052500 0.02099642 -0.11613580
v -0.00170000 0.02009642 -0.11645060
v -0.00170000 0.02099641 -0.11645063
v -0.00287500 0.02009643 -0.11613577
v -0.00287500 0.02099642 -0.11613580
v -0.00373516 0.02009645 -0.11527560
v -0.00373516 0.02099645 -0.11527563
v -0.02180000 0.01570345 -0.21421300
v -0.02200000 0.01568394 -0.21441204
v -0.02173910 0.01600960 -0.21421164
v -0.02196658 0.01597893 -0.21441910
v -0.02156569 0.01626914 -0.21414134
v -0.02170711 0.01646961 -0.21433242
v 0.01524142 0.02055570 -0.21231950
v 0.01538284 0.02060768 -0.21214062
v 0.01902359 0.01677346 -0.21421047
v 0.01916501 0.01682545 -0.21403159
v 0.01538284 0.02061089 -0.10780063
v 0.01524142 0.02046948 -0.10760062
v 0.01941127 0.01658247 -0.10780050
v 0.00185000 0.02099397 -0.19566762
v 0.00195000 0.02119398 -0.19549442
v 0.00203301 0.02099396 -0.19585064
v 0.00220622 0.02119397 -0.19575064
v 0.00210000 0.02099395 -0.19610064
v 0.00230000 0.02119396 -0.19610064
v -0.00490000 0.02009649 -0.11410061
v -0.00447128 0.01889653 -0.11250056
v -0.00447128 0.02009654 -0.11250060
v -0.00330000 0.01889657 -0.11132929
v -0.00330000 0.02009657 -0.11132933
v -0.00170000 0.01889658 -0.11090057
v -0.00170000 0.02009659 -0.11090060
v -0.00010000 0.01889657 -0.11132929
v -0.00010000 0.02009657 -0.11132933
v 0.00107128 0.01889653 -0.11250056
v 0.00107128 0.02009654 -0.11250060
v 0.00150000 0.01889648 -0.11410058
v 0.00150000 0.02009649 -0.11410061
v 0.00107128 0.01889643 -0.11570057
v 0.00107128 0.02009644 -0.11570061
v -0.00010000 0.01889640 -0.11687185
v -0.00010000 0.02009640 -0.11687189
v -0.00170000 0.01889638 -0.11730057
v -0.00170000 0.02009639 -0.11730061
v -0.00330000 0.01889640 -0.11687185
v -0.00330000 0.02009640 -0.11687189
v -0.00447128 0.01889643 -0.11570057
v -0.00447128 0.02009644 -0.11570061
v -0.00490000 0.01889648 -0.11410058
v -0.02339706 0.01049631 -0.13807306
v -0.02339706 0.00977573 -0.13872634
v -0.02339606 0.01049631 -0.13807306
v -0.02339606 0.00977573 -0.13872634
v -0.02339706 0.01075161 -0.14138066
v -0.02339606 0.01075161 -0.14138066
v -0.02339606 0.01131373 -0.14142344
v -0.02339706 0.01131373 -0.14142344
v -0.02339606 0.01142011 -0.14142820
v -0.02339706 0.01142011 -0.14142820
v -0.02339606 0.01146292 -0.14143025
v -0.02339706 0.01146292 -0.14143025
v -0.02339606 0.01148705 -0.14143322
v -0.02339706 0.01148705 -0.14143322
v -0.02339606 0.01149536 -0.14143607
v -0.02339706 0.01149536 -0.14143607
v -0.02339606 0.01149744 -0.14143797
v -0.02339706 0.01149744 -0.14143797
v -0.02339606 0.01149800 -0.14143963
v -0.02339706 0.01149800 -0.14143963
v -0.02339606 0.01149772 -0.14144152
v -0.02339706 0.01149772 -0.14144152
v -0.02339606 0.01149425 -0.14144627
v -0.02339706 0.01149425 -0.14144627
v -0.02339606 0.01145704 -0.14147137
v -0.02339706 0.01145704 -0.14147137
v -0.02339606 0.01135225 -0.14154088
v -0.02339706 0.01135225 -0.14154088
v -0.02339606 0.01074756 -0.14196267
v -0.02339706 0.01074756 -0.14196267
v -0.02339706 0.01169854 -0.14063754
v -0.02339706 0.01257736 -0.14073627
v -0.02339606 0.01169854 -0.14063754
v -0.02339606 0.01257736 -0.14073627
v -0.02339706 0.01257778 -0.12705402
v -0.02339706 0.01184923 -0.12774514
v -0.02339606 0.01257778 -0.12705402
v -0.02339606 0.01184923 -0.12774514
v -0.02339706 0.01136657 -0.15722341
v -0.02339606 0.01136657 -0.15722341
v -0.02339706 0.01105697 -0.15740739
v -0.02339606 0.01105667 -0.15740765
v -0.02339622 0.01163070 -0.15808097
v -0.02339687 0.01163037 -0.15808121
v -0.02339656 0.01157195 -0.15807129
v -0.02339706 0.01166574 -0.15808721
v -0.02339656 0.01177939 -0.15818448
v -0.02339673 0.01173904 -0.15814995
v -0.02339637 0.01173898 -0.15815022
v -0.02339696 0.01168812 -0.15810637
v -0.02339614 0.01168783 -0.15810687
v -0.02339603 0.01166368 -0.15808640
v -0.02339606 0.01184922 -0.12809794
v -0.02339606 0.01184919 -0.12909444
v -0.02339706 0.01184922 -0.12809794
v -0.02339706 0.01184919 -0.12909444
v -0.02339706 0.01049642 -0.13449280
v -0.02339606 0.01049642 -0.13449280
v -0.02339706 0.01049646 -0.13322807
v -0.02339606 0.01049649 -0.13236978
v -0.02339706 0.01049649 -0.13236978
v -0.02339656 0.01032088 -0.12045767
v -0.02339706 0.01055124 -0.12064820
v -0.02339606 0.01055124 -0.12064820
v -0.02339606 0.01184936 -0.12365334
v -0.02339606 0.01257789 -0.12352607
v -0.02339706 0.01184936 -0.12365334
v -0.02339706 0.01257789 -0.12352607
v -0.02339706 0.00995139 -0.14985469
v -0.02339706 0.01007066 -0.14968347
v -0.02339606 0.01007064 -0.14968348
v -0.02339606 0.00995139 -0.14985469
v -0.02339606 0.00985721 -0.15007939
v -0.02339706 0.00985721 -0.15007939
v -0.02339606 0.01088099 -0.15053574
v -0.02339606 0.01088095 -0.15213155
v -0.02339706 0.01088099 -0.15053574
v -0.02339706 0.01088095 -0.15213155
v -0.02339606 0.00977618 -0.12401736
v -0.02339606 0.00977621 -0.12315063
v -0.02339606 0.01120851 -0.12376613
v -0.02339606 0.01051776 -0.12302053
v -0.02339606 0.01051780 -0.12168891
v -0.02339606 0.01068956 -0.12078034
v -0.02339606 0.01055124 -0.12064820
v -0.02339606 0.00977627 -0.12119477
v -0.02339606 0.00977631 -0.12003470
v -0.02339606 0.01257789 -0.12352607
v -0.02339606 0.01184936 -0.12365334
v -0.02339606 0.01257797 -0.12115692
v -0.02339606 0.01184943 -0.12121572
v -0.02339606 0.01256862 -0.12093672
v -0.02339606 0.01183220 -0.12103660
v -0.02339606 0.01254059 -0.12071109
v -0.02339606 0.01178053 -0.12090159
v -0.02339606 0.01157311 -0.12078842
v -0.02339606 0.01187784 -0.11988733
v -0.02339606 0.01169403 -0.12081674
v -0.02339606 0.01217274 -0.12001556
v -0.02339606 0.01220171 -0.12003942
v -0.02339606 0.01225619 -0.12009076
v -0.02339606 0.01130535 -0.12094990
v -0.02339606 0.01082361 -0.12041177
v -0.02339606 0.01142003 -0.12083268
v -0.02339606 0.01105788 -0.12012465
v -0.02339606 0.01149332 -0.12079942
v -0.02339606 0.01136771 -0.11994051
v -0.02180000 0.00604323 -0.20534649
v -0.02319706 0.00604323 -0.20534649
v -0.01505000 0.02009373 -0.20360060
v -0.01505000 0.02099372 -0.20360063
v -0.01473516 0.02009377 -0.20242561
v -0.01473516 0.02099376 -0.20242563
v -0.01387500 0.02009379 -0.20156545
v -0.01387500 0.02099379 -0.20156547
v -0.01270000 0.02009380 -0.20125061
v -0.01270000 0.02099380 -0.20125063
v -0.01152500 0.02009379 -0.20156545
v -0.01152500 0.02099379 -0.20156547
v -0.01066484 0.02009377 -0.20242561
v -0.01066484 0.02099376 -0.20242563
v -0.01035000 0.02009373 -0.20360060
v -0.01035000 0.02099372 -0.20360063
v -0.01066484 0.02009369 -0.20477561
v -0.01066484 0.02099369 -0.20477563
v -0.01152500 0.02009367 -0.20563576
v -0.01152500 0.02099366 -0.20563579
v -0.01270000 0.02009366 -0.20595061
v -0.01270000 0.02099365 -0.20595063
v -0.01387500 0.02009367 -0.20563576
v -0.01387500 0.02099366 -0.20563579
v -0.01473516 0.02009369 -0.20477561
v -0.01473516 0.02099369 -0.20477563
v -0.02200000 0.01568394 -0.21441204
v -0.02180000 0.01570345 -0.21421300
v 0.01979518 0.01517679 -0.21429423
v 0.01860000 0.01517679 -0.21429423
v 0.01972403 0.01563712 -0.21440690
v 0.01860000 0.01568394 -0.21441204
v 0.01960547 0.01598386 -0.21441884
v 0.01854750 0.01598379 -0.21440987
v 0.01926985 0.01649984 -0.21432282
v 0.01852661 0.01610308 -0.21440901
v 0.01902359 0.01677346 -0.21421047
v 0.01830710 0.01646961 -0.21433242
v 0.01803364 0.01677346 -0.21421047
v 0.01473837 0.02104262 -0.10780064
v 0.01466139 0.02085803 -0.10760063
v 0.01396863 0.02119668 -0.10780064
v 0.01396863 0.02099668 -0.10760064
v 0.00224472 0.02113819 -0.21196647
v 0.00210000 0.02099347 -0.21187703
v 0.00230000 0.02119347 -0.21187703
v -0.01590000 0.02009373 -0.20360060
v -0.01547128 0.01889377 -0.20200057
v -0.01547128 0.02009378 -0.20200061
v -0.01430000 0.01889381 -0.20082929
v -0.01430000 0.02009382 -0.20082932
v -0.01270000 0.01889382 -0.20040057
v -0.01270000 0.02009383 -0.20040061
v -0.01110000 0.01889381 -0.20082929
v -0.01110000 0.02009382 -0.20082932
v -0.00992872 0.01889377 -0.20200057
v -0.00992872 0.02009378 -0.20200061
v -0.00950000 0.01889373 -0.20360057
v -0.00950000 0.02009373 -0.20360060
v -0.00992872 0.01889368 -0.20520057
v -0.00992872 0.02009368 -0.20520061
v -0.01110000 0.01889364 -0.20637185
v -0.01110000 0.02009365 -0.20637189
v -0.01270000 0.01889363 -0.20680057
v -0.01270000 0.02009363 -0.20680061
v -0.01430000 0.01889364 -0.20637185
v -0.01430000 0.02009365 -0.20637189
v -0.01547128 0.01889368 -0.20520057
v -0.01547128 0.02009368 -0.20520061
v -0.01590000 0.01889373 -0.20360057
v -0.02339706 0.00977573 -0.13872634
v -0.02339706 0.00977583 -0.13546791
v -0.02339606 0.00977573 -0.13872634
v -0.02339606 0.00977583 -0.13546791
v -0.02339706 0.01004392 -0.14246130
v -0.02339706 0.01074756 -0.14196267
v -0.02339606 0.01004392 -0.14246130
v -0.02339606 0.01074756 -0.14196267
v -0.02339606 0.01120325 -0.14902979
v -0.02339706 0.01120325 -0.14902979
v -0.02339606 0.01115862 -0.14903419
v -0.02339706 0.01257778 -0.12705402
v -0.02339606 0.01257778 -0.12705402
v -0.02339706 0.01257787 -0.12410304
v -0.02339606 0.01257788 -0.12381484
v -0.02339706 0.01257788 -0.12390006
v -0.02339706 0.01257788 -0.12381484
v -0.02339656 0.01082247 -0.15769429
v -0.02339706 0.01105697 -0.15740739
v -0.02339606 0.01105667 -0.15740765
v -0.02339656 0.01177939 -0.15818448
v -0.02339634 0.01180980 -0.15832320
v -0.02339678 0.01180980 -0.15832320
v -0.02339606 0.01184828 -0.15849865
v -0.02339706 0.01184828 -0.15849865
v -0.02339706 0.01257759 -0.13337916
v -0.02339606 0.01257759 -0.13337916
v -0.02339706 0.01257759 -0.13322814
v -0.02339606 0.01257766 -0.13094558
v -0.02339706 0.01257766 -0.13094558
v -0.02339606 0.01055496 -0.13211402
v -0.02339706 0.01055496 -0.13211402
v -0.02339706 0.01051105 -0.13221788
v -0.02339606 0.01051105 -0.13221788
v -0.02339706 0.01049649 -0.13236978
v -0.02339606 0.01049649 -0.13236978
v -0.02339656 0.01032088 -0.12045767
v -0.02339606 0.00977631 -0.12003470
v -0.02339706 0.00977631 -0.12003470
v -0.02339606 0.01257789 -0.12352607
v -0.02339606 0.01257797 -0.12115692
v -0.02339706 0.01257789 -0.12352607
v -0.02339706 0.01257797 -0.12115692
v -0.02339706 0.00985721 -0.15007939
v -0.02339606 0.00985721 -0.15007939
v -0.02339606 0.00979587 -0.15036825
v -0.02339706 0.00979587 -0.15036825
v -0.02339606 0.00977536 -0.15073268
v -0.02339706 0.00977536 -0.15073268
v -0.02339606 0.01088099 -0.15053574
v -0.02339706 0.01088099 -0.15053574
v -0.02339706 0.01087587 -0.15045622
v -0.02339606 0.01087587 -0.15045622
v -0.02339706 0.01084052 -0.15035239
v -0.02339606 0.01084052 -0.15035239
v -0.02339706 0.01079092 -0.15030771
v -0.02339606 0.01079092 -0.15030771
v -0.02339706 0.01072190 -0.15029289
v -0.02339606 0.01072192 -0.15029289
v -0.02339606 0.01229081 -0.13443246
v -0.02339606 0.01173913 -0.13388438
v -0.02339606 0.01179661 -0.13383148
v -0.02339606 0.01007120 -0.13150498
v -0.02339606 0.01062296 -0.13205746
v -0.02339606 0.01055496 -0.13211402
v -0.02339606 0.01214334 -0.13457538
v -0.02339606 0.01197265 -0.13467327
v -0.02339606 0.01164036 -0.13391020
v -0.02339606 0.01178252 -0.13472967
v -0.02339606 0.01161865 -0.13391083
v -0.02339606 0.01157666 -0.13474859
v -0.02339606 0.01127903 -0.13468229
v -0.02339606 0.01155023 -0.13389469
v -0.02339606 0.01108695 -0.13452664
v -0.02339606 0.01150132 -0.13384704
v -0.02339606 0.01094863 -0.13424058
v -0.02339606 0.01141934 -0.13171687
v -0.02339606 0.01085500 -0.13209211
v -0.02339606 0.01129845 -0.13142528
v -0.02339606 0.01080636 -0.13205010
v -0.02339606 0.01049649 -0.13236978
v -0.02339606 0.01049642 -0.13449280
v -0.02339606 0.00977584 -0.13517548
v -0.02339606 0.01184905 -0.13357571
v -0.02339606 0.01184911 -0.13163268
v -0.02339606 0.01257766 -0.13094558
v -0.02339606 0.01022478 -0.13136205
v -0.02339606 0.01040433 -0.13126414
v -0.02339606 0.01071121 -0.13203547
v -0.02339606 0.01060532 -0.13120758
v -0.02339606 0.01073497 -0.13203466
v -0.02339606 0.01082322 -0.13118883
v -0.02339606 0.01109905 -0.13124785
v -0.02339606 0.00977592 -0.13256633
v -0.02339606 0.00979535 -0.13222145
v -0.02339606 0.01051105 -0.13221788
v -0.02339606 0.00985374 -0.13193191
v -0.02339606 0.00994674 -0.13169441
v -0.02339606 0.01257759 -0.13337916
v -0.02339606 0.01255882 -0.13372047
v -0.02339606 0.01183600 -0.13372761
v -0.02339606 0.01250233 -0.13400707
v -0.02339606 0.01241183 -0.13424330
v -0.02339606 0.01145953 -0.13211844
v -0.02339606 0.01145949 -0.13364296
v -0.02339606 0.01090250 -0.13382705
v -0.02339606 0.01146127 -0.13369654
v -0.02339606 0.01149673 -0.13383925
v -0.02339606 0.01090254 -0.13229849
v -0.02339606 0.01090252 -0.13229296
v -0.02339606 0.01087298 -0.13212318
v -0.02319706 0.00612328 -0.21089884
v -0.02200000 0.00612328 -0.21089884
v -0.02326194 0.00605839 -0.21080521
v -0.02187023 0.00599351 -0.21071157
v -0.02319706 0.00599351 -0.21071157
v 0.00695000 0.02009373 -0.20360060
v 0.00695000 0.02099372 -0.20360063
v 0.00726484 0.02009377 -0.20242561
v 0.00726484 0.02099376 -0.20242563
v 0.00812500 0.02009379 -0.20156545
v 0.00812500 0.02099379 -0.20156547
v 0.00930000 0.02009380 -0.20125061
v 0.00930000 0.02099380 -0.20125063
v 0.01047500 0.02009379 -0.20156545
v 0.01047500 0.02099379 -0.20156547
v 0.01133516 0.02009377 -0.20242561
v 0.01133516 0.02099376 -0.20242563
v 0.01165000 0.02009373 -0.20360060
v 0.01165000 0.02099372 -0.20360063
v 0.01133516 0.02009369 -0.20477561
v 0.01133516 0.02099369 -0.20477563
v 0.01047500 0.02009367 -0.20563576
v 0.01047500 0.02099366 -0.20563579
v 0.00930000 0.02009366 -0.20595061
v 0.00930000 0.02099365 -0.20595063
v 0.00812500 0.02009367 -0.20563576
v 0.00812500 0.02099366 -0.20563579
v 0.00726484 0.02009369 -0.20477561
v 0.00726484 0.02099369 -0.20477563
v -0.02312404 0.01563712 -0.21440690
v -0.02319519 0.01517679 -0.21429423
v -0.02339498 0.01525613 -0.21410696
v -0.02330066 0.01567961 -0.21417909
v -0.02324482 0.01593034 -0.21422179
v -0.02291746 0.01616204 -0.21440147
v -0.02307713 0.01618130 -0.21418733
v -0.02281127 0.01657919 -0.21413270
v -0.02266985 0.01649984 -0.21432282
v 0.01803364 0.01677346 -0.21421047
v 0.01789222 0.01654260 -0.21403158
v 0.01471716 0.02009000 -0.21255233
v 0.01457573 0.01985914 -0.21237344
v -0.01736863 0.02119668 -0.10780064
v -0.01736863 0.02099668 -0.10760064
v 0.00451985 0.02119668 -0.10780064
v 0.01396863 0.02099668 -0.10760064
v 0.01396863 0.02119668 -0.10780064
v 0.00230000 0.02038290 -0.21240589
v 0.00210000 0.02018290 -0.21228228
v 0.00230000 0.02108291 -0.21205592
v 0.00210000 0.02099347 -0.21187703
v 0.00224472 0.02113819 -0.21196647
v 0.00160000 0.02009398 -0.19560061
v 0.00160000 0.02099397 -0.19560063
v -0.02339706 0.00977583 -0.13546791
v -0.02339706 0.01169913 -0.13645676
v -0.02339606 0.00977583 -0.13546791
v -0.02339606 0.01169913 -0.13645676
v -0.02339706 0.01003907 -0.14246492
v -0.02339706 0.01004392 -0.14246130
v -0.02339606 0.01003907 -0.14246492
v -0.02339606 0.01004392 -0.14246130
v -0.02339606 0.01258971 -0.14744612
v -0.02339706 0.01258971 -0.14744612
v -0.02339706 0.01241400 -0.14816691
v -0.02339606 0.01241400 -0.14816691
v -0.02339706 0.01189941 -0.14876374
v -0.02339606 0.01189941 -0.14876374
v -0.02339706 0.01120325 -0.14902979
v -0.02339606 0.01120325 -0.14902979
v -0.02339706 0.01184933 -0.12450605
v -0.02339706 0.01257788 -0.12381484
v -0.02339606 0.01184933 -0.12450605
v -0.02339606 0.01257788 -0.12381484
v -0.02339706 0.01055009 -0.15793114
v -0.02339656 0.01068826 -0.15806266
v -0.02339606 0.01055009 -0.15793114
v -0.02339606 0.01184828 -0.15849865
v -0.02339606 0.01184821 -0.16093586
v -0.02339706 0.01184828 -0.15849865
v -0.02339706 0.01184821 -0.16093586
v -0.02339606 0.01257766 -0.13094558
v -0.02339606 0.01184911 -0.13163268
v -0.02339706 0.01257766 -0.13094558
v -0.02339706 0.01184911 -0.13163268
v -0.02339606 0.01073497 -0.13203466
v -0.02339706 0.01073494 -0.13203466
v -0.02339706 0.01071121 -0.13203547
v -0.02339606 0.01071121 -0.13203547
v -0.02339706 0.01062296 -0.13205746
v -0.02339606 0.01062296 -0.13205746
v -0.02339706 0.01055496 -0.13211402
v -0.02339606 0.01055496 -0.13211402
v -0.02339606 0.00977631 -0.12003470
v -0.02339606 0.00977627 -0.12119477
v -0.02339706 0.00977631 -0.12003470
v -0.02339706 0.00977627 -0.12119477
v -0.02339606 0.01254059 -0.12071109
v -0.02339706 0.01254059 -0.12071109
v -0.02339706 0.01256862 -0.12093672
v -0.02339606 0.01256862 -0.12093672
v -0.02339606 0.00977536 -0.15073268
v -0.02339606 0.00977528 -0.15319522
v -0.02339706 0.00977536 -0.15073268
v -0.02339706 0.00977528 -0.15319522
v -0.02339606 0.01062365 -0.15031269
v -0.02339606 0.01072192 -0.15029289
v -0.02339706 0.01072190 -0.15029289
v -0.02339706 0.01062365 -0.15031269
v -0.02339706 0.01055439 -0.15036817
v -0.02339606 0.01055440 -0.15036817
v -0.02339606 0.01257777 -0.12740280
v -0.02339606 0.01257767 -0.13058554
v -0.02339606 0.01184916 -0.12996566
v -0.02339606 0.01184912 -0.13128068
v -0.02339606 0.01184922 -0.12809794
v -0.02339606 0.01184919 -0.12909444
v -0.02339606 0.00977602 -0.12946286
v -0.02339606 0.00977599 -0.13033004
v 0.00850000 0.02009377 -0.20221496
v 0.00812500 0.02009379 -0.20156545
v 0.00930000 0.02009378 -0.20200061
v 0.00930000 0.02009380 -0.20125061
v 0.01010000 0.02009377 -0.20221496
v 0.01047500 0.02009379 -0.20156545
v 0.01068564 0.02009376 -0.20280061
v 0.01133516 0.02009377 -0.20242561
v 0.01090000 0.02009373 -0.20360060
v 0.01165000 0.02009373 -0.20360060
v 0.01068564 0.02009371 -0.20440061
v 0.01133516 0.02009369 -0.20477561
v 0.01010000 0.02009369 -0.20498625
v 0.01047500 0.02009367 -0.20563576
v 0.00930000 0.02009368 -0.20520061
v 0.00930000 0.02009366 -0.20595061
v 0.00850000 0.02009369 -0.20498625
v 0.00812500 0.02009367 -0.20563576
v 0.00791436 0.02009371 -0.20440061
v 0.00726484 0.02009369 -0.20477561
v 0.00770000 0.02009373 -0.20360060
v 0.00695000 0.02009373 -0.20360060
v 0.00791436 0.02009376 -0.20280061
v 0.00726484 0.02009377 -0.20242561
v -0.01809998 0.02092795 -0.21213339
v -0.01864142 0.02055570 -0.21231950
v -0.01878284 0.02060768 -0.21214062
v -0.01814890 0.02103499 -0.21194870
v -0.01736863 0.02119347 -0.21187703
v -0.01736863 0.02108291 -0.21205592
v -0.02256501 0.01682545 -0.21403159
v -0.02242359 0.01677346 -0.21421047
v -0.02281127 0.01657919 -0.21413270
v -0.02266985 0.01649984 -0.21432282
v 0.01830710 0.01646961 -0.21433242
v 0.01816569 0.01626913 -0.21414134
v 0.01803364 0.01677346 -0.21421047
v 0.01789222 0.01654260 -0.21403158
v -0.01878284 0.02061089 -0.10780063
v -0.01813402 0.02104443 -0.10780064
v -0.01805748 0.02085966 -0.10760063
v -0.01736863 0.02119668 -0.10780064
v 0.00230000 0.02038290 -0.21240589
v 0.00230000 0.02108291 -0.21205592
v 0.01401005 0.02038290 -0.21240589
v 0.01396863 0.02108291 -0.21205592
v 0.01427790 0.02034618 -0.21242426
v 0.01470000 0.02092795 -0.21213339
v 0.01902359 0.01677346 -0.21421047
v 0.01803364 0.01677346 -0.21421047
v 0.01524142 0.02055570 -0.21231950
v 0.01471716 0.02009000 -0.21255233
v 0.01456507 0.02021605 -0.21248931
v 0.00210000 0.02099395 -0.19610064
v 0.00210000 0.02009396 -0.19610061
v 0.00203301 0.02099396 -0.19585064
v 0.00203301 0.02009397 -0.19585061
v 0.00185000 0.02099397 -0.19566762
v 0.00185000 0.02009398 -0.19566760
v -0.02339706 0.01169913 -0.13645676
v -0.02339706 0.01257748 -0.13690592
v -0.02339606 0.01169913 -0.13645676
v -0.02339606 0.01257748 -0.13690592
v -0.02339706 0.00977561 -0.14265058
v -0.02339706 0.01003907 -0.14246492
v -0.02339606 0.00977561 -0.14265058
v -0.02339606 0.01003907 -0.14246492
v -0.02339706 0.01258971 -0.14744612
v -0.02339606 0.01258971 -0.14744612
v -0.02339706 0.01258971 -0.14731287
v -0.02339606 0.01258973 -0.14663291
v -0.02339706 0.01164283 -0.11564575
v -0.02319706 0.01153993 -0.11547425
v -0.02339656 0.01031973 -0.15774060
v -0.02339706 0.01055009 -0.15793114
v -0.02339606 0.01055009 -0.15793114
v -0.02339606 0.01184821 -0.16093586
v -0.02339606 0.01257674 -0.16081180
v -0.02339706 0.01184821 -0.16093586
v -0.02339706 0.01257674 -0.16081180
v -0.02339706 0.01184911 -0.13163268
v -0.02339606 0.01184911 -0.13163268
v -0.02339706 0.01184906 -0.13322812
v -0.02339606 0.01184905 -0.13357571
v -0.02339706 0.01184905 -0.13357571
v -0.02339706 0.01080636 -0.13205010
v -0.02339706 0.01073494 -0.13203466
v -0.02339606 0.01073497 -0.13203466
v -0.02339606 0.01080636 -0.13205010
v -0.02339606 0.01085500 -0.13209211
v -0.02339706 0.01085500 -0.13209211
v -0.02339606 0.01087298 -0.13212318
v -0.02339706 0.01087298 -0.13212318
v -0.02339606 0.01090252 -0.13229296
v -0.02339706 0.01090252 -0.13229296
v -0.02339606 0.01090254 -0.13229849
v -0.02339706 0.01090254 -0.13229849
v -0.02339606 0.00977627 -0.12119477
v -0.02339606 0.01051780 -0.12168891
v -0.02339706 0.00977627 -0.12119477
v -0.02339706 0.01051780 -0.12168891
v -0.02339656 0.01240443 -0.12029659
v -0.02339680 0.01247085 -0.12049880
v -0.02339631 0.01247085 -0.12049880
v -0.02339706 0.01254059 -0.12071109
v -0.02339606 0.01254059 -0.12071109
v -0.02339606 0.00977528 -0.15319522
v -0.02339606 0.01147988 -0.15289360
v -0.02339706 0.00977528 -0.15319522
v -0.02339706 0.01147988 -0.15289360
v -0.02339606 0.01051049 -0.15046458
v -0.02339606 0.01055440 -0.15036817
v -0.02339706 0.01055439 -0.15036817
v -0.02339706 0.01051049 -0.15046458
v -0.02339706 0.01049592 -0.15060299
v -0.02339606 0.01049592 -0.15060299
v -0.02339606 0.00977503 -0.16130029
v -0.02339606 0.00977506 -0.16043351
v -0.02339606 0.01120736 -0.16104901
v -0.02339606 0.01051661 -0.16030345
v -0.02339606 0.01257674 -0.16081180
v -0.02339606 0.01184821 -0.16093586
v -0.02339606 0.01257682 -0.15843984
v -0.02339606 0.01184828 -0.15849865
v -0.02339606 0.01256747 -0.15821964
v -0.02339606 0.01253944 -0.15799397
v -0.02339603 0.01166368 -0.15808640
v -0.02339606 0.01248607 -0.15777491
v -0.02339606 0.01051665 -0.15897189
v -0.02339606 0.01055009 -0.15793114
v -0.02339606 0.00977512 -0.15847765
v -0.02339606 0.00977516 -0.15731763
v -0.02339606 0.01195634 -0.15718771
v -0.02339606 0.01214151 -0.15727577
v -0.02339606 0.01130418 -0.15823240
v -0.02339606 0.01141891 -0.15811517
v -0.02339606 0.01105667 -0.15740765
v -0.02339606 0.01149225 -0.15808226
v -0.02339606 0.01136657 -0.15722341
v -0.02339606 0.01172708 -0.15715824
v -0.00250000 0.02009645 -0.11548624
v -0.00287500 0.02009643 -0.11613577
v -0.00308564 0.02009646 -0.11490061
v -0.00373516 0.02009645 -0.11527560
v -0.00330000 0.02009649 -0.11410061
v -0.00405000 0.02009649 -0.11410061
v -0.00308564 0.02009651 -0.11330060
v -0.00373516 0.02009653 -0.11292561
v -0.00250000 0.02009653 -0.11271497
v -0.00287500 0.02009655 -0.11206544
v -0.00170000 0.02009654 -0.11250060
v -0.00170000 0.02009656 -0.11175061
v -0.00090000 0.02009653 -0.11271497
v -0.00052500 0.02009655 -0.11206544
v -0.00031436 0.02009651 -0.11330060
v 0.00033516 0.02009653 -0.11292561
v -0.00010000 0.02009649 -0.11410061
v 0.00065000 0.02009649 -0.11410061
v -0.00031436 0.02009646 -0.11490061
v 0.00033516 0.02009645 -0.11527560
v -0.00090000 0.02009645 -0.11548624
v -0.00052500 0.02009643 -0.11613577
v -0.00170000 0.02009644 -0.11570061
v -0.00170000 0.02009642 -0.11645060
v 0.00770000 0.01869373 -0.20360056
v 0.00770000 0.02009373 -0.20360060
v 0.00791436 0.01869375 -0.20280056
v 0.00791436 0.02009376 -0.20280061
v 0.00850000 0.01869377 -0.20221492
v 0.00850000 0.02009377 -0.20221496
v 0.00930000 0.01869378 -0.20200056
v 0.00930000 0.02009378 -0.20200061
v 0.01010000 0.01869377 -0.20221492
v 0.01010000 0.02009377 -0.20221496
v 0.01068564 0.01869375 -0.20280056
v 0.01068564 0.02009376 -0.20280061
v 0.01090000 0.01869373 -0.20360056
v 0.01090000 0.02009373 -0.20360060
v 0.01068564 0.01869370 -0.20440056
v 0.01068564 0.02009371 -0.20440061
v 0.01010000 0.01869369 -0.20498621
v 0.01010000 0.02009369 -0.20498625
v 0.00930000 0.01869368 -0.20520056
v 0.00930000 0.02009368 -0.20520061
v 0.00850000 0.01869369 -0.20498621
v 0.00850000 0.02009369 -0.20498625
v 0.00791436 0.01869370 -0.20440056
v 0.00791436 0.02009371 -0.20440061
v -0.00052500 0.02099654 -0.11206547
v -0.00042500 0.02119655 -0.11189228
v 0.00033516 0.02099652 -0.11292564
v 0.00050836 0.02119652 -0.11282564
v 0.00065000 0.02099648 -0.11410064
v 0.00085000 0.02119649 -0.11410065
v 0.00033516 0.02099645 -0.11527563
v 0.00050836 0.02119645 -0.11537564
v -0.00052500 0.02099642 -0.11613580
v -0.00042500 0.02119642 -0.11630900
v -0.00170000 0.02099641 -0.11645063
v -0.00170000 0.02119641 -0.11665064
v -0.00287500 0.02099642 -0.11613580
v -0.00297500 0.02119642 -0.11630900
v -0.00373516 0.02099645 -0.11527563
v -0.00390837 0.02119645 -0.11537564
v -0.00405000 0.02099648 -0.11410064
v -0.00425000 0.02119649 -0.11410065
v -0.00373516 0.02099652 -0.11292564
v -0.00390837 0.02119652 -0.11282564
v -0.00287500 0.02099654 -0.11206547
v -0.00297500 0.02119655 -0.11189228
v -0.00170000 0.02099655 -0.11175064
v -0.00170000 0.02119656 -0.11155064
v 0.01840000 0.01570345 -0.21421300
v 0.01840000 0.01570673 -0.10780048
v 0.01833837 0.01601463 -0.10780049
v 0.01833837 0.01601135 -0.21420943
v 0.01816569 0.01627241 -0.10780049
v -0.02156569 0.01626914 -0.21414134
v -0.02170711 0.01646961 -0.21433242
v -0.02129222 0.01654260 -0.21403158
v -0.02143364 0.01677346 -0.21421047
v 0.01401005 0.02009347 -0.21222700
v 0.01401005 0.02038290 -0.21240589
v 0.01420113 0.02005569 -0.21225022
v 0.01427790 0.02034618 -0.21242426
v 0.01431445 0.02003329 -0.21226399
v 0.01440850 0.01997061 -0.21230339
v 0.01456507 0.02021605 -0.21248931
v 0.01471716 0.02009000 -0.21255233
v 0.01457573 0.01985914 -0.21237344
v 0.00210000 0.02009396 -0.19610061
v 0.00210000 0.02099395 -0.19610064
v 0.00210000 0.02009347 -0.21222700
v 0.00210000 0.02099347 -0.21187703
v 0.00210000 0.02018290 -0.21228228
v -0.02339706 0.01257748 -0.13690592
v -0.02339706 0.01257745 -0.13800064
v -0.02339606 0.01257748 -0.13690592
v -0.02339606 0.01257745 -0.13800064
v -0.02339706 0.00977559 -0.14336509
v -0.02339706 0.00977561 -0.14265058
v -0.02339606 0.00977559 -0.14336509
v -0.02339606 0.00977561 -0.14265058
v -0.02339606 0.01115873 -0.14533836
v -0.02339706 0.01115873 -0.14533836
v -0.02339606 0.01120336 -0.14533351
v -0.02319706 0.01260707 -0.11437990
v -0.02339706 0.01278111 -0.11447845
v -0.02339706 0.01164283 -0.11564575
v -0.02339656 0.01031973 -0.15774060
v -0.02339606 0.00977516 -0.15731763
v -0.02339706 0.00977516 -0.15731763
v -0.02339606 0.01257674 -0.16081180
v -0.02339706 0.01257674 -0.16081180
v -0.02339606 0.01179661 -0.13383148
v -0.02339706 0.01179662 -0.13383147
v -0.02339706 0.01183600 -0.13372761
v -0.02339606 0.01183600 -0.13372761
v -0.02339706 0.01184905 -0.13357571
v -0.02339606 0.01184905 -0.13357571
v -0.02339706 0.01090254 -0.13229849
v -0.02339606 0.01090254 -0.13229849
v -0.02339706 0.01090252 -0.13322809
v -0.02339606 0.01090250 -0.13382705
v -0.02339706 0.01090250 -0.13382705
v -0.02339606 0.01051780 -0.12168891
v -0.02339606 0.01051776 -0.12302053
v -0.02339706 0.01051780 -0.12168891
v -0.02339706 0.01051776 -0.12302053
v -0.02339615 0.01228429 -0.12012977
v -0.02339690 0.01228049 -0.12013351
v -0.02339656 0.01240443 -0.12029659
v -0.02339606 0.01220171 -0.12003942
v -0.02339606 0.01217274 -0.12001556
v -0.02339656 0.01214262 -0.11999290
v -0.02339706 0.01217274 -0.12001556
v -0.02339706 0.01219904 -0.12003713
v -0.02339606 0.01225619 -0.12009076
v -0.02339706 0.01222439 -0.12005970
v -0.02339706 0.01147988 -0.15289360
v -0.02339606 0.01147988 -0.15289360
v -0.02339656 0.01147996 -0.15041451
v -0.02339606 0.01049588 -0.15219839
v -0.02339606 0.01049592 -0.15060299
v -0.02339706 0.01049588 -0.15219839
v -0.02339706 0.01049592 -0.15060299
v -0.02339606 0.01257788 -0.12381484
v -0.02339606 0.01257778 -0.12705402
v -0.02339606 0.01184933 -0.12450605
v -0.02339606 0.01184923 -0.12774514
v -0.01270000 0.02009378 -0.20200061
v -0.01270000 0.02009380 -0.20125061
v -0.01190000 0.02009377 -0.20221496
v -0.01152500 0.02009379 -0.20156545
v -0.01131436 0.02009376 -0.20280061
v -0.01066484 0.02009377 -0.20242561
v -0.01110000 0.02009373 -0.20360060
v -0.01035000 0.02009373 -0.20360060
v -0.01131436 0.02009371 -0.20440061
v -0.01066484 0.02009369 -0.20477561
v -0.01190000 0.02009369 -0.20498625
v -0.01152500 0.02009367 -0.20563576
v -0.01270000 0.02009368 -0.20520061
v -0.01270000 0.02009366 -0.20595061
v -0.01350000 0.02009369 -0.20498625
v -0.01387500 0.02009367 -0.20563576
v -0.01408564 0.02009371 -0.20440061
v -0.01473516 0.02009369 -0.20477561
v -0.01430000 0.02009373 -0.20360060
v -0.01505000 0.02009373 -0.20360060
v -0.01408564 0.02009376 -0.20280061
v -0.01473516 0.02009377 -0.20242561
v -0.01350000 0.02009377 -0.20221496
v -0.01387500 0.02009379 -0.20156545
v 0.01979706 0.00760714 -0.20312796
v -0.01460000 0.01569373 -0.20360047
v -0.01434545 0.01469376 -0.20265044
v -0.01434545 0.01569376 -0.20265047
v -0.01365000 0.01469378 -0.20195499
v -0.01365000 0.01569378 -0.20195502
v -0.01270000 0.01469379 -0.20170044
v -0.01270000 0.01569379 -0.20170047
v -0.01175000 0.01469378 -0.20195499
v -0.01175000 0.01569378 -0.20195502
v -0.01105455 0.01469376 -0.20265044
v -0.01105455 0.01569376 -0.20265047
v -0.01080000 0.01469373 -0.20360044
v -0.01080000 0.01569373 -0.20360047
v -0.01105455 0.01469370 -0.20455044
v -0.01105455 0.01569370 -0.20455047
v -0.01175000 0.01469368 -0.20524589
v -0.01175000 0.01569368 -0.20524592
v -0.01270000 0.01469367 -0.20550044
v -0.01270000 0.01569367 -0.20550047
v -0.01365000 0.01469368 -0.20524589
v -0.01365000 0.01569368 -0.20524592
v -0.01434545 0.01469370 -0.20455044
v -0.01434545 0.01569370 -0.20455047
v -0.01460000 0.01469373 -0.20360044
v -0.01320000 0.01469376 -0.20273441
v -0.01365000 0.01469378 -0.20195499
v -0.01356603 0.01469374 -0.20310044
v -0.01434545 0.01469376 -0.20265044
v -0.01370000 0.01469373 -0.20360044
v -0.01460000 0.01469373 -0.20360044
v -0.01356603 0.01469371 -0.20410044
v -0.01434545 0.01469370 -0.20455044
v -0.01320000 0.01469370 -0.20446646
v -0.01365000 0.01469368 -0.20524589
v -0.01270000 0.01469370 -0.20460044
v -0.01270000 0.01469367 -0.20550044
v -0.01220000 0.01469370 -0.20446646
v -0.01175000 0.01469368 -0.20524589
v -0.01183398 0.01469371 -0.20410044
v -0.01105455 0.01469370 -0.20455044
v -0.01170000 0.01469373 -0.20360044
v -0.01080000 0.01469373 -0.20360044
v -0.01183398 0.01469374 -0.20310044
v -0.01105455 0.01469376 -0.20265044
v -0.01220000 0.01469376 -0.20273441
v -0.01175000 0.01469378 -0.20195499
v -0.01270000 0.01469376 -0.20260044
v -0.01270000 0.01469379 -0.20170044
v -0.01220000 0.01869376 -0.20273454
v -0.01175000 0.01869378 -0.20195512
v -0.01183398 0.01869374 -0.20310056
v -0.01105455 0.01869376 -0.20265056
v -0.01170000 0.01869373 -0.20360056
v -0.01080000 0.01869373 -0.20360056
v -0.01183398 0.01869371 -0.20410056
v -0.01105455 0.01869370 -0.20455056
v -0.01220000 0.01869370 -0.20446659
v -0.01175000 0.01869368 -0.20524601
v -0.01270000 0.01869370 -0.20460056
v -0.01270000 0.01869367 -0.20550056
v -0.01320000 0.01869370 -0.20446659
v -0.01365000 0.01869368 -0.20524601
v -0.01356603 0.01869371 -0.20410056
v -0.01434545 0.01869370 -0.20455056
v -0.01370000 0.01869373 -0.20360056
v -0.01460000 0.01869373 -0.20360056
v -0.01356603 0.01869374 -0.20310056
v -0.01434545 0.01869376 -0.20265056
v -0.01320000 0.01869376 -0.20273454
v -0.01365000 0.01869378 -0.20195512
v -0.01270000 0.01869376 -0.20260056
v -0.01270000 0.01869379 -0.20170056
v -0.01460000 0.01869373 -0.20360056
v -0.01434545 0.01769376 -0.20265053
v -0.01434545 0.01869376 -0.20265056
v -0.01365000 0.01769378 -0.20195508
v -0.01365000 0.01869378 -0.20195512
v -0.01270000 0.01769379 -0.20170053
v -0.01270000 0.01869379 -0.20170056
v -0.01175000 0.01769378 -0.20195508
v -0.01175000 0.01869378 -0.20195512
v -0.01105455 0.01769376 -0.20265053
v -0.01105455 0.01869376 -0.20265056
v -0.01080000 0.01769373 -0.20360053
v -0.01080000 0.01869373 -0.20360056
v -0.01105455 0.01769370 -0.20455053
v -0.01105455 0.01869370 -0.20455056
v -0.01175000 0.01769368 -0.20524598
v -0.01175000 0.01869368 -0.20524601
v -0.01270000 0.01769367 -0.20550053
v -0.01270000 0.01869367 -0.20550056
v -0.01365000 0.01769368 -0.20524598
v -0.01365000 0.01869368 -0.20524601
v -0.01434545 0.01769370 -0.20455053
v -0.01434545 0.01869370 -0.20455056
v -0.01460000 0.01769373 -0.20360053
v -0.01270000 0.01569378 -0.20200047
v -0.01270000 0.01569379 -0.20170047
v -0.01190000 0.01569377 -0.20221483
v -0.01175000 0.01569378 -0.20195502
v -0.01131436 0.01569376 -0.20280047
v -0.01105455 0.01569376 -0.20265047
v -0.01110000 0.01569373 -0.20360047
v -0.01080000 0.01569373 -0.20360047
v -0.01131436 0.01569371 -0.20440047
v -0.01105455 0.01569370 -0.20455047
v -0.01190000 0.01569369 -0.20498611
v -0.01175000 0.01569368 -0.20524592
v -0.01270000 0.01569368 -0.20520047
v -0.01270000 0.01569367 -0.20550047
v -0.01350000 0.01569369 -0.20498611
v -0.01365000 0.01569368 -0.20524592
v -0.01408564 0.01569371 -0.20440047
v -0.01434545 0.01569370 -0.20455047
v -0.01430000 0.01569373 -0.20360047
v -0.01460000 0.01569373 -0.20360047
v -0.01408564 0.01569376 -0.20280047
v -0.01434545 0.01569376 -0.20265047
v -0.01350000 0.01569377 -0.20221483
v -0.01365000 0.01569378 -0.20195502
v -0.01270000 0.01769378 -0.20200053
v -0.01270000 0.01769379 -0.20170053
v -0.01350000 0.01769377 -0.20221489
v -0.01365000 0.01769378 -0.20195508
v -0.01408564 0.01769375 -0.20280053
v -0.01434545 0.01769376 -0.20265053
v -0.01430000 0.01769373 -0.20360053
v -0.01460000 0.01769373 -0.20360053
v -0.01408564 0.01769370 -0.20440053
v -0.01434545 0.01769370 -0.20455053
v -0.01350000 0.01769368 -0.20498617
v -0.01365000 0.01769368 -0.20524598
v -0.01270000 0.01769368 -0.20520053
v -0.01270000 0.01769367 -0.20550053
v -0.01190000 0.01769368 -0.20498617
v -0.01175000 0.01769368 -0.20524598
v -0.01131436 0.01769370 -0.20440053
v -0.01105455 0.01769370 -0.20455053
v -0.01110000 0.01769373 -0.20360053
v -0.01080000 0.01769373 -0.20360053
v -0.01131436 0.01769375 -0.20280053
v -0.01105455 0.01769376 -0.20265053
v -0.01190000 0.01769377 -0.20221489
v -0.01175000 0.01769378 -0.20195508
v -0.01430000 0.01769373 -0.20360053
v -0.01408564 0.01569376 -0.20280047
v -0.01408564 0.01769375 -0.20280053
v -0.01350000 0.01569377 -0.20221483
v -0.01350000 0.01769377 -0.20221489
v -0.01270000 0.01569378 -0.20200047
v -0.01270000 0.01769378 -0.20200053
v -0.01190000 0.01569377 -0.20221483
v -0.01190000 0.01769377 -0.20221489
v -0.01131436 0.01569376 -0.20280047
v -0.01131436 0.01769375 -0.20280053
v -0.01110000 0.01569373 -0.20360047
v -0.01110000 0.01769373 -0.20360053
v -0.01131436 0.01569371 -0.20440047
v -0.01131436 0.01769370 -0.20440053
v -0.01190000 0.01569369 -0.20498611
v -0.01190000 0.01769368 -0.20498617
v -0.01270000 0.01569368 -0.20520047
v -0.01270000 0.01769368 -0.20520053
v -0.01350000 0.01569369 -0.20498611
v -0.01350000 0.01769368 -0.20498617
v -0.01408564 0.01569371 -0.20440047
v -0.01408564 0.01769370 -0.20440053
v -0.01430000 0.01569373 -0.20360047
v -0.01370000 0.01469373 -0.20360044
v -0.01370000 0.01869373 -0.20360056
v -0.01356603 0.01469374 -0.20310044
v -0.01356603 0.01869374 -0.20310056
v -0.01320000 0.01469376 -0.20273441
v -0.01320000 0.01869376 -0.20273454
v -0.01270000 0.01469376 -0.20260044
v -0.01270000 0.01869376 -0.20260056
v -0.01220000 0.01469376 -0.20273441
v -0.01220000 0.01869376 -0.20273454
v -0.01183398 0.01469374 -0.20310044
v -0.01183398 0.01869374 -0.20310056
v -0.01170000 0.01469373 -0.20360044
v -0.01170000 0.01869373 -0.20360056
v -0.01183398 0.01469371 -0.20410044
v -0.01183398 0.01869371 -0.20410056
v -0.01220000 0.01469370 -0.20446646
v -0.01220000 0.01869370 -0.20446659
v -0.01270000 0.01469370 -0.20460044
v -0.01270000 0.01869370 -0.20460056
v -0.01320000 0.01469370 -0.20446646
v -0.01320000 0.01869370 -0.20446659
v -0.01356603 0.01469371 -0.20410044
v -0.01356603 0.01869371 -0.20410056
v -0.01370000 0.01049389 -0.19830031
v -0.01770000 0.01049389 -0.19830031
v -0.01370000 0.01099389 -0.19843430
v -0.01770000 0.01099389 -0.19843430
v -0.01370000 0.01135990 -0.19880034
v -0.01770000 0.01135990 -0.19880034
v -0.01370000 0.01149386 -0.19930034
v -0.01770000 0.01149386 -0.19930034
v -0.01370000 0.01135987 -0.19980034
v -0.01770000 0.01135987 -0.19980034
v -0.01370000 0.01099383 -0.20016635
v -0.01770000 0.01099383 -0.20016635
v -0.01370000 0.01049383 -0.20030031
v -0.01770000 0.01049383 -0.20030031
v -0.01370000 0.00999383 -0.20016632
v -0.01770000 0.00999383 -0.20016632
v -0.01370000 0.00962782 -0.19980028
v -0.01770000 0.00962782 -0.19980028
v -0.01370000 0.00949386 -0.19930028
v -0.01770000 0.00949386 -0.19930028
v -0.01370000 0.00962785 -0.19880028
v -0.01770000 0.00962785 -0.19880028
v -0.01370000 0.00999388 -0.19843427
v -0.01770000 0.00999388 -0.19843427
v -0.01370000 0.01099389 -0.19843430
v -0.01370000 0.01144391 -0.19765489
v -0.01370000 0.01049389 -0.19830031
v -0.01370000 0.01049392 -0.19740031
v -0.01370000 0.00999388 -0.19843427
v -0.01370000 0.00954391 -0.19765483
v -0.01370000 0.00962785 -0.19880028
v -0.01370000 0.00884844 -0.19835026
v -0.01370000 0.00949386 -0.19930028
v -0.01370000 0.00859386 -0.19930025
v -0.01370000 0.00962782 -0.19980028
v -0.01370000 0.00884838 -0.20025026
v -0.01370000 0.00999383 -0.20016632
v -0.01370000 0.00954381 -0.20094573
v -0.01370000 0.01049383 -0.20030031
v -0.01370000 0.01049380 -0.20120031
v -0.01370000 0.01099383 -0.20016635
v -0.01370000 0.01144381 -0.20094579
v -0.01370000 0.01135987 -0.19980034
v -0.01370000 0.01213928 -0.20025036
v -0.01370000 0.01149386 -0.19930034
v -0.01370000 0.01239386 -0.19930037
v -0.01370000 0.01135990 -0.19880034
v -0.01370000 0.01213934 -0.19835036
v -0.01770000 0.01099389 -0.19843430
v -0.01770000 0.01144391 -0.19765489
v -0.01770000 0.01135990 -0.19880034
v -0.01770000 0.01213934 -0.19835036
v -0.01770000 0.01149386 -0.19930034
v -0.01770000 0.01239386 -0.19930037
v -0.01770000 0.01135987 -0.19980034
v -0.01770000 0.01213928 -0.20025036
v -0.01770000 0.01099383 -0.20016635
v -0.01770000 0.01144381 -0.20094579
v -0.01770000 0.01049383 -0.20030031
v -0.01770000 0.01049380 -0.20120031
v -0.01770000 0.00999383 -0.20016632
v -0.01770000 0.00954381 -0.20094573
v -0.01770000 0.00962782 -0.19980028
v -0.01770000 0.00884838 -0.20025026
v -0.01770000 0.00949386 -0.19930028
v -0.01770000 0.00859386 -0.19930025
v -0.01770000 0.00962785 -0.19880028
v -0.01770000 0.00884844 -0.19835026
v -0.01770000 0.00999388 -0.19843427
v -0.01770000 0.00954391 -0.19765483
v -0.01770000 0.01049389 -0.19830031
v -0.01770000 0.01049392 -0.19740031
v -0.01470000 0.01049392 -0.19740031
v -0.01370000 0.01144391 -0.19765489
v -0.01470000 0.01144391 -0.19765489
v -0.01370000 0.01213934 -0.19835036
v -0.01470000 0.01213934 -0.19835036
v -0.01370000 0.01239386 -0.19930037
v -0.01470000 0.01239386 -0.19930037
v -0.01370000 0.01213928 -0.20025036
v -0.01470000 0.01213928 -0.20025036
v -0.01370000 0.01144381 -0.20094579
v -0.01470000 0.01144381 -0.20094579
v -0.01370000 0.01049380 -0.20120031
v -0.01470000 0.01049380 -0.20120031
v -0.01370000 0.00954381 -0.20094573
v -0.01470000 0.00954381 -0.20094573
v -0.01370000 0.00884838 -0.20025026
v -0.01470000 0.00884838 -0.20025026
v -0.01370000 0.00859386 -0.19930025
v -0.01470000 0.00859386 -0.19930025
v -0.01370000 0.00884844 -0.19835026
v -0.01470000 0.00884844 -0.19835026
v -0.01370000 0.00954391 -0.19765483
v -0.01470000 0.00954391 -0.19765483
v -0.01370000 0.01049392 -0.19740031
v -0.01770000 0.01049392 -0.19740031
v -0.01670000 0.01144391 -0.19765489
v -0.01770000 0.01144391 -0.19765489
v -0.01670000 0.01213934 -0.19835036
v -0.01770000 0.01213934 -0.19835036
v -0.01670000 0.01239386 -0.19930037
v -0.01770000 0.01239386 -0.19930037
v -0.01670000 0.01213928 -0.20025036
v -0.01770000 0.01213928 -0.20025036
v -0.01670000 0.01144381 -0.20094579
v -0.01770000 0.01144381 -0.20094579
v -0.01670000 0.01049380 -0.20120031
v -0.01770000 0.01049380 -0.20120031
v -0.01670000 0.00954381 -0.20094573
v -0.01770000 0.00954381 -0.20094573
v -0.01670000 0.00884838 -0.20025026
v -0.01770000 0.00884838 -0.20025026
v -0.01670000 0.00859386 -0.19930025
v -0.01770000 0.00859386 -0.19930025
v -0.01670000 0.00884844 -0.19835026
v -0.01770000 0.00884844 -0.19835026
v -0.01670000 0.00954391 -0.19765483
v -0.01770000 0.00954391 -0.19765483
v -0.01670000 0.01049392 -0.19740031
v -0.01470000 0.01049381 -0.20090031
v -0.01470000 0.01049380 -0.20120031
v -0.01470000 0.00969382 -0.20068593
v -0.01470000 0.00954381 -0.20094573
v -0.01470000 0.00910820 -0.20010027
v -0.01470000 0.00884838 -0.20025026
v -0.01470000 0.00889386 -0.19930026
v -0.01470000 0.00859386 -0.19930025
v -0.01470000 0.00910825 -0.19850027
v -0.01470000 0.00884844 -0.19835026
v -0.01470000 0.00969390 -0.19791465
v -0.01470000 0.00954391 -0.19765483
v -0.01470000 0.01049391 -0.19770031
v -0.01470000 0.01049392 -0.19740031
v -0.01470000 0.01129391 -0.19791469
v -0.01470000 0.01144391 -0.19765489
v -0.01470000 0.01187953 -0.19850035
v -0.01470000 0.01213934 -0.19835036
v -0.01470000 0.01209386 -0.19930036
v -0.01470000 0.01239386 -0.19930037
v -0.01470000 0.01187948 -0.20010035
v -0.01470000 0.01213928 -0.20025036
v -0.01470000 0.01129382 -0.20068598
v -0.01470000 0.01144381 -0.20094579
v -0.01670000 0.01049391 -0.19770031
v -0.01670000 0.01049392 -0.19740031
v -0.01670000 0.00969390 -0.19791465
v -0.01670000 0.00954391 -0.19765483
v -0.01670000 0.00910825 -0.19850027
v -0.01670000 0.00884844 -0.19835026
v -0.01670000 0.00889386 -0.19930026
v -0.01670000 0.00859386 -0.19930025
v -0.01670000 0.00910820 -0.20010027
v -0.01670000 0.00884838 -0.20025026
v -0.01670000 0.00969382 -0.20068593
v -0.01670000 0.00954381 -0.20094573
v -0.01670000 0.01049381 -0.20090031
v -0.01670000 0.01049380 -0.20120031
v -0.01670000 0.01129382 -0.20068598
v -0.01670000 0.01144381 -0.20094579
v -0.01670000 0.01187948 -0.20010035
v -0.01670000 0.01213928 -0.20025036
v -0.01670000 0.01209386 -0.19930036
v -0.01670000 0.01239386 -0.19930037
v -0.01670000 0.01187953 -0.19850035
v -0.01670000 0.01213934 -0.19835036
v -0.01670000 0.01129391 -0.19791469
v -0.01670000 0.01144391 -0.19765489
v -0.01670000 0.01049391 -0.19770031
v -0.01470000 0.01129391 -0.19791469
v -0.01670000 0.01129391 -0.19791469
v -0.01470000 0.01187953 -0.19850035
v -0.01670000 0.01187953 -0.19850035
v -0.01470000 0.01209386 -0.19930036
v -0.01670000 0.01209386 -0.19930036
v -0.01470000 0.01187948 -0.20010035
v -0.01670000 0.01187948 -0.20010035
v -0.01470000 0.01129382 -0.20068598
v -0.01670000 0.01129382 -0.20068598
v -0.01470000 0.01049381 -0.20090031
v -0.01670000 0.01049381 -0.20090031
v -0.01470000 0.00969382 -0.20068593
v -0.01670000 0.00969382 -0.20068593
v -0.01470000 0.00910820 -0.20010027
v -0.01670000 0.00910820 -0.20010027
v -0.01470000 0.00889386 -0.19930026
v -0.01670000 0.00889386 -0.19930026
v -0.01470000 0.00910825 -0.19850027
v -0.01670000 0.00910825 -0.19850027
v -0.01470000 0.00969390 -0.19791465
v -0.01670000 0.00969390 -0.19791465
v -0.01470000 0.01049391 -0.19770031
v -0.02066000 0.01145889 -0.19866624
v -0.02066000 0.01152550 -0.19981901
v -0.02066000 0.01042725 -0.19814753
v -0.02066000 0.01056047 -0.20045309
v -0.02066000 0.00946222 -0.19878161
v -0.02066000 0.00952883 -0.19993438
v -0.02166000 0.01145889 -0.19866624
v -0.02166000 0.01152550 -0.19981901
v -0.02066000 0.01145889 -0.19866624
v -0.02066000 0.01152550 -0.19981901
v -0.02166000 0.01042725 -0.19814753
v -0.02166000 0.01145889 -0.19866624
v -0.02066000 0.01042725 -0.19814753
v -0.02066000 0.01145889 -0.19866624
v -0.01432000 0.01167886 -0.19930035
v -0.01916000 0.01152012 -0.19870784
v -0.01432000 0.01152012 -0.19870784
v -0.01916000 0.01108639 -0.19827409
v -0.01432000 0.01108639 -0.19827409
v -0.01916000 0.01049389 -0.19811531
v -0.01432000 0.01049389 -0.19811531
v -0.01916000 0.00990139 -0.19827405
v -0.01432000 0.00990139 -0.19827405
v -0.01916000 0.00946764 -0.19870778
v -0.01432000 0.00946764 -0.19870778
v -0.01916000 0.00930886 -0.19930027
v -0.01432000 0.00930886 -0.19930027
v -0.01916000 0.00946760 -0.19989278
v -0.01432000 0.00946760 -0.19989278
v -0.01916000 0.00990133 -0.20032653
v -0.01432000 0.00990133 -0.20032653
v -0.01916000 0.01049382 -0.20048531
v -0.01432000 0.01049382 -0.20048531
v -0.01916000 0.01108633 -0.20032657
v -0.01432000 0.01108633 -0.20032657
v -0.01916000 0.01152008 -0.19989284
v -0.01432000 0.01152008 -0.19989284
v -0.01916000 0.01167886 -0.19930035
v -0.01432000 0.01108633 -0.20032657
v -0.01432000 0.01152008 -0.19989284
v -0.01432000 0.01049386 -0.19930031
v -0.01432000 0.01167886 -0.19930035
v -0.01432000 0.01152012 -0.19870784
v -0.01432000 0.00946760 -0.19989278
v -0.01432000 0.00990133 -0.20032653
v -0.01432000 0.01049382 -0.20048531
v -0.01432000 0.00990139 -0.19827405
v -0.01432000 0.00946764 -0.19870778
v -0.01432000 0.00930886 -0.19930027
v -0.01432000 0.01108639 -0.19827409
v -0.01432000 0.01049389 -0.19811531
v -0.01916000 0.01108639 -0.19827409
v -0.01916000 0.01128890 -0.19792336
v -0.01916000 0.01049389 -0.19811531
v -0.01916000 0.01049391 -0.19771031
v -0.01916000 0.00990139 -0.19827405
v -0.01916000 0.00969890 -0.19792331
v -0.01916000 0.00946764 -0.19870778
v -0.01916000 0.00911690 -0.19850527
v -0.01916000 0.00930886 -0.19930027
v -0.01916000 0.00890386 -0.19930026
v -0.01916000 0.00946760 -0.19989278
v -0.01916000 0.00911685 -0.20009527
v -0.01916000 0.00990133 -0.20032653
v -0.01916000 0.00969882 -0.20067727
v -0.01916000 0.01049382 -0.20048531
v -0.01916000 0.01049381 -0.20089031
v -0.01916000 0.01108633 -0.20032657
v -0.01916000 0.01128881 -0.20067731
v -0.01916000 0.01152008 -0.19989284
v -0.01916000 0.01187082 -0.20009535
v -0.01916000 0.01167886 -0.19930035
v -0.01916000 0.01208386 -0.19930036
v -0.01916000 0.01152012 -0.19870784
v -0.01916000 0.01187087 -0.19850535
v -0.01916000 0.01208386 -0.19930036
v -0.02050000 0.01187087 -0.19850535
v -0.01916000 0.01187087 -0.19850535
v -0.02050000 0.01128890 -0.19792336
v -0.01916000 0.01128890 -0.19792336
v -0.02050000 0.01049391 -0.19771031
v -0.01916000 0.01049391 -0.19771031
v -0.02050000 0.00969890 -0.19792331
v -0.01916000 0.00969890 -0.19792331
v -0.02050000 0.00911690 -0.19850527
v -0.01916000 0.00911690 -0.19850527
v -0.02050000 0.00890386 -0.19930026
v -0.01916000 0.00890386 -0.19930026
v -0.02050000 0.00911685 -0.20009527
v -0.01916000 0.00911685 -0.20009527
v -0.02050000 0.00969882 -0.20067727
v -0.01916000 0.00969882 -0.20067727
v -0.02050000 0.01049381 -0.20089031
v -0.01916000 0.01049381 -0.20089031
v -0.02050000 0.01128881 -0.20067731
v -0.01916000 0.01128881 -0.20067731
v -0.02050000 0.01187082 -0.20009535
v -0.01916000 0.01187082 -0.20009535
v -0.02050000 0.01208386 -0.19930036
v -0.02050000 0.00911690 -0.19850527
v -0.02050000 0.00857565 -0.19819275
v -0.02050000 0.00890386 -0.19930026
v -0.02050000 0.00827886 -0.19930024
v -0.02050000 0.00911685 -0.20009527
v -0.02050000 0.00857558 -0.20040775
v -0.02050000 0.00969882 -0.20067727
v -0.02050000 0.00938630 -0.20121852
v -0.02050000 0.01049381 -0.20089031
v -0.02050000 0.01049379 -0.20151531
v -0.02050000 0.01128881 -0.20067731
v -0.02050000 0.01160130 -0.20121859
v -0.02050000 0.01187082 -0.20009535
v -0.02050000 0.01241207 -0.20040787
v -0.02050000 0.01208386 -0.19930036
v -0.02050000 0.01270886 -0.19930038
v -0.02050000 0.01187087 -0.19850535
v -0.02050000 0.01241214 -0.19819287
v -0.02050000 0.01128890 -0.19792336
v -0.02050000 0.01160142 -0.19738210
v -0.02050000 0.01049391 -0.19771031
v -0.02050000 0.01049393 -0.19708531
v -0.02050000 0.00969890 -0.19792331
v -0.02050000 0.00938642 -0.19738203
v -0.02050000 0.01270886 -0.19930038
v -0.02166000 0.01241214 -0.19819287
v -0.02050000 0.01241214 -0.19819287
v -0.02166000 0.01160142 -0.19738210
v -0.02050000 0.01160142 -0.19738210
v -0.02166000 0.01049393 -0.19708531
v -0.02050000 0.01049393 -0.19708531
v -0.02166000 0.00938642 -0.19738203
v -0.02050000 0.00938642 -0.19738203
v -0.02166000 0.00857565 -0.19819275
v -0.02050000 0.00857565 -0.19819275
v -0.02166000 0.00827886 -0.19930024
v -0.02050000 0.00827886 -0.19930024
v -0.02166000 0.00857558 -0.20040775
v -0.02050000 0.00857558 -0.20040775
v -0.02166000 0.00938630 -0.20121852
v -0.02050000 0.00938630 -0.20121852
v -0.02166000 0.01049379 -0.20151531
v -0.02050000 0.01049379 -0.20151531
v -0.02166000 0.01160130 -0.20121859
v -0.02050000 0.01160130 -0.20121859
v -0.02166000 0.01241207 -0.20040787
v -0.02050000 0.01241207 -0.20040787
v -0.02166000 0.01270886 -0.19930038
v -0.02166000 0.01160130 -0.20121859
v -0.02166000 0.01056047 -0.20045309
v -0.02166000 0.01152550 -0.19981901
v -0.02166000 0.01145889 -0.19866624
v -0.02166000 0.01270886 -0.19930038
v -0.02166000 0.01241207 -0.20040787
v -0.02166000 0.00827886 -0.19930024
v -0.02166000 0.00946222 -0.19878161
v -0.02166000 0.00952883 -0.19993438
v -0.02166000 0.01049379 -0.20151531
v -0.02166000 0.00938630 -0.20121852
v -0.02166000 0.00857558 -0.20040775
v -0.02166000 0.01042725 -0.19814753
v -0.02166000 0.01160142 -0.19738210
v -0.02166000 0.01241214 -0.19819287
v -0.02166000 0.00857565 -0.19819275
v -0.02166000 0.00938642 -0.19738203
v -0.02166000 0.01049393 -0.19708531
v -0.02166000 0.00946222 -0.19878161
v -0.02166000 0.01042725 -0.19814753
v -0.02066000 0.00946222 -0.19878161
v -0.02066000 0.01042725 -0.19814753
v -0.02166000 0.00952883 -0.19993438
v -0.02166000 0.00946222 -0.19878161
v -0.02066000 0.00952883 -0.19993438
v -0.02066000 0.00946222 -0.19878161
v -0.02166000 0.01056047 -0.20045309
v -0.02166000 0.00952883 -0.19993438
v -0.02066000 0.01056047 -0.20045309
v -0.02066000 0.00952883 -0.19993438
v -0.02166000 0.01152550 -0.19981901
v -0.02166000 0.01056047 -0.20045309
v -0.02066000 0.01152550 -0.19981901
v -0.02066000 0.01056047 -0.20045309
v -0.01210750 0.01391370 -0.20462666
v -0.01167376 0.01391371 -0.20419291
v -0.01270000 0.01391373 -0.20360041
v -0.01151500 0.01391373 -0.20360041
v -0.01167376 0.01391375 -0.20300791
v -0.01372624 0.01391371 -0.20419291
v -0.01329250 0.01391370 -0.20462666
v -0.01270000 0.01391369 -0.20478541
v -0.01329250 0.01391376 -0.20257417
v -0.01372624 0.01391375 -0.20300791
v -0.01388500 0.01391373 -0.20360041
v -0.01210750 0.01391376 -0.20257417
v -0.01270000 0.01391376 -0.20241541
v -0.01151500 0.01391373 -0.20360041
v -0.01167376 0.01875375 -0.20300806
v -0.01167376 0.01391375 -0.20300791
v -0.01210750 0.01875376 -0.20257432
v -0.01210750 0.01391376 -0.20257417
v -0.01270000 0.01875377 -0.20241556
v -0.01270000 0.01391376 -0.20241541
v -0.01329250 0.01875376 -0.20257432
v -0.01329250 0.01391376 -0.20257417
v -0.01372624 0.01875375 -0.20300806
v -0.01372624 0.01391375 -0.20300791
v -0.01388500 0.01875373 -0.20360056
v -0.01388500 0.01391373 -0.20360041
v -0.01372624 0.01875371 -0.20419306
v -0.01372624 0.01391371 -0.20419291
v -0.01329250 0.01875370 -0.20462681
v -0.01329250 0.01391370 -0.20462666
v -0.01270000 0.01875369 -0.20478556
v -0.01270000 0.01391369 -0.20478541
v -0.01210750 0.01875370 -0.20462681
v -0.01210750 0.01391370 -0.20462666
v -0.01167376 0.01875371 -0.20419306
v -0.01167376 0.01391371 -0.20419291
v -0.01151500 0.01875373 -0.20360056
v -0.01329250 0.01875376 -0.20257432
v -0.01349500 0.01875377 -0.20222358
v -0.01372624 0.01875375 -0.20300806
v -0.01407698 0.01875375 -0.20280556
v -0.01388500 0.01875373 -0.20360056
v -0.01429000 0.01875373 -0.20360056
v -0.01372624 0.01875371 -0.20419306
v -0.01407698 0.01875370 -0.20439557
v -0.01329250 0.01875370 -0.20462681
v -0.01349500 0.01875369 -0.20497755
v -0.01270000 0.01875369 -0.20478556
v -0.01270000 0.01875368 -0.20519057
v -0.01210750 0.01875370 -0.20462681
v -0.01190500 0.01875369 -0.20497755
v -0.01167376 0.01875371 -0.20419306
v -0.01132302 0.01875370 -0.20439557
v -0.01151500 0.01875373 -0.20360056
v -0.01111000 0.01875373 -0.20360056
v -0.01167376 0.01875375 -0.20300806
v -0.01132302 0.01875375 -0.20280556
v -0.01210750 0.01875376 -0.20257432
v -0.01190500 0.01875377 -0.20222358
v -0.01270000 0.01875377 -0.20241556
v -0.01270000 0.01875378 -0.20201056
v -0.01111000 0.01875373 -0.20360056
v -0.01132302 0.02009376 -0.20280561
v -0.01132302 0.01875375 -0.20280556
v -0.01190500 0.02009377 -0.20222363
v -0.01190500 0.01875377 -0.20222358
v -0.01270000 0.02009378 -0.20201061
v -0.01270000 0.01875378 -0.20201056
v -0.01349500 0.02009377 -0.20222363
v -0.01349500 0.01875377 -0.20222358
v -0.01407698 0.02009376 -0.20280561
v -0.01407698 0.01875375 -0.20280556
v -0.01429000 0.02009373 -0.20360060
v -0.01429000 0.01875373 -0.20360056
v -0.01407698 0.02009371 -0.20439561
v -0.01407698 0.01875370 -0.20439557
v -0.01349500 0.02009369 -0.20497759
v -0.01349500 0.01875369 -0.20497755
v -0.01270000 0.02009368 -0.20519061
v -0.01270000 0.01875368 -0.20519057
v -0.01190500 0.02009369 -0.20497759
v -0.01190500 0.01875369 -0.20497755
v -0.01132302 0.02009371 -0.20439561
v -0.01132302 0.01875370 -0.20439557
v -0.01111000 0.02009373 -0.20360060
v -0.01429000 0.02009373 -0.20360060
v -0.01491500 0.02009373 -0.20360060
v -0.01407698 0.02009371 -0.20439561
v -0.01461825 0.02009370 -0.20470811
v -0.01349500 0.02009369 -0.20497759
v -0.01380750 0.02009367 -0.20551885
v -0.01270000 0.02009368 -0.20519061
v -0.01270000 0.02009366 -0.20581561
v -0.01190500 0.02009369 -0.20497759
v -0.01159250 0.02009367 -0.20551885
v -0.01132302 0.02009371 -0.20439561
v -0.01078175 0.02009370 -0.20470811
v -0.01111000 0.02009373 -0.20360060
v -0.01048500 0.02009373 -0.20360060
v -0.01132302 0.02009376 -0.20280561
v -0.01078175 0.02009377 -0.20249311
v -0.01190500 0.02009377 -0.20222363
v -0.01159250 0.02009379 -0.20168236
v -0.01270000 0.02009378 -0.20201061
v -0.01270000 0.02009380 -0.20138561
v -0.01349500 0.02009377 -0.20222363
v -0.01380750 0.02009379 -0.20168236
v -0.01407698 0.02009376 -0.20280561
v -0.01461825 0.02009377 -0.20249311
v -0.01048500 0.02009373 -0.20360060
v -0.01078175 0.02125376 -0.20249314
v -0.01078175 0.02009377 -0.20249311
v -0.01159250 0.02125379 -0.20168240
v -0.01159250 0.02009379 -0.20168236
v -0.01270000 0.02125379 -0.20138564
v -0.01270000 0.02009380 -0.20138561
v -0.01380750 0.02125379 -0.20168240
v -0.01380750 0.02009379 -0.20168236
v -0.01461825 0.02125376 -0.20249314
v -0.01461825 0.02009377 -0.20249311
v -0.01491500 0.02125373 -0.20360064
v -0.01491500 0.02009373 -0.20360060
v -0.01461825 0.02125369 -0.20470814
v -0.01461825 0.02009370 -0.20470811
v -0.01380750 0.02125367 -0.20551889
v -0.01380750 0.02009367 -0.20551885
v -0.01270000 0.02125366 -0.20581564
v -0.01270000 0.02009366 -0.20581561
v -0.01159250 0.02125367 -0.20551889
v -0.01159250 0.02009367 -0.20551885
v -0.01078175 0.02125369 -0.20470814
v -0.01078175 0.02009370 -0.20470811
v -0.01048500 0.02125373 -0.20360064
v -0.01461825 0.02125369 -0.20470814
v -0.01385445 0.02125373 -0.20362484
v -0.01325627 0.02125370 -0.20461252
v -0.01210182 0.02125370 -0.20458832
v -0.01270000 0.02125366 -0.20581564
v -0.01380750 0.02125367 -0.20551889
v -0.01491500 0.02125373 -0.20360064
v -0.01461825 0.02125376 -0.20249314
v -0.01329818 0.02125376 -0.20261296
v -0.01380750 0.02125379 -0.20168240
v -0.01270000 0.02125379 -0.20138564
v -0.01214373 0.02125376 -0.20258876
v -0.01154555 0.02125373 -0.20357644
v -0.01078175 0.02125369 -0.20470814
v -0.01159250 0.02125367 -0.20551889
v -0.01159250 0.02125379 -0.20168240
v -0.01078175 0.02125376 -0.20249314
v -0.01048500 0.02125373 -0.20360064
v -0.01385445 0.02125373 -0.20362484
v -0.01329818 0.02125376 -0.20261296
v -0.01385445 0.02025372 -0.20362481
v -0.01329818 0.02025376 -0.20261293
v -0.01325627 0.02125370 -0.20461252
v -0.01385445 0.02125373 -0.20362484
v -0.01325627 0.02025369 -0.20461249
v -0.01385445 0.02025372 -0.20362481
v -0.01210182 0.02125370 -0.20458832
v -0.01325627 0.02125370 -0.20461252
v -0.01210182 0.02025369 -0.20458829
v -0.01325627 0.02025369 -0.20461249
v -0.01154555 0.02125373 -0.20357644
v -0.01210182 0.02125370 -0.20458832
v -0.01154555 0.02025373 -0.20357641
v -0.01210182 0.02025369 -0.20458829
v -0.01214373 0.02125376 -0.20258876
v -0.01154555 0.02125373 -0.20357644
v -0.01214373 0.02025376 -0.20258873
v -0.01154555 0.02025373 -0.20357641
v -0.01329818 0.02125376 -0.20261296
v -0.01214373 0.02125376 -0.20258876
v -0.01329818 0.02025376 -0.20261293
v -0.01214373 0.02025376 -0.20258873
v -0.01385445 0.02025372 -0.20362481
v -0.01329818 0.02025376 -0.20261293
v -0.01325627 0.02025369 -0.20461249
v -0.01214373 0.02025376 -0.20258873
v -0.01210182 0.02025369 -0.20458829
v -0.01154555 0.02025373 -0.20357641
v 0.00005000 0.01259364 -0.20660038
v 0.00005000 0.01619363 -0.20660049
v 0.00105000 0.01619364 -0.20633254
v 0.00105000 0.01259365 -0.20633243
v 0.00178205 0.01619366 -0.20560048
v 0.00178205 0.01259367 -0.20560037
v 0.00205000 0.01619369 -0.20460049
v 0.00205000 0.01259370 -0.20460038
v 0.00005000 0.01619345 -0.21260049
v -0.00345000 0.01619345 -0.21260049
v 0.00005000 0.01999345 -0.21260060
v -0.00345000 0.01999345 -0.21260060
v 0.00084010 0.02519348 -0.21164405
v 0.00084010 0.02508003 -0.21185747
v -0.00424010 0.02519348 -0.21164405
v -0.00424010 0.02508003 -0.21185747
v 0.00205000 0.01569402 -0.19431893
v 0.00183571 0.01569404 -0.19341826
v 0.00205000 0.01259402 -0.19431884
v 0.00183571 0.01259404 -0.19341816
v -0.00045000 0.02219354 -0.20980067
v -0.00045000 0.01619353 -0.20980049
v -0.00061747 0.02219356 -0.20917567
v -0.00061747 0.01619355 -0.20917549
v -0.00107500 0.02219357 -0.20871814
v -0.00107500 0.01619357 -0.20871795
v -0.00170000 0.02219358 -0.20855067
v -0.00170000 0.01619357 -0.20855049
v -0.00232500 0.02219357 -0.20871814
v -0.00232500 0.01619357 -0.20871795
v -0.00278253 0.02219356 -0.20917567
v -0.00278253 0.01619355 -0.20917549
v -0.00295000 0.02219354 -0.20980067
v -0.00295000 0.01619353 -0.20980049
v -0.00278253 0.02219352 -0.21042567
v -0.00278253 0.01619351 -0.21042548
v -0.00232500 0.02219350 -0.21088320
v -0.00232500 0.01619350 -0.21088302
v -0.00170000 0.02219350 -0.21105067
v -0.00170000 0.01619349 -0.21105049
v -0.00107500 0.02219350 -0.21088320
v -0.00107500 0.01619350 -0.21088302
v -0.00061747 0.02219352 -0.21042567
v -0.00061747 0.01619351 -0.21042548
v -0.00473039 0.02479153 -0.21175652
v -0.00451451 0.02485506 -0.21196995
v -0.00545000 0.02119342 -0.21355544
v -0.00525000 0.02117754 -0.21380857
v -0.00545000 0.02110397 -0.21362175
v 0.00130000 0.01259411 -0.19116646
v 0.00130000 0.01259413 -0.19080038
v 0.00089808 0.01259408 -0.19230037
v 0.00105000 0.01259365 -0.20633243
v 0.00178205 0.01259367 -0.20560037
v 0.00005000 0.01259364 -0.20660038
v 0.00205000 0.01259370 -0.20460038
v -0.00345000 0.01259364 -0.20660038
v -0.00170000 0.01259403 -0.19380038
v -0.00020000 0.01259405 -0.19339845
v 0.00205000 0.01259402 -0.19431884
v 0.00183571 0.01259404 -0.19341816
v -0.00470000 0.01259413 -0.19080038
v -0.00470000 0.01259411 -0.19116646
v -0.00429808 0.01259408 -0.19230037
v -0.00523571 0.01259404 -0.19341816
v -0.00320000 0.01259405 -0.19339845
v -0.00545000 0.01259402 -0.19431884
v -0.00545000 0.01259370 -0.20460038
v -0.00518205 0.01259367 -0.20560037
v -0.00445000 0.01259365 -0.20633243
v -0.00445000 0.01619346 -0.21233254
v -0.00445000 0.01999346 -0.21233265
v -0.00518205 0.01619348 -0.21160049
v -0.00518205 0.01999348 -0.21160060
v -0.00545000 0.01619351 -0.21060049
v -0.00545000 0.01999351 -0.21060060
v -0.00424010 0.02508003 -0.21185747
v -0.00437662 0.02504356 -0.21187570
v -0.00424010 0.02519348 -0.21164405
v -0.00445265 0.02514605 -0.21165636
v -0.00463842 0.02499570 -0.21169961
v -0.00444124 0.02499436 -0.21190031
v -0.00464390 0.02498354 -0.21170300
v -0.00448787 0.02492985 -0.21193256
v -0.00451451 0.02485506 -0.21196995
v -0.00473039 0.02479153 -0.21175652
v -0.00518205 0.01619366 -0.20560048
v -0.00545000 0.01619369 -0.20460049
v -0.00545000 0.01619351 -0.21060049
v -0.00445000 0.01619364 -0.20633254
v 0.00205000 0.01619369 -0.20460049
v 0.00178205 0.01619366 -0.20560048
v 0.00205000 0.01619351 -0.21060049
v 0.00105000 0.01619364 -0.20633254
v -0.00278253 0.01619351 -0.21042548
v -0.00445000 0.01619346 -0.21233254
v -0.00232500 0.01619350 -0.21088302
v -0.00345000 0.01619345 -0.21260049
v -0.00170000 0.01619349 -0.21105049
v 0.00005000 0.01619345 -0.21260049
v -0.00107500 0.01619350 -0.21088302
v 0.00105000 0.01619346 -0.21233254
v -0.00061747 0.01619351 -0.21042548
v 0.00178205 0.01619348 -0.21160049
v -0.00045000 0.01619353 -0.20980049
v -0.00061747 0.01619355 -0.20917549
v -0.00107500 0.01619357 -0.20871795
v 0.00005000 0.01619363 -0.20660049
v -0.00170000 0.01619357 -0.20855049
v -0.00232500 0.01619357 -0.20871795
v -0.00345000 0.01619363 -0.20660049
v -0.00278253 0.01619355 -0.20917549
v -0.00295000 0.01619353 -0.20980049
v -0.00518205 0.01619348 -0.21160049
v 0.00185000 0.01999340 -0.21440060
v -0.00525000 0.01999340 -0.21440060
v 0.00185000 0.02117754 -0.21380857
v -0.00525000 0.02117754 -0.21380857
v 0.00111450 0.02485506 -0.21196995
v -0.00451451 0.02485506 -0.21196995
v 0.00108787 0.02492985 -0.21193256
v -0.00448787 0.02492985 -0.21193256
v -0.00444124 0.02499436 -0.21190031
v -0.00437662 0.02504356 -0.21187570
v -0.00424010 0.02508003 -0.21185747
v 0.00097662 0.02504356 -0.21187570
v 0.00104124 0.02499436 -0.21190031
v 0.00084010 0.02508003 -0.21185747
v 0.00111450 0.02485506 -0.21196995
v 0.00108787 0.02492985 -0.21193256
v 0.00133039 0.02479153 -0.21175652
v 0.00124390 0.02498354 -0.21170300
v 0.00123842 0.02499570 -0.21169961
v 0.00104124 0.02499436 -0.21190031
v 0.00105265 0.02514605 -0.21165636
v 0.00097662 0.02504356 -0.21187570
v 0.00084010 0.02508003 -0.21185747
v 0.00084010 0.02519348 -0.21164405
v 0.00105000 0.01999346 -0.21233265
v 0.00105000 0.01619346 -0.21233254
v 0.00178205 0.01999348 -0.21160060
v 0.00178205 0.01619348 -0.21160049
v 0.00205000 0.01999351 -0.21060060
v 0.00205000 0.01619351 -0.21060049
v 0.00124657 0.02498508 -0.19769878
v 0.00133039 0.02479197 -0.19764497
v 0.00133039 0.02479153 -0.21175652
v 0.00123638 0.02499375 -0.19770127
v 0.00123842 0.02499570 -0.21169961
v 0.00106090 0.02513937 -0.21165828
v 0.00106246 0.02514175 -0.19774380
v 0.00084010 0.02519391 -0.19775746
v 0.00105265 0.02514605 -0.21165636
v 0.00084010 0.02519348 -0.21164405
v 0.00133039 0.02479197 -0.19764497
v 0.00124657 0.02498508 -0.19769878
v 0.00111451 0.02485551 -0.19743154
v 0.00108787 0.02493030 -0.19746894
v 0.00104124 0.02499480 -0.19750119
v 0.00106246 0.02514175 -0.19774380
v 0.00097662 0.02504400 -0.19752580
v 0.00105204 0.02514419 -0.19774444
v 0.00084010 0.02519391 -0.19775746
v 0.00084010 0.02508047 -0.19754403
v -0.00518205 0.01999348 -0.21160060
v -0.00545000 0.01999351 -0.21060060
v -0.00545000 0.01999340 -0.21417700
v 0.00205000 0.01999351 -0.21060060
v 0.00178205 0.01999348 -0.21160060
v 0.00205000 0.01999340 -0.21417700
v 0.00105000 0.01999346 -0.21233265
v 0.00185000 0.01999340 -0.21440060
v 0.00005000 0.01999345 -0.21260060
v -0.00525000 0.01999340 -0.21440060
v -0.00345000 0.01999345 -0.21260060
v -0.00445000 0.01999346 -0.21233265
v 0.00205000 0.02110397 -0.21362175
v 0.00185000 0.02117754 -0.21380857
v 0.00205000 0.02119342 -0.21355544
v 0.00111450 0.02485506 -0.21196995
v 0.00133039 0.02479153 -0.21175652
v 0.00084010 0.02519391 -0.19775746
v 0.00084010 0.02519348 -0.21164405
v -0.00424010 0.02519391 -0.19775746
v -0.00424010 0.02519348 -0.21164405
v 0.00205000 0.01999340 -0.21417700
v 0.00185000 0.01999340 -0.21440060
v 0.00205000 0.02110397 -0.21362175
v 0.00185000 0.02117754 -0.21380857
v 0.00111451 0.02485551 -0.19743154
v 0.00181326 0.02136181 -0.19568457
v 0.00190721 0.02131429 -0.19576272
v 0.00201505 0.02136872 -0.19593322
v 0.00133039 0.02479197 -0.19764497
v 0.00198033 0.02132735 -0.19586064
v 0.00194666 0.02131321 -0.19580953
v 0.00179000 0.02133330 -0.19567031
v 0.00181326 0.02136181 -0.19568457
v 0.00111451 0.02485551 -0.19743154
v -0.00521326 0.02136181 -0.19568457
v -0.00506459 0.02122941 -0.19561836
v -0.00451451 0.02485551 -0.19743154
v -0.00499787 0.02120287 -0.19560509
v 0.00166458 0.02122941 -0.19561836
v 0.00159787 0.02120287 -0.19560509
v 0.00153000 0.02119397 -0.19560064
v -0.00493000 0.02119397 -0.19560064
v -0.00437662 0.02504400 -0.19752580
v -0.00444124 0.02499480 -0.19750119
v -0.00424010 0.02508047 -0.19754403
v -0.00448787 0.02493030 -0.19746894
v 0.00084010 0.02508047 -0.19754403
v 0.00108787 0.02493030 -0.19746894
v 0.00104124 0.02499480 -0.19750119
v 0.00097662 0.02504400 -0.19752580
v 0.00204119 0.02123802 -0.19602531
v 0.00204779 0.02120500 -0.19607277
v 0.00205000 0.02119396 -0.19612064
v 0.00201505 0.02136872 -0.19593322
v 0.00133039 0.02479197 -0.19764497
v 0.00133039 0.02479153 -0.21175652
v 0.00205000 0.02119342 -0.21355544
v 0.00153000 0.02119397 -0.19560064
v -0.00493000 0.02119397 -0.19560064
v 0.00153000 0.01569398 -0.19560047
v -0.00493000 0.01569398 -0.19560047
v -0.00445265 0.02514605 -0.21165636
v -0.00446090 0.02513980 -0.19774323
v -0.00424010 0.02519348 -0.21164405
v -0.00445265 0.02514648 -0.19774514
v -0.00424010 0.02519391 -0.19775746
v -0.00446090 0.02513937 -0.21165828
v -0.00463842 0.02499570 -0.21169961
v -0.00463842 0.02499613 -0.19770189
v -0.00473039 0.02479153 -0.21175652
v -0.00473039 0.02479197 -0.19764497
v 0.00205000 0.01569396 -0.19612047
v 0.00205000 0.02119396 -0.19612064
v 0.00198033 0.01569397 -0.19586047
v 0.00204779 0.02120500 -0.19607277
v 0.00204119 0.02123802 -0.19602531
v 0.00181326 0.02136181 -0.19568457
v 0.00179000 0.02133330 -0.19567031
v 0.00190721 0.02131429 -0.19576272
v 0.00179000 0.01569398 -0.19567014
v 0.00194666 0.02131321 -0.19580953
v 0.00198033 0.02132735 -0.19586064
v 0.00201505 0.02136872 -0.19593322
v 0.00153000 0.02119397 -0.19560064
v 0.00153000 0.01569398 -0.19560047
v 0.00159787 0.02120287 -0.19560509
v 0.00166458 0.02122941 -0.19561836
v 0.00130000 0.01259413 -0.19080038
v 0.00130000 0.01259411 -0.19116646
v 0.00130000 0.01569413 -0.19080047
v 0.00130000 0.01569411 -0.19116656
v -0.00451451 0.02485551 -0.19743154
v -0.00473039 0.02479197 -0.19764497
v -0.00541505 0.02136872 -0.19593322
v -0.00530721 0.02131429 -0.19576272
v -0.00521326 0.02136181 -0.19568457
v -0.00534666 0.02131321 -0.19580953
v -0.00538033 0.02132735 -0.19586064
v -0.00538033 0.01569397 -0.19586047
v -0.00545000 0.01569396 -0.19612047
v -0.00545000 0.01569402 -0.19431893
v 0.00205000 0.01569396 -0.19612047
v 0.00198033 0.01569397 -0.19586047
v 0.00205000 0.01569402 -0.19431893
v 0.00179000 0.01569398 -0.19567014
v 0.00183571 0.01569404 -0.19341826
v 0.00153000 0.01569398 -0.19560047
v -0.00523571 0.01569404 -0.19341826
v -0.00493000 0.01569398 -0.19560047
v -0.00519000 0.01569398 -0.19567014
v -0.00020000 0.01569421 -0.18820240
v 0.00089808 0.01569417 -0.18930047
v 0.00130000 0.01569413 -0.19080047
v -0.00320000 0.01569421 -0.18820240
v -0.00170000 0.01569422 -0.18780047
v -0.00429808 0.01569417 -0.18930047
v -0.00470000 0.01569413 -0.19080047
v -0.00470000 0.01569411 -0.19116656
v 0.00130000 0.01569411 -0.19116656
v -0.00545000 0.02110397 -0.21362175
v -0.00525000 0.02117754 -0.21380857
v -0.00545000 0.01999340 -0.21417700
v -0.00525000 0.01999340 -0.21440060
v 0.00072487 0.00959416 -0.18940028
v -0.00030000 0.00959419 -0.18837541
v -0.00170000 0.00959412 -0.19080028
v -0.00170000 0.00959421 -0.18800028
v -0.00310000 0.00959419 -0.18837541
v -0.00030000 0.00959404 -0.19322515
v 0.00072487 0.00959408 -0.19220029
v 0.00110000 0.00959412 -0.19080028
v -0.00412487 0.00959408 -0.19220029
v -0.00310000 0.00959404 -0.19322515
v -0.00170000 0.00959403 -0.19360028
v -0.00412487 0.00959416 -0.18940028
v -0.00450000 0.00959412 -0.19080028
v -0.00545000 0.02119342 -0.21355544
v -0.00545000 0.02119396 -0.19612064
v -0.00544779 0.02120500 -0.19607277
v -0.00544119 0.02123802 -0.19602531
v -0.00541505 0.02136872 -0.19593322
v 0.00084010 0.02508047 -0.19754403
v 0.00084010 0.02519391 -0.19775746
v -0.00424010 0.02508047 -0.19754403
v -0.00424010 0.02519391 -0.19775746
v -0.00545000 0.02119396 -0.19612064
v -0.00545000 0.02119342 -0.21355544
v -0.00545000 0.01999351 -0.21060060
v -0.00545000 0.02110397 -0.21362175
v -0.00545000 0.01999340 -0.21417700
v -0.00545000 0.01619351 -0.21060049
v -0.00545000 0.01619369 -0.20460049
v -0.00545000 0.01569396 -0.19612047
v -0.00545000 0.01259370 -0.20460038
v -0.00545000 0.01569402 -0.19431893
v -0.00545000 0.01259402 -0.19431884
v -0.00506459 0.02122941 -0.19561836
v -0.00518851 0.02133977 -0.19567354
v -0.00519000 0.01569398 -0.19567014
v -0.00538033 0.01569397 -0.19586047
v -0.00538033 0.02132735 -0.19586064
v -0.00541505 0.02136872 -0.19593322
v -0.00545000 0.02119396 -0.19612064
v -0.00545000 0.01569396 -0.19612047
v -0.00544779 0.02120500 -0.19607277
v -0.00544119 0.02123802 -0.19602531
v -0.00521326 0.02136181 -0.19568457
v -0.00530721 0.02131429 -0.19576272
v -0.00534666 0.02131321 -0.19580953
v -0.00493000 0.01569398 -0.19560047
v -0.00493000 0.02119397 -0.19560064
v -0.00499787 0.02120287 -0.19560509
v -0.00424010 0.02519391 -0.19775746
v -0.00445265 0.02514648 -0.19774514
v -0.00424010 0.02508047 -0.19754403
v -0.00437662 0.02504400 -0.19752580
v -0.00444124 0.02499480 -0.19750119
v -0.00463842 0.02499613 -0.19770189
v -0.00448787 0.02493030 -0.19746894
v -0.00464390 0.02498397 -0.19769850
v -0.00473039 0.02479197 -0.19764497
v -0.00451451 0.02485551 -0.19743154
v -0.00345000 0.01619363 -0.20660049
v -0.00345000 0.01259364 -0.20660038
v -0.00445000 0.01259365 -0.20633243
v -0.00445000 0.01619364 -0.20633254
v -0.00518205 0.01259367 -0.20560037
v -0.00518205 0.01619366 -0.20560048
v -0.00523571 0.01569404 -0.19341826
v -0.00523571 0.01259404 -0.19341816
v -0.00170000 0.00979421 -0.18780029
v -0.00030000 0.00959419 -0.18837541
v -0.00020000 0.00979420 -0.18820221
v 0.00072487 0.00959416 -0.18940028
v 0.00089808 0.00979417 -0.18930029
v 0.00110000 0.00959412 -0.19080028
v 0.00130000 0.00979412 -0.19080029
v 0.00072487 0.00959408 -0.19220029
v 0.00089808 0.00979408 -0.19230029
v -0.00030000 0.00959404 -0.19322515
v -0.00020000 0.00979404 -0.19339837
v -0.00170000 0.00959403 -0.19360028
v -0.00170000 0.00979403 -0.19380029
v -0.00310000 0.00959404 -0.19322515
v -0.00320000 0.00979404 -0.19339837
v -0.00412487 0.00959408 -0.19220029
v -0.00429808 0.00979408 -0.19230029
v -0.00450000 0.00959412 -0.19080028
v -0.00470000 0.00979412 -0.19080029
v -0.00412487 0.00959416 -0.18940028
v -0.00429808 0.00979417 -0.18930029
v -0.00310000 0.00959419 -0.18837541
v -0.00320000 0.00979420 -0.18820221
v -0.00170000 0.00959421 -0.18800028
v 0.00089808 0.01569417 -0.18930047
v 0.00089808 0.00979417 -0.18930029
v -0.00020000 0.01569421 -0.18820240
v -0.00020000 0.00979420 -0.18820221
v -0.00170000 0.01569422 -0.18780047
v -0.00170000 0.00979421 -0.18780029
v -0.00320000 0.01569421 -0.18820240
v -0.00320000 0.00979420 -0.18820221
v -0.00429808 0.01569417 -0.18930047
v -0.00429808 0.00979417 -0.18930029
v -0.00470000 0.01569413 -0.19080047
v -0.00470000 0.01259413 -0.19080038
v -0.00470000 0.00979412 -0.19080029
v -0.00429808 0.01259408 -0.19230037
v -0.00429808 0.00979408 -0.19230029
v -0.00320000 0.01259405 -0.19339845
v -0.00320000 0.00979404 -0.19339837
v -0.00170000 0.01259403 -0.19380038
v -0.00170000 0.00979403 -0.19380029
v -0.00020000 0.01259405 -0.19339845
v -0.00020000 0.00979404 -0.19339837
v 0.00089808 0.01259408 -0.19230037
v 0.00089808 0.00979408 -0.19230029
v 0.00130000 0.00979412 -0.19080029
v -0.00470000 0.01569413 -0.19080047
v -0.00470000 0.01569411 -0.19116656
v -0.00470000 0.01259413 -0.19080038
v -0.00470000 0.01259411 -0.19116646
v 0.00205000 0.01569402 -0.19431893
v 0.00205000 0.01259402 -0.19431884
v 0.00205000 0.01569396 -0.19612047
v 0.00205000 0.01259370 -0.20460038
v 0.00205000 0.02119396 -0.19612064
v 0.00205000 0.01619369 -0.20460049
v 0.00205000 0.01999340 -0.21417700
v 0.00205000 0.02110397 -0.21362175
v 0.00205000 0.02119342 -0.21355544
v -0.00470000 0.01259411 -0.19116646
v -0.00470000 0.01569411 -0.19116656
v -0.00107500 0.02219350 -0.21088320
v -0.00061747 0.02219352 -0.21042567
v -0.00170000 0.02219354 -0.20980067
v -0.00045000 0.02219354 -0.20980067
v -0.00061747 0.02219356 -0.20917567
v -0.00278253 0.02219352 -0.21042567
v -0.00232500 0.02219350 -0.21088320
v -0.00170000 0.02219350 -0.21105067
v -0.00232500 0.02219357 -0.20871814
v -0.00278253 0.02219356 -0.20917567
v -0.00295000 0.02219354 -0.20980067
v -0.00107500 0.02219357 -0.20871814
v -0.00170000 0.02219358 -0.20855067
v -0.02170000 0.00207087 -0.19850505
v -0.02170000 0.00261214 -0.19819257
v -0.02170000 0.00148890 -0.19792305
v -0.02170000 0.00180142 -0.19738180
v -0.02170000 0.00069391 -0.19771001
v -0.02170000 0.00069393 -0.19708501
v -0.02170000 -0.00010110 -0.19792301
v -0.02170000 -0.00041358 -0.19738173
v -0.02170000 -0.00068310 -0.19850497
v -0.02170000 -0.00122435 -0.19819245
v -0.02170000 -0.00089614 -0.19929996
v -0.02170000 -0.00152114 -0.19929994
v -0.02170000 -0.00068314 -0.20009497
v -0.02170000 -0.00122442 -0.20040745
v -0.02170000 -0.00010118 -0.20067696
v -0.02170000 -0.00041370 -0.20121822
v -0.02170000 0.00069381 -0.20089001
v -0.02170000 0.00069379 -0.20151501
v -0.02170000 0.00148882 -0.20067701
v -0.02170000 0.00180130 -0.20121829
v -0.02170000 0.00207082 -0.20009505
v -0.02170000 0.00261207 -0.20040757
v -0.02170000 0.00228386 -0.19930006
v -0.02170000 0.00290886 -0.19930008
v -0.02036000 0.00172012 -0.19870754
v -0.02036000 0.00207087 -0.19850505
v -0.02036000 0.00128639 -0.19827379
v -0.02036000 0.00148890 -0.19792305
v -0.02036000 0.00069390 -0.19811501
v -0.02036000 0.00069391 -0.19771001
v -0.02036000 0.00010139 -0.19827375
v -0.02036000 -0.00010110 -0.19792301
v -0.02036000 -0.00033236 -0.19870748
v -0.02036000 -0.00068310 -0.19850497
v -0.02036000 -0.00049114 -0.19929997
v -0.02036000 -0.00089614 -0.19929996
v -0.02036000 -0.00033240 -0.19989248
v -0.02036000 -0.00068314 -0.20009497
v -0.02036000 0.00010133 -0.20032623
v -0.02036000 -0.00010118 -0.20067696
v -0.02036000 0.00069382 -0.20048501
v -0.02036000 0.00069381 -0.20089001
v -0.02036000 0.00128633 -0.20032627
v -0.02036000 0.00148882 -0.20067701
v -0.02036000 0.00172008 -0.19989254
v -0.02036000 0.00207082 -0.20009505
v -0.02036000 0.00187886 -0.19930005
v -0.02036000 0.00228386 -0.19930006
v -0.02036000 0.00228386 -0.19930006
v -0.02170000 0.00207087 -0.19850505
v -0.02036000 0.00207087 -0.19850505
v -0.02170000 0.00148890 -0.19792305
v -0.02036000 0.00148890 -0.19792305
v -0.02170000 0.00069391 -0.19771001
v -0.02036000 0.00069391 -0.19771001
v -0.02170000 -0.00010110 -0.19792301
v -0.02036000 -0.00010110 -0.19792301
v -0.02170000 -0.00068310 -0.19850497
v -0.02036000 -0.00068310 -0.19850497
v -0.02170000 -0.00089614 -0.19929996
v -0.02036000 -0.00089614 -0.19929996
v -0.02170000 -0.00068314 -0.20009497
v -0.02036000 -0.00068314 -0.20009497
v -0.02170000 -0.00010118 -0.20067696
v -0.02036000 -0.00010118 -0.20067696
v -0.02170000 0.00069381 -0.20089001
v -0.02036000 0.00069381 -0.20089001
v -0.02170000 0.00148882 -0.20067701
v -0.02036000 0.00148882 -0.20067701
v -0.02170000 0.00207082 -0.20009505
v -0.02036000 0.00207082 -0.20009505
v -0.02170000 0.00228386 -0.19930006
v -0.02170000 0.00290886 -0.19930008
v -0.02286000 0.00261214 -0.19819257
v -0.02170000 0.00261214 -0.19819257
v -0.02286000 0.00180142 -0.19738180
v -0.02170000 0.00180142 -0.19738180
v -0.02286000 0.00069393 -0.19708501
v -0.02170000 0.00069393 -0.19708501
v -0.02286000 -0.00041358 -0.19738173
v -0.02170000 -0.00041358 -0.19738173
v -0.02286000 -0.00122435 -0.19819245
v -0.02170000 -0.00122435 -0.19819245
v -0.02286000 -0.00152114 -0.19929994
v -0.02170000 -0.00152114 -0.19929994
v -0.02286000 -0.00122442 -0.20040745
v -0.02170000 -0.00122442 -0.20040745
v -0.02286000 -0.00041370 -0.20121822
v -0.02170000 -0.00041370 -0.20121822
v -0.02286000 0.00069379 -0.20151501
v -0.02170000 0.00069379 -0.20151501
v -0.02286000 0.00180130 -0.20121829
v -0.02170000 0.00180130 -0.20121829
v -0.02286000 0.00261207 -0.20040757
v -0.02170000 0.00261207 -0.20040757
v -0.02286000 0.00290886 -0.19930008
v -0.02286000 -0.00152114 -0.19929994
v -0.02286000 -0.00033778 -0.19878130
v -0.02286000 -0.00027117 -0.19993408
v -0.02286000 0.00290886 -0.19930008
v -0.02286000 0.00172550 -0.19981871
v -0.02286000 0.00165889 -0.19866593
v -0.02286000 0.00076047 -0.20045279
v -0.02286000 -0.00041370 -0.20121822
v -0.02286000 -0.00122442 -0.20040745
v -0.02286000 0.00261207 -0.20040757
v -0.02286000 0.00180130 -0.20121829
v -0.02286000 0.00069379 -0.20151501
v -0.02286000 0.00062725 -0.19814723
v -0.02286000 0.00180142 -0.19738180
v -0.02286000 0.00261214 -0.19819257
v -0.02286000 -0.00122435 -0.19819245
v -0.02286000 -0.00041358 -0.19738173
v -0.02286000 0.00069393 -0.19708501
v -0.02286000 -0.00033778 -0.19878130
v -0.02286000 0.00062725 -0.19814723
v -0.02186000 -0.00033778 -0.19878130
v -0.02186000 0.00062725 -0.19814723
v -0.02286000 -0.00027117 -0.19993408
v -0.02286000 -0.00033778 -0.19878130
v -0.02186000 -0.00027117 -0.19993408
v -0.02186000 -0.00033778 -0.19878130
v -0.02286000 0.00076047 -0.20045279
v -0.02286000 -0.00027117 -0.19993408
v -0.02186000 0.00076047 -0.20045279
v -0.02186000 -0.00027117 -0.19993408
v -0.02286000 0.00172550 -0.19981871
v -0.02286000 0.00076047 -0.20045279
v -0.02186000 0.00172550 -0.19981871
v -0.02186000 0.00076047 -0.20045279
v -0.02286000 0.00165889 -0.19866593
v -0.02286000 0.00172550 -0.19981871
v -0.02186000 0.00165889 -0.19866593
v -0.02186000 0.00172550 -0.19981871
v -0.02286000 0.00062725 -0.19814723
v -0.02286000 0.00165889 -0.19866593
v -0.02186000 0.00062725 -0.19814723
v -0.02186000 0.00165889 -0.19866593
v -0.02186000 0.00165889 -0.19866593
v -0.02186000 0.00172550 -0.19981871
v -0.02186000 0.00062725 -0.19814723
v -0.02186000 0.00076047 -0.20045279
v -0.02186000 -0.00033778 -0.19878130
v -0.02186000 -0.00027117 -0.19993408
v -0.01552000 0.00187886 -0.19930005
v -0.02036000 0.00172012 -0.19870754
v -0.01552000 0.00172012 -0.19870754
v -0.02036000 0.00128639 -0.19827379
v -0.01552000 0.00128639 -0.19827379
v -0.02036000 0.00069390 -0.19811501
v -0.01552000 0.00069390 -0.19811501
v -0.02036000 0.00010139 -0.19827375
v -0.01552000 0.00010139 -0.19827375
v -0.02036000 -0.00033236 -0.19870748
v -0.01552000 -0.00033236 -0.19870748
v -0.02036000 -0.00049114 -0.19929997
v -0.01552000 -0.00049114 -0.19929997
v -0.02036000 -0.00033240 -0.19989248
v -0.01552000 -0.00033240 -0.19989248
v -0.02036000 0.00010133 -0.20032623
v -0.01552000 0.00010133 -0.20032623
v -0.02036000 0.00069382 -0.20048501
v -0.01552000 0.00069382 -0.20048501
v -0.02036000 0.00128633 -0.20032627
v -0.01552000 0.00128633 -0.20032627
v -0.02036000 0.00172008 -0.19989254
v -0.01552000 0.00172008 -0.19989254
v -0.02036000 0.00187886 -0.19930005
v -0.01552000 0.00128633 -0.20032627
v -0.01552000 0.00172008 -0.19989254
v -0.01552000 0.00069386 -0.19930001
v -0.01552000 0.00187886 -0.19930005
v -0.01552000 0.00172012 -0.19870754
v -0.01552000 -0.00033240 -0.19989248
v -0.01552000 0.00010133 -0.20032623
v -0.01552000 0.00069382 -0.20048501
v -0.01552000 0.00010139 -0.19827375
v -0.01552000 -0.00033236 -0.19870748
v -0.01552000 -0.00049114 -0.19929997
v -0.01552000 0.00128639 -0.19827379
v -0.01552000 0.00069390 -0.19811501
v -0.02186000 -0.00476850 -0.11343394
v -0.02186000 -0.00483511 -0.11228117
v -0.02186000 -0.00373686 -0.11395264
v -0.02186000 -0.00387008 -0.11164710
v -0.02186000 -0.00277183 -0.11331857
v -0.02186000 -0.00283844 -0.11216580
v -0.01552000 -0.00261847 -0.11279991
v -0.02036000 -0.00277722 -0.11220740
v -0.01552000 -0.00277722 -0.11220740
v -0.02036000 -0.00321094 -0.11177365
v -0.01552000 -0.00321094 -0.11177365
v -0.02036000 -0.00380344 -0.11161487
v -0.01552000 -0.00380344 -0.11161487
v -0.02036000 -0.00439594 -0.11177361
v -0.01552000 -0.00439594 -0.11177361
v -0.02036000 -0.00482970 -0.11220734
v -0.01552000 -0.00482970 -0.11220734
v -0.02036000 -0.00498847 -0.11279983
v -0.01552000 -0.00498847 -0.11279983
v -0.02036000 -0.00482973 -0.11339234
v -0.01552000 -0.00482973 -0.11339234
v -0.02036000 -0.00439600 -0.11382609
v -0.01552000 -0.00439600 -0.11382609
v -0.02036000 -0.00380351 -0.11398487
v -0.01552000 -0.00380351 -0.11398487
v -0.02036000 -0.00321100 -0.11382613
v -0.01552000 -0.00321100 -0.11382613
v -0.02036000 -0.00277725 -0.11339240
v -0.01552000 -0.00277725 -0.11339240
v -0.02036000 -0.00261847 -0.11279991
v -0.01552000 -0.00321100 -0.11382613
v -0.01552000 -0.00277725 -0.11339240
v -0.01552000 -0.00380347 -0.11279987
v -0.01552000 -0.00261847 -0.11279991
v -0.01552000 -0.00277722 -0.11220740
v -0.01552000 -0.00482973 -0.11339234
v -0.01552000 -0.00439600 -0.11382609
v -0.01552000 -0.00380351 -0.11398487
v -0.01552000 -0.00439594 -0.11177361
v -0.01552000 -0.00482970 -0.11220734
v -0.01552000 -0.00498847 -0.11279983
v -0.01552000 -0.00321094 -0.11177365
v -0.01552000 -0.00380344 -0.11161487
v -0.02036000 -0.00482970 -0.11220734
v -0.02036000 -0.00518043 -0.11200482
v -0.02036000 -0.00498847 -0.11279983
v -0.02036000 -0.00539348 -0.11279982
v -0.02036000 -0.00482973 -0.11339234
v -0.02036000 -0.00518048 -0.11359483
v -0.02036000 -0.00439600 -0.11382609
v -0.02036000 -0.00459852 -0.11417683
v -0.02036000 -0.00380351 -0.11398487
v -0.02036000 -0.00380352 -0.11438987
v -0.02036000 -0.00321100 -0.11382613
v -0.02036000 -0.00300852 -0.11417688
v -0.02036000 -0.00277725 -0.11339240
v -0.02036000 -0.00242652 -0.11359492
v -0.02036000 -0.00261847 -0.11279991
v -0.02036000 -0.00221347 -0.11279992
v -0.02036000 -0.00277722 -0.11220740
v -0.02036000 -0.00242647 -0.11200491
v -0.02036000 -0.00321094 -0.11177365
v -0.02036000 -0.00300843 -0.11142291
v -0.02036000 -0.00380344 -0.11161487
v -0.02036000 -0.00380342 -0.11120987
v -0.02036000 -0.00439594 -0.11177361
v -0.02036000 -0.00459843 -0.11142286
v -0.02036000 -0.00221347 -0.11279992
v -0.02170000 -0.00242647 -0.11200491
v -0.02036000 -0.00242647 -0.11200491
v -0.02170000 -0.00300843 -0.11142291
v -0.02036000 -0.00300843 -0.11142291
v -0.02170000 -0.00380342 -0.11120987
v -0.02036000 -0.00380342 -0.11120987
v -0.02170000 -0.00459843 -0.11142286
v -0.02036000 -0.00459843 -0.11142286
v -0.02170000 -0.00518043 -0.11200482
v -0.02036000 -0.00518043 -0.11200482
v -0.02170000 -0.00539348 -0.11279982
v -0.02036000 -0.00539348 -0.11279982
v -0.02170000 -0.00518048 -0.11359483
v -0.02036000 -0.00518048 -0.11359483
v -0.02170000 -0.00459852 -0.11417683
v -0.02036000 -0.00459852 -0.11417683
v -0.02170000 -0.00380352 -0.11438987
v -0.02036000 -0.00380352 -0.11438987
v -0.02170000 -0.00300852 -0.11417688
v -0.02036000 -0.00300852 -0.11417688
v -0.02170000 -0.00242652 -0.11359492
v -0.02036000 -0.00242652 -0.11359492
v -0.02170000 -0.00221347 -0.11279992
v -0.02170000 -0.00539348 -0.11279982
v -0.02170000 -0.00601847 -0.11279980
v -0.02170000 -0.00518048 -0.11359483
v -0.02170000 -0.00572176 -0.11390731
v -0.02170000 -0.00459852 -0.11417683
v -0.02170000 -0.00491104 -0.11471808
v -0.02170000 -0.00380352 -0.11438987
v -0.02170000 -0.00380354 -0.11501487
v -0.02170000 -0.00300852 -0.11417688
v -0.02170000 -0.00269603 -0.11471815
v -0.02170000 -0.00242652 -0.11359492
v -0.02170000 -0.00188526 -0.11390743
v -0.02170000 -0.00221347 -0.11279992
v -0.02170000 -0.00158848 -0.11279994
v -0.02170000 -0.00242647 -0.11200491
v -0.02170000 -0.00188519 -0.11169243
v -0.02170000 -0.00300843 -0.11142291
v -0.02170000 -0.00269592 -0.11088166
v -0.02170000 -0.00380342 -0.11120987
v -0.02170000 -0.00380340 -0.11058487
v -0.02170000 -0.00459843 -0.11142286
v -0.02170000 -0.00491092 -0.11088159
v -0.02170000 -0.00518043 -0.11200482
v -0.02170000 -0.00572169 -0.11169231
v -0.02170000 -0.00158848 -0.11279994
v -0.02286000 -0.00188519 -0.11169243
v -0.02170000 -0.00188519 -0.11169243
v -0.02286000 -0.00269592 -0.11088166
v -0.02170000 -0.00269592 -0.11088166
v -0.02286000 -0.00380340 -0.11058487
v -0.02170000 -0.00380340 -0.11058487
v -0.02286000 -0.00491092 -0.11088159
v -0.02170000 -0.00491092 -0.11088159
v -0.02286000 -0.00572169 -0.11169231
v -0.02170000 -0.00572169 -0.11169231
v -0.02286000 -0.00601847 -0.11279980
v -0.02170000 -0.00601847 -0.11279980
v -0.02286000 -0.00572176 -0.11390731
v -0.02170000 -0.00572176 -0.11390731
v -0.02286000 -0.00491104 -0.11471808
v -0.02170000 -0.00491104 -0.11471808
v -0.02286000 -0.00380354 -0.11501487
v -0.02170000 -0.00380354 -0.11501487
v -0.02286000 -0.00269603 -0.11471815
v -0.02170000 -0.00269603 -0.11471815
v -0.02286000 -0.00188526 -0.11390743
v -0.02170000 -0.00188526 -0.11390743
v -0.02286000 -0.00158848 -0.11279994
v -0.02286000 -0.00601847 -0.11279980
v -0.02286000 -0.00483511 -0.11228117
v -0.02286000 -0.00476850 -0.11343394
v -0.02286000 -0.00572169 -0.11169231
v -0.02286000 -0.00491092 -0.11088159
v -0.02286000 -0.00387008 -0.11164710
v -0.02286000 -0.00373686 -0.11395264
v -0.02286000 -0.00491104 -0.11471808
v -0.02286000 -0.00572176 -0.11390731
v -0.02286000 -0.00277183 -0.11331857
v -0.02286000 -0.00269603 -0.11471815
v -0.02286000 -0.00380354 -0.11501487
v -0.02286000 -0.00283844 -0.11216580
v -0.02286000 -0.00158848 -0.11279994
v -0.02286000 -0.00188526 -0.11390743
v -0.02286000 -0.00380340 -0.11058487
v -0.02286000 -0.00269592 -0.11088166
v -0.02286000 -0.00188519 -0.11169243
v -0.02286000 -0.00483511 -0.11228117
v -0.02286000 -0.00387008 -0.11164710
v -0.02186000 -0.00483511 -0.11228117
v -0.02186000 -0.00387008 -0.11164710
v -0.02286000 -0.00476850 -0.11343394
v -0.02286000 -0.00483511 -0.11228117
v -0.02186000 -0.00476850 -0.11343394
v -0.02186000 -0.00483511 -0.11228117
v -0.02286000 -0.00373686 -0.11395264
v -0.02286000 -0.00476850 -0.11343394
v -0.02186000 -0.00373686 -0.11395264
v -0.02186000 -0.00476850 -0.11343394
v -0.02286000 -0.00277183 -0.11331857
v -0.02286000 -0.00373686 -0.11395264
v -0.02186000 -0.00277183 -0.11331857
v -0.02186000 -0.00373686 -0.11395264
v -0.02286000 -0.00283844 -0.11216580
v -0.02286000 -0.00277183 -0.11331857
v -0.02186000 -0.00283844 -0.11216580
v -0.02186000 -0.00277183 -0.11331857
v -0.02286000 -0.00387008 -0.11164710
v -0.02286000 -0.00283844 -0.11216580
v -0.02186000 -0.00387008 -0.11164710
v -0.02186000 -0.00283844 -0.11216580
v 0.01826000 0.01161878 -0.19903976
v 0.01826000 0.01128196 -0.20014425
v 0.01826000 0.01241207 -0.20040787
v 0.01826000 0.01015703 -0.20040479
v 0.01826000 0.01049379 -0.20151531
v 0.01826000 0.01160130 -0.20121859
v 0.01826000 0.00936894 -0.19956086
v 0.01826000 0.00857558 -0.20040775
v 0.01826000 0.00938630 -0.20121852
v 0.01826000 0.00970576 -0.19845637
v 0.01826000 0.00857565 -0.19819275
v 0.01826000 0.00827886 -0.19930024
v 0.01826000 0.01083068 -0.19819583
v 0.01826000 0.01049393 -0.19708531
v 0.01826000 0.00938642 -0.19738203
v 0.01826000 0.01270886 -0.19930038
v 0.01826000 0.01241214 -0.19819287
v 0.01826000 0.01160142 -0.19738210
v 0.01710000 0.01187087 -0.19850535
v 0.01710000 0.01241214 -0.19819287
v 0.01710000 0.01208386 -0.19930036
v 0.01710000 0.01270886 -0.19930038
v 0.01710000 0.01187082 -0.20009535
v 0.01710000 0.01241207 -0.20040787
v 0.01710000 0.01128881 -0.20067731
v 0.01710000 0.01160130 -0.20121859
v 0.01710000 0.01049381 -0.20089031
v 0.01710000 0.01049379 -0.20151531
v 0.01710000 0.00969882 -0.20067727
v 0.01710000 0.00938630 -0.20121852
v 0.01710000 0.00911685 -0.20009527
v 0.01710000 0.00857558 -0.20040775
v 0.01710000 0.00890386 -0.19930026
v 0.01710000 0.00827886 -0.19930024
v 0.01710000 0.00911690 -0.19850527
v 0.01710000 0.00857565 -0.19819275
v 0.01710000 0.00969890 -0.19792331
v 0.01710000 0.00938642 -0.19738203
v 0.01710000 0.01049391 -0.19771031
v 0.01710000 0.01049393 -0.19708531
v 0.01710000 0.01128890 -0.19792336
v 0.01710000 0.01160142 -0.19738210
v 0.01710000 0.00827886 -0.19930024
v 0.01826000 0.00857565 -0.19819275
v 0.01710000 0.00857565 -0.19819275
v 0.01826000 0.00938642 -0.19738203
v 0.01710000 0.00938642 -0.19738203
v 0.01826000 0.01049393 -0.19708531
v 0.01710000 0.01049393 -0.19708531
v 0.01826000 0.01160142 -0.19738210
v 0.01710000 0.01160142 -0.19738210
v 0.01826000 0.01241214 -0.19819287
v 0.01710000 0.01241214 -0.19819287
v 0.01826000 0.01270886 -0.19930038
v 0.01710000 0.01270886 -0.19930038
v 0.01826000 0.01241207 -0.20040787
v 0.01710000 0.01241207 -0.20040787
v 0.01826000 0.01160130 -0.20121859
v 0.01710000 0.01160130 -0.20121859
v 0.01826000 0.01049379 -0.20151531
v 0.01710000 0.01049379 -0.20151531
v 0.01826000 0.00938630 -0.20121852
v 0.01710000 0.00938630 -0.20121852
v 0.01826000 0.00857558 -0.20040775
v 0.01710000 0.00857558 -0.20040775
v 0.01826000 0.00827886 -0.19930024
v 0.01826000 0.01015703 -0.20040479
v 0.01826000 0.01128196 -0.20014425
v 0.01726000 0.01015703 -0.20040479
v 0.01726000 0.01128196 -0.20014425
v 0.01826000 0.00936894 -0.19956086
v 0.01826000 0.01015703 -0.20040479
v 0.01726000 0.00936894 -0.19956086
v 0.01726000 0.01015703 -0.20040479
v 0.01826000 0.00970576 -0.19845637
v 0.01826000 0.00936894 -0.19956086
v 0.01726000 0.00970576 -0.19845637
v 0.01726000 0.00936894 -0.19956086
v 0.01826000 0.01083068 -0.19819583
v 0.01826000 0.00970576 -0.19845637
v 0.01726000 0.01083068 -0.19819583
v 0.01726000 0.00970576 -0.19845637
v 0.01826000 0.01161878 -0.19903976
v 0.01826000 0.01083068 -0.19819583
v 0.01726000 0.01161878 -0.19903976
v 0.01726000 0.01083068 -0.19819583
v 0.01826000 0.01128196 -0.20014425
v 0.01826000 0.01161878 -0.19903976
v 0.01726000 0.01128196 -0.20014425
v 0.01726000 0.01161878 -0.19903976
v 0.01726000 0.01015703 -0.20040479
v 0.01726000 0.01128196 -0.20014425
v 0.01726000 0.00936894 -0.19956086
v 0.01726000 0.01161878 -0.19903976
v 0.01726000 0.00970576 -0.19845637
v 0.01726000 0.01083068 -0.19819583
v 0.01092000 0.00930886 -0.19930027
v 0.01576000 0.00946764 -0.19870778
v 0.01092000 0.00946764 -0.19870778
v 0.01576000 0.00990139 -0.19827405
v 0.01092000 0.00990139 -0.19827405
v 0.01576000 0.01049389 -0.19811531
v 0.01092000 0.01049389 -0.19811531
v 0.01576000 0.01108639 -0.19827409
v 0.01092000 0.01108639 -0.19827409
v 0.01576000 0.01152012 -0.19870784
v 0.01092000 0.01152012 -0.19870784
v 0.01576000 0.01167886 -0.19930035
v 0.01092000 0.01167886 -0.19930035
v 0.01576000 0.01152008 -0.19989284
v 0.01092000 0.01152008 -0.19989284
v 0.01576000 0.01108633 -0.20032657
v 0.01092000 0.01108633 -0.20032657
v 0.01576000 0.01049382 -0.20048531
v 0.01092000 0.01049382 -0.20048531
v 0.01576000 0.00990133 -0.20032653
v 0.01092000 0.00990133 -0.20032653
v 0.01576000 0.00946760 -0.19989278
v 0.01092000 0.00946760 -0.19989278
v 0.01576000 0.00930886 -0.19930027
v 0.01092000 0.00990133 -0.20032653
v 0.01092000 0.00946760 -0.19989278
v 0.01092000 0.01049386 -0.19930031
v 0.01092000 0.00930886 -0.19930027
v 0.01092000 0.00946764 -0.19870778
v 0.01092000 0.01152008 -0.19989284
v 0.01092000 0.01108633 -0.20032657
v 0.01092000 0.01049382 -0.20048531
v 0.01092000 0.01108639 -0.19827409
v 0.01092000 0.01152012 -0.19870784
v 0.01092000 0.01167886 -0.19930035
v 0.01092000 0.00990139 -0.19827405
v 0.01092000 0.01049389 -0.19811531
v 0.01576000 0.00990139 -0.19827405
v 0.01576000 0.00969890 -0.19792331
v 0.01576000 0.01049389 -0.19811531
v 0.01576000 0.01049391 -0.19771031
v 0.01576000 0.01108639 -0.19827409
v 0.01576000 0.01128890 -0.19792336
v 0.01576000 0.01152012 -0.19870784
v 0.01576000 0.01187087 -0.19850535
v 0.01576000 0.01167886 -0.19930035
v 0.01576000 0.01208386 -0.19930036
v 0.01576000 0.01152008 -0.19989284
v 0.01576000 0.01187082 -0.20009535
v 0.01576000 0.01108633 -0.20032657
v 0.01576000 0.01128881 -0.20067731
v 0.01576000 0.01049382 -0.20048531
v 0.01576000 0.01049381 -0.20089031
v 0.01576000 0.00990133 -0.20032653
v 0.01576000 0.00969882 -0.20067727
v 0.01576000 0.00946760 -0.19989278
v 0.01576000 0.00911685 -0.20009527
v 0.01576000 0.00930886 -0.19930027
v 0.01576000 0.00890386 -0.19930026
v 0.01576000 0.00946764 -0.19870778
v 0.01576000 0.00911690 -0.19850527
v 0.01576000 0.00890386 -0.19930026
v 0.01710000 0.00911690 -0.19850527
v 0.01576000 0.00911690 -0.19850527
v 0.01710000 0.00969890 -0.19792331
v 0.01576000 0.00969890 -0.19792331
v 0.01710000 0.01049391 -0.19771031
v 0.01576000 0.01049391 -0.19771031
v 0.01710000 0.01128890 -0.19792336
v 0.01576000 0.01128890 -0.19792336
v 0.01710000 0.01187087 -0.19850535
v 0.01576000 0.01187087 -0.19850535
v 0.01710000 0.01208386 -0.19930036
v 0.01576000 0.01208386 -0.19930036
v 0.01710000 0.01187082 -0.20009535
v 0.01576000 0.01187082 -0.20009535
v 0.01710000 0.01128881 -0.20067731
v 0.01576000 0.01128881 -0.20067731
v 0.01710000 0.01049381 -0.20089031
v 0.01576000 0.01049381 -0.20089031
v 0.01710000 0.00969882 -0.20067727
v 0.01576000 0.00969882 -0.20067727
v 0.01710000 0.00911685 -0.20009527
v 0.01576000 0.00911685 -0.20009527
v 0.01710000 0.00890386 -0.19930026
v -0.01061863 -0.01274524 -0.13249959
v -0.01061863 -0.01257203 -0.13259960
v -0.01061863 -0.01340410 -0.13315842
v -0.01061863 -0.01330411 -0.13333163
v -0.01061863 -0.01430411 -0.13339954
v -0.01061863 -0.01430412 -0.13359955
v -0.01061863 -0.01520410 -0.13315836
v -0.01061863 -0.01530411 -0.13333156
v -0.01061863 -0.01586293 -0.13249950
v -0.01061863 -0.01603613 -0.13259949
v -0.01061863 -0.01610405 -0.13159950
v -0.01061863 -0.01630406 -0.13159949
v -0.01061863 -0.01586287 -0.13069950
v -0.01061863 -0.01603607 -0.13059950
v -0.01061863 -0.01520401 -0.13004067
v -0.01061863 -0.01530400 -0.12986747
v -0.01061863 -0.01430400 -0.12979955
v -0.01061863 -0.01430399 -0.12959955
v -0.01061863 -0.01340401 -0.13004072
v -0.01061863 -0.01330400 -0.12986753
v -0.01061863 -0.01274518 -0.13069960
v -0.01061863 -0.01257197 -0.13059960
v -0.01061863 -0.01250405 -0.13159961
v -0.01061863 -0.01230405 -0.13159961
v -0.00936863 -0.01230405 -0.13159961
v -0.01061863 -0.01257197 -0.13059960
v -0.00936863 -0.01257197 -0.13059960
v -0.01061863 -0.01330400 -0.12986753
v -0.00936863 -0.01330400 -0.12986753
v -0.01061863 -0.01430399 -0.12959955
v -0.00936863 -0.01430399 -0.12959955
v -0.01061863 -0.01530400 -0.12986747
v -0.00936863 -0.01530400 -0.12986747
v -0.01061863 -0.01603607 -0.13059950
v -0.00936863 -0.01603607 -0.13059950
v -0.01061863 -0.01630406 -0.13159949
v -0.00936863 -0.01630406 -0.13159949
v -0.01061863 -0.01603613 -0.13259949
v -0.00936863 -0.01603613 -0.13259949
v -0.01061863 -0.01530411 -0.13333156
v -0.00936863 -0.01530411 -0.13333156
v -0.01061863 -0.01430412 -0.13359955
v -0.00936863 -0.01430412 -0.13359955
v -0.01061863 -0.01330411 -0.13333163
v -0.00936863 -0.01330411 -0.13333163
v -0.01061863 -0.01257203 -0.13259960
v -0.00936863 -0.01257203 -0.13259960
v -0.01061863 -0.01230405 -0.13159961
v -0.01211863 -0.01586293 -0.13249950
v -0.01211863 -0.01603613 -0.13259949
v -0.01211863 -0.01520410 -0.13315836
v -0.01211863 -0.01530411 -0.13333156
v -0.01211863 -0.01430411 -0.13339954
v -0.01211863 -0.01430412 -0.13359955
v -0.01211863 -0.01340410 -0.13315842
v -0.01211863 -0.01330411 -0.13333163
v -0.01211863 -0.01274524 -0.13249959
v -0.01211863 -0.01257203 -0.13259960
v -0.01211863 -0.01250405 -0.13159961
v -0.01211863 -0.01230405 -0.13159961
v -0.01211863 -0.01274518 -0.13069960
v -0.01211863 -0.01257197 -0.13059960
v -0.01211863 -0.01340401 -0.13004072
v -0.01211863 -0.01330400 -0.12986753
v -0.01211863 -0.01430400 -0.12979955
v -0.01211863 -0.01430399 -0.12959955
v -0.01211863 -0.01520401 -0.13004067
v -0.01211863 -0.01530400 -0.12986747
v -0.01211863 -0.01586287 -0.13069950
v -0.01211863 -0.01603607 -0.13059950
v -0.01211863 -0.01610405 -0.13159950
v -0.01211863 -0.01630406 -0.13159949
v -0.01211863 -0.01610405 -0.13159950
v -0.01061863 -0.01586287 -0.13069950
v -0.01211863 -0.01586287 -0.13069950
v -0.01061863 -0.01520401 -0.13004067
v -0.01211863 -0.01520401 -0.13004067
v -0.01061863 -0.01430400 -0.12979955
v -0.01211863 -0.01430400 -0.12979955
v -0.01061863 -0.01340401 -0.13004072
v -0.01211863 -0.01340401 -0.13004072
v -0.01061863 -0.01274518 -0.13069960
v -0.01211863 -0.01274518 -0.13069960
v -0.01061863 -0.01250405 -0.13159961
v -0.01211863 -0.01250405 -0.13159961
v -0.01061863 -0.01274524 -0.13249959
v -0.01211863 -0.01274524 -0.13249959
v -0.01061863 -0.01340410 -0.13315842
v -0.01211863 -0.01340410 -0.13315842
v -0.01061863 -0.01430411 -0.13339954
v -0.01211863 -0.01430411 -0.13339954
v -0.01061863 -0.01520410 -0.13315836
v -0.01211863 -0.01520410 -0.13315836
v -0.01061863 -0.01586293 -0.13249950
v -0.01211863 -0.01586293 -0.13249950
v -0.01061863 -0.01610405 -0.13159950
v -0.01336863 -0.01305405 -0.13159959
v -0.00936863 -0.01305405 -0.13159959
v -0.01336863 -0.01322150 -0.13097459
v -0.00936863 -0.01322150 -0.13097459
v -0.01336863 -0.01367902 -0.13051703
v -0.00936863 -0.01367902 -0.13051703
v -0.01336863 -0.01430402 -0.13034955
v -0.00936863 -0.01430402 -0.13034955
v -0.01336863 -0.01492902 -0.13051699
v -0.00936863 -0.01492902 -0.13051699
v -0.01336863 -0.01538657 -0.13097452
v -0.00936863 -0.01538657 -0.13097452
v -0.01336863 -0.01555405 -0.13159951
v -0.00936863 -0.01555405 -0.13159951
v -0.01336863 -0.01538661 -0.13222452
v -0.00936863 -0.01538661 -0.13222452
v -0.01336863 -0.01492909 -0.13268206
v -0.00936863 -0.01492909 -0.13268206
v -0.01336863 -0.01430409 -0.13284954
v -0.00936863 -0.01430409 -0.13284954
v -0.01336863 -0.01367909 -0.13268210
v -0.00936863 -0.01367909 -0.13268210
v -0.01336863 -0.01322154 -0.13222458
v -0.00936863 -0.01322154 -0.13222458
v -0.01336863 -0.01322154 -0.13222458
v -0.01336863 -0.01257203 -0.13259960
v -0.01336863 -0.01367909 -0.13268210
v -0.01336863 -0.01330411 -0.13333163
v -0.01336863 -0.01430409 -0.13284954
v -0.01336863 -0.01430412 -0.13359955
v -0.01336863 -0.01492909 -0.13268206
v -0.01336863 -0.01530411 -0.13333156
v -0.01336863 -0.01538661 -0.13222452
v -0.01336863 -0.01603613 -0.13259949
v -0.01336863 -0.01555405 -0.13159951
v -0.01336863 -0.01630406 -0.13159949
v -0.01336863 -0.01538657 -0.13097452
v -0.01336863 -0.01603607 -0.13059950
v -0.01336863 -0.01492902 -0.13051699
v -0.01336863 -0.01530400 -0.12986747
v -0.01336863 -0.01430402 -0.13034955
v -0.01336863 -0.01430399 -0.12959955
v -0.01336863 -0.01367902 -0.13051703
v -0.01336863 -0.01330400 -0.12986753
v -0.01336863 -0.01322150 -0.13097459
v -0.01336863 -0.01257197 -0.13059960
v -0.01336863 -0.01305405 -0.13159959
v -0.01336863 -0.01230405 -0.13159961
v -0.00936863 -0.01430402 -0.13034955
v -0.00936863 -0.01430399 -0.12959955
v -0.00936863 -0.01492902 -0.13051699
v -0.00936863 -0.01530400 -0.12986747
v -0.00936863 -0.01538657 -0.13097452
v -0.00936863 -0.01603607 -0.13059950
v -0.00936863 -0.01555405 -0.13159951
v -0.00936863 -0.01630406 -0.13159949
v -0.00936863 -0.01538661 -0.13222452
v -0.00936863 -0.01603613 -0.13259949
v -0.00936863 -0.01492909 -0.13268206
v -0.00936863 -0.01530411 -0.13333156
v -0.00936863 -0.01430409 -0.13284954
v -0.00936863 -0.01430412 -0.13359955
v -0.00936863 -0.01367909 -0.13268210
v -0.00936863 -0.01330411 -0.13333163
v -0.00936863 -0.01322154 -0.13222458
v -0.00936863 -0.01257203 -0.13259960
v -0.00936863 -0.01305405 -0.13159959
v -0.00936863 -0.01230405 -0.13159961
v -0.00936863 -0.01322150 -0.13097459
v -0.00936863 -0.01257197 -0.13059960
v -0.00936863 -0.01367902 -0.13051703
v -0.00936863 -0.01330400 -0.12986753
v -0.01211863 -0.01230405 -0.13159961
v -0.01336863 -0.01257197 -0.13059960
v -0.01211863 -0.01257197 -0.13059960
v -0.01336863 -0.01330400 -0.12986753
v -0.01211863 -0.01330400 -0.12986753
v -0.01336863 -0.01430399 -0.12959955
v -0.01211863 -0.01430399 -0.12959955
v -0.01336863 -0.01530400 -0.12986747
v -0.01211863 -0.01530400 -0.12986747
v -0.01336863 -0.01603607 -0.13059950
v -0.01211863 -0.01603607 -0.13059950
v -0.01336863 -0.01630406 -0.13159949
v -0.01211863 -0.01630406 -0.13159949
v -0.01336863 -0.01603613 -0.13259949
v -0.01211863 -0.01603613 -0.13259949
v -0.01336863 -0.01530411 -0.13333156
v -0.01211863 -0.01530411 -0.13333156
v -0.01336863 -0.01430412 -0.13359955
v -0.01211863 -0.01430412 -0.13359955
v -0.01336863 -0.01330411 -0.13333163
v -0.01211863 -0.01330411 -0.13333163
v -0.01336863 -0.01257203 -0.13259960
v -0.01211863 -0.01257203 -0.13259960
v -0.01336863 -0.01230405 -0.13159961
v 0.00830000 0.01469373 -0.20360044
v 0.00830000 0.01869373 -0.20360056
v 0.00843398 0.01469374 -0.20310044
v 0.00843398 0.01869374 -0.20310056
v 0.00880000 0.01469376 -0.20273441
v 0.00880000 0.01869376 -0.20273454
v 0.00930000 0.01469376 -0.20260044
v 0.00930000 0.01869376 -0.20260056
v 0.00980000 0.01469376 -0.20273441
v 0.00980000 0.01869376 -0.20273454
v 0.01016602 0.01469374 -0.20310044
v 0.01016602 0.01869374 -0.20310056
v 0.01030000 0.01469373 -0.20360044
v 0.01030000 0.01869373 -0.20360056
v 0.01016602 0.01469371 -0.20410044
v 0.01016602 0.01869371 -0.20410056
v 0.00980000 0.01469370 -0.20446646
v 0.00980000 0.01869370 -0.20446659
v 0.00930000 0.01469370 -0.20460044
v 0.00930000 0.01869370 -0.20460056
v 0.00880000 0.01469370 -0.20446646
v 0.00880000 0.01869370 -0.20446659
v 0.00843398 0.01469371 -0.20410044
v 0.00843398 0.01869371 -0.20410056
v 0.00880000 0.01469376 -0.20273441
v 0.00835000 0.01469378 -0.20195499
v 0.00843398 0.01469374 -0.20310044
v 0.00765455 0.01469376 -0.20265044
v 0.00830000 0.01469373 -0.20360044
v 0.00740000 0.01469373 -0.20360044
v 0.00843398 0.01469371 -0.20410044
v 0.00765455 0.01469370 -0.20455044
v 0.00880000 0.01469370 -0.20446646
v 0.00835000 0.01469368 -0.20524589
v 0.00930000 0.01469370 -0.20460044
v 0.00930000 0.01469367 -0.20550044
v 0.00980000 0.01469370 -0.20446646
v 0.01025000 0.01469368 -0.20524589
v 0.01016602 0.01469371 -0.20410044
v 0.01094545 0.01469370 -0.20455044
v 0.01030000 0.01469373 -0.20360044
v 0.01120000 0.01469373 -0.20360044
v 0.01016602 0.01469374 -0.20310044
v 0.01094545 0.01469376 -0.20265044
v 0.00980000 0.01469376 -0.20273441
v 0.01025000 0.01469378 -0.20195499
v 0.00930000 0.01469376 -0.20260044
v 0.00930000 0.01469379 -0.20170044
v 0.00843398 0.01869374 -0.20310056
v 0.00765455 0.01869376 -0.20265056
v 0.00880000 0.01869376 -0.20273454
v 0.00835000 0.01869378 -0.20195512
v 0.00930000 0.01869376 -0.20260056
v 0.00930000 0.01869379 -0.20170056
v 0.00980000 0.01869376 -0.20273454
v 0.01025000 0.01869378 -0.20195512
v 0.01016602 0.01869374 -0.20310056
v 0.01094545 0.01869376 -0.20265056
v 0.01030000 0.01869373 -0.20360056
v 0.01120000 0.01869373 -0.20360056
v 0.01016602 0.01869371 -0.20410056
v 0.01094545 0.01869370 -0.20455056
v 0.00980000 0.01869370 -0.20446659
v 0.01025000 0.01869368 -0.20524601
v 0.00930000 0.01869370 -0.20460056
v 0.00930000 0.01869367 -0.20550056
v 0.00880000 0.01869370 -0.20446659
v 0.00835000 0.01869368 -0.20524601
v 0.00843398 0.01869371 -0.20410056
v 0.00765455 0.01869370 -0.20455056
v 0.00830000 0.01869373 -0.20360056
v 0.00740000 0.01869373 -0.20360056
v 0.00740000 0.01569373 -0.20360047
v 0.00765455 0.01469376 -0.20265044
v 0.00765455 0.01569376 -0.20265047
v 0.00835000 0.01469378 -0.20195499
v 0.00835000 0.01569378 -0.20195502
v 0.00930000 0.01469379 -0.20170044
v 0.00930000 0.01569379 -0.20170047
v 0.01025000 0.01469378 -0.20195499
v 0.01025000 0.01569378 -0.20195502
v 0.01094545 0.01469376 -0.20265044
v 0.01094545 0.01569376 -0.20265047
v 0.01120000 0.01469373 -0.20360044
v 0.01120000 0.01569373 -0.20360047
v 0.01094545 0.01469370 -0.20455044
v 0.01094545 0.01569370 -0.20455047
v 0.01025000 0.01469368 -0.20524589
v 0.01025000 0.01569368 -0.20524592
v 0.00930000 0.01469367 -0.20550044
v 0.00930000 0.01569367 -0.20550047
v 0.00835000 0.01469368 -0.20524589
v 0.00835000 0.01569368 -0.20524592
v 0.00765455 0.01469370 -0.20455044
v 0.00765455 0.01569370 -0.20455047
v 0.00740000 0.01469373 -0.20360044
v 0.00740000 0.01869373 -0.20360056
v 0.00765455 0.01769376 -0.20265053
v 0.00765455 0.01869376 -0.20265056
v 0.00835000 0.01769378 -0.20195508
v 0.00835000 0.01869378 -0.20195512
v 0.00930000 0.01769379 -0.20170053
v 0.00930000 0.01869379 -0.20170056
v 0.01025000 0.01769378 -0.20195508
v 0.01025000 0.01869378 -0.20195512
v 0.01094545 0.01769376 -0.20265053
v 0.01094545 0.01869376 -0.20265056
v 0.01120000 0.01769373 -0.20360053
v 0.01120000 0.01869373 -0.20360056
v 0.01094545 0.01769370 -0.20455053
v 0.01094545 0.01869370 -0.20455056
v 0.01025000 0.01769368 -0.20524598
v 0.01025000 0.01869368 -0.20524601
v 0.00930000 0.01769367 -0.20550053
v 0.00930000 0.01869367 -0.20550056
v 0.00835000 0.01769368 -0.20524598
v 0.00835000 0.01869368 -0.20524601
v 0.00765455 0.01769370 -0.20455053
v 0.00765455 0.01869370 -0.20455056
v 0.00740000 0.01769373 -0.20360053
v 0.00850000 0.01569377 -0.20221483
v 0.00835000 0.01569378 -0.20195502
v 0.00930000 0.01569378 -0.20200047
v 0.00930000 0.01569379 -0.20170047
v 0.01010000 0.01569377 -0.20221483
v 0.01025000 0.01569378 -0.20195502
v 0.01068564 0.01569376 -0.20280047
v 0.01094545 0.01569376 -0.20265047
v 0.01090000 0.01569373 -0.20360047
v 0.01120000 0.01569373 -0.20360047
v 0.01068564 0.01569371 -0.20440047
v 0.01094545 0.01569370 -0.20455047
v 0.01010000 0.01569369 -0.20498611
v 0.01025000 0.01569368 -0.20524592
v 0.00930000 0.01569368 -0.20520047
v 0.00930000 0.01569367 -0.20550047
v 0.00850000 0.01569369 -0.20498611
v 0.00835000 0.01569368 -0.20524592
v 0.00791436 0.01569371 -0.20440047
v 0.00765455 0.01569370 -0.20455047
v 0.00770000 0.01569373 -0.20360047
v 0.00740000 0.01569373 -0.20360047
v 0.00791436 0.01569376 -0.20280047
v 0.00765455 0.01569376 -0.20265047
v 0.00850000 0.01769377 -0.20221489
v 0.00835000 0.01769378 -0.20195508
v 0.00791436 0.01769375 -0.20280053
v 0.00765455 0.01769376 -0.20265053
v 0.00770000 0.01769373 -0.20360053
v 0.00740000 0.01769373 -0.20360053
v 0.00791436 0.01769370 -0.20440053
v 0.00765455 0.01769370 -0.20455053
v 0.00850000 0.01769368 -0.20498617
v 0.00835000 0.01769368 -0.20524598
v 0.00930000 0.01769368 -0.20520053
v 0.00930000 0.01769367 -0.20550053
v 0.01010000 0.01769368 -0.20498617
v 0.01025000 0.01769368 -0.20524598
v 0.01068564 0.01769370 -0.20440053
v 0.01094545 0.01769370 -0.20455053
v 0.01090000 0.01769373 -0.20360053
v 0.01120000 0.01769373 -0.20360053
v 0.01068564 0.01769375 -0.20280053
v 0.01094545 0.01769376 -0.20265053
v 0.01010000 0.01769377 -0.20221489
v 0.01025000 0.01769378 -0.20195508
v 0.00930000 0.01769378 -0.20200053
v 0.00930000 0.01769379 -0.20170053
v 0.00770000 0.01769373 -0.20360053
v 0.00791436 0.01569376 -0.20280047
v 0.00791436 0.01769375 -0.20280053
v 0.00850000 0.01569377 -0.20221483
v 0.00850000 0.01769377 -0.20221489
v 0.00930000 0.01569378 -0.20200047
v 0.00930000 0.01769378 -0.20200053
v 0.01010000 0.01569377 -0.20221483
v 0.01010000 0.01769377 -0.20221489
v 0.01068564 0.01569376 -0.20280047
v 0.01068564 0.01769375 -0.20280053
v 0.01090000 0.01569373 -0.20360047
v 0.01090000 0.01769373 -0.20360053
v 0.01068564 0.01569371 -0.20440047
v 0.01068564 0.01769370 -0.20440053
v 0.01010000 0.01569369 -0.20498611
v 0.01010000 0.01769368 -0.20498617
v 0.00930000 0.01569368 -0.20520047
v 0.00930000 0.01769368 -0.20520053
v 0.00850000 0.01569369 -0.20498611
v 0.00850000 0.01769368 -0.20498617
v 0.00791436 0.01569371 -0.20440047
v 0.00791436 0.01769370 -0.20440053
v 0.00770000 0.01569373 -0.20360047
v -0.00270000 0.01469649 -0.11410045
v -0.00270000 0.01869649 -0.11410057
v -0.00256603 0.01469650 -0.11360044
v -0.00256603 0.01869650 -0.11360056
v -0.00220000 0.01469651 -0.11323442
v -0.00220000 0.01869651 -0.11323454
v -0.00170000 0.01469652 -0.11310044
v -0.00170000 0.01869652 -0.11310057
v -0.00120000 0.01469651 -0.11323442
v -0.00120000 0.01869651 -0.11323454
v -0.00083398 0.01469650 -0.11360044
v -0.00083398 0.01869650 -0.11360056
v -0.00070000 0.01469649 -0.11410045
v -0.00070000 0.01869649 -0.11410057
v -0.00083398 0.01469647 -0.11460044
v -0.00083398 0.01869647 -0.11460056
v -0.00120000 0.01469646 -0.11496647
v -0.00120000 0.01869646 -0.11496660
v -0.00170000 0.01469646 -0.11510043
v -0.00170000 0.01869646 -0.11510056
v -0.00220000 0.01469646 -0.11496647
v -0.00220000 0.01869646 -0.11496660
v -0.00256603 0.01469647 -0.11460044
v -0.00256603 0.01869647 -0.11460056
v -0.00256603 0.01469650 -0.11360044
v -0.00334545 0.01469652 -0.11315044
v -0.00270000 0.01469649 -0.11410045
v -0.00360000 0.01469649 -0.11410045
v -0.00256603 0.01469647 -0.11460044
v -0.00334545 0.01469646 -0.11505044
v -0.00220000 0.01469646 -0.11496647
v -0.00265000 0.01469644 -0.11574589
v -0.00170000 0.01469646 -0.11510043
v -0.00170000 0.01469643 -0.11600043
v -0.00120000 0.01469646 -0.11496647
v -0.00075000 0.01469644 -0.11574589
v -0.00083398 0.01469647 -0.11460044
v -0.00005455 0.01469646 -0.11505044
v -0.00070000 0.01469649 -0.11410045
v 0.00020000 0.01469649 -0.11410045
v -0.00083398 0.01469650 -0.11360044
v -0.00005455 0.01469652 -0.11315044
v -0.00120000 0.01469651 -0.11323442
v -0.00075000 0.01469654 -0.11245499
v -0.00170000 0.01469652 -0.11310044
v -0.00170000 0.01469655 -0.11220044
v -0.00220000 0.01469651 -0.11323442
v -0.00265000 0.01469654 -0.11245499
v -0.00256603 0.01869650 -0.11360056
v -0.00334545 0.01869652 -0.11315056
v -0.00220000 0.01869651 -0.11323454
v -0.00265000 0.01869654 -0.11245511
v -0.00170000 0.01869652 -0.11310057
v -0.00170000 0.01869655 -0.11220057
v -0.00120000 0.01869651 -0.11323454
v -0.00075000 0.01869654 -0.11245511
v -0.00083398 0.01869650 -0.11360056
v -0.00005455 0.01869652 -0.11315056
v -0.00070000 0.01869649 -0.11410057
v 0.00020000 0.01869649 -0.11410057
v -0.00083398 0.01869647 -0.11460056
v -0.00005455 0.01869646 -0.11505056
v -0.00120000 0.01869646 -0.11496660
v -0.00075000 0.01869644 -0.11574602
v -0.00170000 0.01869646 -0.11510056
v -0.00170000 0.01869643 -0.11600056
v -0.00220000 0.01869646 -0.11496660
v -0.00265000 0.01869644 -0.11574602
v -0.00256603 0.01869647 -0.11460056
v -0.00334545 0.01869646 -0.11505056
v -0.00270000 0.01869649 -0.11410057
v -0.00360000 0.01869649 -0.11410057
v -0.00360000 0.01569649 -0.11410048
v -0.00334545 0.01469652 -0.11315044
v -0.00334545 0.01569652 -0.11315047
v -0.00265000 0.01469654 -0.11245499
v -0.00265000 0.01569654 -0.11245502
v -0.00170000 0.01469655 -0.11220044
v -0.00170000 0.01569655 -0.11220048
v -0.00075000 0.01469654 -0.11245499
v -0.00075000 0.01569654 -0.11245502
v -0.00005455 0.01469652 -0.11315044
v -0.00005455 0.01569652 -0.11315047
v 0.00020000 0.01469649 -0.11410045
v 0.00020000 0.01569649 -0.11410048
v -0.00005455 0.01469646 -0.11505044
v -0.00005455 0.01569646 -0.11505047
v -0.00075000 0.01469644 -0.11574589
v -0.00075000 0.01569644 -0.11574592
v -0.00170000 0.01469643 -0.11600043
v -0.00170000 0.01569643 -0.11600047
v -0.00265000 0.01469644 -0.11574589
v -0.00265000 0.01569644 -0.11574592
v -0.00334545 0.01469646 -0.11505044
v -0.00334545 0.01569646 -0.11505047
v -0.00360000 0.01469649 -0.11410045
v -0.00360000 0.01869649 -0.11410057
v -0.00334545 0.01769651 -0.11315053
v -0.00334545 0.01869652 -0.11315056
v -0.00265000 0.01769654 -0.11245508
v -0.00265000 0.01869654 -0.11245511
v -0.00170000 0.01769654 -0.11220054
v -0.00170000 0.01869655 -0.11220057
v -0.00075000 0.01769654 -0.11245508
v -0.00075000 0.01869654 -0.11245511
v -0.00005455 0.01769651 -0.11315053
v -0.00005455 0.01869652 -0.11315056
v 0.00020000 0.01769649 -0.11410054
v 0.00020000 0.01869649 -0.11410057
v -0.00005455 0.01769646 -0.11505053
v -0.00005455 0.01869646 -0.11505056
v -0.00075000 0.01769643 -0.11574599
v -0.00075000 0.01869644 -0.11574602
v -0.00170000 0.01769643 -0.11600053
v -0.00170000 0.01869643 -0.11600056
v -0.00265000 0.01769643 -0.11574599
v -0.00265000 0.01869644 -0.11574602
v -0.00334545 0.01769646 -0.11505053
v -0.00334545 0.01869646 -0.11505056
v -0.00360000 0.01769649 -0.11410054
v -0.00250000 0.01569645 -0.11548611
v -0.00265000 0.01569644 -0.11574592
v -0.00308564 0.01569646 -0.11490048
v -0.00334545 0.01569646 -0.11505047
v -0.00330000 0.01569649 -0.11410048
v -0.00360000 0.01569649 -0.11410048
v -0.00308564 0.01569651 -0.11330046
v -0.00334545 0.01569652 -0.11315047
v -0.00250000 0.01569653 -0.11271483
v -0.00265000 0.01569654 -0.11245502
v -0.00170000 0.01569654 -0.11250047
v -0.00170000 0.01569655 -0.11220048
v -0.00090000 0.01569653 -0.11271483
v -0.00075000 0.01569654 -0.11245502
v -0.00031436 0.01569651 -0.11330046
v -0.00005455 0.01569652 -0.11315047
v -0.00010000 0.01569649 -0.11410048
v 0.00020000 0.01569649 -0.11410048
v -0.00031436 0.01569646 -0.11490048
v -0.00005455 0.01569646 -0.11505047
v -0.00090000 0.01569645 -0.11548611
v -0.00075000 0.01569644 -0.11574592
v -0.00170000 0.01569644 -0.11570048
v -0.00170000 0.01569643 -0.11600047
v -0.00250000 0.01769644 -0.11548617
v -0.00265000 0.01769643 -0.11574599
v -0.00170000 0.01769644 -0.11570054
v -0.00170000 0.01769643 -0.11600053
v -0.00090000 0.01769644 -0.11548617
v -0.00075000 0.01769643 -0.11574599
v -0.00031436 0.01769646 -0.11490054
v -0.00005455 0.01769646 -0.11505053
v -0.00010000 0.01769649 -0.11410054
v 0.00020000 0.01769649 -0.11410054
v -0.00031436 0.01769651 -0.11330053
v -0.00005455 0.01769651 -0.11315053
v -0.00090000 0.01769653 -0.11271490
v -0.00075000 0.01769654 -0.11245508
v -0.00170000 0.01769653 -0.11250053
v -0.00170000 0.01769654 -0.11220054
v -0.00250000 0.01769653 -0.11271490
v -0.00265000 0.01769654 -0.11245508
v -0.00308564 0.01769651 -0.11330053
v -0.00334545 0.01769651 -0.11315053
v -0.00330000 0.01769649 -0.11410054
v -0.00360000 0.01769649 -0.11410054
v -0.00308564 0.01769646 -0.11490054
v -0.00334545 0.01769646 -0.11505053
v -0.00330000 0.01769649 -0.11410054
v -0.00308564 0.01569651 -0.11330046
v -0.00308564 0.01769651 -0.11330053
v -0.00250000 0.01569653 -0.11271483
v -0.00250000 0.01769653 -0.11271490
v -0.00170000 0.01569654 -0.11250047
v -0.00170000 0.01769653 -0.11250053
v -0.00090000 0.01569653 -0.11271483
v -0.00090000 0.01769653 -0.11271490
v -0.00031436 0.01569651 -0.11330046
v -0.00031436 0.01769651 -0.11330053
v -0.00010000 0.01569649 -0.11410048
v -0.00010000 0.01769649 -0.11410054
v -0.00031436 0.01569646 -0.11490048
v -0.00031436 0.01769646 -0.11490054
v -0.00090000 0.01569645 -0.11548611
v -0.00090000 0.01769644 -0.11548617
v -0.00170000 0.01569644 -0.11570048
v -0.00170000 0.01769644 -0.11570054
v -0.00250000 0.01569645 -0.11548611
v -0.00250000 0.01769644 -0.11548617
v -0.00308564 0.01569646 -0.11490048
v -0.00308564 0.01769646 -0.11490054
v -0.00330000 0.01569649 -0.11410048
v -0.01114116 0.01689672 -0.10660051
v -0.01096795 0.01699671 -0.10680051
v -0.01235359 0.01899672 -0.10660057
v -0.01223812 0.01919671 -0.10680058
v -0.01770000 -0.00040341 -0.11079997
v -0.01770000 0.00679659 -0.11080019
v -0.01370000 -0.00040341 -0.11079997
v -0.01370000 0.00679659 -0.11080019
v 0.00873552 0.00154436 -0.18301510
v 0.01030000 0.00154436 -0.18301510
v 0.01030000 0.00245945 -0.18210007
v 0.01030000 0.00029451 -0.17835000
v 0.01030000 -0.00095550 -0.17868489
v 0.00884422 -0.00035461 -0.17843572
v 0.00880714 -0.00095550 -0.17868489
v 0.01030000 -0.00187060 -0.17959993
v 0.00868383 -0.00187060 -0.17959993
v 0.00863592 -0.00212006 -0.18020173
v 0.01030000 -0.00220557 -0.18084992
v 0.00861806 -0.00220557 -0.18084992
v 0.00863591 -0.00212018 -0.18149782
v 0.01030000 -0.00187067 -0.18209993
v 0.00868383 -0.00187067 -0.18209993
v 0.01030000 -0.00095564 -0.18301502
v 0.00880714 -0.00095564 -0.18301502
v 0.01030000 0.00029435 -0.18335000
v 0.00883812 0.00049491 -0.18334194
v 0.00884573 0.00029435 -0.18335000
v 0.00884424 -0.00035431 -0.18326436
v 0.01030000 0.00279443 -0.18085007
v 0.00849481 0.00270889 -0.18149836
v 0.00855797 0.00245945 -0.18210007
v 0.01030000 0.00154449 -0.17868497
v 0.00855797 0.00245953 -0.17960006
v 0.01030000 0.00245953 -0.17960006
v 0.00849486 0.00270874 -0.18020108
v 0.00847165 0.00279443 -0.18085007
v 0.00884573 0.00029451 -0.17835000
v 0.00883812 0.00049507 -0.17835806
v 0.00873552 0.00154449 -0.17868497
v -0.00545000 0.01619369 -0.20460049
v -0.00545000 0.01254370 -0.20460037
v -0.00518205 0.01619366 -0.20560048
v -0.00518205 0.01254367 -0.20560037
v -0.00445000 0.01619364 -0.20633254
v -0.00445000 0.01254365 -0.20633243
v -0.00345000 0.01619363 -0.20660049
v -0.00345000 0.01254364 -0.20660037
v 0.01430000 0.01254550 -0.14610037
v 0.00830000 0.01254550 -0.14610037
v 0.01430000 0.01334550 -0.14610040
v 0.00830000 0.01334550 -0.14610040
v -0.01270000 0.00819502 -0.16160024
v -0.01270000 0.01254502 -0.16160037
v -0.01370000 0.00819502 -0.16160024
v -0.01770000 0.01254502 -0.16160037
v -0.01770000 0.00819502 -0.16160024
v -0.01510000 0.00819604 -0.12844877
v -0.01770000 0.00819604 -0.12844877
v -0.01770000 0.00819533 -0.15160024
v -0.01370000 0.00819654 -0.11220024
v -0.01770000 0.00819654 -0.11220024
v -0.01770000 0.00819639 -0.11720024
v -0.01510000 0.00819639 -0.11720024
v -0.01370000 0.00819533 -0.15160024
v 0.01030000 -0.00180601 -0.19519993
v 0.01430000 -0.00180601 -0.19519993
v 0.01030000 -0.00161847 -0.19589994
v 0.01430000 -0.00161847 -0.19589994
v 0.01030000 -0.00110605 -0.19641239
v 0.01430000 -0.00110605 -0.19641239
v 0.01030000 -0.00040606 -0.19659997
v 0.01430000 -0.00040606 -0.19659997
v 0.01030000 0.00679395 -0.19660020
v 0.01170000 0.00679395 -0.19660020
v 0.01030000 0.00749395 -0.19641265
v 0.01170000 0.00749395 -0.19641265
v 0.01030000 0.00800640 -0.19590023
v 0.01170000 0.00800640 -0.19590023
v 0.01030000 0.00819399 -0.19520024
v 0.01170000 0.00819399 -0.19520024
v 0.00765048 0.01334557 -0.14397540
v 0.00792500 0.01334556 -0.14424992
v 0.00730000 0.01334551 -0.14583245
v 0.00830000 0.01334550 -0.14610040
v 0.00656795 0.01334553 -0.14510040
v 0.00630000 0.01334556 -0.14410040
v 0.00755000 0.01334558 -0.14360040
v 0.00630000 0.01334559 -0.14310040
v 0.00765048 0.01334559 -0.14322540
v 0.00656795 0.01334562 -0.14210040
v 0.00792500 0.01334560 -0.14295088
v 0.00730000 0.01334565 -0.14136835
v 0.00830000 0.01334560 -0.14285040
v 0.00830000 0.01334565 -0.14110040
v 0.00830000 0.01334555 -0.14435040
v 0.00867500 0.01334556 -0.14424992
v 0.01430000 0.01334550 -0.14610040
v 0.00894952 0.01334557 -0.14397540
v 0.01430000 0.01334565 -0.14110040
v 0.00905000 0.01334558 -0.14360040
v 0.00894952 0.01334559 -0.14322540
v 0.00867500 0.01334560 -0.14295088
v 0.00255000 0.01999610 -0.12680060
v 0.00255000 0.01999605 -0.12840060
v 0.00235000 0.01999604 -0.12860060
v -0.00490000 0.01999649 -0.11410061
v -0.00595000 0.01999642 -0.11640060
v -0.00595000 0.01999660 -0.11030061
v 0.00255000 0.01999642 -0.11640060
v 0.00150000 0.01999649 -0.11410061
v 0.00255000 0.01999660 -0.11030061
v 0.00107128 0.01999654 -0.11250060
v 0.00235000 0.01999661 -0.11010060
v -0.00010000 0.01999657 -0.11132932
v -0.00170000 0.01999659 -0.11090060
v -0.00575000 0.01999661 -0.11010060
v -0.00330000 0.01999657 -0.11132932
v -0.00447128 0.01999654 -0.11250060
v 0.00235000 0.01999641 -0.11660061
v 0.00180000 0.01999641 -0.11660061
v 0.00107128 0.01999644 -0.11570061
v 0.00130000 0.01999641 -0.11673458
v -0.00010000 0.01999640 -0.11687188
v 0.00235000 0.01999610 -0.12660060
v 0.00180000 0.01999610 -0.12660060
v 0.00130000 0.01999611 -0.12646662
v -0.00575000 0.01999604 -0.12860060
v -0.00595000 0.01999605 -0.12840060
v -0.00595000 0.01999610 -0.12680060
v -0.00575000 0.01999610 -0.12660060
v -0.00575000 0.01999641 -0.11660061
v -0.00520000 0.01999641 -0.11660061
v -0.00470000 0.01999641 -0.11673458
v -0.00447128 0.01999644 -0.11570061
v -0.00433397 0.01999639 -0.11710060
v -0.00330000 0.01999640 -0.11687188
v -0.00420000 0.01999638 -0.11760061
v -0.00420000 0.01999613 -0.12560060
v 0.00093397 0.01999639 -0.11710060
v 0.00080000 0.01999638 -0.11760061
v -0.00170000 0.01999639 -0.11730060
v 0.00080000 0.01999613 -0.12560060
v 0.00093397 0.01999612 -0.12610060
v -0.00433397 0.01999612 -0.12610060
v -0.00470000 0.01999611 -0.12646662
v -0.00520000 0.01999610 -0.12660060
v -0.01770000 -0.00300365 -0.11854989
v -0.02320000 -0.00300365 -0.11854989
v -0.02320000 -0.00320421 -0.11770018
v -0.01770000 -0.00320421 -0.11770018
v -0.02320000 -0.00376361 -0.11702986
v -0.01770000 -0.00376361 -0.11702986
v -0.01770000 0.01334407 -0.19260040
v -0.01770000 0.01334425 -0.18660040
v -0.01245000 0.01334419 -0.18860040
v -0.00870000 0.01334408 -0.19233245
v -0.00770000 0.01334407 -0.19260040
v -0.01170000 0.01334425 -0.18660040
v -0.01207500 0.01334421 -0.18795088
v -0.01234952 0.01334420 -0.18822540
v -0.01234952 0.01334418 -0.18897539
v -0.01207500 0.01334417 -0.18924992
v -0.01170000 0.01334417 -0.18935040
v -0.00943205 0.01334410 -0.19160040
v -0.01132500 0.01334417 -0.18924992
v -0.00970000 0.01334413 -0.19060040
v -0.01105048 0.01334418 -0.18897539
v -0.00970000 0.01334419 -0.18860040
v -0.01095000 0.01334419 -0.18860040
v -0.00996795 0.01334422 -0.18760040
v -0.01105048 0.01334420 -0.18822540
v -0.01070000 0.01334424 -0.18686835
v -0.01132500 0.01334421 -0.18795088
v -0.01170000 0.01334421 -0.18785039
v -0.02170000 -0.00700332 -0.10779978
v -0.02170000 -0.00720331 -0.10759977
v -0.02170000 0.01566531 -0.10760047
v -0.02170000 0.01478224 -0.11040045
v -0.02170000 0.01499657 -0.11120045
v -0.02170000 0.01566467 -0.12860047
v -0.02170000 0.01499604 -0.12860045
v -0.02170000 -0.00700341 -0.11069977
v -0.02170000 -0.00685602 -0.11014978
v -0.02170000 -0.00645338 -0.10974717
v -0.02170000 0.01419662 -0.10981478
v -0.02170000 0.01339663 -0.10960041
v -0.02170000 -0.00590338 -0.10959981
v -0.01393432 -0.01577194 -0.20290938
v -0.01393432 -0.01577200 -0.20479569
v -0.01367675 -0.01594459 -0.20475630
v -0.01367655 -0.01594461 -0.20284653
v -0.01367654 -0.01594463 -0.20475629
v -0.01336863 -0.01600631 -0.20474239
v -0.01336863 -0.01600625 -0.20282409
v -0.01770000 0.00827677 -0.11750025
v -0.01510000 0.00827677 -0.11750025
v -0.01770000 0.00849637 -0.11771987
v -0.01510000 0.00849637 -0.11771987
v -0.01770000 0.00879637 -0.11780025
v -0.01510000 0.00879637 -0.11780025
v 0.01980000 -0.00300365 -0.11854989
v 0.02000000 -0.00320365 -0.11854989
v 0.01980000 -0.00300616 -0.19987779
v 0.02000000 -0.00320616 -0.19987778
v -0.00345000 0.01619345 -0.21260049
v 0.00005000 0.01619345 -0.21260049
v -0.00345000 0.01999345 -0.21260060
v 0.00005000 0.01999345 -0.21260060
v 0.01980000 -0.00275267 -0.20110564
v 0.02000000 -0.00293631 -0.20118485
v 0.01980000 -0.00203358 -0.20213268
v 0.02000000 -0.00217083 -0.20227814
v 0.01980000 -0.00096651 -0.20279090
v 0.02000000 -0.00103492 -0.20297883
v -0.00420000 0.01379613 -0.12560041
v -0.00420000 0.01379638 -0.11760042
v -0.00420000 0.01999613 -0.12560060
v -0.00420000 0.01999638 -0.11760061
v -0.00995000 0.01999605 -0.12840060
v -0.00995000 0.01999610 -0.12680060
v -0.00995000 0.01379605 -0.12840041
v -0.00995000 0.01379610 -0.12680041
v -0.01370000 0.01111889 -0.19821780
v -0.01370000 0.01144391 -0.19765489
v -0.01370000 0.01157641 -0.19867534
v -0.01370000 0.01213934 -0.19835036
v -0.01370000 0.01174386 -0.19930035
v -0.01370000 0.01239386 -0.19930037
v -0.01370000 0.01157637 -0.19992534
v -0.01370000 0.01213928 -0.20025036
v -0.01370000 0.01111882 -0.20038286
v -0.01370000 0.01144381 -0.20094579
v -0.01370000 0.01049382 -0.20055031
v -0.01370000 0.01049380 -0.20120031
v -0.01370000 0.00986882 -0.20038282
v -0.01370000 0.00954381 -0.20094573
v -0.01370000 0.00941131 -0.19992528
v -0.01370000 0.00884838 -0.20025026
v -0.01370000 0.00924386 -0.19930027
v -0.01370000 0.00859386 -0.19930025
v -0.01370000 0.00941134 -0.19867528
v -0.01370000 0.00884844 -0.19835026
v -0.01370000 0.00986889 -0.19821776
v -0.01370000 0.00954391 -0.19765483
v -0.01370000 0.01049390 -0.19805031
v -0.01370000 0.01049392 -0.19740031
v 0.01927279 -0.00844473 -0.10759973
v 0.01941421 -0.00858616 -0.10779973
v 0.01984960 -0.00793285 -0.10779975
v 0.01999969 -0.00720681 -0.10779977
v 0.01989838 -0.00710371 -0.10769938
v 0.01979972 -0.00720331 -0.10759977
v 0.01966464 -0.00785676 -0.10759975
v -0.02340000 0.00559352 -0.21047368
v -0.02320000 0.00564688 -0.21070594
v -0.02340000 -0.00717497 -0.20582588
v -0.02320000 -0.00724338 -0.20601382
v 0.00530000 0.00979627 -0.12095029
v 0.01170000 0.00979627 -0.12095029
v 0.00530000 0.01017128 -0.12084982
v 0.01170000 0.01017128 -0.12084982
v 0.00530000 0.01044581 -0.12057530
v 0.01170000 0.01044581 -0.12057530
v 0.00530000 0.01054630 -0.12020032
v 0.01170000 0.01054630 -0.12020032
v 0.00530000 0.01044583 -0.11982531
v 0.01170000 0.01044583 -0.11982531
v 0.00530000 0.01017132 -0.11955078
v 0.01170000 0.01017132 -0.11955078
v 0.00530000 0.00979632 -0.11945029
v 0.01170000 0.00979632 -0.11945029
v 0.00530000 0.00942132 -0.11955076
v 0.01170000 0.00942132 -0.11955076
v 0.00530000 0.00914679 -0.11982527
v 0.01170000 0.00914679 -0.11982527
v 0.00530000 0.00904630 -0.12020027
v 0.01170000 0.00904630 -0.12020027
v 0.00530000 0.00914677 -0.12057526
v 0.01170000 0.00914677 -0.12057526
v 0.00530000 0.00942128 -0.12084980
v 0.01170000 0.00942128 -0.12084980
v -0.00575000 0.01379641 -0.11660042
v -0.00595000 0.01379642 -0.11640041
v -0.00575000 0.01999641 -0.11660061
v -0.00595000 0.01999642 -0.11640060
v 0.01659705 -0.01140390 -0.12659963
v 0.01146863 -0.01653233 -0.12659947
v 0.01146863 -0.01140390 -0.12659963
v -0.01460000 0.01469373 -0.20360044
v -0.01460000 0.01869373 -0.20360056
v -0.01434545 0.01469376 -0.20265044
v -0.01434545 0.01869376 -0.20265056
v -0.01365000 0.01469378 -0.20195499
v -0.01365000 0.01869378 -0.20195512
v -0.01270000 0.01469379 -0.20170044
v -0.01270000 0.01869379 -0.20170056
v -0.01175000 0.01469378 -0.20195499
v -0.01175000 0.01869378 -0.20195512
v -0.01105455 0.01469376 -0.20265044
v -0.01105455 0.01869376 -0.20265056
v -0.01080000 0.01469373 -0.20360044
v -0.01080000 0.01869373 -0.20360056
v -0.01105455 0.01469370 -0.20455044
v -0.01105455 0.01869370 -0.20455056
v -0.01175000 0.01469368 -0.20524589
v -0.01175000 0.01869368 -0.20524601
v -0.01270000 0.01469367 -0.20550044
v -0.01270000 0.01869367 -0.20550056
v -0.01365000 0.01469368 -0.20524589
v -0.01365000 0.01869368 -0.20524601
v -0.01434545 0.01469370 -0.20455044
v -0.01434545 0.01869370 -0.20455056
v -0.01145000 0.01469373 -0.20360044
v -0.01080000 0.01469373 -0.20360044
v -0.01161747 0.01469371 -0.20422544
v -0.01105455 0.01469370 -0.20455044
v -0.01207500 0.01469370 -0.20468297
v -0.01175000 0.01469368 -0.20524589
v -0.01270000 0.01469369 -0.20485044
v -0.01270000 0.01469367 -0.20550044
v -0.01332500 0.01469370 -0.20468297
v -0.01365000 0.01469368 -0.20524589
v -0.01378253 0.01469371 -0.20422544
v -0.01434545 0.01469370 -0.20455044
v -0.01395000 0.01469373 -0.20360044
v -0.01460000 0.01469373 -0.20360044
v -0.01378253 0.01469375 -0.20297544
v -0.01434545 0.01469376 -0.20265044
v -0.01332500 0.01469376 -0.20251791
v -0.01365000 0.01469378 -0.20195499
v -0.01270000 0.01469377 -0.20235044
v -0.01270000 0.01469379 -0.20170044
v -0.01207500 0.01469376 -0.20251791
v -0.01175000 0.01469378 -0.20195499
v -0.01161747 0.01469375 -0.20297544
v -0.01105455 0.01469376 -0.20265044
v -0.02156518 0.01610977 -0.10758511
v -0.02163910 0.01597146 -0.10753958
v -0.02070000 0.01558250 -0.10660047
v -0.01767478 0.01993579 -0.10753970
v -0.01781309 0.01986186 -0.10758522
v -0.01728579 0.01899672 -0.10660057
v -0.01793432 0.01976237 -0.10760060
v -0.02146569 0.01623100 -0.10760049
v -0.00805000 -0.01720339 -0.11014157
v -0.00684212 -0.01720343 -0.11134945
v -0.00270000 -0.01720332 -0.10779946
v -0.00970000 -0.01720338 -0.10969946
v -0.01336863 -0.01720332 -0.10779946
v -0.01135000 -0.01720339 -0.11014157
v -0.00640000 -0.01720348 -0.11299946
v -0.00684212 -0.01720353 -0.11464945
v -0.00270000 -0.01720623 -0.20224725
v -0.00875000 -0.01720445 -0.14464491
v -0.01336863 -0.01720623 -0.20224725
v -0.00970000 -0.01720446 -0.14489946
v -0.01065000 -0.01720445 -0.14464491
v -0.00970000 -0.01720358 -0.11629946
v -0.00970000 -0.01720434 -0.14109946
v -0.00805000 -0.01720357 -0.11585734
v -0.00875000 -0.01720435 -0.14135401
v -0.01134545 -0.01720443 -0.14394946
v -0.01160000 -0.01720440 -0.14299945
v -0.01336863 -0.01720416 -0.13509945
v -0.01135000 -0.01720357 -0.11585734
v -0.01255788 -0.01720353 -0.11464945
v -0.01336863 -0.01720394 -0.12809946
v -0.01300000 -0.01720348 -0.11299946
v -0.01255788 -0.01720343 -0.11134945
v -0.00805455 -0.01720437 -0.14204946
v -0.00780000 -0.01720440 -0.14299945
v -0.00805455 -0.01720443 -0.14394946
v -0.01134545 -0.01720437 -0.14204946
v -0.01065000 -0.01720435 -0.14135401
v -0.00270000 -0.01050883 -0.20550936
v -0.00270000 -0.01171567 -0.20651426
v -0.00608169 -0.00933968 -0.20596868
v -0.00648660 -0.01057424 -0.20692975
v -0.00740030 -0.00888380 -0.20614778
v -0.00713531 -0.01037869 -0.20700093
v -0.00933495 -0.00707530 -0.20685828
v -0.00965473 -0.00852030 -0.20767739
v -0.00998919 -0.00806610 -0.20784272
v -0.01017360 -0.00629133 -0.20716627
v -0.01146784 -0.00368473 -0.20819032
v -0.01184119 -0.00555105 -0.20875822
v -0.01221570 -0.00435301 -0.20919431
v -0.01182876 -0.00295783 -0.20847590
v -0.01225000 -0.00000646 -0.20963540
v -0.01298467 -0.00189317 -0.21008970
v -0.01290779 -0.00008782 -0.21074686
v -0.01217873 0.00024759 -0.20973521
v -0.01108427 0.00414869 -0.21126782
v -0.01281459 0.00210062 -0.21154346
v -0.01196046 0.00412089 -0.21227885
v -0.01071046 0.00548111 -0.21179129
v -0.01121842 0.00587602 -0.21291773
v -0.00899099 0.00749468 -0.21258235
v -0.00951261 0.00766726 -0.21356975
v -0.00853104 0.00803331 -0.21279396
v -0.00840674 0.00882851 -0.21399245
v -0.00573775 0.00974017 -0.21346453
v -0.00592040 0.01004916 -0.21443677
v -0.00567198 0.00975630 -0.21347087
v -0.00487883 0.01056051 -0.21462291
v -0.00263035 0.01050232 -0.21376395
v -0.00168999 0.01093873 -0.21476058
v -0.00170752 0.01044264 -0.21374051
v 0.00057585 0.01029502 -0.21368251
v -0.00116712 0.01100075 -0.21478316
v 0.00220369 0.00961804 -0.21341655
v 0.00252536 0.00997000 -0.21440796
v 0.00400036 0.00887084 -0.21312300
v 0.00373530 0.00963224 -0.21428501
v 0.00553879 0.00743271 -0.21255801
v 0.00624675 0.00777975 -0.21361069
v 0.00625473 0.00777386 -0.21360855
v 0.00677360 0.00627841 -0.21210452
v 0.00844119 0.00480461 -0.21252773
v 0.00782690 0.00415705 -0.21127110
v 0.00864255 0.00416044 -0.21229325
v 0.00842876 0.00294491 -0.21079489
v 0.00881200 0.00025981 -0.20974000
v 0.00958467 0.00114672 -0.21119624
v 0.00953262 -0.00007559 -0.21075131
v 0.00885000 -0.00000646 -0.20963540
v 0.00781875 -0.00364262 -0.20820687
v 0.00941459 -0.00284707 -0.20974248
v 0.00878797 -0.00432920 -0.20920298
v 0.00727921 -0.00554501 -0.20745948
v 0.00781842 -0.00662246 -0.20836822
v 0.00593847 -0.00709692 -0.20684979
v 0.00651501 -0.00799114 -0.20787001
v 0.00508406 -0.00808590 -0.20646125
v 0.00500674 -0.00957495 -0.20729349
v 0.00274018 -0.00951931 -0.20589811
v 0.00304290 -0.01053909 -0.20694255
v 0.00240152 -0.00972643 -0.20581674
v 0.00147883 -0.01130695 -0.20666304
v -0.00070000 -0.01050883 -0.20550936
v -0.00070000 -0.01171568 -0.20651426
v 0.01030000 -0.00161847 -0.19589994
v 0.01030000 -0.00110605 -0.19641239
v 0.01030000 -0.00180601 -0.19519993
v 0.01030000 -0.00040606 -0.19659997
v 0.01030000 -0.00180570 -0.18509993
v 0.01030000 0.00029592 -0.13235000
v 0.01030000 -0.00095407 -0.13201502
v 0.01030000 -0.00200413 -0.13409993
v 0.01030000 -0.00180413 -0.13409993
v 0.01030000 -0.00180464 -0.15059993
v 0.01030000 -0.00050467 -0.15159997
v 0.01030000 0.00819533 -0.15160024
v 0.01030000 0.00819654 -0.11220024
v 0.01030000 -0.00000468 -0.15173396
v 0.01030000 0.00029435 -0.18335000
v 0.01030000 -0.00095564 -0.18301502
v 0.01030000 -0.00200570 -0.18509993
v 0.01030000 -0.00167068 -0.15109994
v 0.01030000 -0.00130467 -0.15146597
v 0.01030000 -0.00080467 -0.15159996
v 0.01030000 -0.00250570 -0.18496594
v 0.01030000 -0.00287171 -0.18459990
v 0.01030000 -0.00300567 -0.18409989
v 0.01030000 -0.00250413 -0.13396594
v 0.01030000 -0.00287014 -0.13359990
v 0.01030000 -0.00300410 -0.13309990
v 0.01030000 -0.00139337 -0.11120999
v 0.01030000 -0.00169687 -0.11166418
v 0.01030000 -0.00180345 -0.11219994
v 0.01030000 0.00800900 -0.11150023
v 0.01030000 0.00749658 -0.11098779
v 0.01030000 0.00679659 -0.11080019
v 0.01030000 0.00154593 -0.13201510
v 0.01030000 0.00279443 -0.18085007
v 0.01030000 0.00245945 -0.18210007
v 0.01030000 0.00819399 -0.19520024
v 0.01030000 0.00154436 -0.18301510
v 0.01030000 -0.00186903 -0.12859993
v 0.01030000 -0.00180387 -0.12559992
v 0.01030000 -0.00220400 -0.12984992
v 0.01030000 -0.00200387 -0.12559992
v 0.01030000 0.00036134 -0.15210000
v 0.01030000 0.00049530 -0.15260001
v 0.01030000 0.00819502 -0.16160024
v 0.01030000 -0.00187067 -0.18209993
v 0.01030000 -0.00220557 -0.18084992
v 0.01030000 -0.00300547 -0.17759990
v 0.01030000 -0.00187060 -0.17959993
v 0.01030000 -0.00287148 -0.17709990
v 0.01030000 -0.00095550 -0.17868489
v 0.01030000 -0.00250544 -0.17673389
v 0.01030000 -0.00095393 -0.12768489
v 0.01030000 0.00029608 -0.12735000
v 0.01030000 0.00154607 -0.12768497
v 0.01030000 -0.00040341 -0.11079997
v 0.01030000 -0.00093917 -0.11090653
v 0.01030000 0.00245953 -0.17960006
v 0.01030000 -0.00000498 -0.16146601
v 0.01030000 0.00036106 -0.16110000
v 0.01030000 0.00049505 -0.16060000
v 0.01030000 -0.00250387 -0.12573388
v 0.01030000 -0.00286991 -0.12609990
v 0.01030000 -0.00300390 -0.12659989
v 0.01030000 -0.00186910 -0.13109993
v 0.01030000 0.00246110 -0.12860006
v 0.01030000 0.00279600 -0.12985007
v 0.01030000 0.00246103 -0.13110006
v 0.01030000 -0.00130498 -0.16173392
v 0.01030000 -0.00167102 -0.16209994
v 0.01030000 -0.00080498 -0.16159996
v 0.01030000 -0.00180501 -0.16259993
v 0.01030000 -0.00050498 -0.16159997
v 0.01030000 -0.00180544 -0.17659993
v 0.01030000 0.00154449 -0.17868497
v 0.01030000 0.00029451 -0.17835000
v 0.01030000 -0.00200544 -0.17659992
v 0.01030000 0.00800640 -0.19590023
v 0.01030000 0.00749395 -0.19641265
v 0.01030000 0.00679395 -0.19660020
v 0.00930000 0.00819533 -0.15160024
v 0.00930000 0.01254533 -0.15160037
v 0.01030000 0.00819533 -0.15160024
v 0.01430000 0.01254533 -0.15160037
v 0.01430000 0.00819533 -0.15160024
v -0.01070000 0.00819508 -0.15960024
v -0.01070000 0.00819527 -0.15360024
v -0.01070000 0.01254509 -0.15960038
v -0.01070000 0.01254527 -0.15360037
v -0.01510000 0.00819399 -0.19520024
v -0.01370000 0.00819399 -0.19520024
v -0.01510000 0.00819426 -0.18615171
v -0.01370000 0.00819502 -0.16160024
v -0.01770000 0.00819426 -0.18615171
v -0.01770000 0.00819502 -0.16160024
v 0.01030000 0.00069380 -0.20120001
v 0.01430000 0.00069380 -0.20120001
v 0.01030000 0.00164381 -0.20094549
v 0.01430000 0.00164381 -0.20094549
v 0.01030000 0.00233928 -0.20025006
v 0.01430000 0.00233928 -0.20025006
v 0.01030000 0.00259386 -0.19930007
v 0.01430000 0.00259386 -0.19930007
v 0.01030000 0.00233934 -0.19835006
v 0.01430000 0.00233934 -0.19835006
v 0.01030000 0.00164391 -0.19765459
v 0.01430000 0.00164391 -0.19765459
v 0.01030000 0.00069392 -0.19740001
v 0.01430000 0.00069392 -0.19740001
v 0.01030000 -0.00025609 -0.19765453
v 0.01430000 -0.00025609 -0.19765453
v 0.01030000 -0.00095156 -0.19834996
v 0.01430000 -0.00095156 -0.19834996
v 0.01030000 -0.00120614 -0.19929995
v 0.01430000 -0.00120614 -0.19929995
v 0.01030000 -0.00095162 -0.20024996
v 0.01430000 -0.00095162 -0.20024996
v 0.01030000 -0.00025619 -0.20094543
v 0.01430000 -0.00025619 -0.20094543
v 0.00930000 0.00819533 -0.15160024
v 0.01030000 0.00819533 -0.15160024
v 0.00930000 0.00819502 -0.16160024
v 0.01030000 0.00819502 -0.16160024
v 0.00756795 0.00819530 -0.15260024
v 0.00830000 0.00819532 -0.15186819
v 0.00730000 0.00819527 -0.15360024
v 0.00730000 0.00819508 -0.15960024
v 0.00756795 0.00819505 -0.16060024
v 0.00830000 0.00819503 -0.16133229
v 0.01430000 0.01178409 -0.18999030
v 0.01430000 0.00836998 -0.18657598
v 0.01170000 0.01178409 -0.18999030
v 0.01170000 0.00836998 -0.18657598
v 0.01030000 -0.00380353 -0.11469987
v 0.01430000 -0.00380353 -0.11469987
v 0.01030000 -0.00285353 -0.11444534
v 0.01430000 -0.00285353 -0.11444534
v 0.01030000 -0.00215806 -0.11374991
v 0.01430000 -0.00215806 -0.11374991
v 0.01030000 -0.00190347 -0.11279993
v 0.01430000 -0.00190347 -0.11279993
v 0.01030000 -0.00215800 -0.11184993
v 0.01430000 -0.00215800 -0.11184993
v 0.01030000 -0.00285343 -0.11115445
v 0.01430000 -0.00285343 -0.11115445
v 0.01030000 -0.00380341 -0.11089987
v 0.01430000 -0.00380341 -0.11089987
v 0.01030000 -0.00475342 -0.11115439
v 0.01430000 -0.00475342 -0.11115439
v 0.01030000 -0.00544889 -0.11184983
v 0.01430000 -0.00544889 -0.11184983
v 0.01030000 -0.00570348 -0.11279981
v 0.01430000 -0.00570348 -0.11279981
v 0.01030000 -0.00544895 -0.11374981
v 0.01430000 -0.00544895 -0.11374981
v 0.01030000 -0.00475353 -0.11444529
v 0.01430000 -0.00475353 -0.11444529
v -0.01770000 -0.00667625 -0.11443614
v -0.01770000 -0.00576356 -0.11552981
v -0.02320000 -0.00576356 -0.11552981
v -0.02319973 -0.00700348 -0.11304977
v -0.01770000 -0.00700348 -0.11304977
v -0.02320000 -0.00697403 -0.11347620
v -0.02320000 -0.00667625 -0.11443614
v -0.01770000 0.01499364 -0.20631541
v -0.02170000 0.01499364 -0.20631541
v -0.01770000 0.01481284 -0.20705420
v -0.02170000 0.01481284 -0.20705420
v -0.01770000 0.01431132 -0.20762603
v -0.02170000 0.01431132 -0.20762603
v -0.01770000 0.01360244 -0.20790168
v -0.02170000 0.01360244 -0.20790168
v -0.01770000 0.01284636 -0.20781886
v -0.02170000 0.01284636 -0.20781886
v 0.01074346 -0.01705004 -0.20229853
v 0.01138284 -0.01662045 -0.20243915
v 0.01138284 -0.01661842 -0.13659702
v 0.01073821 -0.01705110 -0.20229818
v 0.01107290 -0.01687171 -0.13654632
v 0.01073748 -0.01704832 -0.13640637
v 0.00996863 -0.01720623 -0.20224725
v 0.01071863 -0.01705825 -0.13639850
v 0.01041165 -0.01715451 -0.13616379
v 0.01016959 -0.01719406 -0.13584946
v 0.01001976 -0.01720352 -0.13548776
v 0.00996863 -0.01720416 -0.13509945
v -0.01341967 -0.01720352 -0.13548743
v -0.01356959 -0.01719406 -0.13584946
v -0.01381169 -0.01715450 -0.13616383
v -0.01413842 -0.01705215 -0.20229783
v -0.01478284 -0.01661842 -0.13659702
v -0.01478284 -0.01662045 -0.20243915
v -0.01447302 -0.01687164 -0.13654636
v -0.01413842 -0.01705012 -0.13640973
v -0.01510000 0.00823993 -0.18638133
v -0.01510000 0.00979404 -0.19345029
v -0.01510000 0.00941904 -0.19355076
v -0.01510000 0.00819426 -0.18615171
v -0.01510000 0.00914451 -0.19382527
v -0.01510000 0.00819399 -0.19520024
v -0.01510000 0.00904402 -0.19420027
v -0.01510000 0.00914449 -0.19457527
v -0.01510000 0.00800640 -0.19590023
v -0.01510000 0.00941899 -0.19484980
v -0.01510000 0.00749395 -0.19641265
v -0.01510000 0.00979399 -0.19495029
v -0.01510000 0.00679395 -0.19660020
v -0.01510000 0.01079395 -0.19660032
v -0.01510000 0.01149395 -0.19641278
v -0.01510000 0.01016900 -0.19484982
v -0.01510000 0.01200640 -0.19590036
v -0.01510000 0.01044353 -0.19457531
v -0.01510000 0.01219398 -0.19520036
v -0.01510000 0.01054402 -0.19420031
v -0.01510000 0.01219411 -0.19098026
v -0.01510000 0.01044355 -0.19382531
v -0.01510000 0.01208756 -0.19044450
v -0.01510000 0.01016904 -0.19355078
v -0.01510000 0.01178409 -0.18999030
v -0.01510000 0.00836998 -0.18657598
v 0.01170000 0.01079395 -0.19660032
v 0.01170000 0.00979399 -0.19495029
v 0.01170000 0.00941899 -0.19484980
v 0.01170000 0.00679395 -0.19660020
v 0.01170000 0.00749395 -0.19641265
v 0.01170000 0.00800640 -0.19590023
v 0.01170000 0.00819399 -0.19520024
v 0.01170000 0.00914449 -0.19457527
v 0.01170000 0.00904402 -0.19420027
v 0.01170000 0.00819426 -0.18615171
v 0.01170000 0.00914451 -0.19382527
v 0.01170000 0.00941904 -0.19355076
v 0.01170000 0.01016904 -0.19355078
v 0.01170000 0.01178409 -0.18999030
v 0.01170000 0.00979404 -0.19345029
v 0.01170000 0.00836998 -0.18657598
v 0.01170000 0.00823993 -0.18638133
v 0.01170000 0.01016900 -0.19484982
v 0.01170000 0.01149395 -0.19641278
v 0.01170000 0.01044353 -0.19457531
v 0.01170000 0.01200640 -0.19590036
v 0.01170000 0.01054402 -0.19420031
v 0.01170000 0.01219398 -0.19520036
v 0.01170000 0.01044355 -0.19382531
v 0.01170000 0.01219411 -0.19098026
v 0.01170000 0.01208756 -0.19044450
v 0.01170000 0.00979627 -0.12095029
v 0.01170000 0.00942128 -0.12084980
v 0.01170000 0.00824173 -0.12821916
v 0.01170000 0.00819604 -0.12844877
v 0.01170000 0.00827677 -0.11750025
v 0.01170000 0.00819639 -0.11720024
v 0.01170000 0.00914677 -0.12057526
v 0.01170000 0.00904630 -0.12020027
v 0.01170000 0.00914679 -0.11982527
v 0.01170000 0.00942132 -0.11955076
v 0.01170000 0.00837179 -0.12802451
v 0.01170000 0.01178611 -0.12461040
v 0.01170000 0.01017128 -0.12084982
v 0.01170000 0.01208961 -0.12415622
v 0.01170000 0.01044581 -0.12057530
v 0.01170000 0.01219619 -0.12362047
v 0.01170000 0.01054630 -0.12020032
v 0.01170000 0.01219632 -0.11920037
v 0.01170000 0.01044583 -0.11982531
v 0.01170000 0.01200879 -0.11850036
v 0.01170000 0.01017132 -0.11955078
v 0.01170000 0.01149637 -0.11798791
v 0.01170000 0.01079637 -0.11780031
v 0.01170000 0.00979632 -0.11945029
v 0.01170000 0.00879637 -0.11780025
v 0.01170000 0.00849637 -0.11771987
v 0.01980000 0.00559629 -0.20517979
v 0.02000000 0.00552787 -0.20536772
v 0.00255000 0.01379653 -0.11260041
v 0.00255000 0.01379642 -0.11640041
v 0.00255000 0.01649653 -0.11260049
v 0.00255000 0.01999642 -0.11640060
v 0.00255000 0.01649660 -0.11030050
v 0.00255000 0.01999660 -0.11030061
v -0.00995000 0.01379653 -0.11260041
v -0.00995000 0.01379642 -0.11640041
v -0.00995000 0.01649653 -0.11260049
v -0.00995000 0.01999642 -0.11640060
v -0.00995000 0.01649661 -0.11010049
v -0.00995000 0.01999661 -0.11010060
v -0.02320000 0.00559629 -0.20517979
v -0.02170000 0.00559629 -0.20517979
v -0.02170000 0.00569955 -0.20524349
v -0.02320000 0.00569955 -0.20524349
v -0.02170000 0.00576914 -0.20534288
v -0.02320000 0.00576914 -0.20534288
v -0.02170000 0.00579367 -0.20546170
v -0.02320000 0.00579367 -0.20546170
v -0.01096795 0.01699661 -0.11010051
v -0.01096795 0.01699671 -0.10680051
v -0.01074471 0.01673057 -0.11010050
v -0.01074471 0.01673067 -0.10680051
v -0.01044394 0.01655692 -0.11010050
v -0.01044394 0.01655702 -0.10680050
v -0.01010192 0.01649661 -0.11010049
v -0.01010192 0.01649671 -0.10680050
v -0.02281421 -0.00858917 -0.20536258
v -0.02267279 -0.00851616 -0.20555052
v -0.01478284 -0.01662045 -0.20243915
v -0.01464142 -0.01654744 -0.20262710
v 0.00530000 0.00979399 -0.19495029
v 0.01170000 0.00979399 -0.19495029
v 0.00530000 0.01016900 -0.19484982
v 0.01170000 0.01016900 -0.19484982
v 0.00530000 0.01044353 -0.19457531
v 0.01170000 0.01044353 -0.19457531
v 0.00530000 0.01054402 -0.19420031
v 0.01170000 0.01054402 -0.19420031
v 0.00530000 0.01044355 -0.19382531
v 0.01170000 0.01044355 -0.19382531
v 0.00530000 0.01016904 -0.19355078
v 0.01170000 0.01016904 -0.19355078
v 0.00530000 0.00979404 -0.19345029
v 0.01170000 0.00979404 -0.19345029
v 0.00530000 0.00941904 -0.19355076
v 0.01170000 0.00941904 -0.19355076
v 0.00530000 0.00914451 -0.19382527
v 0.01170000 0.00914451 -0.19382527
v 0.00530000 0.00904402 -0.19420027
v 0.01170000 0.00904402 -0.19420027
v 0.00530000 0.00914449 -0.19457527
v 0.01170000 0.00914449 -0.19457527
v 0.00530000 0.00941899 -0.19484980
v 0.01170000 0.00941899 -0.19484980
v -0.00520000 0.01999610 -0.12660060
v -0.00520000 0.01379610 -0.12660041
v -0.00470000 0.01999611 -0.12646662
v -0.00470000 0.01379611 -0.12646643
v -0.00433397 0.01999612 -0.12610060
v -0.00433397 0.01379612 -0.12610041
v -0.00420000 0.01999613 -0.12560060
v -0.00420000 0.01379613 -0.12560041
v -0.00870000 0.01049390 -0.19805031
v -0.01370000 0.01049390 -0.19805031
v -0.00870000 0.01111889 -0.19821780
v -0.01370000 0.01111889 -0.19821780
v -0.00870000 0.01157641 -0.19867534
v -0.01370000 0.01157641 -0.19867534
v -0.00870000 0.01174386 -0.19930035
v -0.01370000 0.01174386 -0.19930035
v -0.00870000 0.01157637 -0.19992534
v -0.01370000 0.01157637 -0.19992534
v -0.00870000 0.01111882 -0.20038286
v -0.01370000 0.01111882 -0.20038286
v -0.00870000 0.01049382 -0.20055031
v -0.01370000 0.01049382 -0.20055031
v -0.00870000 0.00986882 -0.20038282
v -0.01370000 0.00986882 -0.20038282
v -0.00870000 0.00941131 -0.19992528
v -0.01370000 0.00941131 -0.19992528
v -0.00870000 0.00924386 -0.19930027
v -0.01370000 0.00924386 -0.19930027
v -0.00870000 0.00941134 -0.19867528
v -0.01370000 0.00941134 -0.19867528
v -0.00870000 0.00986889 -0.19821776
v -0.01370000 0.00986889 -0.19821776
v 0.00530000 0.00914677 -0.12057526
v 0.00530000 0.00942128 -0.12084980
v 0.00530000 0.00979630 -0.12020029
v 0.00530000 0.00979627 -0.12095029
v 0.00530000 0.01017128 -0.12084982
v 0.00530000 0.00942132 -0.11955076
v 0.00530000 0.00914679 -0.11982527
v 0.00530000 0.00904630 -0.12020027
v 0.00530000 0.01044583 -0.11982531
v 0.00530000 0.01017132 -0.11955078
v 0.00530000 0.00979632 -0.11945029
v 0.00530000 0.01044581 -0.12057530
v 0.00530000 0.01054630 -0.12020032
v -0.01078253 -0.00920443 -0.14362470
v -0.01032500 -0.00920444 -0.14408223
v -0.00970000 -0.00920441 -0.14299970
v -0.00970000 -0.00920444 -0.14424971
v -0.00907500 -0.00920444 -0.14408223
v -0.01032500 -0.00920437 -0.14191717
v -0.01078253 -0.00920439 -0.14237470
v -0.01095000 -0.00920441 -0.14299970
v -0.00861747 -0.00920439 -0.14237470
v -0.00907500 -0.00920437 -0.14191717
v -0.00970000 -0.00920437 -0.14174970
v -0.00861747 -0.00920443 -0.14362470
v -0.00845000 -0.00920441 -0.14299970
v -0.01752470 0.01998132 -0.10758523
v -0.01767478 0.01993579 -0.10753970
v -0.01728579 0.01899672 -0.10660057
v -0.01235359 0.01899672 -0.10660057
v -0.01223812 0.01919671 -0.10680058
v -0.01736863 0.01999669 -0.10760060
v -0.01270000 0.01999669 -0.10760060
v -0.00270000 -0.01600625 -0.20282409
v -0.00270000 -0.01600631 -0.20474239
v 0.00883812 0.00049446 -0.19806601
v 0.01030000 0.00069390 -0.19805001
v 0.00884973 0.00006889 -0.19821746
v 0.01030000 0.00006889 -0.19821746
v 0.00884839 -0.00019024 -0.19841634
v 0.01030000 -0.00038865 -0.19867498
v 0.00884306 -0.00038865 -0.19867498
v 0.00883779 -0.00051359 -0.19897663
v 0.01030000 -0.00055614 -0.19929997
v 0.00883565 -0.00055614 -0.19929997
v 0.00883779 -0.00051364 -0.19962319
v 0.01030000 -0.00038869 -0.19992497
v 0.00884306 -0.00038869 -0.19992497
v 0.01030000 0.00177637 -0.19992504
v 0.00876646 0.00131883 -0.20038256
v 0.01030000 0.00131883 -0.20038256
v 0.00882675 0.00069382 -0.20055001
v 0.01030000 0.00069382 -0.20055001
v 0.00883812 0.00049438 -0.20053399
v 0.01030000 0.00006883 -0.20038252
v 0.00884973 0.00006883 -0.20038252
v 0.00884840 -0.00019005 -0.20018387
v 0.01030000 0.00194386 -0.19930005
v 0.00867616 0.00190116 -0.19962394
v 0.00869832 0.00177637 -0.19992504
v 0.00882675 0.00069390 -0.19805001
v 0.00876646 0.00131889 -0.19821750
v 0.01030000 0.00131889 -0.19821750
v 0.00869832 0.00177641 -0.19867504
v 0.01030000 0.00177641 -0.19867504
v 0.00867617 0.00190109 -0.19897584
v 0.00866822 0.00194386 -0.19930005
v -0.00170000 0.01219358 -0.20820036
v -0.00170000 0.01619358 -0.20820049
v -0.00090000 0.01219358 -0.20841472
v -0.00090000 0.01619358 -0.20841484
v -0.00031436 0.01219356 -0.20900036
v -0.00031436 0.01619356 -0.20900049
v -0.00010000 0.01219353 -0.20980036
v -0.00010000 0.01619353 -0.20980049
v -0.00031436 0.01219351 -0.21060036
v -0.00031436 0.01619351 -0.21060049
v -0.00090000 0.01219349 -0.21118600
v -0.00090000 0.01619349 -0.21118613
v -0.00170000 0.01219348 -0.21140036
v -0.00170000 0.01619348 -0.21140049
v -0.00250000 0.01219349 -0.21118600
v -0.00250000 0.01619349 -0.21118613
v -0.00308564 0.01219351 -0.21060036
v -0.00308564 0.01619351 -0.21060049
v -0.00330000 0.01219353 -0.20980036
v -0.00330000 0.01619353 -0.20980049
v -0.00308564 0.01219356 -0.20900036
v -0.00308564 0.01619356 -0.20900049
v -0.00250000 0.01219358 -0.20841472
v -0.00250000 0.01619358 -0.20841484
v 0.01430000 0.00837179 -0.12802451
v 0.01430000 0.00824173 -0.12821916
v 0.01430000 0.00819604 -0.12844877
v 0.01430000 0.01334550 -0.14610040
v 0.01430000 0.01334565 -0.14110040
v 0.01430000 0.01254550 -0.14610037
v 0.01430000 0.01254566 -0.14110038
v 0.01430000 0.01219619 -0.12362047
v 0.01430000 0.01208961 -0.12415622
v 0.01430000 0.01254604 -0.12860037
v 0.01430000 0.01178611 -0.12461040
v 0.01430000 -0.00475342 -0.11115439
v 0.01430000 -0.00380341 -0.11089987
v 0.01430000 -0.00590338 -0.10959981
v 0.01430000 0.01499657 -0.11120045
v 0.01430000 0.01200879 -0.11850036
v 0.01430000 0.01219632 -0.11920037
v 0.01430000 0.01499604 -0.12860045
v 0.01430000 0.00819533 -0.15160024
v 0.01430000 0.01254533 -0.15160037
v 0.01430000 -0.00093917 -0.11090653
v 0.01430000 -0.00040341 -0.11079997
v 0.01430000 -0.00285343 -0.11115445
v 0.01430000 0.00827677 -0.11750025
v 0.01430000 0.00849637 -0.11771987
v 0.01430000 0.00879637 -0.11780025
v 0.01430000 -0.00300365 -0.11854989
v 0.01430000 -0.00300390 -0.12659989
v 0.01430000 -0.00286991 -0.12609990
v 0.01430000 -0.00200387 -0.12559992
v 0.01430000 -0.00190347 -0.11279993
v 0.01430000 -0.00250387 -0.12573388
v 0.01430000 -0.00215806 -0.11374991
v 0.01430000 -0.00285353 -0.11444534
v 0.01430000 -0.00645338 -0.10974717
v 0.01430000 -0.00685602 -0.11014978
v 0.01430000 -0.00544889 -0.11184983
v 0.01430000 -0.00700341 -0.11069977
v 0.01430000 -0.00570348 -0.11279981
v 0.01430000 -0.00700348 -0.11304977
v 0.01430000 -0.00544895 -0.11374981
v 0.01430000 -0.00667625 -0.11443614
v 0.01430000 -0.00475353 -0.11444529
v 0.01430000 -0.00576356 -0.11552981
v 0.01430000 -0.00380353 -0.11469987
v 0.01430000 -0.00376361 -0.11702986
v 0.01430000 0.00893052 -0.11230027
v 0.01430000 0.00800900 -0.11150023
v 0.01430000 0.00879652 -0.11280026
v 0.01430000 0.00819654 -0.11220024
v 0.01430000 0.00893048 -0.11330026
v 0.01430000 0.00819639 -0.11720024
v 0.01430000 0.00929650 -0.11366630
v 0.01430000 0.00679659 -0.11080019
v 0.01430000 0.01339663 -0.10960041
v 0.01430000 0.00749658 -0.11098779
v 0.01430000 -0.00180387 -0.12559992
v 0.01430000 -0.00180345 -0.11219994
v 0.01430000 -0.00215800 -0.11184993
v 0.01430000 -0.00169687 -0.11166418
v 0.01430000 -0.00139337 -0.11120999
v 0.01430000 -0.00320421 -0.11770018
v 0.01430000 0.00979650 -0.11380029
v 0.01430000 0.01079637 -0.11780031
v 0.01430000 0.01029650 -0.11366633
v 0.01430000 0.01149637 -0.11798791
v 0.01430000 0.01066254 -0.11330031
v 0.01430000 0.01079653 -0.11280032
v 0.01430000 0.00929655 -0.11193425
v 0.01430000 0.00979656 -0.11180029
v 0.01430000 0.01029655 -0.11193428
v 0.01430000 0.01419662 -0.10981478
v 0.01430000 0.01066257 -0.11230032
v 0.01430000 0.01478224 -0.11040045
v -0.01270000 0.01254502 -0.16160037
v -0.01270000 0.00819502 -0.16160024
v -0.01170000 0.01254503 -0.16133243
v -0.01170000 0.00819503 -0.16133229
v -0.01096795 0.01254505 -0.16060037
v -0.01096795 0.00819505 -0.16060024
v -0.01370000 0.00819502 -0.16160024
v -0.01370000 0.00819533 -0.15160024
v -0.01270000 0.00819533 -0.15160024
v -0.01070000 0.00819508 -0.15960024
v -0.01096795 0.00819505 -0.16060024
v -0.01170000 0.00819503 -0.16133229
v -0.01170000 0.00819532 -0.15186819
v -0.01096795 0.00819530 -0.15260024
v -0.01070000 0.00819527 -0.15360024
v -0.01270000 0.00819502 -0.16160024
v 0.01170000 0.01079395 -0.19660032
v 0.01430000 0.01079395 -0.19660032
v 0.01170000 0.00819426 -0.18615171
v 0.01430000 0.00819426 -0.18615171
v 0.01430000 0.00819502 -0.16160024
v 0.01030000 0.00819502 -0.16160024
v 0.01030000 0.01049380 -0.20120031
v 0.01430000 0.01049380 -0.20120031
v 0.01030000 0.01144381 -0.20094579
v 0.01430000 0.01144381 -0.20094579
v 0.01030000 0.01213928 -0.20025036
v 0.01430000 0.01213928 -0.20025036
v 0.01030000 0.01239386 -0.19930037
v 0.01430000 0.01239386 -0.19930037
v 0.01030000 0.01213934 -0.19835036
v 0.01430000 0.01213934 -0.19835036
v 0.01030000 0.01144391 -0.19765489
v 0.01430000 0.01144391 -0.19765489
v 0.01030000 0.01049392 -0.19740031
v 0.01430000 0.01049392 -0.19740031
v 0.01030000 0.00954391 -0.19765483
v 0.01430000 0.00954391 -0.19765483
v 0.01030000 0.00884844 -0.19835026
v 0.01430000 0.00884844 -0.19835026
v 0.01030000 0.00859386 -0.19930025
v 0.01430000 0.00859386 -0.19930025
v 0.01030000 0.00884838 -0.20025026
v 0.01430000 0.00884838 -0.20025026
v 0.01030000 0.00954381 -0.20094573
v 0.01430000 0.00954381 -0.20094573
v -0.00575000 0.01379604 -0.12860041
v -0.00595000 0.01379605 -0.12840041
v -0.00575000 0.01999604 -0.12860060
v -0.00595000 0.01999605 -0.12840060
v -0.02170000 0.01499407 -0.19260045
v -0.01770000 0.01499407 -0.19260045
v 0.00996863 -0.01707464 -0.20243519
v 0.00996863 -0.01720623 -0.20224725
v -0.00070000 -0.01707464 -0.20243519
v -0.00070000 -0.01720623 -0.20224725
v -0.02320000 0.00564688 -0.21070594
v -0.02170000 0.00564688 -0.21070594
v -0.02320000 -0.00724338 -0.20601382
v -0.02170000 -0.00767497 -0.20585672
v -0.02308401 -0.00787805 -0.20578280
v -0.02267279 -0.00851616 -0.20555052
v -0.00270000 -0.01600625 -0.20282409
v -0.00270000 -0.01707464 -0.20243519
v -0.01336863 -0.01600625 -0.20282409
v -0.01336863 -0.01707464 -0.20243519
v -0.01367655 -0.01594461 -0.20284653
v -0.01408810 -0.01692441 -0.20248988
v -0.01393432 -0.01577194 -0.20290938
v -0.01464142 -0.01654744 -0.20262710
v -0.02146569 -0.00824065 -0.20565081
v -0.02163985 -0.00797931 -0.20574594
v -0.01770000 0.00823993 -0.18638133
v -0.01510000 0.00823993 -0.18638133
v -0.01770000 0.00836998 -0.18657598
v -0.01510000 0.00836998 -0.18657598
v 0.01030000 -0.00180570 -0.18509993
v 0.01030000 -0.00200570 -0.18509993
v 0.01430000 -0.00180570 -0.18509993
v 0.01430000 -0.00200570 -0.18509993
v 0.01430000 0.00823993 -0.18638133
v 0.01170000 0.00823993 -0.18638133
v 0.01830000 0.00559629 -0.20517979
v 0.01980000 0.00559629 -0.20517979
v 0.01980000 0.00569955 -0.20524349
v 0.01830000 0.00569955 -0.20524349
v 0.01980000 0.00576914 -0.20534288
v 0.01830000 0.00576914 -0.20534288
v 0.01980000 0.00579367 -0.20546170
v 0.01830000 0.00579367 -0.20546170
v 0.00080000 0.01999613 -0.12560060
v 0.00080000 0.01999638 -0.11760061
v 0.00080000 0.01379613 -0.12560041
v 0.00080000 0.01379638 -0.11760042
v -0.01170000 0.01379638 -0.11760042
v -0.01170000 0.01379613 -0.12560041
v -0.01170000 0.01999638 -0.11760061
v -0.01170000 0.01999613 -0.12560060
v -0.01095000 0.01334419 -0.18860040
v -0.01095000 0.00854419 -0.18860025
v -0.01105048 0.01334420 -0.18822540
v -0.01105048 0.00854420 -0.18822525
v -0.01132500 0.01334421 -0.18795088
v -0.01132500 0.00854421 -0.18795073
v -0.01170000 0.01334421 -0.18785039
v -0.01170000 0.00854421 -0.18785025
v -0.01207500 0.01334421 -0.18795088
v -0.01207500 0.00854421 -0.18795073
v -0.01234952 0.01334420 -0.18822540
v -0.01234952 0.00854420 -0.18822525
v -0.01245000 0.01334419 -0.18860040
v -0.01245000 0.00854419 -0.18860025
v -0.01234952 0.01334418 -0.18897539
v -0.01234952 0.00854418 -0.18897525
v -0.01207500 0.01334417 -0.18924992
v -0.01207500 0.00854417 -0.18924977
v -0.01170000 0.01334417 -0.18935040
v -0.01170000 0.00854417 -0.18935025
v -0.01132500 0.01334417 -0.18924992
v -0.01132500 0.00854417 -0.18924977
v -0.01105048 0.01334418 -0.18897539
v -0.01105048 0.00854418 -0.18897525
v 0.00670192 0.01649661 -0.11010049
v 0.00670192 0.01649671 -0.10680050
v 0.00704394 0.01655692 -0.11010050
v 0.00704394 0.01655702 -0.10680050
v 0.00734471 0.01673057 -0.11010050
v 0.00734471 0.01673067 -0.10680051
v 0.00756795 0.01699661 -0.11010051
v 0.00756795 0.01699671 -0.10680051
v -0.02340000 -0.00717497 -0.20582588
v -0.02320000 -0.00724338 -0.20601382
v -0.02324960 -0.00793586 -0.20557673
v -0.02308401 -0.00787805 -0.20578280
v -0.02324746 -0.00793908 -0.20557567
v -0.02267279 -0.00851616 -0.20555052
v -0.02281421 -0.00858917 -0.20536258
v 0.02000000 -0.00685514 -0.11452558
v 0.02000000 -0.00717213 -0.11350371
v 0.02000000 -0.00717497 -0.20582588
v 0.02000000 -0.00103492 -0.20297883
v 0.02000000 -0.00217083 -0.20227814
v 0.02000000 -0.00588356 -0.11568981
v 0.02000000 0.00552787 -0.20536772
v 0.02000000 0.00558549 -0.20542209
v 0.02000000 0.00556230 -0.20538896
v 0.02000000 0.00559367 -0.20546170
v 0.02000000 0.00559352 -0.21047368
v 0.02000000 -0.00293631 -0.20118485
v 0.02000000 -0.00320616 -0.19987778
v 0.02000000 -0.00320365 -0.11854989
v 0.02000000 -0.00388361 -0.11718987
v 0.02000000 -0.00338310 -0.11778963
v -0.00575000 0.01999661 -0.11010060
v -0.00595000 0.01999660 -0.11030061
v -0.00575000 0.01649661 -0.11010049
v -0.00595000 0.01649660 -0.11030050
v 0.01146863 -0.01653263 -0.13659948
v 0.01659705 -0.01140421 -0.13659964
v 0.01146863 -0.01140421 -0.13659964
v 0.00740000 0.01469373 -0.20360044
v 0.00740000 0.01869373 -0.20360056
v 0.00765455 0.01469376 -0.20265044
v 0.00765455 0.01869376 -0.20265056
v 0.00835000 0.01469378 -0.20195499
v 0.00835000 0.01869378 -0.20195512
v 0.00930000 0.01469379 -0.20170044
v 0.00930000 0.01869379 -0.20170056
v 0.01025000 0.01469378 -0.20195499
v 0.01025000 0.01869378 -0.20195512
v 0.01094545 0.01469376 -0.20265044
v 0.01094545 0.01869376 -0.20265056
v 0.01120000 0.01469373 -0.20360044
v 0.01120000 0.01869373 -0.20360056
v 0.01094545 0.01469370 -0.20455044
v 0.01094545 0.01869370 -0.20455056
v 0.01025000 0.01469368 -0.20524589
v 0.01025000 0.01869368 -0.20524601
v 0.00930000 0.01469367 -0.20550044
v 0.00930000 0.01869367 -0.20550056
v 0.00835000 0.01469368 -0.20524589
v 0.00835000 0.01869368 -0.20524601
v 0.00765455 0.01469370 -0.20455044
v 0.00765455 0.01869370 -0.20455056
v 0.00821747 0.01469375 -0.20297544
v 0.00765455 0.01469376 -0.20265044
v 0.00867500 0.01469376 -0.20251791
v 0.00835000 0.01469378 -0.20195499
v 0.00930000 0.01469377 -0.20235044
v 0.00930000 0.01469379 -0.20170044
v 0.00992500 0.01469376 -0.20251791
v 0.01025000 0.01469378 -0.20195499
v 0.01038253 0.01469375 -0.20297544
v 0.01094545 0.01469376 -0.20265044
v 0.01055000 0.01469373 -0.20360044
v 0.01120000 0.01469373 -0.20360044
v 0.01038253 0.01469371 -0.20422544
v 0.01094545 0.01469370 -0.20455044
v 0.00992500 0.01469370 -0.20468297
v 0.01025000 0.01469368 -0.20524589
v 0.00930000 0.01469369 -0.20485044
v 0.00930000 0.01469367 -0.20550044
v 0.00867500 0.01469370 -0.20468297
v 0.00835000 0.01469368 -0.20524589
v 0.00821747 0.01469371 -0.20422544
v 0.00765455 0.01469370 -0.20455044
v 0.00805000 0.01469373 -0.20360044
v 0.00740000 0.01469373 -0.20360044
v -0.01770000 0.00819502 -0.16160024
v -0.01770000 0.01254502 -0.16160037
v -0.01770000 0.00819426 -0.18615171
v -0.01770000 0.01254425 -0.18660037
v -0.01770000 0.00823993 -0.18638133
v -0.01770000 -0.00300616 -0.19987779
v -0.01770000 -0.00300567 -0.18409989
v -0.01770000 -0.00287171 -0.18459990
v -0.01770000 -0.00120614 -0.19929995
v -0.01770000 -0.00161847 -0.19589994
v -0.01770000 -0.00095156 -0.19834996
v -0.01770000 -0.00110605 -0.19641239
v -0.01770000 -0.00025609 -0.19765453
v -0.01770000 0.01213934 -0.19835036
v -0.01770000 0.01144391 -0.19765489
v -0.01770000 0.01334407 -0.19260040
v -0.01770000 0.01200640 -0.19590036
v -0.01770000 0.01334425 -0.18660040
v -0.01770000 0.01178409 -0.18999030
v -0.01770000 0.00836998 -0.18657598
v -0.01770000 0.00954391 -0.19765483
v -0.01770000 -0.00040606 -0.19659997
v -0.01770000 0.01049392 -0.19740031
v -0.01770000 0.01079395 -0.19660032
v -0.01770000 0.01149395 -0.19641278
v -0.01770000 0.01219398 -0.19520036
v -0.01770000 0.01219411 -0.19098026
v -0.01770000 0.01208756 -0.19044450
v -0.01770000 -0.00250570 -0.18496594
v -0.01770000 -0.00200570 -0.18509993
v -0.01770000 -0.00180601 -0.19519993
v -0.01770000 -0.00180570 -0.18509993
v -0.01770000 -0.00275267 -0.20110564
v -0.01770000 -0.00095162 -0.20024996
v -0.01770000 -0.00203358 -0.20213268
v -0.01770000 -0.00025619 -0.20094543
v -0.01770000 -0.00096651 -0.20279090
v -0.01770000 0.00954381 -0.20094573
v -0.01770000 0.01284636 -0.20781886
v -0.01770000 0.01049380 -0.20120031
v -0.01770000 0.01239386 -0.19930037
v -0.01770000 0.01499407 -0.19260045
v -0.01770000 0.01499364 -0.20631541
v -0.01770000 0.00069380 -0.20120001
v -0.01770000 0.00164381 -0.20094549
v -0.01770000 0.00233928 -0.20025006
v -0.01770000 0.01360244 -0.20790168
v -0.01770000 0.01431132 -0.20762603
v -0.01770000 0.01481284 -0.20705420
v -0.01770000 0.01144381 -0.20094579
v -0.01770000 0.01213928 -0.20025036
v -0.01770000 0.00069392 -0.19740001
v -0.01770000 0.00164391 -0.19765459
v -0.01770000 0.00233934 -0.19835006
v -0.01770000 0.00884844 -0.19835026
v -0.01770000 0.00259386 -0.19930007
v -0.01770000 0.00859386 -0.19930025
v -0.01770000 0.00884838 -0.20025026
v -0.01074471 0.01673067 -0.10680051
v -0.01087327 0.01657746 -0.10660050
v -0.01044394 0.01655702 -0.10680050
v -0.01051235 0.01636908 -0.10660049
v -0.01010192 0.01649671 -0.10680050
v -0.01010192 0.01629672 -0.10660049
v 0.00873552 0.00154593 -0.13201510
v 0.01030000 0.00154593 -0.13201510
v 0.01030000 0.00246103 -0.13110006
v 0.01030000 0.00029608 -0.12735000
v 0.01030000 -0.00095393 -0.12768489
v 0.00884422 -0.00035304 -0.12743572
v 0.00880714 -0.00095393 -0.12768489
v 0.01030000 -0.00186903 -0.12859993
v 0.00868383 -0.00186903 -0.12859993
v 0.00863592 -0.00211849 -0.12920173
v 0.01030000 -0.00220400 -0.12984992
v 0.00861806 -0.00220400 -0.12984992
v 0.00863591 -0.00211860 -0.13049782
v 0.01030000 -0.00186910 -0.13109993
v 0.00868383 -0.00186910 -0.13109993
v 0.01030000 -0.00095407 -0.13201502
v 0.00880714 -0.00095407 -0.13201502
v 0.01030000 0.00029592 -0.13235000
v 0.00883812 0.00049649 -0.13234194
v 0.00884573 0.00029592 -0.13235000
v 0.00884424 -0.00035274 -0.13226435
v 0.01030000 0.00279600 -0.12985007
v 0.00849481 0.00271046 -0.13049836
v 0.00855797 0.00246103 -0.13110006
v 0.01030000 0.00154607 -0.12768497
v 0.00855797 0.00246110 -0.12860006
v 0.01030000 0.00246110 -0.12860006
v 0.00849486 0.00271031 -0.12920108
v 0.00847165 0.00279600 -0.12985007
v 0.00884573 0.00029608 -0.12735000
v 0.00883812 0.00049664 -0.12735806
v 0.00873552 0.00154607 -0.12768497
v -0.00345000 0.01254364 -0.20660037
v 0.00005000 0.01254364 -0.20660037
v -0.00345000 0.01619363 -0.20660049
v 0.00005000 0.01619363 -0.20660049
v 0.00730000 0.01254551 -0.14583243
v 0.00730000 0.01334551 -0.14583245
v 0.00656795 0.01254553 -0.14510038
v 0.00656795 0.01334553 -0.14510040
v 0.00630000 0.01254556 -0.14410037
v 0.00630000 0.01334556 -0.14410040
v -0.01370000 -0.00180345 -0.11219994
v -0.01770000 -0.00180345 -0.11219994
v -0.01370000 -0.00169687 -0.11166418
v -0.01770000 -0.00169687 -0.11166418
v -0.01370000 -0.00139337 -0.11120999
v -0.01770000 -0.00139337 -0.11120999
v -0.01370000 -0.00093917 -0.11090653
v -0.01770000 -0.00093917 -0.11090653
v -0.01370000 0.00679659 -0.11080019
v -0.01770000 0.00679659 -0.11080019
v -0.01370000 0.00749658 -0.11098779
v -0.01770000 0.00749658 -0.11098779
v -0.01370000 0.00800900 -0.11150023
v -0.01770000 0.00800900 -0.11150023
v 0.01030000 -0.00180570 -0.18509993
v 0.01430000 -0.00180570 -0.18509993
v 0.00178205 0.01619366 -0.20560048
v 0.00205000 0.01619369 -0.20460049
v 0.00205000 0.01619351 -0.21060049
v -0.00330000 0.01619353 -0.20980049
v -0.00518205 0.01619366 -0.20560048
v -0.00308564 0.01619356 -0.20900049
v -0.00445000 0.01619364 -0.20633254
v 0.00105000 0.01619364 -0.20633254
v -0.00031436 0.01619356 -0.20900049
v -0.00010000 0.01619353 -0.20980049
v -0.00031436 0.01619351 -0.21060049
v 0.00005000 0.01619363 -0.20660049
v -0.00090000 0.01619358 -0.20841484
v -0.00345000 0.01619363 -0.20660049
v -0.00170000 0.01619358 -0.20820049
v -0.00250000 0.01619358 -0.20841484
v -0.00545000 0.01619369 -0.20460049
v -0.00545000 0.01619351 -0.21060049
v -0.00518205 0.01619348 -0.21160049
v -0.00308564 0.01619351 -0.21060049
v -0.00445000 0.01619346 -0.21233254
v -0.00250000 0.01619349 -0.21118613
v -0.00345000 0.01619345 -0.21260049
v -0.00170000 0.01619348 -0.21140049
v 0.00005000 0.01619345 -0.21260049
v -0.00090000 0.01619349 -0.21118613
v 0.00105000 0.01619346 -0.21233254
v 0.00178205 0.01619348 -0.21160049
v 0.01430000 0.00837179 -0.12802451
v 0.01430000 0.01178611 -0.12461040
v 0.01170000 0.00837179 -0.12802451
v 0.01170000 0.01178611 -0.12461040
v 0.00255000 0.01379605 -0.12840041
v 0.00235000 0.01379604 -0.12860041
v 0.00255000 0.01999605 -0.12840060
v 0.00235000 0.01999604 -0.12860060
v -0.01770000 0.01079637 -0.11780031
v -0.01510000 0.01079637 -0.11780031
v -0.01370000 0.01049392 -0.19740031
v -0.01770000 0.01049392 -0.19740031
v -0.01370000 0.01144391 -0.19765489
v -0.01770000 0.01144391 -0.19765489
v -0.01370000 0.01213934 -0.19835036
v -0.01770000 0.01213934 -0.19835036
v -0.01370000 0.01239386 -0.19930037
v -0.01770000 0.01239386 -0.19930037
v -0.01370000 0.01213928 -0.20025036
v -0.01770000 0.01213928 -0.20025036
v -0.01370000 0.01144381 -0.20094579
v -0.01770000 0.01144381 -0.20094579
v -0.01370000 0.01049380 -0.20120031
v -0.01770000 0.01049380 -0.20120031
v -0.01370000 0.00954381 -0.20094573
v -0.01770000 0.00954381 -0.20094573
v -0.01370000 0.00884838 -0.20025026
v -0.01770000 0.00884838 -0.20025026
v -0.01370000 0.00859386 -0.19930025
v -0.01770000 0.00859386 -0.19930025
v -0.01370000 0.00884844 -0.19835026
v -0.01770000 0.00884844 -0.19835026
v -0.01370000 0.00954391 -0.19765483
v -0.01770000 0.00954391 -0.19765483
v -0.01270000 0.01999661 -0.11010060
v -0.01270000 0.01999669 -0.10760060
v -0.01223812 0.01919671 -0.10680058
v -0.01770000 -0.00200387 -0.12559992
v -0.01770000 -0.00180387 -0.12559992
v -0.01370000 -0.00200387 -0.12559992
v -0.01370000 -0.00180387 -0.12559992
v -0.01510000 0.00819604 -0.12844877
v -0.01510000 0.00819639 -0.11720024
v -0.01510000 0.00827677 -0.11750025
v -0.01510000 0.00942132 -0.11955076
v -0.01510000 0.00849637 -0.11771987
v -0.01510000 0.00979632 -0.11945029
v -0.01510000 0.00879637 -0.11780025
v -0.01510000 0.01017132 -0.11955078
v -0.01510000 0.00914679 -0.11982527
v -0.01510000 0.00904630 -0.12020027
v -0.01510000 0.00914677 -0.12057526
v -0.01510000 0.00942128 -0.12084980
v -0.01510000 0.01079637 -0.11780031
v -0.01510000 0.01149637 -0.11798791
v -0.01510000 0.01044583 -0.11982531
v -0.01510000 0.01200879 -0.11850036
v -0.01510000 0.01054630 -0.12020032
v -0.01510000 0.01219632 -0.11920037
v -0.01510000 0.01044581 -0.12057530
v -0.01510000 0.01219619 -0.12362047
v -0.01510000 0.01017128 -0.12084982
v -0.01510000 0.01208961 -0.12415622
v -0.01510000 0.01178611 -0.12461040
v -0.01510000 0.00979627 -0.12095029
v -0.01510000 0.00837179 -0.12802451
v -0.01510000 0.00824173 -0.12821916
v 0.01030000 -0.00300567 -0.18409989
v 0.01430000 -0.00300567 -0.18409989
v 0.01030000 -0.00287171 -0.18459990
v 0.01430000 -0.00287171 -0.18459990
v 0.01030000 -0.00250570 -0.18496594
v 0.01430000 -0.00250570 -0.18496594
v 0.01230000 0.01999407 -0.19260061
v 0.01230000 0.01999393 -0.19710060
v 0.01230000 0.01619406 -0.19260049
v 0.01230000 0.01619392 -0.19710049
v 0.01170000 0.01219411 -0.19098026
v 0.01430000 0.01219411 -0.19098026
v 0.01170000 0.01208756 -0.19044450
v 0.01430000 0.01208756 -0.19044450
v -0.00595000 0.01649660 -0.11030050
v -0.00595000 0.01999660 -0.11030061
v -0.00595000 0.01649653 -0.11260049
v -0.00595000 0.01999642 -0.11640060
v -0.00595000 0.01379653 -0.11260041
v -0.00595000 0.01379642 -0.11640041
v -0.00968205 0.01379656 -0.11160041
v -0.00968205 0.01649656 -0.11160049
v -0.00895000 0.01379659 -0.11086836
v -0.00895000 0.01649659 -0.11086844
v -0.00795000 0.01379659 -0.11060042
v -0.00795000 0.01649660 -0.11060050
v -0.00695000 0.01379659 -0.11086836
v -0.00695000 0.01649659 -0.11086844
v -0.00621795 0.01379656 -0.11160041
v -0.00621795 0.01649656 -0.11160049
v -0.02146569 0.01622766 -0.21612097
v -0.02146569 0.01622838 -0.19260049
v -0.02085274 0.01684061 -0.21594862
v -0.01793432 0.01975975 -0.19260060
v -0.01793432 0.01975908 -0.21449364
v 0.01138284 -0.01661754 -0.10779948
v 0.01124142 -0.01647611 -0.10759948
v -0.02340000 0.00552787 -0.20536772
v -0.02340000 0.00556230 -0.20538896
v -0.02340000 0.00558549 -0.20542209
v -0.02340000 -0.00717213 -0.11350371
v -0.02340000 -0.00685514 -0.11452558
v -0.02340000 -0.00717497 -0.20582588
v -0.02340000 -0.00320616 -0.19987778
v -0.02340000 -0.00293631 -0.20118485
v -0.02340000 -0.00217083 -0.20227814
v -0.02340000 -0.00103492 -0.20297883
v -0.02340000 0.00559352 -0.21047368
v -0.02340000 0.00559367 -0.20546170
v -0.02340000 -0.00588356 -0.11568981
v -0.02340000 -0.00388361 -0.11718987
v -0.02340000 -0.00320365 -0.11854989
v -0.02340000 -0.00338310 -0.11778963
v 0.01025000 0.01869378 -0.20195512
v 0.01090000 0.01869381 -0.20082928
v 0.01094545 0.01869376 -0.20265056
v 0.01207128 0.01869378 -0.20200056
v 0.01120000 0.01869373 -0.20360056
v 0.01250000 0.01869373 -0.20360056
v 0.01094545 0.01869370 -0.20455056
v 0.01207128 0.01869368 -0.20520056
v 0.01025000 0.01869368 -0.20524601
v 0.01090000 0.01869364 -0.20637185
v 0.00930000 0.01869367 -0.20550056
v 0.00930000 0.01869363 -0.20680056
v 0.00835000 0.01869368 -0.20524601
v 0.00770000 0.01869364 -0.20637185
v 0.00765455 0.01869370 -0.20455056
v 0.00652872 0.01869368 -0.20520056
v 0.00740000 0.01869373 -0.20360056
v 0.00610000 0.01869373 -0.20360056
v 0.00765455 0.01869376 -0.20265056
v 0.00652872 0.01869378 -0.20200056
v 0.00835000 0.01869378 -0.20195512
v 0.00770000 0.01869381 -0.20082928
v 0.00930000 0.01869379 -0.20170056
v 0.00930000 0.01869383 -0.20040056
v 0.00235000 0.01379610 -0.12660041
v 0.00255000 0.01379610 -0.12680041
v 0.00235000 0.01999610 -0.12660060
v 0.00255000 0.01999610 -0.12680060
v 0.02000000 0.00559352 -0.21047368
v 0.01980000 0.00564688 -0.21070594
v 0.01980000 0.00579351 -0.21055932
v 0.00530000 0.00941131 -0.19992528
v 0.00530000 0.00986882 -0.20038282
v 0.00530000 0.01049386 -0.19930031
v 0.00530000 0.01049382 -0.20055031
v 0.00530000 0.01111882 -0.20038286
v 0.00530000 0.00986889 -0.19821776
v 0.00530000 0.00941134 -0.19867528
v 0.00530000 0.00924386 -0.19930027
v 0.00530000 0.01157641 -0.19867534
v 0.00530000 0.01111889 -0.19821780
v 0.00530000 0.01049390 -0.19805031
v 0.00530000 0.01157637 -0.19992534
v 0.00530000 0.01174386 -0.19930035
v 0.00630000 -0.00920352 -0.11424971
v 0.00630000 -0.01270352 -0.11424960
v 0.00692500 -0.00920351 -0.11408223
v 0.00692500 -0.01270351 -0.11408212
v 0.00738253 -0.00920350 -0.11362471
v 0.00738253 -0.01270350 -0.11362460
v 0.00755000 -0.00920348 -0.11299971
v 0.00755000 -0.01270348 -0.11299960
v 0.00738253 -0.00920346 -0.11237471
v 0.00738253 -0.01270346 -0.11237460
v 0.00692500 -0.00920345 -0.11191717
v 0.00692500 -0.01270345 -0.11191706
v 0.00630000 -0.00920344 -0.11174971
v 0.00630000 -0.01270344 -0.11174960
v 0.00567500 -0.00920345 -0.11191717
v 0.00567500 -0.01270345 -0.11191706
v 0.00521747 -0.00920346 -0.11237471
v 0.00521747 -0.01270346 -0.11237460
v 0.00505000 -0.00920348 -0.11299971
v 0.00505000 -0.01270348 -0.11299960
v 0.00521747 -0.00920350 -0.11362471
v 0.00521747 -0.01270350 -0.11362460
v 0.00567500 -0.00920351 -0.11408223
v 0.00567500 -0.01270351 -0.11408212
v -0.01770000 0.01254425 -0.18660037
v -0.01170000 0.01254425 -0.18660037
v -0.01770000 0.01334425 -0.18660040
v -0.01170000 0.01334425 -0.18660040
v 0.00670192 0.01649671 -0.10680050
v 0.00670192 0.01629672 -0.10660049
v -0.00090000 0.01219358 -0.20841472
v -0.00050000 0.01219360 -0.20772190
v -0.00170000 0.01219358 -0.20820036
v -0.00170000 0.01219361 -0.20740036
v -0.00250000 0.01219358 -0.20841472
v -0.00290000 0.01219360 -0.20772190
v -0.00308564 0.01219356 -0.20900036
v -0.00377846 0.01219357 -0.20860036
v -0.00330000 0.01219353 -0.20980036
v -0.00410000 0.01219353 -0.20980036
v -0.00308564 0.01219351 -0.21060036
v -0.00377846 0.01219350 -0.21100036
v -0.00250000 0.01219349 -0.21118600
v -0.00290000 0.01219347 -0.21187882
v -0.00170000 0.01219348 -0.21140036
v -0.00170000 0.01219346 -0.21220036
v -0.00090000 0.01219349 -0.21118600
v -0.00050000 0.01219347 -0.21187882
v -0.00031436 0.01219351 -0.21060036
v 0.00037846 0.01219350 -0.21100036
v -0.00010000 0.01219353 -0.20980036
v 0.00070000 0.01219353 -0.20980036
v -0.00031436 0.01219356 -0.20900036
v 0.00037846 0.01219357 -0.20860036
v 0.00005000 0.01619363 -0.20660049
v 0.00005000 0.01254364 -0.20660037
v 0.00105000 0.01619364 -0.20633254
v 0.00105000 0.01254365 -0.20633243
v 0.00178205 0.01619366 -0.20560048
v 0.00178205 0.01254367 -0.20560037
v 0.00205000 0.01619369 -0.20460049
v 0.00205000 0.01254370 -0.20460037
v 0.00630000 0.01334559 -0.14310040
v 0.00630000 0.01334556 -0.14410040
v 0.00630000 0.01254559 -0.14310037
v 0.00630000 0.01254556 -0.14410037
v -0.01770000 -0.00180387 -0.12559992
v -0.01370000 -0.00180387 -0.12559992
v -0.01370000 0.00069392 -0.19740001
v -0.01770000 0.00069392 -0.19740001
v -0.01370000 0.00164391 -0.19765459
v -0.01770000 0.00164391 -0.19765459
v -0.01370000 0.00233934 -0.19835006
v -0.01770000 0.00233934 -0.19835006
v -0.01370000 0.00259386 -0.19930007
v -0.01770000 0.00259386 -0.19930007
v -0.01370000 0.00233928 -0.20025006
v -0.01770000 0.00233928 -0.20025006
v -0.01370000 0.00164381 -0.20094549
v -0.01770000 0.00164381 -0.20094549
v -0.01370000 0.00069380 -0.20120001
v -0.01770000 0.00069380 -0.20120001
v -0.01370000 -0.00025619 -0.20094543
v -0.01770000 -0.00025619 -0.20094543
v -0.01370000 -0.00095162 -0.20024996
v -0.01770000 -0.00095162 -0.20024996
v -0.01370000 -0.00120614 -0.19929995
v -0.01770000 -0.00120614 -0.19929995
v -0.01370000 -0.00095156 -0.19834996
v -0.01770000 -0.00095156 -0.19834996
v -0.01370000 -0.00025609 -0.19765453
v -0.01770000 -0.00025609 -0.19765453
v 0.01430000 -0.00300390 -0.12659989
v 0.01430000 -0.00300365 -0.11854989
v 0.01980000 -0.00300365 -0.11854989
v 0.01980000 -0.00300616 -0.19987779
v 0.01430000 -0.00300616 -0.19987779
v 0.01430000 -0.00300410 -0.13309990
v 0.01030000 -0.00300410 -0.13309990
v 0.01030000 -0.00300390 -0.12659989
v 0.01430000 -0.00300547 -0.17759990
v 0.01030000 -0.00300547 -0.17759990
v 0.00205000 0.01619400 -0.19460048
v 0.00231795 0.01619403 -0.19360048
v 0.00305000 0.01619406 -0.19286843
v 0.00405000 0.01619406 -0.19260049
v 0.01230000 0.01619406 -0.19260049
v 0.01230000 0.01619392 -0.19710049
v 0.01130000 0.01619387 -0.19883254
v 0.01030000 0.01619386 -0.19910049
v 0.00405000 0.01619386 -0.19910049
v 0.00305000 0.01619385 -0.19936844
v 0.00231795 0.01619383 -0.20010048
v 0.00205000 0.01619380 -0.20110049
v 0.01203205 0.01619389 -0.19810048
v 0.01430000 0.01219619 -0.12362047
v 0.01430000 0.01219632 -0.11920037
v 0.01170000 0.01219619 -0.12362047
v 0.01170000 0.01219632 -0.11920037
v 0.00655000 0.01379653 -0.11260041
v 0.00655000 0.01379642 -0.11640041
v 0.00255000 0.01379642 -0.11640041
v 0.00655000 0.01379605 -0.12840041
v 0.00675000 0.01379604 -0.12860041
v 0.00255000 0.01379605 -0.12840041
v 0.00235000 0.01379604 -0.12860041
v 0.00235000 0.01379641 -0.11660042
v 0.00655000 0.01379610 -0.12680041
v 0.00255000 0.01379610 -0.12680041
v 0.00675000 0.01379610 -0.12660041
v 0.00180000 0.01379641 -0.11660042
v 0.00235000 0.01379610 -0.12660041
v 0.00180000 0.01379610 -0.12660041
v 0.00555000 0.01379659 -0.11086836
v 0.00628205 0.01379656 -0.11160041
v 0.00455000 0.01379659 -0.11060042
v 0.00675000 0.01379641 -0.11660042
v 0.00730000 0.01379641 -0.11660042
v 0.00730000 0.01379610 -0.12660041
v 0.00355000 0.01379659 -0.11086836
v 0.00281795 0.01379656 -0.11160041
v 0.00255000 0.01379653 -0.11260041
v 0.00093397 0.01379639 -0.11710041
v 0.00130000 0.01379641 -0.11673439
v 0.00080000 0.01379638 -0.11760042
v 0.00080000 0.01379613 -0.12560041
v 0.00093397 0.01379612 -0.12610041
v 0.00130000 0.01379611 -0.12646643
v 0.00816602 0.01379612 -0.12610041
v 0.00780000 0.01379611 -0.12646643
v 0.00830000 0.01379613 -0.12560041
v 0.00830000 0.01379638 -0.11760042
v 0.00816602 0.01379639 -0.11710041
v 0.00780000 0.01379641 -0.11673439
v -0.01510000 0.01149637 -0.11798791
v -0.01770000 0.01149637 -0.11798791
v -0.01510000 0.01200879 -0.11850036
v -0.01770000 0.01200879 -0.11850036
v -0.01510000 0.01219632 -0.11920037
v -0.01770000 0.01219632 -0.11920037
v -0.02170000 0.01566270 -0.19260047
v -0.02170000 0.01499407 -0.19260045
v -0.01770000 0.01499407 -0.19260045
v -0.00770000 0.01254407 -0.19260038
v -0.00745000 0.01254407 -0.19260038
v -0.00770000 0.01334407 -0.19260040
v -0.00745000 0.01619406 -0.19260049
v -0.01770000 0.01334407 -0.19260040
v -0.01570000 0.01619406 -0.19260049
v -0.01736863 0.01999407 -0.19260061
v -0.01767660 0.01993241 -0.19260060
v -0.01793432 0.01975975 -0.19260060
v -0.02163983 0.01596709 -0.19260048
v -0.02146569 0.01622838 -0.19260049
v -0.01570000 0.01999407 -0.19260061
v -0.00995000 0.01649661 -0.11010049
v 0.00655000 0.01649661 -0.11010049
v -0.00695000 0.01649659 -0.11086844
v -0.00595000 0.01649660 -0.11030050
v -0.00621795 0.01649656 -0.11160049
v -0.00595000 0.01649653 -0.11260049
v -0.00795000 0.01649660 -0.11060050
v -0.00895000 0.01649659 -0.11086844
v -0.00968205 0.01649656 -0.11160049
v -0.00995000 0.01649653 -0.11260049
v 0.00655000 0.01649653 -0.11260049
v 0.00628205 0.01649656 -0.11160049
v 0.00555000 0.01649659 -0.11086844
v 0.00455000 0.01649660 -0.11060050
v 0.00255000 0.01649653 -0.11260049
v 0.00255000 0.01649660 -0.11030050
v 0.00281795 0.01649656 -0.11160049
v 0.00355000 0.01649659 -0.11086844
v -0.00575000 0.01649661 -0.11010049
v 0.00235000 0.01649661 -0.11010049
v -0.01370000 -0.00300547 -0.17759990
v -0.01770000 -0.00300547 -0.17759990
v -0.01370000 -0.00287148 -0.17709990
v -0.01770000 -0.00287148 -0.17709990
v -0.01370000 -0.00250544 -0.17673389
v -0.01770000 -0.00250544 -0.17673389
v -0.01370000 -0.00200544 -0.17659992
v -0.01770000 -0.00200544 -0.17659992
v -0.01510000 0.00837179 -0.12802451
v -0.01770000 0.00837179 -0.12802451
v -0.01770000 0.00824173 -0.12821916
v -0.01510000 0.00824173 -0.12821916
v 0.01030000 -0.00200544 -0.17659992
v 0.01430000 -0.00200544 -0.17659992
v 0.01030000 -0.00250544 -0.17673389
v 0.01430000 -0.00250544 -0.17673389
v 0.01030000 -0.00287148 -0.17709990
v 0.01430000 -0.00287148 -0.17709990
v 0.01030000 0.01999387 -0.19910060
v 0.01030000 0.01619386 -0.19910049
v 0.01130000 0.01999388 -0.19883265
v 0.01130000 0.01619387 -0.19883254
v 0.01203205 0.01999390 -0.19810060
v 0.01203205 0.01619389 -0.19810048
v 0.01030000 0.01111882 -0.20038286
v 0.01030000 0.01144381 -0.20094579
v 0.01030000 0.01157637 -0.19992534
v 0.01030000 0.01213928 -0.20025036
v 0.01030000 0.01174386 -0.19930035
v 0.01030000 0.01239386 -0.19930037
v 0.01030000 0.01157641 -0.19867534
v 0.01030000 0.01213934 -0.19835036
v 0.01030000 0.01111889 -0.19821780
v 0.01030000 0.01144391 -0.19765489
v 0.01030000 0.01049390 -0.19805031
v 0.01030000 0.01049392 -0.19740031
v 0.01030000 0.00986889 -0.19821776
v 0.01030000 0.00954391 -0.19765483
v 0.01030000 0.00941134 -0.19867528
v 0.01030000 0.00884844 -0.19835026
v 0.01030000 0.00924386 -0.19930027
v 0.01030000 0.00859386 -0.19930025
v 0.01030000 0.00941131 -0.19992528
v 0.01030000 0.00884838 -0.20025026
v 0.01030000 0.00986882 -0.20038282
v 0.01030000 0.00954381 -0.20094573
v 0.01030000 0.01049382 -0.20055031
v 0.01030000 0.01049380 -0.20120031
v -0.00575000 0.01649661 -0.11010049
v 0.00235000 0.01649661 -0.11010049
v -0.00575000 0.01999661 -0.11010060
v 0.00235000 0.01999661 -0.11010060
v -0.02319973 -0.00720331 -0.10759977
v -0.02170000 -0.00720331 -0.10759977
v -0.02323137 -0.00717194 -0.10763113
v -0.02170000 -0.00700332 -0.10779978
v -0.02329838 -0.00710371 -0.10769938
v -0.02319973 -0.00700332 -0.10779978
v 0.01138284 -0.01661842 -0.13659702
v 0.01071863 -0.01140420 -0.13639867
v 0.01107290 -0.01687171 -0.13654632
v 0.01071863 -0.01705825 -0.13639850
v 0.01041165 -0.01715451 -0.13616379
v 0.01016959 -0.01140419 -0.13584964
v 0.01016959 -0.01719406 -0.13584946
v 0.01001976 -0.01720352 -0.13548776
v 0.00996863 -0.01140416 -0.13509963
v 0.00996863 -0.01720416 -0.13509945
v -0.01464142 -0.01647611 -0.10759948
v -0.01478284 -0.01661754 -0.10779948
v -0.01413400 -0.01705108 -0.10779947
v -0.01405746 -0.01686630 -0.10759947
v -0.01336863 -0.01720332 -0.10779946
v -0.01336863 -0.01700331 -0.10759946
v -0.00870000 0.00979404 -0.19345029
v -0.01510000 0.00979404 -0.19345029
v -0.00870000 0.01016904 -0.19355078
v -0.01510000 0.01016904 -0.19355078
v -0.00870000 0.01044355 -0.19382531
v -0.01510000 0.01044355 -0.19382531
v -0.00870000 0.01054402 -0.19420031
v -0.01510000 0.01054402 -0.19420031
v -0.00870000 0.01044353 -0.19457531
v -0.01510000 0.01044353 -0.19457531
v -0.00870000 0.01016900 -0.19484982
v -0.01510000 0.01016900 -0.19484982
v -0.00870000 0.00979399 -0.19495029
v -0.01510000 0.00979399 -0.19495029
v -0.00870000 0.00941899 -0.19484980
v -0.01510000 0.00941899 -0.19484980
v -0.00870000 0.00914449 -0.19457527
v -0.01510000 0.00914449 -0.19457527
v -0.00870000 0.00904402 -0.19420027
v -0.01510000 0.00904402 -0.19420027
v -0.00870000 0.00914451 -0.19382527
v -0.01510000 0.00914451 -0.19382527
v -0.00870000 0.00941904 -0.19355076
v -0.01510000 0.00941904 -0.19355076
v -0.01270000 0.01869367 -0.20550056
v -0.01270000 0.01869363 -0.20680056
v -0.01365000 0.01869368 -0.20524601
v -0.01430000 0.01869364 -0.20637185
v -0.01434545 0.01869370 -0.20455056
v -0.01547128 0.01869368 -0.20520056
v -0.01460000 0.01869373 -0.20360056
v -0.01590000 0.01869373 -0.20360056
v -0.01434545 0.01869376 -0.20265056
v -0.01547128 0.01869378 -0.20200056
v -0.01365000 0.01869378 -0.20195512
v -0.01430000 0.01869381 -0.20082928
v -0.01270000 0.01869379 -0.20170056
v -0.01270000 0.01869383 -0.20040056
v -0.01175000 0.01869378 -0.20195512
v -0.01110000 0.01869381 -0.20082928
v -0.01105455 0.01869376 -0.20265056
v -0.00992872 0.01869378 -0.20200056
v -0.01080000 0.01869373 -0.20360056
v -0.00950000 0.01869373 -0.20360056
v -0.01105455 0.01869370 -0.20455056
v -0.00992872 0.01869368 -0.20520056
v -0.01175000 0.01869368 -0.20524601
v -0.01110000 0.01869364 -0.20637185
v 0.00675000 0.01379641 -0.11660042
v 0.00655000 0.01379642 -0.11640041
v 0.00675000 0.01999641 -0.11660061
v 0.00655000 0.01999642 -0.11640060
v 0.00630000 -0.01270354 -0.11489960
v 0.00630000 -0.01670354 -0.11489948
v 0.00725000 -0.01270353 -0.11464504
v 0.00725000 -0.01670353 -0.11464492
v 0.00794545 -0.01270351 -0.11394959
v 0.00794545 -0.01670351 -0.11394947
v 0.00820000 -0.01270348 -0.11299960
v 0.00820000 -0.01670348 -0.11299948
v 0.00794545 -0.01270345 -0.11204959
v 0.00794545 -0.01670345 -0.11204947
v 0.00725000 -0.01270343 -0.11135415
v 0.00725000 -0.01670343 -0.11135403
v 0.00630000 -0.01270342 -0.11109960
v 0.00630000 -0.01670342 -0.11109947
v 0.00535000 -0.01270343 -0.11135415
v 0.00535000 -0.01670343 -0.11135403
v 0.00465455 -0.01270345 -0.11204959
v 0.00465455 -0.01670345 -0.11204947
v 0.00440000 -0.01270348 -0.11299960
v 0.00440000 -0.01670348 -0.11299948
v 0.00465455 -0.01270351 -0.11394959
v 0.00465455 -0.01670351 -0.11394947
v 0.00535000 -0.01270353 -0.11464504
v 0.00535000 -0.01670353 -0.11464492
v -0.00520000 0.01999610 -0.12660060
v -0.00575000 0.01999610 -0.12660060
v -0.00520000 0.01379610 -0.12660041
v -0.00575000 0.01379610 -0.12660041
v -0.00970000 -0.00920352 -0.11424971
v -0.00970000 -0.01270352 -0.11424960
v -0.00907500 -0.00920351 -0.11408223
v -0.00907500 -0.01270351 -0.11408212
v -0.00861747 -0.00920350 -0.11362471
v -0.00861747 -0.01270350 -0.11362460
v -0.00845000 -0.00920348 -0.11299971
v -0.00845000 -0.01270348 -0.11299960
v -0.00861747 -0.00920346 -0.11237471
v -0.00861747 -0.01270346 -0.11237460
v -0.00907500 -0.00920345 -0.11191717
v -0.00907500 -0.01270345 -0.11191706
v -0.00970000 -0.00920344 -0.11174971
v -0.00970000 -0.01270344 -0.11174960
v -0.01032500 -0.00920345 -0.11191717
v -0.01032500 -0.01270345 -0.11191706
v -0.01078253 -0.00920346 -0.11237471
v -0.01078253 -0.01270346 -0.11237460
v -0.01095000 -0.00920348 -0.11299971
v -0.01095000 -0.01270348 -0.11299960
v -0.01078253 -0.00920350 -0.11362471
v -0.01078253 -0.01270350 -0.11362460
v -0.01032500 -0.00920351 -0.11408223
v -0.01032500 -0.01270351 -0.11408212
v -0.00970000 0.01254419 -0.18860038
v -0.00970000 0.01334419 -0.18860040
v -0.00996795 0.01334422 -0.18760040
v -0.00996795 0.01254422 -0.18760037
v -0.01070000 0.01334424 -0.18686835
v -0.01070000 0.01254425 -0.18686832
v 0.00670192 0.01649671 -0.10680050
v 0.00670192 0.01629672 -0.10660049
v 0.00704394 0.01655702 -0.10680050
v 0.00711235 0.01636908 -0.10660049
v 0.00734471 0.01673067 -0.10680051
v 0.00747327 0.01657746 -0.10660050
v 0.00756795 0.01699671 -0.10680051
v 0.00774115 0.01689672 -0.10660051
v 0.00730000 0.01254565 -0.14136832
v 0.00656795 0.01254562 -0.14210037
v -0.01770000 0.01254604 -0.12860037
v -0.01170000 0.01254503 -0.16133243
v -0.01096795 0.01254505 -0.16060037
v 0.00730000 0.01254425 -0.18686832
v -0.00870000 0.01254408 -0.19233242
v -0.00943205 0.01254410 -0.19160037
v -0.00970000 0.01254413 -0.19060037
v -0.01270000 0.01254502 -0.16160037
v 0.00830000 0.01254566 -0.14110038
v 0.01430000 0.01254604 -0.12860037
v 0.01430000 0.01254566 -0.14110038
v 0.00930000 0.01254502 -0.16160037
v 0.01430000 0.01254502 -0.16160037
v 0.01430000 0.01254425 -0.18660037
v -0.00320000 0.01254420 -0.18820230
v -0.00429808 0.01254417 -0.18930037
v -0.00996795 0.01254422 -0.18760037
v -0.01770000 0.01254533 -0.15160037
v -0.01770000 0.01254550 -0.14610037
v -0.01270000 0.01254533 -0.15160037
v -0.01170000 0.01254550 -0.14610037
v -0.01170000 0.01254532 -0.15186832
v -0.01070000 0.01254551 -0.14583243
v -0.01096795 0.01254530 -0.15260038
v -0.01070000 0.01254527 -0.15360037
v 0.00656795 0.01254553 -0.14510038
v -0.00996795 0.01254553 -0.14510038
v -0.00970000 0.01254556 -0.14410037
v -0.00996795 0.01254562 -0.14210037
v -0.01070000 0.01254565 -0.14136832
v -0.01170000 0.01254566 -0.14110038
v -0.01770000 0.01254566 -0.14110038
v 0.00730000 0.01254527 -0.15360037
v 0.00730000 0.01254509 -0.15960038
v 0.00756795 0.01254505 -0.16060037
v -0.01070000 0.01254509 -0.15960038
v 0.00830000 0.01254503 -0.16133243
v 0.00830000 0.01254425 -0.18660037
v -0.00170000 0.01254422 -0.18780038
v -0.00020000 0.01254420 -0.18820230
v 0.00089808 0.01254417 -0.18930037
v 0.00430000 0.01254407 -0.19260038
v 0.00405000 0.01254407 -0.19260038
v 0.00130000 0.01254412 -0.19080038
v 0.00305000 0.01254406 -0.19286832
v 0.00089808 0.01254408 -0.19230037
v 0.00231795 0.01254404 -0.19360037
v -0.00020000 0.01254404 -0.19339845
v 0.00205000 0.01254401 -0.19460037
v 0.00205000 0.01254370 -0.20460037
v 0.01430000 0.01254550 -0.14610037
v 0.01430000 0.01254533 -0.15160037
v 0.00830000 0.01254550 -0.14610037
v 0.00930000 0.01254533 -0.15160037
v 0.00730000 0.01254551 -0.14583243
v 0.00830000 0.01254532 -0.15186832
v 0.00756795 0.01254530 -0.15260038
v -0.01770000 0.01254425 -0.18660037
v -0.01770000 0.01254502 -0.16160037
v -0.01170000 0.01254425 -0.18660037
v -0.01070000 0.01254425 -0.18686832
v -0.00445000 0.01254365 -0.20633243
v -0.00518205 0.01254367 -0.20560037
v -0.00345000 0.01254364 -0.20660037
v -0.00545000 0.01254370 -0.20460037
v 0.00005000 0.01254364 -0.20660037
v -0.00170000 0.01254403 -0.19380037
v -0.00320000 0.01254404 -0.19339845
v -0.00545000 0.01254401 -0.19460037
v -0.00429808 0.01254408 -0.19230037
v -0.00571795 0.01254404 -0.19360037
v -0.00470000 0.01254412 -0.19080038
v -0.00645000 0.01254406 -0.19286832
v -0.00745000 0.01254407 -0.19260038
v -0.00770000 0.01254407 -0.19260038
v 0.00178205 0.01254367 -0.20560037
v 0.00105000 0.01254365 -0.20633243
v 0.00630000 0.01254413 -0.19060037
v 0.00630000 0.01254419 -0.18860038
v 0.00656795 0.01254422 -0.18760037
v 0.00603205 0.01254410 -0.19160037
v 0.00530000 0.01254408 -0.19233242
v -0.00970000 0.01254419 -0.18860038
v -0.00970000 0.01254559 -0.14310037
v 0.00630000 0.01254559 -0.14310037
v 0.00630000 0.01254556 -0.14410037
v 0.00205000 0.01254401 -0.19460037
v 0.00205000 0.01619400 -0.19460048
v 0.00205000 0.01619380 -0.20110049
v 0.00205000 0.01999381 -0.20110060
v 0.00205000 0.01619351 -0.21060049
v 0.00205000 0.01999351 -0.21060060
v 0.00830000 0.01254566 -0.14110038
v 0.00830000 0.01334565 -0.14110040
v 0.00730000 0.01334565 -0.14136835
v 0.00730000 0.01254565 -0.14136832
v 0.00656795 0.01334562 -0.14210040
v 0.00656795 0.01254562 -0.14210037
v -0.01370000 -0.00300567 -0.18409989
v -0.01770000 -0.00300616 -0.19987779
v -0.02320000 -0.00300616 -0.19987779
v -0.01770000 -0.00300567 -0.18409989
v -0.01770000 -0.00300390 -0.12659989
v -0.01370000 -0.00300390 -0.12659989
v -0.01370000 -0.00300410 -0.13309990
v -0.01770000 -0.00300410 -0.13309990
v -0.01336863 -0.01600631 -0.20474239
v -0.01336863 -0.01580892 -0.20502430
v -0.00270000 -0.01600631 -0.20474239
v -0.00270000 -0.01580892 -0.20502430
v 0.01170000 -0.00180464 -0.15059993
v 0.01030000 -0.00180464 -0.15059993
v 0.01030000 -0.00180413 -0.13409993
v 0.01430000 -0.00180544 -0.17659993
v 0.01030000 -0.00180544 -0.17659993
v 0.01030000 -0.00180501 -0.16259993
v 0.01170000 -0.00180501 -0.16259993
v 0.01430000 -0.00180413 -0.13409993
v 0.00405000 0.01619386 -0.19910049
v 0.00405000 0.01999387 -0.19910060
v 0.00305000 0.01999386 -0.19936855
v 0.00305000 0.01619385 -0.19936844
v 0.00231795 0.01999384 -0.20010060
v 0.00231795 0.01619383 -0.20010048
v 0.01170000 0.01200879 -0.11850036
v 0.01430000 0.01200879 -0.11850036
v 0.01170000 0.01149637 -0.11798791
v 0.01430000 0.01149637 -0.11798791
v 0.01170000 0.01079637 -0.11780031
v 0.01430000 0.01079637 -0.11780031
v 0.00675000 0.01379604 -0.12860041
v 0.00655000 0.01379605 -0.12840041
v 0.00675000 0.01999604 -0.12860060
v 0.00655000 0.01999605 -0.12840060
v -0.01770000 0.01219619 -0.12362047
v -0.01510000 0.01219619 -0.12362047
v -0.00545000 0.01619380 -0.20110049
v -0.00571795 0.01619383 -0.20010048
v -0.00545000 0.01619400 -0.19460048
v -0.00645000 0.01619385 -0.19936844
v -0.00745000 0.01619386 -0.19910049
v -0.00645000 0.01619406 -0.19286843
v -0.00571795 0.01619403 -0.19360048
v -0.01570000 0.01619392 -0.19710049
v -0.00745000 0.01619406 -0.19260049
v -0.01570000 0.01619406 -0.19260049
v -0.01543205 0.01619389 -0.19810048
v -0.01470000 0.01619387 -0.19883254
v -0.01370000 0.01619386 -0.19910049
v 0.00930000 0.01999669 -0.10760060
v 0.00930000 0.01999661 -0.11010060
v 0.00883812 0.01919671 -0.10680058
v -0.01770000 -0.00300410 -0.13309990
v -0.01770000 -0.00287014 -0.13359990
v -0.01770000 -0.00300547 -0.17759990
v -0.01770000 -0.00250413 -0.13396594
v -0.01770000 -0.00287148 -0.17709990
v -0.01770000 -0.00180413 -0.13409993
v -0.01770000 -0.00180544 -0.17659993
v -0.01770000 -0.00200413 -0.13409993
v -0.01770000 -0.00200544 -0.17659992
v -0.01770000 -0.00250544 -0.17673389
v -0.02146569 -0.00824065 -0.20565081
v -0.02146569 -0.00824071 -0.20753712
v 0.01430000 -0.00287148 -0.17709990
v 0.01430000 -0.00250413 -0.13396594
v 0.01430000 -0.00300547 -0.17759990
v 0.01430000 -0.00287014 -0.13359990
v 0.01430000 -0.00300410 -0.13309990
v 0.01430000 -0.00200544 -0.17659992
v 0.01430000 -0.00180544 -0.17659993
v 0.01430000 -0.00180413 -0.13409993
v 0.01430000 -0.00250544 -0.17673389
v 0.01430000 -0.00200413 -0.13409993
v 0.00905000 0.01334558 -0.14360040
v 0.00905000 0.00854558 -0.14360025
v 0.00894952 0.01334559 -0.14322540
v 0.00894952 0.00854559 -0.14322525
v 0.00867500 0.01334560 -0.14295088
v 0.00867500 0.00854560 -0.14295073
v 0.00830000 0.01334560 -0.14285040
v 0.00830000 0.00854560 -0.14285025
v 0.00792500 0.01334560 -0.14295088
v 0.00792500 0.00854560 -0.14295073
v 0.00765048 0.01334559 -0.14322540
v 0.00765048 0.00854559 -0.14322525
v 0.00755000 0.01334558 -0.14360040
v 0.00755000 0.00854558 -0.14360025
v 0.00765048 0.01334557 -0.14397540
v 0.00765048 0.00854557 -0.14397525
v 0.00792500 0.01334556 -0.14424992
v 0.00792500 0.00854556 -0.14424977
v 0.00830000 0.01334555 -0.14435040
v 0.00830000 0.00854555 -0.14435025
v 0.00867500 0.01334556 -0.14424992
v 0.00867500 0.00854556 -0.14424977
v 0.00894952 0.01334557 -0.14397540
v 0.00894952 0.00854557 -0.14397525
v 0.00255000 0.01999605 -0.12840060
v 0.00255000 0.01999610 -0.12680060
v 0.00255000 0.01379605 -0.12840041
v 0.00255000 0.01379610 -0.12680041
v -0.02329838 -0.00710371 -0.10769938
v -0.02319973 -0.00700332 -0.10779978
v -0.02336544 -0.00717195 -0.10776521
v -0.02319973 -0.00700348 -0.11304977
v -0.02339970 -0.00720680 -0.10779977
v -0.02339970 -0.00720697 -0.11304976
v 0.01659705 -0.01140421 -0.13659964
v 0.01659705 -0.01140390 -0.12659963
v 0.01146863 -0.01140421 -0.13659964
v 0.01146863 -0.01140390 -0.12659963
v 0.01016959 -0.01140419 -0.13584964
v 0.01071863 -0.01140420 -0.13639867
v 0.00996863 -0.01140416 -0.13509963
v 0.00996863 -0.01140395 -0.12809964
v 0.01016959 -0.01140392 -0.12734964
v 0.01071863 -0.01140391 -0.12680060
v -0.02267279 -0.00844473 -0.10759973
v -0.02281421 -0.00858616 -0.10779973
v -0.00870000 0.00979632 -0.11945029
v -0.01510000 0.00979632 -0.11945029
v -0.00870000 0.01017132 -0.11955078
v -0.01510000 0.01017132 -0.11955078
v -0.00870000 0.01044583 -0.11982531
v -0.01510000 0.01044583 -0.11982531
v -0.00870000 0.01054630 -0.12020032
v -0.01510000 0.01054630 -0.12020032
v -0.00870000 0.01044581 -0.12057530
v -0.01510000 0.01044581 -0.12057530
v -0.00870000 0.01017128 -0.12084982
v -0.01510000 0.01017128 -0.12084982
v -0.00870000 0.00979627 -0.12095029
v -0.01510000 0.00979627 -0.12095029
v -0.00870000 0.00942128 -0.12084980
v -0.01510000 0.00942128 -0.12084980
v -0.00870000 0.00914677 -0.12057526
v -0.01510000 0.00914677 -0.12057526
v -0.00870000 0.00904630 -0.12020027
v -0.01510000 0.00904630 -0.12020027
v -0.00870000 0.00914679 -0.11982527
v -0.01510000 0.00914679 -0.11982527
v -0.00870000 0.00942132 -0.11955076
v -0.01510000 0.00942132 -0.11955076
v 0.00867500 0.00854421 -0.18795073
v 0.00894952 0.00854420 -0.18822525
v 0.00830000 0.00854419 -0.18860025
v 0.00905000 0.00854419 -0.18860025
v 0.00894952 0.00854418 -0.18897525
v 0.00765048 0.00854420 -0.18822525
v 0.00792500 0.00854421 -0.18795073
v 0.00830000 0.00854421 -0.18785025
v 0.00792500 0.00854417 -0.18924977
v 0.00765048 0.00854418 -0.18897525
v 0.00755000 0.00854419 -0.18860025
v 0.00867500 0.00854417 -0.18924977
v 0.00830000 0.00854417 -0.18935025
v 0.00730000 0.01999610 -0.12660060
v 0.00730000 0.01379610 -0.12660041
v 0.00780000 0.01999611 -0.12646662
v 0.00780000 0.01379611 -0.12646643
v 0.00816602 0.01999612 -0.12610060
v 0.00816602 0.01379612 -0.12610041
v 0.00830000 0.01999613 -0.12560060
v 0.00830000 0.01379613 -0.12560041
v 0.00630000 -0.00920444 -0.14424971
v 0.00630000 -0.01320445 -0.14424958
v 0.00692500 -0.00920444 -0.14408223
v 0.00692500 -0.01320444 -0.14408211
v 0.00738253 -0.00920443 -0.14362470
v 0.00738253 -0.01320443 -0.14362458
v 0.00755000 -0.00920441 -0.14299970
v 0.00755000 -0.01320441 -0.14299958
v 0.00738253 -0.00920439 -0.14237470
v 0.00738253 -0.01320439 -0.14237458
v 0.00692500 -0.00920437 -0.14191717
v 0.00692500 -0.01320437 -0.14191705
v 0.00630000 -0.00920437 -0.14174970
v 0.00630000 -0.01320437 -0.14174958
v 0.00567500 -0.00920437 -0.14191717
v 0.00567500 -0.01320437 -0.14191705
v 0.00521747 -0.00920439 -0.14237470
v 0.00521747 -0.01320439 -0.14237458
v 0.00505000 -0.00920441 -0.14299970
v 0.00505000 -0.01320441 -0.14299958
v 0.00521747 -0.00920443 -0.14362470
v 0.00521747 -0.01320443 -0.14362458
v 0.00567500 -0.00920444 -0.14408223
v 0.00567500 -0.01320444 -0.14408211
v 0.00180000 0.01999641 -0.11660061
v 0.00235000 0.01999641 -0.11660061
v 0.00180000 0.01379641 -0.11660042
v 0.00235000 0.01379641 -0.11660042
v 0.00805000 0.00969373 -0.20360028
v 0.00805000 0.01469373 -0.20360044
v 0.00821747 0.00969375 -0.20297528
v 0.00821747 0.01469375 -0.20297544
v 0.00867500 0.00969376 -0.20251776
v 0.00867500 0.01469376 -0.20251791
v 0.00930000 0.00969376 -0.20235029
v 0.00930000 0.01469377 -0.20235044
v 0.00992500 0.00969376 -0.20251776
v 0.00992500 0.01469376 -0.20251791
v 0.01038253 0.00969375 -0.20297528
v 0.01038253 0.01469375 -0.20297544
v 0.01055000 0.00969373 -0.20360028
v 0.01055000 0.01469373 -0.20360044
v 0.01038253 0.00969371 -0.20422529
v 0.01038253 0.01469371 -0.20422544
v 0.00992500 0.00969369 -0.20468282
v 0.00992500 0.01469370 -0.20468297
v 0.00930000 0.00969369 -0.20485029
v 0.00930000 0.01469369 -0.20485044
v 0.00867500 0.00969369 -0.20468282
v 0.00867500 0.01469370 -0.20468297
v 0.00821747 0.00969371 -0.20422529
v 0.00821747 0.01469371 -0.20422544
v -0.00970000 0.01254413 -0.19060037
v -0.00970000 0.01334413 -0.19060040
v 0.00883812 0.01919671 -0.10680058
v 0.00895359 0.01899672 -0.10660057
v -0.00278253 0.01469651 -0.11347543
v -0.00334545 0.01469652 -0.11315044
v -0.00232500 0.01469652 -0.11301791
v -0.00265000 0.01469654 -0.11245499
v -0.00170000 0.01469653 -0.11285043
v -0.00170000 0.01469655 -0.11220044
v -0.00107500 0.01469652 -0.11301791
v -0.00075000 0.01469654 -0.11245499
v -0.00061747 0.01469651 -0.11347543
v -0.00005455 0.01469652 -0.11315044
v -0.00045000 0.01469649 -0.11410045
v 0.00020000 0.01469649 -0.11410045
v -0.00061747 0.01469647 -0.11472545
v -0.00005455 0.01469646 -0.11505044
v -0.00107500 0.01469645 -0.11518297
v -0.00075000 0.01469644 -0.11574589
v -0.00170000 0.01469645 -0.11535045
v -0.00170000 0.01469643 -0.11600043
v -0.00232500 0.01469645 -0.11518297
v -0.00265000 0.01469644 -0.11574589
v -0.00278253 0.01469647 -0.11472545
v -0.00334545 0.01469646 -0.11505044
v -0.00295000 0.01469649 -0.11410045
v -0.00360000 0.01469649 -0.11410045
v 0.00405000 0.01254407 -0.19260038
v 0.00405000 0.01619406 -0.19260049
v 0.00305000 0.01619406 -0.19286843
v 0.00305000 0.01254406 -0.19286832
v 0.00231795 0.01619403 -0.19360048
v 0.00231795 0.01254404 -0.19360037
v 0.01430000 0.01254566 -0.14110038
v 0.01430000 0.01334565 -0.14110040
v -0.01370000 -0.00180501 -0.16259993
v -0.01370000 -0.00180544 -0.17659993
v -0.01510000 -0.00180501 -0.16259993
v -0.01770000 -0.00180544 -0.17659993
v -0.01510000 -0.00180464 -0.15059993
v -0.01770000 -0.00180413 -0.13409993
v -0.01370000 -0.00180464 -0.15059993
v -0.01370000 -0.00180413 -0.13409993
v -0.01393432 -0.01577200 -0.20479569
v -0.01372218 -0.01566248 -0.20507760
v -0.01358355 -0.01576024 -0.20504202
v -0.01367675 -0.01594459 -0.20475630
v -0.01336863 -0.01580892 -0.20502430
v -0.01336863 -0.01600631 -0.20474239
v 0.01030000 -0.00080498 -0.16159996
v 0.01170000 -0.00080498 -0.16159996
v 0.01030000 -0.00130498 -0.16173392
v 0.01170000 -0.00130498 -0.16173392
v 0.01030000 -0.00167102 -0.16209994
v 0.01170000 -0.00167102 -0.16209994
v -0.01110000 0.01999364 -0.20637189
v -0.00445000 0.01999346 -0.21233265
v -0.01270000 0.01999363 -0.20680060
v -0.01736863 0.01999340 -0.21442063
v -0.01430000 0.01999364 -0.20637189
v -0.01547128 0.01999368 -0.20520060
v -0.01736863 0.01999407 -0.19260061
v -0.01570000 0.01999407 -0.19260061
v -0.01570000 0.01999393 -0.19710060
v -0.01590000 0.01999373 -0.20360060
v -0.01547128 0.01999378 -0.20200060
v -0.00345000 0.01999345 -0.21260060
v 0.00005000 0.01999345 -0.21260060
v 0.01396863 0.01999340 -0.21442063
v 0.00105000 0.01999346 -0.21233265
v 0.00770000 0.01999364 -0.20637189
v 0.00178205 0.01999348 -0.21160060
v 0.00652872 0.01999368 -0.20520060
v 0.00610000 0.01999373 -0.20360060
v 0.00930000 0.01999363 -0.20680060
v 0.01090000 0.01999364 -0.20637189
v 0.01207128 0.01999368 -0.20520060
v 0.01250000 0.01999373 -0.20360060
v 0.00205000 0.01999351 -0.21060060
v 0.00205000 0.01999381 -0.20110060
v 0.00652872 0.01999378 -0.20200060
v -0.00992872 0.01999378 -0.20200060
v -0.00571795 0.01999384 -0.20010060
v -0.00950000 0.01999373 -0.20360060
v -0.00545000 0.01999381 -0.20110060
v -0.00992872 0.01999368 -0.20520060
v -0.00545000 0.01999351 -0.21060060
v -0.00518205 0.01999348 -0.21160060
v -0.01543205 0.01999390 -0.19810060
v -0.01430000 0.01999381 -0.20082932
v -0.01470000 0.01999388 -0.19883265
v -0.01270000 0.01999383 -0.20040060
v -0.01370000 0.01999387 -0.19910060
v -0.01110000 0.01999381 -0.20082932
v -0.00745000 0.01999387 -0.19910060
v -0.00645000 0.01999386 -0.19936855
v 0.00231795 0.01999384 -0.20010060
v 0.00305000 0.01999386 -0.19936855
v 0.00770000 0.01999381 -0.20082932
v 0.00405000 0.01999387 -0.19910060
v 0.00930000 0.01999383 -0.20040060
v 0.01030000 0.01999387 -0.19910060
v 0.01090000 0.01999381 -0.20082932
v 0.01130000 0.01999388 -0.19883265
v 0.01230000 0.01999407 -0.19260061
v 0.01396863 0.01999407 -0.19260061
v 0.01230000 0.01999393 -0.19710060
v 0.01203205 0.01999390 -0.19810060
v 0.01207128 0.01999378 -0.20200060
v 0.01430000 0.00879637 -0.11780025
v 0.01170000 0.00879637 -0.11780025
v 0.00930000 0.01999669 -0.10760060
v 0.01396863 0.01999669 -0.10760060
v 0.00930000 0.01999661 -0.11010060
v 0.01396863 0.01999604 -0.12860060
v 0.00780000 0.01999641 -0.11673458
v 0.00730000 0.01999641 -0.11660061
v 0.00675000 0.01999604 -0.12860060
v 0.00655000 0.01999605 -0.12840060
v 0.00655000 0.01999610 -0.12680060
v 0.00655000 0.01999661 -0.11010060
v 0.00655000 0.01999642 -0.11640060
v 0.00675000 0.01999641 -0.11660061
v 0.00675000 0.01999610 -0.12660060
v 0.00730000 0.01999610 -0.12660060
v 0.00780000 0.01999611 -0.12646662
v 0.00816602 0.01999612 -0.12610060
v 0.00830000 0.01999613 -0.12560060
v 0.00830000 0.01999638 -0.11760061
v 0.00816602 0.01999639 -0.11710060
v -0.01770000 0.01178611 -0.12461040
v -0.01510000 0.01178611 -0.12461040
v -0.00545000 0.01999351 -0.21060060
v -0.00545000 0.01619351 -0.21060049
v -0.00518205 0.01999348 -0.21160060
v -0.00518205 0.01619348 -0.21160049
v -0.00445000 0.01999346 -0.21233265
v -0.00445000 0.01619346 -0.21233254
v -0.00345000 0.01999345 -0.21260060
v -0.00345000 0.01619345 -0.21260049
v 0.01830000 0.01566531 -0.10760047
v 0.01830000 -0.00720331 -0.10759977
v 0.01830000 -0.00700332 -0.10779978
v 0.01830000 -0.00700341 -0.11069977
v 0.01830000 -0.00685602 -0.11014978
v 0.01830000 0.01499604 -0.12860045
v 0.01830000 0.01566467 -0.12860047
v 0.01830000 0.01499657 -0.11120045
v 0.01830000 0.01478224 -0.11040045
v 0.01830000 0.01419662 -0.10981478
v 0.01830000 -0.00645338 -0.10974717
v 0.01830000 -0.00590338 -0.10959981
v 0.01830000 0.01339663 -0.10960041
v -0.01370000 -0.00200413 -0.13409993
v -0.01770000 -0.00200413 -0.13409993
v -0.01370000 -0.00250413 -0.13396594
v -0.01770000 -0.00250413 -0.13396594
v -0.01370000 -0.00287014 -0.13359990
v -0.01770000 -0.00287014 -0.13359990
v -0.02170000 -0.00767503 -0.20766582
v -0.02170000 -0.00767497 -0.20585672
v -0.02170000 0.00564688 -0.21070594
v -0.02170000 0.01528851 -0.21602466
v -0.02170000 0.00579351 -0.21055932
v -0.02170000 0.01566197 -0.21611443
v -0.02170000 0.01284636 -0.20781886
v -0.02170000 0.01360244 -0.20790168
v -0.02170000 0.01431132 -0.20762603
v -0.02170000 0.01499407 -0.19260045
v -0.02170000 0.01566270 -0.19260047
v -0.02170000 0.01499364 -0.20631541
v -0.02170000 0.01481284 -0.20705420
v -0.02170000 0.00579367 -0.20546170
v -0.02170000 0.00576914 -0.20534288
v -0.02170000 0.00569955 -0.20524349
v -0.02170000 0.00559629 -0.20517979
v 0.01030000 -0.00287014 -0.13359990
v 0.01430000 -0.00287014 -0.13359990
v 0.01030000 -0.00250413 -0.13396594
v 0.01430000 -0.00250413 -0.13396594
v 0.01030000 -0.00200413 -0.13409993
v 0.01430000 -0.00200413 -0.13409993
v 0.00610000 0.01869373 -0.20360056
v 0.00610000 0.01999373 -0.20360060
v 0.00652872 0.01869378 -0.20200056
v 0.00652872 0.01999378 -0.20200060
v 0.00770000 0.01869381 -0.20082928
v 0.00770000 0.01999381 -0.20082932
v 0.00930000 0.01869383 -0.20040056
v 0.00930000 0.01999383 -0.20040060
v 0.01090000 0.01869381 -0.20082928
v 0.01090000 0.01999381 -0.20082932
v 0.01207128 0.01869378 -0.20200056
v 0.01207128 0.01999378 -0.20200060
v 0.01250000 0.01869373 -0.20360056
v 0.01250000 0.01999373 -0.20360060
v 0.01207128 0.01869368 -0.20520056
v 0.01207128 0.01999368 -0.20520060
v 0.01090000 0.01869364 -0.20637185
v 0.01090000 0.01999364 -0.20637189
v 0.00930000 0.01869363 -0.20680056
v 0.00930000 0.01999363 -0.20680060
v 0.00770000 0.01869364 -0.20637185
v 0.00770000 0.01999364 -0.20637189
v 0.00652872 0.01869368 -0.20520056
v 0.00652872 0.01999368 -0.20520060
v 0.01170000 0.01208961 -0.12415622
v 0.01430000 0.01208961 -0.12415622
v 0.00255000 0.01379653 -0.11260041
v 0.00255000 0.01649653 -0.11260049
v 0.00281795 0.01379656 -0.11160041
v 0.00281795 0.01649656 -0.11160049
v 0.00355000 0.01379659 -0.11086836
v 0.00355000 0.01649659 -0.11086844
v 0.00455000 0.01379659 -0.11060042
v 0.00455000 0.01649660 -0.11060050
v 0.00555000 0.01379659 -0.11086836
v 0.00555000 0.01649659 -0.11086844
v 0.00628205 0.01379656 -0.11160041
v 0.00628205 0.01649656 -0.11160049
v 0.00655000 0.01379653 -0.11260041
v 0.00655000 0.01649653 -0.11260049
v -0.02320000 -0.00576356 -0.11552981
v -0.02340000 -0.00588356 -0.11568981
v -0.02320000 -0.00667625 -0.11443614
v -0.02340000 -0.00685514 -0.11452558
v -0.02320000 -0.00697403 -0.11347620
v -0.02340000 -0.00717213 -0.11350371
v 0.00996863 -0.01720394 -0.12809946
v 0.00996863 -0.01140395 -0.12809964
v 0.01001967 -0.01720328 -0.12771148
v 0.01016959 -0.01140392 -0.12734964
v 0.01016959 -0.01719380 -0.12734946
v 0.01041169 -0.01715422 -0.12703509
v 0.01071863 -0.01140391 -0.12680060
v 0.01072000 -0.01705612 -0.12680225
v 0.01138284 -0.01661811 -0.12660193
v 0.01107082 -0.01687279 -0.12665318
v 0.01073400 -0.01705167 -0.12679167
v -0.02319973 -0.00720331 -0.10759977
v -0.02323137 -0.00717194 -0.10763113
v -0.02324960 -0.00793285 -0.10779975
v -0.02329838 -0.00710371 -0.10769938
v -0.02336544 -0.00717195 -0.10776521
v -0.02339970 -0.00720680 -0.10779977
v -0.02306464 -0.00785676 -0.10759975
v -0.02162740 -0.00800803 -0.20758939
v -0.02163985 -0.00797931 -0.20574594
v -0.02163393 -0.00797806 -0.20759628
v -0.02170000 -0.00767497 -0.20585672
v -0.02170000 -0.00767503 -0.20766582
v 0.02000000 0.00559367 -0.20546170
v 0.01980000 0.00579367 -0.20546170
v 0.01980000 0.00576914 -0.20534288
v 0.02000000 0.00558549 -0.20542209
v 0.01980000 0.00569955 -0.20524349
v 0.02000000 0.00556230 -0.20538896
v 0.00830000 0.01999638 -0.11760061
v 0.00830000 0.01379638 -0.11760042
v 0.00816602 0.01999639 -0.11710060
v 0.00816602 0.01379639 -0.11710041
v 0.00780000 0.01999641 -0.11673458
v 0.00780000 0.01379641 -0.11673439
v 0.00730000 0.01999641 -0.11660061
v 0.00730000 0.01379641 -0.11660042
v -0.00970000 -0.01270354 -0.11489960
v -0.00970000 -0.01670354 -0.11489948
v -0.00875000 -0.01270353 -0.11464504
v -0.00875000 -0.01670353 -0.11464492
v -0.00805455 -0.01270351 -0.11394959
v -0.00805455 -0.01670351 -0.11394947
v -0.00780000 -0.01270348 -0.11299960
v -0.00780000 -0.01670348 -0.11299948
v -0.00805455 -0.01270345 -0.11204959
v -0.00805455 -0.01670345 -0.11204947
v -0.00875000 -0.01270343 -0.11135415
v -0.00875000 -0.01670343 -0.11135403
v -0.00970000 -0.01270342 -0.11109960
v -0.00970000 -0.01670342 -0.11109947
v -0.01065000 -0.01270343 -0.11135415
v -0.01065000 -0.01670343 -0.11135403
v -0.01134545 -0.01270345 -0.11204959
v -0.01134545 -0.01670345 -0.11204947
v -0.01160000 -0.01270348 -0.11299960
v -0.01160000 -0.01670348 -0.11299948
v -0.01134545 -0.01270351 -0.11394959
v -0.01134545 -0.01670351 -0.11394947
v -0.01065000 -0.01270353 -0.11464504
v -0.01065000 -0.01670353 -0.11464492
v 0.00180000 0.01379610 -0.12660041
v 0.00235000 0.01379610 -0.12660041
v 0.00180000 0.01999610 -0.12660060
v 0.00235000 0.01999610 -0.12660060
v -0.01395000 0.00969373 -0.20360028
v -0.01395000 0.01469373 -0.20360044
v -0.01378253 0.00969375 -0.20297528
v -0.01378253 0.01469375 -0.20297544
v -0.01332500 0.00969376 -0.20251776
v -0.01332500 0.01469376 -0.20251791
v -0.01270000 0.00969376 -0.20235029
v -0.01270000 0.01469377 -0.20235044
v -0.01207500 0.00969376 -0.20251776
v -0.01207500 0.01469376 -0.20251791
v -0.01161747 0.00969375 -0.20297528
v -0.01161747 0.01469375 -0.20297544
v -0.01145000 0.00969373 -0.20360028
v -0.01145000 0.01469373 -0.20360044
v -0.01161747 0.00969371 -0.20422529
v -0.01161747 0.01469371 -0.20422544
v -0.01207500 0.00969369 -0.20468282
v -0.01207500 0.01469370 -0.20468297
v -0.01270000 0.00969369 -0.20485029
v -0.01270000 0.01469369 -0.20485044
v -0.01332500 0.00969369 -0.20468282
v -0.01332500 0.01469370 -0.20468297
v -0.01378253 0.00969371 -0.20422529
v -0.01378253 0.01469371 -0.20422544
v -0.00943205 0.01334410 -0.19160040
v -0.00943205 0.01254410 -0.19160037
v -0.00870000 0.01334408 -0.19233245
v -0.00870000 0.01254408 -0.19233242
v 0.00883812 0.01919671 -0.10680058
v 0.00895359 0.01899672 -0.10660057
v 0.01388578 0.01899672 -0.10660057
v 0.00930000 0.01999669 -0.10760060
v 0.01396863 0.01999669 -0.10760060
v 0.01412470 0.01998132 -0.10758523
v 0.01427478 0.01993579 -0.10753970
v -0.00070000 -0.01050883 -0.20550936
v -0.00070000 -0.01171568 -0.20651426
v -0.00070000 -0.01580892 -0.20502430
v -0.00070000 -0.01720623 -0.20224725
v -0.00070000 -0.01720332 -0.10779946
v -0.00070000 -0.01590405 -0.13159950
v -0.00070000 -0.01291839 -0.13079960
v -0.00070000 -0.01350401 -0.13021393
v -0.00070000 -0.01430401 -0.12999954
v -0.00070000 -0.01510401 -0.13021388
v -0.00070000 -0.01568967 -0.13079951
v -0.00070000 -0.01600625 -0.20282409
v -0.00070000 -0.01291844 -0.13239959
v -0.00070000 -0.01270405 -0.13159960
v -0.00070000 -0.01700331 -0.10759946
v -0.00070000 -0.01600331 -0.10759950
v -0.00070000 -0.01500328 -0.10659952
v -0.00070000 -0.01568972 -0.13239950
v -0.00070000 -0.01510410 -0.13298516
v -0.00070000 -0.01707464 -0.20243519
v -0.00070000 -0.01430410 -0.13319955
v -0.00070000 -0.01350410 -0.13298521
v -0.00070000 -0.01600631 -0.20474239
v -0.00070000 -0.01050580 -0.10709966
v -0.00070000 -0.01100794 -0.10659965
v 0.00630000 0.01254413 -0.19060037
v 0.00630000 0.01334413 -0.19060040
v 0.00603205 0.01254410 -0.19160037
v 0.00603205 0.01334410 -0.19160040
v 0.00530000 0.01254408 -0.19233242
v 0.00530000 0.01334408 -0.19233245
v 0.00430000 0.01254407 -0.19260038
v 0.00430000 0.01334407 -0.19260040
v 0.01430000 0.01499604 -0.12860045
v 0.01430000 0.01254604 -0.12860037
v 0.00675000 0.01379604 -0.12860041
v 0.00235000 0.01379604 -0.12860041
v -0.02170000 0.01499604 -0.12860045
v -0.02170000 0.01566467 -0.12860047
v -0.01770000 0.01499604 -0.12860045
v -0.02163910 0.01597081 -0.12860048
v 0.01453431 0.01976173 -0.12860060
v 0.01806568 0.01623035 -0.12860049
v -0.00575000 0.01999604 -0.12860060
v 0.00235000 0.01999604 -0.12860060
v -0.00575000 0.01379604 -0.12860041
v -0.01770000 0.01254604 -0.12860037
v -0.02146569 0.01623035 -0.12860049
v -0.01793432 0.01976173 -0.12860060
v -0.01767478 0.01993514 -0.12860060
v 0.01823910 0.01597081 -0.12860048
v 0.01830000 0.01566467 -0.12860047
v 0.01830000 0.01499604 -0.12860045
v -0.01736863 0.01999604 -0.12860060
v -0.01015000 0.01999604 -0.12860060
v -0.01015000 0.01379604 -0.12860041
v 0.01427478 0.01993514 -0.12860060
v 0.01396863 0.01999604 -0.12860060
v 0.00675000 0.01999604 -0.12860060
v -0.01370000 -0.00080467 -0.15159996
v -0.01510000 -0.00080467 -0.15159996
v -0.01370000 -0.00130467 -0.15146597
v -0.01510000 -0.00130467 -0.15146597
v -0.01370000 -0.00167068 -0.15109994
v -0.01510000 -0.00167068 -0.15109994
v -0.02146569 -0.00824071 -0.20753712
v -0.02125355 -0.00813119 -0.20781903
v -0.01393432 -0.01577200 -0.20479569
v -0.01372218 -0.01566248 -0.20507760
v 0.01030000 0.00049505 -0.16060000
v 0.01170000 0.00049505 -0.16060000
v 0.01170000 0.00036106 -0.16110000
v 0.01030000 0.00036106 -0.16110000
v 0.01170000 -0.00000498 -0.16146601
v 0.01030000 -0.00000498 -0.16146601
v 0.01170000 -0.00050498 -0.16159997
v 0.01030000 -0.00050498 -0.16159997
v 0.00105000 0.01999346 -0.21233265
v 0.00105000 0.01619346 -0.21233254
v 0.00178205 0.01999348 -0.21160060
v 0.00178205 0.01619348 -0.21160049
v 0.01430000 -0.00376361 -0.11702986
v 0.01980000 -0.00376361 -0.11702986
v 0.01980000 -0.00320421 -0.11770018
v 0.01430000 -0.00320421 -0.11770018
v 0.01806568 0.01623100 -0.10760049
v 0.01806568 0.01623035 -0.12860049
v 0.01453431 0.01976237 -0.10760060
v 0.01453431 0.01976173 -0.12860060
v -0.01170000 0.01334560 -0.14285040
v -0.01207500 0.01334560 -0.14295088
v -0.01170000 0.01334565 -0.14110040
v -0.01770000 0.01334565 -0.14110040
v -0.01234952 0.01334559 -0.14322540
v -0.01245000 0.01334558 -0.14360040
v -0.01770000 0.01334550 -0.14610040
v -0.01234952 0.01334557 -0.14397540
v -0.01170000 0.01334550 -0.14610040
v -0.01132500 0.01334560 -0.14295088
v -0.01070000 0.01334565 -0.14136835
v -0.01105048 0.01334559 -0.14322540
v -0.00996795 0.01334562 -0.14210040
v -0.01095000 0.01334558 -0.14360040
v -0.00970000 0.01334559 -0.14310040
v -0.01105048 0.01334557 -0.14397540
v -0.00970000 0.01334556 -0.14410040
v -0.00996795 0.01334553 -0.14510040
v -0.01132500 0.01334556 -0.14424992
v -0.01070000 0.01334551 -0.14583245
v -0.01170000 0.01334555 -0.14435040
v -0.01207500 0.01334556 -0.14424992
v -0.00545000 0.01619380 -0.20110049
v -0.00545000 0.01999381 -0.20110060
v -0.00571795 0.01999384 -0.20010060
v -0.00571795 0.01619383 -0.20010048
v -0.00645000 0.01999386 -0.19936855
v -0.00645000 0.01619385 -0.19936844
v -0.00745000 0.01999387 -0.19910060
v -0.00745000 0.01619386 -0.19910049
v 0.01979972 -0.00720331 -0.10759977
v 0.01830000 -0.00720331 -0.10759977
v 0.01966464 -0.00785676 -0.10759975
v 0.01830000 -0.00800331 -0.10759974
v -0.00070000 -0.01700331 -0.10759946
v 0.00996863 -0.01700331 -0.10759946
v -0.00070000 -0.01600331 -0.10759950
v 0.01030000 -0.01600331 -0.10759950
v 0.01065746 -0.01686630 -0.10759947
v 0.01124142 -0.01647611 -0.10759948
v 0.01927279 -0.00844473 -0.10759973
v -0.01370000 -0.00286991 -0.12609990
v -0.01770000 -0.00286991 -0.12609990
v -0.01370000 -0.00250387 -0.12573388
v -0.01770000 -0.00250387 -0.12573388
v -0.02140000 0.01562526 -0.21641218
v -0.02140000 0.01518589 -0.21630657
v -0.02170000 0.01566197 -0.21611443
v -0.02170000 0.01528851 -0.21602466
v 0.01030000 -0.00200387 -0.12559992
v 0.01430000 -0.00200387 -0.12559992
v 0.01030000 -0.00250387 -0.12573388
v 0.01430000 -0.00250387 -0.12573388
v 0.01030000 -0.00286991 -0.12609990
v 0.01430000 -0.00286991 -0.12609990
v -0.01590000 0.01869373 -0.20360056
v -0.01590000 0.01999373 -0.20360060
v -0.01547128 0.01869378 -0.20200056
v -0.01547128 0.01999378 -0.20200060
v -0.01430000 0.01869381 -0.20082928
v -0.01430000 0.01999381 -0.20082932
v -0.01270000 0.01869383 -0.20040056
v -0.01270000 0.01999383 -0.20040060
v -0.01110000 0.01869381 -0.20082928
v -0.01110000 0.01999381 -0.20082932
v -0.00992872 0.01869378 -0.20200056
v -0.00992872 0.01999378 -0.20200060
v -0.00950000 0.01869373 -0.20360056
v -0.00950000 0.01999373 -0.20360060
v -0.00992872 0.01869368 -0.20520056
v -0.00992872 0.01999368 -0.20520060
v -0.01110000 0.01869364 -0.20637185
v -0.01110000 0.01999364 -0.20637189
v -0.01270000 0.01869363 -0.20680056
v -0.01270000 0.01999363 -0.20680060
v -0.01430000 0.01869364 -0.20637185
v -0.01430000 0.01999364 -0.20637189
v -0.01547128 0.01869368 -0.20520056
v -0.01547128 0.01999368 -0.20520060
v 0.02000000 -0.00320365 -0.11854989
v 0.01980000 -0.00300365 -0.11854989
v 0.01980000 -0.00320421 -0.11770018
v 0.02000000 -0.00338310 -0.11778963
v 0.01980000 -0.00376361 -0.11702986
v 0.02000000 -0.00388361 -0.11718987
v 0.00655000 0.01649661 -0.11010049
v 0.00655000 0.01999661 -0.11010060
v 0.00655000 0.01999642 -0.11640060
v 0.00655000 0.01379642 -0.11640041
v -0.02340000 -0.00717213 -0.11350371
v -0.02339970 -0.00720697 -0.11304976
v -0.02320000 -0.00697403 -0.11347620
v -0.02319973 -0.00700348 -0.11304977
v 0.01980000 0.00579351 -0.21055932
v 0.01980000 0.00564688 -0.21070594
v 0.01830000 0.00579351 -0.21055932
v 0.01830000 0.00564688 -0.21070594
v -0.00936863 -0.01630406 -0.13159949
v -0.01336863 -0.01630406 -0.13159949
v -0.00936863 -0.01603607 -0.13059950
v -0.01336863 -0.01603607 -0.13059950
v -0.00936863 -0.01530400 -0.12986747
v -0.01336863 -0.01530400 -0.12986747
v -0.00936863 -0.01430399 -0.12959955
v -0.01336863 -0.01430399 -0.12959955
v -0.00936863 -0.01330400 -0.12986753
v -0.01336863 -0.01330400 -0.12986753
v -0.00936863 -0.01257197 -0.13059960
v -0.01336863 -0.01257197 -0.13059960
v -0.00936863 -0.01230405 -0.13159961
v -0.01336863 -0.01230405 -0.13159961
v -0.00936863 -0.01257203 -0.13259960
v -0.01336863 -0.01257203 -0.13259960
v -0.00936863 -0.01330411 -0.13333163
v -0.01336863 -0.01330411 -0.13333163
v -0.00936863 -0.01430412 -0.13359955
v -0.01336863 -0.01430412 -0.13359955
v -0.00936863 -0.01530411 -0.13333156
v -0.01336863 -0.01530411 -0.13333156
v -0.00936863 -0.01603613 -0.13259949
v -0.01336863 -0.01603613 -0.13259949
v -0.02163983 0.01596636 -0.21612697
v -0.02170000 0.01566197 -0.21611443
v -0.02170000 0.01566270 -0.19260047
v -0.02163983 0.01596709 -0.19260048
v 0.00530000 0.01049382 -0.20055031
v 0.01030000 0.01049382 -0.20055031
v 0.00530000 0.01111882 -0.20038286
v 0.01030000 0.01111882 -0.20038286
v 0.00530000 0.01157637 -0.19992534
v 0.01030000 0.01157637 -0.19992534
v 0.00530000 0.01174386 -0.19930035
v 0.01030000 0.01174386 -0.19930035
v 0.00530000 0.01157641 -0.19867534
v 0.01030000 0.01157641 -0.19867534
v 0.00530000 0.01111889 -0.19821780
v 0.01030000 0.01111889 -0.19821780
v 0.00530000 0.01049390 -0.19805031
v 0.01030000 0.01049390 -0.19805031
v 0.00530000 0.00986889 -0.19821776
v 0.01030000 0.00986889 -0.19821776
v 0.00530000 0.00941134 -0.19867528
v 0.01030000 0.00941134 -0.19867528
v 0.00530000 0.00924386 -0.19930027
v 0.01030000 0.00924386 -0.19930027
v 0.00530000 0.00941131 -0.19992528
v 0.01030000 0.00941131 -0.19992528
v 0.00530000 0.00986882 -0.20038282
v 0.01030000 0.00986882 -0.20038282
v 0.00655000 0.01379610 -0.12680041
v 0.00675000 0.01379610 -0.12660041
v 0.00655000 0.01999610 -0.12680060
v 0.00675000 0.01999610 -0.12660060
v -0.00970000 -0.00920444 -0.14424971
v -0.00970000 -0.01320445 -0.14424958
v -0.00907500 -0.00920444 -0.14408223
v -0.00907500 -0.01320444 -0.14408211
v -0.00861747 -0.00920443 -0.14362470
v -0.00861747 -0.01320443 -0.14362458
v -0.00845000 -0.00920441 -0.14299970
v -0.00845000 -0.01320441 -0.14299958
v -0.00861747 -0.00920439 -0.14237470
v -0.00861747 -0.01320439 -0.14237458
v -0.00907500 -0.00920437 -0.14191717
v -0.00907500 -0.01320437 -0.14191705
v -0.00970000 -0.00920437 -0.14174970
v -0.00970000 -0.01320437 -0.14174958
v -0.01032500 -0.00920437 -0.14191717
v -0.01032500 -0.01320437 -0.14191705
v -0.01078253 -0.00920439 -0.14237470
v -0.01078253 -0.01320439 -0.14237458
v -0.01095000 -0.00920441 -0.14299970
v -0.01095000 -0.01320441 -0.14299958
v -0.01078253 -0.00920443 -0.14362470
v -0.01078253 -0.01320443 -0.14362458
v -0.01032500 -0.00920444 -0.14408223
v -0.01032500 -0.01320444 -0.14408211
v -0.00520000 0.01379641 -0.11660042
v -0.00575000 0.01379641 -0.11660042
v -0.00520000 0.01999641 -0.11660061
v -0.00575000 0.01999641 -0.11660061
v 0.00521747 -0.00920350 -0.11362471
v 0.00567500 -0.00920351 -0.11408223
v 0.00630000 -0.00920348 -0.11299971
v 0.00630000 -0.00920352 -0.11424971
v 0.00692500 -0.00920351 -0.11408223
v 0.00567500 -0.00920345 -0.11191717
v 0.00521747 -0.00920346 -0.11237471
v 0.00505000 -0.00920348 -0.11299971
v 0.00738253 -0.00920346 -0.11237471
v 0.00692500 -0.00920345 -0.11191717
v 0.00630000 -0.00920344 -0.11174971
v 0.00738253 -0.00920350 -0.11362471
v 0.00755000 -0.00920348 -0.11299971
v -0.00545000 0.01254401 -0.19460037
v -0.00545000 0.01619400 -0.19460048
v -0.00571795 0.01619403 -0.19360048
v -0.00571795 0.01254404 -0.19360037
v -0.00645000 0.01619406 -0.19286843
v -0.00645000 0.01254406 -0.19286832
v -0.00745000 0.01619406 -0.19260049
v -0.00745000 0.01254407 -0.19260038
v 0.01441308 0.01986186 -0.10758522
v 0.01427478 0.01993579 -0.10753970
v 0.01388578 0.01899672 -0.10660057
v 0.01823910 0.01597146 -0.10753958
v 0.01816517 0.01610977 -0.10758511
v 0.01730000 0.01558250 -0.10660047
v 0.01806568 0.01623100 -0.10760049
v 0.01453431 0.01976237 -0.10760060
v -0.01115189 -0.00468991 -0.10709984
v -0.01127716 -0.00442844 -0.11171733
v -0.01154188 -0.00380343 -0.11154987
v -0.01224573 0.00029592 -0.13235000
v -0.01224422 -0.00035318 -0.13226423
v -0.01115189 -0.00469156 -0.16077030
v -0.01220714 -0.00095407 -0.13201502
v -0.01208384 -0.00186910 -0.13109993
v -0.01203593 -0.00211853 -0.13049812
v -0.01201807 -0.00220400 -0.12984992
v -0.01153938 -0.00380997 -0.11404985
v -0.01203591 -0.00211856 -0.12920202
v -0.01208384 -0.00186903 -0.12859993
v -0.01189401 -0.00272092 -0.11217490
v -0.01192643 -0.00259627 -0.11247558
v -0.01223812 0.00049726 -0.10710000
v -0.01183854 -0.00292108 -0.11191450
v -0.01176091 -0.00317844 -0.11171736
v -0.01193719 -0.00255347 -0.11279991
v -0.01192641 -0.00259636 -0.11312447
v -0.01223812 0.00049664 -0.12735806
v -0.01189401 -0.00272096 -0.11342490
v -0.01183860 -0.00292093 -0.11368510
v -0.01176091 -0.00317851 -0.11388241
v -0.01220714 -0.00095393 -0.12768489
v -0.01224424 -0.00035259 -0.12743560
v -0.01224573 0.00029608 -0.12735000
v -0.01127716 -0.00442851 -0.11388238
v -0.01114918 -0.00468877 -0.11362210
v -0.00768052 -0.00869609 -0.16077018
v -0.01105219 -0.00488602 -0.11342484
v -0.01098631 -0.00501018 -0.11312600
v -0.01096283 -0.00505348 -0.11279983
v -0.00768052 -0.00869444 -0.10709971
v -0.01098637 -0.00501004 -0.11247324
v -0.01105219 -0.00488599 -0.11217484
v -0.01114918 -0.00468872 -0.11197758
v 0.00774918 -0.00468877 -0.11362210
v 0.00787715 -0.00442851 -0.11388238
v 0.00775189 -0.00469156 -0.16077030
v 0.00814187 -0.00380351 -0.11404987
v 0.00880714 -0.00095393 -0.12768489
v 0.00868383 -0.00186903 -0.12859993
v 0.00884422 -0.00035304 -0.12743572
v 0.00884573 0.00029608 -0.12735000
v 0.00836091 -0.00317851 -0.11388241
v 0.00883812 0.00049664 -0.12735806
v 0.00843853 -0.00292114 -0.11368529
v 0.00849401 -0.00272096 -0.11342490
v 0.00852643 -0.00259629 -0.11312423
v 0.00853718 -0.00255347 -0.11279991
v 0.00883812 0.00049726 -0.10710000
v 0.00852641 -0.00259634 -0.11247534
v 0.00849401 -0.00272092 -0.11217490
v 0.00813938 -0.00380989 -0.11154989
v 0.00775189 -0.00468991 -0.10709984
v 0.00836091 -0.00317844 -0.11171736
v 0.00843859 -0.00292088 -0.11191469
v 0.00863591 -0.00211860 -0.13049782
v 0.00861806 -0.00220400 -0.12984992
v 0.00863592 -0.00211849 -0.12920173
v 0.00868383 -0.00186910 -0.13109993
v 0.00880714 -0.00095407 -0.13201502
v 0.00884424 -0.00035274 -0.13226435
v 0.00758631 -0.00501016 -0.11247366
v 0.00756283 -0.00505348 -0.11279983
v 0.00428052 -0.00869444 -0.10709971
v 0.00787715 -0.00442844 -0.11171733
v 0.00774918 -0.00468872 -0.11197758
v 0.00765219 -0.00488599 -0.11217484
v 0.00765219 -0.00488602 -0.11342484
v 0.00428052 -0.00869609 -0.16077018
v 0.00758637 -0.00501006 -0.11312642
v 0.00884573 0.00029592 -0.13235000
v 0.00883812 0.00049561 -0.16077046
v 0.00883812 0.00049649 -0.13234194
v 0.00726510 0.00555647 -0.16077062
v 0.00873552 0.00154593 -0.13201510
v 0.00855797 0.00246103 -0.13110006
v 0.00849481 0.00271046 -0.13049836
v 0.00726510 0.00555812 -0.10710015
v 0.00847165 0.00279600 -0.12985007
v 0.00849486 0.00271031 -0.12920108
v 0.00873552 0.00154607 -0.12768497
v 0.00855797 0.00246110 -0.12860006
v -0.00107500 0.01052799 -0.11301778
v 0.00342979 0.00921558 -0.10710026
v -0.00137604 0.01054154 -0.11289303
v -0.00170000 0.01054670 -0.10710030
v -0.00170000 0.01054652 -0.11285031
v -0.00049276 0.01047718 -0.11442445
v -0.00061747 0.01049078 -0.11472532
v 0.00342979 0.00921392 -0.16077073
v -0.00061747 0.01049082 -0.11347530
v -0.00049254 0.01047717 -0.11377699
v -0.00045000 0.01047217 -0.11410032
v -0.00232500 0.01052792 -0.11518284
v -0.00278253 0.01049078 -0.11472532
v -0.00682979 0.00921392 -0.16077073
v -0.00107500 0.01052792 -0.11518284
v -0.00137631 0.01054148 -0.11530767
v -0.00170000 0.01054505 -0.16077077
v -0.00170000 0.01054645 -0.11535032
v -0.00202396 0.01054147 -0.11530760
v -0.00290746 0.01047715 -0.11442363
v -0.00295000 0.01047217 -0.11410032
v -0.00682979 0.00921558 -0.10710026
v -0.00290724 0.01047720 -0.11377617
v -0.00278253 0.01049082 -0.11347530
v -0.00232500 0.01052799 -0.11301778
v -0.00202370 0.01054156 -0.11289295
v -0.00020000 0.01043702 -0.18820223
v 0.00089808 0.01021926 -0.18930030
v 0.00119734 0.01013850 -0.19002223
v 0.00130000 0.01010859 -0.19080030
v 0.00037846 0.01033681 -0.20860031
v 0.00061799 0.01028576 -0.20917829
v 0.00339278 0.00912352 -0.21322227
v 0.00070000 0.01026692 -0.20980030
v 0.00061784 0.01028576 -0.21042290
v 0.00037846 0.01033674 -0.21100031
v 0.00057585 0.01029502 -0.21368251
v -0.00377846 0.01033674 -0.21100031
v -0.00676781 0.00911075 -0.21321725
v -0.00290000 0.01047501 -0.21187877
v -0.00573775 0.00974017 -0.21346453
v -0.00232334 0.01052503 -0.21211795
v -0.00263035 0.01050232 -0.21376395
v -0.00170000 0.01054346 -0.21220031
v -0.00170652 0.01044258 -0.21374048
v -0.00107865 0.01052515 -0.21211848
v -0.00050000 0.01047501 -0.21187877
v -0.00401800 0.01028572 -0.21042232
v -0.00410000 0.01026692 -0.20980030
v -0.00401784 0.01028579 -0.20917771
v -0.00232135 0.01052529 -0.20748214
v -0.00320000 0.01043686 -0.19339839
v -0.00290000 0.01047514 -0.20772185
v -0.00429808 0.01021917 -0.19230030
v -0.00377846 0.01033681 -0.20860031
v 0.00119714 0.01013851 -0.19157912
v 0.00089808 0.01021917 -0.19230030
v -0.00050000 0.01047514 -0.20772185
v -0.00020000 0.01043686 -0.19339839
v -0.00107666 0.01052517 -0.20748267
v -0.00092274 0.01051536 -0.19369787
v -0.00170000 0.01054361 -0.20740031
v -0.00170000 0.01054403 -0.19380031
v -0.00248017 0.01051515 -0.19369709
v -0.00459715 0.01013856 -0.19002148
v -0.00429808 0.01021926 -0.18930030
v -0.00459735 0.01013845 -0.19157837
v -0.00470000 0.01010859 -0.19080030
v -0.00320000 0.01043702 -0.18820223
v -0.00247726 0.01051554 -0.18790275
v -0.00170000 0.01054421 -0.18780031
v -0.00091983 0.01051532 -0.18790353
v -0.01066511 0.00555812 -0.10710015
v -0.01213552 0.00154607 -0.12768497
v -0.01195797 0.00246110 -0.12860006
v -0.01189481 0.00271050 -0.12920178
v -0.01187165 0.00279600 -0.12985007
v -0.01189486 0.00271027 -0.13049907
v -0.01066511 0.00555647 -0.16077062
v -0.01223812 0.00049649 -0.13234194
v -0.01223812 0.00049561 -0.16077046
v -0.01213552 0.00154593 -0.13201510
v -0.01195797 0.00246103 -0.13110006
v -0.01220714 -0.00095564 -0.18301502
v -0.01208384 -0.00187067 -0.18209993
v -0.01100373 -0.00461945 -0.20782310
v -0.01223812 0.00049438 -0.20053399
v -0.01224973 0.00006883 -0.20038252
v -0.01182876 -0.00295783 -0.20847590
v -0.01224306 -0.00038869 -0.19992497
v -0.01223779 -0.00051361 -0.19962331
v -0.01224839 -0.00019029 -0.20018362
v -0.01223565 -0.00055614 -0.19929997
v -0.01223779 -0.00051362 -0.19897675
v -0.01224306 -0.00038865 -0.19867498
v -0.01224840 -0.00018999 -0.19841610
v -0.01224973 0.00006889 -0.19821746
v -0.01224422 -0.00035476 -0.18326424
v -0.01224573 0.00029435 -0.18335000
v -0.01203593 -0.00212010 -0.18149811
v -0.01201807 -0.00220557 -0.18084992
v -0.01203591 -0.00212014 -0.18020202
v -0.01208384 -0.00187060 -0.17959993
v -0.01220714 -0.00095550 -0.17868489
v -0.01224424 -0.00035416 -0.17843560
v -0.01224573 0.00029451 -0.17835000
v -0.01223812 0.00049507 -0.17835806
v -0.01213552 0.00154449 -0.17868497
v -0.01195797 0.00245953 -0.17960006
v -0.01189481 0.00270893 -0.18020179
v -0.01187165 0.00279443 -0.18085007
v -0.01189486 0.00270870 -0.18149907
v -0.01216647 0.00131889 -0.19821750
v -0.01195797 0.00245945 -0.18210007
v -0.01213552 0.00154436 -0.18301510
v -0.01223812 0.00049491 -0.18334194
v -0.01223812 0.00049446 -0.19806601
v -0.01222675 0.00069390 -0.19805001
v -0.01209832 0.00177641 -0.19867504
v -0.01207616 0.00190118 -0.19897615
v -0.01065486 0.00554622 -0.21181687
v -0.01206822 0.00194386 -0.19930005
v -0.01207618 0.00190107 -0.19962425
v -0.01209832 0.00177637 -0.19992504
v -0.01216647 0.00131883 -0.20038256
v -0.01071046 0.00548111 -0.21179129
v -0.01222675 0.00069382 -0.20055001
v -0.01211863 0.00046180 -0.20981936
v -0.01225000 -0.00000646 -0.20963540
v -0.00070000 -0.01050883 -0.20550936
v -0.00070000 -0.01050745 -0.16077012
v 0.00240152 -0.00972643 -0.20581674
v 0.00753851 -0.00463072 -0.20781868
v 0.00727921 -0.00554501 -0.20745948
v 0.00508406 -0.00808590 -0.20646125
v 0.00422697 -0.00861006 -0.20625532
v 0.00880714 -0.00095550 -0.17868489
v 0.00868383 -0.00187060 -0.17959993
v 0.00884422 -0.00035461 -0.17843572
v 0.00884573 0.00029451 -0.17835000
v 0.00863591 -0.00212018 -0.18149782
v 0.00861806 -0.00220557 -0.18084992
v 0.00863592 -0.00212006 -0.18020173
v 0.00884306 -0.00038865 -0.19867498
v 0.00880714 -0.00095564 -0.18301502
v 0.00884839 -0.00019024 -0.19841634
v 0.00884973 0.00006889 -0.19821746
v 0.00883779 -0.00051359 -0.19897663
v 0.00868383 -0.00187067 -0.18209993
v 0.00883565 -0.00055614 -0.19929997
v 0.00883779 -0.00051364 -0.19962319
v 0.00884306 -0.00038869 -0.19992497
v 0.00884840 -0.00019005 -0.20018387
v 0.00884973 0.00006883 -0.20038252
v 0.00885000 -0.00000646 -0.20963540
v 0.00883812 0.00049438 -0.20053399
v 0.00877971 0.00048601 -0.20982887
v 0.00882675 0.00069382 -0.20055001
v 0.00842876 0.00294491 -0.21079489
v 0.00876646 0.00131883 -0.20038256
v 0.00715918 0.00550184 -0.21179943
v 0.00869832 0.00177637 -0.19992504
v 0.00867616 0.00190116 -0.19962394
v 0.00866822 0.00194386 -0.19930005
v 0.00867617 0.00190109 -0.19897584
v 0.00869832 0.00177641 -0.19867504
v 0.00876646 0.00131889 -0.19821750
v 0.00884424 -0.00035431 -0.18326436
v 0.00884573 0.00029435 -0.18335000
v 0.00883812 0.00049446 -0.19806601
v 0.00883812 0.00049491 -0.18334194
v 0.00882675 0.00069390 -0.19805001
v 0.00873552 0.00154436 -0.18301510
v 0.00855797 0.00245945 -0.18210007
v 0.00849481 0.00270889 -0.18149836
v 0.00847165 0.00279443 -0.18085007
v 0.00849486 0.00270874 -0.18020108
v 0.00855797 0.00245953 -0.17960006
v 0.00873552 0.00154449 -0.17868497
v 0.00883812 0.00049507 -0.17835806
v 0.00677360 0.00627841 -0.21210452
v 0.00400036 0.00887084 -0.21312300
v -0.00853104 0.00803331 -0.21279396
v -0.00270000 -0.01050745 -0.16077012
v -0.00270000 -0.01050883 -0.20550936
v -0.00740030 -0.00888380 -0.20614778
v -0.00764292 -0.00865700 -0.20623688
v -0.01017360 -0.00629133 -0.20716627
v -0.00270000 -0.01050580 -0.10709966
v -0.00070000 -0.01050580 -0.10709966
v 0.01030000 -0.00272096 -0.11342490
v 0.00849401 -0.00272096 -0.11342490
v 0.01030000 -0.00317851 -0.11388241
v 0.00843853 -0.00292114 -0.11368529
v 0.01030000 -0.00272092 -0.11217490
v 0.00852641 -0.00259634 -0.11247534
v 0.01030000 -0.00255347 -0.11279991
v 0.00853718 -0.00255347 -0.11279991
v 0.00852643 -0.00259629 -0.11312423
v 0.01030000 -0.00380343 -0.11154987
v 0.00836091 -0.00317844 -0.11171736
v 0.01030000 -0.00317844 -0.11171736
v 0.00843859 -0.00292088 -0.11191469
v 0.00849401 -0.00272092 -0.11217490
v 0.01030000 -0.00488599 -0.11217484
v 0.00787715 -0.00442844 -0.11171733
v 0.01030000 -0.00442844 -0.11171733
v 0.00813938 -0.00380989 -0.11154989
v 0.00814150 -0.00380385 -0.11155150
v 0.01030000 -0.00505348 -0.11279983
v 0.00758631 -0.00501016 -0.11247366
v 0.00765219 -0.00488599 -0.11217484
v 0.00836091 -0.00317851 -0.11388241
v 0.00814187 -0.00380351 -0.11404987
v 0.01030000 -0.00380351 -0.11404987
v 0.00787715 -0.00442851 -0.11388238
v 0.01030000 -0.00442851 -0.11388238
v 0.00765219 -0.00488602 -0.11342484
v 0.01030000 -0.00488602 -0.11342484
v 0.00758637 -0.00501006 -0.11312642
v 0.00756283 -0.00505348 -0.11279983
v 0.00630000 0.01254419 -0.18860038
v 0.00630000 0.01334419 -0.18860040
v -0.01770000 0.01200879 -0.11850036
v -0.01770000 0.01149637 -0.11798791
v -0.01770000 0.01499657 -0.11120045
v -0.01770000 0.01499604 -0.12860045
v -0.01770000 0.01254604 -0.12860037
v -0.01770000 0.01178611 -0.12461040
v -0.01770000 0.01254566 -0.14110038
v -0.01770000 0.00819533 -0.15160024
v -0.01770000 0.00819604 -0.12844877
v -0.01770000 0.01254533 -0.15160037
v -0.01770000 0.01254550 -0.14610037
v -0.01770000 0.01334550 -0.14610040
v -0.01770000 0.01334565 -0.14110040
v -0.01770000 -0.00685602 -0.11014978
v -0.01770000 -0.00645338 -0.10974717
v -0.01770000 -0.00590338 -0.10959981
v -0.01770000 0.00824173 -0.12821916
v -0.01770000 0.00837179 -0.12802451
v -0.01770000 -0.00250387 -0.12573388
v -0.01770000 -0.00180345 -0.11219994
v -0.01770000 -0.00200387 -0.12559992
v -0.01770000 -0.00180387 -0.12559992
v -0.01770000 -0.00286991 -0.12609990
v -0.01770000 -0.00300390 -0.12659989
v -0.01770000 -0.00300365 -0.11854989
v -0.01770000 0.01208961 -0.12415622
v -0.01770000 0.01219619 -0.12362047
v -0.01770000 0.01219632 -0.11920037
v -0.01770000 -0.00475342 -0.11115439
v -0.01770000 -0.00544889 -0.11184983
v -0.01770000 -0.00700341 -0.11069977
v -0.01770000 -0.00139337 -0.11120999
v -0.01770000 -0.00215800 -0.11184993
v -0.01770000 -0.00285343 -0.11115445
v -0.01770000 -0.00169687 -0.11166418
v -0.01770000 -0.00190347 -0.11279993
v -0.01770000 -0.00215806 -0.11374991
v -0.01770000 -0.00285353 -0.11444534
v -0.01770000 -0.00700348 -0.11304977
v -0.01770000 -0.00570348 -0.11279981
v -0.01770000 -0.00667625 -0.11443614
v -0.01770000 -0.00544895 -0.11374981
v -0.01770000 -0.00576356 -0.11552981
v -0.01770000 -0.00475353 -0.11444529
v -0.01770000 -0.00376361 -0.11702986
v -0.01770000 -0.00380353 -0.11469987
v -0.01770000 -0.00320421 -0.11770018
v -0.01770000 -0.00040341 -0.11079997
v -0.01770000 0.00679659 -0.11080019
v -0.01770000 0.01339663 -0.10960041
v -0.01770000 0.00749658 -0.11098779
v -0.01770000 -0.00380341 -0.11089987
v -0.01770000 -0.00093917 -0.11090653
v -0.01770000 0.00819639 -0.11720024
v -0.01770000 0.00929650 -0.11366630
v -0.01770000 0.00827677 -0.11750025
v -0.01770000 0.00979650 -0.11380029
v -0.01770000 0.00849637 -0.11771987
v -0.01770000 0.01419662 -0.10981478
v -0.01770000 0.01066257 -0.11230032
v -0.01770000 0.01478224 -0.11040045
v -0.01770000 0.01079653 -0.11280032
v -0.01770000 0.01066254 -0.11330031
v -0.01770000 0.01029650 -0.11366633
v -0.01770000 0.01079637 -0.11780031
v -0.01770000 0.00879637 -0.11780025
v -0.01770000 0.01029655 -0.11193428
v -0.01770000 0.00979656 -0.11180029
v -0.01770000 0.00929655 -0.11193425
v -0.01770000 0.00800900 -0.11150023
v -0.01770000 0.00893052 -0.11230027
v -0.01770000 0.00819654 -0.11220024
v -0.01770000 0.00879652 -0.11280026
v -0.01770000 0.00893048 -0.11330026
v -0.01370000 0.00049530 -0.15260001
v -0.01510000 0.00049530 -0.15260001
v -0.01510000 0.00036134 -0.15210000
v -0.01370000 0.00036134 -0.15210000
v -0.01510000 -0.00000468 -0.15173396
v -0.01370000 -0.00000468 -0.15173396
v -0.01510000 -0.00050467 -0.15159997
v -0.01370000 -0.00050467 -0.15159997
v -0.02170000 -0.00767503 -0.20766582
v -0.02140000 -0.00777764 -0.20794773
v -0.02137523 -0.00793064 -0.20789203
v -0.02162740 -0.00800803 -0.20758939
v -0.02125355 -0.00813119 -0.20781903
v -0.02146569 -0.00824071 -0.20753712
v 0.01170000 0.00049530 -0.15260001
v 0.01030000 0.00049530 -0.15260001
v 0.01396863 0.01999407 -0.19260061
v 0.01230000 0.01999407 -0.19260061
v 0.01230000 0.01619406 -0.19260049
v 0.01430000 0.01499407 -0.19260045
v 0.01830000 0.01499407 -0.19260045
v 0.01830000 0.01566270 -0.19260047
v 0.01430000 0.01334407 -0.19260040
v 0.01427659 0.01993241 -0.19260060
v 0.01823983 0.01596709 -0.19260048
v 0.01806568 0.01622838 -0.19260049
v 0.01453431 0.01975975 -0.19260060
v 0.01430000 -0.00576356 -0.11552981
v 0.01980000 -0.00576356 -0.11552981
v -0.01770000 0.01499657 -0.11120045
v -0.02170000 0.01499657 -0.11120045
v -0.01770000 0.01499604 -0.12860045
v -0.02170000 0.01499604 -0.12860045
v -0.01770000 0.01339663 -0.10960041
v -0.02170000 0.01339663 -0.10960041
v -0.01770000 0.01419662 -0.10981478
v -0.02170000 0.01419662 -0.10981478
v -0.01770000 0.01478224 -0.11040045
v -0.02170000 0.01478224 -0.11040045
v 0.00020000 0.01869649 -0.11410057
v 0.00150000 0.01869649 -0.11410057
v -0.00005455 0.01869646 -0.11505056
v 0.00107128 0.01869644 -0.11570057
v -0.00075000 0.01869644 -0.11574602
v -0.00010000 0.01869640 -0.11687184
v -0.00170000 0.01869643 -0.11600056
v -0.00170000 0.01869639 -0.11730056
v -0.00265000 0.01869644 -0.11574602
v -0.00330000 0.01869640 -0.11687184
v -0.00334545 0.01869646 -0.11505056
v -0.00447128 0.01869644 -0.11570057
v -0.00360000 0.01869649 -0.11410057
v -0.00490000 0.01869649 -0.11410057
v -0.00334545 0.01869652 -0.11315056
v -0.00447128 0.01869654 -0.11250056
v -0.00265000 0.01869654 -0.11245511
v -0.00330000 0.01869657 -0.11132928
v -0.00170000 0.01869655 -0.11220057
v -0.00170000 0.01869659 -0.11090056
v -0.00075000 0.01869654 -0.11245511
v -0.00010000 0.01869657 -0.11132928
v -0.00005455 0.01869652 -0.11315056
v 0.00107128 0.01869654 -0.11250056
v -0.02267279 -0.00844473 -0.10759973
v -0.01464142 -0.01647611 -0.10759948
v -0.02170000 -0.00800331 -0.10759974
v -0.01370000 -0.01600331 -0.10759950
v -0.02306464 -0.00785676 -0.10759975
v -0.02170000 -0.00720331 -0.10759977
v -0.02319973 -0.00720331 -0.10759977
v -0.00270000 -0.01700331 -0.10759946
v -0.00270000 -0.01600331 -0.10759950
v -0.01336863 -0.01700331 -0.10759946
v -0.01405746 -0.01686630 -0.10759947
v -0.02320000 -0.00300616 -0.19987779
v -0.02340000 -0.00320616 -0.19987778
v -0.02320000 -0.00300365 -0.11854989
v -0.02340000 -0.00320365 -0.11854989
v 0.01785355 0.01604121 -0.21641986
v 0.01724061 0.01676233 -0.21621710
v 0.01806568 0.01622766 -0.21612097
v 0.01745274 0.01684061 -0.21594862
v 0.01170000 -0.00167068 -0.15109994
v 0.01170000 -0.00180464 -0.15059993
v 0.01170000 -0.00180501 -0.16259993
v 0.01170000 -0.00167102 -0.16209994
v 0.01170000 -0.00130498 -0.16173392
v 0.01170000 -0.00130467 -0.15146597
v 0.01170000 -0.00080498 -0.16159996
v 0.01170000 -0.00080467 -0.15159996
v 0.01170000 -0.00050498 -0.16159997
v 0.01170000 -0.00050467 -0.15159997
v 0.01170000 0.00036134 -0.15210000
v 0.01170000 -0.00000468 -0.15173396
v 0.01170000 0.00049530 -0.15260001
v 0.01170000 0.00049505 -0.16060000
v 0.01170000 0.00036106 -0.16110000
v 0.01170000 -0.00000498 -0.16146601
v 0.01396863 0.01999340 -0.21442063
v 0.01396863 0.01999407 -0.19260061
v 0.01427659 0.01993241 -0.19260060
v 0.01427659 0.01993174 -0.21443961
v 0.01453431 0.01975975 -0.19260060
v 0.01453431 0.01975908 -0.21449364
v 0.01980000 -0.00576356 -0.11552981
v 0.02000000 -0.00588356 -0.11568981
v 0.00830000 0.01999638 -0.11760061
v 0.00830000 0.01999613 -0.12560060
v 0.00830000 0.01379638 -0.11760042
v 0.00830000 0.01379613 -0.12560041
v -0.02320000 -0.00376361 -0.11702986
v -0.02340000 -0.00388361 -0.11718987
v 0.01980000 0.00564688 -0.21070594
v 0.02000000 0.00559352 -0.21047368
v 0.01980000 -0.00724338 -0.20601382
v 0.02000000 -0.00717497 -0.20582588
v -0.00875000 -0.01670353 -0.11464492
v -0.00805000 -0.01670357 -0.11585735
v -0.00805455 -0.01670351 -0.11394947
v -0.00684212 -0.01670353 -0.11464947
v -0.00780000 -0.01670348 -0.11299948
v -0.00640000 -0.01670348 -0.11299948
v -0.00805455 -0.01670345 -0.11204947
v -0.00684212 -0.01670343 -0.11134947
v -0.00875000 -0.01670343 -0.11135403
v -0.00805000 -0.01670339 -0.11014158
v -0.00970000 -0.01670342 -0.11109947
v -0.00970000 -0.01670338 -0.10969948
v -0.01065000 -0.01670343 -0.11135403
v -0.01135000 -0.01670339 -0.11014158
v -0.01134545 -0.01670345 -0.11204947
v -0.01255788 -0.01670343 -0.11134947
v -0.01160000 -0.01670348 -0.11299948
v -0.01300000 -0.01670348 -0.11299948
v -0.01134545 -0.01670351 -0.11394947
v -0.01255788 -0.01670353 -0.11464947
v -0.01065000 -0.01670353 -0.11464492
v -0.01135000 -0.01670357 -0.11585735
v -0.00970000 -0.01670354 -0.11489948
v -0.00970000 -0.01670358 -0.11629947
v -0.02320000 0.00579351 -0.21055932
v -0.02170000 0.00579351 -0.21055932
v 0.00867500 0.00854560 -0.14295073
v 0.00894952 0.00854559 -0.14322525
v 0.00830000 0.00854558 -0.14360025
v 0.00905000 0.00854558 -0.14360025
v 0.00894952 0.00854557 -0.14397525
v 0.00765048 0.00854559 -0.14322525
v 0.00792500 0.00854560 -0.14295073
v 0.00830000 0.00854560 -0.14285025
v 0.00792500 0.00854556 -0.14424977
v 0.00765048 0.00854557 -0.14397525
v 0.00755000 0.00854558 -0.14360025
v 0.00867500 0.00854556 -0.14424977
v 0.00830000 0.00854555 -0.14435025
v -0.00995000 0.01379642 -0.11640041
v -0.01015000 0.01379641 -0.11660042
v -0.00995000 0.01999642 -0.11640060
v -0.01015000 0.01999641 -0.11660061
v -0.01486863 -0.01653233 -0.12659947
v -0.01999706 -0.01140390 -0.12659963
v -0.01486863 -0.01140390 -0.12659963
v 0.00730000 0.01379641 -0.11660042
v 0.00675000 0.01379641 -0.11660042
v 0.00730000 0.01999641 -0.11660061
v 0.00675000 0.01999641 -0.11660061
v -0.01078253 -0.00920350 -0.11362471
v -0.01032500 -0.00920351 -0.11408223
v -0.00970000 -0.00920348 -0.11299971
v -0.00970000 -0.00920352 -0.11424971
v -0.00907500 -0.00920351 -0.11408223
v -0.01032500 -0.00920345 -0.11191717
v -0.01078253 -0.00920346 -0.11237471
v -0.01095000 -0.00920348 -0.11299971
v -0.00861747 -0.00920346 -0.11237471
v -0.00907500 -0.00920345 -0.11191717
v -0.00970000 -0.00920344 -0.11174971
v -0.00861747 -0.00920350 -0.11362471
v -0.00845000 -0.00920348 -0.11299971
v 0.01828463 0.01582139 -0.10758510
v 0.01823910 0.01597146 -0.10753958
v 0.01730000 0.01558250 -0.10660047
v 0.01730000 -0.00758907 -0.10659975
v 0.01830000 -0.00800331 -0.10759974
v 0.01830000 -0.00720331 -0.10759977
v 0.01830000 0.01566531 -0.10760047
v -0.00377846 0.01219350 -0.21100036
v -0.00410000 0.01219353 -0.20980036
v -0.00401800 0.01028572 -0.21042232
v -0.00232135 0.01052529 -0.20748214
v -0.00290000 0.01047514 -0.20772185
v -0.00290000 0.01219360 -0.20772190
v -0.00377846 0.01033681 -0.20860031
v -0.00377846 0.01219357 -0.20860036
v -0.00401784 0.01028579 -0.20917771
v -0.00410000 0.01026692 -0.20980030
v -0.00170000 0.01054361 -0.20740031
v -0.00170000 0.01219361 -0.20740036
v -0.00107666 0.01052517 -0.20748267
v -0.00050000 0.01219360 -0.20772190
v -0.00050000 0.01047514 -0.20772185
v 0.00037846 0.01219357 -0.20860036
v 0.00037846 0.01033681 -0.20860031
v 0.00061799 0.01028576 -0.20917829
v 0.00070000 0.01219353 -0.20980036
v 0.00070000 0.01026692 -0.20980030
v 0.00061784 0.01028576 -0.21042290
v 0.00037846 0.01219350 -0.21100036
v 0.00037846 0.01033674 -0.21100031
v -0.00050000 0.01219347 -0.21187882
v -0.00050000 0.01047501 -0.21187877
v -0.00377846 0.01033674 -0.21100031
v -0.00290000 0.01047501 -0.21187877
v -0.00290000 0.01219347 -0.21187882
v -0.00232334 0.01052503 -0.21211795
v -0.00170000 0.01219346 -0.21220036
v -0.00170000 0.01054346 -0.21220031
v -0.00107865 0.01052515 -0.21211848
v -0.02070000 0.01558250 -0.10660047
v -0.02070000 -0.00758907 -0.10659975
v -0.01273756 0.00052100 -0.10660000
v 0.00774115 0.01689672 -0.10660051
v 0.00367291 0.00965251 -0.10660028
v 0.00768999 0.00582171 -0.10660017
v -0.00270000 -0.01500328 -0.10659952
v -0.00270000 -0.01100794 -0.10659965
v -0.00274739 -0.01100353 -0.10659965
v -0.01328579 -0.01500328 -0.10659952
v -0.00796396 -0.00910632 -0.10659971
v -0.01159985 -0.00491201 -0.10659983
v -0.01235359 0.01899672 -0.10660057
v -0.01728579 0.01899672 -0.10660057
v -0.01114116 0.01689672 -0.10660051
v -0.01108999 0.00582171 -0.10660017
v -0.00707291 0.00965251 -0.10660028
v -0.01087327 0.01657746 -0.10660050
v 0.01730000 0.01558250 -0.10660047
v 0.01388578 0.01899672 -0.10660057
v 0.00895359 0.01899672 -0.10660057
v 0.01730000 -0.00758907 -0.10659975
v 0.00819984 -0.00491201 -0.10659983
v 0.00988578 -0.01500328 -0.10659952
v 0.00456396 -0.00910632 -0.10659971
v -0.00070000 -0.01500328 -0.10659952
v -0.00065261 -0.01100353 -0.10659965
v -0.00070000 -0.01100794 -0.10659965
v 0.00933756 0.00052100 -0.10660000
v 0.00747327 0.01657746 -0.10660050
v 0.00711235 0.01636908 -0.10660049
v -0.00170000 0.01104672 -0.10660033
v 0.00670192 0.01629672 -0.10660049
v -0.01010192 0.01629672 -0.10660049
v -0.01051235 0.01636908 -0.10660049
v 0.00830000 0.01254425 -0.18660037
v 0.00830000 0.01334425 -0.18660040
v 0.00730000 0.01334424 -0.18686835
v 0.00730000 0.01254425 -0.18686832
v 0.00656795 0.01334422 -0.18760040
v 0.00656795 0.01254422 -0.18760037
v -0.01770000 0.01254566 -0.14110038
v -0.01170000 0.01254566 -0.14110038
v -0.01770000 0.01334565 -0.14110040
v -0.01170000 0.01334565 -0.14110040
v -0.01510000 0.00049505 -0.16060000
v -0.01370000 0.00049505 -0.16060000
v -0.02170000 -0.00767503 -0.20766582
v -0.02140000 -0.00777764 -0.20794773
v 0.01030000 -0.00050467 -0.15159997
v 0.01170000 -0.00050467 -0.15159997
v 0.01170000 -0.00000468 -0.15173396
v 0.01030000 -0.00000468 -0.15173396
v 0.01170000 0.00036134 -0.15210000
v 0.01030000 0.00036134 -0.15210000
v 0.00603205 0.01334410 -0.19160040
v 0.00830000 0.01334417 -0.18935040
v 0.00867500 0.01334417 -0.18924992
v 0.00430000 0.01334407 -0.19260040
v 0.00530000 0.01334408 -0.19233245
v 0.01430000 0.01334407 -0.19260040
v 0.00830000 0.01334425 -0.18660040
v 0.01430000 0.01334425 -0.18660040
v 0.00894952 0.01334420 -0.18822540
v 0.00894952 0.01334418 -0.18897539
v 0.00905000 0.01334419 -0.18860040
v 0.00867500 0.01334421 -0.18795088
v 0.00830000 0.01334421 -0.18785039
v 0.00730000 0.01334424 -0.18686835
v 0.00792500 0.01334421 -0.18795088
v 0.00656795 0.01334422 -0.18760040
v 0.00765048 0.01334420 -0.18822540
v 0.00630000 0.01334419 -0.18860040
v 0.00755000 0.01334419 -0.18860040
v 0.00630000 0.01334413 -0.19060040
v 0.00765048 0.01334418 -0.18897539
v 0.00792500 0.01334417 -0.18924992
v 0.01980000 -0.00667625 -0.11443614
v 0.01430000 -0.00667625 -0.11443614
v 0.01980000 -0.00697403 -0.11347620
v 0.01430000 -0.00700348 -0.11304977
v 0.01979972 -0.00700348 -0.11304977
v -0.01793432 0.01976237 -0.10760060
v -0.01793432 0.01976173 -0.12860060
v -0.02146569 0.01623100 -0.10760049
v -0.02146569 0.01623035 -0.12860049
v -0.01370000 -0.00380341 -0.11089987
v -0.01770000 -0.00380341 -0.11089987
v -0.01370000 -0.00285343 -0.11115445
v -0.01770000 -0.00285343 -0.11115445
v -0.01370000 -0.00215800 -0.11184993
v -0.01770000 -0.00215800 -0.11184993
v -0.01370000 -0.00190347 -0.11279993
v -0.01770000 -0.00190347 -0.11279993
v -0.01370000 -0.00215806 -0.11374991
v -0.01770000 -0.00215806 -0.11374991
v -0.01370000 -0.00285353 -0.11444534
v -0.01770000 -0.00285353 -0.11444534
v -0.01370000 -0.00380353 -0.11469987
v -0.01770000 -0.00380353 -0.11469987
v -0.01370000 -0.00475353 -0.11444529
v -0.01770000 -0.00475353 -0.11444529
v -0.01370000 -0.00544895 -0.11374981
v -0.01770000 -0.00544895 -0.11374981
v -0.01370000 -0.00570348 -0.11279981
v -0.01770000 -0.00570348 -0.11279981
v -0.01370000 -0.00544889 -0.11184983
v -0.01770000 -0.00544889 -0.11184983
v -0.01370000 -0.00475342 -0.11115439
v -0.01770000 -0.00475342 -0.11115439
v 0.00996863 -0.01291839 -0.13079960
v 0.00996863 -0.01270405 -0.13159960
v 0.00996863 -0.01291844 -0.13239959
v 0.00996863 -0.01350410 -0.13298521
v 0.00996863 -0.01430410 -0.13319955
v 0.00996863 -0.01510410 -0.13298516
v 0.00996863 -0.01568967 -0.13079951
v 0.00996863 -0.01590405 -0.13159950
v 0.00996863 -0.01568972 -0.13239950
v 0.00996863 -0.01510401 -0.13021388
v 0.00996863 -0.01430401 -0.12999954
v 0.00996863 -0.01350401 -0.13021393
v -0.00936863 -0.01430401 -0.12999954
v -0.00936863 -0.01430399 -0.12959955
v -0.00936863 -0.01350401 -0.13021393
v -0.00936863 -0.01330400 -0.12986753
v -0.00936863 -0.01291839 -0.13079960
v -0.00936863 -0.01257197 -0.13059960
v -0.00936863 -0.01270405 -0.13159960
v -0.00936863 -0.01230405 -0.13159961
v -0.00936863 -0.01291844 -0.13239959
v -0.00936863 -0.01257203 -0.13259960
v -0.00936863 -0.01350410 -0.13298521
v -0.00936863 -0.01330411 -0.13333163
v -0.00936863 -0.01430410 -0.13319955
v -0.00936863 -0.01430412 -0.13359955
v -0.00936863 -0.01510410 -0.13298516
v -0.00936863 -0.01530411 -0.13333156
v -0.00936863 -0.01568972 -0.13239950
v -0.00936863 -0.01603613 -0.13259949
v -0.00936863 -0.01590405 -0.13159950
v -0.00936863 -0.01630406 -0.13159949
v -0.00936863 -0.01568967 -0.13079951
v -0.00936863 -0.01603607 -0.13059950
v -0.00936863 -0.01510401 -0.13021388
v -0.00936863 -0.01530400 -0.12986747
v -0.01370000 -0.00200570 -0.18509993
v -0.01770000 -0.00200570 -0.18509993
v -0.01370000 -0.00250570 -0.18496594
v -0.01770000 -0.00250570 -0.18496594
v -0.01370000 -0.00287171 -0.18459990
v -0.01770000 -0.00287171 -0.18459990
v 0.01396863 0.01982725 -0.21468911
v 0.01419108 0.01977482 -0.21471524
v 0.01432218 0.01968080 -0.21476212
v 0.01724061 0.01676233 -0.21621710
v -0.02064061 0.01676233 -0.21621710
v -0.01772218 0.01968080 -0.21476212
v -0.01736863 0.01982725 -0.21468911
v -0.01759108 0.01977482 -0.21471524
v 0.01030000 -0.00180544 -0.17659993
v 0.01430000 -0.00180544 -0.17659993
v 0.01396863 0.01999340 -0.21442063
v 0.01396863 0.01982725 -0.21468911
v -0.01736863 0.01999340 -0.21442063
v -0.01736863 0.01982725 -0.21468911
v 0.01980000 -0.00697403 -0.11347620
v 0.01979972 -0.00700348 -0.11304977
v 0.02000000 -0.00717213 -0.11350371
v 0.01999969 -0.00720697 -0.11304976
v 0.00655000 0.01379605 -0.12840041
v 0.00655000 0.01379610 -0.12680041
v 0.00655000 0.01999605 -0.12840060
v 0.00655000 0.01999610 -0.12680060
v -0.02320000 -0.00320421 -0.11770018
v -0.02340000 -0.00338310 -0.11778963
v -0.02320000 -0.00300365 -0.11854989
v -0.02340000 -0.00320365 -0.11854989
v 0.01941421 -0.00858917 -0.20536258
v 0.01927279 -0.00851616 -0.20555052
v 0.01968401 -0.00787805 -0.20578280
v 0.01984811 -0.00793948 -0.20557554
v 0.01980000 -0.00724338 -0.20601382
v 0.02000000 -0.00717497 -0.20582588
v -0.01078253 -0.01320443 -0.14362458
v -0.01134545 -0.01320444 -0.14394958
v -0.01032500 -0.01320444 -0.14408211
v -0.01065000 -0.01320446 -0.14464503
v -0.00970000 -0.01320445 -0.14424958
v -0.00970000 -0.01320447 -0.14489958
v -0.00907500 -0.01320444 -0.14408211
v -0.00875000 -0.01320446 -0.14464503
v -0.00861747 -0.01320443 -0.14362458
v -0.00805455 -0.01320444 -0.14394958
v -0.00845000 -0.01320441 -0.14299958
v -0.00780000 -0.01320441 -0.14299958
v -0.00861747 -0.01320439 -0.14237458
v -0.00805455 -0.01320438 -0.14204958
v -0.00907500 -0.01320437 -0.14191705
v -0.00875000 -0.01320436 -0.14135413
v -0.00970000 -0.01320437 -0.14174958
v -0.00970000 -0.01320435 -0.14109958
v -0.01032500 -0.01320437 -0.14191705
v -0.01065000 -0.01320436 -0.14135413
v -0.01078253 -0.01320439 -0.14237458
v -0.01134545 -0.01320438 -0.14204958
v -0.01095000 -0.01320441 -0.14299958
v -0.01160000 -0.01320441 -0.14299958
v -0.01793432 0.01975908 -0.21449364
v -0.01772218 0.01968080 -0.21476212
v -0.02085274 0.01684061 -0.21594862
v -0.02064061 0.01676233 -0.21621710
v 0.01999969 -0.00720697 -0.11304976
v 0.01999969 -0.00720681 -0.10779977
v 0.01984960 -0.00793285 -0.10779975
v 0.01984886 -0.00793571 -0.20557677
v 0.02000000 -0.00717213 -0.11350371
v 0.01941421 -0.00858616 -0.10779973
v 0.01941421 -0.00858917 -0.20536258
v 0.01984811 -0.00793948 -0.20557554
v -0.01162388 0.01999612 -0.12598329
v -0.01162388 0.01379612 -0.12598310
v -0.01140711 0.01999611 -0.12630772
v -0.01140711 0.01379611 -0.12630752
v -0.01108268 0.01999610 -0.12652448
v -0.01108268 0.01379610 -0.12652429
v -0.01070000 0.01999610 -0.12660060
v -0.01070000 0.01379610 -0.12660041
v -0.01999706 -0.01140421 -0.13659964
v -0.01486863 -0.01653263 -0.13659948
v -0.01486863 -0.01140421 -0.13659964
v 0.00730000 0.01999610 -0.12660060
v 0.00675000 0.01999610 -0.12660060
v 0.00730000 0.01379610 -0.12660041
v 0.00675000 0.01379610 -0.12660041
v 0.00867500 0.00969369 -0.20468282
v 0.00821747 0.00969371 -0.20422529
v 0.00930000 0.00969373 -0.20360028
v 0.00805000 0.00969373 -0.20360028
v 0.00821747 0.00969375 -0.20297528
v 0.01038253 0.00969371 -0.20422529
v 0.00992500 0.00969369 -0.20468282
v 0.00930000 0.00969369 -0.20485029
v 0.00992500 0.00969376 -0.20251776
v 0.01038253 0.00969375 -0.20297528
v 0.01055000 0.00969373 -0.20360028
v 0.00867500 0.00969376 -0.20251776
v 0.00930000 0.00969376 -0.20235029
v -0.00360000 0.01469649 -0.11410045
v -0.00360000 0.01869649 -0.11410057
v -0.00334545 0.01469652 -0.11315044
v -0.00334545 0.01869652 -0.11315056
v -0.00265000 0.01469654 -0.11245499
v -0.00265000 0.01869654 -0.11245511
v -0.00170000 0.01469655 -0.11220044
v -0.00170000 0.01869655 -0.11220057
v -0.00075000 0.01469654 -0.11245499
v -0.00075000 0.01869654 -0.11245511
v -0.00005455 0.01469652 -0.11315044
v -0.00005455 0.01869652 -0.11315056
v 0.00020000 0.01469649 -0.11410045
v 0.00020000 0.01869649 -0.11410057
v -0.00005455 0.01469646 -0.11505044
v -0.00005455 0.01869646 -0.11505056
v -0.00075000 0.01469644 -0.11574589
v -0.00075000 0.01869644 -0.11574602
v -0.00170000 0.01469643 -0.11600043
v -0.00170000 0.01869643 -0.11600056
v -0.00265000 0.01469644 -0.11574589
v -0.00265000 0.01869644 -0.11574602
v -0.00334545 0.01469646 -0.11505044
v -0.00334545 0.01869646 -0.11505056
v 0.01830000 -0.00800331 -0.10759974
v 0.01730000 -0.00758907 -0.10659975
v 0.01030000 -0.01600331 -0.10759950
v 0.00988578 -0.01500328 -0.10659952
v -0.00429808 0.01254408 -0.19230037
v -0.00470000 0.01254412 -0.19080038
v -0.00459735 0.01013845 -0.19157837
v -0.00247726 0.01051554 -0.18790275
v -0.00320000 0.01043702 -0.18820223
v -0.00320000 0.01254420 -0.18820230
v -0.00429808 0.01021926 -0.18930030
v -0.00429808 0.01254417 -0.18930037
v -0.00459715 0.01013856 -0.19002148
v -0.00470000 0.01010859 -0.19080030
v -0.00170000 0.01054421 -0.18780031
v -0.00170000 0.01254422 -0.18780038
v -0.00091983 0.01051532 -0.18790353
v -0.00020000 0.01254420 -0.18820230
v -0.00020000 0.01043702 -0.18820223
v 0.00089808 0.01254417 -0.18930037
v 0.00089808 0.01021926 -0.18930030
v 0.00119734 0.01013850 -0.19002223
v 0.00130000 0.01254412 -0.19080038
v 0.00130000 0.01010859 -0.19080030
v 0.00119714 0.01013851 -0.19157912
v 0.00089808 0.01254408 -0.19230037
v 0.00089808 0.01021917 -0.19230030
v -0.00020000 0.01254404 -0.19339845
v -0.00020000 0.01043686 -0.19339839
v -0.00429808 0.01021917 -0.19230030
v -0.00320000 0.01043686 -0.19339839
v -0.00320000 0.01254404 -0.19339845
v -0.00248017 0.01051515 -0.19369709
v -0.00170000 0.01254403 -0.19380037
v -0.00170000 0.01054403 -0.19380031
v -0.00092274 0.01051536 -0.19369787
v -0.01370000 -0.00272092 -0.11217490
v -0.01189401 -0.00272092 -0.11217490
v -0.01370000 -0.00317844 -0.11171736
v -0.01183854 -0.00292108 -0.11191450
v -0.01370000 -0.00272096 -0.11342490
v -0.01192641 -0.00259636 -0.11312447
v -0.01370000 -0.00255347 -0.11279991
v -0.01193719 -0.00255347 -0.11279991
v -0.01192643 -0.00259627 -0.11247558
v -0.01370000 -0.00380351 -0.11404987
v -0.01176091 -0.00317851 -0.11388241
v -0.01370000 -0.00317851 -0.11388241
v -0.01183860 -0.00292093 -0.11368510
v -0.01189401 -0.00272096 -0.11342490
v -0.01370000 -0.00488602 -0.11342484
v -0.01127716 -0.00442851 -0.11388238
v -0.01370000 -0.00442851 -0.11388238
v -0.01153938 -0.00380997 -0.11404985
v -0.01154150 -0.00380393 -0.11404824
v -0.01370000 -0.00505348 -0.11279983
v -0.01098631 -0.00501018 -0.11312600
v -0.01105219 -0.00488602 -0.11342484
v -0.01176091 -0.00317844 -0.11171736
v -0.01154188 -0.00380343 -0.11154987
v -0.01370000 -0.00380343 -0.11154987
v -0.01127716 -0.00442844 -0.11171733
v -0.01370000 -0.00442844 -0.11171733
v -0.01105219 -0.00488599 -0.11217484
v -0.01370000 -0.00488599 -0.11217484
v -0.01098637 -0.00501004 -0.11247324
v -0.01096283 -0.00505348 -0.11279983
v 0.01430000 0.01254425 -0.18660037
v 0.01430000 0.01334425 -0.18660040
v -0.00970000 0.01254559 -0.14310037
v -0.00970000 0.01334559 -0.14310040
v -0.00996795 0.01334562 -0.14210040
v -0.00996795 0.01254562 -0.14210037
v -0.01070000 0.01334565 -0.14136835
v -0.01070000 0.01254565 -0.14136832
v -0.01370000 -0.00050498 -0.16159997
v -0.01510000 -0.00050498 -0.16159997
v -0.01510000 -0.00000498 -0.16146601
v -0.01370000 -0.00000498 -0.16146601
v -0.01510000 0.00036106 -0.16110000
v -0.01370000 0.00036106 -0.16110000
v -0.02064061 0.01676233 -0.21621710
v 0.01724061 0.01676233 -0.21621710
v -0.02125355 0.01604121 -0.21641986
v 0.01785355 0.01604121 -0.21641986
v 0.01788732 0.01598324 -0.21642226
v 0.01800000 0.01518589 -0.21630657
v -0.02140000 0.01518589 -0.21630657
v 0.01800000 0.01562526 -0.21641218
v -0.02140000 0.01562526 -0.21641218
v 0.01795682 0.01586395 -0.21642720
v -0.02135682 0.01586395 -0.21642720
v -0.02128732 0.01598324 -0.21642226
v 0.01030000 -0.00167068 -0.15109994
v 0.01170000 -0.00167068 -0.15109994
v 0.01030000 -0.00130467 -0.15146597
v 0.01170000 -0.00130467 -0.15146597
v 0.01030000 -0.00080467 -0.15159996
v 0.01170000 -0.00080467 -0.15159996
v 0.01830000 0.01499364 -0.20631541
v 0.01830000 0.01499407 -0.19260045
v 0.01430000 0.01499364 -0.20631541
v 0.01430000 0.01499407 -0.19260045
v 0.01830000 -0.00700332 -0.10779978
v 0.01979972 -0.00700332 -0.10779978
v 0.01830000 -0.00700341 -0.11069977
v 0.01430000 -0.00700341 -0.11069977
v -0.01736863 0.01999604 -0.12860060
v -0.01736863 0.01999669 -0.10760060
v -0.01270000 0.01999661 -0.11010060
v -0.01270000 0.01999669 -0.10760060
v -0.01070000 0.01999641 -0.11660061
v -0.01120000 0.01999641 -0.11673458
v -0.00995000 0.01999661 -0.11010060
v -0.00995000 0.01999642 -0.11640060
v -0.01015000 0.01999641 -0.11660061
v -0.01156603 0.01999639 -0.11710060
v -0.01170000 0.01999638 -0.11760061
v -0.01170000 0.01999613 -0.12560060
v -0.01108268 0.01999610 -0.12652448
v -0.01015000 0.01999604 -0.12860060
v -0.01140711 0.01999611 -0.12630772
v -0.01162388 0.01999612 -0.12598329
v -0.00995000 0.01999610 -0.12680060
v -0.00995000 0.01999605 -0.12840060
v -0.01015000 0.01999610 -0.12660060
v -0.01070000 0.01999610 -0.12660060
v -0.00870000 0.00979656 -0.11180029
v -0.01770000 0.00979656 -0.11180029
v -0.00870000 0.01029655 -0.11193428
v -0.01770000 0.01029655 -0.11193428
v -0.00870000 0.01066257 -0.11230032
v -0.01770000 0.01066257 -0.11230032
v -0.00870000 0.01079653 -0.11280032
v -0.01770000 0.01079653 -0.11280032
v -0.00870000 0.01066254 -0.11330031
v -0.01770000 0.01066254 -0.11330031
v -0.00870000 0.01029650 -0.11366633
v -0.01770000 0.01029650 -0.11366633
v -0.00870000 0.00979650 -0.11380029
v -0.01770000 0.00979650 -0.11380029
v -0.00870000 0.00929650 -0.11366630
v -0.01770000 0.00929650 -0.11366630
v -0.00870000 0.00893048 -0.11330026
v -0.01770000 0.00893048 -0.11330026
v -0.00870000 0.00879652 -0.11280026
v -0.01770000 0.00879652 -0.11280026
v -0.00870000 0.00893052 -0.11230027
v -0.01770000 0.00893052 -0.11230027
v -0.00870000 0.00929655 -0.11193425
v -0.01770000 0.00929655 -0.11193425
v 0.00996863 -0.01600625 -0.20282409
v 0.00996863 -0.01600631 -0.20474239
v 0.01027655 -0.01594467 -0.20475628
v 0.01027655 -0.01594461 -0.20284653
v 0.01053431 -0.01577200 -0.20479569
v 0.01053431 -0.01577194 -0.20290938
v -0.00970000 -0.01670358 -0.11629947
v -0.00970000 -0.01720358 -0.11629946
v -0.00805000 -0.01670357 -0.11585735
v -0.00805000 -0.01720357 -0.11585734
v -0.00684212 -0.01670353 -0.11464947
v -0.00684212 -0.01720353 -0.11464945
v -0.00640000 -0.01670348 -0.11299948
v -0.00640000 -0.01720348 -0.11299946
v -0.00684212 -0.01670343 -0.11134947
v -0.00684212 -0.01720343 -0.11134945
v -0.00805000 -0.01670339 -0.11014158
v -0.00805000 -0.01720339 -0.11014157
v -0.00970000 -0.01670338 -0.10969948
v -0.00970000 -0.01720338 -0.10969946
v -0.01135000 -0.01670339 -0.11014158
v -0.01135000 -0.01720339 -0.11014157
v -0.01255788 -0.01670343 -0.11134947
v -0.01255788 -0.01720343 -0.11134945
v -0.01300000 -0.01670348 -0.11299948
v -0.01300000 -0.01720348 -0.11299946
v -0.01255788 -0.01670353 -0.11464947
v -0.01255788 -0.01720353 -0.11464945
v -0.01135000 -0.01670357 -0.11585735
v -0.01135000 -0.01720357 -0.11585734
v -0.01770000 -0.00180413 -0.13409993
v -0.01370000 -0.00180413 -0.13409993
v -0.02064061 0.01676233 -0.21621710
v -0.02125355 0.01604121 -0.21641986
v -0.02085274 0.01684061 -0.21594862
v -0.02146569 0.01622766 -0.21612097
v 0.01030000 -0.00180413 -0.13409993
v 0.01430000 -0.00180413 -0.13409993
v -0.01767800 0.01993115 -0.21443979
v -0.01767654 0.01993145 -0.21443970
v -0.01767660 0.01993241 -0.19260060
v -0.01736863 0.01999407 -0.19260061
v -0.01736863 0.01999340 -0.21442063
v 0.02000000 -0.00685514 -0.11452558
v 0.01980000 -0.00667625 -0.11443614
v 0.02000000 -0.00717213 -0.11350371
v 0.01980000 -0.00697403 -0.11347620
v 0.00756795 0.01699661 -0.11010051
v 0.00930000 0.01999661 -0.11010060
v 0.00655000 0.01999661 -0.11010060
v 0.00655000 0.01649661 -0.11010049
v 0.00670192 0.01649661 -0.11010049
v 0.00704394 0.01655692 -0.11010050
v 0.00734471 0.01673057 -0.11010050
v -0.01510000 0.01208961 -0.12415622
v -0.01770000 0.01208961 -0.12415622
v 0.01927279 -0.00851616 -0.20555052
v 0.01941421 -0.00858917 -0.20536258
v 0.01124142 -0.01654744 -0.20262710
v 0.01138284 -0.01662045 -0.20243915
v -0.01478284 -0.01661811 -0.12660193
v -0.01411863 -0.01140391 -0.12680060
v -0.01447069 -0.01687287 -0.12665321
v -0.01411863 -0.01705795 -0.12680043
v -0.01381165 -0.01715423 -0.12703513
v -0.01356959 -0.01140392 -0.12734964
v -0.01356959 -0.01719380 -0.12734946
v -0.01341976 -0.01720328 -0.12771115
v -0.01336863 -0.01140395 -0.12809964
v -0.01336863 -0.01720394 -0.12809946
v -0.01736863 0.01999340 -0.21442063
v -0.01736863 0.01982725 -0.21468911
v -0.01759108 0.01977482 -0.21471524
v -0.01767800 0.01993115 -0.21443979
v -0.01772218 0.01968080 -0.21476212
v -0.01793432 0.01975908 -0.21449364
v -0.00595000 0.01379610 -0.12680041
v -0.00575000 0.01379610 -0.12660041
v -0.00595000 0.01999610 -0.12680060
v -0.00575000 0.01999610 -0.12660060
v -0.01070000 0.01999641 -0.11660061
v -0.01070000 0.01379641 -0.11660042
v -0.01120000 0.01999641 -0.11673458
v -0.01120000 0.01379641 -0.11673439
v -0.01156603 0.01999639 -0.11710060
v -0.01156603 0.01379639 -0.11710041
v -0.02320000 0.00579351 -0.21055932
v -0.02320000 0.00564688 -0.21070594
v -0.02340000 0.00559352 -0.21047368
v -0.01070000 0.01999641 -0.11660061
v -0.01015000 0.01999641 -0.11660061
v -0.01070000 0.01379641 -0.11660042
v -0.01015000 0.01379641 -0.11660042
v -0.01332500 0.00969369 -0.20468282
v -0.01378253 0.00969371 -0.20422529
v -0.01270000 0.00969373 -0.20360028
v -0.01395000 0.00969373 -0.20360028
v -0.01378253 0.00969375 -0.20297528
v -0.01161747 0.00969371 -0.20422529
v -0.01207500 0.00969369 -0.20468282
v -0.01270000 0.00969369 -0.20485029
v -0.01207500 0.00969376 -0.20251776
v -0.01161747 0.00969375 -0.20297528
v -0.01145000 0.00969373 -0.20360028
v -0.01332500 0.00969376 -0.20251776
v -0.01270000 0.00969376 -0.20235029
v 0.00996863 -0.01590405 -0.13159950
v -0.00070000 -0.01590405 -0.13159950
v 0.00996863 -0.01568967 -0.13079951
v -0.00070000 -0.01568967 -0.13079951
v 0.00996863 -0.01510401 -0.13021388
v -0.00070000 -0.01510401 -0.13021388
v 0.00996863 -0.01430401 -0.12999954
v -0.00070000 -0.01430401 -0.12999954
v 0.00996863 -0.01350401 -0.13021393
v -0.00070000 -0.01350401 -0.13021393
v 0.00996863 -0.01291839 -0.13079960
v -0.00070000 -0.01291839 -0.13079960
v 0.00996863 -0.01270405 -0.13159960
v -0.00070000 -0.01270405 -0.13159960
v 0.00996863 -0.01291844 -0.13239959
v -0.00070000 -0.01291844 -0.13239959
v 0.00996863 -0.01350410 -0.13298521
v -0.00070000 -0.01350410 -0.13298521
v 0.00996863 -0.01430410 -0.13319955
v -0.00070000 -0.01430410 -0.13319955
v 0.00996863 -0.01510410 -0.13298516
v -0.00070000 -0.01510410 -0.13298516
v 0.00996863 -0.01568972 -0.13239950
v -0.00070000 -0.01568972 -0.13239950
v 0.01030000 -0.01600331 -0.10759950
v 0.00988578 -0.01500328 -0.10659952
v -0.00070000 -0.01600331 -0.10759950
v -0.00070000 -0.01500328 -0.10659952
v -0.00137631 0.01054148 -0.11530767
v -0.00107500 0.01052792 -0.11518284
v -0.00107500 0.01469645 -0.11518297
v -0.00061747 0.01049078 -0.11472532
v -0.00061747 0.01469647 -0.11472545
v -0.00049276 0.01047718 -0.11442445
v -0.00045000 0.01469649 -0.11410045
v -0.00170000 0.01054645 -0.11535032
v -0.00170000 0.01469645 -0.11535045
v -0.00202396 0.01054147 -0.11530760
v -0.00232500 0.01469645 -0.11518297
v -0.00232500 0.01052792 -0.11518284
v -0.00278253 0.01469647 -0.11472545
v -0.00278253 0.01049078 -0.11472532
v -0.00290746 0.01047715 -0.11442363
v -0.00295000 0.01469649 -0.11410045
v -0.00295000 0.01047217 -0.11410032
v -0.00290724 0.01047720 -0.11377617
v -0.00278253 0.01469651 -0.11347543
v -0.00278253 0.01049082 -0.11347530
v -0.00232500 0.01469652 -0.11301791
v -0.00232500 0.01052799 -0.11301778
v -0.00061747 0.01469651 -0.11347543
v -0.00107500 0.01052799 -0.11301778
v -0.00107500 0.01469652 -0.11301791
v -0.00137604 0.01054154 -0.11289303
v -0.00170000 0.01469653 -0.11285043
v -0.00170000 0.01054652 -0.11285031
v -0.00202370 0.01054156 -0.11289295
v -0.00045000 0.01047217 -0.11410032
v -0.00049254 0.01047717 -0.11377699
v -0.00061747 0.01049082 -0.11347530
v -0.00270000 -0.01580892 -0.20502430
v -0.00270000 -0.01171567 -0.20651426
v -0.00270000 -0.01050883 -0.20550936
v -0.00270000 -0.01590405 -0.13159950
v -0.00270000 -0.01600331 -0.10759950
v -0.00270000 -0.01700331 -0.10759946
v -0.00270000 -0.01600625 -0.20282409
v -0.00270000 -0.01600631 -0.20474239
v -0.00270000 -0.01270405 -0.13159960
v -0.00270000 -0.01291844 -0.13239959
v -0.00270000 -0.01050580 -0.10709966
v -0.00270000 -0.01430410 -0.13319955
v -0.00270000 -0.01510410 -0.13298516
v -0.00270000 -0.01720623 -0.20224725
v -0.00270000 -0.01350410 -0.13298521
v -0.00270000 -0.01707464 -0.20243519
v -0.00270000 -0.01430401 -0.12999954
v -0.00270000 -0.01350401 -0.13021393
v -0.00270000 -0.01291839 -0.13079960
v -0.00270000 -0.01568972 -0.13239950
v -0.00270000 -0.01720332 -0.10779946
v -0.00270000 -0.01568967 -0.13079951
v -0.00270000 -0.01510401 -0.13021388
v -0.00270000 -0.01500328 -0.10659952
v -0.00270000 -0.01100794 -0.10659965
v 0.01430000 -0.00200570 -0.18509993
v 0.01430000 -0.00250570 -0.18496594
v 0.01430000 -0.00300616 -0.19987779
v 0.01430000 -0.00287171 -0.18459990
v 0.01430000 -0.00300567 -0.18409989
v 0.01430000 0.01334407 -0.19260040
v 0.01430000 0.01334425 -0.18660040
v 0.01430000 0.01208756 -0.19044450
v 0.01430000 -0.00095162 -0.20024996
v 0.01430000 -0.00203358 -0.20213268
v 0.01430000 -0.00025619 -0.20094543
v 0.01430000 -0.00096651 -0.20279090
v 0.01430000 0.00069380 -0.20120001
v 0.01430000 0.01254502 -0.16160037
v 0.01430000 0.00819502 -0.16160024
v 0.01430000 0.01254425 -0.18660037
v 0.01430000 0.00819426 -0.18615171
v 0.01430000 0.01178409 -0.18999030
v 0.01430000 0.00836998 -0.18657598
v 0.01430000 0.00823993 -0.18638133
v 0.01430000 0.01284636 -0.20781886
v 0.01430000 0.01049380 -0.20120031
v 0.01430000 0.00954381 -0.20094573
v 0.01430000 -0.00025609 -0.19765453
v 0.01430000 -0.00040606 -0.19659997
v 0.01430000 -0.00095156 -0.19834996
v 0.01430000 -0.00110605 -0.19641239
v 0.01430000 -0.00120614 -0.19929995
v 0.01430000 -0.00275267 -0.20110564
v 0.01430000 -0.00180570 -0.18509993
v 0.01430000 -0.00180601 -0.19519993
v 0.01430000 -0.00161847 -0.19589994
v 0.01430000 0.01219411 -0.19098026
v 0.01430000 0.01219398 -0.19520036
v 0.01430000 0.01499407 -0.19260045
v 0.01430000 0.01200640 -0.19590036
v 0.01430000 0.01144391 -0.19765489
v 0.01430000 0.01149395 -0.19641278
v 0.01430000 0.01049392 -0.19740031
v 0.01430000 0.01079395 -0.19660032
v 0.01430000 0.00954391 -0.19765483
v 0.01430000 0.01213934 -0.19835036
v 0.01430000 0.01239386 -0.19930037
v 0.01430000 0.01499364 -0.20631541
v 0.01430000 0.01213928 -0.20025036
v 0.01430000 0.01481284 -0.20705420
v 0.01430000 0.01144381 -0.20094579
v 0.01430000 0.01431132 -0.20762603
v 0.01430000 0.01360244 -0.20790168
v 0.01430000 0.00069392 -0.19740001
v 0.01430000 0.00164391 -0.19765459
v 0.01430000 0.00233934 -0.19835006
v 0.01430000 0.00164381 -0.20094549
v 0.01430000 0.00233928 -0.20025006
v 0.01430000 0.00884838 -0.20025026
v 0.01430000 0.00259386 -0.19930007
v 0.01430000 0.00859386 -0.19930025
v 0.01430000 0.00884844 -0.19835026
v -0.00970000 0.01334556 -0.14410040
v -0.00970000 0.01254556 -0.14410037
v -0.01370000 -0.00167102 -0.16209994
v -0.01510000 -0.00167102 -0.16209994
v -0.01370000 -0.00130498 -0.16173392
v -0.01510000 -0.00130498 -0.16173392
v -0.01370000 -0.00080498 -0.16159996
v -0.01510000 -0.00080498 -0.16159996
v 0.01830000 -0.00767503 -0.20766582
v 0.01800000 -0.00777764 -0.20794773
v 0.01830000 0.01528851 -0.21602466
v 0.01800000 0.01518589 -0.21630657
v 0.01030000 -0.00180387 -0.12559992
v 0.01030000 -0.00180345 -0.11219994
v 0.01430000 -0.00180387 -0.12559992
v 0.01430000 -0.00180345 -0.11219994
v 0.01430000 0.01284636 -0.20781886
v 0.01830000 0.01284636 -0.20781886
v 0.01430000 0.01360244 -0.20790168
v 0.01830000 0.01360244 -0.20790168
v 0.01430000 0.01431132 -0.20762603
v 0.01830000 0.01431132 -0.20762603
v 0.01430000 0.01481284 -0.20705420
v 0.01830000 0.01481284 -0.20705420
v 0.01430000 -0.00590338 -0.10959981
v 0.01830000 -0.00590338 -0.10959981
v 0.01430000 -0.00645338 -0.10974717
v 0.01830000 -0.00645338 -0.10974717
v 0.01430000 -0.00685602 -0.11014978
v 0.01830000 -0.00685602 -0.11014978
v -0.00995000 0.01379605 -0.12840041
v -0.01015000 0.01379604 -0.12860041
v -0.00995000 0.01999605 -0.12840060
v -0.01015000 0.01999604 -0.12860060
v -0.01770000 0.01178409 -0.18999030
v -0.01510000 0.01178409 -0.18999030
v 0.01927279 -0.00851616 -0.20555052
v 0.01823985 -0.00797931 -0.20574594
v 0.01968401 -0.00787805 -0.20578280
v 0.01830000 -0.00767497 -0.20585672
v 0.01980000 -0.00724338 -0.20601382
v 0.01830000 0.00564688 -0.21070594
v 0.01980000 0.00564688 -0.21070594
v -0.00070000 -0.01707464 -0.20243519
v -0.00070000 -0.01600625 -0.20282409
v 0.00996863 -0.01707464 -0.20243519
v 0.00996863 -0.01600625 -0.20282409
v 0.01068810 -0.01692441 -0.20248988
v 0.01027655 -0.01594461 -0.20284653
v 0.01124142 -0.01654744 -0.20262710
v 0.01053431 -0.01577194 -0.20290938
v 0.01806568 -0.00824065 -0.20565081
v -0.00970000 -0.01320447 -0.14489958
v -0.00970000 -0.01720446 -0.14489946
v -0.00875000 -0.01320446 -0.14464503
v -0.00875000 -0.01720445 -0.14464491
v -0.00805455 -0.01320444 -0.14394958
v -0.00805455 -0.01720443 -0.14394946
v -0.00780000 -0.01320441 -0.14299958
v -0.00780000 -0.01720440 -0.14299945
v -0.00805455 -0.01320438 -0.14204958
v -0.00805455 -0.01720437 -0.14204946
v -0.00875000 -0.01320436 -0.14135413
v -0.00875000 -0.01720435 -0.14135401
v -0.00970000 -0.01320435 -0.14109958
v -0.00970000 -0.01720434 -0.14109946
v -0.01065000 -0.01320436 -0.14135413
v -0.01065000 -0.01720435 -0.14135401
v -0.01134545 -0.01320438 -0.14204958
v -0.01134545 -0.01720437 -0.14204946
v -0.01160000 -0.01320441 -0.14299958
v -0.01160000 -0.01720440 -0.14299945
v -0.01134545 -0.01320444 -0.14394958
v -0.01134545 -0.01720443 -0.14394946
v -0.01065000 -0.01320446 -0.14464503
v -0.01065000 -0.01720445 -0.14464491
v -0.01510000 -0.00167102 -0.16209994
v -0.01510000 -0.00180501 -0.16259993
v -0.01510000 -0.00180464 -0.15059993
v -0.01510000 0.00036106 -0.16110000
v -0.01510000 -0.00000498 -0.16146601
v -0.01510000 0.00049505 -0.16060000
v -0.01510000 -0.00050498 -0.16159997
v -0.01510000 -0.00000468 -0.15173396
v -0.01510000 0.00036134 -0.15210000
v -0.01510000 -0.00050467 -0.15159997
v -0.01510000 0.00049530 -0.15260001
v -0.01510000 -0.00167068 -0.15109994
v -0.01510000 -0.00130467 -0.15146597
v -0.01510000 -0.00130498 -0.16173392
v -0.01510000 -0.00080467 -0.15159996
v -0.01510000 -0.00080498 -0.16159996
v -0.02146569 0.01622766 -0.21612097
v -0.02125355 0.01604121 -0.21641986
v -0.02163983 0.01596636 -0.21612697
v -0.02135682 0.01586395 -0.21642720
v -0.02164281 0.01595130 -0.21612634
v -0.02140000 0.01562526 -0.21641218
v -0.02170000 0.01566197 -0.21611443
v -0.01570000 0.01619406 -0.19260049
v -0.01570000 0.01619392 -0.19710049
v -0.01570000 0.01999407 -0.19260061
v -0.01570000 0.01999393 -0.19710060
v 0.01989838 -0.00710371 -0.10769938
v 0.01979972 -0.00700332 -0.10779978
v 0.01979972 -0.00720331 -0.10759977
v 0.01830000 -0.00700332 -0.10779978
v 0.01830000 -0.00720331 -0.10759977
v 0.01441308 0.01986186 -0.10758522
v 0.01427478 0.01993514 -0.12860060
v 0.01427478 0.01993579 -0.10753970
v 0.01396863 0.01999604 -0.12860060
v 0.01396863 0.01999669 -0.10760060
v 0.01412470 0.01998132 -0.10758523
v -0.01095000 0.01334558 -0.14360040
v -0.01095000 0.00854558 -0.14360025
v -0.01105048 0.01334559 -0.14322540
v -0.01105048 0.00854559 -0.14322525
v -0.01132500 0.01334560 -0.14295088
v -0.01132500 0.00854560 -0.14295073
v -0.01170000 0.01334560 -0.14285040
v -0.01170000 0.00854560 -0.14285025
v -0.01207500 0.01334560 -0.14295088
v -0.01207500 0.00854560 -0.14295073
v -0.01234952 0.01334559 -0.14322540
v -0.01234952 0.00854559 -0.14322525
v -0.01245000 0.01334558 -0.14360040
v -0.01245000 0.00854558 -0.14360025
v -0.01234952 0.01334557 -0.14397540
v -0.01234952 0.00854557 -0.14397525
v -0.01207500 0.01334556 -0.14424992
v -0.01207500 0.00854556 -0.14424977
v -0.01170000 0.01334555 -0.14435040
v -0.01170000 0.00854555 -0.14435025
v -0.01132500 0.01334556 -0.14424992
v -0.01132500 0.00854556 -0.14424977
v -0.01105048 0.01334557 -0.14397540
v -0.01105048 0.00854557 -0.14397525
v 0.00996863 -0.01720623 -0.20224725
v 0.00996863 -0.01707464 -0.20243519
v 0.01068810 -0.01692441 -0.20248988
v 0.01074346 -0.01705004 -0.20229853
v 0.01124142 -0.01654744 -0.20262710
v 0.01138284 -0.01662045 -0.20243915
v -0.01999706 -0.01140390 -0.12659963
v -0.01999706 -0.01140421 -0.13659964
v -0.01486863 -0.01140390 -0.12659963
v -0.01486863 -0.01140421 -0.13659964
v -0.01356959 -0.01140392 -0.12734964
v -0.01411863 -0.01140391 -0.12680060
v -0.01336863 -0.01140395 -0.12809964
v -0.01336863 -0.01140416 -0.13509963
v -0.01356959 -0.01140419 -0.13584964
v -0.01411863 -0.01140420 -0.13639867
v 0.01432218 0.01968080 -0.21476212
v 0.01419108 0.01977482 -0.21471524
v 0.01453431 0.01975908 -0.21449364
v 0.01427783 0.01993091 -0.21443987
v 0.01427659 0.01993174 -0.21443961
v 0.01396863 0.01982725 -0.21468911
v 0.01396863 0.01999340 -0.21442063
v 0.00255000 0.01999660 -0.11030061
v 0.00235000 0.01999661 -0.11010060
v 0.00255000 0.01649660 -0.11030050
v 0.00235000 0.01649661 -0.11010049
v -0.01015000 0.01379610 -0.12660041
v -0.00995000 0.01379610 -0.12680041
v -0.01015000 0.01999610 -0.12660060
v -0.00995000 0.01999610 -0.12680060
v -0.02320000 0.00579351 -0.21055932
v -0.02340000 0.00559352 -0.21047368
v -0.02320000 0.00579367 -0.20546170
v -0.02340000 0.00559367 -0.20546170
v -0.01070000 0.01379610 -0.12660041
v -0.01015000 0.01379610 -0.12660041
v -0.01070000 0.01999610 -0.12660060
v -0.01015000 0.01999610 -0.12660060
v -0.00070000 -0.01600625 -0.20282409
v -0.00070000 -0.01600631 -0.20474239
v -0.00270000 -0.01600331 -0.10759950
v -0.00270000 -0.01500328 -0.10659952
v -0.01370000 -0.01600331 -0.10759950
v -0.01328579 -0.01500328 -0.10659952
v -0.00070000 -0.01100794 -0.10659965
v -0.00065261 -0.01100353 -0.10659965
v -0.00070000 -0.01050580 -0.10709966
v 0.00428052 -0.00869444 -0.10709971
v 0.00456396 -0.00910632 -0.10659971
v 0.00775189 -0.00468991 -0.10709984
v 0.00819984 -0.00491201 -0.10659983
v 0.00883812 0.00049726 -0.10710000
v 0.00933756 0.00052100 -0.10660000
v 0.00726510 0.00555812 -0.10710015
v 0.00768999 0.00582171 -0.10660017
v 0.00342979 0.00921558 -0.10710026
v 0.00367291 0.00965251 -0.10660028
v -0.00170000 0.01054670 -0.10710030
v -0.00170000 0.01104672 -0.10660033
v -0.00682979 0.00921558 -0.10710026
v -0.00707291 0.00965251 -0.10660028
v -0.01066511 0.00555812 -0.10710015
v -0.01108999 0.00582171 -0.10660017
v -0.01223812 0.00049726 -0.10710000
v -0.01273756 0.00052100 -0.10660000
v -0.01115189 -0.00468991 -0.10709984
v -0.01159985 -0.00491201 -0.10659983
v -0.00768052 -0.00869444 -0.10709971
v -0.00796396 -0.00910632 -0.10659971
v -0.00270000 -0.01050580 -0.10709966
v -0.00274739 -0.01100353 -0.10659965
v -0.00270000 -0.01100794 -0.10659965
v -0.01370000 -0.00139337 -0.11120999
v -0.01370000 -0.00093917 -0.11090653
v -0.01370000 -0.00040341 -0.11079997
v -0.01370000 -0.00169687 -0.11166418
v -0.01370000 -0.00180544 -0.17659993
v -0.01370000 -0.00180501 -0.16259993
v -0.01370000 -0.00050498 -0.16159997
v -0.01370000 -0.00286991 -0.12609990
v -0.01370000 -0.00250387 -0.12573388
v -0.01370000 -0.00200387 -0.12559992
v -0.01370000 0.00029451 -0.17835000
v -0.01370000 -0.00095550 -0.17868489
v -0.01370000 -0.00200544 -0.17659992
v -0.01370000 -0.00167102 -0.16209994
v -0.01370000 -0.00130498 -0.16173392
v -0.01370000 -0.00080498 -0.16159996
v -0.01370000 -0.00250544 -0.17673389
v -0.01370000 -0.00287148 -0.17709990
v -0.01370000 -0.00300547 -0.17759990
v -0.01370000 -0.00187067 -0.18209993
v -0.01370000 -0.00180570 -0.18509993
v -0.01370000 -0.00220557 -0.18084992
v -0.01370000 -0.00200570 -0.18509993
v -0.01370000 -0.00050467 -0.15159997
v -0.01370000 0.00029592 -0.13235000
v -0.01370000 -0.00000468 -0.15173396
v -0.01370000 0.00154593 -0.13201510
v -0.01370000 0.00246103 -0.13110006
v -0.01370000 0.00029608 -0.12735000
v -0.01370000 0.00154607 -0.12768497
v -0.01370000 0.00679659 -0.11080019
v -0.01370000 0.00749658 -0.11098779
v -0.01370000 -0.00300390 -0.12659989
v -0.01370000 -0.00095393 -0.12768489
v -0.01370000 -0.00180387 -0.12559992
v -0.01370000 -0.00180345 -0.11219994
v -0.01370000 -0.00180413 -0.13409993
v -0.01370000 -0.00200413 -0.13409993
v -0.01370000 -0.00186910 -0.13109993
v -0.01370000 -0.00250413 -0.13396594
v -0.01370000 -0.00040606 -0.19659997
v -0.01370000 -0.00110605 -0.19641239
v -0.01370000 -0.00161847 -0.19589994
v -0.01370000 0.00819533 -0.15160024
v -0.01370000 0.00819502 -0.16160024
v -0.01370000 0.00049505 -0.16060000
v -0.01370000 0.00279600 -0.12985007
v -0.01370000 0.00246110 -0.12860006
v -0.01370000 0.00819654 -0.11220024
v -0.01370000 0.00800900 -0.11150023
v -0.01370000 -0.00186903 -0.12859993
v -0.01370000 -0.00220400 -0.12984992
v -0.01370000 -0.00300410 -0.13309990
v -0.01370000 -0.00287014 -0.13359990
v -0.01370000 -0.00250570 -0.18496594
v -0.01370000 -0.00287171 -0.18459990
v -0.01370000 -0.00300567 -0.18409989
v -0.01370000 -0.00187060 -0.17959993
v -0.01370000 0.00245945 -0.18210007
v -0.01370000 0.00819399 -0.19520024
v -0.01370000 0.00154436 -0.18301510
v -0.01370000 0.00800640 -0.19590023
v -0.01370000 0.00279443 -0.18085007
v -0.01370000 -0.00000498 -0.16146601
v -0.01370000 0.00036106 -0.16110000
v -0.01370000 0.00154449 -0.17868497
v -0.01370000 0.00245953 -0.17960006
v -0.01370000 0.00036134 -0.15210000
v -0.01370000 0.00049530 -0.15260001
v -0.01370000 -0.00130467 -0.15146597
v -0.01370000 -0.00167068 -0.15109994
v -0.01370000 -0.00080467 -0.15159996
v -0.01370000 -0.00180464 -0.15059993
v -0.01370000 -0.00095407 -0.13201502
v -0.01370000 -0.00095564 -0.18301502
v -0.01370000 0.00029435 -0.18335000
v -0.01370000 -0.00180601 -0.19519993
v -0.01370000 0.00679395 -0.19660020
v -0.01370000 0.00749395 -0.19641265
v 0.01430000 0.00819502 -0.16160024
v 0.01430000 0.01254502 -0.16160037
v 0.01030000 0.00819502 -0.16160024
v 0.00930000 0.01254502 -0.16160037
v 0.00930000 0.00819502 -0.16160024
v -0.00996795 0.01254553 -0.14510038
v -0.00996795 0.01334553 -0.14510040
v -0.01070000 0.01254551 -0.14583243
v -0.01070000 0.01334551 -0.14583245
v -0.01170000 0.01254550 -0.14610037
v -0.01170000 0.01334550 -0.14610040
v -0.01770000 -0.00180601 -0.19519993
v -0.01770000 -0.00180570 -0.18509993
v -0.01370000 -0.00180601 -0.19519993
v -0.01370000 -0.00180570 -0.18509993
v 0.01785355 -0.00813119 -0.20781903
v 0.01797523 -0.00793064 -0.20789203
v 0.01806568 -0.00824071 -0.20753712
v 0.01822270 -0.00800509 -0.20759015
v 0.01823985 -0.00797936 -0.20759594
v 0.01800000 -0.00777764 -0.20794773
v 0.01830000 -0.00767503 -0.20766582
v 0.01030000 -0.00040341 -0.11079997
v 0.01430000 -0.00040341 -0.11079997
v 0.01030000 -0.00093917 -0.11090653
v 0.01430000 -0.00093917 -0.11090653
v 0.01030000 -0.00139337 -0.11120999
v 0.01430000 -0.00139337 -0.11120999
v 0.01030000 -0.00169687 -0.11166418
v 0.01430000 -0.00169687 -0.11166418
v 0.01830000 0.01284636 -0.20781886
v 0.01430000 0.01284636 -0.20781886
v 0.01830000 0.00559629 -0.20517979
v 0.01430000 -0.00096651 -0.20279090
v 0.01980000 0.00559629 -0.20517979
v 0.01980000 -0.00096651 -0.20279090
v 0.01830000 0.01339663 -0.10960041
v 0.01430000 0.01339663 -0.10960041
v -0.01015000 0.01379641 -0.11660042
v -0.00995000 0.01379642 -0.11640041
v -0.00420000 0.01379638 -0.11760042
v -0.00420000 0.01379613 -0.12560041
v -0.00995000 0.01379610 -0.12680041
v -0.01015000 0.01379610 -0.12660041
v -0.01070000 0.01379610 -0.12660041
v -0.01070000 0.01379641 -0.11660042
v -0.00595000 0.01379653 -0.11260041
v -0.00995000 0.01379653 -0.11260041
v -0.00968205 0.01379656 -0.11160041
v -0.00433397 0.01379612 -0.12610041
v -0.00470000 0.01379611 -0.12646643
v -0.01140711 0.01379611 -0.12630752
v -0.01162388 0.01379612 -0.12598310
v -0.01170000 0.01379613 -0.12560041
v -0.00575000 0.01379604 -0.12860041
v -0.01015000 0.01379604 -0.12860041
v -0.00595000 0.01379605 -0.12840041
v -0.00995000 0.01379605 -0.12840041
v -0.00595000 0.01379610 -0.12680041
v -0.00575000 0.01379610 -0.12660041
v -0.00520000 0.01379610 -0.12660041
v -0.00695000 0.01379659 -0.11086836
v -0.00621795 0.01379656 -0.11160041
v -0.00795000 0.01379659 -0.11060042
v -0.00895000 0.01379659 -0.11086836
v -0.00470000 0.01379641 -0.11673439
v -0.00433397 0.01379639 -0.11710041
v -0.00520000 0.01379641 -0.11660042
v -0.00575000 0.01379641 -0.11660042
v -0.00595000 0.01379642 -0.11640041
v -0.01156603 0.01379639 -0.11710041
v -0.01120000 0.01379641 -0.11673439
v -0.01170000 0.01379638 -0.11760042
v -0.01108268 0.01379610 -0.12652429
v -0.01770000 0.01219398 -0.19520036
v -0.01510000 0.01219398 -0.19520036
v -0.01770000 0.01219411 -0.19098026
v -0.01510000 0.01219411 -0.19098026
v 0.00630000 -0.01670358 -0.11629947
v 0.00630000 -0.01720358 -0.11629946
v 0.00795000 -0.01670357 -0.11585735
v 0.00795000 -0.01720357 -0.11585734
v 0.00915788 -0.01670353 -0.11464947
v 0.00915788 -0.01720353 -0.11464945
v 0.00960000 -0.01670348 -0.11299948
v 0.00960000 -0.01720348 -0.11299946
v 0.00915788 -0.01670343 -0.11134947
v 0.00915788 -0.01720343 -0.11134945
v 0.00795000 -0.01670339 -0.11014158
v 0.00795000 -0.01720339 -0.11014157
v 0.00630000 -0.01670338 -0.10969948
v 0.00630000 -0.01720338 -0.10969946
v 0.00465000 -0.01670339 -0.11014158
v 0.00465000 -0.01720339 -0.11014157
v 0.00344212 -0.01670343 -0.11134947
v 0.00344212 -0.01720343 -0.11134945
v 0.00300000 -0.01670348 -0.11299948
v 0.00300000 -0.01720348 -0.11299946
v 0.00344212 -0.01670353 -0.11464947
v 0.00344212 -0.01720353 -0.11464945
v 0.00465000 -0.01670357 -0.11585735
v 0.00465000 -0.01720357 -0.11585734
v -0.01336863 -0.01603613 -0.13259949
v -0.01336863 -0.01720416 -0.13509945
v -0.01336863 -0.01630406 -0.13159949
v -0.01336863 -0.01603607 -0.13059950
v -0.01336863 -0.01330411 -0.13333163
v -0.01336863 -0.01140416 -0.13509963
v -0.01336863 -0.01430412 -0.13359955
v -0.01336863 -0.01530411 -0.13333156
v -0.01336863 -0.01257203 -0.13259960
v -0.01336863 -0.01230405 -0.13159961
v -0.01336863 -0.01257197 -0.13059960
v -0.01336863 -0.01330400 -0.12986753
v -0.01336863 -0.01430399 -0.12959955
v -0.01336863 -0.01530400 -0.12986747
v -0.01770000 -0.00180544 -0.17659993
v -0.01370000 -0.00180544 -0.17659993
v 0.01800000 0.01562526 -0.21641218
v 0.01830000 0.01566197 -0.21611443
v -0.01543205 0.01999390 -0.19810060
v -0.01543205 0.01619389 -0.19810048
v -0.01470000 0.01999388 -0.19883265
v -0.01470000 0.01619387 -0.19883254
v -0.01370000 0.01999387 -0.19910060
v -0.01370000 0.01619386 -0.19910049
v 0.01989838 -0.00710371 -0.10769938
v 0.01999969 -0.00720681 -0.10779977
v 0.01979972 -0.00700332 -0.10779978
v 0.01999969 -0.00720697 -0.11304976
v 0.01979972 -0.00700348 -0.11304977
v 0.01828463 0.01582139 -0.10758510
v 0.01823910 0.01597081 -0.12860048
v 0.01823910 0.01597146 -0.10753958
v 0.01816517 0.01610977 -0.10758511
v -0.00870000 0.00893052 -0.11230027
v -0.00870000 0.00929655 -0.11193425
v -0.00870000 0.00979653 -0.11280029
v -0.00870000 0.00979656 -0.11180029
v -0.00870000 0.01029655 -0.11193428
v -0.00870000 0.00929650 -0.11366630
v -0.00870000 0.00893048 -0.11330026
v -0.00870000 0.00879652 -0.11280026
v -0.00870000 0.01066254 -0.11330031
v -0.00870000 0.01029650 -0.11366633
v -0.00870000 0.00979650 -0.11380029
v -0.00870000 0.01066257 -0.11230032
v -0.00870000 0.01079653 -0.11280032
v 0.00725000 -0.01670353 -0.11464492
v 0.00795000 -0.01670357 -0.11585735
v 0.00794545 -0.01670351 -0.11394947
v 0.00915788 -0.01670353 -0.11464947
v 0.00820000 -0.01670348 -0.11299948
v 0.00960000 -0.01670348 -0.11299948
v 0.00794545 -0.01670345 -0.11204947
v 0.00915788 -0.01670343 -0.11134947
v 0.00725000 -0.01670343 -0.11135403
v 0.00795000 -0.01670339 -0.11014158
v 0.00630000 -0.01670342 -0.11109947
v 0.00630000 -0.01670338 -0.10969948
v 0.00535000 -0.01670343 -0.11135403
v 0.00465000 -0.01670339 -0.11014158
v 0.00465455 -0.01670345 -0.11204947
v 0.00344212 -0.01670343 -0.11134947
v 0.00440000 -0.01670348 -0.11299948
v 0.00300000 -0.01670348 -0.11299948
v 0.00465455 -0.01670351 -0.11394947
v 0.00344212 -0.01670353 -0.11464947
v 0.00535000 -0.01670353 -0.11464492
v 0.00465000 -0.01670357 -0.11585735
v 0.00630000 -0.01670354 -0.11489948
v 0.00630000 -0.01670358 -0.11629947
v -0.01341967 -0.01720352 -0.13548743
v -0.01356959 -0.01140419 -0.13584964
v -0.01356959 -0.01719406 -0.13584946
v -0.01381169 -0.01715450 -0.13616383
v -0.01411863 -0.01140420 -0.13639867
v -0.01412039 -0.01705588 -0.13639615
v -0.01478284 -0.01661842 -0.13659702
v -0.01447302 -0.01687164 -0.13654636
v -0.01413842 -0.01705012 -0.13640973
v 0.01745274 0.01684061 -0.21594862
v 0.01724061 0.01676233 -0.21621710
v 0.01453431 0.01975908 -0.21449364
v 0.01432218 0.01968080 -0.21476212
v 0.00255000 0.01379642 -0.11640041
v 0.00235000 0.01379641 -0.11660042
v 0.00255000 0.01999642 -0.11640060
v 0.00235000 0.01999641 -0.11660061
v -0.02281421 -0.00858616 -0.10779973
v -0.02324960 -0.00793285 -0.10779975
v -0.02281421 -0.00858917 -0.20536258
v -0.02324960 -0.00793586 -0.20557673
v -0.02339970 -0.00720680 -0.10779977
v -0.02339970 -0.00720697 -0.11304976
v -0.02340000 -0.00717213 -0.11350371
v -0.02340000 -0.00717497 -0.20582588
v -0.00870000 0.00914451 -0.19382527
v -0.00870000 0.00941904 -0.19355076
v -0.00870000 0.00979402 -0.19420029
v -0.00870000 0.00979404 -0.19345029
v -0.00870000 0.01016904 -0.19355078
v -0.00870000 0.00941899 -0.19484980
v -0.00870000 0.00914449 -0.19457527
v -0.00870000 0.00904402 -0.19420027
v -0.00870000 0.01044353 -0.19457531
v -0.00870000 0.01016900 -0.19484982
v -0.00870000 0.00979399 -0.19495029
v -0.00870000 0.01044355 -0.19382531
v -0.00870000 0.01054402 -0.19420031
v -0.00870000 0.00941134 -0.19867528
v -0.00870000 0.00986889 -0.19821776
v -0.00870000 0.01049386 -0.19930031
v -0.00870000 0.01049390 -0.19805031
v -0.00870000 0.01111889 -0.19821780
v -0.00870000 0.00986882 -0.20038282
v -0.00870000 0.00941131 -0.19992528
v -0.00870000 0.00924386 -0.19930027
v -0.00870000 0.01157637 -0.19992534
v -0.00870000 0.01111882 -0.20038286
v -0.00870000 0.01049382 -0.20055031
v -0.00870000 0.01157641 -0.19867534
v -0.00870000 0.01174386 -0.19930035
v 0.00300000 -0.01720348 -0.11299946
v 0.00344212 -0.01720343 -0.11134945
v -0.00070000 -0.01720332 -0.10779946
v 0.00535000 -0.01720435 -0.14135401
v 0.00630000 -0.01720434 -0.14109946
v 0.00630000 -0.01720358 -0.11629946
v 0.00794545 -0.01720443 -0.14394946
v 0.00820000 -0.01720440 -0.14299945
v 0.00794545 -0.01720437 -0.14204946
v 0.00465000 -0.01720339 -0.11014157
v 0.00630000 -0.01720338 -0.10969946
v 0.00996863 -0.01720332 -0.10779946
v 0.00795000 -0.01720339 -0.11014157
v 0.00725000 -0.01720445 -0.14464491
v 0.00630000 -0.01720446 -0.14489946
v -0.00070000 -0.01720623 -0.20224725
v 0.00915788 -0.01720343 -0.11134945
v 0.00960000 -0.01720348 -0.11299946
v 0.00996863 -0.01720394 -0.12809946
v 0.00915788 -0.01720353 -0.11464945
v 0.00795000 -0.01720357 -0.11585734
v 0.00725000 -0.01720435 -0.14135401
v 0.00535000 -0.01720445 -0.14464491
v 0.00465455 -0.01720443 -0.14394946
v 0.00440000 -0.01720440 -0.14299945
v 0.00344212 -0.01720353 -0.11464945
v 0.00465000 -0.01720357 -0.11585734
v 0.00465455 -0.01720437 -0.14204946
v -0.01370000 -0.01600331 -0.10759950
v -0.01328579 -0.01500328 -0.10659952
v -0.02170000 -0.00800331 -0.10759974
v -0.02070000 -0.00758907 -0.10659975
v -0.01213552 0.00154607 -0.12768497
v -0.01370000 0.00154607 -0.12768497
v -0.01370000 0.00246110 -0.12860006
v -0.01370000 0.00029592 -0.13235000
v -0.01370000 -0.00095407 -0.13201502
v -0.01224422 -0.00035318 -0.13226423
v -0.01220714 -0.00095407 -0.13201502
v -0.01370000 -0.00186910 -0.13109993
v -0.01208384 -0.00186910 -0.13109993
v -0.01203593 -0.00211853 -0.13049812
v -0.01370000 -0.00220400 -0.12984992
v -0.01201807 -0.00220400 -0.12984992
v -0.01203591 -0.00211856 -0.12920202
v -0.01370000 -0.00186903 -0.12859993
v -0.01208384 -0.00186903 -0.12859993
v -0.01370000 -0.00095393 -0.12768489
v -0.01220714 -0.00095393 -0.12768489
v -0.01370000 0.00029608 -0.12735000
v -0.01223812 0.00049664 -0.12735806
v -0.01224573 0.00029608 -0.12735000
v -0.01224424 -0.00035259 -0.12743560
v -0.01370000 0.00279600 -0.12985007
v -0.01189481 0.00271050 -0.12920178
v -0.01195797 0.00246110 -0.12860006
v -0.01370000 0.00154593 -0.13201510
v -0.01195797 0.00246103 -0.13110006
v -0.01370000 0.00246103 -0.13110006
v -0.01189486 0.00271027 -0.13049907
v -0.01187165 0.00279600 -0.12985007
v -0.01224573 0.00029592 -0.13235000
v -0.01223812 0.00049649 -0.13234194
v -0.01213552 0.00154593 -0.13201510
v -0.01370000 0.00131889 -0.19821750
v -0.01370000 0.00164391 -0.19765459
v -0.01370000 0.00177641 -0.19867504
v -0.01370000 0.00233934 -0.19835006
v -0.01370000 0.00194386 -0.19930005
v -0.01370000 0.00259386 -0.19930007
v -0.01370000 0.00177637 -0.19992504
v -0.01370000 0.00233928 -0.20025006
v -0.01370000 0.00131883 -0.20038256
v -0.01370000 0.00164381 -0.20094549
v -0.01370000 0.00069382 -0.20055001
v -0.01370000 0.00069380 -0.20120001
v -0.01370000 0.00006883 -0.20038252
v -0.01370000 -0.00025619 -0.20094543
v -0.01370000 -0.00038869 -0.19992497
v -0.01370000 -0.00095162 -0.20024996
v -0.01370000 -0.00055614 -0.19929997
v -0.01370000 -0.00120614 -0.19929995
v -0.01370000 -0.00038865 -0.19867498
v -0.01370000 -0.00095156 -0.19834996
v -0.01370000 0.00006889 -0.19821746
v -0.01370000 -0.00025609 -0.19765453
v -0.01370000 0.00069390 -0.19805001
v -0.01370000 0.00069392 -0.19740001
v 0.00930000 0.00819502 -0.16160024
v 0.00930000 0.01254502 -0.16160037
v 0.00830000 0.00819503 -0.16133229
v 0.00830000 0.01254503 -0.16133243
v 0.00756795 0.00819505 -0.16060024
v 0.00756795 0.01254505 -0.16060037
v 0.00730000 0.00819508 -0.15960024
v 0.00730000 0.01254509 -0.15960038
v -0.01770000 0.01254550 -0.14610037
v -0.01770000 0.01334550 -0.14610040
v -0.01370000 -0.00040606 -0.19659997
v -0.01770000 -0.00040606 -0.19659997
v -0.01370000 -0.00110605 -0.19641239
v -0.01770000 -0.00110605 -0.19641239
v -0.01370000 -0.00161847 -0.19589994
v -0.01770000 -0.00161847 -0.19589994
v 0.01053431 -0.01577200 -0.20479569
v 0.01032218 -0.01566248 -0.20507760
v 0.01806568 -0.00824071 -0.20753712
v 0.01785355 -0.00813119 -0.20781903
v 0.01030000 0.00679659 -0.11080019
v 0.01430000 0.00679659 -0.11080019
v 0.01430000 -0.00275267 -0.20110564
v 0.01980000 -0.00275267 -0.20110564
v 0.01430000 -0.00203358 -0.20213268
v 0.01980000 -0.00203358 -0.20213268
v 0.01430000 -0.00096651 -0.20279090
v 0.01980000 -0.00096651 -0.20279090
v 0.01430000 0.01499657 -0.11120045
v 0.01830000 0.01499657 -0.11120045
v 0.01430000 0.01478224 -0.11040045
v 0.01830000 0.01478224 -0.11040045
v 0.01430000 0.01419662 -0.10981478
v 0.01830000 0.01419662 -0.10981478
v -0.02170000 -0.00590338 -0.10959981
v -0.01770000 -0.00590338 -0.10959981
v -0.01510000 0.01200640 -0.19590036
v -0.01770000 0.01200640 -0.19590036
v -0.01510000 0.01149395 -0.19641278
v -0.01770000 0.01149395 -0.19641278
v -0.01510000 0.01079395 -0.19660032
v -0.01770000 0.01079395 -0.19660032
v 0.00630000 -0.01320447 -0.14489958
v 0.00630000 -0.01720446 -0.14489946
v 0.00725000 -0.01320446 -0.14464503
v 0.00725000 -0.01720445 -0.14464491
v 0.00794545 -0.01320444 -0.14394958
v 0.00794545 -0.01720443 -0.14394946
v 0.00820000 -0.01320441 -0.14299958
v 0.00820000 -0.01720440 -0.14299945
v 0.00794545 -0.01320438 -0.14204958
v 0.00794545 -0.01720437 -0.14204946
v 0.00725000 -0.01320436 -0.14135413
v 0.00725000 -0.01720435 -0.14135401
v 0.00630000 -0.01320435 -0.14109958
v 0.00630000 -0.01720434 -0.14109946
v 0.00535000 -0.01320436 -0.14135413
v 0.00535000 -0.01720435 -0.14135401
v 0.00465455 -0.01320438 -0.14204958
v 0.00465455 -0.01720437 -0.14204946
v 0.00440000 -0.01320441 -0.14299958
v 0.00440000 -0.01720440 -0.14299945
v 0.00465455 -0.01320444 -0.14394958
v 0.00465455 -0.01720443 -0.14394946
v 0.00535000 -0.01320446 -0.14464503
v 0.00535000 -0.01720445 -0.14464491
v -0.01381165 -0.01715423 -0.12703513
v -0.01356959 -0.01719380 -0.12734946
v -0.01341976 -0.01720328 -0.12771115
v -0.01413400 -0.01705108 -0.10779947
v -0.01478284 -0.01661754 -0.10779948
v -0.01478284 -0.01661811 -0.12660193
v -0.01447069 -0.01687287 -0.12665321
v -0.01413327 -0.01705026 -0.12679430
v -0.01411863 -0.01705795 -0.12680043
v 0.01800000 0.01562526 -0.21641218
v 0.01795682 0.01586395 -0.21642720
v 0.01830000 0.01566197 -0.21611443
v 0.01824281 0.01595129 -0.21612634
v 0.01823983 0.01596636 -0.21612697
v 0.01785355 0.01604121 -0.21641986
v 0.01806568 0.01622766 -0.21612097
v 0.01030000 -0.00180387 -0.12559992
v 0.01430000 -0.00180387 -0.12559992
v -0.01370000 0.01999387 -0.19910060
v -0.01370000 0.01619386 -0.19910049
v 0.00530000 0.00893048 -0.11330026
v 0.00530000 0.00929650 -0.11366630
v 0.00530000 0.00979653 -0.11280029
v 0.00530000 0.00979650 -0.11380029
v 0.00530000 0.01029650 -0.11366633
v 0.00530000 0.00929655 -0.11193425
v 0.00530000 0.00893052 -0.11230027
v 0.00530000 0.00879652 -0.11280026
v 0.00530000 0.01066257 -0.11230032
v 0.00530000 0.01029655 -0.11193428
v 0.00530000 0.00979656 -0.11180029
v 0.00530000 0.01066254 -0.11330031
v 0.00530000 0.01079653 -0.11280032
v -0.02156518 0.01610977 -0.10758511
v -0.02163910 0.01597081 -0.12860048
v -0.02163910 0.01597146 -0.10753958
v -0.02170000 0.01566467 -0.12860047
v -0.02170000 0.01566531 -0.10760047
v -0.02168463 0.01582139 -0.10758510
v -0.01510000 0.01208756 -0.19044450
v -0.01770000 0.01208756 -0.19044450
v 0.00755000 -0.01320441 -0.14299958
v 0.00820000 -0.01320441 -0.14299958
v 0.00738253 -0.01320439 -0.14237458
v 0.00794545 -0.01320438 -0.14204958
v 0.00692500 -0.01320437 -0.14191705
v 0.00725000 -0.01320436 -0.14135413
v 0.00630000 -0.01320437 -0.14174958
v 0.00630000 -0.01320435 -0.14109958
v 0.00567500 -0.01320437 -0.14191705
v 0.00535000 -0.01320436 -0.14135413
v 0.00521747 -0.01320439 -0.14237458
v 0.00465455 -0.01320438 -0.14204958
v 0.00505000 -0.01320441 -0.14299958
v 0.00440000 -0.01320441 -0.14299958
v 0.00521747 -0.01320443 -0.14362458
v 0.00465455 -0.01320444 -0.14394958
v 0.00567500 -0.01320444 -0.14408211
v 0.00535000 -0.01320446 -0.14464503
v 0.00630000 -0.01320445 -0.14424958
v 0.00630000 -0.01320447 -0.14489958
v 0.00692500 -0.01320444 -0.14408211
v 0.00725000 -0.01320446 -0.14464503
v 0.00738253 -0.01320443 -0.14362458
v 0.00794545 -0.01320444 -0.14394958
v -0.01486863 -0.01653263 -0.13659948
v -0.01999706 -0.01140421 -0.13659964
v -0.01999706 -0.01140390 -0.12659963
v -0.01486863 -0.01653233 -0.12659947
v 0.01830000 0.00579351 -0.21055932
v 0.01980000 0.00579351 -0.21055932
v 0.00180000 0.01999641 -0.11660061
v 0.00180000 0.01379641 -0.11660042
v 0.00130000 0.01999641 -0.11673458
v 0.00130000 0.01379641 -0.11673439
v 0.00093397 0.01999639 -0.11710060
v 0.00093397 0.01379639 -0.11710041
v 0.00080000 0.01999638 -0.11760061
v 0.00080000 0.01379638 -0.11760042
v -0.01132500 0.00854560 -0.14295073
v -0.01105048 0.00854559 -0.14322525
v -0.01170000 0.00854558 -0.14360025
v -0.01095000 0.00854558 -0.14360025
v -0.01105048 0.00854557 -0.14397525
v -0.01234952 0.00854559 -0.14322525
v -0.01207500 0.00854560 -0.14295073
v -0.01170000 0.00854560 -0.14285025
v -0.01207500 0.00854556 -0.14424977
v -0.01234952 0.00854557 -0.14397525
v -0.01245000 0.00854558 -0.14360025
v -0.01132500 0.00854556 -0.14424977
v -0.01170000 0.00854555 -0.14435025
v -0.00870000 0.00914679 -0.11982527
v -0.00870000 0.00942132 -0.11955076
v -0.00870000 0.00979630 -0.12020029
v -0.00870000 0.00979632 -0.11945029
v -0.00870000 0.01017132 -0.11955078
v -0.00870000 0.00942128 -0.12084980
v -0.00870000 0.00914677 -0.12057526
v -0.00870000 0.00904630 -0.12020027
v -0.00870000 0.01044581 -0.12057530
v -0.00870000 0.01017128 -0.12084982
v -0.00870000 0.00979627 -0.12095029
v -0.00870000 0.01044583 -0.11982531
v -0.00870000 0.01054630 -0.12020032
v 0.00738253 -0.01270350 -0.11362460
v 0.00794545 -0.01270351 -0.11394959
v 0.00755000 -0.01270348 -0.11299960
v 0.00820000 -0.01270348 -0.11299960
v 0.00738253 -0.01270346 -0.11237460
v 0.00794545 -0.01270345 -0.11204959
v 0.00692500 -0.01270345 -0.11191706
v 0.00725000 -0.01270343 -0.11135415
v 0.00630000 -0.01270344 -0.11174960
v 0.00630000 -0.01270342 -0.11109960
v 0.00567500 -0.01270345 -0.11191706
v 0.00535000 -0.01270343 -0.11135415
v 0.00521747 -0.01270346 -0.11237460
v 0.00465455 -0.01270345 -0.11204959
v 0.00505000 -0.01270348 -0.11299960
v 0.00440000 -0.01270348 -0.11299960
v 0.00521747 -0.01270350 -0.11362460
v 0.00465455 -0.01270351 -0.11394959
v 0.00567500 -0.01270351 -0.11408212
v 0.00535000 -0.01270353 -0.11464504
v 0.00630000 -0.01270352 -0.11424960
v 0.00630000 -0.01270354 -0.11489960
v 0.00692500 -0.01270351 -0.11408212
v 0.00725000 -0.01270353 -0.11464504
v 0.01030000 -0.00272096 -0.11342490
v 0.01030000 -0.00215806 -0.11374991
v 0.01030000 -0.00255347 -0.11279991
v 0.01030000 -0.00190347 -0.11279993
v 0.01030000 -0.00272092 -0.11217490
v 0.01030000 -0.00215800 -0.11184993
v 0.01030000 -0.00317844 -0.11171736
v 0.01030000 -0.00285343 -0.11115445
v 0.01030000 -0.00380343 -0.11154987
v 0.01030000 -0.00380341 -0.11089987
v 0.01030000 -0.00442844 -0.11171733
v 0.01030000 -0.00475342 -0.11115439
v 0.01030000 -0.00488599 -0.11217484
v 0.01030000 -0.00544889 -0.11184983
v 0.01030000 -0.00505348 -0.11279983
v 0.01030000 -0.00570348 -0.11279981
v 0.01030000 -0.00488602 -0.11342484
v 0.01030000 -0.00544895 -0.11374981
v 0.01030000 -0.00442851 -0.11388238
v 0.01030000 -0.00475353 -0.11444529
v 0.01030000 -0.00380351 -0.11404987
v 0.01030000 -0.00380353 -0.11469987
v 0.01030000 -0.00317851 -0.11388241
v 0.01030000 -0.00285353 -0.11444534
v -0.01370000 -0.00272092 -0.11217490
v -0.01370000 -0.00215800 -0.11184993
v -0.01370000 -0.00255347 -0.11279991
v -0.01370000 -0.00190347 -0.11279993
v -0.01370000 -0.00272096 -0.11342490
v -0.01370000 -0.00215806 -0.11374991
v -0.01370000 -0.00317851 -0.11388241
v -0.01370000 -0.00285353 -0.11444534
v -0.01370000 -0.00380351 -0.11404987
v -0.01370000 -0.00380353 -0.11469987
v -0.01370000 -0.00442851 -0.11388238
v -0.01370000 -0.00475353 -0.11444529
v -0.01370000 -0.00488602 -0.11342484
v -0.01370000 -0.00544895 -0.11374981
v -0.01370000 -0.00505348 -0.11279983
v -0.01370000 -0.00570348 -0.11279981
v -0.01370000 -0.00488599 -0.11217484
v -0.01370000 -0.00544889 -0.11184983
v -0.01370000 -0.00442844 -0.11171733
v -0.01370000 -0.00475342 -0.11115439
v -0.01370000 -0.00380343 -0.11154987
v -0.01370000 -0.00380341 -0.11089987
v -0.01370000 -0.00317844 -0.11171736
v -0.01370000 -0.00285343 -0.11115445
v -0.01213552 0.00154449 -0.17868497
v -0.01370000 0.00154449 -0.17868497
v -0.01370000 0.00245953 -0.17960006
v -0.01370000 0.00029435 -0.18335000
v -0.01370000 -0.00095564 -0.18301502
v -0.01224422 -0.00035476 -0.18326424
v -0.01220714 -0.00095564 -0.18301502
v -0.01370000 -0.00187067 -0.18209993
v -0.01208384 -0.00187067 -0.18209993
v -0.01203593 -0.00212010 -0.18149811
v -0.01370000 -0.00220557 -0.18084992
v -0.01201807 -0.00220557 -0.18084992
v -0.01203591 -0.00212014 -0.18020202
v -0.01370000 -0.00187060 -0.17959993
v -0.01208384 -0.00187060 -0.17959993
v -0.01370000 -0.00095550 -0.17868489
v -0.01220714 -0.00095550 -0.17868489
v -0.01370000 0.00029451 -0.17835000
v -0.01223812 0.00049507 -0.17835806
v -0.01224573 0.00029451 -0.17835000
v -0.01224424 -0.00035416 -0.17843560
v -0.01370000 0.00279443 -0.18085007
v -0.01189481 0.00270893 -0.18020179
v -0.01195797 0.00245953 -0.17960006
v -0.01370000 0.00154436 -0.18301510
v -0.01195797 0.00245945 -0.18210007
v -0.01370000 0.00245945 -0.18210007
v -0.01189486 0.00270870 -0.18149907
v -0.01187165 0.00279443 -0.18085007
v -0.01224573 0.00029435 -0.18335000
v -0.01223812 0.00049491 -0.18334194
v -0.01213552 0.00154436 -0.18301510
v -0.00116712 0.01100075 -0.21478316
v -0.00487883 0.01056051 -0.21462291
v -0.00840674 0.00882851 -0.21399245
v -0.00070000 -0.01580892 -0.20502430
v -0.00070000 -0.01171568 -0.20651426
v 0.00996863 -0.01580892 -0.20502430
v 0.00147883 -0.01130695 -0.20666304
v 0.01018438 -0.01575984 -0.20504216
v 0.00500674 -0.00957495 -0.20729349
v 0.01032218 -0.01566248 -0.20507760
v 0.01785355 -0.00813119 -0.20781903
v 0.00781842 -0.00662246 -0.20836822
v 0.01797523 -0.00793064 -0.20789203
v 0.00941459 -0.00284707 -0.20974248
v 0.01800000 -0.00777764 -0.20794773
v 0.00958467 0.00114672 -0.21119624
v 0.00844119 0.00480461 -0.21252773
v 0.00625473 0.00777386 -0.21360855
v 0.00373530 0.00963224 -0.21428501
v -0.01121842 0.00587602 -0.21291773
v -0.01281459 0.00210062 -0.21154346
v -0.02140000 -0.00777764 -0.20794773
v -0.01298467 -0.00189317 -0.21008970
v -0.02137523 -0.00793064 -0.20789203
v -0.01184119 -0.00555105 -0.20875822
v -0.00965473 -0.00852030 -0.20767739
v -0.01372218 -0.01566248 -0.20507760
v -0.02125355 -0.00813119 -0.20781903
v -0.00270000 -0.01171567 -0.20651426
v -0.00270000 -0.01580892 -0.20502430
v -0.00713531 -0.01037869 -0.20700093
v -0.01336863 -0.01580892 -0.20502430
v -0.01358355 -0.01576024 -0.20504202
v 0.00730000 0.01254527 -0.15360037
v 0.00730000 0.00819527 -0.15360024
v -0.01770000 0.00819533 -0.15160024
v -0.01770000 0.01254533 -0.15160037
v -0.01370000 0.00819533 -0.15160024
v -0.01270000 0.01254533 -0.15160037
v -0.01270000 0.00819533 -0.15160024
v -0.01510000 0.00679395 -0.19660020
v -0.01370000 0.00679395 -0.19660020
v 0.00996863 -0.01600631 -0.20474239
v 0.00996863 -0.01580892 -0.20502430
v 0.01027655 -0.01594467 -0.20475628
v 0.01018438 -0.01575984 -0.20504216
v 0.01027782 -0.01594383 -0.20475647
v 0.01032218 -0.01566248 -0.20507760
v 0.01053431 -0.01577200 -0.20479569
v 0.01030000 0.00819654 -0.11220024
v 0.01430000 0.00819654 -0.11220024
v 0.01030000 0.00800900 -0.11150023
v 0.01430000 0.00800900 -0.11150023
v 0.01030000 0.00749658 -0.11098779
v 0.01430000 0.00749658 -0.11098779
v 0.01170000 0.01149395 -0.19641278
v 0.01430000 0.01149395 -0.19641278
v 0.01170000 0.01200640 -0.19590036
v 0.01430000 0.01200640 -0.19590036
v 0.01170000 0.01219398 -0.19520036
v 0.01430000 0.01219398 -0.19520036
v 0.01430000 0.01499604 -0.12860045
v 0.01830000 0.01499604 -0.12860045
v -0.01770000 -0.00700341 -0.11069977
v -0.02170000 -0.00700341 -0.11069977
v -0.01770000 -0.00685602 -0.11014978
v -0.02170000 -0.00685602 -0.11014978
v -0.01770000 -0.00645338 -0.10974717
v -0.02170000 -0.00645338 -0.10974717
v -0.01770000 -0.00096651 -0.20279090
v -0.02320000 -0.00096651 -0.20279090
v -0.01770000 -0.00203358 -0.20213268
v -0.02320000 -0.00203358 -0.20213268
v -0.01770000 -0.00275267 -0.20110564
v -0.02320000 -0.00275267 -0.20110564
v -0.00070000 -0.01700331 -0.10759946
v -0.00070000 -0.01720332 -0.10779946
v 0.00996863 -0.01700331 -0.10759946
v 0.00996863 -0.01720332 -0.10779946
v -0.00270000 -0.01700331 -0.10759946
v -0.00270000 -0.01720332 -0.10779946
v 0.01830000 0.01284636 -0.20781886
v 0.01830000 0.00559629 -0.20517979
v 0.01830000 0.00569955 -0.20524349
v 0.01830000 0.01481284 -0.20705420
v 0.01830000 0.01431132 -0.20762603
v 0.01830000 0.01566197 -0.21611443
v 0.01830000 0.01360244 -0.20790168
v 0.01830000 0.01499364 -0.20631541
v 0.01830000 0.01566270 -0.19260047
v 0.01830000 0.01499407 -0.19260045
v 0.01830000 -0.00767497 -0.20585672
v 0.01830000 -0.00767503 -0.20766582
v 0.01830000 0.00564688 -0.21070594
v 0.01830000 0.01528851 -0.21602466
v 0.01830000 0.00579351 -0.21055932
v 0.01830000 0.00579367 -0.20546170
v 0.01830000 0.00576914 -0.20534288
v 0.01170000 0.00819604 -0.12844877
v 0.01430000 0.00819604 -0.12844877
v 0.01430000 0.00824173 -0.12821916
v 0.01170000 0.00824173 -0.12821916
v 0.01745274 0.01684061 -0.21594862
v 0.01806568 0.01622838 -0.19260049
v 0.01806568 0.01622766 -0.21612097
v -0.00595000 0.01379605 -0.12840041
v -0.00595000 0.01379610 -0.12680041
v -0.00595000 0.01999605 -0.12840060
v -0.00595000 0.01999610 -0.12680060
v -0.01736863 0.01999669 -0.10760060
v -0.01736863 0.01999604 -0.12860060
v -0.01752470 0.01998132 -0.10758523
v -0.01767478 0.01993514 -0.12860060
v -0.01767478 0.01993579 -0.10753970
v -0.01781309 0.01986186 -0.10758522
v -0.02320000 -0.00096651 -0.20279090
v -0.02340000 -0.00103492 -0.20297883
v -0.02320000 -0.00203358 -0.20213268
v -0.02340000 -0.00217083 -0.20227814
v -0.02320000 -0.00275267 -0.20110564
v -0.02340000 -0.00293631 -0.20118485
v 0.01138284 -0.01661754 -0.10779948
v 0.01138284 -0.01661811 -0.12660193
v 0.01146863 -0.01653233 -0.12659947
v 0.01659705 -0.01140421 -0.13659964
v 0.01659705 -0.01140390 -0.12659963
v 0.01146863 -0.01653263 -0.13659948
v -0.01336863 -0.01720623 -0.20224725
v -0.01413842 -0.01705215 -0.20229783
v -0.01336863 -0.01707464 -0.20243519
v -0.01408810 -0.01692441 -0.20248988
v -0.01414288 -0.01704917 -0.20229881
v -0.01478284 -0.01662045 -0.20243915
v -0.01464142 -0.01654744 -0.20262710
v 0.01806568 -0.00824065 -0.20565081
v 0.01806568 -0.00824071 -0.20753712
v 0.01823985 -0.00797936 -0.20759594
v 0.01823985 -0.00797931 -0.20574594
v 0.00080000 0.01999613 -0.12560060
v 0.00080000 0.01379613 -0.12560041
v 0.00093397 0.01999612 -0.12610060
v 0.00093397 0.01379612 -0.12610041
v 0.00130000 0.01999611 -0.12646662
v 0.00130000 0.01379611 -0.12646643
v 0.00180000 0.01999610 -0.12660060
v 0.00180000 0.01379610 -0.12660041
v -0.02340000 0.00552787 -0.20536772
v -0.02320000 0.00559629 -0.20517979
v -0.02320000 0.00569955 -0.20524349
v -0.02340000 0.00556230 -0.20538896
v -0.02320000 0.00576914 -0.20534288
v -0.02340000 0.00558549 -0.20542209
v 0.02000000 0.00559352 -0.21047368
v 0.01980000 0.00579351 -0.21055932
v 0.00521747 -0.00920443 -0.14362470
v 0.00567500 -0.00920444 -0.14408223
v 0.00630000 -0.00920441 -0.14299970
v 0.00630000 -0.00920444 -0.14424971
v 0.00692500 -0.00920444 -0.14408223
v 0.00567500 -0.00920437 -0.14191717
v 0.00521747 -0.00920439 -0.14237470
v 0.00505000 -0.00920441 -0.14299970
v 0.00738253 -0.00920439 -0.14237470
v 0.00692500 -0.00920437 -0.14191717
v 0.00630000 -0.00920437 -0.14174970
v 0.00738253 -0.00920443 -0.14362470
v 0.00755000 -0.00920441 -0.14299970
v -0.02163910 0.01597146 -0.10753958
v -0.02168463 0.01582139 -0.10758510
v -0.02070000 0.01558250 -0.10660047
v -0.02170000 0.01566531 -0.10760047
v -0.02070000 -0.00758907 -0.10659975
v -0.02170000 -0.00720331 -0.10759977
v -0.02170000 -0.00800331 -0.10759974
v -0.00270000 -0.01590405 -0.13159950
v -0.00936863 -0.01590405 -0.13159950
v -0.00270000 -0.01568967 -0.13079951
v -0.00936863 -0.01568967 -0.13079951
v -0.00270000 -0.01510401 -0.13021388
v -0.00936863 -0.01510401 -0.13021388
v -0.00270000 -0.01430401 -0.12999954
v -0.00936863 -0.01430401 -0.12999954
v -0.00270000 -0.01350401 -0.13021393
v -0.00936863 -0.01350401 -0.13021393
v -0.00270000 -0.01291839 -0.13079960
v -0.00936863 -0.01291839 -0.13079960
v -0.00270000 -0.01270405 -0.13159960
v -0.00936863 -0.01270405 -0.13159960
v -0.00270000 -0.01291844 -0.13239959
v -0.00936863 -0.01291844 -0.13239959
v -0.00270000 -0.01350410 -0.13298521
v -0.00936863 -0.01350410 -0.13298521
v -0.00270000 -0.01430410 -0.13319955
v -0.00936863 -0.01430410 -0.13319955
v -0.00270000 -0.01510410 -0.13298516
v -0.00936863 -0.01510410 -0.13298516
v -0.00270000 -0.01568972 -0.13239950
v -0.00936863 -0.01568972 -0.13239950
v -0.01223812 0.00049438 -0.20053399
v -0.01370000 0.00069382 -0.20055001
v -0.01224973 0.00006883 -0.20038252
v -0.01370000 0.00006883 -0.20038252
v -0.01224839 -0.00019029 -0.20018362
v -0.01370000 -0.00038869 -0.19992497
v -0.01224306 -0.00038869 -0.19992497
v -0.01223779 -0.00051361 -0.19962331
v -0.01370000 -0.00055614 -0.19929997
v -0.01223565 -0.00055614 -0.19929997
v -0.01223779 -0.00051362 -0.19897675
v -0.01370000 -0.00038865 -0.19867498
v -0.01224306 -0.00038865 -0.19867498
v -0.01370000 0.00177641 -0.19867504
v -0.01216647 0.00131889 -0.19821750
v -0.01370000 0.00131889 -0.19821750
v -0.01222675 0.00069390 -0.19805001
v -0.01370000 0.00069390 -0.19805001
v -0.01223812 0.00049446 -0.19806601
v -0.01370000 0.00006889 -0.19821746
v -0.01224973 0.00006889 -0.19821746
v -0.01224840 -0.00018999 -0.19841610
v -0.01370000 0.00194386 -0.19930005
v -0.01207616 0.00190118 -0.19897615
v -0.01209832 0.00177641 -0.19867504
v -0.01222675 0.00069382 -0.20055001
v -0.01216647 0.00131883 -0.20038256
v -0.01370000 0.00131883 -0.20038256
v -0.01209832 0.00177637 -0.19992504
v -0.01370000 0.00177637 -0.19992504
v -0.01207618 0.00190107 -0.19962425
v -0.01206822 0.00194386 -0.19930005
v 0.01030000 0.00131883 -0.20038256
v 0.01030000 0.00164381 -0.20094549
v 0.01030000 0.00177637 -0.19992504
v 0.01030000 0.00233928 -0.20025006
v 0.01030000 0.00194386 -0.19930005
v 0.01030000 0.00259386 -0.19930007
v 0.01030000 0.00177641 -0.19867504
v 0.01030000 0.00233934 -0.19835006
v 0.01030000 0.00131889 -0.19821750
v 0.01030000 0.00164391 -0.19765459
v 0.01030000 0.00069390 -0.19805001
v 0.01030000 0.00069392 -0.19740001
v 0.01030000 0.00006889 -0.19821746
v 0.01030000 -0.00025609 -0.19765453
v 0.01030000 -0.00038865 -0.19867498
v 0.01030000 -0.00095156 -0.19834996
v 0.01030000 -0.00055614 -0.19929997
v 0.01030000 -0.00120614 -0.19929995
v 0.01030000 -0.00038869 -0.19992497
v 0.01030000 -0.00095162 -0.20024996
v 0.01030000 0.00006883 -0.20038252
v 0.01030000 -0.00025619 -0.20094543
v 0.01030000 0.00069382 -0.20055001
v 0.01030000 0.00069380 -0.20120001
v 0.00730000 0.00819527 -0.15360024
v 0.00730000 0.01254527 -0.15360037
v 0.00756795 0.00819530 -0.15260024
v 0.00756795 0.01254530 -0.15260038
v 0.00830000 0.00819532 -0.15186819
v 0.00830000 0.01254532 -0.15186832
v 0.00930000 0.00819533 -0.15160024
v 0.00930000 0.01254533 -0.15160037
v -0.01096795 0.01254530 -0.15260038
v -0.01096795 0.00819530 -0.15260024
v -0.01170000 0.01254532 -0.15186832
v -0.01170000 0.00819532 -0.15186819
v -0.01370000 0.00800640 -0.19590023
v -0.01510000 0.00800640 -0.19590023
v -0.01370000 0.00749395 -0.19641265
v -0.01510000 0.00749395 -0.19641265
v -0.00070000 -0.01600631 -0.20474239
v -0.00070000 -0.01580892 -0.20502430
v 0.00996863 -0.01600631 -0.20474239
v 0.00996863 -0.01580892 -0.20502430
v 0.01430000 0.00819639 -0.11720024
v 0.01170000 0.00819639 -0.11720024
v 0.01030000 0.00819533 -0.15160024
v 0.01430000 0.00819533 -0.15160024
v 0.00530000 0.00979650 -0.11380029
v 0.01430000 0.00979650 -0.11380029
v 0.00530000 0.01029650 -0.11366633
v 0.01430000 0.01029650 -0.11366633
v 0.00530000 0.01066254 -0.11330031
v 0.01430000 0.01066254 -0.11330031
v 0.00530000 0.01079653 -0.11280032
v 0.01430000 0.01079653 -0.11280032
v 0.00530000 0.01066257 -0.11230032
v 0.01430000 0.01066257 -0.11230032
v 0.00530000 0.01029655 -0.11193428
v 0.01430000 0.01029655 -0.11193428
v 0.00530000 0.00979656 -0.11180029
v 0.01430000 0.00979656 -0.11180029
v 0.00530000 0.00929655 -0.11193425
v 0.01430000 0.00929655 -0.11193425
v 0.00530000 0.00893052 -0.11230027
v 0.01430000 0.00893052 -0.11230027
v 0.00530000 0.00879652 -0.11280026
v 0.01430000 0.00879652 -0.11280026
v 0.00530000 0.00893048 -0.11330026
v 0.01430000 0.00893048 -0.11330026
v 0.00530000 0.00929650 -0.11366630
v 0.01430000 0.00929650 -0.11366630
v -0.02319973 -0.00700348 -0.11304977
v -0.02170000 -0.00700332 -0.10779978
v -0.02319973 -0.00700332 -0.10779978
v -0.02320000 0.00559629 -0.20517979
v -0.02320000 -0.00096651 -0.20279090
v -0.02170000 0.00559629 -0.20517979
v -0.01770000 -0.00096651 -0.20279090
v -0.02170000 0.01284636 -0.20781886
v -0.01770000 0.01284636 -0.20781886
v 0.01107082 -0.01687279 -0.12665318
v 0.01073400 -0.01705108 -0.10779947
v 0.01001967 -0.01720328 -0.12771148
v 0.01016959 -0.01719380 -0.12734946
v 0.01041169 -0.01715422 -0.12703509
v 0.01073400 -0.01705167 -0.12679167
v -0.01336863 -0.01720623 -0.20224725
v -0.01336863 -0.01707464 -0.20243519
v -0.00270000 -0.01720623 -0.20224725
v -0.00270000 -0.01707464 -0.20243519
v -0.01770000 -0.00180570 -0.18509993
v -0.01370000 -0.00180570 -0.18509993
v 0.01430000 0.00849637 -0.11771987
v 0.01170000 0.00849637 -0.11771987
v 0.01430000 0.00827677 -0.11750025
v 0.01170000 0.00827677 -0.11750025
v 0.00905000 0.01334419 -0.18860040
v 0.00905000 0.00854419 -0.18860025
v 0.00894952 0.01334420 -0.18822540
v 0.00894952 0.00854420 -0.18822525
v 0.00867500 0.01334421 -0.18795088
v 0.00867500 0.00854421 -0.18795073
v 0.00830000 0.01334421 -0.18785039
v 0.00830000 0.00854421 -0.18785025
v 0.00792500 0.01334421 -0.18795088
v 0.00792500 0.00854421 -0.18795073
v 0.00765048 0.01334420 -0.18822540
v 0.00765048 0.00854420 -0.18822525
v 0.00755000 0.01334419 -0.18860040
v 0.00755000 0.00854419 -0.18860025
v 0.00765048 0.01334418 -0.18897539
v 0.00765048 0.00854418 -0.18897525
v 0.00792500 0.01334417 -0.18924992
v 0.00792500 0.00854417 -0.18924977
v 0.00830000 0.01334417 -0.18935040
v 0.00830000 0.00854417 -0.18935025
v 0.00867500 0.01334417 -0.18924992
v 0.00867500 0.00854417 -0.18924977
v 0.00894952 0.01334418 -0.18897539
v 0.00894952 0.00854418 -0.18897525
v -0.00490000 0.01869649 -0.11410057
v -0.00490000 0.01999649 -0.11410061
v -0.00447128 0.01869654 -0.11250056
v -0.00447128 0.01999654 -0.11250060
v -0.00330000 0.01869657 -0.11132928
v -0.00330000 0.01999657 -0.11132932
v -0.00170000 0.01869659 -0.11090056
v -0.00170000 0.01999659 -0.11090060
v -0.00010000 0.01869657 -0.11132928
v -0.00010000 0.01999657 -0.11132932
v 0.00107128 0.01869654 -0.11250056
v 0.00107128 0.01999654 -0.11250060
v 0.00150000 0.01869649 -0.11410057
v 0.00150000 0.01999649 -0.11410061
v 0.00107128 0.01869644 -0.11570057
v 0.00107128 0.01999644 -0.11570061
v -0.00010000 0.01869640 -0.11687184
v -0.00010000 0.01999640 -0.11687188
v -0.00170000 0.01869639 -0.11730056
v -0.00170000 0.01999639 -0.11730060
v -0.00330000 0.01869640 -0.11687184
v -0.00330000 0.01999640 -0.11687188
v -0.00447128 0.01869644 -0.11570057
v -0.00447128 0.01999644 -0.11570061
v -0.01010192 0.01649661 -0.11010049
v -0.00995000 0.01649661 -0.11010049
v -0.00995000 0.01999661 -0.11010060
v -0.01270000 0.01999661 -0.11010060
v -0.01096795 0.01699661 -0.11010051
v -0.01074471 0.01673057 -0.11010050
v -0.01044394 0.01655692 -0.11010050
v 0.01073400 -0.01705108 -0.10779947
v 0.01065746 -0.01686630 -0.10759947
v -0.02320000 0.00564688 -0.21070594
v -0.02320000 0.00579351 -0.21055932
v -0.02170000 0.00564688 -0.21070594
v -0.02170000 0.00579351 -0.21055932
v 0.01823983 0.01596709 -0.19260048
v 0.01823983 0.01596636 -0.21612697
v -0.00420000 0.01999638 -0.11760061
v -0.00420000 0.01379638 -0.11760042
v -0.00433397 0.01999639 -0.11710060
v -0.00433397 0.01379639 -0.11710041
v -0.00470000 0.01999641 -0.11673458
v -0.00470000 0.01379641 -0.11673439
v -0.00520000 0.01999641 -0.11660061
v -0.00520000 0.01379641 -0.11660042
v -0.01132500 0.00854421 -0.18795073
v -0.01105048 0.00854420 -0.18822525
v -0.01170000 0.00854419 -0.18860025
v -0.01095000 0.00854419 -0.18860025
v -0.01105048 0.00854418 -0.18897525
v -0.01234952 0.00854420 -0.18822525
v -0.01207500 0.00854421 -0.18795073
v -0.01170000 0.00854421 -0.18785025
v -0.01207500 0.00854417 -0.18924977
v -0.01234952 0.00854418 -0.18897525
v -0.01245000 0.00854419 -0.18860025
v -0.01132500 0.00854417 -0.18924977
v -0.01170000 0.00854417 -0.18935025
v 0.00530000 0.00914449 -0.19457527
v 0.00530000 0.00941899 -0.19484980
v 0.00530000 0.00979402 -0.19420029
v 0.00530000 0.00979399 -0.19495029
v 0.00530000 0.01016900 -0.19484982
v 0.00530000 0.00941904 -0.19355076
v 0.00530000 0.00914451 -0.19382527
v 0.00530000 0.00904402 -0.19420027
v 0.00530000 0.01044355 -0.19382531
v 0.00530000 0.01016904 -0.19355078
v 0.00530000 0.00979404 -0.19345029
v 0.00530000 0.01044353 -0.19457531
v 0.00530000 0.01054402 -0.19420031
v -0.00861747 -0.01270350 -0.11362460
v -0.00805455 -0.01270351 -0.11394959
v -0.00845000 -0.01270348 -0.11299960
v -0.00780000 -0.01270348 -0.11299960
v -0.00861747 -0.01270346 -0.11237460
v -0.00805455 -0.01270345 -0.11204959
v -0.00907500 -0.01270345 -0.11191706
v -0.00875000 -0.01270343 -0.11135415
v -0.00970000 -0.01270344 -0.11174960
v -0.00970000 -0.01270342 -0.11109960
v -0.01032500 -0.01270345 -0.11191706
v -0.01065000 -0.01270343 -0.11135415
v -0.01078253 -0.01270346 -0.11237460
v -0.01134545 -0.01270345 -0.11204959
v -0.01095000 -0.01270348 -0.11299960
v -0.01160000 -0.01270348 -0.11299960
v -0.01078253 -0.01270350 -0.11362460
v -0.01134545 -0.01270351 -0.11394959
v -0.01032500 -0.01270351 -0.11408212
v -0.01065000 -0.01270353 -0.11464504
v -0.00970000 -0.01270352 -0.11424960
v -0.00970000 -0.01270354 -0.11489960
v -0.00907500 -0.01270351 -0.11408212
v -0.00875000 -0.01270353 -0.11464504
v 0.01130000 0.01049391 -0.19770031
v 0.01330000 0.01129391 -0.19791469
v 0.01130000 0.01129391 -0.19791469
v 0.01330000 0.01187953 -0.19850035
v 0.01130000 0.01187953 -0.19850035
v 0.01330000 0.01209386 -0.19930036
v 0.01130000 0.01209386 -0.19930036
v 0.01330000 0.01187948 -0.20010035
v 0.01130000 0.01187948 -0.20010035
v 0.01330000 0.01129382 -0.20068598
v 0.01130000 0.01129382 -0.20068598
v 0.01330000 0.01049381 -0.20090031
v 0.01130000 0.01049381 -0.20090031
v 0.01330000 0.00969382 -0.20068593
v 0.01130000 0.00969382 -0.20068593
v 0.01330000 0.00910820 -0.20010027
v 0.01130000 0.00910820 -0.20010027
v 0.01330000 0.00889386 -0.19930026
v 0.01130000 0.00889386 -0.19930026
v 0.01330000 0.00910825 -0.19850027
v 0.01130000 0.00910825 -0.19850027
v 0.01330000 0.00969390 -0.19791465
v 0.01130000 0.00969390 -0.19791465
v 0.01330000 0.01049391 -0.19770031
v 0.01330000 0.01049381 -0.20090031
v 0.01330000 0.01049380 -0.20120031
v 0.01330000 0.00969382 -0.20068593
v 0.01330000 0.00954381 -0.20094573
v 0.01330000 0.00910820 -0.20010027
v 0.01330000 0.00884838 -0.20025026
v 0.01330000 0.00889386 -0.19930026
v 0.01330000 0.00859386 -0.19930025
v 0.01330000 0.00910825 -0.19850027
v 0.01330000 0.00884844 -0.19835026
v 0.01330000 0.00969390 -0.19791465
v 0.01330000 0.00954391 -0.19765483
v 0.01330000 0.01049391 -0.19770031
v 0.01330000 0.01049392 -0.19740031
v 0.01330000 0.01129391 -0.19791469
v 0.01330000 0.01144391 -0.19765489
v 0.01330000 0.01187953 -0.19850035
v 0.01330000 0.01213934 -0.19835036
v 0.01330000 0.01209386 -0.19930036
v 0.01330000 0.01239386 -0.19930037
v 0.01330000 0.01187948 -0.20010035
v 0.01330000 0.01213928 -0.20025036
v 0.01330000 0.01129382 -0.20068598
v 0.01330000 0.01144381 -0.20094579
v 0.01130000 0.01049391 -0.19770031
v 0.01130000 0.01049392 -0.19740031
v 0.01130000 0.00969390 -0.19791465
v 0.01130000 0.00954391 -0.19765483
v 0.01130000 0.00910825 -0.19850027
v 0.01130000 0.00884844 -0.19835026
v 0.01130000 0.00889386 -0.19930026
v 0.01130000 0.00859386 -0.19930025
v 0.01130000 0.00910820 -0.20010027
v 0.01130000 0.00884838 -0.20025026
v 0.01130000 0.00969382 -0.20068593
v 0.01130000 0.00954381 -0.20094573
v 0.01130000 0.01049381 -0.20090031
v 0.01130000 0.01049380 -0.20120031
v 0.01130000 0.01129382 -0.20068598
v 0.01130000 0.01144381 -0.20094579
v 0.01130000 0.01187948 -0.20010035
v 0.01130000 0.01213928 -0.20025036
v 0.01130000 0.01209386 -0.19930036
v 0.01130000 0.01239386 -0.19930037
v 0.01130000 0.01187953 -0.19850035
v 0.01130000 0.01213934 -0.19835036
v 0.01130000 0.01129391 -0.19791469
v 0.01130000 0.01144391 -0.19765489
v 0.01430000 0.01049389 -0.19830031
v 0.01030000 0.01049389 -0.19830031
v 0.01430000 0.01099389 -0.19843430
v 0.01030000 0.01099389 -0.19843430
v 0.01430000 0.01135990 -0.19880034
v 0.01030000 0.01135990 -0.19880034
v 0.01430000 0.01149386 -0.19930034
v 0.01030000 0.01149386 -0.19930034
v 0.01430000 0.01135987 -0.19980034
v 0.01030000 0.01135987 -0.19980034
v 0.01430000 0.01099383 -0.20016635
v 0.01030000 0.01099383 -0.20016635
v 0.01430000 0.01049383 -0.20030031
v 0.01030000 0.01049383 -0.20030031
v 0.01430000 0.00999383 -0.20016632
v 0.01030000 0.00999383 -0.20016632
v 0.01430000 0.00962782 -0.19980028
v 0.01030000 0.00962782 -0.19980028
v 0.01430000 0.00949386 -0.19930028
v 0.01030000 0.00949386 -0.19930028
v 0.01430000 0.00962785 -0.19880028
v 0.01030000 0.00962785 -0.19880028
v 0.01430000 0.00999388 -0.19843427
v 0.01030000 0.00999388 -0.19843427
v 0.01430000 0.01099389 -0.19843430
v 0.01430000 0.01144391 -0.19765489
v 0.01430000 0.01049389 -0.19830031
v 0.01430000 0.01049392 -0.19740031
v 0.01430000 0.00999388 -0.19843427
v 0.01430000 0.00954391 -0.19765483
v 0.01430000 0.00962785 -0.19880028
v 0.01430000 0.00884844 -0.19835026
v 0.01430000 0.00949386 -0.19930028
v 0.01430000 0.00859386 -0.19930025
v 0.01430000 0.00962782 -0.19980028
v 0.01430000 0.00884838 -0.20025026
v 0.01430000 0.00999383 -0.20016632
v 0.01430000 0.00954381 -0.20094573
v 0.01430000 0.01049383 -0.20030031
v 0.01430000 0.01049380 -0.20120031
v 0.01430000 0.01099383 -0.20016635
v 0.01430000 0.01144381 -0.20094579
v 0.01430000 0.01135987 -0.19980034
v 0.01430000 0.01213928 -0.20025036
v 0.01430000 0.01149386 -0.19930034
v 0.01430000 0.01239386 -0.19930037
v 0.01430000 0.01135990 -0.19880034
v 0.01430000 0.01213934 -0.19835036
v 0.01030000 0.01099389 -0.19843430
v 0.01030000 0.01144391 -0.19765489
v 0.01030000 0.01135990 -0.19880034
v 0.01030000 0.01213934 -0.19835036
v 0.01030000 0.01149386 -0.19930034
v 0.01030000 0.01239386 -0.19930037
v 0.01030000 0.01135987 -0.19980034
v 0.01030000 0.01213928 -0.20025036
v 0.01030000 0.01099383 -0.20016635
v 0.01030000 0.01144381 -0.20094579
v 0.01030000 0.01049383 -0.20030031
v 0.01030000 0.01049380 -0.20120031
v 0.01030000 0.00999383 -0.20016632
v 0.01030000 0.00954381 -0.20094573
v 0.01030000 0.00962782 -0.19980028
v 0.01030000 0.00884838 -0.20025026
v 0.01030000 0.00949386 -0.19930028
v 0.01030000 0.00859386 -0.19930025
v 0.01030000 0.00962785 -0.19880028
v 0.01030000 0.00884844 -0.19835026
v 0.01030000 0.00999388 -0.19843427
v 0.01030000 0.00954391 -0.19765483
v 0.01030000 0.01049389 -0.19830031
v 0.01030000 0.01049392 -0.19740031
v 0.01330000 0.01049392 -0.19740031
v 0.01430000 0.01144391 -0.19765489
v 0.01330000 0.01144391 -0.19765489
v 0.01430000 0.01213934 -0.19835036
v 0.01330000 0.01213934 -0.19835036
v 0.01430000 0.01239386 -0.19930037
v 0.01330000 0.01239386 -0.19930037
v 0.01430000 0.01213928 -0.20025036
v 0.01330000 0.01213928 -0.20025036
v 0.01430000 0.01144381 -0.20094579
v 0.01330000 0.01144381 -0.20094579
v 0.01430000 0.01049380 -0.20120031
v 0.01330000 0.01049380 -0.20120031
v 0.01430000 0.00954381 -0.20094573
v 0.01330000 0.00954381 -0.20094573
v 0.01430000 0.00884838 -0.20025026
v 0.01330000 0.00884838 -0.20025026
v 0.01430000 0.00859386 -0.19930025
v 0.01330000 0.00859386 -0.19930025
v 0.01430000 0.00884844 -0.19835026
v 0.01330000 0.00884844 -0.19835026
v 0.01430000 0.00954391 -0.19765483
v 0.01330000 0.00954391 -0.19765483
v 0.01430000 0.01049392 -0.19740031
v 0.01030000 0.01049392 -0.19740031
v 0.01130000 0.01144391 -0.19765489
v 0.01030000 0.01144391 -0.19765489
v 0.01130000 0.01213934 -0.19835036
v 0.01030000 0.01213934 -0.19835036
v 0.01130000 0.01239386 -0.19930037
v 0.01030000 0.01239386 -0.19930037
v 0.01130000 0.01213928 -0.20025036
v 0.01030000 0.01213928 -0.20025036
v 0.01130000 0.01144381 -0.20094579
v 0.01030000 0.01144381 -0.20094579
v 0.01130000 0.01049380 -0.20120031
v 0.01030000 0.01049380 -0.20120031
v 0.01130000 0.00954381 -0.20094573
v 0.01030000 0.00954381 -0.20094573
v 0.01130000 0.00884838 -0.20025026
v 0.01030000 0.00884838 -0.20025026
v 0.01130000 0.00859386 -0.19930025
v 0.01030000 0.00859386 -0.19930025
v 0.01130000 0.00884844 -0.19835026
v 0.01030000 0.00884844 -0.19835026
v 0.01130000 0.00954391 -0.19765483
v 0.01030000 0.00954391 -0.19765483
v 0.01130000 0.01049392 -0.19740031
v -0.01552000 0.01038899 -0.11382655
v -0.01552000 0.01082275 -0.11339282
v -0.01552000 0.00979653 -0.11280029
v -0.01552000 0.01098153 -0.11280033
v -0.01552000 0.01082279 -0.11220782
v -0.01552000 0.00877026 -0.11339276
v -0.01552000 0.00920399 -0.11382651
v -0.01552000 0.00979649 -0.11398529
v -0.01552000 0.00920406 -0.11177403
v -0.01552000 0.00877030 -0.11220776
v -0.01552000 0.00861153 -0.11280025
v -0.01552000 0.01038906 -0.11177406
v -0.01552000 0.00979656 -0.11161529
v -0.01552000 0.01098153 -0.11280033
v -0.02036000 0.01082279 -0.11220782
v -0.01552000 0.01082279 -0.11220782
v -0.02036000 0.01038906 -0.11177406
v -0.01552000 0.01038906 -0.11177406
v -0.02036000 0.00979656 -0.11161529
v -0.01552000 0.00979656 -0.11161529
v -0.02036000 0.00920406 -0.11177403
v -0.01552000 0.00920406 -0.11177403
v -0.02036000 0.00877030 -0.11220776
v -0.01552000 0.00877030 -0.11220776
v -0.02036000 0.00861153 -0.11280025
v -0.01552000 0.00861153 -0.11280025
v -0.02036000 0.00877026 -0.11339276
v -0.01552000 0.00877026 -0.11339276
v -0.02036000 0.00920399 -0.11382651
v -0.01552000 0.00920399 -0.11382651
v -0.02036000 0.00979649 -0.11398529
v -0.01552000 0.00979649 -0.11398529
v -0.02036000 0.01038899 -0.11382655
v -0.01552000 0.01038899 -0.11382655
v -0.02036000 0.01082275 -0.11339282
v -0.01552000 0.01082275 -0.11339282
v -0.02036000 0.01098153 -0.11280033
v -0.02036000 0.00920406 -0.11177403
v -0.02036000 0.00900157 -0.11142328
v -0.02036000 0.00877030 -0.11220776
v -0.02036000 0.00841957 -0.11200524
v -0.02036000 0.00861153 -0.11280025
v -0.02036000 0.00820652 -0.11280024
v -0.02036000 0.00877026 -0.11339276
v -0.02036000 0.00841952 -0.11359525
v -0.02036000 0.00920399 -0.11382651
v -0.02036000 0.00900148 -0.11417725
v -0.02036000 0.00979649 -0.11398529
v -0.02036000 0.00979648 -0.11439029
v -0.02036000 0.01038899 -0.11382655
v -0.02036000 0.01059148 -0.11417730
v -0.02036000 0.01082275 -0.11339282
v -0.02036000 0.01117348 -0.11359534
v -0.02036000 0.01098153 -0.11280033
v -0.02036000 0.01138652 -0.11280034
v -0.02036000 0.01082279 -0.11220782
v -0.02036000 0.01117353 -0.11200532
v -0.02036000 0.01038906 -0.11177406
v -0.02036000 0.01059157 -0.11142333
v -0.02036000 0.00979656 -0.11161529
v -0.02036000 0.00979658 -0.11121029
v -0.02036000 0.01138652 -0.11280034
v -0.02170000 0.01117353 -0.11200532
v -0.02036000 0.01117353 -0.11200532
v -0.02170000 0.01059157 -0.11142333
v -0.02036000 0.01059157 -0.11142333
v -0.02170000 0.00979658 -0.11121029
v -0.02036000 0.00979658 -0.11121029
v -0.02170000 0.00900157 -0.11142328
v -0.02036000 0.00900157 -0.11142328
v -0.02170000 0.00841957 -0.11200524
v -0.02036000 0.00841957 -0.11200524
v -0.02170000 0.00820652 -0.11280024
v -0.02036000 0.00820652 -0.11280024
v -0.02170000 0.00841952 -0.11359525
v -0.02036000 0.00841952 -0.11359525
v -0.02170000 0.00900148 -0.11417725
v -0.02036000 0.00900148 -0.11417725
v -0.02170000 0.00979648 -0.11439029
v -0.02036000 0.00979648 -0.11439029
v -0.02170000 0.01059148 -0.11417730
v -0.02036000 0.01059148 -0.11417730
v -0.02170000 0.01117348 -0.11359534
v -0.02036000 0.01117348 -0.11359534
v -0.02170000 0.01138652 -0.11280034
v -0.02170000 0.00900157 -0.11142328
v -0.02170000 0.00868909 -0.11088201
v -0.02170000 0.00841957 -0.11200524
v -0.02170000 0.00787832 -0.11169273
v -0.02170000 0.00820652 -0.11280024
v -0.02170000 0.00758152 -0.11280022
v -0.02170000 0.00841952 -0.11359525
v -0.02170000 0.00787825 -0.11390773
v -0.02170000 0.00900148 -0.11417725
v -0.02170000 0.00868897 -0.11471850
v -0.02170000 0.00979648 -0.11439029
v -0.02170000 0.00979646 -0.11501529
v -0.02170000 0.01059148 -0.11417730
v -0.02170000 0.01090397 -0.11471856
v -0.02170000 0.01117348 -0.11359534
v -0.02170000 0.01171474 -0.11390785
v -0.02170000 0.01138652 -0.11280034
v -0.02170000 0.01201152 -0.11280036
v -0.02170000 0.01117353 -0.11200532
v -0.02170000 0.01171481 -0.11169285
v -0.02170000 0.01059157 -0.11142333
v -0.02170000 0.01090408 -0.11088208
v -0.02170000 0.00979658 -0.11121029
v -0.02170000 0.00979659 -0.11058529
v -0.02170000 0.01201152 -0.11280036
v -0.02286000 0.01171481 -0.11169285
v -0.02170000 0.01171481 -0.11169285
v -0.02286000 0.01090408 -0.11088208
v -0.02170000 0.01090408 -0.11088208
v -0.02286000 0.00979659 -0.11058529
v -0.02170000 0.00979659 -0.11058529
v -0.02286000 0.00868909 -0.11088201
v -0.02170000 0.00868909 -0.11088201
v -0.02286000 0.00787832 -0.11169273
v -0.02170000 0.00787832 -0.11169273
v -0.02286000 0.00758152 -0.11280022
v -0.02170000 0.00758152 -0.11280022
v -0.02286000 0.00787825 -0.11390773
v -0.02170000 0.00787825 -0.11390773
v -0.02286000 0.00868897 -0.11471850
v -0.02170000 0.00868897 -0.11471850
v -0.02286000 0.00979646 -0.11501529
v -0.02170000 0.00979646 -0.11501529
v -0.02286000 0.01090397 -0.11471856
v -0.02170000 0.01090397 -0.11471856
v -0.02286000 0.01171474 -0.11390785
v -0.02170000 0.01171474 -0.11390785
v -0.02286000 0.01201152 -0.11280036
v -0.02286000 0.01201152 -0.11280036
v -0.02286000 0.01086887 -0.11322855
v -0.02286000 0.01070358 -0.11208575
v -0.02286000 0.00963123 -0.11165748
v -0.02286000 0.01090408 -0.11088208
v -0.02286000 0.01171481 -0.11169285
v -0.02286000 0.00872418 -0.11237203
v -0.02286000 0.00868909 -0.11088201
v -0.02286000 0.00979659 -0.11058529
v -0.02286000 0.01171474 -0.11390785
v -0.02286000 0.01090397 -0.11471856
v -0.02286000 0.00996181 -0.11394309
v -0.02286000 0.00888947 -0.11351483
v -0.02286000 0.00758152 -0.11280022
v -0.02286000 0.00787832 -0.11169273
v -0.02286000 0.00979646 -0.11501529
v -0.02286000 0.00868897 -0.11471850
v -0.02286000 0.00787825 -0.11390773
v -0.02286000 0.00872418 -0.11237203
v -0.02286000 0.00963123 -0.11165748
v -0.02186000 0.00872418 -0.11237203
v -0.02186000 0.00963123 -0.11165748
v -0.02286000 0.00888947 -0.11351483
v -0.02286000 0.00872418 -0.11237203
v -0.02186000 0.00888947 -0.11351483
v -0.02186000 0.00872418 -0.11237203
v -0.02286000 0.00996181 -0.11394309
v -0.02286000 0.00888947 -0.11351483
v -0.02186000 0.00996181 -0.11394309
v -0.02186000 0.00888947 -0.11351483
v -0.02286000 0.01086887 -0.11322855
v -0.02286000 0.00996181 -0.11394309
v -0.02186000 0.01086887 -0.11322855
v -0.02186000 0.00996181 -0.11394309
v -0.02286000 0.01070358 -0.11208575
v -0.02286000 0.01086887 -0.11322855
v -0.02186000 0.01070358 -0.11208575
v -0.02186000 0.01086887 -0.11322855
v -0.02286000 0.00963123 -0.11165748
v -0.02286000 0.01070358 -0.11208575
v -0.02186000 0.00963123 -0.11165748
v -0.02186000 0.01070358 -0.11208575
v -0.02186000 0.01070358 -0.11208575
v -0.02186000 0.01086887 -0.11322855
v -0.02186000 0.00963123 -0.11165748
v -0.02186000 0.00996181 -0.11394309
v -0.02186000 0.00872418 -0.11237203
v -0.02186000 0.00888947 -0.11351483
v 0.01946000 -0.00492840 -0.11306041
v 0.01946000 -0.00414030 -0.11390435
v 0.01846000 -0.00492840 -0.11306041
v 0.01846000 -0.00414030 -0.11390435
v 0.01946000 -0.00267855 -0.11253933
v 0.01946000 -0.00301538 -0.11364381
v 0.01946000 -0.00188526 -0.11390743
v 0.01946000 -0.00492840 -0.11306041
v 0.01946000 -0.00459157 -0.11195593
v 0.01946000 -0.00572169 -0.11169231
v 0.01946000 -0.00346665 -0.11169539
v 0.01946000 -0.00380340 -0.11058487
v 0.01946000 -0.00491092 -0.11088159
v 0.01946000 -0.00158848 -0.11279994
v 0.01946000 -0.00188519 -0.11169243
v 0.01946000 -0.00269592 -0.11088166
v 0.01946000 -0.00414030 -0.11390435
v 0.01946000 -0.00380354 -0.11501487
v 0.01946000 -0.00269603 -0.11471815
v 0.01946000 -0.00601847 -0.11279980
v 0.01946000 -0.00572176 -0.11390731
v 0.01946000 -0.00491104 -0.11471808
v 0.01946000 -0.00414030 -0.11390435
v 0.01946000 -0.00301538 -0.11364381
v 0.01846000 -0.00414030 -0.11390435
v 0.01846000 -0.00301538 -0.11364381
v 0.01946000 -0.00459157 -0.11195593
v 0.01946000 -0.00492840 -0.11306041
v 0.01846000 -0.00459157 -0.11195593
v 0.01846000 -0.00492840 -0.11306041
v 0.01946000 -0.00346665 -0.11169539
v 0.01946000 -0.00459157 -0.11195593
v 0.01846000 -0.00346665 -0.11169539
v 0.01846000 -0.00459157 -0.11195593
v 0.01946000 -0.00267855 -0.11253933
v 0.01946000 -0.00346665 -0.11169539
v 0.01846000 -0.00267855 -0.11253933
v 0.01846000 -0.00346665 -0.11169539
v 0.01946000 -0.00301538 -0.11364381
v 0.01946000 -0.00267855 -0.11253933
v 0.01846000 -0.00301538 -0.11364381
v 0.01846000 -0.00267855 -0.11253933
v 0.01846000 -0.00459157 -0.11195593
v 0.01846000 -0.00492840 -0.11306041
v 0.01846000 -0.00346665 -0.11169539
v 0.01846000 -0.00414030 -0.11390435
v 0.01846000 -0.00267855 -0.11253933
v 0.01846000 -0.00301538 -0.11364381
v 0.01212000 -0.00498847 -0.11279983
v 0.01696000 -0.00482970 -0.11220734
v 0.01212000 -0.00482970 -0.11220734
v 0.01696000 -0.00439594 -0.11177361
v 0.01212000 -0.00439594 -0.11177361
v 0.01696000 -0.00380344 -0.11161487
v 0.01212000 -0.00380344 -0.11161487
v 0.01696000 -0.00321094 -0.11177365
v 0.01212000 -0.00321094 -0.11177365
v 0.01696000 -0.00277722 -0.11220740
v 0.01212000 -0.00277722 -0.11220740
v 0.01696000 -0.00261847 -0.11279991
v 0.01212000 -0.00261847 -0.11279991
v 0.01696000 -0.00277725 -0.11339240
v 0.01212000 -0.00277725 -0.11339240
v 0.01696000 -0.00321100 -0.11382613
v 0.01212000 -0.00321100 -0.11382613
v 0.01696000 -0.00380351 -0.11398487
v 0.01212000 -0.00380351 -0.11398487
v 0.01696000 -0.00439600 -0.11382609
v 0.01212000 -0.00439600 -0.11382609
v 0.01696000 -0.00482973 -0.11339234
v 0.01212000 -0.00482973 -0.11339234
v 0.01696000 -0.00498847 -0.11279983
v 0.01212000 -0.00439600 -0.11382609
v 0.01212000 -0.00482973 -0.11339234
v 0.01212000 -0.00380347 -0.11279987
v 0.01212000 -0.00498847 -0.11279983
v 0.01212000 -0.00482970 -0.11220734
v 0.01212000 -0.00277725 -0.11339240
v 0.01212000 -0.00321100 -0.11382613
v 0.01212000 -0.00380351 -0.11398487
v 0.01212000 -0.00321094 -0.11177365
v 0.01212000 -0.00277722 -0.11220740
v 0.01212000 -0.00261847 -0.11279991
v 0.01212000 -0.00439594 -0.11177361
v 0.01212000 -0.00380344 -0.11161487
v 0.01696000 -0.00277722 -0.11220740
v 0.01696000 -0.00242647 -0.11200491
v 0.01696000 -0.00261847 -0.11279991
v 0.01696000 -0.00221347 -0.11279992
v 0.01696000 -0.00277725 -0.11339240
v 0.01696000 -0.00242652 -0.11359492
v 0.01696000 -0.00321100 -0.11382613
v 0.01696000 -0.00300852 -0.11417688
v 0.01696000 -0.00380351 -0.11398487
v 0.01696000 -0.00380352 -0.11438987
v 0.01696000 -0.00439600 -0.11382609
v 0.01696000 -0.00459852 -0.11417683
v 0.01696000 -0.00482973 -0.11339234
v 0.01696000 -0.00518048 -0.11359483
v 0.01696000 -0.00498847 -0.11279983
v 0.01696000 -0.00539348 -0.11279982
v 0.01696000 -0.00482970 -0.11220734
v 0.01696000 -0.00518043 -0.11200482
v 0.01696000 -0.00439594 -0.11177361
v 0.01696000 -0.00459843 -0.11142286
v 0.01696000 -0.00380344 -0.11161487
v 0.01696000 -0.00380342 -0.11120987
v 0.01696000 -0.00321094 -0.11177365
v 0.01696000 -0.00300843 -0.11142291
v 0.01696000 -0.00539348 -0.11279982
v 0.01830000 -0.00518043 -0.11200482
v 0.01696000 -0.00518043 -0.11200482
v 0.01830000 -0.00459843 -0.11142286
v 0.01696000 -0.00459843 -0.11142286
v 0.01830000 -0.00380342 -0.11120987
v 0.01696000 -0.00380342 -0.11120987
v 0.01830000 -0.00300843 -0.11142291
v 0.01696000 -0.00300843 -0.11142291
v 0.01830000 -0.00242647 -0.11200491
v 0.01696000 -0.00242647 -0.11200491
v 0.01830000 -0.00221347 -0.11279992
v 0.01696000 -0.00221347 -0.11279992
v 0.01830000 -0.00242652 -0.11359492
v 0.01696000 -0.00242652 -0.11359492
v 0.01830000 -0.00300852 -0.11417688
v 0.01696000 -0.00300852 -0.11417688
v 0.01830000 -0.00380352 -0.11438987
v 0.01696000 -0.00380352 -0.11438987
v 0.01830000 -0.00459852 -0.11417683
v 0.01696000 -0.00459852 -0.11417683
v 0.01830000 -0.00518048 -0.11359483
v 0.01696000 -0.00518048 -0.11359483
v 0.01830000 -0.00539348 -0.11279982
v 0.01830000 -0.00221347 -0.11279992
v 0.01830000 -0.00158848 -0.11279994
v 0.01830000 -0.00242652 -0.11359492
v 0.01830000 -0.00188526 -0.11390743
v 0.01830000 -0.00300852 -0.11417688
v 0.01830000 -0.00269603 -0.11471815
v 0.01830000 -0.00380352 -0.11438987
v 0.01830000 -0.00380354 -0.11501487
v 0.01830000 -0.00459852 -0.11417683
v 0.01830000 -0.00491104 -0.11471808
v 0.01830000 -0.00518048 -0.11359483
v 0.01830000 -0.00572176 -0.11390731
v 0.01830000 -0.00539348 -0.11279982
v 0.01830000 -0.00601847 -0.11279980
v 0.01830000 -0.00518043 -0.11200482
v 0.01830000 -0.00572169 -0.11169231
v 0.01830000 -0.00459843 -0.11142286
v 0.01830000 -0.00491092 -0.11088159
v 0.01830000 -0.00380342 -0.11120987
v 0.01830000 -0.00380340 -0.11058487
v 0.01830000 -0.00300843 -0.11142291
v 0.01830000 -0.00269592 -0.11088166
v 0.01830000 -0.00242647 -0.11200491
v 0.01830000 -0.00188519 -0.11169243
v 0.01830000 -0.00601847 -0.11279980
v 0.01946000 -0.00572169 -0.11169231
v 0.01830000 -0.00572169 -0.11169231
v 0.01946000 -0.00491092 -0.11088159
v 0.01830000 -0.00491092 -0.11088159
v 0.01946000 -0.00380340 -0.11058487
v 0.01830000 -0.00380340 -0.11058487
v 0.01946000 -0.00269592 -0.11088166
v 0.01830000 -0.00269592 -0.11088166
v 0.01946000 -0.00188519 -0.11169243
v 0.01830000 -0.00188519 -0.11169243
v 0.01946000 -0.00158848 -0.11279994
v 0.01830000 -0.00158848 -0.11279994
v 0.01946000 -0.00188526 -0.11390743
v 0.01830000 -0.00188526 -0.11390743
v 0.01946000 -0.00269603 -0.11471815
v 0.01830000 -0.00269603 -0.11471815
v 0.01946000 -0.00380354 -0.11501487
v 0.01830000 -0.00380354 -0.11501487
v 0.01946000 -0.00491104 -0.11471808
v 0.01830000 -0.00491104 -0.11471808
v 0.01946000 -0.00572176 -0.11390731
v 0.01830000 -0.00572176 -0.11390731
v 0.01946000 -0.00601847 -0.11279980
v 0.01430000 -0.00590338 -0.10959981
v 0.01810000 -0.00590338 -0.10959981
v 0.01430000 0.01339663 -0.10960041
v 0.01810000 0.01339663 -0.10960041
v 0.01830000 -0.00590338 -0.10979980
v 0.01810000 -0.00590338 -0.10959981
v 0.01810000 -0.00645338 -0.10974717
v 0.01830000 -0.00635339 -0.10992037
v 0.01810000 -0.00685602 -0.11014978
v 0.01830000 -0.00668282 -0.11024978
v 0.01810000 -0.00700341 -0.11069977
v 0.01830000 -0.00680341 -0.11069977
v 0.01430000 0.01499657 -0.11120045
v 0.01810000 0.01499657 -0.11120045
v 0.01430000 0.01499364 -0.20631541
v 0.01810000 0.01499364 -0.20631541
v 0.01830000 0.01479658 -0.11120045
v 0.01810000 0.01499657 -0.11120045
v 0.01810000 0.01478224 -0.11040045
v 0.01830000 0.01460903 -0.11050044
v 0.01810000 0.01419662 -0.10981478
v 0.01830000 0.01409661 -0.10998799
v 0.01810000 0.01339663 -0.10960041
v 0.01830000 0.01339662 -0.10980039
v 0.01810000 0.01419662 -0.10981478
v 0.01430000 0.01419662 -0.10981478
v 0.01810000 0.01478224 -0.11040045
v 0.01430000 0.01478224 -0.11040045
v 0.01830000 -0.00590338 -0.10979980
v 0.01810000 -0.00590338 -0.10959981
v 0.01430000 -0.00700341 -0.11069977
v 0.01810000 -0.00700341 -0.11069977
v 0.01810000 -0.00685602 -0.11014978
v 0.01430000 -0.00685602 -0.11014978
v 0.01810000 -0.00645338 -0.10974717
v 0.01430000 -0.00645338 -0.10974717
v 0.01830000 -0.00680348 -0.11304977
v 0.01810000 -0.00700348 -0.11304977
v 0.01430000 -0.00700348 -0.11304977
v 0.01810000 -0.00700348 -0.11304977
v 0.01810000 -0.00667625 -0.11443614
v 0.01830000 -0.00649736 -0.11434671
v 0.01810000 -0.00576356 -0.11552981
v 0.01830000 -0.00564356 -0.11536982
v 0.01430000 -0.00576356 -0.11552981
v 0.01810000 -0.00576356 -0.11552981
v 0.01810000 -0.00667625 -0.11443614
v 0.01430000 -0.00667625 -0.11443614
v 0.01810000 -0.00376361 -0.11702986
v 0.01830000 -0.00364360 -0.11686987
v 0.01430000 -0.00376361 -0.11702986
v 0.01810000 -0.00376361 -0.11702986
v 0.01810000 -0.00300365 -0.11854989
v 0.01830000 -0.00280365 -0.11854990
v 0.01810000 -0.00320421 -0.11770018
v 0.01830000 -0.00302533 -0.11761075
v 0.01430000 -0.00300365 -0.11854989
v 0.01810000 -0.00300365 -0.11854989
v 0.01430000 -0.00320421 -0.11770018
v 0.01810000 -0.00320421 -0.11770018
v 0.01810000 -0.00300616 -0.19987779
v 0.01830000 -0.00280616 -0.19987779
v 0.01430000 -0.00300616 -0.19987779
v 0.01810000 -0.00300616 -0.19987779
v 0.01810000 -0.00275267 -0.20110564
v 0.01830000 -0.00256902 -0.20102643
v 0.01810000 -0.00203358 -0.20213268
v 0.01830000 -0.00189632 -0.20198720
v 0.01810000 -0.00096651 -0.20279090
v 0.01830000 -0.00089810 -0.20260296
v 0.01430000 -0.00096651 -0.20279090
v 0.01810000 -0.00096651 -0.20279090
v 0.01810000 -0.00203358 -0.20213268
v 0.01430000 -0.00203358 -0.20213268
v 0.01810000 -0.00275267 -0.20110564
v 0.01430000 -0.00275267 -0.20110564
v 0.01710000 0.01049391 -0.19770031
v 0.01710000 0.01049393 -0.19700031
v 0.01710000 0.00969390 -0.19791465
v 0.01710000 0.00934392 -0.19730842
v 0.01710000 0.00910825 -0.19850027
v 0.01710000 0.00850204 -0.19815025
v 0.01710000 0.00889386 -0.19930026
v 0.01710000 0.00819386 -0.19930024
v 0.01710000 0.00910820 -0.20010027
v 0.01710000 0.00850197 -0.20045025
v 0.01710000 0.00969382 -0.20068593
v 0.01710000 0.00934380 -0.20129213
v 0.01710000 0.01049381 -0.20090031
v 0.01710000 0.01049379 -0.20160031
v 0.01710000 0.01129382 -0.20068598
v 0.01710000 0.01164380 -0.20129220
v 0.01710000 0.01187948 -0.20010035
v 0.01710000 0.01248568 -0.20045037
v 0.01710000 0.01209386 -0.19930036
v 0.01710000 0.01279386 -0.19930038
v 0.01710000 0.01187953 -0.19850035
v 0.01710000 0.01248575 -0.19815037
v 0.01710000 0.01129391 -0.19791469
v 0.01710000 0.01164392 -0.19730849
v 0.01430000 0.01139652 -0.11280034
v 0.01830000 0.01139652 -0.11280034
v 0.01430000 0.01118219 -0.11200033
v 0.01830000 0.01118219 -0.11200033
v 0.01430000 0.01059657 -0.11141467
v 0.01830000 0.01059657 -0.11141467
v 0.01430000 0.00979658 -0.11120029
v 0.01830000 0.00979658 -0.11120029
v 0.01430000 0.00899657 -0.11141462
v 0.01830000 0.00899657 -0.11141462
v 0.01430000 0.00841091 -0.11200025
v 0.01830000 0.00841091 -0.11200025
v 0.01430000 0.00819653 -0.11280024
v 0.01830000 0.00819653 -0.11280024
v 0.01430000 0.00841086 -0.11360024
v 0.01830000 0.00841086 -0.11360024
v 0.01430000 0.00899648 -0.11418591
v 0.01830000 0.00899648 -0.11418591
v 0.01430000 0.00979648 -0.11440029
v 0.01830000 0.00979648 -0.11440029
v 0.01430000 0.01059648 -0.11418596
v 0.01830000 0.01059648 -0.11418596
v 0.01430000 0.01118214 -0.11360033
v 0.01830000 0.01118214 -0.11360033
v 0.01710000 0.01279386 -0.19930038
v 0.01830000 0.01279386 -0.19930038
v 0.01710000 0.01248575 -0.19815037
v 0.01830000 0.01248575 -0.19815037
v 0.01710000 0.01164392 -0.19730849
v 0.01830000 0.01164392 -0.19730849
v 0.01710000 0.01049393 -0.19700031
v 0.01830000 0.01049393 -0.19700031
v 0.01710000 0.00934392 -0.19730842
v 0.01830000 0.00934392 -0.19730842
v 0.01710000 0.00850204 -0.19815025
v 0.01830000 0.00850204 -0.19815025
v 0.01710000 0.00819386 -0.19930024
v 0.01830000 0.00819386 -0.19930024
v 0.01710000 0.00850197 -0.20045025
v 0.01830000 0.00850197 -0.20045025
v 0.01710000 0.00934380 -0.20129213
v 0.01830000 0.00934380 -0.20129213
v 0.01710000 0.01049379 -0.20160031
v 0.01830000 0.01049379 -0.20160031
v 0.01710000 0.01164380 -0.20129220
v 0.01830000 0.01164380 -0.20129220
v 0.01710000 0.01248568 -0.20045037
v 0.01830000 0.01248568 -0.20045037
v 0.01430000 0.00969390 -0.19791465
v 0.01430000 0.00910825 -0.19850027
v 0.01430000 0.00149382 -0.20068567
v 0.01430000 0.00889386 -0.19930026
v 0.01430000 0.00069381 -0.20090001
v 0.01430000 0.00819653 -0.11280024
v 0.01430000 -0.00380352 -0.11439987
v 0.01430000 -0.00300352 -0.11418554
v 0.01430000 -0.00241786 -0.11359991
v 0.01430000 -0.00220348 -0.11279992
v 0.01430000 0.00841091 -0.11200025
v 0.01430000 0.01129382 -0.20068598
v 0.01430000 0.01360244 -0.20790168
v 0.01430000 0.01049381 -0.20090031
v 0.01430000 0.01284636 -0.20781886
v 0.01430000 0.00969382 -0.20068593
v 0.01430000 -0.00096651 -0.20279090
v 0.01430000 0.00910820 -0.20010027
v 0.01430000 0.01499364 -0.20631541
v 0.01430000 0.01481284 -0.20705420
v 0.01430000 0.01431132 -0.20762603
v 0.01430000 0.01187948 -0.20010035
v 0.01430000 0.01209386 -0.19930036
v 0.01430000 0.01499657 -0.11120045
v 0.01430000 0.01187953 -0.19850035
v 0.01430000 0.01129391 -0.19791469
v 0.01430000 0.01049391 -0.19770031
v 0.01430000 0.00979648 -0.11440029
v 0.01430000 -0.00241781 -0.11199991
v 0.01430000 -0.00300343 -0.11141425
v 0.01430000 -0.00590338 -0.10959981
v 0.01430000 -0.00380342 -0.11119987
v 0.01430000 -0.00460343 -0.11141420
v 0.01430000 0.01339663 -0.10960041
v 0.01430000 0.01419662 -0.10981478
v 0.01430000 0.01118219 -0.11200033
v 0.01430000 0.01478224 -0.11040045
v 0.01430000 0.01139652 -0.11280034
v 0.01430000 0.01118214 -0.11360033
v 0.01430000 0.01059648 -0.11418596
v 0.01430000 0.01059657 -0.11141467
v 0.01430000 0.00979658 -0.11120029
v 0.01430000 0.00899657 -0.11141462
v 0.01430000 -0.00010618 -0.20068562
v 0.01430000 -0.00203358 -0.20213268
v 0.01430000 -0.00069181 -0.20009996
v 0.01430000 -0.00275267 -0.20110564
v 0.01430000 -0.00090614 -0.19929996
v 0.01430000 -0.00300616 -0.19987779
v 0.01430000 -0.00069176 -0.19849997
v 0.01430000 -0.00300365 -0.11854989
v 0.01430000 -0.00010610 -0.19791434
v 0.01430000 0.00069391 -0.19770001
v 0.01430000 0.00207947 -0.20010005
v 0.01430000 0.00229386 -0.19930006
v 0.01430000 0.00207952 -0.19850005
v 0.01430000 0.00149390 -0.19791439
v 0.01430000 0.00899648 -0.11418591
v 0.01430000 0.00841086 -0.11360024
v 0.01430000 -0.00320421 -0.11770018
v 0.01430000 -0.00376361 -0.11702986
v 0.01430000 -0.00460352 -0.11418549
v 0.01430000 -0.00576356 -0.11552981
v 0.01430000 -0.00518914 -0.11359983
v 0.01430000 -0.00667625 -0.11443614
v 0.01430000 -0.00540347 -0.11279982
v 0.01430000 -0.00700348 -0.11304977
v 0.01430000 -0.00518909 -0.11199983
v 0.01430000 -0.00700341 -0.11069977
v 0.01430000 -0.00685602 -0.11014978
v 0.01430000 -0.00645338 -0.10974717
v 0.01430000 0.01209386 -0.19930036
v 0.01710000 0.01209386 -0.19930036
v 0.01430000 0.01187953 -0.19850035
v 0.01710000 0.01187953 -0.19850035
v 0.01430000 0.01129391 -0.19791469
v 0.01710000 0.01129391 -0.19791469
v 0.01430000 0.01049391 -0.19770031
v 0.01710000 0.01049391 -0.19770031
v 0.01430000 0.00969390 -0.19791465
v 0.01710000 0.00969390 -0.19791465
v 0.01430000 0.00910825 -0.19850027
v 0.01710000 0.00910825 -0.19850027
v 0.01430000 0.00889386 -0.19930026
v 0.01710000 0.00889386 -0.19930026
v 0.01430000 0.00910820 -0.20010027
v 0.01710000 0.00910820 -0.20010027
v 0.01430000 0.00969382 -0.20068593
v 0.01710000 0.00969382 -0.20068593
v 0.01430000 0.01049381 -0.20090031
v 0.01710000 0.01049381 -0.20090031
v 0.01430000 0.01129382 -0.20068598
v 0.01710000 0.01129382 -0.20068598
v 0.01430000 0.01187948 -0.20010035
v 0.01710000 0.01187948 -0.20010035
v 0.01430000 0.00229386 -0.19930006
v 0.01830000 0.00229386 -0.19930006
v 0.01430000 0.00207952 -0.19850005
v 0.01830000 0.00207952 -0.19850005
v 0.01430000 0.00149390 -0.19791439
v 0.01830000 0.00149390 -0.19791439
v 0.01430000 0.00069391 -0.19770001
v 0.01830000 0.00069391 -0.19770001
v 0.01430000 -0.00010610 -0.19791434
v 0.01830000 -0.00010610 -0.19791434
v 0.01430000 -0.00069176 -0.19849997
v 0.01830000 -0.00069176 -0.19849997
v 0.01430000 -0.00090614 -0.19929996
v 0.01830000 -0.00090614 -0.19929996
v 0.01430000 -0.00069181 -0.20009996
v 0.01830000 -0.00069181 -0.20009996
v 0.01430000 -0.00010618 -0.20068562
v 0.01830000 -0.00010618 -0.20068562
v 0.01430000 0.00069381 -0.20090001
v 0.01830000 0.00069381 -0.20090001
v 0.01430000 0.00149382 -0.20068567
v 0.01830000 0.00149382 -0.20068567
v 0.01430000 0.00207947 -0.20010005
v 0.01830000 0.00207947 -0.20010005
v 0.01430000 -0.00220348 -0.11279992
v 0.01830000 -0.00220348 -0.11279992
v 0.01430000 -0.00241781 -0.11199991
v 0.01830000 -0.00241781 -0.11199991
v 0.01430000 -0.00300343 -0.11141425
v 0.01830000 -0.00300343 -0.11141425
v 0.01430000 -0.00380342 -0.11119987
v 0.01830000 -0.00380342 -0.11119987
v 0.01430000 -0.00460343 -0.11141420
v 0.01830000 -0.00460343 -0.11141420
v 0.01430000 -0.00518909 -0.11199983
v 0.01830000 -0.00518909 -0.11199983
v 0.01430000 -0.00540347 -0.11279982
v 0.01830000 -0.00540347 -0.11279982
v 0.01430000 -0.00518914 -0.11359983
v 0.01830000 -0.00518914 -0.11359983
v 0.01430000 -0.00460352 -0.11418549
v 0.01830000 -0.00460352 -0.11418549
v 0.01430000 -0.00380352 -0.11439987
v 0.01830000 -0.00380352 -0.11439987
v 0.01430000 -0.00300352 -0.11418554
v 0.01830000 -0.00300352 -0.11418554
v 0.01430000 -0.00241786 -0.11359991
v 0.01830000 -0.00241786 -0.11359991
v 0.01810000 0.01284636 -0.20781886
v 0.01830000 0.01291478 -0.20763092
v 0.01430000 0.01284636 -0.20781886
v 0.01810000 0.01284636 -0.20781886
v 0.01810000 0.01360244 -0.20790168
v 0.01830000 0.01357634 -0.20770339
v 0.01810000 0.01431132 -0.20762603
v 0.01830000 0.01419662 -0.20746220
v 0.01810000 0.01481284 -0.20705420
v 0.01830000 0.01463544 -0.20696185
v 0.01810000 0.01499364 -0.20631541
v 0.01830000 0.01479365 -0.20631541
v 0.01810000 0.01481284 -0.20705420
v 0.01430000 0.01481284 -0.20705420
v 0.01810000 0.01431132 -0.20762603
v 0.01430000 0.01431132 -0.20762603
v 0.01810000 0.01360244 -0.20790168
v 0.01430000 0.01360244 -0.20790168
v 0.01810000 0.01499657 -0.11120045
v 0.01830000 0.01479658 -0.11120045
v 0.01810000 0.01499364 -0.20631541
v 0.01830000 0.01479365 -0.20631541
f 1 2 3
f 2 4 3
f 5 6 7
f 8 9 10
f 11 12 9
f 12 13 9
f 9 13 10
f 7 14 5
f 14 15 5
f 5 15 11
f 15 16 11
f 11 16 12
f 17 18 6
f 18 19 6
f 6 19 7
f 10 20 8
f 20 21 8
f 8 21 17
f 21 22 17
f 17 22 18
f 23 24 25
f 24 26 25
f 27 28 29
f 28 30 29
f 31 32 33
f 32 34 33
f 35 36 37
f 36 38 37
f 39 40 41
f 40 42 41
f 43 44 45
f 44 46 45
f 45 46 47
f 46 48 47
f 49 50 51
f 50 52 51
f 51 52 53
f 52 54 53
f 53 54 55
f 54 56 55
f 55 56 57
f 56 58 57
f 57 58 59
f 58 60 59
f 59 60 61
f 60 62 61
f 61 62 63
f 62 64 63
f 63 64 65
f 64 66 65
f 65 66 67
f 66 68 67
f 67 68 69
f 68 70 69
f 69 70 71
f 70 72 71
f 71 72 49
f 72 50 49
f 73 74 75
f 74 76 75
f 75 76 77
f 78 79 75
f 79 80 75
f 75 80 73
f 81 82 75
f 82 83 75
f 75 83 78
f 77 84 75
f 84 85 75
f 75 85 81
f 86 87 88
f 87 89 88
f 88 89 90
f 89 91 90
f 90 91 92
f 91 93 92
f 92 93 94
f 93 95 94
f 94 95 96
f 95 97 96
f 96 97 98
f 97 99 98
f 98 99 100
f 99 101 100
f 100 101 102
f 101 103 102
f 102 103 104
f 103 105 104
f 104 105 106
f 105 107 106
f 106 107 108
f 107 109 108
f 108 109 86
f 109 87 86
f 110 111 112
f 111 113 112
f 112 113 114
f 113 115 114
f 114 115 116
f 115 117 116
f 116 117 118
f 117 119 118
f 118 119 120
f 119 121 120
f 120 121 122
f 121 123 122
f 122 123 124
f 123 125 124
f 124 125 126
f 125 127 126
f 126 127 128
f 127 129 128
f 128 129 130
f 129 131 130
f 130 131 132
f 131 133 132
f 132 133 110
f 133 111 110
f 134 135 136
f 135 137 136
f 136 137 138
f 137 139 138
f 138 139 140
f 139 141 140
f 140 141 142
f 141 143 142
f 142 143 144
f 143 145 144
f 144 145 146
f 145 147 146
f 146 147 148
f 147 149 148
f 148 149 150
f 149 151 150
f 150 151 152
f 151 153 152
f 152 153 154
f 153 155 154
f 154 155 156
f 155 157 156
f 156 157 134
f 157 135 134
f 158 159 160
f 159 161 160
f 160 161 162
f 161 163 162
f 162 163 164
f 163 165 164
f 164 165 166
f 165 167 166
f 166 167 168
f 167 169 168
f 168 169 170
f 169 171 170
f 170 171 172
f 171 173 172
f 172 173 174
f 173 175 174
f 174 175 176
f 175 177 176
f 176 177 178
f 177 179 178
f 178 179 180
f 179 181 180
f 180 181 158
f 181 159 158
f 182 183 184
f 185 186 183
f 186 187 183
f 183 187 184
f 188 189 185
f 189 190 185
f 185 190 186
f 191 192 188
f 192 193 188
f 188 193 189
f 194 195 191
f 195 196 191
f 191 196 192
f 184 197 182
f 197 198 182
f 182 198 194
f 198 199 194
f 194 199 195
f 200 201 202
f 201 203 202
f 202 203 204
f 203 205 204
f 204 205 206
f 205 207 206
f 206 207 208
f 207 209 208
f 208 209 210
f 209 211 210
f 210 211 212
f 211 213 212
f 212 213 214
f 213 215 214
f 214 215 216
f 215 217 216
f 216 217 218
f 217 219 218
f 218 219 220
f 219 221 220
f 220 221 222
f 221 223 222
f 222 223 200
f 223 201 200
f 224 225 226
f 225 227 226
f 226 227 228
f 227 229 228
f 228 229 230
f 229 231 230
f 230 231 232
f 231 233 232
f 232 233 234
f 233 235 234
f 234 235 236
f 235 237 236
f 236 237 238
f 237 239 238
f 238 239 240
f 239 241 240
f 240 241 242
f 241 243 242
f 242 243 244
f 243 245 244
f 244 245 246
f 245 247 246
f 246 247 224
f 247 225 224
f 248 249 250
f 249 251 250
f 252 253 254
f 253 255 254
f 256 257 258
f 257 259 258
f 260 261 262
f 261 263 262
f 264 265 266
f 265 267 266
f 268 269 270
f 269 271 270
f 272 273 274
f 273 275 274
f 274 275 276
f 275 277 276
f 278 279 280
f 279 281 280
f 280 281 282
f 281 283 282
f 282 283 284
f 283 285 284
f 284 285 286
f 285 287 286
f 286 287 288
f 287 289 288
f 288 289 290
f 289 291 290
f 290 291 292
f 291 293 292
f 292 293 294
f 293 295 294
f 294 295 296
f 295 297 296
f 296 297 298
f 297 299 298
f 298 299 300
f 299 301 300
f 300 301 278
f 301 279 278
f 302 303 304
f 303 305 304
f 304 305 306
f 307 308 304
f 308 309 304
f 304 309 302
f 310 311 304
f 311 312 304
f 304 312 307
f 306 313 304
f 313 314 304
f 304 314 310
f 315 316 317
f 316 318 317
f 317 318 319
f 318 320 319
f 319 320 321
f 320 322 321
f 321 322 323
f 322 324 323
f 323 324 325
f 324 326 325
f 325 326 327
f 326 328 327
f 327 328 329
f 328 330 329
f 329 330 331
f 330 332 331
f 331 332 333
f 332 334 333
f 333 334 335
f 334 336 335
f 335 336 337
f 336 338 337
f 337 338 315
f 338 316 315
f 339 340 341
f 340 342 341
f 341 342 343
f 342 344 343
f 343 344 345
f 344 346 345
f 345 346 347
f 346 348 347
f 347 348 349
f 348 350 349
f 349 350 351
f 350 352 351
f 351 352 353
f 352 354 353
f 353 354 355
f 354 356 355
f 355 356 357
f 356 358 357
f 357 358 359
f 358 360 359
f 359 360 361
f 360 362 361
f 361 362 339
f 362 340 339
f 363 364 365
f 364 366 365
f 365 366 367
f 366 368 367
f 367 368 369
f 368 370 369
f 369 370 371
f 370 372 371
f 371 372 373
f 372 374 373
f 373 374 375
f 374 376 375
f 375 376 377
f 376 378 377
f 377 378 379
f 378 380 379
f 379 380 381
f 380 382 381
f 381 382 383
f 382 384 383
f 383 384 385
f 384 386 385
f 385 386 363
f 386 364 363
f 387 388 389
f 388 390 389
f 389 390 391
f 390 392 391
f 391 392 393
f 392 394 393
f 393 394 395
f 394 396 395
f 395 396 397
f 396 398 397
f 397 398 399
f 398 400 399
f 399 400 401
f 400 402 401
f 401 402 403
f 402 404 403
f 403 404 405
f 404 406 405
f 405 406 407
f 406 408 407
f 407 408 409
f 408 410 409
f 409 410 387
f 410 388 387
f 411 412 413
f 412 414 413
f 413 414 415
f 416 417 413
f 417 418 413
f 413 418 411
f 419 420 413
f 420 421 413
f 413 421 416
f 415 422 413
f 422 423 413
f 413 423 419
f 424 425 426
f 425 427 426
f 426 427 428
f 427 429 428
f 428 429 430
f 429 431 430
f 430 431 432
f 431 433 432
f 432 433 434
f 433 435 434
f 434 435 436
f 435 437 436
f 436 437 438
f 437 439 438
f 438 439 440
f 439 441 440
f 440 441 442
f 441 443 442
f 442 443 444
f 443 445 444
f 444 445 446
f 445 447 446
f 446 447 424
f 447 425 424
f 448 449 450
f 449 451 450
f 450 451 452
f 451 453 452
f 452 453 454
f 453 455 454
f 454 455 456
f 455 457 456
f 456 457 458
f 457 459 458
f 458 459 460
f 459 461 460
f 460 461 462
f 461 463 462
f 462 463 464
f 463 465 464
f 464 465 466
f 465 467 466
f 466 467 468
f 467 469 468
f 468 469 470
f 469 471 470
f 470 471 448
f 471 449 448
f 472 473 474
f 473 475 474
f 474 475 476
f 475 477 476
f 476 477 478
f 477 479 478
f 478 479 480
f 479 481 480
f 480 481 482
f 481 483 482
f 482 483 484
f 483 485 484
f 484 485 486
f 485 487 486
f 486 487 488
f 487 489 488
f 488 489 490
f 489 491 490
f 490 491 492
f 491 493 492
f 492 493 494
f 493 495 494
f 494 495 472
f 495 473 472
f 496 497 498
f 499 500 501
f 498 502 496
f 502 503 496
f 496 503 500
f 503 504 500
f 500 504 501
f 505 506 497
f 506 507 497
f 497 507 498
f 508 509 505
f 509 510 505
f 505 510 506
f 501 511 499
f 511 512 499
f 499 512 508
f 512 513 508
f 508 513 509
f 514 515 516
f 515 517 516
f 518 519 520
f 519 521 520
f 522 523 524
f 523 525 524
f 526 527 528
f 527 529 528
f 530 531 532
f 531 533 532
f 534 535 536
f 535 537 536
f 538 539 540
f 539 541 540
f 540 541 542
f 541 543 542
f 544 545 546
f 545 547 546
f 546 547 548
f 547 549 548
f 548 549 550
f 549 551 550
f 550 551 552
f 551 553 552
f 552 553 554
f 553 555 554
f 554 555 556
f 555 557 556
f 556 557 558
f 557 559 558
f 558 559 560
f 559 561 560
f 560 561 562
f 561 563 562
f 562 563 564
f 563 565 564
f 564 565 566
f 565 567 566
f 566 567 544
f 567 545 544
f 568 569 570
f 569 571 570
f 570 571 572
f 571 573 572
f 572 573 574
f 573 575 574
f 574 575 576
f 575 577 576
f 576 577 578
f 577 579 578
f 578 579 580
f 579 581 580
f 580 581 582
f 581 583 582
f 582 583 584
f 583 585 584
f 584 585 586
f 585 587 586
f 586 587 588
f 587 589 588
f 588 589 590
f 589 591 590
f 590 591 568
f 591 569 568
f 592 593 594
f 593 595 594
f 594 595 596
f 595 597 596
f 596 597 598
f 597 599 598
f 598 599 600
f 599 601 600
f 600 601 602
f 601 603 602
f 602 603 604
f 603 605 604
f 604 605 606
f 605 607 606
f 606 607 608
f 607 609 608
f 608 609 610
f 609 611 610
f 610 611 612
f 611 613 612
f 612 613 614
f 613 615 614
f 614 615 592
f 615 593 592
f 616 617 618
f 617 619 618
f 618 619 620
f 619 621 620
f 620 621 622
f 621 623 622
f 622 623 624
f 623 625 624
f 624 625 626
f 625 627 626
f 626 627 628
f 627 629 628
f 628 629 630
f 629 631 630
f 630 631 632
f 631 633 632
f 632 633 634
f 633 635 634
f 634 635 636
f 635 637 636
f 636 637 638
f 637 639 638
f 638 639 616
f 639 617 616
f 640 641 642
f 641 643 642
f 642 643 644
f 643 645 644
f 644 645 646
f 645 647 646
f 646 647 648
f 647 649 648
f 648 649 650
f 649 651 650
f 650 651 652
f 651 653 652
f 652 653 654
f 653 655 654
f 654 655 656
f 655 657 656
f 656 657 658
f 657 659 658
f 658 659 660
f 659 661 660
f 660 661 662
f 661 663 662
f 662 663 640
f 663 641 640
f 664 665 666
f 665 667 666
f 666 667 668
f 667 669 668
f 668 669 670
f 669 671 670
f 670 671 672
f 671 673 672
f 672 673 674
f 673 675 674
f 674 675 676
f 675 677 676
f 676 677 678
f 677 679 678
f 678 679 680
f 679 681 680
f 680 681 682
f 681 683 682
f 682 683 684
f 683 685 684
f 684 685 686
f 685 687 686
f 686 687 664
f 687 665 664
f 688 689 690
f 689 691 690
f 690 691 692
f 691 693 692
f 692 693 694
f 693 695 694
f 694 695 696
f 695 697 696
f 696 697 698
f 697 699 698
f 698 699 700
f 699 701 700
f 700 701 702
f 701 703 702
f 702 703 704
f 703 705 704
f 704 705 706
f 705 707 706
f 706 707 708
f 707 709 708
f 708 709 710
f 709 711 710
f 710 711 688
f 711 689 688
f 712 713 714
f 713 715 714
f 714 715 716
f 715 717 716
f 716 717 718
f 717 719 718
f 718 719 720
f 719 721 720
f 720 721 722
f 721 723 722
f 722 723 724
f 723 725 724
f 724 725 726
f 725 727 726
f 726 727 728
f 727 729 728
f 728 729 730
f 729 731 730
f 730 731 732
f 731 733 732
f 732 733 734
f 733 735 734
f 734 735 712
f 735 713 712
f 736 737 738
f 737 739 738
f 738 739 740
f 739 741 740
f 740 741 742
f 741 743 742
f 742 743 744
f 743 745 744
f 744 745 746
f 745 747 746
f 746 747 748
f 747 749 748
f 748 749 750
f 749 751 750
f 750 751 752
f 751 753 752
f 752 753 754
f 753 755 754
f 754 755 756
f 755 757 756
f 756 757 758
f 757 759 758
f 758 759 736
f 759 737 736
f 760 761 762
f 761 763 762
f 762 763 764
f 763 765 764
f 764 765 766
f 765 767 766
f 766 767 768
f 767 769 768
f 768 769 770
f 769 771 770
f 770 771 772
f 771 773 772
f 772 773 774
f 773 775 774
f 774 775 776
f 775 777 776
f 776 777 778
f 777 779 778
f 778 779 780
f 779 781 780
f 780 781 782
f 781 783 782
f 782 783 760
f 783 761 760
f 784 785 786
f 785 787 786
f 786 787 788
f 787 789 788
f 788 789 790
f 789 791 790
f 790 791 792
f 791 793 792
f 792 793 794
f 793 795 794
f 794 795 796
f 795 797 796
f 796 797 798
f 797 799 798
f 798 799 800
f 799 801 800
f 800 801 802
f 801 803 802
f 802 803 804
f 803 805 804
f 804 805 806
f 805 807 806
f 806 807 784
f 807 785 784
f 808 809 810
f 809 811 810
f 810 811 812
f 811 813 812
f 812 813 814
f 813 815 814
f 814 815 816
f 815 817 816
f 816 817 818
f 817 819 818
f 818 819 820
f 819 821 820
f 820 821 822
f 821 823 822
f 822 823 824
f 823 825 824
f 824 825 826
f 825 827 826
f 826 827 828
f 827 829 828
f 828 829 830
f 829 831 830
f 830 831 808
f 831 809 808
f 832 833 834
f 833 835 834
f 834 835 836
f 835 837 836
f 836 837 838
f 837 839 838
f 838 839 840
f 839 841 840
f 840 841 842
f 841 843 842
f 842 843 844
f 843 845 844
f 844 845 846
f 845 847 846
f 846 847 848
f 847 849 848
f 848 849 850
f 849 851 850
f 850 851 852
f 851 853 852
f 852 853 854
f 853 855 854
f 854 855 832
f 855 833 832
f 856 857 858
f 857 859 858
f 858 859 860
f 859 861 860
f 860 861 862
f 861 863 862
f 862 863 864
f 863 865 864
f 864 865 866
f 865 867 866
f 866 867 868
f 867 869 868
f 868 869 870
f 869 871 870
f 870 871 872
f 871 873 872
f 872 873 874
f 873 875 874
f 874 875 876
f 875 877 876
f 876 877 878
f 877 879 878
f 878 879 856
f 879 857 856
f 880 881 882
f 881 883 882
f 882 883 884
f 883 885 884
f 884 885 886
f 885 887 886
f 886 887 888
f 887 889 888
f 888 889 890
f 889 891 890
f 890 891 892
f 891 893 892
f 892 893 894
f 893 895 894
f 894 895 896
f 895 897 896
f 896 897 898
f 897 899 898
f 898 899 900
f 899 901 900
f 900 901 902
f 901 903 902
f 902 903 880
f 903 881 880
f 904 905 906
f 905 907 906
f 906 907 908
f 907 909 908
f 908 909 910
f 909 911 910
f 910 911 912
f 911 913 912
f 912 913 914
f 913 915 914
f 914 915 916
f 915 917 916
f 916 917 918
f 917 919 918
f 918 919 920
f 919 921 920
f 920 921 922
f 921 923 922
f 922 923 924
f 923 925 924
f 924 925 926
f 925 927 926
f 926 927 904
f 927 905 904
f 928 929 930
f 929 931 930
f 930 931 932
f 931 933 932
f 932 933 934
f 933 935 934
f 934 935 936
f 935 937 936
f 936 937 938
f 937 939 938
f 938 939 940
f 939 941 940
f 940 941 942
f 941 943 942
f 942 943 944
f 943 945 944
f 944 945 946
f 945 947 946
f 946 947 948
f 947 949 948
f 948 949 950
f 949 951 950
f 950 951 928
f 951 929 928
f 952 953 954
f 953 955 954
f 954 955 956
f 955 957 956
f 956 957 958
f 957 959 958
f 958 959 960
f 959 961 960
f 960 961 962
f 961 963 962
f 962 963 964
f 963 965 964
f 964 965 966
f 965 967 966
f 966 967 968
f 967 969 968
f 968 969 970
f 969 971 970
f 970 971 972
f 971 973 972
f 972 973 974
f 973 975 974
f 974 975 952
f 975 953 952
f 976 977 978
f 977 979 978
f 978 979 980
f 979 981 980
f 980 981 982
f 981 983 982
f 982 983 984
f 983 985 984
f 984 985 986
f 985 987 986
f 986 987 988
f 987 989 988
f 988 989 990
f 989 991 990
f 990 991 992
f 991 993 992
f 992 993 994
f 993 995 994
f 994 995 996
f 995 997 996
f 996 997 998
f 997 999 998
f 998 999 976
f 999 977 976
f 1000 1001 1002
f 1001 1003 1002
f 1002 1003 1004
f 1003 1005 1004
f 1004 1005 1006
f 1005 1007 1006
f 1006 1007 1008
f 1007 1009 1008
f 1008 1009 1010
f 1009 1011 1010
f 1010 1011 1012
f 1011 1013 1012
f 1012 1013 1014
f 1013 1015 1014
f 1014 1015 1016
f 1015 1017 1016
f 1016 1017 1018
f 1017 1019 1018
f 1018 1019 1020
f 1019 1021 1020
f 1020 1021 1022
f 1021 1023 1022
f 1022 1023 1000
f 1023 1001 1000
f 1024 1025 1026
f 1025 1027 1026
f 1026 1027 1028
f 1027 1029 1028
f 1028 1029 1030
f 1029 1031 1030
f 1030 1031 1032
f 1031 1033 1032
f 1032 1033 1034
f 1033 1035 1034
f 1034 1035 1036
f 1035 1037 1036
f 1036 1037 1038
f 1037 1039 1038
f 1038 1039 1040
f 1039 1041 1040
f 1040 1041 1042
f 1041 1043 1042
f 1042 1043 1044
f 1043 1045 1044
f 1044 1045 1046
f 1045 1047 1046
f 1046 1047 1024
f 1047 1025 1024
f 1048 1049 1050
f 1049 1051 1050
f 1050 1051 1052
f 1051 1053 1052
f 1052 1053 1054
f 1053 1055 1054
f 1054 1055 1056
f 1055 1057 1056
f 1056 1057 1058
f 1057 1059 1058
f 1058 1059 1060
f 1059 1061 1060
f 1060 1061 1062
f 1061 1063 1062
f 1062 1063 1064
f 1063 1065 1064
f 1064 1065 1066
f 1065 1067 1066
f 1066 1067 1068
f 1067 1069 1068
f 1068 1069 1070
f 1069 1071 1070
f 1070 1071 1048
f 1071 1049 1048
f 1072 1073 1074
f 1073 1075 1074
f 1074 1075 1076
f 1075 1077 1076
f 1076 1077 1078
f 1077 1079 1078
f 1078 1079 1080
f 1079 1081 1080
f 1080 1081 1082
f 1081 1083 1082
f 1082 1083 1084
f 1083 1085 1084
f 1084 1085 1086
f 1085 1087 1086
f 1086 1087 1088
f 1087 1089 1088
f 1088 1089 1090
f 1089 1091 1090
f 1090 1091 1092
f 1091 1093 1092
f 1092 1093 1094
f 1093 1095 1094
f 1094 1095 1072
f 1095 1073 1072
f 1096 1097 1098
f 1097 1099 1098
f 1098 1099 1100
f 1099 1101 1100
f 1100 1101 1102
f 1101 1103 1102
f 1102 1103 1104
f 1103 1105 1104
f 1104 1105 1106
f 1105 1107 1106
f 1106 1107 1108
f 1107 1109 1108
f 1108 1109 1110
f 1109 1111 1110
f 1110 1111 1112
f 1111 1113 1112
f 1112 1113 1114
f 1113 1115 1114
f 1114 1115 1116
f 1115 1117 1116
f 1116 1117 1118
f 1117 1119 1118
f 1118 1119 1096
f 1119 1097 1096
f 1120 1121 1122
f 1121 1123 1122
f 1124 1125 1126
f 1125 1127 1126
f 1128 1129 1130
f 1129 1131 1130
f 1132 1133 1134
f 1133 1135 1134
f 1136 1137 1138
f 1137 1139 1138
f 1138 1139 1140
f 1139 1141 1140
f 1142 1143 1144
f 1143 1145 1144
f 1144 1145 1146
f 1145 1147 1146
f 1146 1147 1148
f 1147 1149 1148
f 1148 1149 1150
f 1149 1151 1150
f 1150 1151 1152
f 1151 1153 1152
f 1152 1153 1154
f 1153 1155 1154
f 1154 1155 1156
f 1155 1157 1156
f 1156 1157 1158
f 1157 1159 1158
f 1158 1159 1160
f 1159 1161 1160
f 1160 1161 1162
f 1161 1163 1162
f 1162 1163 1164
f 1163 1165 1164
f 1164 1165 1142
f 1165 1143 1142
f 1166 1167 1168
f 1167 1169 1168
f 1168 1169 1170
f 1171 1172 1168
f 1172 1173 1168
f 1168 1173 1166
f 1174 1175 1168
f 1175 1176 1168
f 1168 1176 1171
f 1170 1177 1168
f 1177 1178 1168
f 1168 1178 1174
f 1179 1180 1181
f 1180 1182 1181
f 1181 1182 1183
f 1182 1184 1183
f 1183 1184 1185
f 1184 1186 1185
f 1185 1186 1187
f 1186 1188 1187
f 1187 1188 1189
f 1188 1190 1189
f 1189 1190 1191
f 1190 1192 1191
f 1191 1192 1193
f 1192 1194 1193
f 1193 1194 1195
f 1194 1196 1195
f 1195 1196 1197
f 1196 1198 1197
f 1197 1198 1199
f 1198 1200 1199
f 1199 1200 1201
f 1200 1202 1201
f 1201 1202 1179
f 1202 1180 1179
f 1203 1204 1205
f 1204 1206 1205
f 1205 1206 1207
f 1206 1208 1207
f 1207 1208 1209
f 1208 1210 1209
f 1209 1210 1211
f 1210 1212 1211
f 1211 1212 1213
f 1212 1214 1213
f 1213 1214 1215
f 1214 1216 1215
f 1215 1216 1217
f 1216 1218 1217
f 1217 1218 1219
f 1218 1220 1219
f 1219 1220 1221
f 1220 1222 1221
f 1221 1222 1223
f 1222 1224 1223
f 1223 1224 1225
f 1224 1226 1225
f 1225 1226 1203
f 1226 1204 1203
f 1227 1228 1229
f 1228 1230 1229
f 1229 1230 1231
f 1230 1232 1231
f 1231 1232 1233
f 1232 1234 1233
f 1233 1234 1235
f 1234 1236 1235
f 1235 1236 1237
f 1236 1238 1237
f 1237 1238 1239
f 1238 1240 1239
f 1239 1240 1241
f 1240 1242 1241
f 1241 1242 1243
f 1242 1244 1243
f 1243 1244 1245
f 1244 1246 1245
f 1245 1246 1247
f 1246 1248 1247
f 1247 1248 1249
f 1248 1250 1249
f 1249 1250 1227
f 1250 1228 1227
f 1251 1252 1253
f 1252 1254 1253
f 1253 1254 1255
f 1254 1256 1255
f 1255 1256 1257
f 1256 1258 1257
f 1257 1258 1259
f 1258 1260 1259
f 1259 1260 1261
f 1260 1262 1261
f 1261 1262 1263
f 1262 1264 1263
f 1263 1264 1265
f 1264 1266 1265
f 1265 1266 1267
f 1266 1268 1267
f 1267 1268 1269
f 1268 1270 1269
f 1269 1270 1271
f 1270 1272 1271
f 1271 1272 1273
f 1272 1274 1273
f 1273 1274 1251
f 1274 1252 1251
f 1275 1276 1277
f 1278 1279 1277
f 1279 1280 1277
f 1277 1280 1275
f 1275 1281 1276
f 1281 1282 1276
f 1276 1282 1283
f 1284 1285 1278
f 1285 1286 1278
f 1278 1286 1279
f 1287 1288 1284
f 1288 1289 1284
f 1284 1289 1285
f 1282 1290 1283
f 1290 1291 1283
f 1283 1291 1287
f 1291 1292 1287
f 1287 1292 1288
f 1293 1294 1295
f 1294 1296 1295
f 1297 1298 1299
f 1298 1300 1299
f 1301 1302 1303
f 1302 1304 1303
f 1303 1304 1305
f 1304 1306 1305
f 1305 1306 1307
f 1306 1308 1307
f 1307 1308 1309
f 1308 1310 1309
f 1309 1310 1311
f 1310 1312 1311
f 1311 1312 1313
f 1312 1314 1313
f 1313 1314 1315
f 1314 1316 1315
f 1315 1316 1317
f 1316 1318 1317
f 1317 1318 1319
f 1318 1320 1319
f 1319 1320 1321
f 1320 1322 1321
f 1321 1322 1323
f 1322 1324 1323
f 1323 1324 1301
f 1324 1302 1301
f 1325 1326 1327
f 1326 1328 1327
f 1327 1328 1329
f 1328 1330 1329
f 1329 1330 1331
f 1330 1332 1331
f 1331 1332 1333
f 1332 1334 1333
f 1333 1334 1335
f 1334 1336 1335
f 1335 1336 1337
f 1336 1338 1337
f 1337 1338 1339
f 1338 1340 1339
f 1339 1340 1341
f 1340 1342 1341
f 1341 1342 1343
f 1342 1344 1343
f 1343 1344 1345
f 1344 1346 1345
f 1345 1346 1347
f 1346 1348 1347
f 1347 1348 1325
f 1348 1326 1325
f 1349 1350 1351
f 1350 1352 1351
f 1351 1352 1353
f 1352 1354 1353
f 1353 1354 1355
f 1354 1356 1355
f 1355 1356 1357
f 1356 1358 1357
f 1357 1358 1359
f 1358 1360 1359
f 1359 1360 1361
f 1360 1362 1361
f 1361 1362 1363
f 1362 1364 1363
f 1363 1364 1365
f 1364 1366 1365
f 1365 1366 1367
f 1366 1368 1367
f 1367 1368 1369
f 1368 1370 1369
f 1369 1370 1371
f 1370 1372 1371
f 1371 1372 1349
f 1372 1350 1349
f 1373 1374 1375
f 1374 1376 1375
f 1375 1376 1377
f 1376 1378 1377
f 1377 1378 1379
f 1378 1380 1379
f 1379 1380 1381
f 1380 1382 1381
f 1381 1382 1383
f 1382 1384 1383
f 1383 1384 1385
f 1384 1386 1385
f 1385 1386 1387
f 1386 1388 1387
f 1387 1388 1389
f 1388 1390 1389
f 1389 1390 1391
f 1390 1392 1391
f 1391 1392 1393
f 1392 1394 1393
f 1393 1394 1395
f 1394 1396 1395
f 1395 1396 1373
f 1396 1374 1373
f 1397 1398 1399
f 1398 1400 1399
f 1399 1400 1401
f 1400 1402 1401
f 1401 1402 1403
f 1402 1404 1403
f 1403 1404 1405
f 1404 1406 1405
f 1405 1406 1407
f 1406 1408 1407
f 1407 1408 1409
f 1408 1410 1409
f 1409 1410 1411
f 1410 1412 1411
f 1411 1412 1413
f 1412 1414 1413
f 1413 1414 1415
f 1414 1416 1415
f 1415 1416 1417
f 1416 1418 1417
f 1417 1418 1419
f 1418 1420 1419
f 1419 1420 1397
f 1420 1398 1397
f 1421 1422 1423
f 1422 1424 1423
f 1423 1424 1425
f 1424 1426 1425
f 1425 1426 1427
f 1426 1428 1427
f 1427 1428 1429
f 1428 1430 1429
f 1429 1430 1431
f 1430 1432 1431
f 1431 1432 1433
f 1432 1434 1433
f 1433 1434 1435
f 1434 1436 1435
f 1435 1436 1437
f 1436 1438 1437
f 1437 1438 1439
f 1438 1440 1439
f 1439 1440 1441
f 1440 1442 1441
f 1441 1442 1443
f 1442 1444 1443
f 1443 1444 1421
f 1444 1422 1421
f 1445 1446 1447
f 1446 1448 1447
f 1447 1448 1449
f 1448 1450 1449
f 1449 1450 1451
f 1450 1452 1451
f 1451 1452 1453
f 1452 1454 1453
f 1453 1454 1455
f 1454 1456 1455
f 1455 1456 1457
f 1456 1458 1457
f 1457 1458 1459
f 1458 1460 1459
f 1459 1460 1461
f 1460 1462 1461
f 1461 1462 1463
f 1462 1464 1463
f 1463 1464 1465
f 1464 1466 1465
f 1465 1466 1467
f 1466 1468 1467
f 1467 1468 1445
f 1468 1446 1445
f 1469 1470 1471
f 1470 1472 1471
f 1471 1472 1473
f 1472 1474 1473
f 1473 1474 1475
f 1474 1476 1475
f 1475 1476 1477
f 1476 1478 1477
f 1477 1478 1479
f 1478 1480 1479
f 1479 1480 1481
f 1480 1482 1481
f 1481 1482 1483
f 1482 1484 1483
f 1483 1484 1485
f 1484 1486 1485
f 1485 1486 1487
f 1486 1488 1487
f 1487 1488 1489
f 1488 1490 1489
f 1489 1490 1491
f 1490 1492 1491
f 1491 1492 1469
f 1492 1470 1469
f 1493 1494 1495
f 1493 1495 1496
f 1495 1497 1496
f 1496 1497 1498
f 1497 1499 1498
f 1498 1499 1500
f 1499 1501 1500
f 1500 1501 1502
f 1503 1504 1505
f 1503 1505 1506
f 1505 1507 1506
f 1506 1507 1508
f 1507 1509 1508
f 1508 1509 1510
f 1509 1511 1510
f 1510 1511 1512
f 1513 1514 1515
f 1513 1515 1516
f 1515 1517 1516
f 1516 1517 1518
f 1517 1519 1518
f 1518 1519 1520
f 1521 1522 1523
f 1521 1523 1524
f 1523 1525 1524
f 1524 1525 1526
f 1525 1527 1526
f 1526 1527 1528
f 1514 1513 1501
f 1513 1502 1501
f 1522 1521 1511
f 1521 1512 1511
f 1494 1493 1529
f 1493 1530 1529
f 1504 1503 1531
f 1503 1532 1531
f 1533 1534 1535
f 1533 1535 1536
f 1535 1537 1536
f 1536 1537 1538
f 1537 1529 1538
f 1538 1529 1530
f 1539 1540 1541
f 1539 1541 1542
f 1541 1543 1542
f 1542 1543 1544
f 1543 1531 1544
f 1544 1531 1532
f 1534 1533 1545
f 1533 1546 1545
f 1547 1548 1549
f 1548 1550 1549
f 1551 1552 1553
f 1551 1553 1554
f 1553 1555 1554
f 1554 1555 1556
f 1555 1545 1556
f 1556 1545 1546
f 1557 1558 1559
f 1557 1559 1560
f 1559 1561 1560
f 1560 1561 1562
f 1561 1563 1562
f 1562 1563 1564
f 1552 1551 1565
f 1551 1566 1565
f 1567 1568 1557
f 1568 1558 1557
f 1569 1570 1571
f 1569 1571 1572
f 1571 1565 1572
f 1572 1565 1566
f 1573 1574 1575
f 1573 1575 1576
f 1575 1568 1576
f 1576 1568 1567
f 1570 1569 1577
f 1569 1578 1577
f 1579 1580 1573
f 1580 1574 1573
f 1581 1582 1583
f 1582 1584 1583
f 1583 1584 1578
f 1584 1577 1578
f 1580 1579 1585
f 1579 1586 1585
f 1585 1586 1587
f 1586 1588 1587
f 1589 1590 1591
f 1590 1592 1591
f 1591 1592 1593
f 1592 1594 1593
f 1593 1594 1595
f 1594 1596 1595
f 1595 1596 1597
f 1596 1598 1597
f 1597 1598 1599
f 1598 1600 1599
f 1599 1600 1601
f 1600 1602 1601
f 1601 1602 1603
f 1602 1604 1603
f 1603 1604 1605
f 1604 1606 1605
f 1605 1606 1607
f 1606 1608 1607
f 1607 1608 1609
f 1608 1610 1609
f 1609 1610 1611
f 1610 1612 1611
f 1611 1612 1589
f 1612 1590 1589
f 1613 1614 1615
f 1614 1616 1615
f 1615 1616 1617
f 1616 1618 1617
f 1617 1618 1619
f 1618 1620 1619
f 1619 1620 1621
f 1620 1622 1621
f 1621 1622 1623
f 1622 1624 1623
f 1623 1624 1625
f 1624 1626 1625
f 1625 1626 1627
f 1626 1628 1627
f 1627 1628 1629
f 1628 1630 1629
f 1629 1630 1631
f 1630 1632 1631
f 1631 1632 1633
f 1632 1634 1633
f 1633 1634 1635
f 1634 1636 1635
f 1635 1636 1613
f 1636 1614 1613
f 1637 1638 1639
f 1638 1640 1639
f 1639 1640 1641
f 1640 1642 1641
f 1641 1642 1643
f 1642 1644 1643
f 1643 1644 1645
f 1644 1646 1645
f 1645 1646 1647
f 1646 1648 1647
f 1647 1648 1649
f 1648 1650 1649
f 1649 1650 1651
f 1650 1652 1651
f 1651 1652 1653
f 1652 1654 1653
f 1653 1654 1655
f 1654 1656 1655
f 1655 1656 1657
f 1656 1658 1657
f 1657 1658 1659
f 1658 1660 1659
f 1659 1660 1637
f 1660 1638 1637
f 1661 1662 1663
f 1662 1664 1663
f 1663 1664 1665
f 1664 1666 1665
f 1665 1666 1667
f 1666 1668 1667
f 1667 1668 1669
f 1668 1670 1669
f 1669 1670 1671
f 1670 1672 1671
f 1671 1672 1673
f 1672 1674 1673
f 1673 1674 1675
f 1674 1676 1675
f 1675 1676 1677
f 1676 1678 1677
f 1677 1678 1679
f 1678 1680 1679
f 1679 1680 1681
f 1680 1682 1681
f 1681 1682 1683
f 1682 1684 1683
f 1683 1684 1661
f 1684 1662 1661
f 1685 1686 1687
f 1686 1688 1687
f 1687 1688 1689
f 1688 1690 1689
f 1689 1690 1691
f 1690 1692 1691
f 1691 1692 1693
f 1692 1694 1693
f 1693 1694 1695
f 1694 1696 1695
f 1695 1696 1697
f 1696 1698 1697
f 1697 1698 1699
f 1698 1700 1699
f 1699 1700 1701
f 1700 1702 1701
f 1701 1702 1703
f 1702 1704 1703
f 1703 1704 1705
f 1704 1706 1705
f 1705 1706 1707
f 1706 1708 1707
f 1707 1708 1685
f 1708 1686 1685
f 1709 1710 1711
f 1710 1712 1711
f 1711 1712 1713
f 1712 1714 1713
f 1713 1714 1715
f 1716 1717 1718
f 1719 1720 1714
f 1720 1721 1714
f 1722 1723 1724
f 1725 1726 1727
f 1726 1728 1727
f 1727 1728 1729
f 1730 1731 1732
f 1716 1718 1733
f 1718 1734 1733
f 1733 1734 1722
f 1734 1735 1722
f 1722 1735 1723
f 1730 1736 1731
f 1736 1737 1731
f 1731 1737 1726
f 1715 1714 1738
f 1714 1721 1738
f 1738 1721 1739
f 1721 1740 1739
f 1739 1740 1741
f 1740 1718 1741
f 1741 1718 1742
f 1728 1743 1729
f 1743 1744 1729
f 1729 1744 1745
f 1744 1746 1745
f 1745 1746 1747
f 1746 1748 1747
f 1747 1748 1749
f 1748 1750 1749
f 1749 1750 1751
f 1750 1752 1751
f 1751 1752 1753
f 1752 1754 1753
f 1742 1718 1755
f 1718 1717 1755
f 1755 1717 1756
f 1717 1757 1756
f 1756 1757 1758
f 1711 1759 1709
f 1759 1760 1709
f 1709 1760 1725
f 1760 1758 1725
f 1725 1758 1726
f 1758 1757 1726
f 1726 1757 1731
f 1732 1761 1730
f 1761 1762 1730
f 1730 1762 1754
f 1762 1763 1754
f 1754 1763 1753
f 1719 1764 1720
f 1764 1765 1720
f 1720 1765 1766
f 1765 1767 1766
f 1766 1767 1768
f 1767 1769 1768
f 1768 1769 1770
f 1769 1771 1770
f 1770 1771 1772
f 1761 1773 1762
f 1773 1774 1762
f 1762 1774 1775
f 1774 1776 1775
f 1775 1776 1777
f 1776 1778 1777
f 1777 1778 1779
f 1778 1722 1779
f 1779 1722 1771
f 1722 1724 1771
f 1771 1724 1772
f 1780 1781 1782
f 1781 1783 1782
f 1782 1783 1784
f 1783 1785 1784
f 1784 1785 1786
f 1785 1787 1786
f 1786 1787 1788
f 1787 1789 1788
f 1788 1789 1790
f 1789 1791 1790
f 1790 1791 1792
f 1791 1793 1792
f 1792 1793 1794
f 1793 1795 1794
f 1794 1795 1796
f 1795 1797 1796
f 1796 1797 1798
f 1797 1799 1798
f 1798 1799 1800
f 1799 1801 1800
f 1800 1801 1802
f 1801 1803 1802
f 1802 1803 1780
f 1803 1781 1780
f 1582 1581 1519
f 1581 1520 1519
f 1587 1588 1527
f 1588 1528 1527
f 1804 1805 1806
f 1805 1807 1806
f 1808 1809 1810
f 1808 1810 1811
f 1810 1812 1811
f 1812 1813 1811
f 1811 1813 1814
f 1815 1816 1817
f 1816 1818 1817
f 1817 1818 1819
f 1820 1821 1822
f 1821 1823 1822
f 1824 1825 1826
f 1825 1827 1826
f 1826 1827 1828
f 1827 1829 1828
f 1830 1831 1832
f 1831 1833 1832
f 1832 1833 1834
f 1833 1835 1834
f 1834 1835 1836
f 1827 1837 1829
f 1837 1838 1829
f 1829 1838 1839
f 1838 1840 1839
f 1839 1840 1841
f 1840 1842 1841
f 1841 1842 1843
f 1842 1844 1843
f 1843 1844 1845
f 1844 1846 1845
f 1845 1846 1847
f 1846 1848 1847
f 1847 1848 1849
f 1848 1850 1849
f 1849 1850 1830
f 1850 1851 1830
f 1830 1851 1831
f 1852 1853 1854
f 1853 1855 1854
f 1856 1857 1858
f 1859 1860 1861
f 1862 1863 1864
f 1863 1865 1864
f 1864 1865 1866
f 1867 1868 1869
f 1868 1870 1869
f 1869 1870 1871
f 1870 1872 1871
f 1871 1872 1873
f 1874 1875 1876
f 1875 1877 1876
f 1878 1879 1880
f 1881 1882 1883
f 1882 1884 1883
f 1883 1884 1885
f 1886 1887 1888
f 1886 1888 1889
f 1888 1890 1889
f 1889 1890 1891
f 1892 1893 1894
f 1893 1895 1894
f 1896 1897 1898
f 1896 1898 1899
f 1898 1900 1899
f 1899 1900 1901
f 1902 1903 1904
f 1905 1906 1907
f 1904 1908 1902
f 1908 1905 1902
f 1902 1905 1909
f 1905 1907 1909
f 1910 1911 1912
f 1913 1914 1915
f 1914 1916 1915
f 1915 1916 1917
f 1916 1918 1917
f 1917 1918 1919
f 1910 1912 1920
f 1912 1921 1920
f 1920 1921 1922
f 1921 1923 1922
f 1922 1923 1913
f 1923 1924 1913
f 1913 1924 1914
f 1919 1918 1925
f 1918 1926 1925
f 1925 1926 1927
f 1926 1928 1927
f 1927 1928 1929
f 1928 1930 1929
f 1929 1930 1931
f 1930 1932 1931
f 1931 1932 1933
f 1932 1934 1933
f 1934 1935 1933
f 1933 1935 1936
f 1935 1937 1936
f 1936 1937 1938
f 1937 1939 1938
f 1938 1939 1940
f 1939 1941 1940
f 1940 1941 1942
f 1941 1943 1942
f 1942 1943 1944
f 1943 1945 1944
f 1944 1945 1911
f 1945 1946 1911
f 1911 1946 1912
f 1947 1948 1949
f 1948 1950 1949
f 1949 1950 1951
f 1950 1952 1951
f 1953 1954 1955
f 1954 1956 1955
f 1955 1956 1957
f 1958 1959 1960
f 1959 1961 1960
f 1962 1963 1964
f 1963 1965 1964
f 1964 1965 1966
f 1965 1967 1966
f 1966 1967 1968
f 1967 1969 1968
f 1968 1969 1970
f 1969 1971 1970
f 1970 1971 1972
f 1971 1973 1972
f 1972 1973 1974
f 1973 1975 1974
f 1974 1975 1976
f 1975 1977 1976
f 1976 1977 1978
f 1977 1979 1978
f 1978 1979 1980
f 1979 1981 1980
f 1980 1981 1982
f 1981 1983 1982
f 1982 1983 1984
f 1983 1985 1984
f 1984 1985 1962
f 1985 1963 1962
f 1986 1987 1988
f 1987 1989 1988
f 1988 1989 1990
f 1989 1991 1990
f 1990 1991 1992
f 1991 1993 1992
f 1992 1993 1994
f 1993 1995 1994
f 1994 1995 1996
f 1995 1997 1996
f 1996 1997 1998
f 1997 1999 1998
f 1998 1999 2000
f 1999 2001 2000
f 2000 2001 2002
f 2001 2003 2002
f 2002 2003 2004
f 2003 2005 2004
f 2004 2005 2006
f 2005 2007 2006
f 2006 2007 2008
f 2007 2009 2008
f 2008 2009 1986
f 2009 1987 1986
f 2010 2011 2012
f 2011 2013 2012
f 2014 2015 2016
f 2015 2017 2016
f 2018 2019 2020
f 2019 2021 2020
f 2020 2021 2022
f 2023 2024 2025
f 2024 2026 2025
f 2025 2026 2027
f 2028 2029 2030
f 2029 2031 2030
f 2032 2033 2034
f 2033 2035 2034
f 2036 2037 2038
f 2036 2038 2039
f 2038 2040 2039
f 2039 2040 2041
f 2040 2042 2041
f 2041 2042 2043
f 2044 2045 2046
f 2045 2047 2046
f 2046 2047 2048
f 2049 2050 2051
f 2050 2052 2051
f 2053 2054 2055
f 2053 2055 2056
f 2055 2057 2056
f 2056 2057 2058
f 2059 2060 2061
f 2061 2062 2059
f 2062 2063 2059
f 2059 2063 2064
f 2063 2065 2064
f 2064 2065 2066
f 2067 2068 2069
f 2067 2069 2070
f 2069 2071 2070
f 2070 2071 2072
f 2073 2074 2075
f 2074 2076 2075
f 2077 2078 2079
f 2078 2077 2080
f 2081 2082 2083
f 2082 2081 2084
f 2081 2085 2084
f 2084 2085 2086
f 2087 2088 2089
f 2090 2091 2092
f 2091 2093 2092
f 2094 2095 2096
f 2095 2097 2096
f 2098 2099 2100
f 2098 2100 2101
f 2100 2102 2101
f 2101 2102 2103
f 2104 2105 2106
f 2107 2108 2109
f 2107 2109 2106
f 2109 2110 2106
f 2106 2110 2104
f 2111 2112 2113
f 2112 2114 2113
f 2113 2114 2115
f 2114 2116 2115
f 2115 2116 2117
f 2116 2118 2117
f 2117 2118 2119
f 2118 2120 2119
f 2119 2120 2121
f 2120 2122 2121
f 2121 2122 2123
f 2122 2124 2123
f 2123 2124 2125
f 2124 2126 2125
f 2125 2126 2127
f 2126 2128 2127
f 2127 2128 2129
f 2128 2130 2129
f 2129 2130 2131
f 2130 2132 2131
f 2131 2132 2133
f 2132 2134 2133
f 2133 2134 2111
f 2134 2112 2111
f 2135 2136 2137
f 2136 2138 2137
f 2137 2138 2139
f 2138 2140 2139
f 2139 2140 2141
f 2140 2142 2141
f 2141 2142 2143
f 2142 2144 2143
f 2143 2144 2145
f 2144 2146 2145
f 2145 2146 2147
f 2146 2148 2147
f 2147 2148 2149
f 2148 2150 2149
f 2149 2150 2151
f 2150 2152 2151
f 2151 2152 2153
f 2152 2154 2153
f 2153 2154 2155
f 2154 2156 2155
f 2155 2156 2157
f 2156 2158 2157
f 2157 2158 2135
f 2158 2136 2135
f 2159 2011 2010
f 2010 2160 2159
f 2160 2161 2159
f 2159 2161 2162
f 2163 2164 2165
f 2163 2165 2166
f 2165 2167 2166
f 2166 2167 2168
f 2169 2170 2171
f 2170 2172 2171
f 2171 2172 2173
f 2172 2174 2173
f 2175 2021 2176
f 2175 2176 2177
f 2176 2178 2177
f 2177 2178 2179
f 2180 2181 2182
f 2181 2183 2182
f 2184 2185 2186
f 2187 2188 2189
f 2188 2190 2189
f 2191 2192 2193
f 2192 2194 2193
f 2193 2194 2195
f 2196 2197 2198
f 2197 2199 2198
f 2200 2201 2202
f 2201 2203 2202
f 2202 2203 2204
f 2205 2206 2207
f 2205 2207 2208
f 2207 2209 2208
f 2208 2209 2210
f 2209 2211 2210
f 2210 2211 2212
f 2211 2213 2212
f 2212 2213 2214
f 2213 2215 2214
f 2214 2215 2216
f 2217 2218 2219
f 2219 2220 2217
f 2220 1891 2217
f 2217 1891 1890
f 2221 2222 2223
f 2222 2224 2223
f 2223 2224 2225
f 2226 2227 2228
f 2226 2228 2229
f 2228 2230 2229
f 2229 2230 2231
f 2232 2233 2234
f 2234 2235 2232
f 2235 2236 2232
f 2232 2236 2237
f 2236 2238 2237
f 2239 2240 2241
f 2240 2242 2241
f 2243 2244 2245
f 2244 2246 2245
f 2247 2248 2249
f 2248 2250 2249
f 2251 2252 2253
f 2252 2254 2253
f 2253 2254 2255
f 2256 2257 2258
f 2257 2259 2258
f 2258 2259 2260
f 2261 2262 2263
f 2262 2264 2263
f 2263 2264 2265
f 2264 2266 2265
f 2267 2268 2269
f 2268 2270 2269
f 2269 2270 2271
f 2270 2272 2271
f 2271 2272 2273
f 2272 2274 2273
f 2274 2275 2273
f 2273 2275 2276
f 2277 2278 2279
f 2277 2279 2280
f 2279 2281 2280
f 2280 2281 2282
f 2283 2284 2285
f 2284 2286 2285
f 2287 2288 2289
f 2288 2290 2289
f 2289 2290 2291
f 2292 2293 2294
f 2293 2295 2294
f 2294 2295 2296
f 2297 2298 2299
f 2299 2300 2297
f 2300 2301 2297
f 2297 2301 2302
f 2303 2304 2305
f 2304 2306 2305
f 2305 2306 2307
f 2306 2308 2307
f 2309 2310 2311
f 2310 2312 2311
f 2311 2312 2313
f 2312 2314 2313
f 2313 2314 2315
f 2316 2308 2317
f 2308 2306 2317
f 2317 2306 2318
f 2306 2319 2318
f 2319 2320 2318
f 2320 2321 2318
f 2318 2321 2314
f 2321 2322 2314
f 2314 2322 2315
f 2323 2324 2325
f 2323 2325 2326
f 2325 2327 2326
f 2326 2327 2328
f 2327 2329 2328
f 2328 2329 2330
f 2331 2332 2333
f 2332 2334 2333
f 2335 2336 2337
f 2336 2338 2337
f 2339 2340 2341
f 2340 2342 2341
f 2341 2342 2343
f 2344 2345 2346
f 2345 2347 2346
f 2348 2349 2350
f 2348 2350 2351
f 2350 2352 2351
f 2351 2352 2353
f 2354 2355 2356
f 2354 2356 2357
f 2356 2358 2357
f 2357 2358 2359
f 2360 2361 2362
f 2362 2363 2360
f 2363 2364 2360
f 2360 2364 2365
f 2366 2367 2368
f 2369 2370 2371
f 2370 2372 2371
f 2371 2372 2373
f 2374 2375 2376
f 2377 2378 2379
f 2380 2381 2382
f 2381 2383 2382
f 2382 2383 2384
f 2385 2386 2387
f 2386 2388 2387
f 2387 2388 2389
f 2388 2390 2389
f 2389 2390 2391
f 2384 2383 2392
f 2383 2393 2392
f 2392 2393 2394
f 2393 2395 2394
f 2394 2395 2385
f 2395 2396 2385
f 2385 2396 2386
f 2391 2390 2397
f 2390 2398 2397
f 2397 2398 2399
f 2398 2400 2399
f 2400 2401 2399
f 2399 2401 2402
f 2401 2403 2402
f 2402 2403 2404
f 2403 2405 2404
f 2404 2405 2406
f 2405 2407 2406
f 2406 2407 2408
f 2407 2409 2408
f 2408 2409 2410
f 2409 2411 2410
f 2410 2411 2412
f 2411 2413 2412
f 2412 2413 2414
f 2413 2415 2414
f 2414 2415 2380
f 2415 2416 2380
f 2380 2416 2381
f 2417 2418 2419
f 2418 2420 2419
f 2421 2422 2423
f 2422 2424 2423
f 2423 2424 2425
f 2426 2427 2428
f 2427 2429 2428
f 2430 2431 2432
f 2431 2433 2432
f 2434 2435 2436
f 2435 2437 2436
f 2436 2437 2438
f 2439 2440 2441
f 2440 2442 2441
f 2441 2442 2443
f 2442 2444 2443
f 2445 2435 2446
f 2435 2434 2446
f 2446 2434 2447
f 2434 2448 2447
f 2442 2449 2444
f 2449 2450 2444
f 2444 2450 2451
f 2450 2452 2451
f 2451 2452 2453
f 2452 2454 2453
f 2453 2454 2455
f 2454 2456 2455
f 2455 2456 2457
f 2456 2458 2457
f 2457 2458 2459
f 2458 2460 2459
f 2459 2460 2461
f 2460 2447 2461
f 2461 2447 2462
f 2447 2448 2462
f 2016 2017 2463
f 2017 2464 2463
f 2463 2464 2465
f 2464 2466 2465
f 2467 2468 2469
f 2468 2470 2469
f 1854 1855 2471
f 1855 2472 2471
f 2471 2472 2473
f 2472 2474 2473
f 2475 2476 2477
f 2476 2478 2477
f 2477 2478 2479
f 2480 2481 2482
f 2481 2483 2482
f 2484 2485 2486
f 2487 2488 2489
f 2488 2490 2489
f 2491 2492 2493
f 2492 2494 2493
f 2493 2494 2495
f 2496 2497 2498
f 2497 2499 2498
f 2498 2499 2500
f 2501 2502 2503
f 2502 2504 2503
f 2505 2506 2507
f 2506 2508 2507
f 2509 2510 2511
f 2509 2511 2512
f 2511 2513 2512
f 2512 2513 2514
f 2515 2516 2517
f 2515 2517 2518
f 2517 2519 2518
f 2518 2519 2520
f 2521 2522 2523
f 2524 2525 2526
f 2527 2528 2529
f 2527 2529 2530
f 2529 2531 2530
f 2530 2531 2532
f 2531 2533 2532
f 2532 2533 2534
f 2533 2535 2534
f 2534 2535 2536
f 2537 2538 2539
f 2538 2540 2539
f 2539 2540 2541
f 2433 2542 2432
f 2542 2543 2432
f 2432 2543 2544
f 2545 2546 2547
f 2546 2548 2547
f 2547 2548 2549
f 2548 2550 2549
f 2427 2426 2551
f 2427 2551 2552
f 2551 2553 2552
f 2552 2553 2554
f 2555 2556 2557
f 2556 2558 2557
f 2557 2558 2559
f 2558 2560 2559
f 2559 2560 2561
f 2562 2563 2564
f 2563 2565 2564
f 2566 2564 2567
f 2564 2565 2567
f 2567 2565 2568
f 2565 2569 2568
f 2568 2569 2570
f 2571 2572 2169
f 2572 2170 2169
f 2573 2574 2575
f 2573 2575 2576
f 2575 2577 2576
f 2576 2577 2578
f 2579 2580 2581
f 2580 2582 2581
f 2581 2582 2577
f 2582 2583 2577
f 2577 2583 2578
f 2584 2585 2586
f 2586 2587 2584
f 2587 2588 2584
f 2584 2588 2589
f 2588 2590 2589
f 2590 2591 2589
f 2589 2591 2592
f 2593 2594 2595
f 2594 2596 2595
f 2595 2596 2597
f 2598 2599 2600
f 2601 2602 2603
f 2319 2604 2605
f 2321 2606 2309
f 2607 2608 2609
f 2610 2611 2612
f 2613 2614 2615
f 2616 2617 2618
f 2619 2620 2621
f 2622 2623 2624
f 2625 2626 2627
f 2628 2629 2630
f 2630 2631 2628
f 2631 2632 2628
f 2628 2632 2633
f 2634 2635 2612
f 2635 2636 2612
f 2612 2636 2637
f 2636 2638 2637
f 2639 2640 2612
f 2640 2641 2612
f 2612 2641 2634
f 2633 2632 2642
f 2632 2643 2642
f 2642 2643 2639
f 2643 2644 2639
f 2639 2644 2640
f 2645 2633 2646
f 2633 2642 2646
f 2646 2642 2647
f 2642 2603 2647
f 2647 2603 2648
f 2645 2649 2633
f 2649 2650 2633
f 2633 2650 2651
f 2650 2652 2651
f 2653 2648 2654
f 2655 2656 2657
f 2657 2658 2655
f 2658 2659 2655
f 2655 2659 2660
f 2661 2662 2663
f 2662 2664 2663
f 2664 2665 2663
f 2663 2665 2655
f 2665 2666 2655
f 2655 2666 2656
f 2638 2667 2637
f 2667 2668 2637
f 2637 2668 2669
f 2670 2671 2672
f 2672 2673 2670
f 2673 2674 2670
f 2670 2674 2675
f 2674 2676 2675
f 2675 2676 2677
f 2678 2679 2680
f 2680 2679 2681
f 2682 2683 2680
f 2683 2684 2680
f 2680 2684 2685
f 2682 2680 2686
f 2680 2687 2686
f 2686 2687 2688
f 2685 2689 2680
f 2689 2690 2680
f 2680 2690 2678
f 2626 2625 2675
f 2625 2691 2675
f 2675 2691 2670
f 2691 2692 2670
f 2670 2692 2693
f 2694 2670 2695
f 2670 2693 2695
f 2695 2693 2696
f 2693 2697 2696
f 2698 2699 2700
f 2699 2701 2700
f 2700 2701 2702
f 2701 2703 2702
f 2704 2705 2706
f 2707 2708 2709
f 2708 2710 2709
f 2709 2710 2711
f 2706 2698 2704
f 2698 2700 2704
f 2704 2700 2712
f 2713 2714 2709
f 2679 2715 2681
f 2715 2713 2681
f 2681 2713 2716
f 2713 2709 2716
f 2717 2707 2718
f 2707 2709 2718
f 2718 2709 2719
f 2709 2714 2719
f 2720 2721 2722
f 2720 2722 2723
f 2722 2724 2723
f 2723 2724 2725
f 2721 2726 2722
f 2726 2727 2722
f 2722 2727 2728
f 2729 2730 2731
f 2730 2722 2731
f 2731 2722 2732
f 2722 2728 2732
f 2733 2734 2735
f 2734 2736 2735
f 2735 2736 2724
f 2736 2737 2724
f 2724 2737 2725
f 2733 2735 2738
f 2735 2739 2738
f 2738 2739 2740
f 2740 2739 2741
f 2739 2742 2741
f 2741 2742 2743
f 2742 2744 2743
f 2743 2744 2745
f 2745 2746 2743
f 2746 2747 2743
f 2743 2747 2748
f 2749 2750 2751
f 2750 2742 2751
f 2751 2742 2752
f 2752 2742 2753
f 2742 2739 2753
f 2753 2739 2754
f 2739 2735 2754
f 2754 2735 2755
f 2756 2757 2758
f 2757 2759 2758
f 2758 2759 2760
f 2760 2761 2758
f 2761 2762 2758
f 2758 2762 2763
f 2763 2764 2758
f 2764 2765 2758
f 2758 2765 2766
f 2766 2767 2758
f 2767 2768 2758
f 2758 2768 2769
f 2770 2771 2772
f 2771 2773 2772
f 2773 2774 2772
f 2772 2774 2756
f 2774 2775 2756
f 2756 2775 2757
f 2776 2777 2778
f 2777 2779 2778
f 2778 2779 2780
f 2781 2782 2783
f 2779 2784 2780
f 2784 2781 2780
f 2780 2781 2785
f 2781 2783 2785
f 2786 2779 2787
f 2779 2777 2787
f 2787 2777 2788
f 2777 2789 2788
f 2776 2770 2777
f 2770 2772 2777
f 2777 2772 2790
f 2772 2791 2790
f 2792 2793 2790
f 2793 2794 2790
f 2790 2794 2777
f 2794 2795 2777
f 2777 2795 2789
f 2796 2797 2798
f 2799 2800 2801
f 2800 2622 2801
f 2729 2793 2730
f 2793 2792 2730
f 2730 2792 2799
f 2792 2802 2799
f 2799 2802 2800
f 2803 2804 2805
f 2804 2796 2805
f 2805 2796 2806
f 2796 2798 2806
f 2806 2798 2807
f 2808 2809 2810
f 2809 2811 2810
f 2812 2813 2600
f 2813 2814 2600
f 2814 2815 2600
f 2600 2815 2816
f 2815 2817 2816
f 2818 2819 2600
f 2819 2820 2600
f 2600 2820 2812
f 2818 2600 2821
f 2600 2822 2821
f 2821 2822 2808
f 2822 2823 2808
f 2808 2823 2809
f 2824 2825 2826
f 2827 2809 2828
f 2809 2824 2828
f 2828 2824 2829
f 2824 2826 2829
f 2618 2830 2831
f 2830 2832 2831
f 2831 2832 2823
f 2832 2833 2823
f 2823 2833 2809
f 2833 2834 2809
f 2809 2834 2824
f 2835 2836 2837
f 2836 2838 2837
f 2837 2838 2620
f 2839 2840 2841
f 2840 2842 2841
f 2841 2842 2620
f 2842 2843 2620
f 2620 2843 2837
f 2844 2845 2841
f 2846 2839 2847
f 2839 2841 2847
f 2847 2841 2848
f 2841 2845 2848
f 2849 2850 2851
f 2850 2711 2851
f 2851 2711 2852
f 2710 2712 2711
f 2712 2700 2711
f 2711 2700 2852
f 2700 2702 2852
f 2852 2702 2853
f 2702 2854 2853
f 2853 2854 2855
f 2854 2768 2855
f 2855 2768 2856
f 2768 2767 2856
f 2856 2767 2857
f 2767 2858 2857
f 2857 2858 2859
f 2860 2861 2862
f 2861 2863 2862
f 2862 2863 2864
f 2655 2865 2866
f 2865 2862 2866
f 2866 2862 1913
f 2862 2864 1913
f 2660 2653 2655
f 2653 2654 2655
f 2655 2654 2865
f 2654 2867 2865
f 2838 2830 2620
f 2830 2618 2620
f 2620 2618 2621
f 2618 2617 2621
f 2615 2614 2868
f 2614 2869 2868
f 2868 2869 2616
f 2615 2870 2871
f 2613 2615 2872
f 2615 2871 2872
f 2872 2871 2873
f 2616 2618 2868
f 2618 2831 2868
f 2868 2831 2874
f 2831 2823 2874
f 2874 2823 2875
f 2823 2822 2875
f 2875 2822 2876
f 2877 2878 2876
f 2879 2880 2881
f 2880 2882 2881
f 2881 2882 2883
f 2677 2884 2675
f 2884 2885 2675
f 2675 2885 2886
f 2885 2887 2886
f 2886 2887 2624
f 2887 2888 2624
f 2624 2888 2622
f 2888 2889 2622
f 2622 2889 2801
f 2889 2890 2801
f 2889 2891 2890
f 2891 2892 2890
f 2890 2892 2687
f 2892 2677 2687
f 2687 2677 2688
f 2677 2676 2688
f 2803 2893 2804
f 2893 2894 2804
f 2804 2894 2895
f 2894 2896 2895
f 2895 2896 2703
f 2896 2897 2703
f 2703 2897 2702
f 2897 2898 2702
f 2702 2898 2854
f 2805 2769 2803
f 2769 2768 2803
f 2803 2768 2899
f 2768 2854 2899
f 2899 2854 2900
f 2854 2898 2900
f 2623 2797 2624
f 2797 2796 2624
f 2624 2796 2901
f 2796 2804 2901
f 2901 2804 2902
f 2804 2895 2902
f 2902 2895 2903
f 2895 2703 2903
f 2903 2703 2904
f 2703 2905 2904
f 2901 2906 2624
f 2906 2907 2624
f 2624 2907 2886
f 2907 2908 2886
f 2886 2908 2675
f 2908 2905 2675
f 2675 2905 2626
f 2905 2703 2626
f 2626 2703 2627
f 2703 2701 2627
f 2909 1925 2663
f 1925 2637 2663
f 2663 2637 2661
f 2637 2669 2661
f 2661 2669 2910
f 2669 2911 2910
f 2910 2911 2912
f 2866 1915 2655
f 1915 1917 2655
f 2655 1917 2663
f 1917 1919 2663
f 2663 1919 2909
f 2913 2914 2915
f 2860 2915 2861
f 2915 2914 2861
f 2861 2914 2916
f 2914 2917 2916
f 2917 2914 2918
f 2914 2919 2918
f 2918 2919 2920
f 2919 2921 2920
f 2920 2921 1944
f 2922 2923 2924
f 2924 2923 2925
f 2926 2927 2928
f 2927 2929 2928
f 2930 1940 2931
f 1940 2932 2931
f 2931 2932 2921
f 2932 1942 2921
f 2921 1942 1944
f 2929 2933 2930
f 2933 1938 2930
f 2930 1938 1940
f 2934 1936 2935
f 1936 2933 2935
f 2935 2933 2936
f 1925 2937 2637
f 2937 2938 2637
f 2637 2938 2612
f 2938 2939 2612
f 2612 2939 2610
f 2940 2941 2942
f 2941 2943 2942
f 2941 2944 2943
f 2944 2945 2943
f 2943 2945 2926
f 2945 2946 2926
f 2926 2946 2927
f 2947 2948 2942
f 2948 2949 2942
f 2942 2949 2940
f 2950 2951 2952
f 2951 2953 2952
f 2952 2953 2915
f 2953 2954 2915
f 2915 2954 2913
f 2954 2955 2913
f 2913 2955 2608
f 2955 2956 2608
f 2608 2956 2609
f 2957 2958 2959
f 2960 2961 2962
f 2962 2957 2960
f 2957 2959 2960
f 2960 2959 2609
f 2959 2963 2609
f 2609 2963 2607
f 2950 2952 2964
f 2952 2965 2964
f 2964 2965 2966
f 2967 2968 2969
f 2968 2970 2969
f 2970 2968 2966
f 2968 2971 2966
f 2966 2971 2964
f 2969 2972 2967
f 2972 2973 2967
f 2967 2973 2974
f 2973 2975 2974
f 2975 2976 2974
f 2976 2977 2974
f 2974 2977 2978
f 2923 2979 2925
f 2979 2980 2925
f 2925 2980 2981
f 2982 2983 2858
f 2309 2606 2984
f 2983 2985 2858
f 2985 2915 2858
f 2858 2915 2859
f 2915 2860 2859
f 2315 2322 2313
f 2322 2321 2313
f 2313 2321 2311
f 2321 2309 2311
f 2986 2987 2724
f 2987 2982 2724
f 2724 2982 2735
f 2982 2858 2735
f 2735 2858 2755
f 2858 2767 2755
f 2755 2767 2988
f 2767 2766 2988
f 2989 2990 2991
f 2990 2992 2991
f 2991 2992 2993
f 2986 2724 2994
f 2724 2722 2994
f 2994 2722 2991
f 2722 2924 2991
f 2991 2924 2989
f 2924 2925 2989
f 2989 2925 2995
f 2925 2981 2995
f 2995 2981 2915
f 2981 2996 2915
f 2915 2996 2952
f 2984 2605 2985
f 2605 2997 2985
f 2985 2997 2915
f 2997 2998 2915
f 2915 2998 2995
f 2998 2999 2995
f 2995 2999 2989
f 2984 2606 2605
f 2606 2320 2605
f 2605 2320 2319
f 2817 2844 2816
f 2844 2841 2816
f 2816 2841 2397
f 2841 2391 2397
f 2619 2387 2620
f 2387 2389 2620
f 2620 2389 2841
f 2389 3000 2841
f 2841 3000 2391
f 2648 2603 2654
f 2603 2602 2654
f 2654 2602 3001
f 3001 3002 2654
f 3002 3003 2654
f 2654 3003 2867
f 3003 3004 2867
f 2867 3004 2621
f 3004 2385 2621
f 2621 2385 2619
f 2601 2603 2380
f 2603 2642 2380
f 2380 2642 3005
f 3006 2410 2639
f 2410 2412 2639
f 2639 2412 2642
f 2412 2414 2642
f 2642 2414 3005
f 3007 3008 3009
f 3008 2408 3009
f 3009 2408 3006
f 2397 3010 2816
f 3010 3011 2816
f 2816 3011 2600
f 3011 3012 2600
f 2600 3012 2598
f 2927 3013 2929
f 3013 2922 2929
f 2929 2922 2933
f 2922 2924 2933
f 2933 2924 2936
f 2924 2722 2936
f 2936 2722 3014
f 2722 2730 3014
f 3014 2730 3015
f 2730 2799 3015
f 3015 2799 3016
f 2799 2801 3016
f 3016 2801 3017
f 2801 2890 3017
f 3017 2890 3018
f 2890 2687 3018
f 3018 2687 2882
f 2687 2680 2882
f 2882 2680 2883
f 3006 2639 3009
f 2639 2612 3009
f 3009 2612 3019
f 2612 2611 3019
f 3019 2611 2935
f 2611 3020 2935
f 2935 3020 2934
f 2876 2822 2877
f 2822 2600 2877
f 2877 2600 3007
f 2600 2599 3007
f 3007 2599 3008
f 3021 3022 3023
f 3024 3025 3026
f 3025 3027 3026
f 3028 3029 3030
f 3029 3031 3030
f 2497 2496 3032
f 2497 3032 3033
f 3032 3034 3033
f 3033 3034 3035
f 3036 3037 3038
f 3037 3039 3038
f 3040 3041 3042
f 3041 3043 3042
f 3044 3045 3046
f 3044 3046 3047
f 3046 3048 3047
f 3047 3048 3049
f 3050 3051 3052
f 3050 3052 3053
f 3052 3054 3053
f 3053 3054 3055
f 3056 3057 3058
f 3059 3060 3061
f 3060 3062 3061
f 3063 3064 3065
f 3064 3066 3065
f 3067 3068 3069
f 3070 3071 3072
f 3070 3072 3073
f 3072 3074 3073
f 3073 3074 3075
f 3076 3077 3078
f 3077 3079 3078
f 3078 3079 3080
f 3081 3082 3083
f 3082 3084 3083
f 3085 3086 3087
f 3086 3088 3087
f 3089 3090 3091
f 3090 3092 3091
f 3092 3093 3091
f 3091 3093 3094
f 3093 3095 3094
f 3096 3091 3097
f 3097 3098 3099
f 3096 3097 3100
f 3097 3099 3100
f 3100 3099 3101
f 3096 3102 3091
f 3102 3103 3091
f 3091 3103 3089
f 3103 3104 3089
f 3089 3104 3105
f 3106 3107 3108
f 3107 3109 3108
f 3108 3109 3110
f 3109 3111 3110
f 3110 3111 3112
f 3111 3113 3112
f 3112 3113 3114
f 3113 3115 3114
f 3114 3115 3116
f 3115 3117 3116
f 3116 3117 3118
f 3117 3119 3118
f 3118 3119 3120
f 3119 3121 3120
f 3120 3121 3122
f 3121 3123 3122
f 3122 3123 3124
f 3123 3125 3124
f 3124 3125 3126
f 3125 3127 3126
f 3126 3127 3128
f 3127 3129 3128
f 3128 3129 3106
f 3129 3107 3106
f 3130 3131 3132
f 3131 3133 3132
f 3132 3133 3134
f 3133 3135 3134
f 3136 3137 3138
f 2570 2569 3139
f 3140 3141 3138
f 2562 2564 2566
f 3142 3143 3144
f 3143 3145 3144
f 3144 3145 3146
f 3147 3148 3149
f 3148 3150 3149
f 3149 3150 3145
f 3150 3151 3145
f 3145 3151 3146
f 3142 3152 3143
f 3152 3153 3143
f 3143 3153 3154
f 3153 3155 3154
f 3154 3155 3156
f 3155 3157 3156
f 3156 3157 3149
f 3157 3158 3149
f 3149 3158 3147
f 2435 2445 3149
f 2446 2456 2454
f 2445 2446 2440
f 2447 2460 2446
f 2460 2458 2446
f 2446 2458 2456
f 2442 2440 2449
f 2440 2446 2449
f 2449 2446 2450
f 2446 2454 2450
f 2450 2454 2452
f 2435 3149 2437
f 2443 3149 2441
f 3149 2445 2441
f 2441 2445 2439
f 2445 2440 2439
f 2438 2563 2436
f 2563 2562 2436
f 2436 2562 2434
f 2562 2566 2434
f 2434 2566 2448
f 2566 2462 2448
f 2563 3159 3160
f 2437 3149 2438
f 3149 3161 2438
f 2438 3161 2563
f 3161 3162 2563
f 2563 3162 3159
f 3160 3163 2563
f 3163 2569 2563
f 2563 2569 2565
f 3164 3165 3161
f 3165 3166 3161
f 3161 3166 3162
f 3164 3161 3167
f 3161 3139 3167
f 3167 3139 3168
f 3163 3169 2569
f 3169 3170 2569
f 2569 3170 3139
f 3170 3171 3139
f 3139 3171 3168
f 2457 2459 3172
f 2459 2461 3172
f 3172 2461 2568
f 2461 2462 2568
f 2568 2462 2567
f 2462 2566 2567
f 3141 3173 3138
f 3173 3174 3138
f 3138 3174 2455
f 3175 3176 2443
f 3176 3177 2443
f 2443 3177 3149
f 3177 3178 3149
f 3149 3178 3156
f 2443 2444 3175
f 2444 2451 3175
f 3175 2451 3174
f 2451 2453 3174
f 3174 2453 2455
f 2455 2457 3138
f 2457 3172 3138
f 3138 3172 3179
f 3172 2570 3179
f 3179 2570 3180
f 2570 3139 3180
f 3137 3181 3138
f 3181 3182 3138
f 3138 3182 3140
f 3137 3183 3181
f 3183 3184 3181
f 3181 3184 3185
f 3184 3186 3185
f 3185 3186 3187
f 3187 3188 3185
f 3188 3189 3185
f 3185 3189 3179
f 3189 3190 3179
f 3190 3191 3179
f 3191 3192 3179
f 3179 3192 3138
f 3192 3193 3138
f 3138 3193 3136
f 3194 3195 3196
f 3195 3197 3196
f 3196 3197 3198
f 3199 3200 3201
f 3200 3202 3201
f 3201 3202 3203
f 3202 3198 3203
f 3203 3198 3204
f 3198 3197 3204
f 3205 3206 3207
f 3206 3208 3207
f 3207 3208 3209
f 3208 3210 3209
f 3209 3210 3211
f 3210 3212 3211
f 3213 3214 3215
f 3214 3216 3215
f 3217 3218 3219
f 3217 3219 3220
f 3219 3221 3220
f 3220 3221 3222
f 3221 3223 3222
f 3222 3223 3224
f 3225 3226 3227
f 3226 3228 3227
f 3229 3230 3231
f 3230 3232 3231
f 3035 3034 3233
f 3034 3234 3233
f 3235 3236 3237
f 3238 3239 3240
f 3239 3241 3240
f 3242 3243 3244
f 3242 3244 3245
f 3244 3246 3245
f 3245 3246 3247
f 3248 3249 3250
f 3251 3252 3253
f 3252 3254 3253
f 3255 3256 3257
f 3256 3258 3257
f 3259 3260 3261
f 3260 3262 3261
f 3263 3264 3265
f 3264 3266 3265
f 3267 3268 3269
f 3268 3270 3269
f 3269 3271 3272
f 3270 3273 3269
f 3273 3274 3269
f 3269 3274 3271
f 3275 3276 3277
f 3276 3269 3277
f 3277 3269 3278
f 3269 3272 3278
f 3279 3280 3074
f 3280 3075 3074
f 3083 3084 3281
f 3083 3281 3282
f 3281 3283 3282
f 3282 3283 3284
f 3285 3286 3287
f 3286 3288 3287
f 3287 3288 3289
f 3288 3290 3289
f 3291 3292 3293
f 3294 3295 3296
f 3297 3298 3299
f 3300 3301 3302
f 3303 3304 3305
f 3306 3307 3308
f 3309 3310 3311
f 3312 3313 3314
f 3315 3316 3317
f 3318 3319 3320
f 3321 3322 3323
f 3324 3325 3326
f 3327 3328 3329
f 3330 3331 3332
f 3331 3333 3332
f 3332 3333 3334
f 3329 3335 3327
f 3335 3336 3327
f 3327 3336 3337
f 3336 3338 3337
f 3337 3338 3339
f 3338 3340 3339
f 3339 3340 3341
f 3340 3342 3341
f 3341 3342 3332
f 3342 3343 3332
f 3332 3343 3330
f 3344 3337 3345
f 3337 3339 3345
f 3345 3339 3346
f 3339 3347 3346
f 3346 3347 3348
f 3344 3349 3337
f 3349 3350 3337
f 3337 3350 3351
f 3350 3352 3351
f 3353 3348 3354
f 3323 3322 3355
f 3322 3356 3355
f 3355 3356 3357
f 3357 3358 3355
f 3358 3359 3355
f 3355 3359 3360
f 3361 3362 3323
f 3363 3364 3365
f 3363 3365 3362
f 3365 3366 3362
f 3362 3366 3323
f 3366 3367 3323
f 3323 3367 3321
f 3368 3369 3370
f 3371 3372 3373
f 3374 3375 3376
f 3374 3376 3377
f 3378 3379 3380
f 3379 3381 3380
f 3380 3381 3370
f 3381 3382 3370
f 3370 3382 3368
f 3375 3383 3376
f 3383 3384 3376
f 3376 3384 3385
f 3386 3387 3388
f 3388 3389 3386
f 3389 3390 3386
f 3386 3390 3391
f 3390 3381 3391
f 3391 3381 3392
f 3381 3379 3392
f 3392 3379 3393
f 3379 3394 3393
f 3393 3394 3395
f 3396 3397 3398
f 3397 3399 3398
f 3398 3399 3400
f 3399 3401 3400
f 3402 3403 3404
f 3404 3396 3402
f 3396 3398 3402
f 3402 3398 3405
f 3398 3308 3405
f 3405 3308 3406
f 3384 3407 3385
f 3407 3408 3385
f 3385 3408 3409
f 3408 3410 3409
f 3409 3410 3411
f 3411 3318 3409
f 3318 3320 3409
f 3409 3320 3308
f 3320 3412 3308
f 3308 3412 3406
f 3413 3414 3415
f 3416 3417 3418
f 3418 3417 3419
f 3413 3415 3418
f 3415 3420 3418
f 3418 3420 3416
f 3421 3422 3423
f 3423 3422 3413
f 3422 3424 3413
f 3413 3424 3414
f 3425 3426 3423
f 3426 3427 3423
f 3423 3427 3421
f 3317 3428 3425
f 3428 3429 3425
f 3425 3429 3426
f 3430 3431 3432
f 3317 3433 3428
f 3433 3430 3428
f 3428 3430 3434
f 3430 3432 3434
f 3435 3315 3436
f 3315 3317 3436
f 3436 3317 3437
f 3317 3425 3437
f 3437 3425 3438
f 3425 3423 3438
f 3438 3423 3439
f 3440 3441 3442
f 3441 3443 3442
f 3442 3443 3444
f 3444 3445 3442
f 3445 3446 3442
f 3442 3446 3447
f 3448 3449 3450
f 3449 3451 3450
f 3451 3452 3450
f 3450 3452 3453
f 3452 3454 3453
f 3454 3455 3453
f 3455 3456 3453
f 3453 3456 3442
f 3456 3457 3442
f 3442 3457 3440
f 3458 3459 3460
f 3459 3461 3460
f 3460 3461 3312
f 3462 3463 3314
f 3463 3464 3314
f 3464 3309 3314
f 3309 3311 3314
f 3314 3311 3312
f 3311 3465 3312
f 3312 3465 3460
f 3313 3448 3314
f 3448 3450 3314
f 3314 3450 3466
f 3450 3467 3466
f 3417 3468 3419
f 3468 3469 3419
f 3419 3469 3470
f 3469 3471 3470
f 3472 3473 3474
f 3475 3476 3477
f 3476 3478 3477
f 3477 3478 3479
f 3478 3480 3479
f 3479 3480 3470
f 3462 3314 3481
f 3314 3466 3481
f 3481 3466 3471
f 3466 3482 3471
f 3471 3482 3470
f 3482 3483 3470
f 3470 3483 3479
f 3484 3485 3486
f 3485 3472 3486
f 3486 3472 3487
f 3472 3474 3487
f 3487 3474 3488
f 3489 3490 3491
f 3492 3493 3494
f 3495 3496 3497
f 3496 3498 3497
f 3491 3499 3489
f 3499 3500 3489
f 3489 3500 3501
f 3502 3497 3503
f 3497 3498 3503
f 3503 3498 3494
f 3498 3504 3494
f 3494 3504 3492
f 3505 3506 3507
f 3506 3494 3507
f 3507 3494 3508
f 3494 3493 3508
f 3509 3510 3511
f 3511 3512 3509
f 3512 3513 3509
f 3509 3513 3514
f 3513 3491 3514
f 3514 3491 3515
f 3490 3496 3491
f 3496 3495 3491
f 3491 3495 3515
f 3495 3516 3515
f 3515 3516 3517
f 3516 3518 3517
f 3517 3518 3519
f 3518 3520 3519
f 3519 3520 3521
f 3522 3523 3524
f 3523 3525 3524
f 3524 3525 3301
f 3525 3526 3301
f 3301 3526 3527
f 3528 3529 3524
f 3530 3522 3531
f 3522 3524 3531
f 3531 3524 3532
f 3524 3529 3532
f 3533 3534 3527
f 3534 3521 3527
f 3527 3521 3301
f 3521 3520 3301
f 3301 3520 3535
f 3535 3536 3301
f 3536 3537 3301
f 3301 3537 3302
f 3538 3539 3503
f 3539 3540 3503
f 3503 3540 3502
f 3541 3306 3542
f 3306 3308 3542
f 3542 3308 3543
f 3308 3544 3543
f 3544 3308 3545
f 3308 3398 3545
f 3545 3398 3546
f 3398 3400 3546
f 3546 3400 3547
f 3400 3548 3547
f 3547 3548 3549
f 3548 3446 3549
f 3549 3446 3550
f 3446 3445 3550
f 3550 3445 3551
f 3445 3552 3551
f 3551 3552 3553
f 3554 3555 3556
f 3554 3556 3305
f 3556 3557 3305
f 3305 3557 3303
f 3355 3558 3559
f 3558 3305 3559
f 3559 3305 3560
f 3305 3304 3560
f 3360 3353 3355
f 3353 3354 3355
f 3355 3354 3558
f 3354 3561 3558
f 3561 3562 3302
f 3562 3563 3302
f 3302 3563 3300
f 3477 3564 3475
f 3564 3565 3475
f 3475 3565 3566
f 3565 3567 3566
f 3566 3567 3568
f 3567 3379 3568
f 3568 3379 3373
f 3379 3378 3373
f 3373 3378 3371
f 3476 3569 3478
f 3569 3570 3478
f 3478 3570 3571
f 3570 3372 3571
f 3571 3372 3376
f 3372 3371 3376
f 3376 3371 3377
f 3484 3572 3485
f 3572 3573 3485
f 3485 3573 3574
f 3573 3575 3574
f 3574 3575 3401
f 3575 3576 3401
f 3401 3576 3400
f 3576 3577 3400
f 3400 3577 3548
f 3486 3447 3484
f 3447 3446 3484
f 3484 3446 3578
f 3446 3548 3578
f 3578 3548 3579
f 3548 3577 3579
f 3564 3473 3565
f 3473 3472 3565
f 3565 3472 3580
f 3472 3485 3580
f 3580 3485 3581
f 3485 3574 3581
f 3581 3574 3582
f 3574 3401 3582
f 3582 3401 3583
f 3401 3584 3583
f 3580 3585 3565
f 3585 3586 3565
f 3565 3586 3567
f 3586 3587 3567
f 3567 3587 3379
f 3587 3584 3379
f 3379 3584 3394
f 3584 3401 3394
f 3394 3401 3395
f 3401 3399 3395
f 3588 3589 3326
f 3325 3361 3326
f 3361 3323 3326
f 3326 3323 3588
f 3323 3590 3588
f 3559 3591 3355
f 3591 3592 3355
f 3355 3592 3323
f 3592 3593 3323
f 3323 3593 3590
f 3594 3595 3596
f 3597 3598 3599
f 3598 3600 3599
f 3599 3600 3555
f 3600 3601 3555
f 3596 3556 3594
f 3556 3555 3594
f 3594 3555 3602
f 3555 3601 3602
f 3602 3601 3603
f 3601 3604 3603
f 3595 3594 3605
f 3594 3606 3605
f 3605 3606 3607
f 3606 3608 3607
f 3607 3608 3609
f 3610 3611 3612
f 3299 3613 3614
f 3612 3611 3615
f 3298 3616 3299
f 3616 3617 3299
f 3299 3617 3613
f 3617 3618 3613
f 3613 3618 3619
f 3618 3620 3619
f 3619 3620 3608
f 3620 3621 3608
f 3608 3621 3609
f 3589 3622 3326
f 3622 3332 3326
f 3326 3332 3324
f 3332 3334 3324
f 3622 3623 3332
f 3623 3624 3332
f 3332 3624 3299
f 3624 3625 3299
f 3299 3625 3297
f 3626 3627 3628
f 3627 3629 3628
f 3627 3630 3629
f 3630 3631 3629
f 3629 3631 3632
f 3612 3299 3610
f 3299 3614 3610
f 3610 3614 3633
f 3614 3634 3633
f 3633 3634 3635
f 3634 3632 3635
f 3635 3632 3636
f 3632 3631 3636
f 3637 3638 3628
f 3638 3639 3628
f 3628 3639 3626
f 3604 3640 3603
f 3640 3641 3603
f 3603 3641 3642
f 3643 3644 3645
f 3646 3647 3648
f 3648 3643 3646
f 3643 3645 3646
f 3646 3645 3641
f 3645 3649 3641
f 3641 3649 3642
f 3597 3599 3295
f 3599 3650 3295
f 3295 3650 3296
f 3651 3652 3653
f 3652 3654 3653
f 3653 3654 3296
f 3654 3655 3296
f 3296 3655 3294
f 3656 3657 3653
f 3657 3658 3653
f 3653 3658 3651
f 3611 3659 3615
f 3659 3660 3615
f 3615 3660 3661
f 3662 3663 3552
f 3663 3664 3552
f 3664 3555 3552
f 3552 3555 3553
f 3555 3554 3553
f 3665 3666 3667
f 3668 3669 3670
f 3669 3671 3670
f 3670 3671 3672
f 3671 3673 3672
f 3672 3673 3674
f 3673 3665 3674
f 3674 3665 3675
f 3665 3667 3675
f 3444 3676 3445
f 3676 3439 3445
f 3445 3439 3552
f 3439 3423 3552
f 3552 3423 3662
f 3423 3413 3662
f 3662 3413 3677
f 3678 3612 3679
f 3612 3615 3679
f 3679 3615 3680
f 3615 3661 3680
f 3680 3661 3555
f 3661 3681 3555
f 3555 3681 3599
f 3682 3683 3684
f 3678 3682 3612
f 3682 3684 3612
f 3612 3684 3418
f 3684 3685 3418
f 3418 3685 3413
f 3685 3686 3413
f 3413 3686 3677
f 3668 3293 3664
f 3293 3687 3664
f 3664 3687 3555
f 3687 3688 3555
f 3555 3688 3680
f 3688 3689 3680
f 3680 3689 3679
f 3668 3670 3293
f 3670 3690 3293
f 3293 3690 3291
f 3505 3528 3506
f 3528 3524 3506
f 3506 3524 3691
f 3524 3692 3691
f 3300 3693 3301
f 3693 3694 3301
f 3301 3694 3524
f 3694 3695 3524
f 3524 3695 3692
f 3696 3697 3354
f 3697 3698 3354
f 3354 3698 3561
f 3698 3699 3561
f 3561 3699 3562
f 3348 3347 3354
f 3347 3700 3354
f 3354 3700 3696
f 3701 3702 3339
f 3702 3703 3339
f 3339 3703 3347
f 3703 3704 3347
f 3347 3704 3700
f 3691 3705 3506
f 3705 3706 3506
f 3506 3706 3494
f 3706 3707 3494
f 3494 3707 3708
f 3701 3339 3709
f 3339 3341 3709
f 3709 3341 3710
f 3708 3711 3494
f 3711 3712 3494
f 3494 3712 3341
f 3712 3713 3341
f 3341 3713 3710
f 3714 3715 3716
f 3715 3717 3716
f 3716 3717 3718
f 3717 3719 3718
f 3718 3719 3720
f 3719 3721 3720
f 3720 3721 3722
f 3721 3723 3722
f 3722 3723 3724
f 3723 3725 3724
f 3724 3725 3726
f 3725 3727 3726
f 3726 3727 3728
f 3727 3729 3728
f 3728 3729 3730
f 3729 3731 3730
f 3730 3731 3732
f 3731 3733 3732
f 3732 3733 3734
f 3733 3735 3734
f 3734 3735 3736
f 3735 3737 3736
f 3736 3737 3714
f 3737 3715 3714
f 3738 3739 3130
f 3739 3131 3130
f 3740 3741 3742
f 3741 3743 3742
f 3742 3743 3744
f 3743 3745 3744
f 3744 3745 3746
f 3745 3747 3746
f 3746 3747 3748
f 3747 3749 3748
f 3748 3749 3750
f 3749 3751 3750
f 3750 3751 3752
f 3751 3753 3752
f 3752 3753 3754
f 3753 3755 3754
f 3754 3755 3756
f 3755 3757 3756
f 3756 3757 3758
f 3757 3759 3758
f 3758 3759 3760
f 3759 3761 3760
f 3760 3761 3762
f 3761 3763 3762
f 3762 3763 3740
f 3763 3741 3740
f 3764 3765 3766
f 3765 3767 3766
f 3766 3767 3768
f 3769 3770 3771
f 3770 3772 3771
f 3771 3772 3773
f 3773 3772 3774
f 3772 3775 3774
f 3774 3775 3776
f 3776 3777 3774
f 3777 3778 3774
f 3774 3778 3779
f 3778 3780 3779
f 3781 3782 3783
f 3782 3784 3783
f 3783 3784 3785
f 3784 3786 3785
f 3787 3788 3789
f 3788 3790 3789
f 3789 3790 3791
f 3792 3793 3782
f 3793 3794 3782
f 3782 3794 3774
f 3794 3795 3774
f 3774 3795 3796
f 3790 3797 3791
f 3797 3798 3791
f 3791 3798 3784
f 3798 3799 3784
f 3784 3799 3786
f 3781 3800 3782
f 3800 3801 3782
f 3782 3801 3802
f 3801 3787 3802
f 3802 3787 3803
f 3787 3789 3803
f 3780 3804 3779
f 3804 3805 3779
f 3779 3805 3806
f 3805 3807 3806
f 3807 3808 3806
f 3808 3769 3806
f 3806 3769 3809
f 3769 3771 3809
f 3796 3810 3774
f 3810 3811 3774
f 3774 3811 3773
f 3811 3812 3773
f 3773 3812 3813
f 3812 3814 3813
f 3813 3814 3815
f 3814 3802 3815
f 3814 3816 3802
f 3816 3817 3802
f 3802 3817 3782
f 3817 3818 3782
f 3782 3818 3792
f 3819 3820 3821
f 3820 3822 3821
f 3823 3824 3825
f 3826 3827 3828
f 3829 3830 3831
f 3830 3832 3831
f 3833 3834 3835
f 3834 3836 3835
f 3835 3836 3234
f 3836 3233 3234
f 3837 3838 3839
f 3838 3840 3839
f 3841 3842 3843
f 3843 3844 3841
f 3844 3845 3841
f 3841 3845 3846
f 3847 3848 3849
f 3848 3850 3849
f 3851 3852 3853
f 3852 3854 3853
f 3853 3854 3855
f 3854 3856 3855
f 3857 3858 3859
f 3859 3860 3857
f 3860 3861 3857
f 3857 3861 3862
f 3863 3864 3865
f 3864 3866 3865
f 3865 3866 3867
f 3868 3869 3870
f 3869 3867 3870
f 3871 3870 3872
f 3870 3867 3872
f 3872 3867 3873
f 3867 3866 3873
f 3874 3875 3876
f 3875 3877 3876
f 3876 3877 3878
f 3879 3880 3881
f 3880 3882 3881
f 3881 3882 3883
f 3882 3884 3883
f 3885 3886 3887
f 3888 3887 3889
f 3887 3890 3889
f 3889 3890 3891
f 3892 3893 3887
f 3893 3894 3887
f 3887 3894 3885
f 3888 3895 3887
f 3895 3896 3887
f 3887 3896 3897
f 3897 3898 3887
f 3898 3899 3887
f 3887 3899 3892
f 3900 3901 3902
f 3901 3903 3902
f 3904 3905 3906
f 3905 3907 3906
f 3906 3907 3908
f 3909 3910 3911
f 3910 3912 3911
f 3911 3912 3913
f 3912 3914 3913
f 3913 3914 3915
f 3914 3916 3915
f 3915 3916 3917
f 3916 3918 3917
f 3917 3918 3919
f 3918 3920 3919
f 3919 3920 3921
f 3920 3922 3921
f 3921 3922 3923
f 3922 3924 3923
f 3923 3924 3925
f 3924 3926 3925
f 3925 3926 3927
f 3926 3928 3927
f 3927 3928 3929
f 3928 3930 3929
f 3929 3930 3931
f 3930 3932 3931
f 3931 3932 3909
f 3932 3910 3909
f 3933 3934 3935
f 3934 3936 3935
f 3935 3936 3937
f 3938 3939 3940
f 3939 3941 3940
f 3940 3941 3942
f 3941 3943 3942
f 3942 3943 3944
f 3943 3945 3944
f 3944 3945 3946
f 3945 3947 3946
f 3946 3947 3948
f 3947 3949 3948
f 3948 3949 3950
f 3949 3951 3950
f 3950 3951 3952
f 3951 3953 3952
f 3952 3953 3954
f 3953 3955 3954
f 3954 3955 3956
f 3955 3957 3956
f 3956 3957 3958
f 3957 3959 3958
f 3958 3959 3960
f 3959 3961 3960
f 3960 3961 3938
f 3961 3939 3938
f 3962 3963 3964
f 3963 3965 3964
f 3964 3965 3966
f 3967 3968 3969
f 3968 3970 3969
f 3971 3972 3973
f 3972 3974 3973
f 3975 3976 3013
f 2942 3977 3978
f 2943 2928 2942
f 2928 3979 2942
f 2942 3979 3977
f 2963 2959 3978
f 2960 2609 3980
f 2959 2958 3978
f 2958 2957 3978
f 3978 2957 2962
f 2962 2961 3978
f 2961 2947 3978
f 3978 2947 2942
f 3981 3982 3978
f 3982 2607 3978
f 3978 2607 2963
f 3975 3983 3984
f 3983 3985 3984
f 3986 3987 3013
f 3013 3987 3975
f 3987 3988 3975
f 3975 3988 3983
f 3985 3989 3984
f 3989 3990 3984
f 3984 3990 3991
f 2961 2960 2947
f 2960 3980 2947
f 2947 3980 2948
f 3980 3992 2948
f 2948 3992 2949
f 3993 2940 3994
f 2940 2949 3994
f 3994 2949 3995
f 2949 3992 3995
f 3996 3997 3998
f 3997 3984 3998
f 3998 3984 3999
f 3984 3991 3999
f 3986 3013 4000
f 3013 2946 4000
f 4000 2946 4001
f 2946 2945 4001
f 4001 2945 4002
f 2945 2944 4002
f 4002 2944 3993
f 2944 2941 3993
f 3993 2941 2940
f 4003 4004 4005
f 4004 4006 4005
f 4005 4006 4007
f 4006 4008 4007
f 4009 3834 3833
f 4010 4011 4012
f 4011 4013 4012
f 4012 4013 4014
f 4012 4015 4016
f 4014 4017 4012
f 4017 4018 4012
f 4012 4018 4015
f 4009 3833 4019
f 4016 4020 4012
f 4020 4021 4012
f 4012 4021 3833
f 4021 4022 3833
f 3833 4022 4019
f 4023 4024 4025
f 4026 4027 4028
f 4027 4029 4028
f 4030 4031 4032
f 4030 4032 4033
f 4032 4034 4033
f 4033 4034 4035
f 4036 4037 4038
f 4037 4039 4038
f 4040 4041 4042
f 4042 4043 4040
f 4043 4044 4040
f 4040 4044 4045
f 4046 4047 4048
f 4046 4048 4049
f 4048 4050 4049
f 4049 4050 4051
f 1930 4052 1923
f 1932 1930 1934
f 1930 4053 1934
f 4054 4055 4056
f 1923 1921 1930
f 1921 1912 1930
f 1930 1912 4053
f 1945 1943 1941
f 1930 1928 4052
f 1928 4054 4052
f 4052 4054 4057
f 4054 4056 4057
f 1941 1939 1945
f 1939 1937 1945
f 1945 1937 4053
f 1937 1935 4053
f 4053 1935 1934
f 4058 4059 4060
f 4061 4062 4063
f 4064 4065 4066
f 4067 4068 4069
f 4068 4070 4069
f 4069 4070 4071
f 4070 4072 4071
f 4071 4072 4073
f 4074 4075 4076
f 4075 4077 4076
f 4076 4077 4078
f 4077 4079 4078
f 4078 4079 4080
f 4080 4064 4078
f 4064 4066 4078
f 4078 4066 4063
f 4066 4071 4063
f 4063 4071 4061
f 4071 4073 4061
f 4081 4082 4083
f 4082 4084 4083
f 4085 4086 4087
f 4086 4088 4087
f 4087 4088 4089
f 4088 4090 4089
f 4091 4092 4093
f 4092 4094 4093
f 4093 4094 4095
f 4096 4097 4098
f 4097 4099 4098
f 4098 4099 4100
f 4101 4102 4097
f 4103 4104 4105
f 4106 4101 4107
f 4101 4097 4107
f 4107 4097 4108
f 4097 4096 4108
f 4109 4103 4110
f 4103 4105 4110
f 4110 4105 4111
f 4105 4097 4111
f 4111 4097 4112
f 4097 4102 4112
f 4113 4114 4115
f 4114 4116 4115
f 4115 4116 4117
f 4116 4118 4117
f 4119 4120 4121
f 4120 4122 4121
f 4121 4122 4123
f 4124 4125 4126
f 4125 4127 4126
f 4126 4127 4128
f 4127 4129 4128
f 4128 4129 4130
f 4129 4131 4130
f 4130 4131 4132
f 4131 4133 4132
f 4132 4133 4134
f 4133 4135 4134
f 4134 4135 4136
f 4135 4137 4136
f 4136 4137 4138
f 4137 4139 4138
f 4138 4139 4140
f 4139 4141 4140
f 4140 4141 4142
f 4141 4143 4142
f 4142 4143 4144
f 4143 4145 4144
f 4144 4145 4146
f 4145 4147 4146
f 4146 4147 4124
f 4147 4125 4124
f 4148 4149 4150
f 4149 4151 4150
f 4150 4151 4152
f 4151 4153 4152
f 4152 4153 4154
f 4153 4155 4154
f 4156 4157 4158
f 4159 4160 4161
f 4160 4162 4161
f 4163 4164 4165
f 4166 4167 4168
f 4167 4169 4168
f 4170 4171 4172
f 4170 4172 4173
f 4172 4174 4173
f 4173 4174 4175
f 4176 4177 4178
f 4177 4179 4178
f 4180 4181 4182
f 4181 4183 4182
f 4182 4183 4184
f 4183 4185 4184
f 4186 4187 4188
f 4187 4189 4188
f 4188 4189 4190
f 4191 4192 4193
f 4192 4194 4193
f 4195 4196 4197
f 4197 4198 4195
f 4198 4199 4195
f 4195 4199 4200
f 4201 4202 4203
f 4202 4204 4203
f 2401 2400 2383
f 4205 4206 4207
f 2415 2413 2416
f 2413 2411 2416
f 2411 2409 2416
f 2409 2407 2416
f 2416 2407 2405
f 2393 2383 2395
f 2383 2400 2395
f 2395 2400 4208
f 2400 4205 4208
f 4208 4205 4209
f 4205 4207 4209
f 2383 4210 2401
f 4210 2416 2401
f 2401 2416 2403
f 2416 2405 2403
f 4211 4212 4213
f 4211 4213 4214
f 4213 4215 4214
f 4214 4215 4216
f 4215 4217 4216
f 4216 4217 4218
f 4217 4219 4218
f 4218 4219 4220
f 4221 4222 4223
f 4224 4225 4226
f 4227 4228 4229
f 4228 4230 4229
f 4229 4230 4231
f 4230 4232 4231
f 4231 4232 4233
f 4234 4235 4236
f 4235 4237 4236
f 4236 4237 4238
f 4237 4239 4238
f 4238 4239 4240
f 4240 4224 4238
f 4224 4226 4238
f 4238 4226 4223
f 4226 4231 4223
f 4223 4231 4221
f 4231 4233 4221
f 2249 2250 4241
f 2249 4241 4242
f 4241 4243 4242
f 4242 4243 4244
f 3476 3475 3569
f 3475 3566 3569
f 3569 3566 3570
f 3566 3372 3570
f 4245 4246 4247
f 4246 4248 4247
f 1873 1872 4249
f 1872 4250 4249
f 4249 4250 4251
f 4252 4253 4254
f 4253 4255 4254
f 4254 4255 4256
f 4255 4257 4256
f 4256 4257 4258
f 4259 4260 4261
f 4261 4262 4259
f 4262 4123 4259
f 4259 4123 4122
f 4263 4264 4265
f 4264 4266 4265
f 4267 4268 4269
f 4268 4270 4269
f 4269 4270 4271
f 4270 4272 4271
f 4271 4272 4273
f 4272 4274 4273
f 4273 4274 4275
f 4274 4276 4275
f 4275 4276 4277
f 4276 4278 4277
f 4277 4278 4279
f 4278 4280 4279
f 4279 4280 4281
f 4280 4282 4281
f 4281 4282 4283
f 4282 4284 4283
f 4283 4284 4285
f 4284 4286 4285
f 4285 4286 4287
f 4286 4288 4287
f 4287 4288 4289
f 4288 4290 4289
f 4289 4290 4267
f 4290 4268 4267
f 4291 4292 4293
f 4294 4295 4296
f 4295 4297 4296
f 4298 4299 4300
f 4299 4301 4300
f 4302 4303 4304
f 4303 4305 4304
f 4306 4307 4308
f 4307 4309 4308
f 4310 4311 4312
f 4311 4313 4312
f 4312 4313 4314
f 4315 4316 4317
f 4316 4318 4317
f 4319 4320 4321
f 4320 4322 4321
f 4323 4324 4325
f 4324 4326 4325
f 4327 4328 4329
f 4328 4330 4329
f 4331 4332 4333
f 4331 4333 4334
f 4333 4335 4334
f 4334 4335 4336
f 4337 4338 4339
f 4338 4340 4339
f 4341 4342 4343
f 4342 4344 4343
f 4343 4344 4345
f 4345 4344 4346
f 4344 4347 4346
f 4346 4347 4348
f 4349 4350 4351
f 4350 2632 4351
f 4351 2632 4352
f 2632 4353 4352
f 4352 4353 4354
f 4353 4355 4354
f 4354 4355 4356
f 4355 4357 4356
f 4356 4357 4358
f 4357 4359 4358
f 4358 4359 4360
f 4361 4362 2645
f 4362 4363 2645
f 4348 4347 4364
f 4347 4365 4364
f 4364 4365 4366
f 4360 4359 2668
f 4359 4367 2668
f 2668 4367 4368
f 4368 4367 4369
f 4367 4370 4369
f 4369 4370 4362
f 4370 2650 4362
f 4362 2650 4363
f 4341 4371 4342
f 4371 4372 4342
f 4342 4372 4373
f 4372 4374 4373
f 4373 4374 4375
f 4374 4362 4375
f 4375 4362 4376
f 4366 4365 4377
f 4365 4378 4377
f 4377 4378 4379
f 4378 4380 4379
f 4379 4380 4361
f 4380 4381 4361
f 4361 4381 4362
f 4381 4382 4362
f 4362 4382 4376
f 4383 4384 4385
f 4384 4386 4385
f 4385 4386 4387
f 3343 3342 3340
f 3361 3324 3327
f 3324 3328 3327
f 3345 3364 3344
f 3364 3349 3344
f 3340 3338 3343
f 3338 3336 3343
f 3343 3336 3330
f 3336 3335 3330
f 3330 3335 3331
f 3335 3329 3331
f 3331 3329 3333
f 3329 3328 3333
f 3333 3328 3334
f 3328 3324 3334
f 3361 3327 3362
f 3327 3351 3362
f 3362 3351 3363
f 3351 3352 3363
f 3363 3352 3364
f 3352 3350 3364
f 3364 3350 3349
f 3367 3277 3321
f 3277 3278 3321
f 3321 3278 3356
f 3278 3272 3356
f 3356 3272 3357
f 3272 3271 3357
f 3269 3364 3267
f 3364 3345 3267
f 3267 3345 3268
f 3345 3348 3268
f 3268 3348 3270
f 3348 3353 3270
f 3270 3353 3273
f 3353 3360 3273
f 3273 3360 3274
f 3360 3359 3274
f 3274 3359 3271
f 3359 3358 3271
f 3271 3358 3357
f 3269 3276 3364
f 3276 3275 3364
f 3364 3275 3365
f 3275 3277 3365
f 3365 3277 3366
f 3277 3367 3366
f 3577 3576 3579
f 3576 3575 3579
f 3579 3575 3578
f 3575 3484 3578
f 4388 4389 4390
f 4389 4391 4390
f 4390 4391 4392
f 4391 4393 4392
f 4392 4393 4394
f 4393 4395 4394
f 4394 4395 4396
f 4395 4397 4396
f 4396 4397 4398
f 4397 4399 4398
f 4398 4399 4400
f 4399 4401 4400
f 4400 4401 4402
f 4401 4403 4402
f 4402 4403 4404
f 4403 4405 4404
f 4404 4405 4406
f 4405 4407 4406
f 4406 4407 4408
f 4407 4409 4408
f 4408 4409 4410
f 4409 4411 4410
f 4410 4411 4388
f 4411 4389 4388
f 4412 4413 4414
f 4413 4415 4414
f 4414 4415 4416
f 4415 4417 4416
f 4418 4419 4420
f 4419 4421 4420
f 4422 4423 4424
f 4423 4261 4424
f 4265 4266 4425
f 4266 4426 4425
f 4425 4426 4427
f 4426 4428 4427
f 4427 4428 4429
f 4428 4430 4429
f 4431 4432 4433
f 4432 4434 4433
f 4433 4434 4435
f 4434 4436 4435
f 4435 4436 4437
f 4436 4438 4437
f 4437 4438 4439
f 4438 4440 4439
f 4439 4440 4441
f 4440 4442 4441
f 4441 4442 4443
f 4442 4444 4443
f 4443 4444 4445
f 4444 4446 4445
f 4445 4446 4447
f 4446 4448 4447
f 4447 4448 4449
f 4448 4450 4449
f 4449 4450 4451
f 4450 4452 4451
f 4451 4452 4453
f 4452 4454 4453
f 4453 4454 4431
f 4454 4432 4431
f 4455 4456 4457
f 4456 4458 4457
f 4459 4460 4461
f 4459 4461 4462
f 4461 4463 4462
f 4462 4463 4464
f 4463 4465 4464
f 4464 4465 4466
f 4465 4467 4466
f 4466 4467 4468
f 4467 4469 4468
f 4468 4469 4470
f 4469 4471 4470
f 4470 4471 4472
f 4471 4473 4472
f 4472 4473 4474
f 4473 4475 4474
f 4474 4475 4476
f 4475 4477 4476
f 4476 4477 4478
f 4477 4479 4478
f 4478 4479 4480
f 4479 4481 4480
f 4480 4481 4482
f 4481 4483 4482
f 4482 4483 4484
f 4485 4486 4487
f 4486 4488 4487
f 4489 4490 4491
f 4490 4492 4491
f 4493 4494 4495
f 4494 4496 4495
f 4497 4498 4499
f 4498 4497 4500
f 4501 4502 4503
f 4502 4504 4503
f 4503 4504 4505
f 4504 4500 4505
f 4505 4500 4506
f 4500 4497 4506
f 4507 4508 4509
f 4508 4510 4509
f 4511 4512 4513
f 4512 4514 4513
f 4513 4514 4515
f 4516 4517 4518
f 4519 4520 4521
f 4520 4522 4521
f 4523 4524 4525
f 4525 4526 4523
f 4526 4527 4523
f 4523 4527 4528
f 4529 4530 4531
f 4530 4532 4531
f 4533 4534 4535
f 4534 4536 4535
f 4535 4536 4537
f 4538 2693 2692
f 2692 4535 4538
f 4535 4537 4538
f 4538 4537 4539
f 4537 4540 4539
f 4539 4540 2710
f 4540 4541 2710
f 4542 4543 4544
f 4543 4545 4544
f 4544 4545 4546
f 4545 4547 4546
f 4546 4547 4548
f 4547 4549 4548
f 4550 4551 4552
f 4551 2678 4552
f 4552 2678 4553
f 4553 4554 4552
f 4554 4555 4552
f 4552 4555 4549
f 4555 2684 4549
f 4549 2684 4548
f 2693 4538 4556
f 4538 4557 4556
f 4556 4557 4558
f 4557 4559 4558
f 4558 4559 4560
f 4559 4561 4560
f 4560 4561 4550
f 4561 2715 4550
f 4550 2715 4551
f 4092 4091 4562
f 4092 4562 4563
f 4562 3901 4563
f 4563 3901 3900
f 3392 3399 3397
f 3403 3392 3404
f 3392 3397 3404
f 3404 3397 3396
f 3377 3371 3378
f 3391 3392 3319
f 3392 3403 3319
f 3319 3403 3412
f 3403 3402 3412
f 3412 3402 3406
f 3402 3405 3406
f 3378 3380 3377
f 3380 3370 3377
f 3377 3370 3374
f 3370 3369 3374
f 3374 3369 3375
f 3369 3368 3375
f 3375 3368 3383
f 3368 3382 3383
f 3383 3382 3384
f 3382 3390 3384
f 3384 3390 3407
f 3407 3390 3410
f 3390 3389 3410
f 3410 3389 3411
f 3389 3388 3411
f 3411 3388 3318
f 3388 3387 3318
f 3318 3387 3319
f 3387 3386 3319
f 3319 3386 3391
f 3586 3580 3581
f 3586 3581 3587
f 3581 3582 3587
f 3587 3582 3584
f 4564 4565 4566
f 4565 4567 4566
f 4566 4567 4568
f 4567 4569 4568
f 4568 4569 4570
f 4569 4571 4570
f 4570 4571 4572
f 4571 4573 4572
f 4572 4573 4574
f 4573 4575 4574
f 4574 4575 4576
f 4575 4577 4576
f 4576 4577 4578
f 4577 4579 4578
f 4578 4579 4580
f 4579 4581 4580
f 4580 4581 4582
f 4581 4583 4582
f 4582 4583 4584
f 4583 4585 4584
f 4584 4585 4586
f 4585 4587 4586
f 4586 4587 4564
f 4587 4565 4564
f 4588 4589 2257
f 4589 2259 2257
f 4590 4591 4592
f 4591 4593 4592
f 4592 4593 4594
f 4593 4595 4594
f 4594 4595 4596
f 4595 4597 4596
f 4596 4597 4598
f 4597 4599 4598
f 4598 4599 4600
f 4423 4422 4601
f 4423 4601 4602
f 4601 4603 4602
f 4602 4603 4604
f 4605 4606 4607
f 4606 4429 4607
f 4607 4429 4430
f 4608 4609 4610
f 4609 4611 4610
f 4610 4611 4612
f 4611 4613 4612
f 4612 4613 4614
f 4613 4615 4614
f 4614 4615 4616
f 4615 4617 4616
f 4616 4617 4618
f 4617 4619 4618
f 4618 4619 4620
f 4619 4621 4620
f 4620 4621 4622
f 4621 4623 4622
f 4622 4623 4624
f 4623 4625 4624
f 4624 4625 4626
f 4625 4627 4626
f 4626 4627 4628
f 4627 4629 4628
f 4628 4629 4630
f 4629 4631 4630
f 4630 4631 4608
f 4631 4609 4608
f 4632 4633 4634
f 4633 4635 4634
f 4636 4637 4638
f 4637 4639 4638
f 4640 4641 4642
f 4643 4644 4645
f 4644 4646 4645
f 4645 4646 4647
f 4646 4648 4647
f 4649 4650 4651
f 4652 4653 4654
f 4653 4655 4654
f 4654 4655 4656
f 4657 4658 4659
f 4658 4660 4659
f 4659 4660 4661
f 4662 4663 4664
f 4662 4664 4665
f 4664 4666 4665
f 4665 4666 4667
f 4668 4669 4670
f 4671 4672 4673
f 4672 4674 4673
f 4675 4676 4677
f 4675 4677 4678
f 4677 4679 4678
f 4678 4679 4680
f 4681 4682 4683
f 4681 4683 4684
f 4683 4685 4684
f 4684 4685 4686
f 4685 4687 4686
f 4686 4687 4688
f 4687 4689 4688
f 4688 4689 4690
f 4691 4692 4693
f 4694 4695 4696
f 4691 4697 4692
f 4697 4698 4692
f 4692 4698 4699
f 4698 4700 4699
f 4699 4700 4701
f 4700 4702 4701
f 4702 4703 4701
f 4701 4703 4704
f 4703 4705 4704
f 4704 4705 4706
f 4705 4707 4706
f 4708 4709 4710
f 4709 4711 4710
f 4712 4713 4714
f 4715 4716 4717
f 4694 4718 4695
f 4718 4719 4695
f 4695 4719 4720
f 4719 4721 4720
f 4720 4721 4722
f 4721 4723 4722
f 4722 4723 4711
f 4723 4724 4711
f 4711 4724 4710
f 4714 4725 4712
f 4725 4726 4712
f 4712 4726 4727
f 4726 4728 4727
f 4727 4728 4696
f 4728 4729 4696
f 4696 4729 4694
f 4717 4730 4715
f 4730 4731 4715
f 4715 4731 4732
f 4731 4733 4732
f 4732 4733 4693
f 4733 4734 4693
f 4693 4734 4691
f 4735 4736 4737
f 4736 4738 4737
f 4737 4738 4707
f 4738 4739 4707
f 4707 4739 4706
f 4737 4740 4735
f 4740 4741 4735
f 4735 4741 4708
f 4741 4742 4708
f 4708 4742 4709
f 4743 4744 4745
f 4744 4746 4745
f 4745 4746 4747
f 3431 3451 3432
f 3451 3449 3432
f 3432 3449 3434
f 3449 3448 3434
f 3434 3448 3428
f 3457 3455 3430
f 3455 3454 3430
f 3430 3454 3431
f 3454 3452 3431
f 3431 3452 3451
f 3430 3433 3457
f 3433 3316 3457
f 3457 3316 3440
f 3316 3315 3440
f 3481 3471 3462
f 3471 3469 3462
f 3462 3469 3463
f 3469 3468 3463
f 3463 3468 3464
f 3468 3417 3464
f 3464 3417 3309
f 3417 3416 3309
f 3416 3420 3309
f 3309 3420 3310
f 3420 3415 3310
f 3310 3415 3465
f 3415 3424 3465
f 3465 3424 3460
f 3424 3422 3460
f 3460 3422 3458
f 3422 3421 3458
f 3458 3421 3459
f 3421 3427 3459
f 3459 3427 3461
f 3427 3426 3461
f 3438 3439 3437
f 3439 3676 3437
f 3437 3676 3436
f 3676 3444 3436
f 3436 3444 3435
f 3444 3443 3435
f 3435 3443 3315
f 3443 3441 3315
f 3315 3441 3440
f 3428 3448 3429
f 3448 3313 3429
f 3429 3313 3426
f 3313 3312 3426
f 3426 3312 3461
f 4066 3304 4071
f 3304 3303 4071
f 4071 3303 4069
f 3303 3557 4069
f 4069 3557 4067
f 3557 3596 4067
f 4067 3596 4068
f 3596 3595 4068
f 4068 3595 4070
f 3595 3607 4070
f 4070 3607 4072
f 3607 3609 4072
f 4072 3609 4073
f 3609 3621 4073
f 4073 3621 4061
f 3621 3618 4061
f 4061 3618 4062
f 3618 3617 4062
f 4062 3617 4063
f 3617 3616 4063
f 3616 3298 4063
f 4063 3298 4078
f 3298 3297 4078
f 4078 3297 4076
f 3297 3625 4076
f 4076 3625 4074
f 3625 3624 4074
f 4074 3624 4075
f 3624 3623 4075
f 4075 3623 4077
f 3623 3589 4077
f 4077 3589 4079
f 3589 3588 4079
f 4079 3588 4080
f 3588 3590 4080
f 4080 3590 4064
f 3590 3592 4064
f 4064 3592 4065
f 3592 3591 4065
f 4065 3591 4066
f 3591 3560 4066
f 4066 3560 3304
f 4748 4749 4750
f 4749 4751 4750
f 4750 4751 4752
f 4751 4753 4752
f 4752 4753 4754
f 4753 4755 4754
f 4754 4755 4756
f 4755 4757 4756
f 4756 4757 4758
f 4757 4759 4758
f 4758 4759 4760
f 4759 4761 4760
f 4760 4761 4762
f 4761 4763 4762
f 4762 4763 4764
f 4763 4765 4764
f 4764 4765 4766
f 4765 4767 4766
f 4766 4767 4768
f 4767 4769 4768
f 4768 4769 4770
f 4769 4771 4770
f 4770 4771 4748
f 4771 4749 4748
f 4772 4773 4774
f 4774 4775 4772
f 4775 4776 4772
f 4772 4776 4777
f 4776 4778 4777
f 4778 4779 4777
f 4777 4779 4780
f 4781 4782 4783
f 4782 4784 4783
f 4785 4786 4787
f 4786 4788 4787
f 4787 4788 4789
f 4790 4791 4792
f 4791 4793 4792
f 4792 4793 4794
f 3206 3205 4795
f 3205 4796 4795
f 4797 4798 4799
f 4798 4800 4799
f 4801 4802 4803
f 4802 4804 4803
f 4805 4806 4807
f 4805 4807 4808
f 4807 4809 4808
f 4808 4809 4810
f 4809 4811 4810
f 4810 4811 4812
f 4813 4814 4815
f 4814 4816 4815
f 4817 4818 4819
f 4820 4821 4822
f 4821 4823 4822
f 4824 4825 4826
f 4825 4827 4826
f 4828 4829 4830
f 4828 4830 4831
f 4830 4832 4831
f 4831 4832 4833
f 4832 4834 4833
f 4833 4834 4835
f 4836 4837 4838
f 4837 4839 4838
f 4840 4841 4842
f 4840 4842 4843
f 4842 4674 4843
f 4843 4674 4672
f 4844 4845 4846
f 4845 4847 4846
f 4848 4849 4850
f 4850 4851 4848
f 4851 4852 4848
f 4848 4852 4853
f 4854 4855 4856
f 4855 4857 4856
f 4858 4854 4859
f 4854 4856 4859
f 4859 4856 4860
f 4856 4861 4860
f 4862 4863 4864
f 4863 4865 4864
f 4864 4865 4866
f 4865 4867 4866
f 4866 4867 4868
f 4867 4869 4868
f 4868 4869 4870
f 4869 4871 4870
f 4870 4871 4872
f 4871 4873 4872
f 4872 4873 4874
f 4873 4875 4874
f 4874 4875 4876
f 4875 4877 4876
f 4876 4877 4878
f 4877 4879 4878
f 4878 4879 4880
f 4879 4881 4880
f 4880 4881 4882
f 4881 4883 4882
f 4882 4883 4884
f 4883 4885 4884
f 4884 4885 4862
f 4885 4863 4862
f 3483 3482 3466
f 3442 3447 3467
f 3447 3488 3467
f 3466 3467 3483
f 3467 3488 3483
f 3483 3488 3479
f 3488 3474 3479
f 3479 3474 3477
f 3611 3610 3633
f 3628 3613 3619
f 3629 3634 3628
f 3634 3614 3628
f 3628 3614 3613
f 3646 3641 3604
f 3649 3645 3619
f 3599 3681 3296
f 3681 3659 3296
f 3296 3659 3653
f 3659 3656 3653
f 3645 3644 3619
f 3644 3643 3619
f 3619 3643 3648
f 3648 3647 3619
f 3647 3637 3619
f 3619 3637 3628
f 3594 3602 3619
f 3602 3642 3619
f 3619 3642 3649
f 3656 3659 3657
f 3659 3611 3657
f 3657 3611 3658
f 3611 3633 3658
f 3658 3633 3651
f 3647 3646 3637
f 3646 3604 3637
f 3637 3604 3638
f 3604 3601 3638
f 3638 3601 3639
f 3601 3600 3639
f 3600 3598 3639
f 3639 3598 3626
f 3598 3597 3626
f 3626 3597 3627
f 3627 3597 3630
f 3597 3294 3630
f 3630 3294 3631
f 3294 3655 3631
f 3631 3655 3636
f 3655 3654 3636
f 3636 3654 3633
f 3654 3652 3633
f 3633 3652 3651
f 4886 4887 4888
f 4888 4889 4886
f 4889 4890 4886
f 4886 4890 4891
f 4892 4893 4894
f 4893 4895 4894
f 4896 4897 4898
f 4897 4899 4898
f 4900 2013 4901
f 2013 4902 4901
f 4901 4902 4903
f 4902 4786 4903
f 4904 4905 4906
f 4905 4907 4906
f 4906 4907 4908
f 4907 4909 4908
f 4910 4911 4912
f 4911 4913 4912
f 4912 4913 4909
f 4913 4914 4909
f 4909 4914 4908
f 4915 4916 4917
f 4916 4918 4917
f 4917 4918 4919
f 4918 4920 4919
f 4919 4920 4796
f 4920 4795 4796
f 4921 4922 4923
f 4922 4924 4923
f 4925 4926 4927
f 4926 4928 4927
f 4929 4930 4931
f 4930 4932 4931
f 4175 4174 4933
f 4174 4934 4933
f 4935 4936 4937
f 4938 4939 4940
f 4939 4941 4940
f 4942 4943 4944
f 4943 4945 4944
f 4944 4945 4946
f 4947 4948 4949
f 4949 4950 4947
f 4950 4951 4947
f 4947 4951 4952
f 4951 4953 4952
f 4952 4953 4954
f 4953 4955 4954
f 4954 4955 4956
f 4955 4957 4956
f 4956 4957 4958
f 4959 4960 4961
f 4960 4962 4961
f 4963 4964 4965
f 4964 4966 4965
f 4965 4966 4967
f 4968 4969 4970
f 4969 4971 4970
f 4972 4973 4974
f 4974 4975 4972
f 4975 4976 4972
f 4972 4976 4977
f 4978 4979 4980
f 4979 4981 4980
f 4982 4983 4984
f 4983 4985 4984
f 4984 4985 4986
f 4985 2811 4986
f 4986 2811 4987
f 4988 2813 2811
f 2813 4989 2811
f 2811 4989 4987
f 2846 4990 4991
f 4990 4992 4991
f 4991 4992 2842
f 4992 4993 2842
f 4981 4990 4980
f 4990 2846 4980
f 4980 2846 2834
f 2846 2824 2834
f 2828 4994 4988
f 4994 4995 4988
f 4988 4995 2813
f 2824 2846 4996
f 2846 2847 4996
f 4996 2847 4997
f 2847 4998 4997
f 4997 4998 4999
f 4998 5000 4999
f 4999 5000 2828
f 5000 5001 2828
f 2828 5001 4994
f 5002 5003 5004
f 5003 5005 5004
f 5004 5005 5006
f 5005 5007 5006
f 5006 5007 5008
f 5007 5009 5008
f 5008 5009 5010
f 5009 5011 5010
f 5010 5011 5012
f 5011 5013 5012
f 5012 5013 5014
f 5013 5015 5014
f 5014 5015 5016
f 5015 5017 5016
f 5016 5017 5018
f 5017 5019 5018
f 5018 5019 5020
f 5019 5021 5020
f 5020 5021 5022
f 5021 5023 5022
f 5022 5023 5024
f 5023 5025 5024
f 5024 5025 5002
f 5025 5003 5002
f 3519 3521 3515
f 3521 3534 3515
f 3515 3534 3533
f 3504 3498 3496
f 3514 3515 3530
f 3515 3533 3530
f 3530 3533 3523
f 3533 3527 3523
f 3523 3527 3525
f 3527 3526 3525
f 3496 3490 3504
f 3490 3489 3504
f 3504 3489 3492
f 3489 3501 3492
f 3492 3501 3493
f 3501 3500 3493
f 3493 3500 3508
f 3500 3499 3508
f 3508 3499 3507
f 3499 3513 3507
f 3507 3513 3505
f 3505 3513 3529
f 3513 3512 3529
f 3529 3512 3532
f 3512 3511 3532
f 3532 3511 3531
f 3511 3510 3531
f 3531 3510 3530
f 3510 3509 3530
f 3530 3509 3514
f 3673 3671 3669
f 3675 3667 3663
f 3688 3687 3678
f 3687 3292 3678
f 3678 3292 3682
f 3292 3683 3682
f 3667 3666 3663
f 3666 3665 3663
f 3663 3665 3664
f 3665 3673 3664
f 3664 3673 3668
f 3673 3669 3668
f 3684 3683 3685
f 3683 3292 3685
f 3685 3292 3686
f 3292 3291 3686
f 3291 3690 3686
f 3690 3672 3686
f 3686 3672 3663
f 3672 3674 3663
f 3663 3674 3675
f 5026 5027 5028
f 5027 5029 5028
f 5028 5029 5030
f 5029 5031 5030
f 5030 5031 5032
f 5031 5033 5032
f 5032 5033 5034
f 5033 5035 5034
f 5034 5035 5036
f 5035 5037 5036
f 5036 5037 5038
f 5037 5039 5038
f 5038 5039 5040
f 5039 5041 5040
f 5040 5041 5042
f 5041 5043 5042
f 5042 5043 5044
f 5043 5045 5044
f 5044 5045 5046
f 5045 5047 5046
f 5046 5047 5048
f 5047 5049 5048
f 5048 5049 5026
f 5049 5027 5026
f 5050 5051 5052
f 5051 5053 5052
f 5052 5053 5054
f 5053 5055 5054
f 5054 5055 5056
f 5055 5057 5056
f 5056 5057 5058
f 5057 5059 5058
f 5058 5059 5060
f 5059 5061 5060
f 5060 5061 5062
f 5061 5063 5062
f 5062 5063 5064
f 5063 5065 5064
f 5064 5065 5066
f 5065 5067 5066
f 5066 5067 5068
f 5067 5069 5068
f 5068 5069 5070
f 5069 5071 5070
f 5070 5071 5072
f 5071 5073 5072
f 5072 5073 5050
f 5073 5051 5050
f 5074 5075 5076
f 5074 5076 5077
f 5076 5078 5077
f 5077 5078 2018
f 5079 5080 5081
f 5080 5082 5081
f 5083 5084 5085
f 5084 5086 5085
f 5085 5086 5087
f 5086 5088 5087
f 5086 5089 5088
f 5089 5090 5088
f 5088 5090 5091
f 5092 5093 5094
f 5093 5095 5094
f 5094 5095 5096
f 5097 5098 5099
f 5098 5100 5099
f 5101 5102 5103
f 5102 5104 5103
f 5105 5106 5107
f 2048 2047 5108
f 2047 5109 5108
f 5108 5109 4934
f 5109 5110 4934
f 5111 5112 5113
f 5114 2058 5115
f 2058 2057 5115
f 5116 5117 5118
f 5116 5118 5119
f 5118 5120 5119
f 5119 5120 5121
f 5122 5123 5124
f 5123 5125 5124
f 5124 5125 5126
f 5127 5128 5129
f 5128 5130 5129
f 5131 5132 5133
f 5134 5135 5136
f 5136 5137 5138
f 5134 5136 5139
f 5136 5138 5139
f 5139 5138 5131
f 5138 5140 5131
f 5131 5140 5132
f 5141 5142 5143
f 5144 5145 5146
f 5145 5147 5146
f 5148 5149 5150
f 5149 5151 5150
f 5152 5153 5154
f 5153 5155 5154
f 5154 5155 5156
f 5155 5157 5156
f 5156 5157 5158
f 5157 5159 5158
f 5158 5159 5160
f 5159 5161 5160
f 5160 5161 5162
f 5161 5163 5162
f 5162 5163 5164
f 5163 5165 5164
f 5164 5165 5166
f 5165 5167 5166
f 5166 5167 5168
f 5167 5169 5168
f 5168 5169 5170
f 5169 5171 5170
f 5170 5171 5172
f 5171 5173 5172
f 5172 5173 5174
f 5173 5175 5174
f 5174 5175 5152
f 5175 5153 5152
f 4086 5176 2098
f 5176 2099 2098
f 3691 4232 3705
f 4232 4230 3705
f 3705 4230 3707
f 4230 4228 3707
f 3707 4228 3708
f 4228 4227 3708
f 3708 4227 3711
f 4227 4229 3711
f 3711 4229 3712
f 4229 4231 3712
f 3712 4231 3713
f 4231 4226 3713
f 3713 4226 3710
f 4226 4225 3710
f 3710 4225 3709
f 4225 4224 3709
f 3709 4224 3702
f 4224 4240 3702
f 3702 4240 3703
f 4240 4239 3703
f 3703 4239 3704
f 4239 4237 3704
f 3704 4237 3696
f 4237 4235 3696
f 3696 4235 3697
f 4235 4234 3697
f 3697 4234 3699
f 4234 4236 3699
f 3699 4236 3562
f 4236 4238 3562
f 3562 4238 3563
f 4238 4223 3563
f 3563 4223 3693
f 4223 4222 3693
f 3693 4222 3694
f 4222 4221 3694
f 3694 4221 3692
f 4221 4233 3692
f 3692 4233 3691
f 4233 4232 3691
f 5177 5178 5179
f 5178 5180 5179
f 5179 5180 5181
f 5180 5182 5181
f 5181 5182 5183
f 5182 5184 5183
f 5183 5184 5185
f 5184 5186 5185
f 5185 5186 5187
f 5186 5188 5187
f 5187 5188 5189
f 5188 5190 5189
f 5189 5190 5191
f 5190 5192 5191
f 5191 5192 5193
f 5192 5194 5193
f 5193 5194 5195
f 5194 5196 5195
f 5195 5196 5197
f 5196 5198 5197
f 5197 5198 5199
f 5198 5200 5199
f 5199 5200 5177
f 5200 5178 5177
f 5201 5202 5203
f 5202 5204 5203
f 5203 5204 5205
f 5204 5206 5205
f 5205 5206 5207
f 5206 5208 5207
f 5207 5208 5209
f 5208 5210 5209
f 5209 5210 5211
f 5210 5212 5211
f 5211 5212 5213
f 5212 5214 5213
f 5213 5214 5215
f 5214 5216 5215
f 5215 5216 5217
f 5216 5218 5217
f 5217 5218 5219
f 5218 5220 5219
f 5219 5220 5221
f 5220 5222 5221
f 5221 5222 5223
f 5222 5224 5223
f 5223 5224 5201
f 5224 5202 5201
f 5225 5226 5227
f 5226 5228 5227
f 5227 5228 5229
f 5228 5230 5229
f 5229 5230 5231
f 5230 5232 5231
f 5231 5232 5233
f 5232 5234 5233
f 5233 5234 5235
f 5234 5236 5235
f 5235 5236 5237
f 5236 5238 5237
f 5237 5238 5239
f 5238 5240 5239
f 5239 5240 5241
f 5240 5242 5241
f 5241 5242 5243
f 5242 5244 5243
f 5243 5244 5245
f 5244 5246 5245
f 5245 5246 5247
f 5246 5248 5247
f 5247 5248 5225
f 5248 5226 5225
f 5249 5250 5251
f 5250 5252 5251
f 5251 5252 5253
f 5252 5254 5253
f 5253 5254 5255
f 5254 5256 5255
f 5255 5256 5257
f 5256 5258 5257
f 5257 5258 5259
f 5258 5260 5259
f 5259 5260 5261
f 5260 5262 5261
f 5261 5262 5263
f 5262 5264 5263
f 5263 5264 5265
f 5264 5266 5265
f 5265 5266 5267
f 5266 5268 5267
f 5267 5268 5269
f 5268 5270 5269
f 5269 5270 5271
f 5270 5272 5271
f 5271 5272 5249
f 5272 5250 5249
f 5273 5274 5275
f 5274 5276 5275
f 5275 5276 5277
f 5276 5278 5277
f 5277 5278 5279
f 5278 5280 5279
f 5279 5280 5281
f 5280 5282 5281
f 5281 5282 5283
f 5282 5284 5283
f 5283 5284 5285
f 5284 5286 5285
f 5285 5286 5287
f 5286 5288 5287
f 5287 5288 5289
f 5288 5290 5289
f 5289 5290 5291
f 5290 5292 5291
f 5291 5292 5293
f 5292 5294 5293
f 5293 5294 5295
f 5294 5296 5295
f 5295 5296 5273
f 5296 5274 5273
f 5297 5298 5299
f 5298 5300 5299
f 5299 5300 5301
f 5300 5302 5301
f 5301 5302 5303
f 5302 5304 5303
f 5303 5304 5305
f 5304 5306 5305
f 5305 5306 5307
f 5306 5308 5307
f 5307 5308 5309
f 5308 5310 5309
f 5309 5310 5311
f 5310 5312 5311
f 5311 5312 5313
f 5312 5314 5313
f 5313 5314 5315
f 5314 5316 5315
f 5315 5316 5317
f 5316 5318 5317
f 5317 5318 5319
f 5318 5320 5319
f 5319 5320 5297
f 5320 5298 5297
f 5321 5322 5323
f 5322 5324 5323
f 5323 5324 5325
f 5324 5326 5325
f 5325 5326 5327
f 5326 5328 5327
f 5327 5328 5329
f 5328 5330 5329
f 5329 5330 5331
f 5330 5332 5331
f 5331 5332 5333
f 5332 5334 5333
f 5333 5334 5335
f 5334 5336 5335
f 5335 5336 5337
f 5336 5338 5337
f 5337 5338 5339
f 5338 5340 5339
f 5339 5340 5341
f 5340 5342 5341
f 5341 5342 5343
f 5342 5344 5343
f 5343 5344 5321
f 5344 5322 5321
f 5345 5346 5347
f 5346 5348 5347
f 5347 5348 5349
f 5348 5350 5349
f 5349 5350 5351
f 5350 5352 5351
f 5351 5352 5353
f 5352 5354 5353
f 5353 5354 5355
f 5354 5356 5355
f 5355 5356 5357
f 5356 5358 5357
f 5357 5358 5359
f 5358 5360 5359
f 5359 5360 5361
f 5360 5362 5361
f 5361 5362 5363
f 5362 5364 5363
f 5363 5364 5365
f 5364 5366 5365
f 5365 5366 5367
f 5366 5368 5367
f 5367 5368 5345
f 5368 5346 5345
f 5369 5370 5371
f 5370 5372 5371
f 5371 5372 5373
f 5372 5374 5373
f 5373 5374 5375
f 5374 5376 5375
f 5375 5376 5377
f 5376 5378 5377
f 5377 5378 5379
f 5378 5380 5379
f 5379 5380 5381
f 5380 5382 5381
f 5381 5382 5383
f 5382 5384 5383
f 5383 5384 5385
f 5384 5386 5385
f 5385 5386 5387
f 5386 5388 5387
f 5387 5388 5389
f 5388 5390 5389
f 5389 5390 5391
f 5390 5392 5391
f 5391 5392 5369
f 5392 5370 5369
f 5393 5394 5395
f 5394 5396 5395
f 5395 5396 5397
f 5396 5398 5397
f 5397 5398 5399
f 5398 5400 5399
f 5399 5400 5401
f 5400 5402 5401
f 5401 5402 5403
f 5402 5404 5403
f 5403 5404 5405
f 5404 5406 5405
f 5405 5406 5407
f 5406 5408 5407
f 5407 5408 5409
f 5408 5410 5409
f 5409 5410 5411
f 5410 5412 5411
f 5411 5412 5413
f 5412 5414 5413
f 5413 5414 5415
f 5414 5416 5415
f 5415 5416 5393
f 5416 5394 5393
f 5417 5418 5419
f 5418 5420 5419
f 5419 5420 5421
f 5420 5422 5421
f 5421 5422 5423
f 5422 5424 5423
f 5423 5424 5425
f 5424 5426 5425
f 5425 5426 5427
f 5426 5428 5427
f 5427 5428 5429
f 5428 5430 5429
f 5429 5430 5431
f 5430 5432 5431
f 5431 5432 5433
f 5432 5434 5433
f 5433 5434 5435
f 5434 5436 5435
f 5435 5436 5437
f 5436 5438 5437
f 5437 5438 5439
f 5438 5440 5439
f 5439 5440 5417
f 5440 5418 5417
f 5441 5442 5443
f 5442 5444 5443
f 5443 5444 5445
f 5444 5446 5445
f 5445 5446 5447
f 5446 5448 5447
f 5447 5448 5449
f 5448 5450 5449
f 5449 5450 5451
f 5450 5452 5451
f 5451 5452 5453
f 5452 5454 5453
f 5453 5454 5455
f 5454 5456 5455
f 5455 5456 5457
f 5456 5458 5457
f 5457 5458 5459
f 5458 5460 5459
f 5459 5460 5461
f 5460 5462 5461
f 5461 5462 5463
f 5462 5464 5463
f 5463 5464 5441
f 5464 5442 5441
f 5465 5466 5467
f 5466 5468 5467
f 5467 5468 5469
f 5468 5470 5469
f 5469 5470 5471
f 5470 5472 5471
f 5471 5472 5473
f 5472 5474 5473
f 5473 5474 5475
f 5474 5476 5475
f 5475 5476 5477
f 5476 5478 5477
f 5477 5478 5479
f 5478 5480 5479
f 5479 5480 5481
f 5480 5482 5481
f 5481 5482 5483
f 5482 5484 5483
f 5483 5484 5485
f 5484 5486 5485
f 5485 5486 5487
f 5486 5488 5487
f 5487 5488 5465
f 5488 5466 5465
f 5489 5490 5491
f 5490 5492 5491
f 5491 5492 5493
f 5492 5494 5493
f 5493 5494 5495
f 5494 5496 5495
f 5495 5496 5497
f 5496 5498 5497
f 5497 5498 5499
f 5498 5500 5499
f 5499 5500 5501
f 5500 5502 5501
f 5501 5502 5503
f 5502 5504 5503
f 5503 5504 5505
f 5504 5506 5505
f 5505 5506 5507
f 5506 5508 5507
f 5507 5508 5509
f 5508 5510 5509
f 5509 5510 5511
f 5510 5512 5511
f 5511 5512 5489
f 5512 5490 5489
f 5513 5514 5515
f 5514 5516 5515
f 5515 5516 5517
f 5516 5518 5517
f 5517 5518 5519
f 5518 5520 5519
f 5519 5520 5521
f 5520 5522 5521
f 5521 5522 5523
f 5522 5524 5523
f 5523 5524 5525
f 5524 5526 5525
f 5525 5526 5527
f 5526 5528 5527
f 5527 5528 5529
f 5528 5530 5529
f 5529 5530 5531
f 5530 5532 5531
f 5531 5532 5533
f 5532 5534 5533
f 5533 5534 5535
f 5534 5536 5535
f 5535 5536 5513
f 5536 5514 5513
f 5537 5538 5539
f 5538 5540 5539
f 5539 5540 5541
f 5540 5542 5541
f 5541 5542 5543
f 5542 5544 5543
f 5543 5544 5545
f 5544 5546 5545
f 5545 5546 5547
f 5546 5548 5547
f 5547 5548 5549
f 5548 5550 5549
f 5549 5550 5551
f 5550 5552 5551
f 5551 5552 5553
f 5552 5554 5553
f 5553 5554 5555
f 5554 5556 5555
f 5555 5556 5557
f 5556 5558 5557
f 5557 5558 5559
f 5558 5560 5559
f 5559 5560 5537
f 5560 5538 5537
f 5561 5562 5563
f 5562 5564 5563
f 5563 5564 5565
f 5564 5566 5565
f 5567 5568 5569
f 5568 5570 5569
f 5571 5572 5573
f 5572 5574 5573
f 5575 5576 5577
f 5576 5578 5577
f 5577 5578 5579
f 5578 5580 5579
f 5579 5580 5581
f 5580 5582 5581
f 5581 5582 5583
f 5582 5584 5583
f 5583 5584 5585
f 5584 5586 5585
f 5585 5586 5587
f 5586 5588 5587
f 5587 5588 5589
f 5588 5590 5589
f 5589 5590 5591
f 5590 5592 5591
f 5591 5592 5593
f 5592 5594 5593
f 5593 5594 5595
f 5594 5596 5595
f 5595 5596 5597
f 5596 5598 5597
f 5597 5598 5575
f 5598 5576 5575
f 5599 5600 5601
f 5600 5602 5601
f 5601 5602 5603
f 5604 5605 5601
f 5605 5606 5601
f 5601 5606 5599
f 5607 5608 5601
f 5608 5609 5601
f 5601 5609 5604
f 5603 5610 5601
f 5610 5611 5601
f 5601 5611 5607
f 5612 5613 5614
f 5613 5615 5614
f 5614 5615 5616
f 5615 5617 5616
f 5616 5617 5618
f 5617 5619 5618
f 5618 5619 5620
f 5619 5621 5620
f 5620 5621 5622
f 5621 5623 5622
f 5622 5623 5624
f 5623 5625 5624
f 5624 5625 5626
f 5625 5627 5626
f 5626 5627 5628
f 5627 5629 5628
f 5628 5629 5630
f 5629 5631 5630
f 5630 5631 5632
f 5631 5633 5632
f 5632 5633 5634
f 5633 5635 5634
f 5634 5635 5612
f 5635 5613 5612
f 5636 5637 5638
f 5637 5639 5638
f 5638 5639 5640
f 5639 5641 5640
f 5640 5641 5642
f 5641 5643 5642
f 5642 5643 5644
f 5643 5645 5644
f 5644 5645 5646
f 5645 5647 5646
f 5646 5647 5648
f 5647 5649 5648
f 5648 5649 5650
f 5649 5651 5650
f 5650 5651 5652
f 5651 5653 5652
f 5652 5653 5654
f 5653 5655 5654
f 5654 5655 5656
f 5655 5657 5656
f 5656 5657 5658
f 5657 5659 5658
f 5658 5659 5636
f 5659 5637 5636
f 5660 5661 5662
f 5661 5663 5662
f 5662 5663 5664
f 5663 5665 5664
f 5664 5665 5666
f 5665 5667 5666
f 5666 5667 5668
f 5667 5669 5668
f 5668 5669 5670
f 5669 5671 5670
f 5670 5671 5672
f 5671 5673 5672
f 5672 5673 5674
f 5673 5675 5674
f 5674 5675 5676
f 5675 5677 5676
f 5676 5677 5678
f 5677 5679 5678
f 5678 5679 5680
f 5679 5681 5680
f 5680 5681 5682
f 5681 5683 5682
f 5682 5683 5660
f 5683 5661 5660
f 5684 5685 5686
f 5685 5687 5686
f 5686 5687 5688
f 5687 5689 5688
f 5688 5689 5690
f 5689 5691 5690
f 5690 5691 5692
f 5691 5693 5692
f 5692 5693 5694
f 5693 5695 5694
f 5694 5695 5696
f 5695 5697 5696
f 5696 5697 5698
f 5697 5699 5698
f 5698 5699 5700
f 5699 5701 5700
f 5700 5701 5702
f 5701 5703 5702
f 5702 5703 5704
f 5703 5705 5704
f 5704 5705 5706
f 5705 5707 5706
f 5706 5707 5684
f 5707 5685 5684
f 5708 5709 5710
f 5711 5712 5710
f 5712 5713 5710
f 5710 5713 5708
f 5714 5715 5716
f 5708 5717 5709
f 5717 5718 5709
f 5709 5718 5716
f 5718 5719 5716
f 5716 5719 5714
f 5720 5721 5711
f 5721 5722 5711
f 5711 5722 5712
f 5714 5723 5715
f 5723 5724 5715
f 5715 5724 5720
f 5724 5725 5720
f 5720 5725 5721
f 5726 5727 5728
f 5727 5729 5728
f 5730 5731 5732
f 5731 5733 5732
f 5734 5735 5736
f 5735 5737 5736
f 5738 5739 5740
f 5739 5741 5740
f 5742 5743 5744
f 5743 5745 5744
f 5744 5745 5746
f 5747 5748 5744
f 5748 5749 5744
f 5744 5749 5742
f 5750 5751 5744
f 5751 5752 5744
f 5744 5752 5747
f 5746 5753 5744
f 5753 5754 5744
f 5744 5754 5750
f 5755 5756 5757
f 5756 5758 5757
f 5757 5758 5759
f 5758 5760 5759
f 5759 5760 5761
f 5760 5762 5761
f 5761 5762 5763
f 5762 5764 5763
f 5763 5764 5765
f 5764 5766 5765
f 5765 5766 5767
f 5766 5768 5767
f 5767 5768 5769
f 5768 5770 5769
f 5769 5770 5771
f 5770 5772 5771
f 5771 5772 5773
f 5772 5774 5773
f 5773 5774 5775
f 5774 5776 5775
f 5775 5776 5777
f 5776 5778 5777
f 5777 5778 5755
f 5778 5756 5755
f 5779 5780 5781
f 5780 5782 5781
f 5781 5782 5783
f 5782 5784 5783
f 5783 5784 5785
f 5784 5786 5785
f 5785 5786 5787
f 5786 5788 5787
f 5787 5788 5789
f 5788 5790 5789
f 5789 5790 5791
f 5790 5792 5791
f 5791 5792 5793
f 5792 5794 5793
f 5793 5794 5795
f 5794 5796 5795
f 5795 5796 5797
f 5796 5798 5797
f 5797 5798 5799
f 5798 5800 5799
f 5799 5800 5801
f 5800 5802 5801
f 5801 5802 5779
f 5802 5780 5779
f 5803 5804 5805
f 5804 5806 5805
f 5805 5806 5807
f 5806 5808 5807
f 5807 5808 5809
f 5808 5810 5809
f 5809 5810 5811
f 5810 5812 5811
f 5811 5812 5813
f 5812 5814 5813
f 5813 5814 5815
f 5814 5816 5815
f 5815 5816 5817
f 5816 5818 5817
f 5817 5818 5819
f 5818 5820 5819
f 5819 5820 5821
f 5820 5822 5821
f 5821 5822 5823
f 5822 5824 5823
f 5823 5824 5825
f 5824 5826 5825
f 5825 5826 5803
f 5826 5804 5803
f 5827 5828 5829
f 5828 5830 5829
f 5829 5830 5831
f 5830 5832 5831
f 5831 5832 5833
f 5832 5834 5833
f 5833 5834 5835
f 5834 5836 5835
f 5835 5836 5837
f 5836 5838 5837
f 5837 5838 5839
f 5838 5840 5839
f 5839 5840 5841
f 5840 5842 5841
f 5841 5842 5843
f 5842 5844 5843
f 5843 5844 5845
f 5844 5846 5845
f 5845 5846 5847
f 5846 5848 5847
f 5847 5848 5849
f 5848 5850 5849
f 5849 5850 5827
f 5850 5828 5827
f 5851 5852 5853
f 5852 5854 5853
f 5853 5854 5855
f 5854 5856 5855
f 5855 5856 5857
f 5856 5858 5857
f 5857 5858 5859
f 5858 5860 5859
f 5859 5860 5861
f 5860 5862 5861
f 5861 5862 5863
f 5862 5864 5863
f 5863 5864 5865
f 5864 5866 5865
f 5865 5866 5867
f 5866 5868 5867
f 5867 5868 5869
f 5868 5870 5869
f 5869 5870 5871
f 5870 5872 5871
f 5871 5872 5873
f 5872 5874 5873
f 5873 5874 5851
f 5874 5852 5851
f 5875 5876 5877
f 5878 5879 5877
f 5879 5880 5877
f 5877 5880 5875
f 5875 5881 5876
f 5881 5882 5876
f 5876 5882 5883
f 5882 5884 5883
f 5884 5885 5883
f 5883 5885 5886
f 5887 5888 5878
f 5888 5889 5878
f 5878 5889 5879
f 5885 5890 5886
f 5890 5891 5886
f 5886 5891 5887
f 5891 5892 5887
f 5887 5892 5888
f 5893 5894 5895
f 5894 5896 5895
f 5897 5898 5899
f 5898 5900 5899
f 5901 5902 5903
f 5902 5904 5903
f 5905 5906 5907
f 5906 5908 5907
f 5909 5910 5911
f 5910 5912 5911
f 5913 5914 5915
f 5914 5916 5915
f 5917 5918 5919
f 5918 5920 5919
f 5919 5920 5921
f 5920 5922 5921
f 5923 5924 5925
f 5923 5925 5926
f 5925 5927 5926
f 5926 5927 5928
f 5927 5929 5928
f 5928 5929 5930
f 5931 5932 5933
f 5932 5934 5933
f 5935 5936 5937
f 5936 5938 5937
f 5939 5940 5941
f 5940 5942 5941
f 5943 5944 5945
f 5944 5946 5945
f 5945 5946 5947
f 5946 5948 5947
f 5947 5948 5949
f 5948 5950 5949
f 5949 5950 5951
f 5950 5952 5951
f 5951 5952 5953
f 5952 5954 5953
f 5953 5954 5955
f 5954 5956 5955
f 5955 5956 5957
f 5956 5958 5957
f 5957 5958 5959
f 5958 5960 5959
f 5959 5960 5961
f 5960 5962 5961
f 5961 5962 5963
f 5962 5964 5963
f 5963 5964 5965
f 5964 5966 5965
f 5965 5966 5943
f 5966 5944 5943
f 5967 5968 5969
f 5968 5970 5969
f 5969 5970 5971
f 5972 5973 5974
f 5975 5976 5977
f 5976 5978 5977
f 5979 5977 5980
f 5977 5978 5980
f 5980 5978 5981
f 5978 5982 5981
f 5981 5982 5974
f 5982 5983 5974
f 5974 5983 5972
f 5984 5985 5986
f 5985 5987 5986
f 5986 5987 5988
f 5987 5989 5988
f 5988 5989 5990
f 5991 5992 5990
f 5992 5979 5990
f 5990 5979 5988
f 5979 5980 5988
f 5934 5932 5993
f 5934 5993 5994
f 5993 5995 5994
f 5994 5995 5996
f 5995 5997 5996
f 5996 5997 5998
f 5999 6000 6001
f 6000 6002 6001
f 6002 6000 6003
f 6000 6004 6003
f 6003 6004 6005
f 6004 6006 6005
f 6006 6007 6005
f 6005 6007 6008
f 6009 6010 6011
f 6009 6011 6012
f 6013 6014 6015
f 6014 6016 6015
f 6017 6018 6019
f 6018 6020 6019
f 6019 6020 6021
f 6020 6022 6021
f 6021 6022 6023
f 6022 6024 6023
f 6023 6024 6025
f 6024 6026 6025
f 6025 6026 6027
f 6026 6015 6027
f 6027 6015 6028
f 6015 6016 6028
f 6028 6016 6029
f 6016 6030 6029
f 6029 6030 6031
f 6031 6030 6032
f 6030 6033 6032
f 6032 6033 6034
f 6033 6012 6034
f 6034 6012 6035
f 6012 6011 6035
f 6035 6011 6017
f 6011 6036 6017
f 6017 6036 6018
f 6037 6038 6039
f 6038 6040 6039
f 6039 6040 6041
f 6040 6042 6041
f 6041 6042 6043
f 6042 6044 6043
f 6045 6046 6047
f 6048 6049 6050
f 6049 6043 6050
f 6050 6043 6047
f 6043 6044 6047
f 6047 6044 6045
f 6051 6052 6053
f 6052 6054 6053
f 6054 6052 6055
f 6052 6056 6055
f 6055 6056 6057
f 6056 6058 6057
f 6058 6059 6057
f 6057 6059 6060
f 5931 5933 6061
f 5931 6061 6062
f 6061 6063 6062
f 6062 6063 6064
f 6063 6065 6064
f 6064 6065 6066
f 6067 6068 6069
f 6067 6069 6070
f 6069 6071 6070
f 6071 6072 6070
f 6070 6072 6073
f 6073 6072 6074
f 6072 6075 6074
f 6074 6075 6076
f 6077 6078 6079
f 6078 6080 6079
f 6080 6078 6081
f 6078 6082 6081
f 6081 6082 6083
f 6082 6084 6083
f 6084 6085 6083
f 6083 6085 6086
f 6087 6088 6089
f 6090 6091 6092
f 6091 6093 6092
f 6092 6093 6094
f 6093 6095 6094
f 6094 6095 6096
f 6095 6097 6096
f 6096 6097 6089
f 6097 6098 6089
f 6089 6098 6087
f 6099 6100 6101
f 6100 6102 6101
f 6101 6102 6103
f 6104 6105 6106
f 6105 6107 6106
f 6108 6109 6110
f 6109 6111 6110
f 6112 6113 6114
f 6115 6116 6117
f 6116 6112 6117
f 6117 6112 6118
f 6112 6114 6118
f 6119 6120 6121
f 6122 6123 6124
f 6123 6125 6124
f 6126 6119 6127
f 6119 6121 6127
f 6127 6121 6128
f 6121 6129 6128
f 6130 6131 6132
f 6131 6133 6132
f 6132 6133 6134
f 6125 6129 6124
f 6129 6121 6124
f 6124 6121 6133
f 6121 6135 6133
f 6133 6135 6134
f 6135 6136 6134
f 6134 6136 6137
f 6138 6139 6140
f 6141 6138 6142
f 6138 6140 6142
f 6142 6140 6143
f 6140 6144 6143
f 6145 6146 6147
f 6146 6148 6147
f 6149 6150 6151
f 6150 6152 6151
f 6151 6152 6153
f 6149 6154 6150
f 6154 6155 6150
f 6150 6155 6156
f 6155 6157 6156
f 6156 6157 6158
f 6159 6160 6161
f 6160 6162 6161
f 6161 6162 6163
f 6164 6165 6166
f 6165 6167 6166
f 6166 6167 6168
f 6167 6161 6168
f 6168 6161 6169
f 6161 6163 6169
f 6169 6163 6170
f 6171 6172 6173
f 6172 6167 6173
f 6173 6167 6174
f 6167 6165 6174
f 6175 6176 6177
f 6176 6178 6177
f 6179 6180 6181
f 6182 6183 6184
f 6183 6179 6184
f 6184 6179 6185
f 6179 6181 6185
f 6186 6187 6188
f 6189 6190 6191
f 6190 6192 6191
f 6191 6192 6193
f 6192 6194 6193
f 6195 6196 6188
f 6196 6197 6188
f 6188 6197 6186
f 6198 6199 6200
f 6201 6202 6203
f 6202 6198 6203
f 6203 6198 6204
f 6198 6200 6204
f 6204 6200 6205
f 6200 6206 6205
f 6205 6206 6195
f 6206 6193 6195
f 6195 6193 6196
f 6193 6194 6196
f 6207 6208 6209
f 6208 6210 6209
f 6211 6212 6213
f 6212 6214 6213
f 6213 6214 6215
f 6216 6217 6213
f 6217 6218 6213
f 6213 6218 6211
f 6219 6220 6213
f 6220 6221 6213
f 6213 6221 6216
f 6215 6222 6213
f 6222 6223 6213
f 6213 6223 6219
f 5942 5940 6176
f 5940 6178 6176
f 6157 6224 6158
f 6224 6225 6158
f 6225 6226 6158
f 6226 6227 6158
f 6158 6227 6228
f 6229 6230 6231
f 6230 6232 6231
f 6233 6234 6235
f 6234 6236 6235
f 6235 6236 6237
f 6235 6238 6233
f 6238 6239 6233
f 6233 6239 6240
f 6239 6241 6240
f 6240 6241 6242
f 6241 6243 6242
f 6244 6245 6246
f 6247 6248 6249
f 6250 6251 6252
f 6251 6247 6252
f 6252 6247 6253
f 6247 6249 6253
f 6245 6254 6246
f 6254 6255 6246
f 6246 6255 6247
f 6255 6256 6247
f 6247 6256 6248
f 6257 6258 6246
f 6258 6259 6246
f 6246 6259 6244
f 6260 6261 6262
f 6261 6263 6262
f 6263 6261 6264
f 6261 6265 6264
f 6264 6265 6266
f 6265 6267 6266
f 6267 6268 6266
f 6266 6268 6269
f 6270 6271 6272
f 6270 6272 6273
f 6272 6274 6273
f 6273 6274 6275
f 6274 6241 6275
f 6275 6241 6239
f 6276 6242 6277
f 6242 6243 6277
f 5923 6271 5924
f 6271 6270 5924
f 6278 6279 6280
f 6279 6281 6280
f 6280 6281 6282
f 6281 6283 6282
f 6282 6283 6284
f 6283 6285 6284
f 6284 6285 6286
f 6285 6287 6286
f 6286 6287 6288
f 6287 6289 6288
f 6288 6289 6290
f 6289 6291 6290
f 6290 6291 6292
f 6291 6293 6292
f 6292 6293 6294
f 6293 6295 6294
f 6294 6295 6296
f 6295 6297 6296
f 6296 6297 6298
f 6297 6299 6298
f 6298 6299 6300
f 6299 6301 6300
f 6300 6301 6278
f 6301 6279 6278
f 6175 6177 6302
f 6175 6302 6303
f 6302 6304 6303
f 6303 6304 6305
f 6304 6306 6305
f 6305 6306 6307
f 6306 6308 6307
f 6307 6308 6309
f 6308 6310 6309
f 6309 6310 6311
f 6310 6312 6311
f 6312 6313 6311
f 6311 6313 6314
f 6313 6315 6314
f 6314 6315 6316
f 6315 6317 6316
f 6316 6317 6318
f 6317 6319 6318
f 6318 6319 6320
f 6319 6321 6320
f 6320 6321 6322
f 6321 6323 6322
f 6322 6323 6324
f 6323 6175 6324
f 6324 6175 6325
f 6175 6303 6325
f 6326 6327 6328
f 6327 6329 6328
f 6330 6331 6332
f 6331 6333 6332
f 6332 6333 6334
f 6333 6335 6334
f 6335 6066 6334
f 6334 6066 6065
f 6336 6337 6065
f 6337 6338 6065
f 6065 6338 6334
f 6339 6340 6277
f 6340 6276 6277
f 6341 6342 6343
f 6342 6344 6343
f 6343 6344 6345
f 6346 6347 6343
f 6347 6348 6343
f 6343 6348 6341
f 6349 6350 6343
f 6350 6351 6343
f 6343 6351 6346
f 6345 6352 6343
f 6352 6353 6343
f 6343 6353 6349
f 6354 6355 6356
f 6355 6357 6356
f 6356 6357 6358
f 6357 6359 6358
f 6358 6359 6360
f 6359 6361 6360
f 6360 6361 6362
f 6361 6363 6362
f 6362 6363 6364
f 6363 6365 6364
f 6364 6365 6366
f 6365 6367 6366
f 6366 6367 6368
f 6367 6369 6368
f 6368 6369 6370
f 6369 6371 6370
f 6370 6371 6372
f 6371 6373 6372
f 6372 6373 6374
f 6373 6375 6374
f 6374 6375 6376
f 6375 6377 6376
f 6376 6377 6354
f 6377 6355 6354
f 6378 6379 6380
f 6379 6381 6380
f 6380 6381 6382
f 6381 6383 6382
f 6382 6383 6384
f 6383 6385 6384
f 6384 6385 6386
f 6385 6387 6386
f 6386 6387 6388
f 6387 6389 6388
f 6388 6389 6390
f 6389 6391 6390
f 6390 6391 6392
f 6391 6393 6392
f 6392 6393 6394
f 6393 6395 6394
f 6394 6395 6396
f 6395 6397 6396
f 6396 6397 6398
f 6397 6399 6398
f 6398 6399 6400
f 6399 6401 6400
f 6400 6401 6378
f 6401 6379 6378
f 6402 6403 6404
f 6403 6405 6404
f 6404 6405 6406
f 6405 6407 6406
f 6406 6407 6408
f 6407 6409 6408
f 6408 6409 6410
f 6409 6411 6410
f 6410 6411 6412
f 6411 6413 6412
f 6412 6413 6414
f 6413 6415 6414
f 6414 6415 6416
f 6415 6417 6416
f 6416 6417 6418
f 6417 6419 6418
f 6418 6419 6420
f 6419 6421 6420
f 6420 6421 6422
f 6421 6423 6422
f 6422 6423 6424
f 6423 6425 6424
f 6424 6425 6402
f 6425 6403 6402
f 6426 6427 6428
f 6427 6429 6428
f 6428 6429 6430
f 6429 6431 6430
f 6430 6431 6432
f 6431 6433 6432
f 6432 6433 6434
f 6433 6435 6434
f 6434 6435 6436
f 6435 6437 6436
f 6436 6437 6438
f 6437 6439 6438
f 6438 6439 6440
f 6439 6441 6440
f 6440 6441 6442
f 6441 6443 6442
f 6442 6443 6444
f 6443 6445 6444
f 6444 6445 6446
f 6445 6447 6446
f 6446 6447 6448
f 6447 6449 6448
f 6448 6449 6426
f 6449 6427 6426
f 6450 6451 6452
f 6453 6454 6455
f 6456 6457 6452
f 6457 6458 6452
f 6452 6458 6450
f 6453 6459 6454
f 6459 6460 6454
f 6454 6460 6456
f 6460 6461 6456
f 6456 6461 6457
f 6462 6463 6455
f 6463 6464 6455
f 6455 6464 6453
f 6450 6465 6451
f 6465 6466 6451
f 6451 6466 6462
f 6466 6467 6462
f 6462 6467 6463
f 6468 6469 6470
f 6469 6471 6470
f 6472 6473 6474
f 6473 6475 6474
f 6476 6477 6478
f 6477 6479 6478
f 6480 6481 6482
f 6481 6483 6482
f 6484 6485 6486
f 6485 6487 6486
f 6488 6489 6490
f 6489 6491 6490
f 6492 6493 6494
f 6493 6495 6494
f 6494 6495 6496
f 6495 6497 6496
f 6498 6499 6500
f 6499 6501 6500
f 6500 6501 6502
f 6501 6503 6502
f 6502 6503 6504
f 6503 6505 6504
f 6504 6505 6506
f 6505 6507 6506
f 6506 6507 6508
f 6507 6509 6508
f 6508 6509 6510
f 6509 6511 6510
f 6510 6511 6512
f 6511 6513 6512
f 6512 6513 6514
f 6513 6515 6514
f 6514 6515 6516
f 6515 6517 6516
f 6516 6517 6518
f 6517 6519 6518
f 6518 6519 6520
f 6519 6521 6520
f 6520 6521 6498
f 6521 6499 6498
f 6522 6523 6524
f 6523 6525 6524
f 6524 6525 6526
f 6527 6528 6524
f 6528 6529 6524
f 6524 6529 6522
f 6530 6531 6524
f 6531 6532 6524
f 6524 6532 6527
f 6526 6533 6524
f 6533 6534 6524
f 6524 6534 6530
f 6535 6536 6537
f 6536 6538 6537
f 6537 6538 6539
f 6538 6540 6539
f 6541 6542 6543
f 6542 6544 6543
f 6543 6544 6545
f 6544 6546 6545
f 6545 6546 6547
f 6546 6548 6547
f 6547 6548 6549
f 6548 6550 6549
f 6549 6550 6551
f 6550 6552 6551
f 6551 6552 6553
f 6552 6554 6553
f 6553 6554 6555
f 6554 6556 6555
f 6555 6556 6557
f 6556 6558 6557
f 6557 6558 6559
f 6558 6560 6559
f 6559 6560 6561
f 6560 6562 6561
f 6561 6562 6563
f 6562 6564 6563
f 6563 6564 6541
f 6564 6542 6541
f 6565 6566 6567
f 6566 6568 6567
f 6567 6568 6569
f 6570 6571 6567
f 6571 6572 6567
f 6567 6572 6565
f 6573 6574 6567
f 6574 6575 6567
f 6567 6575 6570
f 6569 6576 6567
f 6576 6577 6567
f 6567 6577 6573
f 6578 6579 6580
f 6579 6581 6580
f 6580 6581 6582
f 6581 6583 6582
f 6582 6583 6584
f 6583 6585 6584
f 6584 6585 6586
f 6585 6587 6586
f 6586 6587 6588
f 6587 6589 6588
f 6588 6589 6590
f 6589 6591 6590
f 6590 6591 6592
f 6591 6593 6592
f 6592 6593 6594
f 6593 6595 6594
f 6594 6595 6596
f 6595 6597 6596
f 6596 6597 6598
f 6597 6599 6598
f 6598 6599 6600
f 6599 6601 6600
f 6600 6601 6578
f 6601 6579 6578
f 6602 6603 6604
f 6603 6605 6604
f 6604 6605 6606
f 6605 6607 6606
f 6606 6607 6608
f 6607 6609 6608
f 6608 6609 6610
f 6609 6611 6610
f 6610 6611 6612
f 6611 6613 6612
f 6612 6613 6614
f 6613 6615 6614
f 6614 6615 6616
f 6615 6617 6616
f 6616 6617 6618
f 6617 6619 6618
f 6618 6619 6620
f 6619 6621 6620
f 6620 6621 6622
f 6621 6623 6622
f 6622 6623 6624
f 6623 6625 6624
f 6624 6625 6602
f 6625 6603 6602
f 6626 6627 6628
f 6627 6629 6628
f 6628 6629 6630
f 6629 6631 6630
f 6630 6631 6632
f 6631 6633 6632
f 6632 6633 6634
f 6633 6635 6634
f 6634 6635 6636
f 6635 6637 6636
f 6636 6637 6638
f 6637 6639 6638
f 6638 6639 6640
f 6639 6641 6640
f 6640 6641 6642
f 6641 6643 6642
f 6642 6643 6644
f 6643 6645 6644
f 6644 6645 6646
f 6645 6647 6646
f 6646 6647 6648
f 6647 6649 6648
f 6648 6649 6626
f 6649 6627 6626
f 6650 6651 6652
f 6651 6653 6652
f 6652 6653 6654
f 6653 6655 6654
f 6654 6655 6656
f 6655 6657 6656
f 6656 6657 6658
f 6657 6659 6658
f 6658 6659 6660
f 6659 6661 6660
f 6660 6661 6662
f 6661 6663 6662
f 6662 6663 6664
f 6663 6665 6664
f 6664 6665 6666
f 6665 6667 6666
f 6666 6667 6668
f 6667 6669 6668
f 6668 6669 6670
f 6669 6671 6670
f 6670 6671 6672
f 6671 6673 6672
f 6672 6673 6650
f 6673 6651 6650
f 6674 6675 6676
f 6674 6677 6675
f 6677 6678 6675
f 6675 6678 6679
f 6680 6681 6676
f 6681 6682 6676
f 6676 6682 6674
f 6683 6684 6680
f 6684 6685 6680
f 6680 6685 6681
f 6686 6687 6683
f 6687 6688 6683
f 6683 6688 6684
f 6678 6689 6679
f 6689 6690 6679
f 6679 6690 6686
f 6690 6691 6686
f 6686 6691 6687
f 6692 6693 6694
f 6693 6695 6694
f 6696 6697 6698
f 6697 6699 6698
f 6700 6701 6702
f 6701 6703 6702
f 6704 6705 6706
f 6705 6707 6706
f 6708 6709 6710
f 6709 6711 6710
f 6712 6713 6714
f 6713 6715 6714
f 6716 6717 6718
f 6719 6720 6717
f 6720 6721 6717
f 6717 6721 6718
f 6722 6723 6719
f 6723 6724 6719
f 6719 6724 6720
f 6725 6726 6722
f 6726 6727 6722
f 6722 6727 6723
f 6728 6729 6725
f 6729 6730 6725
f 6725 6730 6726
f 6718 6731 6716
f 6731 6732 6716
f 6716 6732 6728
f 6732 6733 6728
f 6728 6733 6729
f 6734 6735 6736
f 6735 6737 6736
f 6736 6737 6738
f 6737 6739 6738
f 6738 6739 6740
f 6739 6741 6740
f 6740 6741 6742
f 6741 6743 6742
f 6742 6743 6744
f 6743 6745 6744
f 6744 6745 6746
f 6745 6747 6746
f 6746 6747 6748
f 6747 6749 6748
f 6748 6749 6750
f 6749 6751 6750
f 6750 6751 6752
f 6751 6753 6752
f 6752 6753 6754
f 6753 6755 6754
f 6754 6755 6756
f 6755 6757 6756
f 6756 6757 6734
f 6757 6735 6734
f 6758 6759 6760
f 6759 6761 6760
f 6760 6761 6762
f 6761 6763 6762
f 6762 6763 6764
f 6763 6765 6764
f 6764 6765 6766
f 6765 6767 6766
f 6766 6767 6768
f 6767 6769 6768
f 6768 6769 6770
f 6769 6771 6770
f 6770 6771 6772
f 6771 6773 6772
f 6772 6773 6774
f 6773 6775 6774
f 6774 6775 6776
f 6775 6777 6776
f 6776 6777 6778
f 6777 6779 6778
f 6778 6779 6780
f 6779 6781 6780
f 6780 6781 6758
f 6781 6759 6758
f 6782 6783 6784
f 6783 6785 6784
f 6786 6787 6788
f 6787 6789 6788
f 6790 6791 6792
f 6791 6793 6792
f 6794 6795 6796
f 6795 6797 6796
f 6798 6799 6800
f 6799 6801 6800
f 6802 6803 6804
f 6803 6805 6804
f 6806 6807 6808
f 6807 6809 6808
f 6808 6809 6810
f 6809 6811 6810
f 6812 6813 6814
f 6813 6815 6814
f 6814 6815 6816
f 6815 6817 6816
f 6816 6817 6818
f 6817 6819 6818
f 6818 6819 6820
f 6819 6821 6820
f 6820 6821 6822
f 6821 6823 6822
f 6822 6823 6824
f 6823 6825 6824
f 6824 6825 6826
f 6825 6827 6826
f 6826 6827 6828
f 6827 6829 6828
f 6828 6829 6830
f 6829 6831 6830
f 6830 6831 6832
f 6831 6833 6832
f 6832 6833 6834
f 6833 6835 6834
f 6834 6835 6812
f 6835 6813 6812
f 6836 6837 6838
f 6837 6839 6838
f 6838 6839 6840
f 6841 6842 6838
f 6842 6843 6838
f 6838 6843 6836
f 6844 6845 6838
f 6845 6846 6838
f 6838 6846 6841
f 6840 6847 6838
f 6847 6848 6838
f 6838 6848 6844
f 6849 6850 6851
f 6850 6852 6851
f 6851 6852 6853
f 6852 6854 6853
f 6853 6854 6855
f 6854 6856 6855
f 6855 6856 6857
f 6856 6858 6857
f 6857 6858 6859
f 6858 6860 6859
f 6859 6860 6861
f 6860 6862 6861
f 6861 6862 6863
f 6862 6864 6863
f 6863 6864 6865
f 6864 6866 6865
f 6865 6866 6867
f 6866 6868 6867
f 6867 6868 6869
f 6868 6870 6869
f 6869 6870 6871
f 6870 6872 6871
f 6871 6872 6849
f 6872 6850 6849
f 6873 6874 6875
f 6874 6876 6875
f 6875 6876 6877
f 6876 6878 6877
f 6877 6878 6879
f 6878 6880 6879
f 6879 6880 6881
f 6880 6882 6881
f 6881 6882 6883
f 6882 6884 6883
f 6883 6884 6885
f 6884 6886 6885
f 6885 6886 6887
f 6886 6888 6887
f 6887 6888 6889
f 6888 6890 6889
f 6889 6890 6891
f 6890 6892 6891
f 6891 6892 6893
f 6892 6894 6893
f 6893 6894 6895
f 6894 6896 6895
f 6895 6896 6873
f 6896 6874 6873
f 6897 6898 6899
f 6898 6900 6899
f 6899 6900 6901
f 6900 6902 6901
f 6901 6902 6903
f 6902 6904 6903
f 6903 6904 6905
f 6904 6906 6905
f 6905 6906 6907
f 6906 6908 6907
f 6907 6908 6909
f 6908 6910 6909
f 6909 6910 6911
f 6910 6912 6911
f 6911 6912 6913
f 6912 6914 6913
f 6913 6914 6915
f 6914 6916 6915
f 6915 6916 6917
f 6916 6918 6917
f 6917 6918 6919
f 6918 6920 6919
f 6919 6920 6897
f 6920 6898 6897
f 6921 6922 6923
f 6922 6924 6923
f 6923 6924 6925
f 6924 6926 6925
f 6925 6926 6927
f 6926 6928 6927
f 6927 6928 6929
f 6928 6930 6929
f 6929 6930 6931
f 6930 6932 6931
f 6931 6932 6933
f 6932 6934 6933
f 6933 6934 6935
f 6934 6936 6935
f 6935 6936 6937
f 6936 6938 6937
f 6937 6938 6939
f 6938 6940 6939
f 6939 6940 6941
f 6940 6942 6941
f 6941 6942 6943
f 6942 6944 6943
f 6943 6944 6921
f 6944 6922 6921
f 6945 6946 6947
f 6946 6948 6947
f 6947 6948 6949
f 6948 6950 6949
f 6949 6950 6951
f 6950 6952 6951
f 6951 6952 6953
f 6952 6954 6953
f 6953 6954 6955
f 6954 6956 6955
f 6955 6956 6957
f 6956 6958 6957
f 6957 6958 6959
f 6958 6960 6959
f 6959 6960 6961
f 6960 6962 6961
f 6961 6962 6963
f 6962 6964 6963
f 6963 6964 6965
f 6964 6966 6965
f 6965 6966 6967
f 6966 6968 6967
f 6967 6968 6945
f 6968 6946 6945
f 6969 6970 6971
f 6970 6972 6971
f 6971 6972 6973
f 6972 6974 6973
f 6973 6974 6975
f 6974 6976 6975
f 6975 6976 6977
f 6976 6978 6977
f 6977 6978 6979
f 6978 6980 6979
f 6979 6980 6981
f 6980 6982 6981
f 6981 6982 6983
f 6982 6984 6983
f 6983 6984 6985
f 6984 6986 6985
f 6985 6986 6987
f 6986 6988 6987
f 6987 6988 6989
f 6988 6990 6989
f 6989 6990 6991
f 6990 6992 6991
f 6991 6992 6969
f 6992 6970 6969
f 6993 6994 6995
f 6994 6996 6995
f 6995 6996 6997
f 6996 6998 6997
f 6997 6998 6999
f 6998 7000 6999
f 6999 7000 7001
f 7000 7002 7001
f 7001 7002 7003
f 7002 7004 7003
f 7003 7004 7005
f 7004 7006 7005
f 7005 7006 7007
f 7006 7008 7007
f 7007 7008 7009
f 7008 7010 7009
f 7009 7010 7011
f 7010 7012 7011
f 7011 7012 7013
f 7012 7014 7013
f 7013 7014 7015
f 7014 7016 7015
f 7015 7016 6993
f 7016 6994 6993
f 7017 7018 7019
f 7018 7020 7019
f 7019 7020 7021
f 7020 7022 7021
f 7021 7022 7023
f 7022 7024 7023
f 7023 7024 7025
f 7024 7026 7025
f 7025 7026 7027
f 7026 7028 7027
f 7027 7028 7029
f 7028 7030 7029
f 7029 7030 7031
f 7030 7032 7031
f 7031 7032 7033
f 7032 7034 7033
f 7033 7034 7035
f 7034 7036 7035
f 7035 7036 7037
f 7036 7038 7037
f 7037 7038 7039
f 7038 7040 7039
f 7039 7040 7017
f 7040 7018 7017
f 7041 7042 7043
f 7042 7044 7043
f 7043 7044 7045
f 7044 7046 7045
f 7045 7046 7047
f 7046 7048 7047
f 7047 7048 7049
f 7048 7050 7049
f 7049 7050 7051
f 7050 7052 7051
f 7051 7052 7053
f 7052 7054 7053
f 7053 7054 7055
f 7054 7056 7055
f 7055 7056 7057
f 7056 7058 7057
f 7057 7058 7059
f 7058 7060 7059
f 7059 7060 7061
f 7060 7062 7061
f 7061 7062 7063
f 7062 7064 7063
f 7063 7064 7041
f 7064 7042 7041
f 7065 7066 7067
f 7066 7068 7067
f 7067 7068 7069
f 7068 7070 7069
f 7069 7070 7071
f 7070 7072 7071
f 7071 7072 7073
f 7072 7074 7073
f 7073 7074 7075
f 7074 7076 7075
f 7075 7076 7077
f 7076 7078 7077
f 7077 7078 7079
f 7078 7080 7079
f 7079 7080 7081
f 7080 7082 7081
f 7081 7082 7083
f 7082 7084 7083
f 7083 7084 7085
f 7084 7086 7085
f 7085 7086 7087
f 7086 7088 7087
f 7087 7088 7065
f 7088 7066 7065
f 7089 7090 7091
f 7090 7092 7091
f 7091 7092 7093
f 7092 7094 7093
f 7093 7094 7095
f 7094 7096 7095
f 7095 7096 7097
f 7096 7098 7097
f 7097 7098 7099
f 7098 7100 7099
f 7099 7100 7101
f 7100 7102 7101
f 7101 7102 7103
f 7102 7104 7103
f 7103 7104 7105
f 7104 7106 7105
f 7105 7106 7107
f 7106 7108 7107
f 7107 7108 7109
f 7108 7110 7109
f 7109 7110 7111
f 7110 7112 7111
f 7111 7112 7089
f 7112 7090 7089
f 7113 7114 7115
f 7114 7116 7115
f 7115 7116 7117
f 7116 7118 7117
f 7117 7118 7119
f 7118 7120 7119
f 7119 7120 7121
f 7120 7122 7121
f 7121 7122 7123
f 7122 7124 7123
f 7123 7124 7125
f 7124 7126 7125
f 7125 7126 7127
f 7126 7128 7127
f 7127 7128 7129
f 7128 7130 7129
f 7129 7130 7131
f 7130 7132 7131
f 7131 7132 7133
f 7132 7134 7133
f 7133 7134 7135
f 7134 7136 7135
f 7135 7136 7113
f 7136 7114 7113
f 7137 7138 7139
f 7138 7140 7139
f 7139 7140 7141
f 7140 7142 7141
f 7141 7142 7143
f 7142 7144 7143
f 7143 7144 7145
f 7144 7146 7145
f 7145 7146 7147
f 7146 7148 7147
f 7147 7148 7149
f 7148 7150 7149
f 7149 7150 7151
f 7150 7152 7151
f 7151 7152 7153
f 7152 7154 7153
f 7153 7154 7155
f 7154 7156 7155
f 7155 7156 7157
f 7156 7158 7157
f 7157 7158 7159
f 7158 7160 7159
f 7159 7160 7137
f 7160 7138 7137
f 7161 7162 7163
f 7162 7164 7163
f 7163 7164 7165
f 7164 7166 7165
f 7165 7166 7167
f 7166 7168 7167
f 7167 7168 7169
f 7168 7170 7169
f 7169 7170 7171
f 7170 7172 7171
f 7171 7172 7173
f 7172 7174 7173
f 7173 7174 7175
f 7174 7176 7175
f 7175 7176 7177
f 7176 7178 7177
f 7177 7178 7179
f 7178 7180 7179
f 7179 7180 7181
f 7180 7182 7181
f 7181 7182 7183
f 7182 7184 7183
f 7183 7184 7161
f 7184 7162 7161
f 7185 7186 7187
f 7186 7188 7187
f 7187 7188 7189
f 7188 7190 7189
f 7189 7190 7191
f 7190 7192 7191
f 7191 7192 7193
f 7192 7194 7193
f 7193 7194 7195
f 7194 7196 7195
f 7195 7196 7197
f 7196 7198 7197
f 7197 7198 7199
f 7198 7200 7199
f 7199 7200 7201
f 7200 7202 7201
f 7201 7202 7203
f 7202 7204 7203
f 7203 7204 7205
f 7204 7206 7205
f 7205 7206 7207
f 7206 7208 7207
f 7207 7208 7185
f 7208 7186 7185
f 7209 7210 7211
f 7210 7212 7211
f 7211 7212 7213
f 7212 7214 7213
f 7213 7214 7215
f 7214 7216 7215
f 7215 7216 7217
f 7216 7218 7217
f 7217 7218 7219
f 7218 7220 7219
f 7219 7220 7221
f 7220 7222 7221
f 7221 7222 7223
f 7222 7224 7223
f 7223 7224 7225
f 7224 7226 7225
f 7225 7226 7227
f 7226 7228 7227
f 7227 7228 7229
f 7228 7230 7229
f 7229 7230 7231
f 7230 7232 7231
f 7231 7232 7209
f 7232 7210 7209
f 7233 7234 7235
f 7234 7236 7235
f 7235 7236 7237
f 7236 7238 7237
f 7237 7238 7239
f 7238 7240 7239
f 7239 7240 7241
f 7240 7242 7241
f 7241 7242 7243
f 7242 7244 7243
f 7243 7244 7245
f 7244 7246 7245
f 7245 7246 7247
f 7246 7248 7247
f 7247 7248 7249
f 7248 7250 7249
f 7249 7250 7251
f 7250 7252 7251
f 7251 7252 7253
f 7252 7254 7253
f 7253 7254 7255
f 7254 7256 7255
f 7255 7256 7233
f 7256 7234 7233
f 7257 7258 7259
f 7258 7260 7259
f 7259 7260 7261
f 7260 7262 7261
f 7261 7262 7263
f 7262 7264 7263
f 7263 7264 7265
f 7264 7266 7265
f 7265 7266 7267
f 7266 7268 7267
f 7267 7268 7269
f 7268 7270 7269
f 7269 7270 7271
f 7270 7272 7271
f 7271 7272 7273
f 7272 7274 7273
f 7273 7274 7275
f 7274 7276 7275
f 7275 7276 7277
f 7276 7278 7277
f 7277 7278 7279
f 7278 7280 7279
f 7279 7280 7257
f 7280 7258 7257
f 7281 7282 7283
f 7282 7284 7283
f 7283 7284 7285
f 7284 7286 7285
f 7285 7286 7287
f 7286 7288 7287
f 7287 7288 7289
f 7288 7290 7289
f 7289 7290 7291
f 7290 7292 7291
f 7291 7292 7293
f 7292 7294 7293
f 7293 7294 7295
f 7294 7296 7295
f 7295 7296 7297
f 7296 7298 7297
f 7297 7298 7299
f 7298 7300 7299
f 7299 7300 7301
f 7300 7302 7301
f 7301 7302 7303
f 7302 7304 7303
f 7303 7304 7281
f 7304 7282 7281
f 7305 7306 7307
f 7306 7308 7307
f 7307 7308 7309
f 7308 7310 7309
f 7309 7310 7311
f 7310 7312 7311
f 7311 7312 7313
f 7312 7314 7313
f 7313 7314 7315
f 7314 7316 7315
f 7315 7316 7317
f 7316 7318 7317
f 7317 7318 7319
f 7318 7320 7319
f 7319 7320 7321
f 7320 7322 7321
f 7321 7322 7323
f 7322 7324 7323
f 7323 7324 7325
f 7324 7326 7325
f 7325 7326 7327
f 7326 7328 7327
f 7327 7328 7305
f 7328 7306 7305
f 7329 7330 7331
f 7330 7332 7331
f 7331 7332 7333
f 7332 7334 7333
f 7333 7334 7335
f 7334 7336 7335
f 7335 7336 7337
f 7336 7338 7337
f 7337 7338 7339
f 7338 7340 7339
f 7339 7340 7341
f 7340 7342 7341
f 7341 7342 7343
f 7342 7344 7343
f 7343 7344 7345
f 7344 7346 7345
f 7345 7346 7347
f 7346 7348 7347
f 7347 7348 7349
f 7348 7350 7349
f 7349 7350 7351
f 7350 7352 7351
f 7351 7352 7329
f 7352 7330 7329
f 7353 7354 7355
f 7354 7356 7355
f 7355 7356 7357
f 7356 7358 7357
f 7357 7358 7359
f 7358 7360 7359
f 7359 7360 7361
f 7360 7362 7361
f 7361 7362 7363
f 7362 7364 7363
f 7363 7364 7365
f 7364 7366 7365
f 7365 7366 7367
f 7366 7368 7367
f 7367 7368 7369
f 7368 7370 7369
f 7369 7370 7371
f 7370 7372 7371
f 7371 7372 7373
f 7372 7374 7373
f 7373 7374 7375
f 7374 7376 7375
f 7375 7376 7353
f 7376 7354 7353
f 7377 7378 7379
f 7378 7380 7379
f 7379 7380 7381
f 7380 7382 7381
f 7381 7382 7383
f 7382 7384 7383
f 7383 7384 7385
f 7384 7386 7385
f 7385 7386 7387
f 7386 7388 7387
f 7387 7388 7389
f 7388 7390 7389
f 7389 7390 7391
f 7390 7392 7391
f 7391 7392 7393
f 7392 7394 7393
f 7393 7394 7395
f 7394 7396 7395
f 7395 7396 7397
f 7396 7398 7397
f 7397 7398 7399
f 7398 7400 7399
f 7399 7400 7377
f 7400 7378 7377
f 7401 7402 7403
f 7402 7404 7403
f 7403 7404 7405
f 7404 7406 7405
f 7405 7406 7407
f 7406 7408 7407
f 7407 7408 7409
f 7408 7410 7409
f 7409 7410 7411
f 7410 7412 7411
f 7411 7412 7413
f 7412 7414 7413
f 7413 7414 7415
f 7414 7416 7415
f 7415 7416 7417
f 7416 7418 7417
f 7417 7418 7419
f 7418 7420 7419
f 7419 7420 7421
f 7420 7422 7421
f 7421 7422 7423
f 7422 7424 7423
f 7423 7424 7401
f 7424 7402 7401
f 7425 7426 7427
f 7426 7428 7427
f 7427 7428 7429
f 7428 7430 7429
f 7429 7430 7431
f 7430 7432 7431
f 7431 7432 7433
f 7432 7434 7433
f 7433 7434 7435
f 7434 7436 7435
f 7435 7436 7437
f 7436 7438 7437
f 7437 7438 7439
f 7438 7440 7439
f 7439 7440 7441
f 7440 7442 7441
f 7441 7442 7443
f 7442 7444 7443
f 7443 7444 7445
f 7444 7446 7445
f 7445 7446 7447
f 7446 7448 7447
f 7447 7448 7425
f 7448 7426 7425
f 7449 7450 7451
f 7450 7452 7451
f 7451 7452 7453
f 7452 7454 7453
f 7453 7454 7455
f 7454 7456 7455
f 7455 7456 7457
f 7456 7458 7457
f 7457 7458 7459
f 7458 7460 7459
f 7459 7460 7461
f 7460 7462 7461
f 7461 7462 7463
f 7462 7464 7463
f 7463 7464 7465
f 7464 7466 7465
f 7465 7466 7467
f 7466 7468 7467
f 7467 7468 7469
f 7468 7470 7469
f 7469 7470 7471
f 7470 7472 7471
f 7471 7472 7449
f 7472 7450 7449
f 7473 7474 7475
f 7474 7476 7475
f 7477 7478 7479
f 7478 7480 7479
f 7481 7482 7483
f 7484 7485 7486
f 7486 7485 7487
f 7485 7488 7487
f 7487 7488 7489
f 7489 7488 7490
f 7488 7491 7490
f 7490 7491 7492
f 7492 7491 7493
f 7491 7494 7493
f 7493 7494 7495
f 7494 7496 7495
f 7495 7496 7497
f 7482 7481 7498
f 7481 7499 7498
f 7499 7500 7498
f 7498 7500 7496
f 7500 7501 7496
f 7496 7501 7497
f 7502 7503 7483
f 7503 7504 7483
f 7483 7504 7481
f 7505 7506 7507
f 7506 7508 7507
f 7507 7508 7502
f 7508 7509 7502
f 7502 7509 7503
f 7486 7510 7484
f 7510 7511 7484
f 7484 7511 7505
f 7511 7512 7505
f 7505 7512 7506
f 7513 7514 7515
f 7514 7516 7515
f 7515 7516 7517
f 7516 7518 7517
f 7517 7518 7519
f 7518 7520 7519
f 7521 7522 7523
f 7522 7524 7523
f 7525 7526 7527
f 7526 7528 7527
f 7527 7528 7529
f 7530 7531 7532
f 7533 7534 7535
f 7535 7536 7533
f 7536 7530 7533
f 7533 7530 7537
f 7530 7532 7537
f 7538 7539 7540
f 7539 7541 7540
f 7540 7541 7542
f 7541 7543 7542
f 7542 7543 7544
f 7543 7545 7544
f 7546 7547 7548
f 7547 7549 7548
f 7548 7549 7550
f 7549 7551 7550
f 7550 7551 7552
f 7551 7553 7552
f 7554 7555 7556
f 7556 7555 7557
f 7556 7558 7554
f 7558 7559 7554
f 7554 7559 7560
f 7559 7561 7560
f 7560 7561 7562
f 7561 7563 7562
f 7562 7563 7564
f 7563 7565 7564
f 7564 7565 7566
f 7565 7567 7566
f 7555 7568 7557
f 7568 7569 7557
f 7557 7569 7570
f 7569 7571 7570
f 7570 7571 7572
f 7571 7573 7572
f 7573 7574 7572
f 7572 7574 7567
f 7574 7575 7567
f 7567 7575 7566
f 7576 7577 7578
f 7579 7580 7581
f 7582 7583 7584
f 7583 7585 7584
f 7584 7585 7586
f 7585 7587 7586
f 7587 7588 7586
f 7586 7588 7589
f 7588 7590 7589
f 7589 7590 7581
f 7590 7591 7581
f 7581 7591 7579
f 7582 7592 7583
f 7592 7593 7583
f 7583 7593 7594
f 7593 7595 7594
f 7594 7595 7596
f 7597 7576 7598
f 7576 7578 7598
f 7598 7578 7599
f 7578 7600 7599
f 7601 7602 7600
f 7602 7603 7600
f 7604 7580 7605
f 7580 7579 7605
f 7605 7579 7606
f 7579 7607 7606
f 7606 7607 7608
f 7607 7609 7608
f 7608 7609 7610
f 7609 7611 7610
f 7595 7612 7596
f 7612 7613 7596
f 7596 7613 7614
f 7613 7615 7614
f 7614 7615 7616
f 7609 7614 7611
f 7614 7616 7611
f 7611 7616 7617
f 7616 7599 7617
f 7617 7599 7618
f 7599 7600 7618
f 7618 7600 7619
f 7600 7603 7619
f 7620 7621 7622
f 7620 7622 7623
f 7622 7624 7623
f 7623 7624 7625
f 7626 7627 7628
f 7629 7630 7626
f 7631 7632 7627
f 7632 7633 7627
f 7627 7633 7628
f 7628 7634 7626
f 7634 7635 7626
f 7626 7635 7629
f 7635 7636 7629
f 7629 7636 7637
f 7636 7638 7637
f 7637 7638 7639
f 7638 7640 7639
f 7639 7640 7641
f 7640 7642 7641
f 7641 7642 7643
f 7642 7644 7643
f 7643 7644 7645
f 7644 7646 7645
f 7645 7646 7631
f 7646 7647 7631
f 7631 7647 7632
f 7648 7649 7650
f 7651 7650 7652
f 7650 7653 7652
f 7652 7653 7654
f 7655 7648 7656
f 7648 7657 7656
f 7651 7658 7650
f 7658 7659 7650
f 7650 7659 7648
f 7659 7660 7648
f 7648 7660 7657
f 7661 7662 7663
f 7661 7663 7664
f 7663 7665 7664
f 7665 7666 7664
f 7664 7666 7667
f 7536 7535 7668
f 7536 7668 7669
f 7668 7670 7669
f 7669 7670 7671
f 7670 7672 7671
f 7671 7672 7673
f 7674 7675 7676
f 7675 7677 7676
f 7678 7679 7680
f 7679 7681 7680
f 7676 7677 7682
f 7677 7683 7682
f 7682 7683 7684
f 7683 7685 7684
f 7684 7685 7686
f 7685 7687 7686
f 7688 7689 7690
f 7689 7691 7690
f 7692 7693 7694
f 7693 7695 7694
f 7696 7697 7698
f 7697 7699 7698
f 7698 7699 7700
f 7699 7701 7700
f 7700 7701 7702
f 7701 7703 7702
f 7702 7703 7704
f 7703 7705 7704
f 7704 7705 7706
f 7705 7707 7706
f 7706 7707 7708
f 7707 7709 7708
f 7708 7709 7710
f 7709 7711 7710
f 7710 7711 7712
f 7711 7713 7712
f 7712 7713 7714
f 7713 7715 7714
f 7714 7715 7716
f 7715 7717 7716
f 7716 7717 7718
f 7717 7719 7718
f 7718 7719 7696
f 7719 7697 7696
f 7720 7721 7722
f 7723 7724 7725
f 7723 7725 7722
f 7725 7726 7722
f 7722 7726 7720
f 7727 7728 7729
f 7728 7730 7729
f 7731 7732 7733
f 7732 7734 7733
f 7733 7734 7735
f 7734 7736 7735
f 7735 7736 7737
f 7736 7738 7737
f 7737 7738 7739
f 7738 7740 7739
f 7739 7740 7741
f 7740 7742 7741
f 7741 7742 7743
f 7742 7744 7743
f 7743 7744 7745
f 7744 7746 7745
f 7745 7746 7747
f 7746 7748 7747
f 7747 7748 7749
f 7748 7750 7749
f 7749 7750 7751
f 7750 7752 7751
f 7751 7752 7753
f 7752 7754 7753
f 7753 7754 7731
f 7754 7732 7731
f 7755 7756 7757
f 7756 7758 7757
f 7759 7760 7761
f 7762 7763 7764
f 7763 7765 7764
f 7764 7765 7766
f 7765 7767 7766
f 7766 7767 7768
f 7767 7769 7768
f 7768 7769 7770
f 7769 7771 7770
f 7770 7771 7772
f 7771 7773 7772
f 7772 7773 7774
f 7773 7775 7774
f 7774 7775 7776
f 7775 7777 7776
f 7776 7777 7778
f 7777 7779 7778
f 7778 7779 7780
f 7779 7781 7780
f 7780 7781 7782
f 7781 7783 7782
f 7782 7783 7784
f 7783 7785 7784
f 7784 7785 7762
f 7785 7763 7762
f 7786 7787 7788
f 7787 7789 7788
f 7788 7789 7790
f 7789 7791 7790
f 7790 7791 7792
f 7791 7793 7792
f 7792 7793 7794
f 7793 7795 7794
f 7794 7795 7796
f 7795 7797 7796
f 7796 7797 7798
f 7797 7799 7798
f 7798 7799 7800
f 7799 7801 7800
f 7800 7801 7802
f 7801 7803 7802
f 7802 7803 7804
f 7803 7805 7804
f 7804 7805 7806
f 7805 7807 7806
f 7806 7807 7808
f 7807 7809 7808
f 7808 7809 7786
f 7809 7787 7786
f 7810 7811 7812
f 7813 7814 7815
f 7814 7816 7815
f 7815 7816 7812
f 7816 7817 7812
f 7812 7817 7810
f 7818 7819 7820
f 7818 7820 7821
f 7820 7822 7821
f 7821 7822 7823
f 7819 7824 7820
f 7824 7825 7820
f 7820 7825 7826
f 7826 7827 7828
f 7827 7829 7828
f 7828 7829 7830
f 7831 7832 7833
f 7832 7834 7833
f 7833 7834 7825
f 7830 7835 7828
f 7835 7836 7828
f 7828 7836 7837
f 7838 7839 7840
f 7839 7841 7840
f 7840 7841 7822
f 7841 7842 7822
f 7822 7842 7823
f 7834 7843 7825
f 7843 7844 7825
f 7825 7844 7826
f 7844 7845 7826
f 7826 7845 7827
f 7836 7846 7837
f 7846 7847 7837
f 7837 7847 7840
f 7847 7832 7840
f 7840 7832 7838
f 7832 7831 7838
f 7848 7849 7850
f 7849 7851 7850
f 7850 7851 7852
f 7851 7853 7852
f 7852 7853 7854
f 7853 7855 7854
f 7855 7856 7854
f 7854 7856 7857
f 7856 7858 7857
f 7856 7859 7858
f 7859 7860 7858
f 7858 7860 7861
f 7860 7862 7861
f 7860 7863 7862
f 7863 7864 7862
f 7862 7864 7865
f 7864 7866 7865
f 7864 7867 7866
f 7867 7868 7866
f 7866 7868 7869
f 7868 7870 7869
f 7869 7870 7871
f 7870 7872 7871
f 7871 7872 7873
f 7872 7874 7873
f 7873 7874 7875
f 7874 7876 7875
f 7875 7876 7877
f 7876 7878 7877
f 7877 7878 7879
f 7878 7880 7879
f 7879 7880 7881
f 7881 7880 7882
f 7880 7883 7882
f 7882 7883 7884
f 7883 7885 7884
f 7884 7885 7886
f 7885 7887 7886
f 7886 7887 7888
f 7887 7889 7888
f 7889 7890 7888
f 7888 7890 7891
f 7890 7892 7891
f 7891 7892 7893
f 7892 7894 7893
f 7893 7894 7895
f 7894 7896 7895
f 7894 7897 7896
f 7897 7898 7896
f 7896 7898 7899
f 7898 7900 7899
f 7898 7901 7900
f 7901 7902 7900
f 7900 7902 7903
f 7902 7904 7903
f 7903 7904 7905
f 7904 7906 7905
f 7905 7906 7907
f 7906 7908 7907
f 7907 7908 7909
f 7908 7910 7909
f 7909 7910 7911
f 7910 7912 7911
f 7911 7912 7913
f 7912 7914 7913
f 7915 7916 7917
f 7916 7918 7917
f 7917 7918 7919
f 7920 7921 7922
f 7923 7924 7925
f 7926 7927 7928
f 7929 7930 7931
f 7932 7933 7924
f 7933 7934 7924
f 7924 7934 7925
f 7935 7931 7936
f 7931 7930 7936
f 7936 7930 7937
f 7938 7922 7939
f 7922 7921 7939
f 7939 7921 7940
f 7941 7942 7943
f 7944 7945 7946
f 7922 7923 7920
f 7923 7925 7920
f 7920 7925 7947
f 7925 7928 7947
f 7948 7949 7950
f 7949 7951 7950
f 7952 7953 7954
f 7953 7955 7954
f 7928 7956 7926
f 7956 7957 7926
f 7926 7957 7958
f 7931 7919 7929
f 7919 7918 7929
f 7929 7918 7951
f 7930 7959 7937
f 7959 7960 7937
f 7937 7960 7961
f 7960 7962 7961
f 7961 7962 7963
f 7962 7964 7963
f 7963 7964 7965
f 7952 7966 7953
f 7966 7967 7953
f 7953 7967 7943
f 7927 7944 7968
f 7944 7946 7968
f 7968 7946 7967
f 7946 7969 7967
f 7967 7969 7943
f 7969 7970 7943
f 7943 7970 7941
f 7971 7948 7972
f 7948 7950 7972
f 7972 7950 7973
f 7950 7958 7973
f 7973 7958 7974
f 7958 7957 7974
f 7975 7976 7955
f 7976 7977 7955
f 7955 7977 7954
f 7977 7940 7954
f 7954 7940 7978
f 7940 7921 7978
f 7968 7979 7927
f 7979 7980 7927
f 7927 7980 7928
f 7980 7981 7928
f 7928 7981 7947
f 7982 7983 7984
f 7983 7985 7984
f 7984 7985 7986
f 7985 7987 7986
f 7971 7972 7988
f 7972 7986 7988
f 7988 7986 7989
f 7986 7987 7989
f 7989 7987 7964
f 7987 7990 7964
f 7964 7990 7965
f 7991 7950 7992
f 7950 7951 7992
f 7992 7951 7993
f 7951 7918 7993
f 7994 7995 7996
f 7995 7997 7996
f 7996 7997 7998
f 7999 8000 8001
f 8000 8002 8001
f 8003 8004 8005
f 8004 8006 8005
f 8005 8006 8007
f 8006 8008 8007
f 8009 8010 8011
f 8010 8012 8011
f 8011 8012 8013
f 8012 8014 8013
f 8013 8014 8015
f 8014 8016 8015
f 8015 8016 8017
f 8016 8018 8017
f 8017 8018 8019
f 8018 8020 8019
f 8019 8020 8021
f 8020 8022 8021
f 8021 8022 8023
f 8022 8024 8023
f 8023 8024 8025
f 8024 8026 8025
f 8025 8026 8027
f 8026 8028 8027
f 8027 8028 8029
f 8028 8030 8029
f 8029 8030 8031
f 8030 8032 8031
f 8031 8032 8009
f 8032 8010 8009
f 8033 8034 8035
f 8034 8036 8035
f 8037 8038 8039
f 8038 8033 8039
f 8039 8033 8040
f 8033 8035 8040
f 8040 8035 8041
f 8035 8042 8041
f 8043 8044 8045
f 8044 8046 8045
f 8047 8048 8049
f 8048 8050 8049
f 8049 8050 8051
f 8050 8052 8051
f 8051 8052 8053
f 8052 8054 8053
f 8053 8054 8055
f 8054 8056 8055
f 8055 8056 8057
f 8056 8058 8057
f 8057 8058 8059
f 8058 8060 8059
f 8059 8060 8061
f 8060 8062 8061
f 8061 8062 8063
f 8062 8064 8063
f 8063 8064 8065
f 8064 8066 8065
f 8065 8066 8067
f 8066 8068 8067
f 8067 8068 8069
f 8068 8070 8069
f 8069 8070 8047
f 8070 8048 8047
f 8071 8072 8073
f 8074 8075 8076
f 8075 8071 8076
f 8076 8071 8077
f 8071 8073 8077
f 8078 8079 8080
f 8079 8081 8080
f 8080 8081 8082
f 8081 8083 8082
f 8082 8083 8084
f 8083 8085 8084
f 8084 8085 8086
f 8085 8087 8086
f 8088 8089 8090
f 8088 8090 8091
f 8090 8092 8091
f 8092 8093 8091
f 8091 8093 8094
f 8093 8095 8094
f 8094 8095 8096
f 8096 8097 8094
f 8097 8098 8094
f 8094 8098 8099
f 7828 7837 8100
f 8100 8101 7828
f 8101 8102 7828
f 7828 8102 8103
f 8104 8105 8106
f 8105 8103 8106
f 8106 8103 8107
f 8103 8102 8107
f 8108 8109 8110
f 8108 8110 8111
f 8110 8112 8111
f 8111 8112 8113
f 8112 8114 8113
f 8114 8115 8113
f 8113 8115 8116
f 8115 8117 8116
f 8116 8117 8118
f 8117 8119 8118
f 8120 8118 8121
f 8118 8119 8121
f 8121 8119 8122
f 8119 8123 8122
f 8122 8123 8124
f 8123 8125 8124
f 8124 8125 8126
f 8125 8127 8126
f 8126 8127 8128
f 8127 8129 8128
f 8128 8129 8130
f 8129 8131 8130
f 8130 8131 8132
f 8131 8109 8132
f 8132 8109 8133
f 8109 8108 8133
f 8134 8135 8136
f 8137 8134 8138
f 8134 8136 8138
f 8138 8136 8139
f 8136 8140 8139
f 8136 8141 8140
f 8141 8142 8140
f 8140 8142 8143
f 8142 8144 8143
f 8143 8144 8145
f 8146 8147 8148
f 8147 8149 8148
f 8148 8149 8145
f 8149 8150 8145
f 8145 8150 8143
f 8135 8134 8151
f 8134 8152 8151
f 8151 8152 8153
f 8152 8154 8153
f 8153 8154 8155
f 8154 8156 8155
f 8155 8156 8157
f 8156 8158 8157
f 8157 8158 8146
f 8158 8159 8146
f 8146 8159 8147
f 8160 8161 8162
f 8161 8163 8162
f 8164 8165 8163
f 8161 8166 8163
f 8166 8167 8163
f 8163 8167 8164
f 8167 8168 8164
f 8164 8168 8169
f 8162 8170 8160
f 8170 8171 8160
f 8160 8171 8172
f 8171 8173 8172
f 8172 8173 8174
f 8173 8175 8174
f 8174 8175 8176
f 8175 8177 8176
f 8176 8177 8178
f 8177 8179 8178
f 8178 8179 8180
f 8179 8181 8180
f 8181 8182 8180
f 8180 8182 8183
f 8182 8184 8183
f 8183 8184 8169
f 8184 8185 8169
f 8169 8185 8164
f 7686 7687 8186
f 7687 8187 8186
f 8188 8189 8190
f 8189 8191 8190
f 8190 8191 8192
f 8191 8193 8192
f 8194 8195 8196
f 8195 8197 8196
f 8196 8197 8198
f 8197 8199 8198
f 8200 8201 8202
f 8200 8202 8203
f 8202 8204 8203
f 8203 8204 8205
f 8204 8206 8205
f 8205 8206 8207
f 8208 8209 8210
f 8209 8211 8210
f 8210 8211 8212
f 8211 8213 8212
f 8212 8213 8214
f 8213 8215 8214
f 8216 8217 8218
f 8217 8219 8218
f 8220 8221 8222
f 8221 8223 8222
f 8222 8223 8224
f 8223 8225 8224
f 8224 8225 8226
f 8225 8227 8226
f 8226 8227 8228
f 8227 8229 8228
f 8228 8229 8230
f 8229 8231 8230
f 8230 8231 8232
f 8231 8233 8232
f 8232 8233 8234
f 8233 8235 8234
f 8234 8235 8236
f 8235 8237 8236
f 8236 8237 8238
f 8237 8239 8238
f 8238 8239 8240
f 8239 8241 8240
f 8240 8241 8242
f 8241 8243 8242
f 8242 8243 8220
f 8243 8221 8220
f 8244 8245 8246
f 8245 8247 8246
f 8246 8247 8248
f 8247 8249 8248
f 8248 8249 8250
f 8249 8251 8250
f 8252 8253 8254
f 8253 8255 8254
f 8254 8255 8256
f 8255 8257 8256
f 8256 8257 8258
f 8257 8259 8258
f 8258 8259 8260
f 8259 8261 8260
f 8260 8261 8262
f 8261 8263 8262
f 8262 8263 8264
f 8263 8265 8264
f 8264 8265 8266
f 8265 8267 8266
f 8266 8267 8268
f 8267 8269 8268
f 8268 8269 8270
f 8269 8271 8270
f 8270 8271 8272
f 8271 8273 8272
f 8272 8273 8274
f 8273 8275 8274
f 8274 8275 8252
f 8275 8253 8252
f 8276 8277 8278
f 8277 8279 8278
f 8278 8279 8280
f 8281 8282 8278
f 8282 8283 8278
f 8278 8283 8276
f 8284 8285 8278
f 8285 8286 8278
f 8278 8286 8281
f 8280 8287 8278
f 8287 8288 8278
f 8278 8288 8284
f 8289 8290 8291
f 8290 8292 8291
f 8291 8292 8293
f 8294 8295 8291
f 8295 8296 8291
f 8291 8296 8289
f 8297 8298 8291
f 8298 8299 8291
f 8291 8299 8294
f 8293 8300 8291
f 8300 8301 8291
f 8291 8301 8297
f 8302 8303 8304
f 8304 8305 8306
f 8302 8304 8307
f 8304 8306 8307
f 8307 8306 8308
f 7667 7666 8309
f 7666 8310 8309
f 8311 8312 8313
f 8312 8314 8313
f 8313 8314 8315
f 8314 8316 8315
f 8315 8316 8317
f 8317 8316 8318
f 8316 8319 8318
f 8318 8319 8320
f 8320 8319 8321
f 8319 8322 8321
f 8321 8322 8323
f 8324 8325 8326
f 8325 8327 8326
f 8326 8327 8328
f 8327 8329 8328
f 8328 8329 8330
f 8329 8331 8330
f 8330 8331 8322
f 8331 8332 8322
f 8322 8332 8323
f 8333 8334 8324
f 8334 8335 8324
f 8324 8335 8325
f 8311 8336 8312
f 8336 8337 8312
f 8312 8337 8338
f 8337 8339 8338
f 8338 8339 8340
f 8339 8341 8340
f 8340 8341 8333
f 8341 8342 8333
f 8333 8342 8334
f 8343 8344 8345
f 8344 8346 8345
f 8345 8346 8347
f 8346 8348 8347
f 8347 8348 8349
f 8348 8350 8349
f 8349 8350 8351
f 8350 8352 8351
f 8351 8352 8353
f 8352 8354 8353
f 8353 8354 8355
f 8354 8356 8355
f 8355 8356 8357
f 8356 8358 8357
f 8357 8358 8359
f 8358 8360 8359
f 8359 8360 8361
f 8360 8362 8361
f 8361 8362 8363
f 8362 8364 8363
f 8363 8364 8365
f 8364 8366 8365
f 8365 8366 8343
f 8366 8344 8343
f 8367 8368 8369
f 8370 8371 8372
f 8371 8373 8372
f 8374 8375 8376
f 8375 8377 8376
f 8378 8379 8380
f 8381 8382 8383
f 8374 8376 8383
f 8376 8384 8383
f 8383 8384 8381
f 8377 8367 8376
f 8367 8369 8376
f 8376 8369 8373
f 8369 8385 8373
f 8373 8385 8372
f 8385 8386 8372
f 8387 8388 8389
f 8390 8391 8392
f 8393 8394 8395
f 8396 8397 8398
f 8397 8399 8398
f 8398 8399 8400
f 8380 8401 8378
f 8401 8402 8378
f 8378 8402 8403
f 8402 8404 8403
f 8403 8404 8405
f 8404 8406 8405
f 8405 8406 8407
f 8406 8408 8407
f 8407 8408 8409
f 8408 8410 8409
f 8409 8410 8411
f 8410 8412 8411
f 8411 8412 8400
f 8389 8388 8379
f 8413 8414 8415
f 8414 8416 8415
f 8415 8416 8417
f 8416 8418 8417
f 8417 8418 8419
f 8379 8388 8380
f 8388 8420 8380
f 8380 8420 8421
f 8420 8422 8421
f 8421 8422 8414
f 8396 8423 8397
f 8423 8424 8397
f 8397 8424 8425
f 8424 8426 8425
f 8425 8426 8389
f 8426 8427 8389
f 8389 8427 8387
f 8395 8398 8393
f 8398 8400 8393
f 8393 8400 8428
f 8400 8412 8428
f 8418 8390 8419
f 8390 8392 8419
f 8419 8392 8429
f 8392 8430 8429
f 8429 8430 8431
f 8430 8432 8431
f 8431 8432 8433
f 8432 8434 8433
f 8413 8435 8414
f 8435 8436 8414
f 8414 8436 8421
f 8436 8437 8421
f 8421 8437 8438
f 8437 8439 8438
f 8438 8439 8440
f 8439 8434 8440
f 8440 8434 8381
f 8434 8432 8381
f 8381 8432 8382
f 8441 8442 8443
f 8442 8444 8443
f 8443 8444 8445
f 8444 8446 8445
f 8445 8446 8001
f 8446 7999 8001
f 8447 8448 8449
f 8450 8451 8452
f 8453 8454 8449
f 8454 8455 8449
f 8449 8455 8447
f 8455 8450 8447
f 8447 8450 8456
f 8450 8452 8456
f 7546 7544 7547
f 7544 7545 7547
f 7547 7545 8457
f 7545 8458 8457
f 7552 7553 8459
f 8460 8461 8459
f 8461 8462 8459
f 8459 8462 7552
f 8463 8464 8465
f 8464 8466 8465
f 8465 8466 8467
f 8466 8468 8467
f 8467 8468 8469
f 8468 8470 8469
f 8469 8470 8471
f 8470 8472 8471
f 8471 8472 8473
f 8472 8474 8473
f 8473 8474 8475
f 8474 8476 8475
f 8475 8476 8477
f 8476 8478 8477
f 8477 8478 8479
f 8478 8480 8479
f 8479 8480 8481
f 8480 8482 8481
f 8481 8482 8483
f 8482 8484 8483
f 8483 8484 8485
f 8484 8486 8485
f 8485 8486 8463
f 8486 8464 8463
f 8487 8488 8489
f 8488 8490 8489
f 8073 8072 7624
f 8072 7625 7624
f 8079 8078 8491
f 8078 8492 8491
f 8493 8494 8495
f 8494 8496 8495
f 8497 8498 8499
f 8498 8500 8499
f 8499 8500 8501
f 8500 8502 8501
f 8503 8504 8505
f 8504 8506 8505
f 8505 8506 8507
f 8506 8508 8507
f 8507 8508 8509
f 8508 8510 8509
f 8509 8510 8511
f 8510 8502 8511
f 8511 8502 8512
f 8502 8500 8512
f 8005 8007 8513
f 8005 8513 8514
f 8513 8515 8514
f 8514 8515 8516
f 8517 8518 8519
f 8518 8520 8519
f 8046 8044 8521
f 8046 8521 8522
f 8521 8460 8522
f 8522 8460 8459
f 8523 8524 8525
f 8523 8525 8526
f 8525 8527 8526
f 8526 8527 8528
f 8527 8529 8528
f 8528 8529 8530
f 8531 8532 8533
f 8532 8534 8533
f 8535 8536 8537
f 8536 8538 8537
f 8539 8540 8541
f 8540 8542 8541
f 8541 8542 8543
f 8542 8544 8543
f 8543 8544 8545
f 8544 8546 8545
f 8545 8546 8547
f 8546 8548 8547
f 8547 8548 8549
f 8548 8550 8549
f 8549 8550 8551
f 8550 8552 8551
f 8551 8552 8553
f 8552 8554 8553
f 8553 8554 8555
f 8554 8556 8555
f 8555 8556 8557
f 8556 8558 8557
f 8557 8558 8559
f 8558 8560 8559
f 8559 8560 8561
f 8560 8562 8561
f 8561 8562 8539
f 8562 8540 8539
f 8563 8564 8565
f 8564 8566 8565
f 8565 8566 8567
f 8566 8568 8567
f 8567 8568 8569
f 8568 8570 8569
f 8571 8572 8573
f 8572 8574 8573
f 8573 8574 8575
f 8574 8576 8575
f 8575 8576 8577
f 8578 8579 8580
f 8581 8582 8580
f 8578 8580 8583
f 8581 8580 8584
f 8585 8586 8587
f 8586 8584 8587
f 8587 8584 8588
f 8584 8580 8588
f 8582 8589 8580
f 8589 8590 8580
f 8580 8590 8583
f 8590 8591 8583
f 8583 8591 8592
f 8591 8593 8592
f 8594 8595 8596
f 8595 8597 8596
f 8598 8599 8600
f 8601 8602 8603
f 8602 8604 8603
f 8603 8604 8605
f 8604 8606 8605
f 8605 8606 8607
f 8606 8608 8607
f 8607 8608 8609
f 8608 8610 8609
f 8609 8610 8611
f 8610 8612 8611
f 8611 8612 8613
f 8612 8614 8613
f 8613 8614 8615
f 8614 8616 8615
f 8615 8616 8617
f 8616 8618 8617
f 8617 8618 8619
f 8618 8620 8619
f 8619 8620 8621
f 8620 8622 8621
f 8621 8622 8623
f 8622 8624 8623
f 8623 8624 8601
f 8624 8602 8601
f 8625 8626 8627
f 8626 8628 8627
f 8627 8628 8629
f 8628 8630 8629
f 8629 8630 8631
f 8630 8632 8631
f 8631 8632 8633
f 8632 8634 8633
f 8633 8634 8635
f 8634 8636 8635
f 8635 8636 8637
f 8636 8638 8637
f 8637 8638 8639
f 8638 8640 8639
f 8639 8640 8641
f 8640 8642 8641
f 8641 8642 8643
f 8642 8644 8643
f 8643 8644 8645
f 8644 8646 8645
f 8645 8646 8647
f 8646 8648 8647
f 8647 8648 8625
f 8648 8626 8625
f 8649 8650 8651
f 8650 8652 8651
f 8651 8652 8653
f 8654 8655 8656
f 8657 8658 8659
f 8658 8660 8659
f 8659 8660 8661
f 8662 8663 8664
f 8663 8665 8664
f 8666 8667 8652
f 8667 8668 8652
f 8652 8668 8653
f 8669 8670 8671
f 8670 8672 8671
f 8671 8672 8663
f 8672 8673 8663
f 8663 8673 8665
f 8665 8674 8664
f 8674 8675 8664
f 8664 8675 8666
f 8675 8676 8666
f 8666 8676 8667
f 8656 8677 8654
f 8677 8678 8654
f 8654 8678 8679
f 8678 8680 8679
f 8679 8658 8654
f 8658 8657 8654
f 8654 8657 8681
f 8657 8682 8681
f 8681 8682 8683
f 8682 8684 8683
f 8683 8684 8685
f 8685 8686 8687
f 8686 8688 8687
f 8662 8664 8689
f 8664 8690 8689
f 8689 8690 8691
f 8684 8692 8685
f 8692 8693 8685
f 8685 8693 8686
f 8693 8694 8686
f 8695 8687 8696
f 8687 8688 8696
f 8696 8688 8697
f 8688 8698 8697
f 8697 8698 8691
f 8698 8699 8691
f 8691 8699 8689
f 8661 8660 8700
f 8660 8670 8700
f 8700 8670 8701
f 8670 8669 8701
f 8701 8669 8702
f 8669 8703 8702
f 8702 8703 8704
f 8703 8705 8704
f 8704 8705 8694
f 8705 8706 8694
f 8694 8706 8686
f 7474 7473 8707
f 7473 8708 8707
f 8707 8708 8709
f 8708 8710 8709
f 8709 8710 8711
f 8710 8712 8711
f 8713 8714 8715
f 8716 8717 8718
f 8718 8717 8719
f 8717 8720 8719
f 8719 8720 8721
f 8721 8720 8722
f 8720 8723 8722
f 8722 8723 8724
f 8724 8723 8725
f 8723 8726 8725
f 8725 8726 8727
f 8726 8728 8727
f 8727 8728 8729
f 8714 8713 8730
f 8713 8731 8730
f 8731 8732 8730
f 8730 8732 8728
f 8732 8733 8728
f 8728 8733 8729
f 8734 8735 8715
f 8735 8736 8715
f 8715 8736 8713
f 8737 8738 8739
f 8738 8740 8739
f 8739 8740 8734
f 8740 8741 8734
f 8734 8741 8735
f 8718 8742 8716
f 8742 8743 8716
f 8716 8743 8737
f 8743 8744 8737
f 8737 8744 8738
f 8745 8746 8747
f 8746 8748 8747
f 7524 7522 8749
f 7524 8749 8750
f 8749 8751 8750
f 8750 8751 8752
f 8751 8753 8752
f 8752 8753 8754
f 8755 8756 8757
f 8756 8758 8757
f 8757 8758 8759
f 8758 8760 8759
f 8759 8760 8761
f 8760 8762 8761
f 8761 8762 7479
f 8762 7477 7479
f 8763 8764 8765
f 8764 8766 8765
f 8765 8766 8767
f 8766 8768 8767
f 8767 8768 7533
f 8768 7534 7533
f 7538 8769 7539
f 8769 8770 7539
f 8771 8772 8773
f 8774 8775 8776
f 8775 8777 8776
f 8778 8771 8779
f 8771 8773 8779
f 8779 8773 8780
f 8773 8781 8780
f 8778 8779 8782
f 8779 8783 8782
f 8782 8783 8784
f 8783 8785 8784
f 8784 8785 8777
f 8785 8786 8777
f 8777 8786 8776
f 8787 8775 8788
f 8775 8774 8788
f 8788 8774 8789
f 8774 8790 8789
f 8789 8790 8791
f 8790 8792 8791
f 8791 8792 8793
f 8792 8794 8793
f 8793 8794 8795
f 8794 8796 8795
f 8795 8796 8797
f 8796 8781 8797
f 8797 8781 8798
f 8781 8773 8798
f 8799 8800 8801
f 8800 8802 8801
f 8803 8804 8805
f 8804 8806 8805
f 8807 8808 7672
f 8808 7673 7672
f 8809 8810 8811
f 8810 8812 8811
f 8811 8812 8813
f 8812 8814 8813
f 8813 8814 8815
f 8814 8816 8815
f 8815 8816 8817
f 8816 8818 8817
f 8817 8818 8819
f 8818 8820 8819
f 8819 8820 8821
f 8820 8822 8821
f 8821 8822 8823
f 8822 8824 8823
f 8823 8824 8825
f 8824 8826 8825
f 8825 8826 8827
f 8826 8828 8827
f 8827 8828 8829
f 8828 8830 8829
f 8829 8830 8831
f 8830 8832 8831
f 8831 8832 8809
f 8832 8810 8809
f 8833 8834 8208
f 8834 8835 8208
f 8208 8835 8209
f 8836 8837 8838
f 8837 8839 8838
f 8840 8841 8842
f 8843 8842 8844
f 8843 8844 8845
f 8844 8846 8845
f 8845 8846 8847
f 8843 8848 8842
f 8848 8849 8842
f 8842 8849 8840
f 8849 8850 8840
f 8840 8850 8851
f 8846 8852 8847
f 8852 8853 8847
f 8847 8853 8854
f 8853 8855 8854
f 8854 8855 8856
f 8855 8857 8856
f 8856 8857 8858
f 8857 8859 8858
f 8858 8859 8860
f 8859 8861 8860
f 8861 8862 8860
f 8860 8862 8863
f 8862 8864 8863
f 8863 8864 8851
f 8864 8865 8851
f 8851 8865 8840
f 8866 8867 8868
f 8867 8869 8868
f 8868 8869 8870
f 8869 8871 8870
f 8870 8871 8518
f 8871 8520 8518
f 8872 8873 8874
f 8873 8875 8874
f 8876 8877 8878
f 8877 8879 8878
f 8878 8879 8045
f 8879 8043 8045
f 8880 8881 8882
f 8881 8883 8882
f 8882 8883 8884
f 8883 8885 8884
f 8194 8196 8886
f 8196 8887 8886
f 8886 8887 8888
f 8887 8889 8888
f 8888 8889 8890
f 8889 8891 8890
f 8890 8891 8892
f 8891 8893 8892
f 8892 8893 8894
f 8893 8895 8894
f 8894 8895 8884
f 8895 8882 8884
f 8896 8897 8898
f 8897 8899 8898
f 8898 8899 8900
f 7721 7720 8901
f 7720 8902 8901
f 8903 8904 8905
f 8906 8907 8908
f 8907 8909 8908
f 8908 8909 8910
f 8910 8911 8908
f 8911 8912 8908
f 8908 8912 8913
f 8912 8903 8913
f 8913 8903 8914
f 8903 8905 8914
f 8907 8915 8909
f 8915 8916 8909
f 8909 8916 8917
f 8916 8918 8917
f 8919 8920 8921
f 8920 8922 8921
f 8921 8922 8923
f 8922 8924 8923
f 8923 8924 8925
f 8924 8926 8925
f 8925 8926 8927
f 8926 8928 8927
f 8927 8928 8929
f 8928 8930 8929
f 8929 8930 8931
f 8930 8932 8931
f 8931 8932 8933
f 8932 8934 8933
f 8933 8934 8935
f 8934 8936 8935
f 8935 8936 8937
f 8936 8938 8937
f 8937 8938 8939
f 8938 8940 8939
f 8939 8940 8941
f 8940 8942 8941
f 8941 8942 8919
f 8942 8920 8919
f 8943 8944 8945
f 8944 8946 8945
f 8947 8948 8949
f 8950 8951 8952
f 8951 8953 8952
f 8952 8953 8954
f 8955 8956 8952
f 8956 8957 8952
f 8952 8957 8950
f 8958 8959 8952
f 8959 8960 8952
f 8952 8960 8955
f 8954 8961 8952
f 8961 8962 8952
f 8952 8962 8958
f 8963 8964 8965
f 8964 8966 8965
f 8965 8966 8967
f 8966 8968 8967
f 8967 8968 8969
f 8968 8970 8969
f 8969 8970 8971
f 8970 8972 8971
f 8971 8972 8973
f 8972 8974 8973
f 8973 8974 8975
f 8974 8976 8975
f 8975 8976 8977
f 8976 8978 8977
f 8977 8978 8979
f 8978 8980 8979
f 8979 8980 8981
f 8980 8982 8981
f 8981 8982 8983
f 8982 8984 8983
f 8983 8984 8985
f 8984 8986 8985
f 8985 8986 8963
f 8986 8964 8963
f 8987 8988 8989
f 8988 8990 8989
f 8711 8712 8991
f 8712 8992 8991
f 8993 8994 8995
f 8994 8996 8995
f 8995 8996 8997
f 8996 8998 8997
f 8997 8998 8999
f 8998 9000 8999
f 8999 9000 9001
f 9000 9002 9001
f 9001 9002 9003
f 9002 9004 9003
f 9003 9004 9005
f 9004 9006 9005
f 9005 9006 9007
f 9006 9008 9007
f 9007 9008 9009
f 9008 9010 9009
f 9009 9010 9011
f 9010 9012 9011
f 9011 9012 9013
f 9012 9014 9013
f 9013 9014 9015
f 9014 9016 9015
f 9015 9016 8993
f 9016 8994 8993
f 9017 9018 9019
f 9018 9020 9019
f 9019 9020 9021
f 9020 9022 9021
f 9021 9022 9023
f 9022 9024 9023
f 9025 9026 9027
f 9026 9028 9027
f 9029 8756 9030
f 8756 8755 9030
f 9031 9032 9033
f 9032 9034 9033
f 9033 9034 9035
f 9034 9036 9035
f 9035 9036 9037
f 9036 9038 9037
f 9037 9038 9039
f 9038 9040 9039
f 9039 9040 9041
f 9040 9042 9041
f 9041 9042 9043
f 9042 9044 9043
f 9043 9044 9045
f 9044 9046 9045
f 9045 9046 9047
f 9046 9048 9047
f 9047 9048 9049
f 9048 9050 9049
f 9049 9050 9051
f 9050 9052 9051
f 9051 9052 9053
f 9052 9054 9053
f 9053 9054 9031
f 9054 9032 9031
f 9055 9056 9057
f 9057 9058 8867
f 9058 9059 8867
f 9060 9061 9062
f 9062 9055 9060
f 9055 9057 9060
f 9060 9057 9063
f 9057 8867 9063
f 9063 8867 9064
f 8867 8866 9064
f 9065 9066 9067
f 9068 9069 9070
f 9071 9072 9067
f 9072 9073 9067
f 9073 9074 9067
f 9067 9074 9065
f 9074 9075 9065
f 9065 9075 9076
f 9068 9070 9067
f 9070 9077 9067
f 9067 9077 9071
f 9078 9079 9080
f 9079 9081 9080
f 9082 9083 9084
f 9085 9086 9087
f 9086 9088 9087
f 9084 9083 9089
f 9085 9087 9090
f 9087 9091 9090
f 9090 9091 9092
f 9093 9094 9095
f 9096 9097 9098
f 9097 9082 9098
f 9093 9089 9094
f 9089 9083 9094
f 9094 9083 9091
f 9083 9099 9091
f 9091 9099 9092
f 9099 9100 9092
f 9092 9100 9101
f 9102 9098 9103
f 9098 9082 9103
f 9103 9082 9104
f 9082 9084 9104
f 9105 9106 9107
f 9106 9093 9107
f 9107 9093 9108
f 9093 9095 9108
f 9108 9095 9109
f 9095 9110 9109
f 9111 9112 9113
f 9112 9101 9113
f 9113 9101 9114
f 9101 9100 9114
f 9114 9100 9115
f 9100 9116 9115
f 8808 8807 9117
f 8807 9118 9117
f 9117 9118 9119
f 9118 9120 9119
f 9119 9120 9121
f 9120 9122 9121
f 9123 9124 9125
f 9126 9127 9128
f 9127 9129 9128
f 9128 9129 9130
f 9129 9131 9130
f 9130 9131 9125
f 9132 9133 9134
f 9135 9123 9136
f 9123 9125 9136
f 9136 9125 9134
f 9125 9131 9134
f 9134 9131 9132
f 9131 9137 9132
f 9138 8214 8215
f 8215 8564 9139
f 8564 8563 9139
f 9140 9141 9142
f 9141 9143 9142
f 9144 9145 9138
f 9145 9146 9138
f 9138 9146 9147
f 9148 9149 9139
f 9149 9150 9139
f 9139 9150 9151
f 9152 9153 9154
f 9153 9155 9154
f 9140 9144 9141
f 9144 9138 9141
f 9141 9138 9156
f 9138 8215 9156
f 9156 8215 9157
f 8215 9139 9157
f 9157 9139 9153
f 9139 9151 9153
f 9153 9151 9155
f 9158 9159 9160
f 9159 9161 9160
f 9160 9161 9162
f 9161 9163 9162
f 9162 9163 9164
f 9163 9165 9164
f 9166 9167 9168
f 9166 9168 9169
f 9168 7531 9169
f 9169 7531 7530
f 9170 9171 9172
f 9171 9173 9172
f 9172 9173 9174
f 9173 9175 9174
f 9174 9175 9064
f 9175 9063 9064
f 9176 9177 9178
f 9177 9179 9178
f 9178 9179 9180
f 9179 9181 9180
f 9180 9181 8873
f 9181 8875 8873
f 9182 9183 9184
f 9183 9185 9184
f 9184 9185 9186
f 9185 9187 9186
f 9186 9187 9188
f 9187 9189 9188
f 9188 9189 9190
f 9189 9191 9190
f 9190 9191 9192
f 9191 9193 9192
f 9192 9193 9194
f 9193 9195 9194
f 9194 9195 9196
f 9195 9197 9196
f 9196 9197 9198
f 9197 9199 9198
f 9198 9199 9200
f 9199 9201 9200
f 9200 9201 9202
f 9201 9203 9202
f 9202 9203 9204
f 9203 9205 9204
f 9204 9205 9182
f 9205 9183 9182
f 9206 9207 9208
f 9207 9209 9208
f 9210 9211 9212
f 9211 9213 9212
f 9212 9213 9214
f 9213 9215 9214
f 8598 8600 9216
f 8600 9217 9216
f 9216 9217 9218
f 9217 9219 9218
f 9219 9217 9220
f 9217 9221 9220
f 9220 9221 9222
f 9222 9221 9223
f 9221 9224 9223
f 9223 9224 9225
f 9226 9227 9228
f 9226 9228 9229
f 9228 9230 9229
f 9229 9230 9231
f 9232 9233 9234
f 9233 9235 9234
f 9234 9235 9236
f 9235 9237 9236
f 9236 9237 9238
f 9237 9239 9238
f 9238 9239 9240
f 9239 9241 9240
f 9240 9241 9242
f 9241 9243 9242
f 9242 9243 9244
f 9243 9245 9244
f 9244 9245 9246
f 9245 9247 9246
f 9246 9247 9248
f 9247 9249 9248
f 9248 9249 9250
f 9249 9251 9250
f 9250 9251 9252
f 9251 9253 9252
f 9252 9253 9254
f 9253 9255 9254
f 9254 9255 9232
f 9255 9233 9232
f 9256 9257 9258
f 9257 9259 9258
f 9258 9259 9260
f 9259 9261 9260
f 9260 9261 9262
f 9261 9263 9262
f 9262 9263 9264
f 9263 9265 9264
f 9264 9265 9266
f 9265 9267 9266
f 9266 9267 9268
f 9267 9269 9268
f 9268 9269 9270
f 9269 9271 9270
f 9270 9271 9272
f 9271 9273 9272
f 9272 9273 9274
f 9273 9275 9274
f 9274 9275 9276
f 9275 9277 9276
f 9276 9277 9278
f 9277 9279 9278
f 9278 9279 9256
f 9279 9257 9256
f 9280 9281 9282
f 9281 9283 9282
f 9284 9285 9286
f 9285 9287 9286
f 9286 9287 9288
f 9287 9289 9288
f 9288 9289 9290
f 9289 9291 9290
f 9290 9291 9292
f 9291 9293 9292
f 9292 9293 9294
f 9293 9295 9294
f 9294 9295 9296
f 9295 9297 9296
f 9296 9297 9298
f 9297 9299 9298
f 9298 9299 9300
f 9299 9301 9300
f 9300 9301 9302
f 9301 9303 9302
f 9302 9303 9304
f 9303 9305 9304
f 9304 9305 9306
f 9305 9307 9306
f 9306 9307 9284
f 9307 9285 9284
f 9308 9309 9310
f 9309 9311 9310
f 9312 9313 9314
f 9313 9315 9314
f 9314 9315 9316
f 9315 9317 9316
f 9316 9317 9318
f 9317 9319 9318
f 9318 9319 9320
f 9319 9321 9320
f 9320 9321 9322
f 9321 9323 9322
f 9322 9323 9324
f 9323 9325 9324
f 9324 9325 9326
f 9325 9327 9326
f 9326 9327 9328
f 9327 9329 9328
f 9328 9329 9330
f 9329 9331 9330
f 9330 9331 9332
f 9331 9333 9332
f 9332 9333 9334
f 9333 9335 9334
f 9334 9335 9312
f 9335 9313 9312
f 9336 9337 9338
f 9336 9338 9339
f 9338 9340 9339
f 9339 9340 9341
f 9340 8990 9341
f 9341 8990 8988
f 9342 9343 9344
f 9343 9345 9344
f 9344 9345 9346
f 9345 9347 9346
f 9346 9347 9348
f 9347 9349 9348
f 9350 9351 9352
f 9353 9354 9355
f 9356 9357 9358
f 9353 9355 9359
f 9350 9352 9360
f 9352 9361 9360
f 9360 9361 9362
f 9363 9364 9365
f 9366 9367 9368
f 9369 9370 9371
f 9370 9372 9371
f 9371 9372 9373
f 9372 9374 9373
f 9373 9374 9375
f 9374 9376 9375
f 9377 9378 9379
f 9351 9380 9381
f 9351 9381 9352
f 9381 9382 9352
f 9352 9382 9383
f 9384 9385 9376
f 9385 9386 9376
f 9386 9355 9376
f 9376 9355 9387
f 9355 9354 9387
f 9386 9388 9355
f 9388 9363 9355
f 9355 9363 9389
f 9363 9365 9389
f 9390 9355 9391
f 9355 9392 9391
f 9393 9394 9395
f 9394 9396 9395
f 9395 9396 9397
f 9396 9398 9397
f 9397 9398 9399
f 9398 9400 9399
f 9399 9400 9401
f 9402 9403 9404
f 9403 9405 9404
f 9404 9405 9406
f 9405 9407 9406
f 9406 9407 9408
f 9409 9410 9411
f 9410 9359 9411
f 9411 9359 9412
f 9359 9355 9412
f 9412 9355 9368
f 9355 9390 9368
f 9368 9390 9366
f 9413 9414 9415
f 9414 9416 9415
f 9417 9415 9418
f 9415 9416 9418
f 9418 9416 9419
f 9416 9420 9419
f 9419 9420 9421
f 9420 9422 9421
f 9421 9422 9423
f 9422 9424 9423
f 9424 9425 9423
f 9423 9425 9426
f 9427 9428 9401
f 9428 9417 9401
f 9401 9417 9399
f 9417 9418 9399
f 9408 9384 9406
f 9384 9376 9406
f 9406 9376 9377
f 9376 9374 9377
f 9377 9374 9378
f 9429 9395 9430
f 9395 9392 9430
f 9430 9392 9431
f 9392 9355 9431
f 9429 9432 9395
f 9432 9433 9395
f 9395 9433 9393
f 9426 9356 9423
f 9356 9358 9423
f 9423 9358 9367
f 9358 9434 9367
f 9367 9434 9368
f 9380 9351 9435
f 9351 9436 9435
f 9435 9436 9379
f 9436 9437 9379
f 9379 9437 9377
f 9438 9439 9024
f 9439 9440 9024
f 9024 9440 9023
f 9440 9441 9023
f 9023 9441 9442
f 9441 9443 9442
f 9444 9445 9446
f 9444 9446 9447
f 9446 9448 9447
f 9447 9448 9449
f 9448 9025 9449
f 9449 9025 9027
f 9159 9158 9450
f 9451 9452 9453
f 9452 7621 9453
f 7621 7620 9454
f 9455 9456 9454
f 9456 9457 9454
f 9454 9457 7621
f 9457 9159 7621
f 7621 9159 9453
f 9159 9450 9453
f 9458 9459 9460
f 9459 9461 9460
f 9462 9463 9464
f 9465 9466 9467
f 9467 9468 9465
f 9468 9462 9465
f 9465 9462 9469
f 9462 9464 9469
f 9470 9471 9472
f 9470 9472 9473
f 9472 9474 9473
f 9473 9474 9475
f 9474 9441 9475
f 9475 9441 9440
f 9081 9079 9476
f 9079 9477 9476
f 9476 9477 9478
f 9477 9479 9478
f 9478 9479 9480
f 9479 9481 9480
f 9482 9483 9484
f 9483 9485 9484
f 9486 9487 9122
f 9487 9121 9122
f 9488 9489 9490
f 9489 9491 9490
f 9491 9492 9490
f 9492 9493 9490
f 9490 9493 9494
f 9493 9495 9496
f 9495 9497 9496
f 9498 9495 9499
f 9495 9493 9499
f 9499 9493 9500
f 9493 9492 9500
f 9501 9502 9503
f 9502 8569 9503
f 9503 8569 8570
f 9504 9505 9506
f 9505 9507 9506
f 9506 9507 9508
f 9509 9510 9511
f 9510 9512 9511
f 9511 9512 9507
f 9512 9513 9507
f 9507 9513 9508
f 9514 9515 7661
f 9515 7662 7661
f 9516 9517 9518
f 9517 9519 9518
f 9518 9519 9520
f 9521 9522 9523
f 9516 9524 9517
f 9524 9521 9517
f 9517 9521 9525
f 9521 9523 9525
f 9470 9177 9471
f 9177 9176 9471
f 9526 9527 9528
f 9527 9529 9528
f 9528 9529 9530
f 9529 9531 9530
f 9530 9531 9532
f 9531 9533 9532
f 9532 9533 9534
f 9533 9535 9534
f 9534 9535 9536
f 9535 9537 9536
f 9536 9537 9538
f 9537 9539 9538
f 9538 9539 9540
f 9539 9541 9540
f 9540 9541 9542
f 9541 9543 9542
f 9542 9543 9544
f 9543 9545 9544
f 9544 9545 9546
f 9545 9547 9546
f 9546 9547 9548
f 9547 9549 9548
f 9548 9549 9526
f 9549 9527 9526
f 9550 9551 9552
f 9551 9553 9552
f 9554 9555 9556
f 9555 9557 9556
f 9556 9557 9558
f 9557 9559 9558
f 9560 9561 9562
f 9561 9563 9562
f 9564 9565 9566
f 9565 9562 9566
f 9566 9562 9567
f 9562 9563 9567
f 9567 9563 9568
f 9563 9569 9568
f 9570 9571 9226
f 9571 9227 9226
f 9572 9573 9574
f 9573 9575 9574
f 9574 9575 9576
f 9575 9577 9576
f 9576 9577 9578
f 9577 9579 9578
f 9578 9579 9580
f 9579 9581 9580
f 9580 9581 9582
f 9581 9583 9582
f 9582 9583 9584
f 9583 9585 9584
f 9584 9585 9586
f 9585 9587 9586
f 9586 9587 9588
f 9587 9589 9588
f 9588 9589 9590
f 9589 9591 9590
f 9590 9591 9592
f 9591 9593 9592
f 9592 9593 9594
f 9593 9595 9594
f 9594 9595 9572
f 9595 9573 9572
f 9596 9597 9598
f 9597 9599 9598
f 9598 9599 9600
f 9601 9602 9598
f 9602 9603 9598
f 9598 9603 9596
f 9604 9605 9598
f 9605 9606 9598
f 9598 9606 9601
f 9600 9607 9598
f 9607 9608 9598
f 9598 9608 9604
f 9609 9610 9611
f 9610 9612 9611
f 9611 9612 9613
f 9612 9614 9613
f 9613 9614 9615
f 9614 9616 9615
f 9617 9618 9619
f 9618 9620 9619
f 9619 9620 9621
f 9620 9622 9621
f 9621 9622 9623
f 9622 9624 9623
f 9623 9624 9625
f 9624 9626 9625
f 9625 9626 9627
f 9626 9628 9627
f 9627 9628 9629
f 9628 9630 9629
f 9629 9630 9631
f 9630 9632 9631
f 9631 9632 9633
f 9632 9634 9633
f 9633 9634 9635
f 9634 9636 9635
f 9635 9636 9637
f 9636 9638 9637
f 9637 9638 9639
f 9638 9640 9639
f 9639 9640 9617
f 9640 9618 9617
f 9641 9642 9643
f 9642 9644 9643
f 9645 9646 9647
f 9646 9648 9647
f 9647 9648 9649
f 9648 9650 9649
f 9649 9650 9651
f 9650 9652 9651
f 9651 9652 9653
f 9652 9654 9653
f 9653 9654 9655
f 9654 9656 9655
f 9655 9656 9657
f 9656 9658 9657
f 9657 9658 9659
f 9658 9660 9659
f 9659 9660 9661
f 9660 9662 9661
f 9661 9662 9663
f 9662 9664 9663
f 9663 9664 9665
f 9664 9666 9665
f 9665 9666 9667
f 9666 9668 9667
f 9667 9668 9645
f 9668 9646 9645
f 9336 9669 9337
f 9669 9670 9337
f 9348 9349 9671
f 9349 9672 9671
f 9673 9674 9675
f 9674 9676 9675
f 9675 9676 9677
f 9676 9678 9677
f 9677 9678 9679
f 9678 9680 9679
f 9679 9680 9681
f 9680 9682 9681
f 9681 9682 9683
f 9682 9684 9683
f 9683 9684 9685
f 9684 9686 9685
f 9685 9686 9687
f 9686 9688 9687
f 9687 9688 9689
f 9688 9690 9689
f 9689 9690 9691
f 9690 9692 9691
f 9691 9692 9693
f 9692 9694 9693
f 9693 9694 9695
f 9694 9696 9695
f 9695 9696 9673
f 9696 9674 9673
f 9697 9698 9699
f 9697 9699 9700
f 9699 9701 9700
f 9700 9701 9702
f 9701 9439 9702
f 9702 9439 9438
f 9444 9703 9445
f 9703 9704 9445
f 9705 9706 9707
f 9706 9708 9707
f 9707 9708 9709
f 9708 9710 9709
f 9709 9710 9711
f 9710 9712 9711
f 9713 9714 9715
f 9713 9715 9716
f 9715 9717 9716
f 9716 9717 9718
f 9719 9720 9721
f 9720 9722 9721
f 9721 9722 9723
f 9722 9724 9723
f 9723 9724 9467
f 9724 9468 9467
f 9725 9726 9727
f 9726 9728 9727
f 9727 9728 9729
f 9728 9730 9729
f 9731 9732 9733
f 9730 9728 9734
f 9728 9731 9734
f 9734 9731 9735
f 9726 9736 9728
f 9736 9737 9728
f 9728 9737 9738
f 9737 9739 9738
f 9740 9741 9742
f 9741 9743 9742
f 9744 9738 9740
f 9738 9739 9740
f 9740 9739 9741
f 9744 9745 9738
f 9745 9746 9738
f 9738 9746 9747
f 9741 9748 9743
f 9748 9749 9743
f 9743 9749 9750
f 9751 9752 9753
f 9752 9754 9753
f 9753 9754 9755
f 9754 9756 9755
f 9755 9756 9725
f 9756 9757 9725
f 9725 9757 9726
f 9731 9733 9735
f 9733 9758 9735
f 9735 9758 9759
f 9758 9760 9759
f 9759 9760 9761
f 9760 9762 9761
f 9761 9762 9763
f 9762 9764 9763
f 9763 9764 9751
f 9764 9765 9751
f 9751 9765 9752
f 9749 9766 9750
f 9766 9767 9750
f 9750 9767 9768
f 9767 9769 9768
f 9768 9769 9770
f 9769 9771 9770
f 9770 9771 9772
f 9771 9773 9772
f 9774 9775 9776
f 9775 9738 9776
f 9776 9738 9777
f 9738 9747 9777
f 9777 9747 9773
f 9747 9778 9773
f 9773 9778 9772
f 9481 9779 9480
f 9779 9780 9480
f 9781 9782 9783
f 9782 9784 9783
f 9783 9785 9786
f 9787 9788 9789
f 9790 9783 9791
f 9783 9786 9791
f 9791 9786 9792
f 9789 9793 9787
f 9793 9794 9787
f 9787 9794 9784
f 9794 9795 9784
f 9784 9795 9796
f 9796 9797 9784
f 9797 9798 9784
f 9784 9798 9783
f 9798 9799 9783
f 9783 9799 9785
f 9167 9166 9800
f 9166 9801 9800
f 9802 9803 9804
f 9803 9805 9804
f 9804 9805 9806
f 9805 9807 9806
f 9806 9807 9808
f 9807 9809 9808
f 9810 9811 9812
f 9812 9813 9814
f 9815 9816 9817
f 9816 9810 9817
f 9817 9810 9818
f 9810 9819 9818
f 9814 9820 9812
f 9820 9821 9812
f 9812 9821 9810
f 9821 9822 9810
f 9810 9822 9819
f 9823 9824 9825
f 9824 9826 9825
f 9825 9826 9827
f 9826 9828 9827
f 9827 9828 9456
f 9828 9457 9456
f 9829 9830 9831
f 9829 9831 9832
f 9831 9833 9832
f 9832 9833 9834
f 9835 9836 9834
f 9836 9837 9834
f 9838 9839 9840
f 9839 9834 9840
f 9840 9834 9841
f 9834 9837 9841
f 9833 9842 9834
f 9842 9843 9834
f 9834 9843 9835
f 9843 9844 9835
f 9835 9844 9845
f 9061 9060 9846
f 9060 9847 9846
f 9846 9847 9848
f 9847 9849 9848
f 9848 9849 9850
f 9849 9851 9850
f 9852 9853 9854
f 9853 9855 9854
f 9854 9855 9856
f 9855 9857 9856
f 9856 9857 9858
f 9857 9859 9858
f 9858 9859 9860
f 9859 9861 9860
f 9860 9861 9862
f 9861 9863 9862
f 9862 9863 9864
f 9863 9865 9864
f 9864 9865 9866
f 9865 9867 9866
f 9866 9867 9868
f 9867 9869 9868
f 9868 9869 9870
f 9869 9871 9870
f 9870 9871 9872
f 9871 9873 9872
f 9872 9873 9874
f 9873 9875 9874
f 9874 9875 9852
f 9875 9853 9852
f 8802 8800 9876
f 8800 9877 9876
f 9876 9877 9080
f 9877 9078 9080
f 9878 9879 9880
f 9879 9881 9880
f 9880 9881 9882
f 9881 9883 9882
f 9882 9883 9884
f 9883 9885 9884
f 9884 9885 9886
f 9885 9887 9886
f 9886 9887 9888
f 9887 9889 9888
f 9888 9889 9890
f 9889 9891 9890
f 9892 9893 9894
f 9893 9895 9894
f 9894 9895 9896
f 9895 9897 9896
f 9898 9899 9900
f 9899 9901 9900
f 9900 9901 9902
f 9902 9901 9903
f 9901 9904 9903
f 9903 9904 9905
f 7761 7760 9904
f 7760 9906 9904
f 9906 9907 9904
f 9907 9908 9904
f 9904 9908 9905
f 9909 9910 9911
f 9910 9912 9911
f 9912 9913 9911
f 9911 9913 9914
f 9909 9911 9915
f 9911 9571 9915
f 9915 9571 9570
f 9515 9514 9916
f 9514 9917 9916
f 9916 9917 9918
f 9917 9919 9918
f 9918 9919 9920
f 9921 9922 9923
f 9921 9923 9924
f 9923 9925 9924
f 9924 9925 9926
f 9925 8186 9926
f 9926 8186 8187
f 9927 9928 9929
f 9928 9930 9929
f 9929 9930 9931
f 9930 9932 9931
f 9931 9932 9933
f 9932 9934 9933
f 9935 9936 9937
f 9936 9938 9937
f 9937 9938 9939
f 9938 9940 9939
f 9939 9940 9941
f 9940 9942 9941
f 9941 9942 9943
f 9942 9944 9943
f 9943 9944 9945
f 9944 9946 9945
f 9945 9946 9947
f 9946 9948 9947
f 9947 9948 9949
f 9948 9950 9949
f 9949 9950 9951
f 9950 9952 9951
f 9951 9952 9953
f 9952 9954 9953
f 9953 9954 9955
f 9954 9956 9955
f 9955 9956 9957
f 9956 9958 9957
f 9957 9958 9935
f 9958 9936 9935
f 9959 9960 9961
f 9960 9962 9961
f 9963 9964 9965
f 9964 9966 9965
f 9965 9966 9967
f 9966 9968 9967
f 9967 9968 9969
f 9968 9970 9969
f 9969 9970 9971
f 9970 9972 9971
f 9971 9972 9973
f 9972 9974 9973
f 9973 9974 9975
f 9974 9976 9975
f 9975 9976 9977
f 9976 9978 9977
f 9977 9978 9979
f 9978 9980 9979
f 9979 9980 9981
f 9980 9982 9981
f 9981 9982 9983
f 9982 9984 9983
f 9983 9984 9985
f 9984 9986 9985
f 9985 9986 9963
f 9986 9964 9963
f 9670 9669 9987
f 9669 9988 9987
f 9987 9988 9989
f 9988 9990 9989
f 9989 9990 9128
f 9990 9126 9128
f 9991 9992 9993
f 9994 9991 9995
f 9991 9993 9995
f 9995 9993 9996
f 9993 9997 9996
f 9998 9999 10000
f 10001 10002 10003
f 10004 10005 10002
f 10005 10006 10002
f 10006 10007 10002
f 10007 10008 10002
f 10002 10008 10003
f 10009 10010 10011
f 10002 10012 10004
f 10012 10013 10004
f 10004 10013 10011
f 10013 10014 10011
f 10003 10015 10001
f 10015 10016 10001
f 10001 10016 10017
f 10016 10018 10017
f 10017 10018 10009
f 10018 10019 10009
f 10009 10019 10010
f 10000 10020 9998
f 10020 10009 9998
f 9998 10009 10021
f 10009 10011 10021
f 10021 10011 10022
f 10011 10014 10022
f 10023 10024 10025
f 10024 10026 10025
f 10025 10026 10027
f 10026 10028 10027
f 10027 10028 10029
f 10028 10030 10029
f 10031 10032 10033
f 10033 10032 10034
f 10035 10036 10037
f 10036 10038 10037
f 10039 10040 10031
f 10041 10042 10043
f 10042 10034 10043
f 10043 10034 10044
f 10034 10032 10044
f 10038 10045 10037
f 10045 10046 10037
f 10037 10046 10047
f 10040 10048 10031
f 10048 10049 10031
f 10031 10049 10050
f 10047 10051 10037
f 10051 10052 10037
f 10037 10052 10044
f 10052 10053 10044
f 10044 10053 10043
f 10054 10039 10055
f 10039 10031 10055
f 10055 10031 10056
f 10031 10033 10056
f 10057 10058 10059
f 10058 10060 10059
f 10059 10060 10061
f 10060 10062 10061
f 10061 10062 9711
f 10062 9709 9711
f 10063 10064 10065
f 10064 10066 10065
f 10067 10068 10069
f 10067 10069 10070
f 10069 10071 10070
f 10070 10071 10072
f 10071 10073 10072
f 10072 10073 10074
f 7681 7679 10075
f 7679 10076 10075
f 10075 10076 10077
f 10076 10078 10077
f 10077 10078 9443
f 10078 9442 9443
f 10079 10080 10081
f 10079 10081 10082
f 10081 9057 10082
f 10082 9057 9056
f 10083 10084 10085
f 10084 10086 10085
f 10087 10088 10089
f 10089 10088 10090
f 10088 10091 10090
f 10091 10092 10090
f 10090 10092 10093
f 10092 10094 10093
f 10093 10094 10095
f 10087 10089 10096
f 10089 10097 10096
f 10096 10097 10098
f 10097 10099 10098
f 10098 10099 10100
f 10099 10101 10100
f 10100 10101 10102
f 10101 10103 10102
f 10103 10104 10102
f 10102 10104 10105
f 10104 10106 10105
f 10105 10106 10107
f 10106 10095 10107
f 10107 10095 10108
f 10095 10094 10108
f 10109 10110 10111
f 10109 10111 10112
f 10111 10113 10112
f 10112 10113 10114
f 10113 10115 10114
f 10114 10115 10116
f 10117 10118 10119
f 10118 10120 10119
f 10121 10122 10123
f 10122 10124 10123
f 10122 10125 10124
f 10125 10126 10124
f 10124 10126 10120
f 10126 10127 10120
f 10120 10127 10119
f 9455 9454 10128
f 9454 10129 10128
f 10128 10129 10130
f 10129 10131 10130
f 10130 10131 8838
f 10131 8836 8838
f 10132 10133 10134
f 10133 10135 10134
f 10136 10137 10138
f 10137 10139 10138
f 10138 10139 10140
f 10139 10141 10140
f 10140 10141 9062
f 10141 9055 9062
f 10142 10143 10144
f 10143 10145 10144
f 10144 10145 10146
f 10145 10147 10146
f 10146 10147 10148
f 10147 10149 10148
f 10148 10149 10150
f 10149 10151 10150
f 10150 10151 10152
f 10151 10153 10152
f 10152 10153 10154
f 10153 10155 10154
f 10154 10155 10156
f 10155 10157 10156
f 10156 10157 10158
f 10157 10159 10158
f 10158 10159 10160
f 10159 10161 10160
f 10160 10161 10162
f 10161 10163 10162
f 10162 10163 10164
f 10163 10165 10164
f 10164 10165 10142
f 10165 10143 10142
f 10166 10167 10168
f 10166 10168 10169
f 10168 10170 10169
f 10169 10170 10171
f 10172 10173 9891
f 10173 10174 9891
f 9891 10174 9890
f 10174 10175 9890
f 10176 10177 10178
f 10177 10179 10178
f 10180 10181 10182
f 10181 10183 10182
f 10184 10185 10186
f 10185 10187 10186
f 10186 10187 10188
f 10187 10189 10188
f 10188 10189 10190
f 10189 10191 10190
f 10190 10191 10192
f 10191 10193 10192
f 10192 10193 10194
f 10193 10195 10194
f 10194 10195 10196
f 10195 10197 10196
f 10196 10197 10198
f 10197 10199 10198
f 10198 10199 10200
f 10199 10201 10200
f 10200 10201 10202
f 10201 10203 10202
f 10202 10203 10204
f 10203 10205 10204
f 10204 10205 10206
f 10205 10207 10206
f 10206 10207 10184
f 10207 10185 10184
f 10208 10209 10210
f 10210 10211 10208
f 10211 8897 10208
f 10208 8897 8896
f 10212 10213 10214
f 10213 10215 10214
f 10214 10215 10216
f 10215 10217 10216
f 10216 10217 10218
f 10217 10219 10218
f 10218 10219 10220
f 10219 10221 10220
f 10220 10221 10222
f 10221 10223 10222
f 10222 10223 10224
f 10223 10225 10224
f 10224 10225 10226
f 10225 10227 10226
f 10226 10227 10228
f 10227 10229 10228
f 10228 10229 10230
f 10229 10231 10230
f 10230 10231 10232
f 10231 10233 10232
f 10232 10233 10234
f 10233 10235 10234
f 10234 10235 10212
f 10235 10213 10212
f 10236 10237 10238
f 10237 10239 10238
f 10240 10241 10242
f 10241 10243 10242
f 10242 10243 10244
f 10243 10245 10244
f 10244 10245 10246
f 10245 10247 10246
f 10246 10247 10248
f 10247 10249 10248
f 10248 10249 10250
f 10249 10251 10250
f 10250 10251 10252
f 10251 10253 10252
f 10252 10253 10254
f 10253 10255 10254
f 10254 10255 10256
f 10255 10257 10256
f 10256 10257 10258
f 10257 10259 10258
f 10258 10259 10260
f 10259 10261 10260
f 10260 10261 10262
f 10261 10263 10262
f 10262 10263 10240
f 10263 10241 10240
f 10264 10265 10266
f 10265 10267 10266
f 10268 10269 10270
f 10269 10271 10270
f 10270 10271 10272
f 10273 10274 10270
f 10274 10275 10270
f 10270 10275 10268
f 10276 10277 10270
f 10277 10278 10270
f 10270 10278 10273
f 10272 10279 10270
f 10279 10280 10270
f 10270 10280 10276
f 10281 10282 10283
f 10281 10283 10284
f 10283 10285 10284
f 10284 10285 10286
f 10285 10287 10286
f 10286 10287 10288
f 10289 10290 10291
f 10292 10293 10294
f 10293 10295 10294
f 10294 10295 10291
f 10295 10296 10291
f 10291 10296 10289
f 10297 10298 10299
f 10300 10301 10302
f 10301 10303 10302
f 10302 10303 10304
f 10304 10305 10302
f 10305 10306 10302
f 10302 10306 10307
f 10306 10308 10307
f 10307 10308 10309
f 10310 10311 10312
f 10310 10312 10313
f 10297 10299 10312
f 10299 10314 10312
f 10312 10314 10313
f 10315 10316 10317
f 10316 10318 10317
f 10318 10319 10317
f 10317 10319 10320
f 10309 10321 10307
f 10321 10322 10307
f 10307 10322 10320
f 10322 10323 10320
f 10320 10323 10317
f 10307 10324 10302
f 10324 10325 10302
f 10302 10325 10326
f 10325 10327 10326
f 10328 10329 10330
f 10329 10331 10330
f 10331 10332 10330
f 10330 10332 10297
f 10332 10333 10297
f 10297 10333 10298
f 10334 10335 10336
f 10335 10337 10336
f 10338 10339 10337
f 10338 10337 10340
f 10340 10337 10341
f 10337 10342 10341
f 10341 10342 10343
f 10342 10344 10343
f 10343 10344 10345
f 10346 10347 10348
f 10347 10349 10348
f 10348 10349 10350
f 10351 10352 10353
f 10352 10348 10353
f 10353 10348 10354
f 10348 10350 10354
f 10355 10336 10356
f 10336 10337 10356
f 10356 10337 10357
f 10337 10339 10357
f 10355 10358 10336
f 10358 10359 10336
f 10336 10359 10360
f 10361 10362 10363
f 10351 10364 10352
f 10364 10365 10352
f 10352 10365 10363
f 10365 10366 10363
f 10363 10366 10361
f 10334 10336 10367
f 10336 10368 10367
f 10367 10368 10369
f 10360 10370 10371
f 10370 10372 10371
f 10371 10372 10373
f 10372 10374 10373
f 10374 10375 10373
f 10373 10375 10376
f 10377 10378 10379
f 10345 10346 10343
f 10346 10348 10343
f 10343 10348 10380
f 10348 10377 10380
f 10380 10377 10381
f 10377 10379 10381
f 10382 10383 10384
f 10383 10385 10384
f 10384 10385 10386
f 10387 10388 10389
f 10382 10390 10383
f 10390 10391 10383
f 10383 10391 10392
f 10393 10394 10395
f 10388 10396 10389
f 10396 10397 10389
f 10389 10397 10398
f 10397 10399 10398
f 10398 10399 10395
f 10399 10400 10395
f 10395 10400 10393
f 10401 10402 10403
f 10402 10404 10403
f 10404 10405 10403
f 10405 10406 10403
f 10403 10406 10385
f 10406 10407 10385
f 10385 10407 10386
f 10408 10409 10389
f 10409 10410 10389
f 10389 10410 10411
f 10411 10412 10389
f 10412 10413 10389
f 10389 10413 10414
f 10413 10415 10414
f 10415 10416 10414
f 10416 10417 10414
f 10414 10417 10418
f 10419 10420 10421
f 10420 10422 10421
f 10421 10422 10423
f 10422 10424 10423
f 10423 10424 10425
f 10424 10426 10425
f 10425 10426 10427
f 10426 10418 10427
f 10427 10418 10428
f 10418 10417 10428
f 10419 10429 10420
f 10429 10430 10420
f 10420 10430 10431
f 10432 10433 10434
f 10433 10435 10434
f 10434 10435 10436
f 10411 10437 10412
f 10437 10438 10412
f 10412 10438 10439
f 10438 10440 10439
f 10439 10440 10441
f 10440 10442 10441
f 10441 10442 10443
f 10442 10444 10443
f 10443 10444 10432
f 10444 10445 10432
f 10432 10445 10433
f 10446 10447 10395
f 10448 10420 10435
f 10420 10431 10435
f 10435 10431 10436
f 10446 10395 10449
f 10447 10450 10395
f 10450 10451 10395
f 10395 10451 10398
f 10451 10452 10398
f 10398 10452 10389
f 10452 10453 10389
f 10389 10453 10408
f 10311 10315 10312
f 10315 10317 10312
f 10312 10317 10454
f 10317 10455 10454
f 10455 10456 10454
f 10454 10456 10457
f 10458 10459 10460
f 10461 10462 10463
f 10462 10460 10463
f 10463 10460 10464
f 10460 10459 10464
f 10465 10466 10467
f 10468 10469 10470
f 10471 10472 10467
f 10470 10469 10467
f 10469 10473 10467
f 10467 10473 10471
f 10472 10474 10467
f 10474 10475 10467
f 10467 10475 10465
f 10475 10476 10465
f 10476 10477 10465
f 10477 10478 10465
f 10465 10478 10479
f 10478 10480 10479
f 10466 10481 10467
f 10481 10482 10467
f 10467 10482 10302
f 10482 10483 10302
f 10483 10484 10302
f 10302 10484 10485
f 10485 10486 10302
f 10486 10462 10302
f 10302 10462 10300
f 10462 10461 10300
f 10486 10487 10462
f 10487 10488 10462
f 10462 10488 10460
f 10488 10489 10460
f 10489 10490 10460
f 10490 10491 10460
f 10460 10491 10492
f 10492 10493 10494
f 10493 10495 10494
f 10494 10495 10496
f 10480 10478 10497
f 10478 10498 10497
f 10497 10498 10496
f 10498 10499 10496
f 10496 10499 10494
f 10492 10494 10460
f 10494 10500 10460
f 10460 10500 10501
f 10502 10503 10504
f 10504 10505 10502
f 10505 10506 10502
f 10502 10506 10507
f 10506 10508 10507
f 10507 10508 10509
f 10508 10468 10509
f 10509 10468 10510
f 10468 10470 10510
f 10511 10512 10513
f 10512 10368 10513
f 10514 10515 10336
f 10515 10516 10336
f 10336 10516 10368
f 10516 10517 10368
f 10368 10517 10513
f 10518 10519 10336
f 10518 10336 10520
f 10360 10371 10336
f 10371 10521 10336
f 10336 10521 10520
f 10522 10514 10523
f 10514 10336 10523
f 10523 10336 10524
f 10336 10519 10524
f 10525 10526 10527
f 10526 10528 10527
f 10525 10529 10526
f 10529 10514 10526
f 10526 10514 10530
f 10514 10522 10530
f 10529 10531 10514
f 10531 10532 10514
f 10514 10532 10533
f 10533 10534 10514
f 10534 10535 10514
f 10514 10535 10536
f 10535 10537 10536
f 10536 10537 10538
f 10537 10539 10538
f 10538 10539 10540
f 10539 10541 10540
f 10540 10541 10542
f 10541 10543 10542
f 10542 10543 10544
f 10545 10546 10373
f 10546 10547 10373
f 10373 10547 10548
f 10526 10549 10528
f 10549 10550 10528
f 10528 10550 10551
f 10550 10552 10551
f 10551 10552 10553
f 10552 10554 10553
f 10553 10554 10548
f 10554 10555 10548
f 10555 10556 10548
f 10556 10557 10548
f 10548 10557 10373
f 10557 10558 10373
f 10558 10559 10373
f 10559 10560 10373
f 10373 10560 10371
f 10560 10561 10371
f 10371 10561 10521
f 10544 10545 10542
f 10545 10373 10542
f 10542 10373 10562
f 10373 10389 10562
f 10562 10389 10563
f 10389 10414 10563
f 10448 10449 10420
f 10449 10395 10420
f 10420 10395 10564
f 10395 10460 10564
f 10564 10460 10502
f 10460 10501 10502
f 10502 10501 10503
f 10326 10565 10566
f 10566 10567 10326
f 10567 10568 10326
f 10326 10568 10302
f 10568 10569 10302
f 10302 10569 10467
f 10570 10565 10330
f 10565 10326 10330
f 10330 10326 10328
f 10326 10327 10328
f 10457 10458 10454
f 10458 10460 10454
f 10454 10460 10403
f 10460 10395 10403
f 10403 10395 10401
f 10395 10394 10401
f 10392 10387 10383
f 10387 10389 10383
f 10383 10389 10377
f 10389 10373 10377
f 10377 10373 10378
f 10373 10376 10378
f 10362 10369 10363
f 10369 10368 10363
f 10363 10368 10571
f 10368 10512 10571
f 10572 10573 10574
f 10573 10575 10574
f 10576 10577 10578
f 10577 10579 10578
f 10578 10579 10572
f 10579 10580 10572
f 10572 10580 10573
f 10581 10582 10583
f 10582 10584 10583
f 10583 10584 10576
f 10584 10585 10576
f 10576 10585 10577
f 10586 10587 10588
f 10587 10589 10588
f 10588 10589 10581
f 10589 10590 10581
f 10581 10590 10582
f 10591 10592 10586
f 10592 10593 10586
f 10586 10593 10587
f 10575 10594 10574
f 10594 10595 10574
f 10574 10595 10596
f 10595 10597 10596
f 10596 10597 10598
f 10597 10599 10598
f 10598 10599 10600
f 10599 10601 10600
f 10600 10601 10591
f 10601 10602 10591
f 10591 10602 10592
f 10023 10603 10024
f 10603 10604 10024
f 10605 10606 10607
f 10608 10609 10610
f 10611 10612 10609
f 10612 10613 10609
f 10614 10612 10615
f 10612 10611 10615
f 10615 10611 10616
f 10611 10617 10616
f 10618 10619 10620
f 10613 10621 10609
f 10621 10622 10609
f 10609 10622 10610
f 10623 10624 10625
f 10624 10626 10625
f 10627 10628 10629
f 10610 10630 10608
f 10630 10631 10608
f 10608 10631 10607
f 10631 10632 10607
f 10607 10632 10605
f 10633 10634 10635
f 10636 10637 10638
f 10636 10639 10637
f 10639 10624 10637
f 10637 10624 10640
f 10624 10623 10640
f 10640 10623 10641
f 10623 10642 10641
f 10635 10634 10643
f 10634 10644 10643
f 10643 10644 10645
f 10644 10646 10645
f 10645 10646 10647
f 10646 10648 10647
f 10647 10648 10649
f 10648 10650 10649
f 10649 10650 10651
f 10650 10642 10651
f 10651 10642 10629
f 10642 10623 10629
f 10629 10623 10627
f 10652 10620 10653
f 10620 10654 10653
f 10653 10654 10655
f 10635 10618 10633
f 10618 10620 10633
f 10633 10620 10656
f 10620 10652 10656
f 10656 10652 10638
f 10652 10657 10638
f 10638 10657 10636
f 10658 10659 10660
f 10659 10661 10660
f 10660 10661 10662
f 10654 10663 10664
f 10663 10665 10664
f 10664 10665 10666
f 10665 10607 10666
f 10666 10607 10667
f 10607 10606 10667
f 10667 10606 10668
f 10606 10669 10668
f 10668 10669 10661
f 10669 10670 10661
f 10661 10670 10662
f 10664 10671 10654
f 10671 10672 10654
f 10654 10672 10655
f 10672 10673 10655
f 10655 10673 10674
f 10673 10675 10674
f 10674 10675 10676
f 10675 10677 10676
f 10676 10677 10658
f 10677 10678 10658
f 10658 10678 10659
f 10679 10680 10681
f 10679 10681 10682
f 10681 10683 10682
f 10682 10683 10684
f 10683 10685 10684
f 10684 10685 10686
f 10687 10688 10689
f 10687 10689 10690
f 10689 10691 10690
f 10690 10691 10692
f 10068 10067 10693
f 10067 10694 10693
f 10695 10696 10697
f 9698 9697 10030
f 9697 10029 10030
f 10698 10699 10700
f 9698 10030 10697
f 10030 10701 10697
f 10697 10701 10698
f 10695 10697 10702
f 10700 10703 10698
f 10703 10704 10698
f 10698 10704 10697
f 10704 10705 10697
f 10697 10705 10702
f 10706 10707 10079
f 10707 10080 10079
f 10708 10709 10710
f 10709 10711 10710
f 10712 10713 10714
f 10713 10715 10714
f 10714 10715 10716
f 10715 10717 10716
f 10716 10717 10708
f 10717 10709 10708
f 10718 10719 10720
f 10719 10721 10720
f 10720 10721 10722
f 10721 10723 10722
f 10722 10723 10724
f 10723 10725 10724
f 10724 10725 10726
f 10725 10727 10726
f 10726 10727 10728
f 10727 10729 10728
f 10728 10729 10730
f 10729 10731 10730
f 10730 10731 10732
f 10731 10733 10732
f 10732 10733 10734
f 10733 10735 10734
f 10734 10735 10736
f 10735 10737 10736
f 10736 10737 10738
f 10737 10739 10738
f 10738 10739 10740
f 10739 10741 10740
f 10740 10741 10718
f 10741 10719 10718
f 10742 10743 10744
f 10743 10745 10744
f 10742 10744 10746
f 10744 10747 10746
f 10746 10747 10748
f 10749 10750 10751
f 10750 10745 10751
f 10751 10745 10752
f 10745 10743 10752
f 10753 10754 10755
f 10754 10756 10755
f 10757 10758 10759
f 10758 10760 10759
f 10761 10762 10763
f 10763 10764 10761
f 10764 10765 10761
f 10761 10765 10766
f 10765 10767 10766
f 10766 10767 10768
f 10767 10769 10768
f 10768 10769 10770
f 10771 10772 10773
f 10772 10770 10773
f 10773 10770 10774
f 10770 10769 10774
f 10774 10769 10775
f 10769 10776 10775
f 10777 10778 10779
f 10777 10779 10780
f 10779 10781 10780
f 10780 10781 10782
f 10783 10784 10170
f 10784 10171 10170
f 10785 10786 10787
f 10786 10788 10787
f 10789 10790 9892
f 10790 9893 9892
f 10791 10792 10793
f 10792 10794 10793
f 10795 10796 10797
f 10796 10798 10797
f 10797 10798 10799
f 10798 10800 10799
f 10799 10800 10801
f 10800 10802 10801
f 10801 10802 10803
f 10802 10804 10803
f 10803 10804 10805
f 10804 10806 10805
f 10805 10806 10807
f 10806 10808 10807
f 10807 10808 10809
f 10808 10810 10809
f 10809 10810 10811
f 10810 10812 10811
f 10811 10812 10813
f 10812 10814 10813
f 10813 10814 10815
f 10814 10816 10815
f 10815 10816 10817
f 10816 10818 10817
f 10817 10818 10795
f 10818 10796 10795
f 10819 8207 10820
f 8207 8206 10820
f 10821 10822 10823
f 10822 10824 10823
f 10823 10824 10825
f 10826 10827 10823
f 10827 10828 10823
f 10823 10828 10821
f 10829 10830 10823
f 10830 10831 10823
f 10823 10831 10826
f 10825 10832 10823
f 10832 10833 10823
f 10823 10833 10829
f 10834 10835 10836
f 10835 10837 10836
f 10838 10839 10840
f 10841 10842 10843
f 10842 10844 10843
f 10845 10846 10847
f 10846 10848 10847
f 10847 10848 10849
f 10850 10851 10847
f 10851 10852 10847
f 10847 10852 10845
f 10853 10854 10847
f 10854 10855 10847
f 10847 10855 10850
f 10849 10856 10847
f 10856 10857 10847
f 10847 10857 10853
f 9803 9802 7513
f 9802 10110 7513
f 7513 10110 7514
f 10110 10109 7514
f 7514 10109 10281
f 10109 10282 10281
f 10858 10859 10860
f 10861 10862 10863
f 10861 10863 10860
f 10863 10864 10860
f 10860 10864 10858
f 10865 10866 10867
f 10868 10869 10870
f 10869 10871 10870
f 10870 10871 10872
f 10871 10873 10872
f 10872 10873 10866
f 10873 10874 10866
f 10866 10874 10867
f 10868 10870 10875
f 10870 10876 10875
f 10875 10876 10877
f 10876 10878 10877
f 10877 10878 10879
f 10878 10880 10879
f 10879 10880 10881
f 10881 10880 10882
f 10880 10883 10882
f 10882 10883 10884
f 10884 10883 10885
f 10883 10886 10885
f 10885 10886 10887
f 10886 10888 10887
f 10887 10888 10889
f 10867 10890 10865
f 10890 10891 10865
f 10865 10891 10892
f 10891 10893 10892
f 10892 10893 10894
f 10893 10895 10894
f 10894 10895 10888
f 10895 10896 10888
f 10888 10896 10889
f 10897 10898 10899
f 10900 10901 10902
f 10903 10904 10905
f 10903 10905 10906
f 10905 10907 10906
f 10906 10907 10898
f 10907 10908 10898
f 10898 10908 10899
f 10909 10910 10911
f 10910 10897 10911
f 10899 10912 10897
f 10912 10913 10897
f 10897 10913 10911
f 10913 10914 10911
f 10915 10916 10917
f 10918 10919 10920
f 10919 10921 10920
f 10920 10921 10922
f 10921 10923 10922
f 10922 10923 10924
f 10917 10900 10915
f 10900 10902 10915
f 10915 10902 10918
f 10902 10925 10918
f 10918 10925 10919
f 10900 10926 10901
f 10926 10927 10901
f 10901 10927 10928
f 10927 10929 10928
f 10929 10930 10928
f 10928 10930 10913
f 10930 10931 10913
f 10913 10931 10914
f 10932 10933 10934
f 10932 10934 10935
f 10934 10936 10935
f 10935 10936 10937
f 10936 10604 10937
f 10937 10604 10603
f 10938 10939 10940
f 10939 10941 10940
f 10942 10680 10943
f 10680 10679 10943
f 10135 10133 10944
f 10133 10945 10944
f 10946 10947 10948
f 10946 10948 10949
f 10948 10950 10949
f 10949 10950 10951
f 10950 10693 10951
f 10951 10693 10694
f 10952 10953 10954
f 10955 10956 10957
f 10956 10952 10957
f 10958 10959 10960
f 10952 10954 10957
f 10954 10961 10957
f 10957 10961 10959
f 10961 10962 10959
f 10959 10962 10960
f 10960 10963 10958
f 10963 10964 10958
f 10958 10964 10965
f 10964 10966 10965
f 10965 10966 10967
f 10966 10968 10967
f 10967 10968 10969
f 10968 10970 10969
f 10969 10970 10971
f 10970 10972 10971
f 10971 10972 10952
f 10972 10973 10952
f 10952 10973 10953
f 10707 10706 10974
f 10706 10975 10974
f 10974 10975 10976
f 10975 10977 10976
f 10976 10977 10978
f 10979 10980 10981
f 10980 10982 10981
f 10983 10984 10985
f 10984 10986 10985
f 10985 10986 10987
f 10986 10988 10987
f 10987 10988 10989
f 10988 10990 10989
f 10989 10990 10991
f 10990 10992 10991
f 10991 10992 10993
f 10992 10994 10993
f 10993 10994 10995
f 10994 10996 10995
f 10995 10996 10997
f 10996 10998 10997
f 10997 10998 10999
f 10998 11000 10999
f 10999 11000 11001
f 11000 11002 11001
f 11001 11002 11003
f 11002 11004 11003
f 11003 11004 11005
f 11004 11006 11005
f 11005 11006 10983
f 11006 10984 10983
f 11007 11008 9899
f 9899 11008 9224
f 11008 11009 9224
f 11009 11010 9224
f 9224 11010 9225
f 11010 11011 9225
f 9225 11011 11012
f 11013 9898 11014
f 9898 9225 11014
f 11014 9225 11015
f 9225 11012 11015
f 11013 11016 9898
f 11016 11017 9898
f 9898 11017 9899
f 11017 11018 9899
f 9899 11018 11007
f 11019 11020 11021
f 11020 11022 11021
f 11021 11022 11023
f 11022 11024 11023
f 11023 11024 11025
f 11024 11026 11025
f 11025 11026 11027
f 11026 11028 11027
f 11027 11028 11029
f 11028 11030 11029
f 11029 11030 11031
f 11030 11032 11031
f 11031 11032 11033
f 11032 11034 11033
f 11033 11034 11035
f 11034 11036 11035
f 11035 11036 11037
f 11036 11038 11037
f 11037 11038 11039
f 11038 11040 11039
f 11039 11040 11041
f 11040 11042 11041
f 11041 11042 11019
f 11042 11020 11019
f 11043 11044 11045
f 11044 11046 11045
f 11045 11046 11047
f 11046 11048 11047
f 11047 11048 9450
f 11048 9453 9450
f 11049 11050 11051
f 11052 11053 11051
f 11053 11054 11051
f 11049 11051 11055
f 11051 11054 11055
f 11055 11054 11056
f 9170 11057 9171
f 11057 11058 9171
f 11059 11060 11061
f 11060 11062 11061
f 11063 11064 11065
f 11064 11066 11065
f 11067 11068 11069
f 11068 11070 11069
f 10790 10789 11071
f 10790 11071 11072
f 11071 11073 11072
f 11072 11073 11074
f 11075 11076 11077
f 11075 11077 11078
f 11077 11079 11078
f 11078 11079 11080
f 11081 11082 11083
f 11082 11084 11083
f 11083 11084 11085
f 11084 11086 11085
f 11085 11086 11087
f 11086 11088 11087
f 11087 11088 11089
f 11088 11090 11089
f 11089 11090 11091
f 11090 11092 11091
f 11091 11092 11093
f 11092 11094 11093
f 11093 11094 11095
f 11094 11096 11095
f 11095 11096 11097
f 11096 11098 11097
f 11097 11098 11099
f 11098 11100 11099
f 11099 11100 11101
f 11100 11102 11101
f 11101 11102 11103
f 11102 11104 11103
f 11103 11104 11081
f 11104 11082 11081
f 11105 11106 11107
f 11106 11108 11107
f 11109 11110 11111
f 11112 8580 11113
f 11111 11114 11115
f 11113 11109 11112
f 11109 11111 11112
f 11112 11111 11116
f 11111 11115 11116
f 8538 8536 11117
f 8536 11118 11117
f 11117 11118 11119
f 11118 11120 11119
f 11119 11120 11121
f 11120 11122 11121
f 11121 11122 11123
f 11122 11124 11123
f 11125 11126 11127
f 11128 11129 11130
f 11129 11131 11130
f 11132 11133 11134
f 11133 11135 11134
f 11134 11135 11136
f 11137 11138 11134
f 11138 11139 11134
f 11134 11139 11132
f 11140 11141 11134
f 11141 11142 11134
f 11134 11142 11137
f 11136 11143 11134
f 11143 11144 11134
f 11134 11144 11140
f 11145 11146 11147
f 11146 11148 11147
f 11147 11148 11149
f 11148 11150 11149
f 11149 11150 11151
f 11150 11152 11151
f 11151 11152 11153
f 11152 11154 11153
f 11153 11154 11155
f 11154 11156 11155
f 11155 11156 11157
f 11156 11158 11157
f 11157 11158 11159
f 11158 11160 11159
f 11159 11160 11161
f 11160 11162 11161
f 11161 11162 11163
f 11162 11164 11163
f 11163 11164 11165
f 11164 11166 11165
f 11165 11166 11167
f 11166 11168 11167
f 11167 11168 11145
f 11168 11146 11145
f 11169 11170 11171
f 11170 11172 11171
f 11173 11174 11175
f 11176 11177 11178
f 11177 11179 11178
f 11178 11179 11180
f 11179 11181 11180
f 11180 11181 11174
f 11181 11182 11174
f 11174 11182 11175
f 11176 11178 11183
f 11178 11184 11183
f 11183 11184 11185
f 11184 11186 11185
f 11185 11186 11187
f 11186 11188 11187
f 11187 11188 11189
f 11189 11188 11190
f 11188 11191 11190
f 11190 11191 11192
f 11192 11191 11193
f 11191 11194 11193
f 11193 11194 11195
f 11194 11196 11195
f 11195 11196 11197
f 11175 11198 11173
f 11198 11199 11173
f 11173 11199 11200
f 11199 11201 11200
f 11200 11201 11202
f 11201 11203 11202
f 11202 11203 11196
f 11203 11204 11196
f 11196 11204 11197
f 11205 11206 11207
f 11206 11208 11207
f 11209 11210 11211
f 11210 11212 11211
f 11211 11212 11205
f 11212 11213 11205
f 11205 11213 11206
f 11214 11215 11216
f 11215 11217 11216
f 11216 11217 11209
f 11217 11218 11209
f 11209 11218 11210
f 11219 11220 11221
f 11220 11222 11221
f 11221 11222 11214
f 11222 11223 11214
f 11214 11223 11215
f 11224 11225 11219
f 11225 11226 11219
f 11219 11226 11220
f 11208 11227 11207
f 11227 11228 11207
f 11207 11228 11229
f 11228 11230 11229
f 11229 11230 11231
f 11230 11232 11231
f 11231 11232 11233
f 11232 11234 11233
f 11233 11234 11224
f 11234 11235 11224
f 11224 11235 11225
f 10932 11236 10933
f 11236 11237 10933
f 11238 11239 11240
f 11238 11240 11241
f 11240 11242 11241
f 11241 11242 11243
f 11242 10941 11243
f 11243 10941 10939
f 11244 11245 11246
f 11244 11246 11247
f 11246 11248 11247
f 11247 11248 11249
f 11248 10942 11249
f 11249 10942 10943
f 11250 11251 11252
f 11251 11253 11252
f 11252 11253 11254
f 11255 11256 11257
f 11256 11258 11257
f 11257 11258 11259
f 11258 11260 11259
f 11259 11260 11254
f 11260 11261 11254
f 11254 11261 11252
f 9463 9462 11262
f 9462 11263 11262
f 11262 11263 11264
f 11263 11265 11264
f 11264 11265 11266
f 11265 11267 11266
f 11268 11269 11270
f 11269 11271 11270
f 11272 11273 11274
f 11273 10978 11274
f 11274 10978 11275
f 10978 10977 11275
f 11276 11277 11278
f 11277 11279 11278
f 11280 11281 11278
f 11282 11283 11278
f 11283 11284 11278
f 11278 11284 11280
f 11281 11285 11278
f 11285 11286 11278
f 11278 11286 11276
f 11286 11287 11276
f 11288 11289 11290
f 11289 11276 11290
f 11290 11276 11291
f 11276 11287 11291
f 11292 11293 11294
f 11293 11289 11294
f 11294 11289 11295
f 11289 11288 11295
f 11296 11297 11298
f 11297 11299 11298
f 11298 11299 11300
f 11299 11301 11300
f 11300 11301 11302
f 11301 11303 11302
f 11302 11303 11304
f 11303 11305 11304
f 11304 11305 11306
f 11305 11307 11306
f 11306 11307 11308
f 11307 11309 11308
f 11308 11309 11310
f 11309 11311 11310
f 11310 11311 11312
f 11311 11313 11312
f 11312 11313 11314
f 11313 11315 11314
f 11314 11315 11316
f 11315 11317 11316
f 11316 11317 11318
f 11317 11319 11318
f 11318 11319 11296
f 11319 11297 11296
f 11320 11321 11322
f 11320 11322 11323
f 11322 11324 11323
f 11323 11324 11325
f 11326 11327 11328
f 11327 11329 11328
f 11328 11329 11330
f 11329 11331 11330
f 11330 11331 11332
f 11331 11333 11332
f 11332 11333 11334
f 11333 11335 11334
f 11334 11335 11336
f 11335 11337 11336
f 11336 11337 11338
f 11337 11339 11338
f 11338 11339 11340
f 11339 11341 11340
f 11340 11341 11342
f 11341 11343 11342
f 11342 11343 11344
f 11343 11345 11344
f 11344 11345 11346
f 11345 11347 11346
f 11346 11347 11348
f 11347 11349 11348
f 11348 11349 11326
f 11349 11327 11326
f 11350 9824 11351
f 9824 9823 11351
f 11352 11353 11354
f 11353 11355 11354
f 11356 9850 11357
f 9850 9851 11357
f 11358 8900 8899
f 11358 8899 11359
f 8899 11360 11359
f 11360 11361 11359
f 11359 11361 11362
f 10784 10783 11363
f 10783 11364 11363
f 11363 11364 11365
f 11364 11366 11365
f 11367 11368 11369
f 11369 11370 11371
f 11371 11372 11369
f 11372 11373 11369
f 11369 11373 11367
f 9487 9486 11374
f 9486 11375 11374
f 11374 11375 9801
f 11375 9800 9801
f 11376 11377 11378
f 11377 11379 11378
f 10838 10840 11380
f 10840 11381 11380
f 11380 11381 11382
f 11381 11383 11382
f 11383 11381 11384
f 11381 11385 11384
f 11384 11385 11386
f 11386 11385 11387
f 11385 11388 11387
f 11387 11388 11389
f 11390 11391 11392
f 11390 11392 11393
f 11392 11394 11393
f 11393 11394 11395
f 11396 11397 11398
f 11397 11399 11398
f 11400 11401 11402
f 11401 11403 11402
f 11402 11403 11404
f 11403 11405 11404
f 11404 11405 8537
f 11405 8535 8537
f 11406 11407 11408
f 11409 11410 11411
f 11410 11412 11411
f 11413 11414 11415
f 11414 11416 11415
f 11415 11416 11417
f 11418 11419 11415
f 11419 11420 11415
f 11415 11420 11413
f 11421 11422 11415
f 11422 11423 11415
f 11415 11423 11418
f 11417 11424 11415
f 11424 11425 11415
f 11415 11425 11421
f 11426 11427 11428
f 11427 11429 11428
f 11428 11429 11430
f 11429 11431 11430
f 11430 11431 11432
f 11431 11433 11432
f 11432 11433 11434
f 11433 11435 11434
f 11434 11435 11436
f 11435 11437 11436
f 11436 11437 11438
f 11437 11439 11438
f 11438 11439 11440
f 11439 11441 11440
f 11440 11441 11442
f 11441 11443 11442
f 11442 11443 11444
f 11443 11445 11444
f 11444 11445 11446
f 11445 11447 11446
f 11446 11447 11448
f 11447 11449 11448
f 11448 11449 11426
f 11449 11427 11426
f 11450 11451 11452
f 11451 11453 11452
f 11454 11455 11456
f 11455 11457 11456
f 11456 11457 11458
f 11457 11459 11458
f 11458 11459 11460
f 11454 11456 11461
f 11456 11462 11461
f 11461 11462 11463
f 11462 11464 11463
f 11463 11464 11465
f 11464 11466 11465
f 11465 11466 11467
f 11467 11466 11468
f 11466 11469 11468
f 11468 11469 11470
f 11470 11469 11471
f 11469 11472 11471
f 11471 11472 11473
f 11472 11474 11473
f 11473 11474 11475
f 11476 11477 11478
f 11477 11479 11478
f 11478 11479 11480
f 11479 11481 11480
f 11480 11481 11474
f 11481 11482 11474
f 11474 11482 11475
f 11459 11483 11460
f 11483 11484 11460
f 11460 11484 11476
f 11484 11485 11476
f 11476 11485 11477
f 11486 11487 11488
f 11489 11490 11491
f 11492 11493 11486
f 11494 11495 11492
f 11486 11488 11492
f 11488 11496 11492
f 11492 11496 11494
f 11497 11498 11499
f 11495 11500 11492
f 11500 11497 11492
f 11492 11497 11501
f 11497 11499 11501
f 11502 11503 11496
f 11503 11504 11496
f 11496 11504 11494
f 11498 11505 11499
f 11505 11489 11499
f 11499 11489 11506
f 11489 11491 11506
f 11489 11507 11490
f 11507 11508 11490
f 11490 11508 11509
f 11508 11502 11509
f 11509 11502 11510
f 11502 11496 11510
f 11511 11512 11513
f 11512 11514 11513
f 11513 11514 11515
f 11516 11517 11518
f 11519 11520 11521
f 11520 11522 11521
f 11521 11522 11523
f 11524 11525 11526
f 11525 11527 11526
f 11518 11517 11528
f 11517 11526 11528
f 11528 11526 11529
f 11526 11527 11529
f 11529 11527 11530
f 11531 11532 11522
f 11532 11533 11522
f 11534 11535 11536
f 11535 11537 11536
f 11536 11537 11538
f 11537 11513 11538
f 11538 11513 11519
f 11513 11539 11519
f 11519 11539 11520
f 11540 11511 11541
f 11511 11513 11541
f 11541 11513 11542
f 11513 11537 11542
f 11518 11543 11516
f 11543 11544 11516
f 11516 11544 11545
f 11544 11546 11545
f 11545 11546 11547
f 11546 11548 11547
f 11547 11548 11549
f 11548 11550 11549
f 11549 11550 11551
f 11550 11535 11551
f 11547 11552 11545
f 11552 11553 11545
f 11545 11553 11554
f 11553 11555 11554
f 11554 11555 11556
f 11555 11557 11556
f 11556 11557 11558
f 11557 11532 11558
f 11558 11532 11559
f 11532 11531 11559
f 11534 11560 11535
f 11560 11561 11535
f 11535 11561 11551
f 11561 11562 11551
f 11523 11522 11563
f 11522 11533 11563
f 11563 11533 11564
f 11533 11565 11564
f 11564 11565 11566
f 11565 11567 11566
f 11566 11567 11562
f 11567 11568 11562
f 11562 11568 11551
f 11569 11239 11570
f 11239 11238 11570
f 9705 9707 11571
f 9707 11572 11571
f 11571 11572 11573
f 11572 11574 11573
f 11573 11574 11575
f 11574 11576 11575
f 11577 11578 11579
f 11578 11580 11579
f 11581 11582 11583
f 11582 11584 11583
f 11585 11586 11587
f 11586 11588 11587
f 11587 11588 11589
f 11588 11590 11589
f 11589 11590 11591
f 11590 11592 11591
f 11591 11592 11270
f 11592 11268 11270
f 11593 11594 11595
f 11594 11596 11595
f 11595 11596 11597
f 11596 11598 11597
f 11597 11598 11275
f 11598 11274 11275
f 11599 11600 11601
f 11600 11602 11601
f 11603 11604 8515
f 11604 8516 8515
f 11605 11606 11607
f 11606 11608 11607
f 11607 11608 11609
f 11608 11610 11609
f 11609 11610 11611
f 11612 11613 11614
f 11613 11615 11614
f 11614 11615 11616
f 11615 11617 11616
f 11616 11617 11618
f 11617 11619 11618
f 11618 11619 11605
f 11619 11620 11605
f 11605 11620 11606
f 11621 11622 11623
f 11622 11624 11623
f 11623 11624 11625
f 11624 11626 11625
f 11625 11626 11627
f 11626 11628 11627
f 11627 11628 11629
f 11628 11630 11629
f 11629 11630 11631
f 11630 11632 11631
f 11631 11632 11633
f 11632 11634 11633
f 11633 11634 11635
f 11634 11636 11635
f 11635 11636 11637
f 11636 11638 11637
f 11637 11638 11639
f 11638 11640 11639
f 11639 11640 11641
f 11640 11642 11641
f 11641 11642 11643
f 11642 11644 11643
f 11643 11644 11621
f 11644 11622 11621
f 11645 11646 11647
f 11648 11649 11650
f 11649 11651 11650
f 11652 11653 11654
f 11653 11655 11654
f 11647 11656 11645
f 11656 11657 11645
f 11645 11657 11658
f 11657 11659 11658
f 11658 11659 11660
f 11659 11654 11660
f 11660 11654 11651
f 11654 11655 11651
f 11651 11655 11650
f 11661 11662 11663
f 11662 11664 11663
f 11663 11664 11665
f 11664 11666 11665
f 11665 11666 11667
f 9720 9719 10073
f 9719 10074 10073
f 11668 11669 11670
f 11669 11671 11670
f 11672 11673 11674
f 11673 11675 11674
f 11674 11675 11676
f 10085 10086 11677
f 10086 11678 11677
f 11677 11678 11679
f 11680 11681 11678
f 11681 11682 11678
f 11678 11682 11679
f 11683 11684 11685
f 11684 11686 11685
f 11685 11686 11687
f 11686 11688 11687
f 11687 11688 11689
f 11688 11690 11689
f 11689 11690 11691
f 11690 11692 11691
f 11691 11692 11693
f 11692 11694 11693
f 11693 11694 11695
f 11694 11696 11695
f 11695 11696 11697
f 11696 11698 11697
f 11697 11698 11699
f 11698 11700 11699
f 11699 11700 11701
f 11700 11702 11701
f 11701 11702 11703
f 11702 11704 11703
f 11703 11704 11705
f 11704 11706 11705
f 11705 11706 11683
f 11706 11684 11683
f 11707 11708 11709
f 11707 11709 11710
f 11709 11711 11710
f 11710 11711 11712
f 11713 11714 11715
f 11714 11716 11715
f 11717 11718 11719
f 11718 11715 11719
f 11719 11715 11720
f 11715 11716 11720
f 11720 11716 11721
f 11716 11722 11721
f 11723 11724 11725
f 11724 11726 11725
f 11726 11724 11727
f 11724 11728 11727
f 11727 11728 11729
f 11730 11731 11732
f 11731 11733 11732
f 11734 11735 11736
f 11735 11737 11736
f 11738 11739 11740
f 11739 11741 11740
f 11742 11743 11744
f 11743 11745 11744
f 11746 11747 11320
f 11747 11321 11320
f 11748 11749 11750
f 11749 11751 11750
f 11752 11753 11754
f 11754 11753 11755
f 11753 11756 11755
f 11755 11756 11757
f 11756 11758 11757
f 11757 11758 11759
f 11758 11760 11759
f 11759 11760 11761
f 11760 11762 11761
f 11761 11762 11763
f 11762 11764 11763
f 11763 11764 11765
f 11764 11766 11765
f 11765 11766 11767
f 11766 11768 11767
f 11767 11768 11769
f 11768 11770 11769
f 11769 11770 11771
f 11770 11772 11771
f 11771 11772 11773
f 11772 11774 11773
f 11773 11774 11775
f 11774 11776 11775
f 11775 11776 11777
f 11776 11778 11777
f 11777 11778 11779
f 11780 11781 11782
f 11780 11782 11783
f 11784 11785 11786
f 11787 11788 11789
f 11790 11791 11792
f 11793 11794 11785
f 11794 11795 11785
f 11785 11795 11786
f 11796 11792 11797
f 11792 11791 11797
f 11797 11791 11798
f 11799 11800 11801
f 11800 11802 11801
f 11803 11804 11805
f 11804 11806 11805
f 11805 11806 11807
f 11808 11782 11809
f 11782 11810 11809
f 11809 11810 11811
f 11812 11787 11813
f 11787 11789 11813
f 11813 11789 11808
f 11789 11814 11808
f 11808 11814 11782
f 11814 11815 11782
f 11782 11815 11783
f 11816 11817 11818
f 11817 11819 11818
f 11820 11821 11822
f 11823 11824 11825
f 11826 11827 11828
f 11827 11809 11828
f 11828 11809 11829
f 11809 11811 11829
f 11813 11830 11812
f 11830 11831 11812
f 11812 11831 11832
f 11831 11818 11832
f 11832 11818 11833
f 11818 11819 11833
f 11834 11835 11802
f 11835 11836 11802
f 11802 11836 11801
f 11836 11798 11801
f 11801 11798 11837
f 11798 11791 11837
f 11838 11839 11840
f 11839 11841 11840
f 11838 11842 11839
f 11842 11843 11839
f 11839 11843 11824
f 11843 11844 11824
f 11824 11844 11825
f 11792 11784 11790
f 11784 11786 11790
f 11790 11786 11845
f 11786 11843 11845
f 11845 11843 11846
f 11843 11842 11846
f 11807 11826 11805
f 11826 11828 11805
f 11805 11828 11847
f 11828 11823 11847
f 11847 11823 11848
f 11823 11825 11848
f 11849 11850 11851
f 11850 11852 11851
f 11818 11853 11816
f 11853 11804 11816
f 11816 11804 11852
f 11804 11803 11852
f 11852 11803 11851
f 11799 11854 11800
f 11854 11855 11800
f 11800 11855 11856
f 11822 11856 11820
f 11856 11855 11820
f 11820 11855 11857
f 11855 11840 11857
f 11857 11840 11858
f 11840 11841 11858
f 11859 11860 11861
f 11860 11862 11861
f 11861 11862 11863
f 11569 11570 11864
f 11569 11864 11865
f 11864 11866 11865
f 11865 11866 11867
f 11866 11868 11867
f 11867 11868 11869
f 11870 11871 11872
f 11871 11873 11872
f 11874 11875 11876
f 11875 11877 11876
f 11877 11875 11878
f 11875 11879 11878
f 11878 11879 11880
f 11881 11882 11883
f 11882 11884 11883
f 11883 11884 11885
f 11884 11886 11885
f 11885 11886 11887
f 11886 11888 11887
f 11887 11888 11582
f 11888 11584 11582
f 11889 11890 11891
f 11890 11892 11891
f 11891 11892 11893
f 11892 11894 11893
f 11895 11594 11896
f 11594 11593 11896
f 11897 11898 11899
f 11900 11901 11899
f 11901 11902 11899
f 11899 11902 11897
f 11902 11903 11897
f 11897 11903 11904
f 11905 11906 11907
f 11906 11905 11898
f 11900 11908 11909
f 11910 11911 11912
f 11913 11914 11915
f 11914 11916 11915
f 11915 11916 11917
f 11916 11901 11917
f 11917 11901 11918
f 11901 11900 11918
f 11918 11900 11919
f 11900 11909 11919
f 11920 11921 11922
f 11921 11905 11922
f 11922 11905 11923
f 11905 11907 11923
f 11924 11925 11926
f 11925 11899 11926
f 11926 11899 11927
f 11899 11898 11927
f 11927 11898 11928
f 11898 11905 11928
f 11929 11930 11931
f 11930 11904 11931
f 11931 11904 11912
f 11904 11903 11912
f 11912 11903 11910
f 11903 11932 11910
f 11933 11934 11935
f 11934 11936 11935
f 11937 11938 11939
f 11938 11940 11939
f 11939 11940 11941
f 11940 11942 11941
f 11941 11942 11943
f 11942 11944 11943
f 11943 11944 11945
f 11944 11946 11945
f 11945 11946 11947
f 11946 11948 11947
f 11947 11948 11949
f 11948 11950 11949
f 11949 11950 11951
f 11950 11952 11951
f 11951 11952 11953
f 11952 11954 11953
f 11953 11954 11955
f 11954 11956 11955
f 11955 11956 11957
f 11956 11958 11957
f 11957 11958 11959
f 11958 11960 11959
f 11959 11960 11937
f 11960 11938 11937
f 11961 11962 11963
f 11962 11389 11963
f 11963 11389 11964
f 11965 11966 11967
f 11966 11962 11967
f 11967 11962 11968
f 11962 11961 11968
f 11965 11969 11966
f 11969 11970 11966
f 11966 11970 11388
f 11970 11971 11388
f 11971 11972 11388
f 11972 11973 11388
f 11388 11973 11389
f 11973 11974 11389
f 11389 11974 11964
f 9165 11975 9164
f 11975 11976 9164
f 11580 11977 11579
f 11977 11978 11579
f 10947 10946 11267
f 10946 11266 11267
f 11671 11669 11979
f 11669 11980 11979
f 11979 11980 11981
f 11980 11982 11981
f 11981 11982 11983
f 11982 11984 11983
f 11985 11986 11987
f 11986 11988 11987
f 11987 11988 11989
f 9810 9816 11990
f 9816 11991 11990
f 11990 11991 11992
f 10084 10083 11991
f 10083 11993 11991
f 11991 11993 11992
f 11994 11995 11996
f 11995 11997 11996
f 11996 11997 11998
f 11999 12000 11996
f 12000 12001 11996
f 11996 12001 11994
f 12002 12003 11996
f 12003 12004 11996
f 11996 12004 11999
f 11998 12005 11996
f 12005 12006 11996
f 11996 12006 12002
f 12007 12008 12009
f 12008 12010 12009
f 12009 12010 12011
f 12010 12012 12011
f 12011 12012 12013
f 12012 12014 12013
f 12013 12014 12015
f 12014 12016 12015
f 12015 12016 12017
f 12016 12018 12017
f 12017 12018 12019
f 12018 12020 12019
f 12019 12020 12021
f 12020 12022 12021
f 12021 12022 12023
f 12022 12024 12023
f 12023 12024 12025
f 12024 12026 12025
f 12025 12026 12027
f 12026 12028 12027
f 12027 12028 12029
f 12028 12030 12029
f 12029 12030 12007
f 12030 12008 12007
f 11962 11966 12031
f 11966 12032 12031
f 12031 12032 12033
f 12033 12032 12034
f 12032 12035 12034
f 12034 12035 12036
f 11127 11126 12035
f 11126 12037 12035
f 12037 12038 12035
f 12038 12039 12035
f 12035 12039 12036
f 12040 12041 12042
f 12041 12043 12042
f 12044 12045 12046
f 12045 12047 12046
f 12048 12049 12050
f 12049 12051 12050
f 12049 12052 12053
f 12049 12053 12051
f 12053 12054 12051
f 12051 12054 12055
f 12056 12057 12058
f 12057 12059 12058
f 12058 12059 12060
f 12061 12062 12058
f 12062 12063 12058
f 12058 12063 12056
f 12064 12065 12058
f 12065 12066 12058
f 12058 12066 12061
f 12060 12067 12058
f 12067 12068 12058
f 12058 12068 12064
f 12069 12070 12071
f 12070 12072 12071
f 12071 12072 12073
f 12074 12075 12071
f 12075 12076 12071
f 12071 12076 12069
f 12077 12078 12071
f 12078 12079 12071
f 12071 12079 12074
f 12073 12080 12071
f 12080 12081 12071
f 12071 12081 12077
f 12082 12083 12084
f 12085 12086 12087
f 12088 8094 12089
f 8094 8099 12089
f 12089 8099 12090
f 12083 12091 12084
f 12091 12092 12084
f 12084 12092 12093
f 12092 12094 12093
f 12088 12095 8094
f 12095 12096 8094
f 8094 12096 12097
f 12094 12098 12093
f 12098 12099 12093
f 12093 12099 12100
f 12099 12101 12100
f 12100 12101 12102
f 12102 12087 12100
f 12087 12086 12100
f 12100 12086 8099
f 12086 12103 8099
f 8099 12103 12090
f 12096 12104 12097
f 12104 12105 12097
f 12097 12105 12106
f 12082 12084 12107
f 12084 12097 12107
f 12107 12097 12108
f 12097 12106 12108
f 12108 12106 12087
f 12106 12109 12087
f 12087 12109 12085
f 12110 12111 12112
f 12111 12113 12112
f 12114 12115 12116
f 12117 12118 12119
f 12119 12118 12120
f 12118 12121 12120
f 12120 12121 12122
f 12122 12121 12123
f 12121 12124 12123
f 12123 12124 12125
f 12125 12124 12126
f 12124 12127 12126
f 12126 12127 12128
f 12127 12129 12128
f 12128 12129 12130
f 12115 12114 12131
f 12114 12132 12131
f 12132 12133 12131
f 12131 12133 12129
f 12133 12134 12129
f 12129 12134 12130
f 12135 12136 12116
f 12136 12137 12116
f 12116 12137 12114
f 12138 12139 12140
f 12139 12141 12140
f 12140 12141 12135
f 12141 12142 12135
f 12135 12142 12136
f 12119 12143 12117
f 12143 12144 12117
f 12117 12144 12138
f 12144 12145 12138
f 12138 12145 12139
f 12146 12147 12148
f 12147 12149 12148
f 12148 12149 12150
f 12149 12151 12150
f 12150 12151 12152
f 12151 12153 12152
f 12152 12153 12154
f 12153 12155 12154
f 12154 12155 12156
f 12155 12157 12156
f 12156 12157 12158
f 12157 12159 12158
f 12158 12159 12160
f 12159 12161 12160
f 12160 12161 12162
f 12161 12163 12162
f 12162 12163 12164
f 12163 12165 12164
f 12164 12165 12166
f 12165 12167 12166
f 12166 12167 12168
f 12167 12169 12168
f 12168 12169 12146
f 12169 12147 12146
f 12170 12171 12172
f 12171 12173 12172
f 12172 12173 12174
f 12173 12175 12174
f 12174 12175 12176
f 12175 12177 12176
f 11868 12178 11869
f 12178 12179 11869
f 12180 12181 12182
f 12181 12183 12182
f 12182 12183 12184
f 12183 12185 12184
f 12184 12185 11872
f 12185 11870 11872
f 12186 12187 12188
f 12187 12189 12188
f 11881 12190 11882
f 12190 12191 11882
f 9059 9058 12192
f 9058 12193 12192
f 12192 12193 12194
f 12193 12195 12194
f 12194 12195 12196
f 12195 12197 12196
f 12198 12199 12200
f 12199 12201 12200
f 12200 12201 12202
f 12201 12203 12202
f 12202 12203 11896
f 12203 11895 11896
f 10713 10712 12204
f 10712 12205 12204
f 11934 11933 12206
f 11933 12207 12206
f 12206 12207 12208
f 12207 12209 12208
f 12208 12209 12210
f 12209 12211 12210
f 12212 12213 12214
f 12213 12215 12214
f 12214 12215 12216
f 12215 12217 12216
f 12216 12217 12218
f 12217 12219 12218
f 12218 12219 12220
f 12219 12221 12220
f 12220 12221 12222
f 12221 12223 12222
f 12222 12223 12224
f 12223 12225 12224
f 12224 12225 12226
f 12225 12227 12226
f 12226 12227 12228
f 12227 12229 12228
f 12228 12229 12230
f 12229 12231 12230
f 12230 12231 12232
f 12231 12233 12232
f 12232 12233 12234
f 12233 12235 12234
f 12234 12235 12212
f 12235 12213 12212
f 12236 12237 7822
f 12237 12238 7822
f 7822 12238 7840
f 12239 12240 12241
f 12241 12242 12239
f 12242 12243 12239
f 12239 12243 7822
f 12243 12244 7822
f 7822 12244 12236
f 10685 10058 10686
f 10058 10057 10686
f 12245 12246 12247
f 12246 12248 12247
f 12248 12246 12249
f 12246 12250 12249
f 12249 12250 12251
f 10136 12252 10137
f 12252 12253 10137
f 10115 12254 10116
f 12254 12255 10116
f 12256 12257 12258
f 12257 12259 12258
f 12258 12259 12260
f 12261 12262 12258
f 12262 12263 12258
f 12258 12263 12256
f 12264 12265 12258
f 12265 12266 12258
f 12258 12266 12261
f 12260 12267 12258
f 12267 12268 12258
f 12258 12268 12264
f 10981 10982 12269
f 10982 12270 12269
f 12269 12270 12271
f 12272 12273 12270
f 12273 12274 12270
f 12270 12274 12271
f 11604 11603 12275
f 11603 12276 12275
f 12275 12276 11936
f 12276 11935 11936
f 12277 12278 12279
f 12278 12280 12279
f 12279 12280 12281
f 12280 12282 12281
f 12281 12282 12283
f 12282 12284 12283
f 12283 12284 12285
f 12284 12286 12285
f 12285 12286 12287
f 12286 12288 12287
f 12287 12288 12289
f 12288 12290 12289
f 12289 12290 12291
f 12290 12292 12291
f 12291 12292 12293
f 12292 12294 12293
f 12293 12294 12295
f 12294 12296 12295
f 12295 12296 12297
f 12296 12298 12297
f 12297 12298 12299
f 12298 12300 12299
f 12299 12300 12277
f 12300 12278 12277
f 12050 8105 8104
f 8104 12301 12050
f 12301 12302 12050
f 12050 12302 12048
f 12302 12303 12048
f 12048 12303 12240
f 12303 12304 12240
f 12240 12304 12241
f 12305 8530 12306
f 8530 8529 12306
f 12307 12308 12309
f 12308 12310 12309
f 12309 12310 12311
f 12310 12312 12311
f 12311 12312 12313
f 12312 12314 12313
f 12315 12316 12317
f 12316 12318 12317
f 12317 12318 12319
f 12320 12321 12317
f 12321 12322 12317
f 12317 12322 12315
f 12323 12324 12317
f 12324 12325 12317
f 12317 12325 12320
f 12319 12326 12317
f 12326 12327 12317
f 12317 12327 12323
f 12328 12329 12330
f 12329 12331 12330
f 12330 12331 12332
f 12333 12334 12330
f 12334 12335 12330
f 12330 12335 12328
f 12336 12337 12330
f 12337 12338 12330
f 12330 12338 12333
f 12332 12339 12330
f 12339 12340 12330
f 12330 12340 12336
f 12341 12342 12343
f 12342 12344 12343
f 12343 12344 12345
f 12344 12346 12345
f 12345 12346 12347
f 12346 12348 12347
f 12347 12348 12349
f 12348 12350 12349
f 12349 12350 12351
f 12350 12352 12351
f 12351 12352 12353
f 12352 12354 12353
f 12353 12354 12355
f 12354 12356 12355
f 12355 12356 12357
f 12356 12358 12357
f 12357 12358 12359
f 12358 12360 12359
f 12359 12360 12361
f 12360 12362 12361
f 12361 12362 12363
f 12362 12364 12363
f 12363 12364 12341
f 12364 12342 12341
f 12365 12366 12367
f 12366 12368 12367
f 12367 12368 12369
f 12368 12370 12369
f 12369 12370 12371
f 12370 12372 12371
f 12371 12372 12373
f 12372 12374 12373
f 12373 12374 12375
f 12374 12376 12375
f 12375 12376 12377
f 12376 12378 12377
f 12377 12378 12379
f 12378 12380 12379
f 12379 12380 12381
f 12380 12382 12381
f 12381 12382 12383
f 12382 12384 12383
f 12383 12384 12385
f 12384 12386 12385
f 12385 12386 12387
f 12386 12388 12387
f 12387 12388 12365
f 12388 12366 12365
f 12389 12390 12391
f 12390 12392 12391
f 12391 12392 12393
f 12392 12394 12393
f 12393 12394 12395
f 12394 12396 12395
f 12395 12396 12397
f 12396 12398 12397
f 12397 12398 12399
f 12398 12400 12399
f 12399 12400 12401
f 12400 12402 12401
f 12401 12402 12403
f 12402 12404 12403
f 12403 12404 12405
f 12404 12406 12405
f 12405 12406 12407
f 12406 12408 12407
f 12407 12408 12409
f 12408 12410 12409
f 12409 12410 12411
f 12410 12412 12411
f 12411 12412 12389
f 12412 12390 12389
f 12413 12414 12415
f 12416 12417 12418
f 12418 12417 12419
f 12417 12420 12419
f 12419 12420 12421
f 12421 12420 12422
f 12420 12423 12422
f 12422 12423 12424
f 12424 12423 12425
f 12423 12426 12425
f 12425 12426 12427
f 12426 12428 12427
f 12427 12428 12429
f 12414 12413 12430
f 12413 12431 12430
f 12431 12432 12430
f 12430 12432 12428
f 12432 12433 12428
f 12428 12433 12429
f 12434 12435 12415
f 12435 12436 12415
f 12415 12436 12413
f 12437 12438 12439
f 12438 12440 12439
f 12439 12440 12434
f 12440 12441 12434
f 12434 12441 12435
f 12418 12442 12416
f 12442 12443 12416
f 12416 12443 12437
f 12443 12444 12437
f 12437 12444 12438
f 11255 12445 11256
f 12445 12446 11256
f 11256 12446 12447
f 12448 12449 12450
f 12449 12451 12450
f 12450 12451 12452
f 12451 12453 12452
f 12452 12453 12454
f 12454 12453 12455
f 12453 12456 12455
f 12455 12456 12457
f 12456 12458 12457
f 12457 12458 12459
f 12459 12458 11255
f 12458 12460 11255
f 11255 12460 12461
f 12461 12462 11255
f 12462 12463 11255
f 11255 12463 12445
f 12447 12464 11256
f 12464 12465 11256
f 11256 12465 12466
f 12465 12467 12466
f 12466 12467 12468
f 12467 12469 12468
f 12470 12471 12469
f 12471 12472 12469
f 12469 12472 12468
f 12473 12474 12475
f 12474 12476 12475
f 12475 12476 12470
f 12476 12477 12470
f 12470 12477 12471
f 12177 12478 12176
f 12478 12479 12176
f 12480 12481 12482
f 12481 12483 12482
f 12482 12483 12484
f 12210 12211 12485
f 12211 12181 12485
f 12485 12181 12486
f 12181 12180 12486
f 12487 12488 12489
f 12488 12490 12489
f 12489 12490 12491
f 12490 12492 12491
f 12491 12492 12493
f 12494 12495 12496
f 12495 12497 12496
f 12496 12497 12498
f 12497 12499 12498
f 12498 12499 12190
f 12499 12191 12190
f 8457 8458 12500
f 8458 12501 12500
f 12500 12501 12502
f 12501 12503 12502
f 12502 12503 12504
f 12503 12505 12504
f 12198 12506 12199
f 12506 12507 12199
f 12508 12509 12510
f 12509 12511 12510
f 12510 12511 12512
f 12511 12513 12512
f 12512 12513 12205
f 12513 12204 12205
f 12514 12515 12516
f 12515 12517 12516
f 12516 12517 12518
f 12517 12519 12518
f 12518 12519 9451
f 12519 9452 9451
f 12520 12521 12522
f 12521 12523 12522
f 9231 9230 12524
f 9230 12525 12524
f 11576 11245 11575
f 11245 11244 11575
f 12526 12527 12528
f 12529 12530 12531
f 12530 12532 12531
f 12531 12532 12526
f 12529 12531 12533
f 12531 12534 12533
f 12533 12534 12535
f 12536 12537 12538
f 12537 12539 12538
f 12538 12539 12540
f 12539 12531 12540
f 12540 12531 12541
f 12531 12526 12541
f 12541 12526 12542
f 12526 12528 12542
f 12543 12544 12545
f 12543 12545 12546
f 12545 8799 12546
f 12546 8799 8801
f 10782 10781 12547
f 10781 12548 12547
f 12547 12548 12549
f 12550 12551 12552
f 12551 12553 12552
f 12554 12555 12556
f 12555 12557 12556
f 12556 12557 12558
f 10980 10979 12557
f 10979 12559 12557
f 12557 12559 12558
f 12560 12561 12562
f 12561 12563 12562
f 12562 12563 12564
f 12563 12565 12564
f 12564 12565 10753
f 12565 10754 10753
f 12566 12567 12568
f 12569 11115 11114
f 12566 12568 11114
f 12568 12570 11114
f 11114 12570 12569
f 11115 12569 8089
f 12569 12571 8089
f 8089 12571 8090
f 12572 12573 12574
f 12573 12575 12574
f 12573 12576 12575
f 12576 12577 12575
f 12575 12577 12578
f 12579 12580 12581
f 12579 12581 12582
f 12581 12537 12582
f 12582 12537 12536
f 12583 12584 12585
f 12584 12586 12585
f 12585 12586 12587
f 12586 12588 12587
f 12587 12588 12589
f 12588 12590 12589
f 12591 12592 12593
f 12591 12593 12594
f 12593 12595 12594
f 12594 12595 12596
f 12595 11740 12596
f 12596 11740 11741
f 12597 12598 9921
f 12598 9922 9921
f 12599 12600 12601
f 12600 12602 12601
f 12601 12602 12603
f 12604 12605 12601
f 12605 12606 12601
f 12601 12606 12599
f 12607 12608 12601
f 12608 12609 12601
f 12601 12609 12604
f 12603 12610 12601
f 12610 12611 12601
f 12601 12611 12607
f 12612 12613 12614
f 12613 12615 12614
f 12614 12615 12616
f 12615 12617 12616
f 12616 12617 12618
f 12619 12620 12621
f 12620 12622 12621
f 12621 12622 12623
f 12622 12624 12623
f 12623 12624 12625
f 12624 12626 12625
f 12625 12626 12627
f 12626 12628 12627
f 12627 12628 12629
f 12628 12630 12629
f 12629 12630 12631
f 12630 12632 12631
f 12631 12632 12633
f 12632 12634 12633
f 12633 12634 12635
f 12634 12636 12635
f 12635 12636 12637
f 12636 12638 12637
f 12637 12638 12639
f 12638 12640 12639
f 12639 12640 12641
f 12640 12642 12641
f 12641 12642 12619
f 12642 12620 12619
f 12643 12644 12645
f 12644 12646 12645
f 12645 12646 12647
f 12646 12648 12647
f 12647 12648 12649
f 12649 12648 12650
f 12648 12651 12650
f 12650 12651 12652
f 12652 12651 12653
f 12651 12654 12653
f 12653 12654 12655
f 12656 12657 12658
f 12657 12659 12658
f 12658 12659 12660
f 12659 12661 12660
f 12660 12661 12662
f 12661 12663 12662
f 12662 12663 12654
f 12663 12664 12654
f 12654 12664 12655
f 12665 12666 12656
f 12666 12667 12656
f 12656 12667 12657
f 12643 12668 12644
f 12668 12669 12644
f 12644 12669 12670
f 12669 12671 12670
f 12670 12671 12672
f 12671 12673 12672
f 12672 12673 12665
f 12673 12674 12665
f 12665 12674 12666
f 12675 12676 12677
f 12676 12678 12677
f 12677 12678 12679
f 12678 12680 12679
f 12679 12680 12681
f 12680 12682 12681
f 12681 12682 12683
f 12682 12684 12683
f 12683 12684 12685
f 12684 12686 12685
f 12685 12686 12687
f 12686 12688 12687
f 12687 12688 12689
f 12688 12690 12689
f 12689 12690 12691
f 12690 12692 12691
f 12691 12692 12693
f 12692 12694 12693
f 12693 12694 12695
f 12694 12696 12695
f 12695 12696 12697
f 12696 12698 12697
f 12697 12698 12675
f 12698 12676 12675
f 12699 12700 12701
f 12700 12702 12701
f 12701 12702 12703
f 12702 12704 12703
f 12703 12704 12705
f 12704 12706 12705
f 8002 8000 12707
f 8000 12708 12707
f 12707 12708 12709
f 12708 12710 12709
f 12709 12710 12483
f 12710 12484 12483
f 8004 8003 12711
f 8003 12712 12711
f 12711 12712 12713
f 12712 12714 12713
f 12713 12714 12486
f 12714 12485 12486
f 12715 12716 12717
f 12716 12718 12717
f 12719 12495 12720
f 12495 12494 12720
f 12720 12494 12543
f 12494 12721 12543
f 12543 12721 12544
f 12721 12722 12544
f 12505 8877 12504
f 8877 8876 12504
f 12723 12724 12725
f 12724 12726 12725
f 12725 12726 12727
f 12726 12728 12727
f 12727 12728 12729
f 12728 12730 12729
f 12729 12730 12731
f 12730 12732 12731
f 12731 12732 12733
f 12732 12734 12733
f 12733 12734 12735
f 12734 12736 12735
f 12735 12736 12737
f 12736 12738 12737
f 12737 12738 12739
f 12738 12740 12739
f 12739 12740 12741
f 12740 12742 12741
f 12741 12742 12743
f 12742 12744 12743
f 12743 12744 12745
f 12744 12746 12745
f 12745 12746 12723
f 12746 12724 12723
f 12508 8075 12509
f 8075 12747 12509
f 12509 12747 12748
f 12747 12749 12748
f 12750 12751 12752
f 12751 12753 12752
f 12752 12753 12754
f 12753 12755 12754
f 12567 12566 12756
f 12566 12757 12756
f 12093 12100 12758
f 12758 12759 12093
f 12759 12760 12093
f 12093 12760 12757
f 12760 12761 12757
f 12757 12761 12756
f 12762 12763 12764
f 12763 12765 12764
f 12766 11044 12767
f 11044 11043 12767
f 11325 11324 12579
f 11324 12580 12579
f 9780 9779 12768
f 9780 12768 12769
f 12768 12770 12769
f 12769 12770 12771
f 12770 12719 12771
f 12771 12719 12720
f 12772 12773 12774
f 12773 12775 12774
f 12774 12775 12776
f 12775 12777 12776
f 12776 12777 12778
f 12777 12779 12778
f 12778 12779 12780
f 12779 12781 12780
f 12780 12781 12782
f 12781 12783 12782
f 12782 12783 12784
f 12783 12785 12784
f 12784 12785 12786
f 12785 12787 12786
f 12786 12787 12788
f 12787 12789 12788
f 12788 12789 12790
f 12789 12791 12790
f 12790 12791 12792
f 12791 12793 12792
f 12792 12793 12794
f 12793 12795 12794
f 12794 12795 12772
f 12795 12773 12772
f 12796 12797 12798
f 12797 12799 12798
f 12798 12799 12800
f 12799 12801 12800
f 12800 12801 12802
f 12801 12803 12802
f 12802 12803 12804
f 12803 12805 12804
f 12804 12805 12806
f 12805 12807 12806
f 12806 12807 12808
f 12807 12809 12808
f 12808 12809 12810
f 12809 12811 12810
f 12810 12811 12812
f 12811 12813 12812
f 12812 12813 12814
f 12813 12815 12814
f 12814 12815 12816
f 12815 12817 12816
f 12816 12817 12818
f 12817 12819 12818
f 12818 12819 12796
f 12819 12797 12796
f 12820 12821 12822
f 12822 12823 12824
f 12824 12825 12822
f 12825 12826 12822
f 12822 12826 12820
f 12592 12591 12560
f 12591 12561 12560
f 12522 12523 12827
f 12522 12827 12828
f 12827 8901 12828
f 12828 8901 8902
f 12829 12830 12831
f 12830 12832 12831
f 12549 12548 12833
f 12549 12833 12834
f 12833 12534 12834
f 12834 12534 12531
f 12835 12836 12837
f 12836 12838 12837
f 12837 12838 12839
f 12838 12840 12839
f 12839 12840 12841
f 12840 12842 12841
f 12843 12844 12845
f 12844 12846 12845
f 12845 12846 12847
f 12848 12849 12845
f 12849 12850 12845
f 12845 12850 12843
f 12851 12852 12845
f 12852 12853 12845
f 12845 12853 12848
f 12847 12854 12845
f 12854 12855 12845
f 12845 12855 12851
f 12856 12857 12858
f 12857 12859 12858
f 12858 12859 12860
f 12861 12862 12858
f 12862 12863 12858
f 12858 12863 12856
f 12864 12865 12858
f 12865 12866 12858
f 12858 12866 12861
f 12860 12867 12858
f 12867 12868 12858
f 12858 12868 12864
f 12869 12870 12871
f 12870 12872 12871
f 12871 12872 12873
f 12872 12874 12873
f 12873 12874 12875
f 12874 12876 12875
f 12875 12876 12877
f 12876 12878 12877
f 12877 12878 12879
f 12878 12880 12879
f 12879 12880 12881
f 12880 12882 12881
f 12881 12882 12883
f 12882 12884 12883
f 12883 12884 12885
f 12884 12886 12885
f 12885 12886 12887
f 12886 12888 12887
f 12887 12888 12889
f 12888 12890 12889
f 12889 12890 12891
f 12890 12892 12891
f 12891 12892 12869
f 12892 12870 12869
f 12893 12894 12895
f 12894 12896 12895
f 12895 12896 12897
f 12896 12898 12897
f 12897 12898 12899
f 12898 12900 12899
f 12899 12900 12901
f 12900 12902 12901
f 12901 12902 12903
f 12902 12904 12903
f 12903 12904 12905
f 12904 12906 12905
f 12905 12906 12907
f 12906 12908 12907
f 12907 12908 12909
f 12908 12910 12909
f 12909 12910 12911
f 12910 12912 12911
f 12911 12912 12913
f 12912 12914 12913
f 12913 12914 12915
f 12914 12916 12915
f 12915 12916 12893
f 12916 12894 12893
f 12917 12918 12919
f 12918 12920 12919
f 12919 12920 12921
f 12920 12922 12921
f 12921 12922 12923
f 12922 12924 12923
f 12923 12924 12925
f 12924 12926 12925
f 12925 12926 12927
f 12926 12928 12927
f 12927 12928 12929
f 12928 12930 12929
f 12929 12930 12931
f 12930 12932 12931
f 12931 12932 12933
f 12932 12934 12933
f 12933 12934 12935
f 12934 12936 12935
f 12935 12936 12937
f 12936 12938 12937
f 12937 12938 12939
f 12938 12940 12939
f 12939 12940 12917
f 12940 12918 12917
f 12941 12942 12943
f 12942 12944 12943
f 12943 12944 12945
f 12944 12946 12945
f 12945 12946 12947
f 12946 12948 12947
f 12947 12948 12949
f 12948 12950 12949
f 12949 12950 12951
f 12950 12952 12951
f 12951 12952 12953
f 12952 12954 12953
f 12953 12954 12955
f 12954 12956 12955
f 12955 12956 12957
f 12956 12958 12957
f 12957 12958 12959
f 12958 12960 12959
f 12959 12960 12961
f 12960 12962 12961
f 12961 12962 12963
f 12962 12964 12963
f 12963 12964 12941
f 12964 12942 12941
f 12965 12966 12967
f 12966 12968 12967
f 12967 12968 12969
f 12968 12970 12969
f 12969 12970 12971
f 12970 12972 12971
f 12971 12972 12973
f 12972 12974 12973
f 12973 12974 12975
f 12974 12976 12975
f 12975 12976 12977
f 12976 12978 12977
f 12977 12978 12979
f 12978 12980 12979
f 12979 12980 12981
f 12980 12982 12981
f 12981 12982 12983
f 12982 12984 12983
f 12983 12984 12985
f 12984 12986 12985
f 12985 12986 12987
f 12986 12988 12987
f 12987 12988 12965
f 12988 12966 12965
f 12989 12990 12991
f 12990 12992 12991
f 12991 12992 12993
f 12992 12994 12993
f 12993 12994 12995
f 12994 12996 12995
f 12995 12996 12997
f 12996 12998 12997
f 12997 12998 12999
f 12998 13000 12999
f 12999 13000 13001
f 13000 13002 13001
f 13001 13002 13003
f 13002 13004 13003
f 13003 13004 13005
f 13004 13006 13005
f 13005 13006 13007
f 13006 13008 13007
f 13007 13008 13009
f 13008 13010 13009
f 13009 13010 13011
f 13010 13012 13011
f 13011 13012 12989
f 13012 12990 12989
f 13013 13014 13015
f 13014 13016 13015
f 13015 13016 13017
f 13016 13018 13017
f 13017 13018 13019
f 13018 13020 13019
f 13019 13020 13021
f 13020 13022 13021
f 13021 13022 13023
f 13022 13024 13023
f 13023 13024 13025
f 13024 13026 13025
f 13025 13026 13027
f 13026 13028 13027
f 13027 13028 13029
f 13028 13030 13029
f 13029 13030 13031
f 13030 13032 13031
f 13031 13032 13033
f 13032 13034 13033
f 13033 13034 13035
f 13034 13036 13035
f 13035 13036 13013
f 13036 13014 13013
f 13037 13038 13039
f 13038 13040 13039
f 13039 13040 13041
f 13040 13042 13041
f 13041 13042 13043
f 13042 13044 13043
f 13043 13044 13045
f 13044 13046 13045
f 13045 13046 13047
f 13046 13048 13047
f 13047 13048 13049
f 13048 13050 13049
f 13049 13050 13051
f 13050 13052 13051
f 13051 13052 13053
f 13052 13054 13053
f 13053 13054 13055
f 13054 13056 13055
f 13055 13056 13057
f 13056 13058 13057
f 13057 13058 13059
f 13058 13060 13059
f 13059 13060 13037
f 13060 13038 13037
f 13061 13062 13063
f 13062 13064 13063
f 13063 13064 13065
f 13064 13066 13065
f 13065 13066 13067
f 13066 13068 13067
f 13067 13068 13069
f 13068 13070 13069
f 13069 13070 13071
f 13070 13072 13071
f 13071 13072 13073
f 13072 13074 13073
f 13073 13074 13075
f 13074 13076 13075
f 13075 13076 13077
f 13076 13078 13077
f 13077 13078 13079
f 13078 13080 13079
f 13079 13080 13081
f 13080 13082 13081
f 13081 13082 13083
f 13082 13084 13083
f 13083 13084 13061
f 13084 13062 13061
f 13085 13086 13087
f 13086 13088 13087
f 13087 13088 13089
f 13090 13091 13087
f 13091 13092 13087
f 13087 13092 13085
f 13093 13094 13087
f 13094 13095 13087
f 13087 13095 13090
f 13089 13096 13087
f 13096 13097 13087
f 13087 13097 13093
f 13098 13099 13100
f 13099 13101 13100
f 13100 13101 13102
f 13101 13103 13102
f 13102 13103 13104
f 13103 13105 13104
f 13104 13105 13106
f 13105 13107 13106
f 13106 13107 13108
f 13107 13109 13108
f 13108 13109 13110
f 13109 13111 13110
f 13110 13111 13112
f 13111 13113 13112
f 13112 13113 13114
f 13113 13115 13114
f 13114 13115 13116
f 13115 13117 13116
f 13116 13117 13118
f 13117 13119 13118
f 13118 13119 13120
f 13119 13121 13120
f 13120 13121 13098
f 13121 13099 13098
f 13122 13123 13124
f 13123 13125 13124
f 13124 13125 13126
f 13125 13127 13126
f 13126 13127 13128
f 13127 13129 13128
f 13128 13129 13130
f 13129 13131 13130
f 13130 13131 13132
f 13131 13133 13132
f 13132 13133 13134
f 13133 13135 13134
f 13134 13135 13136
f 13135 13137 13136
f 13136 13137 13138
f 13137 13139 13138
f 13138 13139 13140
f 13139 13141 13140
f 13140 13141 13142
f 13141 13143 13142
f 13142 13143 13144
f 13143 13145 13144
f 13144 13145 13122
f 13145 13123 13122
f 13146 13147 13148
f 13147 13149 13148
f 13148 13149 13150
f 13149 13151 13150
f 13150 13151 13152
f 13151 13153 13152
f 13152 13153 13154
f 13153 13155 13154
f 13154 13155 13156
f 13155 13157 13156
f 13156 13157 13158
f 13157 13159 13158
f 13158 13159 13160
f 13159 13161 13160
f 13160 13161 13162
f 13161 13163 13162
f 13162 13163 13164
f 13163 13165 13164
f 13164 13165 13166
f 13165 13167 13166
f 13166 13167 13168
f 13167 13169 13168
f 13168 13169 13146
f 13169 13147 13146
f 13170 13171 13172
f 13171 13173 13172
f 13172 13173 13174
f 13173 13175 13174
f 13174 13175 13176
f 13175 13177 13176
f 13176 13177 13178
f 13177 13179 13178
f 13178 13179 13180
f 13179 13181 13180
f 13180 13181 13182
f 13181 13183 13182
f 13182 13183 13184
f 13183 13185 13184
f 13184 13185 13186
f 13185 13187 13186
f 13186 13187 13188
f 13187 13189 13188
f 13188 13189 13190
f 13189 13191 13190
f 13190 13191 13192
f 13191 13193 13192
f 13192 13193 13170
f 13193 13171 13170
f 13194 13195 13196
f 13195 13197 13196
f 13196 13197 13198
f 13197 13199 13198
f 13198 13199 13200
f 13199 13201 13200
f 13200 13201 13202
f 13201 13203 13202
f 13202 13203 13204
f 13203 13205 13204
f 13204 13205 13206
f 13205 13207 13206
f 13206 13207 13208
f 13207 13209 13208
f 13208 13209 13210
f 13209 13211 13210
f 13210 13211 13212
f 13211 13213 13212
f 13212 13213 13214
f 13213 13215 13214
f 13214 13215 13216
f 13215 13217 13216
f 13216 13217 13194
f 13217 13195 13194
f 13218 13219 13220
f 13221 13222 13220
f 13222 13223 13220
f 13220 13223 13218
f 13224 13225 13221
f 13225 13226 13221
f 13221 13226 13222
f 13218 13227 13219
f 13227 13228 13219
f 13219 13228 13229
f 13230 13231 13224
f 13231 13232 13224
f 13224 13232 13225
f 13228 13233 13229
f 13233 13234 13229
f 13229 13234 13230
f 13234 13235 13230
f 13230 13235 13231
f 13236 13237 13238
f 13237 13239 13238
f 13240 13241 13242
f 13241 13243 13242
f 13244 13245 13246
f 13245 13247 13246
f 13248 13249 13250
f 13249 13251 13250
f 13252 13253 13254
f 13253 13255 13254
f 13256 13257 13258
f 13257 13259 13258
f 13260 13261 13262
f 13261 13263 13262
f 13262 13263 13264
f 13263 13265 13264
f 13266 13267 13268
f 13267 13269 13268
f 13270 13271 13272
f 13273 13274 13275
f 13276 13277 13274
f 13277 13278 13274
f 13274 13278 13275
f 13272 13279 13270
f 13279 13280 13270
f 13270 13280 13276
f 13280 13281 13276
f 13276 13281 13277
f 13282 13283 13271
f 13283 13284 13271
f 13271 13284 13272
f 13275 13285 13273
f 13285 13286 13273
f 13273 13286 13282
f 13286 13287 13282
f 13282 13287 13283
f 13288 13289 13290
f 13289 13291 13290
f 13292 13293 13294
f 13293 13295 13294
f 13296 13297 13298
f 13297 13299 13298
f 13300 13301 13302
f 13301 13303 13302
f 13304 13305 13306
f 13305 13307 13306
f 13308 13309 13310
f 13309 13311 13310
f 13310 13311 13312
f 13311 13313 13312
f 13314 13315 13316
f 13315 13317 13316
f 13316 13317 13318
f 13317 13319 13318
f 13318 13319 13320
f 13319 13321 13320
f 13320 13321 13322
f 13321 13323 13322
f 13322 13323 13324
f 13323 13325 13324
f 13324 13325 13326
f 13325 13327 13326
f 13326 13327 13328
f 13327 13329 13328
f 13328 13329 13330
f 13329 13331 13330
f 13330 13331 13332
f 13331 13333 13332
f 13332 13333 13334
f 13333 13335 13334
f 13334 13335 13336
f 13335 13337 13336
f 13336 13337 13314
f 13337 13315 13314
f 13338 13339 13340
f 13339 13341 13340
f 13340 13341 13342
f 13343 13344 13340
f 13344 13345 13340
f 13340 13345 13338
f 13346 13347 13340
f 13347 13348 13340
f 13340 13348 13343
f 13342 13349 13340
f 13349 13350 13340
f 13340 13350 13346
f 13351 13352 13353
f 13352 13354 13353
f 13353 13354 13355
f 13354 13356 13355
f 13355 13356 13357
f 13356 13358 13357
f 13357 13358 13359
f 13358 13360 13359
f 13359 13360 13361
f 13360 13362 13361
f 13361 13362 13363
f 13362 13364 13363
f 13363 13364 13365
f 13364 13366 13365
f 13365 13366 13367
f 13366 13368 13367
f 13367 13368 13369
f 13368 13370 13369
f 13369 13370 13371
f 13370 13372 13371
f 13371 13372 13373
f 13372 13374 13373
f 13373 13374 13351
f 13374 13352 13351
f 13375 13376 13377
f 13376 13378 13377
f 13377 13378 13379
f 13378 13380 13379
f 13379 13380 13381
f 13380 13382 13381
f 13381 13382 13383
f 13382 13384 13383
f 13383 13384 13385
f 13384 13386 13385
f 13385 13386 13387
f 13386 13388 13387
f 13387 13388 13389
f 13388 13390 13389
f 13389 13390 13391
f 13390 13392 13391
f 13391 13392 13393
f 13392 13394 13393
f 13393 13394 13395
f 13394 13396 13395
f 13395 13396 13397
f 13396 13398 13397
f 13397 13398 13375
f 13398 13376 13375
f 13399 13400 13401
f 13400 13402 13401
f 13401 13402 13403
f 13402 13404 13403
f 13403 13404 13405
f 13404 13406 13405
f 13405 13406 13407
f 13406 13408 13407
f 13407 13408 13409
f 13408 13410 13409
f 13409 13410 13411
f 13410 13412 13411
f 13411 13412 13413
f 13412 13414 13413
f 13413 13414 13415
f 13414 13416 13415
f 13415 13416 13417
f 13416 13418 13417
f 13417 13418 13419
f 13418 13420 13419
f 13419 13420 13421
f 13420 13422 13421
f 13421 13422 13399
f 13422 13400 13399
f 13423 13424 13425
f 13424 13426 13425
f 13425 13426 13427
f 13426 13428 13427
f 13427 13428 13429
f 13428 13430 13429
f 13429 13430 13431
f 13430 13432 13431
f 13431 13432 13433
f 13432 13434 13433
f 13433 13434 13435
f 13434 13436 13435
f 13435 13436 13437
f 13436 13438 13437
f 13437 13438 13439
f 13438 13440 13439
f 13439 13440 13441
f 13440 13442 13441
f 13441 13442 13443
f 13442 13444 13443
f 13443 13444 13445
f 13444 13446 13445
f 13445 13446 13423
f 13446 13424 13423
f 13447 13448 13449
f 13448 13450 13449
f 13451 13452 13453
f 13451 13453 13454
f 13453 13455 13454
f 13454 13455 13456
f 13455 13457 13456
f 13456 13457 13458
f 13459 13460 13461
f 13460 13462 13461
f 13463 13464 13465
f 13463 13465 13466
f 13465 13467 13466
f 13466 13467 13468
f 13467 13469 13468
f 13468 13469 13470
f 13449 13450 13471
f 13449 13471 13472
f 13471 13473 13472
f 13472 13473 13474
f 13473 13460 13474
f 13474 13460 13459
f 13470 13469 13475
f 13469 13476 13475
f 13477 13478 13479
f 13477 13479 13480
f 13479 13481 13480
f 13480 13481 13482
f 13481 13448 13482
f 13482 13448 13447
f 13458 13457 13483
f 13457 13484 13483
f 13485 13486 13477
f 13486 13478 13477
f 13483 13484 13487
f 13483 13487 13488
f 13487 13489 13488
f 13488 13489 13490
f 13491 13492 13493
f 13491 13493 13494
f 13493 13486 13494
f 13494 13486 13485
f 13495 13496 13489
f 13496 13490 13489
f 13497 13498 13491
f 13498 13492 13491
f 13499 13500 13501
f 13500 13502 13501
f 13501 13502 13495
f 13502 13496 13495
f 13503 13504 13505
f 13504 13506 13505
f 13505 13506 13497
f 13506 13498 13497
f 13507 13508 13499
f 13508 13500 13499
f 13509 13510 13503
f 13510 13504 13503
f 13508 13507 13511
f 13508 13511 13512
f 13511 13513 13512
f 13512 13513 13514
f 13513 13515 13514
f 13514 13515 13516
f 13517 13518 13519
f 13517 13519 13520
f 13519 13521 13520
f 13520 13521 13522
f 13521 13510 13522
f 13522 13510 13509
f 13523 13524 13525
f 13524 13526 13525
f 13525 13526 13527
f 13526 13528 13527
f 13527 13528 13529
f 13528 13530 13529
f 13529 13530 13531
f 13530 13532 13531
f 13531 13532 13533
f 13532 13534 13533
f 13533 13534 13535
f 13534 13536 13535
f 13535 13536 13537
f 13536 13538 13537
f 13537 13538 13539
f 13538 13540 13539
f 13539 13540 13541
f 13540 13542 13541
f 13541 13542 13543
f 13542 13544 13543
f 13543 13544 13545
f 13544 13546 13545
f 13545 13546 13523
f 13546 13524 13523
f 13547 13548 13549
f 13548 13550 13549
f 13549 13550 13551
f 13550 13552 13551
f 13551 13552 13553
f 13552 13554 13553
f 13553 13554 13555
f 13554 13556 13555
f 13555 13556 13557
f 13556 13558 13557
f 13557 13558 13559
f 13558 13560 13559
f 13559 13560 13561
f 13560 13562 13561
f 13561 13562 13563
f 13562 13564 13563
f 13563 13564 13565
f 13564 13566 13565
f 13565 13566 13567
f 13566 13568 13567
f 13567 13568 13569
f 13568 13570 13569
f 13569 13570 13547
f 13570 13548 13547
f 13571 13572 13573
f 13572 13574 13573
f 13573 13574 13575
f 13574 13576 13575
f 13575 13576 13577
f 13576 13578 13577
f 13577 13578 13579
f 13578 13580 13579
f 13579 13580 13581
f 13580 13582 13581
f 13581 13582 13583
f 13582 13584 13583
f 13583 13584 13585
f 13584 13586 13585
f 13585 13586 13587
f 13586 13588 13587
f 13587 13588 13589
f 13588 13590 13589
f 13589 13590 13591
f 13590 13592 13591
f 13591 13592 13593
f 13592 13594 13593
f 13593 13594 13571
f 13594 13572 13571
f 13595 13596 13597
f 13596 13598 13597
f 13597 13598 13599
f 13600 13601 13602
f 13602 13603 13600
f 13603 13604 13600
f 13600 13604 13605
f 13606 13607 13608
f 13607 13609 13608
f 13608 13609 13610
f 13609 13611 13610
f 13610 13611 13612
f 13613 13614 13606
f 13614 13615 13606
f 13606 13615 13607
f 13606 13616 13613
f 13616 13617 13613
f 13613 13617 13618
f 13617 13619 13618
f 13618 13619 13620
f 13620 13621 13622
f 13604 13623 13605
f 13623 13624 13605
f 13605 13624 13625
f 13624 13626 13625
f 13625 13626 13627
f 13628 13629 13630
f 13629 13631 13630
f 13630 13631 13632
f 13631 13618 13632
f 13632 13618 13633
f 13618 13620 13633
f 13633 13620 13634
f 13620 13622 13634
f 13630 13635 13628
f 13635 13636 13628
f 13628 13636 13625
f 13636 13637 13625
f 13625 13637 13605
f 13598 13612 13599
f 13612 13611 13599
f 13599 13611 13638
f 13611 13639 13638
f 13638 13639 13640
f 13639 13641 13640
f 13640 13641 13642
f 13641 13643 13642
f 13642 13643 13644
f 13643 13645 13644
f 13644 13645 13646
f 13645 13647 13646
f 13597 13648 13595
f 13648 13649 13595
f 13595 13649 13621
f 13649 13650 13621
f 13621 13650 13622
f 13650 13651 13622
f 13622 13651 13652
f 13651 13647 13652
f 13652 13647 13653
f 13647 13645 13653
f 13653 13645 13600
f 13645 13654 13600
f 13600 13654 13601
f 13654 13655 13601
f 13601 13655 13656
f 13655 13657 13656
f 13656 13657 13658
f 13657 13659 13658
f 13658 13659 13660
f 13659 13661 13660
f 13660 13661 13662
f 13661 13663 13662
f 13662 13663 13627
f 13663 13664 13627
f 13627 13664 13625
f 13664 13665 13625
f 13666 13667 13668
f 13667 13669 13668
f 13668 13669 13670
f 13669 13671 13670
f 13670 13671 13672
f 13671 13673 13672
f 13672 13673 13674
f 13673 13675 13674
f 13674 13675 13676
f 13675 13677 13676
f 13676 13677 13678
f 13677 13679 13678
f 13678 13679 13680
f 13679 13681 13680
f 13680 13681 13682
f 13681 13683 13682
f 13682 13683 13684
f 13683 13685 13684
f 13684 13685 13686
f 13685 13687 13686
f 13686 13687 13688
f 13687 13689 13688
f 13688 13689 13666
f 13689 13667 13666
f 13690 13691 13692
f 13691 13693 13692
f 13692 13693 13694
f 13693 13695 13694
f 13694 13695 13696
f 13695 13697 13696
f 13696 13697 13698
f 13697 13699 13698
f 13698 13699 13700
f 13699 13701 13700
f 13700 13701 13702
f 13701 13703 13702
f 13702 13703 13704
f 13703 13705 13704
f 13704 13705 13706
f 13705 13707 13706
f 13706 13707 13708
f 13707 13709 13708
f 13708 13709 13710
f 13709 13711 13710
f 13710 13711 13712
f 13711 13713 13712
f 13712 13713 13690
f 13713 13691 13690
f 13714 13715 13716
f 13715 13717 13716
f 13716 13717 13718
f 13717 13719 13718
f 13718 13719 13720
f 13719 13721 13720
f 13720 13721 13722
f 13721 13723 13722
f 13722 13723 13724
f 13723 13725 13724
f 13724 13725 13726
f 13725 13727 13726
f 13726 13727 13728
f 13727 13729 13728
f 13728 13729 13730
f 13729 13731 13730
f 13730 13731 13732
f 13731 13733 13732
f 13732 13733 13734
f 13733 13735 13734
f 13734 13735 13736
f 13735 13737 13736
f 13736 13737 13714
f 13737 13715 13714
f 13738 13739 13515
f 13739 13516 13515
f 13740 13741 13517
f 13741 13518 13517
f 13739 13738 13742
f 13739 13742 13743
f 13742 13744 13743
f 13743 13744 13745
f 13744 13746 13745
f 13745 13746 13747
f 13746 13748 13747
f 13747 13748 13749
f 13461 13462 13750
f 13461 13750 13751
f 13750 13752 13751
f 13751 13752 13753
f 13752 13754 13753
f 13753 13754 13755
f 13754 13741 13755
f 13755 13741 13740
f 13756 13757 13758
f 13757 13759 13758

