# https://github.com/mikedh/trimesh
v -0.02120000 0.02909486 -0.16699011
v -0.02620000 0.02909486 -0.16699011
v -0.02120000 0.03409486 -0.16699027
v -0.02620000 0.03409486 -0.16699027
v -0.02620000 0.03409486 -0.16699027
v -0.02620000 0.03459487 -0.16649029
v -0.02120000 0.03409486 -0.16699027
v -0.02120000 0.03459487 -0.16649029
v -0.02620000 0.02859487 -0.16649010
v -0.02620000 0.02909486 -0.16699011
v -0.02120000 0.02859487 -0.16649010
v -0.02120000 0.02909486 -0.16699011
v -0.02620000 0.02909486 -0.16699011
v -0.02670000 0.02909487 -0.16649012
v -0.02620000 0.03409486 -0.16699027
v -0.02670000 0.03409487 -0.16649027
v -0.02620000 0.02909609 -0.12699012
v -0.02120000 0.02909609 -0.12699012
v -0.02620000 0.03409609 -0.12699027
v -0.02120000 0.03409609 -0.12699027
v -0.02120000 0.03459607 -0.12749029
v -0.02070000 0.03409607 -0.12749027
v -0.02120000 0.03459487 -0.16649029
v -0.02070000 0.03409487 -0.16649027
v -0.02070000 0.02909487 -0.16649012
v -0.02070000 0.03009594 -0.13199015
v -0.02070000 0.02909607 -0.12749012
v -0.02070000 0.03029692 -0.13124015
v -0.02070000 0.03029626 -0.15274015
v -0.02070000 0.03009532 -0.15199015
v -0.02070000 0.03234598 -0.13069118
v -0.02070000 0.03409607 -0.12749027
v -0.02070000 0.03159598 -0.13049019
v -0.02070000 0.03084598 -0.13069113
v -0.02070000 0.03084590 -0.13328921
v -0.02070000 0.03029687 -0.13274015
v -0.02070000 0.03289500 -0.13124023
v -0.02070000 0.03309594 -0.13199024
v -0.02070000 0.03409487 -0.16649027
v -0.02070000 0.03309532 -0.15199024
v -0.02070000 0.03289433 -0.15274023
v -0.02070000 0.03289495 -0.13274023
v -0.02070000 0.03234590 -0.13328925
v -0.02070000 0.03289438 -0.15124023
v -0.02070000 0.03234528 -0.15328925
v -0.02070000 0.03159527 -0.15349019
v -0.02070000 0.03084528 -0.15328921
v -0.02070000 0.03029630 -0.15124015
v -0.02070000 0.03084536 -0.15069113
v -0.02070000 0.03159589 -0.13349019
v -0.02070000 0.03159537 -0.15049019
v -0.02070000 0.03234536 -0.15069118
v -0.02070000 0.03409607 -0.12749027
v -0.02120000 0.03409609 -0.12699027
v -0.02070000 0.02909607 -0.12749012
v -0.02120000 0.02909609 -0.12699012
v -0.02445000 0.03459559 -0.14328932
v -0.02370000 0.03459558 -0.14349028
v -0.02620000 0.03459487 -0.16649029
v -0.02120000 0.03459607 -0.12749029
v -0.02240096 0.03459565 -0.14124029
v -0.02295000 0.03459567 -0.14069125
v -0.02620000 0.03459607 -0.12749029
v -0.02370000 0.03459567 -0.14049029
v -0.02445000 0.03459567 -0.14069125
v -0.02220000 0.03459563 -0.14199028
v -0.02120000 0.03459487 -0.16649029
v -0.02240096 0.03459560 -0.14274029
v -0.02499904 0.03459565 -0.14124029
v -0.02520000 0.03459563 -0.14199028
v -0.02499904 0.03459560 -0.14274029
v -0.02445000 0.03459497 -0.16328932
v -0.02370000 0.03459496 -0.16349028
v -0.02295000 0.03459497 -0.16328932
v -0.02240096 0.03459499 -0.16274029
v -0.02220000 0.03459501 -0.16199029
v -0.02240096 0.03459503 -0.16124028
v -0.02295000 0.03459559 -0.14328932
v -0.02295000 0.03459505 -0.16069125
v -0.02370000 0.03459506 -0.16049029
v -0.02445000 0.03459505 -0.16069125
v -0.02499904 0.03459503 -0.16124028
v -0.02520000 0.03459501 -0.16199029
v -0.02499904 0.03459499 -0.16274029
v -0.02070000 0.02909607 -0.12749012
v -0.02120000 0.02909609 -0.12699012
v -0.02120000 0.02859607 -0.12749010
v -0.02670000 0.03409607 -0.12749027
v -0.02670000 0.03234598 -0.13069118
v -0.02670000 0.02909607 -0.12749012
v -0.02670000 0.03159598 -0.13049019
v -0.02670000 0.03084598 -0.13069113
v -0.02670000 0.03029692 -0.13124015
v -0.02670000 0.03009594 -0.13199015
v -0.02670000 0.02909487 -0.16649012
v -0.02670000 0.03234590 -0.13328925
v -0.02670000 0.03289495 -0.13274023
v -0.02670000 0.03409487 -0.16649027
v -0.02670000 0.03309594 -0.13199024
v -0.02670000 0.03289500 -0.13124023
v -0.02670000 0.03234528 -0.15328925
v -0.02670000 0.03289433 -0.15274023
v -0.02670000 0.03309532 -0.15199024
v -0.02670000 0.03009532 -0.15199015
v -0.02670000 0.03029626 -0.15274015
v -0.02670000 0.03084528 -0.15328921
v -0.02670000 0.03159527 -0.15349019
v -0.02670000 0.03029687 -0.13274015
v -0.02670000 0.03084590 -0.13328921
v -0.02670000 0.03029630 -0.15124015
v -0.02670000 0.03289438 -0.15124023
v -0.02670000 0.03234536 -0.15069118
v -0.02670000 0.03159589 -0.13349019
v -0.02670000 0.03159537 -0.15049019
v -0.02670000 0.03084536 -0.15069113
v -0.02620000 0.02909486 -0.16699011
v -0.02620000 0.02859487 -0.16649010
v -0.02670000 0.02909487 -0.16649012
v -0.02499904 0.02859499 -0.16274010
v -0.02520000 0.02859501 -0.16199010
v -0.02620000 0.02859487 -0.16649010
v -0.02295000 0.02859497 -0.16328914
v -0.02370000 0.02859496 -0.16349010
v -0.02120000 0.02859487 -0.16649010
v -0.02445000 0.02859559 -0.14328914
v -0.02499904 0.02859560 -0.14274010
v -0.02445000 0.02859505 -0.16069106
v -0.02499904 0.02859565 -0.14124010
v -0.02620000 0.02859607 -0.12749010
v -0.02520000 0.02859563 -0.14199010
v -0.02499904 0.02859503 -0.16124010
v -0.02445000 0.02859497 -0.16328914
v -0.02445000 0.02859567 -0.14069106
v -0.02370000 0.02859567 -0.14049010
v -0.02120000 0.02859607 -0.12749010
v -0.02295000 0.02859567 -0.14069106
v -0.02240096 0.02859560 -0.14274010
v -0.02220000 0.02859563 -0.14199010
v -0.02240096 0.02859565 -0.14124010
v -0.02370000 0.02859558 -0.14349010
v -0.02370000 0.02859506 -0.16049010
v -0.02295000 0.02859559 -0.14328914
v -0.02295000 0.02859505 -0.16069106
v -0.02240096 0.02859503 -0.16124010
v -0.02220000 0.02859501 -0.16199010
v -0.02240096 0.02859499 -0.16274010
v -0.02620000 0.03409486 -0.16699027
v -0.02670000 0.03409487 -0.16649027
v -0.02620000 0.03459487 -0.16649029
v -0.02070000 0.03309594 -0.13199024
v -0.02670000 0.03309594 -0.13199024
v -0.02070000 0.03289495 -0.13274023
v -0.02670000 0.03289495 -0.13274023
v -0.02070000 0.03234590 -0.13328925
v -0.02670000 0.03234590 -0.13328925
v -0.02070000 0.03159589 -0.13349019
v -0.02670000 0.03159589 -0.13349019
v -0.02070000 0.03084590 -0.13328921
v -0.02670000 0.03084590 -0.13328921
v -0.02070000 0.03029687 -0.13274015
v -0.02670000 0.03029687 -0.13274015
v -0.02070000 0.03009594 -0.13199015
v -0.02670000 0.03009594 -0.13199015
v -0.02070000 0.03029692 -0.13124015
v -0.02670000 0.03029692 -0.13124015
v -0.02070000 0.03084598 -0.13069113
v -0.02670000 0.03084598 -0.13069113
v -0.02070000 0.03159598 -0.13049019
v -0.02670000 0.03159598 -0.13049019
v -0.02070000 0.03234598 -0.13069118
v -0.02670000 0.03234598 -0.13069118
v -0.02070000 0.03289500 -0.13124023
v -0.02670000 0.03289500 -0.13124023
v -0.02070000 0.03409607 -0.12749027
v -0.02120000 0.03459607 -0.12749029
v -0.02120000 0.03409609 -0.12699027
v -0.02070000 0.03309532 -0.15199024
v -0.02670000 0.03309532 -0.15199024
v -0.02070000 0.03289433 -0.15274023
v -0.02670000 0.03289433 -0.15274023
v -0.02070000 0.03234528 -0.15328925
v -0.02670000 0.03234528 -0.15328925
v -0.02070000 0.03159527 -0.15349019
v -0.02670000 0.03159527 -0.15349019
v -0.02070000 0.03084528 -0.15328921
v -0.02670000 0.03084528 -0.15328921
v -0.02070000 0.03029626 -0.15274015
v -0.02670000 0.03029626 -0.15274015
v -0.02070000 0.03009532 -0.15199015
v -0.02670000 0.03009532 -0.15199015
v -0.02070000 0.03029630 -0.15124015
v -0.02670000 0.03029630 -0.15124015
v -0.02070000 0.03084536 -0.15069113
v -0.02670000 0.03084536 -0.15069113
v -0.02070000 0.03159537 -0.15049019
v -0.02670000 0.03159537 -0.15049019
v -0.02070000 0.03234536 -0.15069118
v -0.02670000 0.03234536 -0.15069118
v -0.02070000 0.03289438 -0.15124023
v -0.02670000 0.03289438 -0.15124023
v -0.02620000 0.02909609 -0.12699012
v -0.02620000 0.02859607 -0.12749010
v -0.02120000 0.02909609 -0.12699012
v -0.02120000 0.02859607 -0.12749010
v -0.02220000 0.02859501 -0.16199010
v -0.02220000 0.03459501 -0.16199029
v -0.02240096 0.02859499 -0.16274010
v -0.02240096 0.03459499 -0.16274029
v -0.02295000 0.02859497 -0.16328914
v -0.02295000 0.03459497 -0.16328932
v -0.02370000 0.02859496 -0.16349010
v -0.02370000 0.03459496 -0.16349028
v -0.02445000 0.02859497 -0.16328914
v -0.02445000 0.03459497 -0.16328932
v -0.02499904 0.02859499 -0.16274010
v -0.02499904 0.03459499 -0.16274029
v -0.02520000 0.02859501 -0.16199010
v -0.02520000 0.03459501 -0.16199029
v -0.02499904 0.02859503 -0.16124010
v -0.02499904 0.03459503 -0.16124028
v -0.02445000 0.02859505 -0.16069106
v -0.02445000 0.03459505 -0.16069125
v -0.02370000 0.02859506 -0.16049010
v -0.02370000 0.03459506 -0.16049029
v -0.02295000 0.02859505 -0.16069106
v -0.02295000 0.03459505 -0.16069125
v -0.02240096 0.02859503 -0.16124010
v -0.02240096 0.03459503 -0.16124028
v -0.02620000 0.02859607 -0.12749010
v -0.02670000 0.02909607 -0.12749012
v -0.02620000 0.02859487 -0.16649010
v -0.02670000 0.02909487 -0.16649012
v -0.02220000 0.02859563 -0.14199010
v -0.02220000 0.03459563 -0.14199028
v -0.02240096 0.02859560 -0.14274010
v -0.02240096 0.03459560 -0.14274029
v -0.02295000 0.02859559 -0.14328914
v -0.02295000 0.03459559 -0.14328932
v -0.02370000 0.02859558 -0.14349010
v -0.02370000 0.03459558 -0.14349028
v -0.02445000 0.02859559 -0.14328914
v -0.02445000 0.03459559 -0.14328932
v -0.02499904 0.02859560 -0.14274010
v -0.02499904 0.03459560 -0.14274029
v -0.02520000 0.02859563 -0.14199010
v -0.02520000 0.03459563 -0.14199028
v -0.02499904 0.02859565 -0.14124010
v -0.02499904 0.03459565 -0.14124029
v -0.02445000 0.02859567 -0.14069106
v -0.02445000 0.03459567 -0.14069125
v -0.02370000 0.02859567 -0.14049010
v -0.02370000 0.03459567 -0.14049029
v -0.02295000 0.02859567 -0.14069106
v -0.02295000 0.03459567 -0.14069125
v -0.02240096 0.02859565 -0.14124010
v -0.02240096 0.03459565 -0.14124029
v -0.02670000 0.03409607 -0.12749027
v -0.02620000 0.03459607 -0.12749029
v -0.02670000 0.03409487 -0.16649027
v -0.02620000 0.03459487 -0.16649029
v -0.02120000 0.03409486 -0.16699027
v -0.02070000 0.03409487 -0.16649027
v -0.02120000 0.02909486 -0.16699011
v -0.02070000 0.02909487 -0.16649012
v -0.02620000 0.03459607 -0.12749029
v -0.02620000 0.03409609 -0.12699027
v -0.02120000 0.03459607 -0.12749029
v -0.02120000 0.03409609 -0.12699027
v -0.02120000 0.02909486 -0.16699011
v -0.02070000 0.02909487 -0.16649012
v -0.02120000 0.02859487 -0.16649010
v -0.02620000 0.02859607 -0.12749010
v -0.02620000 0.02909609 -0.12699012
v -0.02670000 0.02909607 -0.12749012
v -0.02070000 0.03409487 -0.16649027
v -0.02120000 0.03409486 -0.16699027
v -0.02120000 0.03459487 -0.16649029
v -0.02620000 0.03459607 -0.12749029
v -0.02670000 0.03409607 -0.12749027
v -0.02620000 0.03409609 -0.12699027
v -0.02070000 0.02909607 -0.12749012
v -0.02120000 0.02859607 -0.12749010
v -0.02070000 0.02909487 -0.16649012
v -0.02120000 0.02859487 -0.16649010
v -0.02620000 0.03409609 -0.12699027
v -0.02670000 0.03409607 -0.12749027
v -0.02620000 0.02909609 -0.12699012
v -0.02670000 0.02909607 -0.12749012
v 0.02130000 -0.01449938 0.02000045
v 0.02130000 -0.01949938 0.02000060
v 0.02630000 -0.01449938 0.02000045
v 0.02630000 -0.01949938 0.02000060
v 0.02630000 -0.01949938 0.02000060
v 0.02680000 -0.01949940 0.01950060
v 0.02630000 -0.01449938 0.02000045
v 0.02680000 -0.01449940 0.01950045
v 0.02080000 -0.01949940 0.01950060
v 0.02130000 -0.01949938 0.02000060
v 0.02080000 -0.01449940 0.01950045
v 0.02130000 -0.01449938 0.02000045
v 0.02130000 -0.01949938 0.02000060
v 0.02130000 -0.01999940 0.01950062
v 0.02630000 -0.01949938 0.02000060
v 0.02630000 -0.01999940 0.01950062
v 0.02130000 -0.01950061 -0.01999940
v 0.02130000 -0.01450061 -0.01999955
v 0.02630000 -0.01950061 -0.01999940
v 0.02630000 -0.01450061 -0.01999955
v 0.02680000 -0.01450060 -0.01949955
v 0.02630000 -0.01400060 -0.01949957
v 0.02680000 -0.01449940 0.01950045
v 0.02630000 -0.01399940 0.01950043
v 0.02130000 -0.01399940 0.01950043
v 0.02230000 -0.01400046 -0.01499957
v 0.02130000 -0.01400060 -0.01949957
v 0.02250096 -0.01400048 -0.01574957
v 0.02250096 -0.01399982 0.00575043
v 0.02230000 -0.01399984 0.00500043
v 0.02455000 -0.01400050 -0.01629861
v 0.02630000 -0.01400060 -0.01949957
v 0.02380000 -0.01400051 -0.01649957
v 0.02305000 -0.01400050 -0.01629861
v 0.02305000 -0.01400042 -0.01370053
v 0.02250096 -0.01400044 -0.01424957
v 0.02509904 -0.01400048 -0.01574957
v 0.02530000 -0.01400046 -0.01499957
v 0.02630000 -0.01399940 0.01950043
v 0.02530000 -0.01399984 0.00500043
v 0.02509904 -0.01399982 0.00575043
v 0.02509904 -0.01400044 -0.01424957
v 0.02455000 -0.01400042 -0.01370053
v 0.02509904 -0.01399987 0.00425043
v 0.02455000 -0.01399980 0.00629947
v 0.02380000 -0.01399980 0.00650043
v 0.02305000 -0.01399980 0.00629947
v 0.02250096 -0.01399987 0.00425043
v 0.02305000 -0.01399988 0.00370139
v 0.02380000 -0.01400041 -0.01349957
v 0.02380000 -0.01399989 0.00350043
v 0.02455000 -0.01399988 0.00370139
v 0.02630000 -0.01400060 -0.01949957
v 0.02630000 -0.01450061 -0.01999955
v 0.02130000 -0.01400060 -0.01949957
v 0.02130000 -0.01450061 -0.01999955
v 0.02680000 -0.01775011 -0.00370042
v 0.02680000 -0.01700011 -0.00349948
v 0.02680000 -0.01949940 0.01950060
v 0.02680000 -0.01450060 -0.01949955
v 0.02680000 -0.01570114 -0.00574952
v 0.02680000 -0.01625019 -0.00629854
v 0.02680000 -0.01950060 -0.01949940
v 0.02680000 -0.01700020 -0.00649948
v 0.02680000 -0.01775019 -0.00629849
v 0.02680000 -0.01550015 -0.00499952
v 0.02680000 -0.01449940 0.01950045
v 0.02680000 -0.01570109 -0.00424952
v 0.02680000 -0.01829921 -0.00574944
v 0.02680000 -0.01850015 -0.00499943
v 0.02680000 -0.01829917 -0.00424944
v 0.02680000 -0.01774950 0.01629958
v 0.02680000 -0.01699949 0.01650052
v 0.02680000 -0.01624950 0.01629954
v 0.02680000 -0.01570047 0.01575048
v 0.02680000 -0.01549954 0.01500048
v 0.02680000 -0.01570052 0.01425048
v 0.02680000 -0.01625011 -0.00370046
v 0.02680000 -0.01624958 0.01370146
v 0.02680000 -0.01699958 0.01350052
v 0.02680000 -0.01774958 0.01370151
v 0.02680000 -0.01829860 0.01425056
v 0.02680000 -0.01849954 0.01500057
v 0.02680000 -0.01829855 0.01575056
v 0.02130000 -0.01400060 -0.01949957
v 0.02130000 -0.01450061 -0.01999955
v 0.02080000 -0.01450060 -0.01949955
v 0.02630000 -0.02000060 -0.01949938
v 0.02455000 -0.02000050 -0.01629842
v 0.02130000 -0.02000060 -0.01949938
v 0.02380000 -0.02000051 -0.01649938
v 0.02305000 -0.02000050 -0.01629842
v 0.02250096 -0.02000048 -0.01574938
v 0.02230000 -0.02000046 -0.01499938
v 0.02130000 -0.01999940 0.01950062
v 0.02455000 -0.02000042 -0.01370035
v 0.02509904 -0.02000044 -0.01424938
v 0.02630000 -0.01999940 0.01950062
v 0.02530000 -0.02000046 -0.01499938
v 0.02509904 -0.02000048 -0.01574938
v 0.02455000 -0.01999980 0.00629965
v 0.02509904 -0.01999982 0.00575062
v 0.02530000 -0.01999984 0.00500062
v 0.02230000 -0.01999984 0.00500062
v 0.02250096 -0.01999982 0.00575062
v 0.02305000 -0.01999980 0.00629965
v 0.02380000 -0.01999980 0.00650062
v 0.02250096 -0.02000044 -0.01424938
v 0.02305000 -0.02000042 -0.01370035
v 0.02250096 -0.01999987 0.00425062
v 0.02509904 -0.01999987 0.00425062
v 0.02455000 -0.01999988 0.00370158
v 0.02380000 -0.02000041 -0.01349938
v 0.02380000 -0.01999989 0.00350061
v 0.02305000 -0.01999988 0.00370158
v 0.02130000 -0.01949938 0.02000060
v 0.02080000 -0.01949940 0.01950060
v 0.02130000 -0.01999940 0.01950062
v 0.02080000 -0.01829855 0.01575056
v 0.02080000 -0.01849954 0.01500057
v 0.02080000 -0.01949940 0.01950060
v 0.02080000 -0.01624950 0.01629954
v 0.02080000 -0.01699949 0.01650052
v 0.02080000 -0.01449940 0.01950045
v 0.02080000 -0.01775011 -0.00370042
v 0.02080000 -0.01829917 -0.00424944
v 0.02080000 -0.01774958 0.01370151
v 0.02080000 -0.01829921 -0.00574944
v 0.02080000 -0.01950060 -0.01949940
v 0.02080000 -0.01850015 -0.00499943
v 0.02080000 -0.01829860 0.01425056
v 0.02080000 -0.01774950 0.01629958
v 0.02080000 -0.01775019 -0.00629849
v 0.02080000 -0.01700020 -0.00649948
v 0.02080000 -0.01450060 -0.01949955
v 0.02080000 -0.01625019 -0.00629854
v 0.02080000 -0.01570109 -0.00424952
v 0.02080000 -0.01550015 -0.00499952
v 0.02080000 -0.01570114 -0.00574952
v 0.02080000 -0.01700011 -0.00349948
v 0.02080000 -0.01699958 0.01350052
v 0.02080000 -0.01625011 -0.00370046
v 0.02080000 -0.01624958 0.01370146
v 0.02080000 -0.01570052 0.01425048
v 0.02080000 -0.01549954 0.01500048
v 0.02080000 -0.01570047 0.01575048
v 0.02630000 -0.01949938 0.02000060
v 0.02630000 -0.01999940 0.01950062
v 0.02680000 -0.01949940 0.01950060
v 0.02530000 -0.01400046 -0.01499957
v 0.02530000 -0.02000046 -0.01499938
v 0.02509904 -0.01400044 -0.01424957
v 0.02509904 -0.02000044 -0.01424938
v 0.02455000 -0.01400042 -0.01370053
v 0.02455000 -0.02000042 -0.01370035
v 0.02380000 -0.01400041 -0.01349957
v 0.02380000 -0.02000041 -0.01349938
v 0.02305000 -0.01400042 -0.01370053
v 0.02305000 -0.02000042 -0.01370035
v 0.02250096 -0.01400044 -0.01424957
v 0.02250096 -0.02000044 -0.01424938
v 0.02230000 -0.01400046 -0.01499957
v 0.02230000 -0.02000046 -0.01499938
v 0.02250096 -0.01400048 -0.01574957
v 0.02250096 -0.02000048 -0.01574938
v 0.02305000 -0.01400050 -0.01629861
v 0.02305000 -0.02000050 -0.01629842
v 0.02380000 -0.01400051 -0.01649957
v 0.02380000 -0.02000051 -0.01649938
v 0.02455000 -0.01400050 -0.01629861
v 0.02455000 -0.02000050 -0.01629842
v 0.02509904 -0.01400048 -0.01574957
v 0.02509904 -0.02000048 -0.01574938
v 0.02630000 -0.01400060 -0.01949957
v 0.02680000 -0.01450060 -0.01949955
v 0.02630000 -0.01450061 -0.01999955
v 0.02530000 -0.01399984 0.00500043
v 0.02530000 -0.01999984 0.00500062
v 0.02509904 -0.01399982 0.00575043
v 0.02509904 -0.01999982 0.00575062
v 0.02455000 -0.01399980 0.00629947
v 0.02455000 -0.01999980 0.00629965
v 0.02380000 -0.01399980 0.00650043
v 0.02380000 -0.01999980 0.00650062
v 0.02305000 -0.01399980 0.00629947
v 0.02305000 -0.01999980 0.00629965
v 0.02250096 -0.01399982 0.00575043
v 0.02250096 -0.01999982 0.00575062
v 0.02230000 -0.01399984 0.00500043
v 0.02230000 -0.01999984 0.00500062
v 0.02250096 -0.01399987 0.00425043
v 0.02250096 -0.01999987 0.00425062
v 0.02305000 -0.01399988 0.00370139
v 0.02305000 -0.01999988 0.00370158
v 0.02380000 -0.01399989 0.00350043
v 0.02380000 -0.01999989 0.00350061
v 0.02455000 -0.01399988 0.00370139
v 0.02455000 -0.01999988 0.00370158
v 0.02509904 -0.01399987 0.00425043
v 0.02509904 -0.01999987 0.00425062
v 0.02130000 -0.01950061 -0.01999940
v 0.02080000 -0.01950060 -0.01949940
v 0.02130000 -0.01450061 -0.01999955
v 0.02080000 -0.01450060 -0.01949955
v 0.02080000 -0.01549954 0.01500048
v 0.02680000 -0.01549954 0.01500048
v 0.02080000 -0.01570047 0.01575048
v 0.02680000 -0.01570047 0.01575048
v 0.02080000 -0.01624950 0.01629954
v 0.02680000 -0.01624950 0.01629954
v 0.02080000 -0.01699949 0.01650052
v 0.02680000 -0.01699949 0.01650052
v 0.02080000 -0.01774950 0.01629958
v 0.02680000 -0.01774950 0.01629958
v 0.02080000 -0.01829855 0.01575056
v 0.02680000 -0.01829855 0.01575056
v 0.02080000 -0.01849954 0.01500057
v 0.02680000 -0.01849954 0.01500057
v 0.02080000 -0.01829860 0.01425056
v 0.02680000 -0.01829860 0.01425056
v 0.02080000 -0.01774958 0.01370151
v 0.02680000 -0.01774958 0.01370151
v 0.02080000 -0.01699958 0.01350052
v 0.02680000 -0.01699958 0.01350052
v 0.02080000 -0.01624958 0.01370146
v 0.02680000 -0.01624958 0.01370146
v 0.02080000 -0.01570052 0.01425048
v 0.02680000 -0.01570052 0.01425048
v 0.02080000 -0.01950060 -0.01949940
v 0.02130000 -0.02000060 -0.01949938
v 0.02080000 -0.01949940 0.01950060
v 0.02130000 -0.01999940 0.01950062
v 0.02080000 -0.01550015 -0.00499952
v 0.02680000 -0.01550015 -0.00499952
v 0.02080000 -0.01570109 -0.00424952
v 0.02680000 -0.01570109 -0.00424952
v 0.02080000 -0.01625011 -0.00370046
v 0.02680000 -0.01625011 -0.00370046
v 0.02080000 -0.01700011 -0.00349948
v 0.02680000 -0.01700011 -0.00349948
v 0.02080000 -0.01775011 -0.00370042
v 0.02680000 -0.01775011 -0.00370042
v 0.02080000 -0.01829917 -0.00424944
v 0.02680000 -0.01829917 -0.00424944
v 0.02080000 -0.01850015 -0.00499943
v 0.02680000 -0.01850015 -0.00499943
v 0.02080000 -0.01829921 -0.00574944
v 0.02680000 -0.01829921 -0.00574944
v 0.02080000 -0.01775019 -0.00629849
v 0.02680000 -0.01775019 -0.00629849
v 0.02080000 -0.01700020 -0.00649948
v 0.02680000 -0.01700020 -0.00649948
v 0.02080000 -0.01625019 -0.00629854
v 0.02680000 -0.01625019 -0.00629854
v 0.02080000 -0.01570114 -0.00574952
v 0.02680000 -0.01570114 -0.00574952
v 0.02630000 -0.02000060 -0.01949938
v 0.02680000 -0.01950060 -0.01949940
v 0.02630000 -0.01999940 0.01950062
v 0.02680000 -0.01949940 0.01950060
v 0.02630000 -0.01449938 0.02000045
v 0.02630000 -0.01399940 0.01950043
v 0.02130000 -0.01449938 0.02000045
v 0.02130000 -0.01399940 0.01950043
v 0.02680000 -0.01950060 -0.01949940
v 0.02630000 -0.01950061 -0.01999940
v 0.02680000 -0.01450060 -0.01949955
v 0.02630000 -0.01450061 -0.01999955
v 0.02130000 -0.01449938 0.02000045
v 0.02130000 -0.01399940 0.01950043
v 0.02080000 -0.01449940 0.01950045
v 0.02080000 -0.01950060 -0.01949940
v 0.02130000 -0.01950061 -0.01999940
v 0.02130000 -0.02000060 -0.01949938
v 0.02630000 -0.01399940 0.01950043
v 0.02630000 -0.01449938 0.02000045
v 0.02680000 -0.01449940 0.01950045
v 0.02680000 -0.01950060 -0.01949940
v 0.02630000 -0.02000060 -0.01949938
v 0.02630000 -0.01950061 -0.01999940
v 0.02130000 -0.01400060 -0.01949957
v 0.02080000 -0.01450060 -0.01949955
v 0.02130000 -0.01399940 0.01950043
v 0.02080000 -0.01449940 0.01950045
v 0.02630000 -0.01950061 -0.01999940
v 0.02630000 -0.02000060 -0.01949938
v 0.02130000 -0.01950061 -0.01999940
v 0.02130000 -0.02000060 -0.01949938
v 0.01791177 0.07204309 -0.18854254
v 0.01755000 0.07189323 -0.18869239
v 0.01755000 0.07359419 -0.18869244
v 0.01685111 0.07204303 -0.19037966
v 0.01700096 0.07189317 -0.19074143
v 0.01700096 0.07359413 -0.19074148
v 0.01868823 0.07204300 -0.19144032
v 0.01905000 0.07189315 -0.19129046
v 0.01905000 0.07359411 -0.19129052
v 0.01974889 0.07204306 -0.18960320
v 0.01959904 0.07189322 -0.18924143
v 0.01959904 0.07359418 -0.18924148
v 0.01905000 0.07359419 -0.18869244
v 0.01959904 0.07359413 -0.19074148
v 0.01980000 0.07209415 -0.18999143
v 0.01980000 0.07359415 -0.18999148
v 0.01974889 0.07204303 -0.19037966
v 0.01959904 0.07189317 -0.19074143
v 0.01936066 0.07165478 -0.19105208
v 0.01755000 0.07359411 -0.19129052
v 0.01830000 0.07209411 -0.19149143
v 0.01830000 0.07359411 -0.19149148
v 0.01791177 0.07204300 -0.19144032
v 0.01755000 0.07189315 -0.19129046
v 0.01723934 0.07165478 -0.19105208
v 0.01700096 0.07359418 -0.18924148
v 0.01680000 0.07209415 -0.18999143
v 0.01680000 0.07359415 -0.18999148
v 0.01685111 0.07204306 -0.18960320
v 0.01700096 0.07189322 -0.18924143
v 0.01723934 0.07165485 -0.18893076
v 0.01830000 0.07209420 -0.18849143
v 0.01830000 0.07359420 -0.18849148
v 0.01868823 0.07204309 -0.18854254
v 0.01905000 0.07189323 -0.18869239
v 0.01936066 0.07165485 -0.18893076
v 0.02330000 0.06984411 -0.19129040
v 0.02330000 0.06929509 -0.19074135
v 0.02330000 0.06759400 -0.19499129
v 0.02330000 0.06909415 -0.18999134
v 0.02330000 0.06759431 -0.18499129
v 0.02330000 0.07134419 -0.18869237
v 0.02330000 0.07189322 -0.18924143
v 0.02330000 0.07359431 -0.18499148
v 0.02330000 0.07209415 -0.18999143
v 0.02330000 0.07359400 -0.19499148
v 0.02330000 0.06929514 -0.18924135
v 0.02330000 0.06984419 -0.18869232
v 0.02330000 0.07059420 -0.18849139
v 0.02330000 0.07189317 -0.19074143
v 0.02330000 0.07134411 -0.19129045
v 0.02330000 0.07059411 -0.19149139
v 0.01700096 0.06929514 -0.18924135
v 0.01723934 0.06953353 -0.18893069
v 0.01755000 0.06929516 -0.18869231
v 0.01700096 0.06759413 -0.19074129
v 0.01755000 0.06759411 -0.19129033
v 0.01755000 0.06929508 -0.19129038
v 0.01685111 0.06914528 -0.18960311
v 0.01700096 0.06759418 -0.18924129
v 0.01680000 0.06909415 -0.18999134
v 0.01680000 0.06759415 -0.18999129
v 0.01685111 0.06914525 -0.19037957
v 0.01700096 0.06929509 -0.19074135
v 0.01723934 0.06953346 -0.19105201
v 0.01959904 0.06929509 -0.19074135
v 0.01936066 0.06953346 -0.19105201
v 0.01905000 0.06929508 -0.19129038
v 0.01974889 0.06914525 -0.19037957
v 0.01959904 0.06759413 -0.19074129
v 0.01905000 0.06759411 -0.19129033
v 0.01868823 0.06914522 -0.19144023
v 0.01830000 0.06759411 -0.19149129
v 0.01830000 0.06909411 -0.19149134
v 0.01791177 0.06914522 -0.19144023
v 0.01959904 0.06759418 -0.18924129
v 0.01905000 0.06759419 -0.18869226
v 0.01905000 0.06929516 -0.18869231
v 0.01980000 0.06909415 -0.18999134
v 0.01980000 0.06759415 -0.18999129
v 0.01974889 0.06914528 -0.18960311
v 0.01959904 0.06929514 -0.18924135
v 0.01936066 0.06953353 -0.18893069
v 0.01755000 0.06759419 -0.18869226
v 0.01791177 0.06914531 -0.18854245
v 0.01830000 0.06759420 -0.18849129
v 0.01830000 0.06909420 -0.18849134
v 0.01868823 0.06914531 -0.18854245
v 0.01700096 0.06984411 -0.19129040
v 0.01723934 0.06953346 -0.19105201
v 0.01755000 0.06929508 -0.19129038
v 0.01755000 0.07189315 -0.19129046
v 0.01723934 0.07165478 -0.19105208
v 0.01700096 0.07134411 -0.19129045
v 0.01685111 0.07020588 -0.19144026
v 0.01700096 0.06984400 -0.19499136
v 0.01680000 0.07059411 -0.19149139
v 0.01680000 0.07059400 -0.19499139
v 0.01685111 0.07098234 -0.19144029
v 0.01700096 0.07134400 -0.19499141
v 0.01755000 0.07189304 -0.19499143
v 0.01959904 0.07134411 -0.19129045
v 0.01936066 0.07165478 -0.19105208
v 0.01905000 0.07189315 -0.19129046
v 0.01974889 0.07098234 -0.19144029
v 0.01959904 0.07134400 -0.19499141
v 0.01905000 0.07189304 -0.19499143
v 0.01868823 0.07204300 -0.19144032
v 0.01830000 0.07209400 -0.19499143
v 0.01830000 0.07209411 -0.19149143
v 0.01791177 0.07204300 -0.19144032
v 0.01959904 0.06984400 -0.19499136
v 0.01905000 0.06929496 -0.19499135
v 0.01905000 0.06929508 -0.19129038
v 0.01980000 0.07059411 -0.19149139
v 0.01980000 0.07059400 -0.19499139
v 0.01974889 0.07020588 -0.19144026
v 0.01959904 0.06984411 -0.19129040
v 0.01936066 0.06953346 -0.19105201
v 0.01755000 0.06929496 -0.19499135
v 0.01791177 0.06914522 -0.19144023
v 0.01830000 0.06909400 -0.19499134
v 0.01830000 0.06909411 -0.19149134
v 0.01868823 0.06914522 -0.19144023
v 0.01959904 0.06984419 -0.18869232
v 0.01936066 0.06953353 -0.18893069
v 0.01905000 0.06929516 -0.18869231
v 0.01959904 0.07134431 -0.18499141
v 0.01905000 0.07189335 -0.18499143
v 0.01905000 0.07189323 -0.18869239
v 0.01974889 0.07020597 -0.18854248
v 0.01959904 0.06984431 -0.18499136
v 0.01980000 0.07059420 -0.18849139
v 0.01980000 0.07059431 -0.18499139
v 0.01974889 0.07098243 -0.18854251
v 0.01959904 0.07134419 -0.18869237
v 0.01936066 0.07165485 -0.18893076
v 0.01700096 0.07134419 -0.18869237
v 0.01723934 0.07165485 -0.18893076
v 0.01755000 0.07189323 -0.18869239
v 0.01685111 0.07098243 -0.18854251
v 0.01700096 0.07134431 -0.18499141
v 0.01755000 0.07189335 -0.18499143
v 0.01791177 0.07204309 -0.18854254
v 0.01830000 0.07209431 -0.18499143
v 0.01830000 0.07209420 -0.18849143
v 0.01868823 0.07204309 -0.18854254
v 0.01700096 0.06984431 -0.18499136
v 0.01755000 0.06929527 -0.18499135
v 0.01755000 0.06929516 -0.18869231
v 0.01680000 0.07059420 -0.18849139
v 0.01680000 0.07059431 -0.18499139
v 0.01685111 0.07020597 -0.18854248
v 0.01700096 0.06984419 -0.18869232
v 0.01723934 0.06953353 -0.18893069
v 0.01905000 0.06929527 -0.18499135
v 0.01868823 0.06914531 -0.18854245
v 0.01830000 0.06909431 -0.18499134
v 0.01830000 0.06909420 -0.18849134
v 0.01791177 0.06914531 -0.18854245
v 0.01959904 0.07134419 -0.18869237
v 0.01936066 0.07165485 -0.18893076
v 0.01959904 0.07189322 -0.18924143
v 0.02330000 0.06984419 -0.18869232
v 0.02330000 0.06929514 -0.18924135
v 0.01959904 0.06929514 -0.18924135
v 0.01974889 0.07098243 -0.18854251
v 0.02330000 0.07134419 -0.18869237
v 0.01980000 0.07059420 -0.18849139
v 0.02330000 0.07059420 -0.18849139
v 0.01974889 0.07020597 -0.18854248
v 0.01959904 0.06984419 -0.18869232
v 0.01936066 0.06953353 -0.18893069
v 0.01959904 0.06984411 -0.19129040
v 0.01936066 0.06953346 -0.19105201
v 0.01959904 0.06929509 -0.19074135
v 0.01974889 0.07020588 -0.19144026
v 0.02330000 0.06984411 -0.19129040
v 0.02330000 0.06929509 -0.19074135
v 0.01974889 0.06914525 -0.19037957
v 0.02330000 0.06909415 -0.18999134
v 0.01980000 0.06909415 -0.18999134
v 0.01974889 0.06914528 -0.18960311
v 0.02330000 0.07134411 -0.19129045
v 0.02330000 0.07189317 -0.19074143
v 0.01959904 0.07189317 -0.19074143
v 0.01980000 0.07059411 -0.19149139
v 0.02330000 0.07059411 -0.19149139
v 0.01974889 0.07098234 -0.19144029
v 0.01959904 0.07134411 -0.19129045
v 0.01936066 0.07165478 -0.19105208
v 0.02330000 0.07189322 -0.18924143
v 0.01974889 0.07204306 -0.18960320
v 0.02330000 0.07209415 -0.18999143
v 0.01980000 0.07209415 -0.18999143
v 0.01974889 0.07204303 -0.19037966
v 0.01685111 0.07098234 -0.19144029
v 0.01700096 0.07134411 -0.19129045
v 0.01330000 0.07134411 -0.19129045
v 0.01700096 0.06984419 -0.18869232
v 0.01723934 0.06953353 -0.18893069
v 0.01700096 0.06929514 -0.18924135
v 0.01700096 0.07189322 -0.18924143
v 0.01723934 0.07165485 -0.18893076
v 0.01700096 0.07134419 -0.18869237
v 0.01685111 0.07204306 -0.18960320
v 0.01330000 0.07189322 -0.18924143
v 0.01330000 0.07134419 -0.18869237
v 0.01685111 0.07098243 -0.18854251
v 0.01330000 0.07059420 -0.18849139
v 0.01680000 0.07059420 -0.18849139
v 0.01330000 0.06984419 -0.18869232
v 0.01685111 0.07020597 -0.18854248
v 0.01330000 0.07189317 -0.19074143
v 0.01680000 0.07209415 -0.18999143
v 0.01330000 0.07209415 -0.18999143
v 0.01685111 0.07204303 -0.19037966
v 0.01700096 0.07189317 -0.19074143
v 0.01723934 0.07165478 -0.19105208
v 0.01700096 0.06929509 -0.19074135
v 0.01723934 0.06953346 -0.19105201
v 0.01700096 0.06984411 -0.19129040
v 0.01680000 0.07059411 -0.19149139
v 0.01330000 0.07059411 -0.19149139
v 0.01685111 0.07020588 -0.19144026
v 0.01330000 0.06984411 -0.19129040
v 0.01330000 0.06929509 -0.19074135
v 0.01330000 0.06929514 -0.18924135
v 0.01685111 0.06914528 -0.18960311
v 0.01330000 0.06909415 -0.18999134
v 0.01680000 0.06909415 -0.18999134
v 0.01685111 0.06914525 -0.19037957
v 0.01680000 0.07359415 -0.18999148
v 0.01330000 0.07359400 -0.19499148
v 0.01700096 0.07359418 -0.18924148
v 0.01330000 0.07359431 -0.18499148
v 0.01755000 0.07359419 -0.18869244
v 0.01700096 0.07359413 -0.19074148
v 0.01755000 0.07359411 -0.19129052
v 0.02330000 0.07359400 -0.19499148
v 0.01830000 0.07359411 -0.19149148
v 0.01905000 0.07359411 -0.19129052
v 0.01959904 0.07359413 -0.19074148
v 0.02330000 0.07359431 -0.18499148
v 0.01980000 0.07359415 -0.18999148
v 0.01959904 0.07359418 -0.18924148
v 0.01905000 0.07359419 -0.18869244
v 0.01830000 0.07359420 -0.18849148
v 0.01700096 0.06759418 -0.18924129
v 0.01330000 0.06759431 -0.18499129
v 0.01680000 0.06759415 -0.18999129
v 0.01330000 0.06759400 -0.19499129
v 0.01700096 0.06759413 -0.19074129
v 0.01905000 0.06759419 -0.18869226
v 0.02330000 0.06759431 -0.18499129
v 0.01830000 0.06759420 -0.18849129
v 0.01755000 0.06759419 -0.18869226
v 0.01959904 0.06759418 -0.18924129
v 0.01980000 0.06759415 -0.18999129
v 0.02330000 0.06759400 -0.19499129
v 0.01959904 0.06759413 -0.19074129
v 0.01905000 0.06759411 -0.19129033
v 0.01830000 0.06759411 -0.19149129
v 0.01755000 0.06759411 -0.19129033
v 0.01959904 0.06984431 -0.18499136
v 0.01905000 0.06929527 -0.18499135
v 0.02330000 0.06759431 -0.18499129
v 0.01830000 0.06909431 -0.18499134
v 0.01330000 0.06759431 -0.18499129
v 0.01700096 0.07134431 -0.18499141
v 0.01755000 0.07189335 -0.18499143
v 0.01330000 0.07359431 -0.18499148
v 0.01830000 0.07209431 -0.18499143
v 0.02330000 0.07359431 -0.18499148
v 0.01755000 0.06929527 -0.18499135
v 0.01700096 0.06984431 -0.18499136
v 0.01680000 0.07059431 -0.18499139
v 0.01905000 0.07189335 -0.18499143
v 0.01959904 0.07134431 -0.18499141
v 0.01980000 0.07059431 -0.18499139
v 0.01330000 0.06984419 -0.18869232
v 0.01330000 0.06759431 -0.18499129
v 0.01330000 0.07059420 -0.18849139
v 0.01330000 0.07359431 -0.18499148
v 0.01330000 0.07134419 -0.18869237
v 0.01330000 0.06929509 -0.19074135
v 0.01330000 0.06759400 -0.19499129
v 0.01330000 0.06909415 -0.18999134
v 0.01330000 0.06929514 -0.18924135
v 0.01330000 0.07134411 -0.19129045
v 0.01330000 0.07359400 -0.19499148
v 0.01330000 0.07059411 -0.19149139
v 0.01330000 0.06984411 -0.19129040
v 0.01330000 0.07189317 -0.19074143
v 0.01330000 0.07209415 -0.18999143
v 0.01330000 0.07189322 -0.18924143
v 0.01700096 0.06984400 -0.19499136
v 0.01330000 0.06759400 -0.19499129
v 0.01680000 0.07059400 -0.19499139
v 0.01330000 0.07359400 -0.19499148
v 0.01700096 0.07134400 -0.19499141
v 0.01905000 0.06929496 -0.19499135
v 0.02330000 0.06759400 -0.19499129
v 0.01830000 0.06909400 -0.19499134
v 0.01755000 0.06929496 -0.19499135
v 0.01959904 0.07134400 -0.19499141
v 0.02330000 0.07359400 -0.19499148
v 0.01980000 0.07059400 -0.19499139
v 0.01959904 0.06984400 -0.19499136
v 0.01905000 0.07189304 -0.19499143
v 0.01830000 0.07209400 -0.19499143
v 0.01755000 0.07189304 -0.19499143
v 0.01780000 0.03409609 -0.12699027
v 0.01780000 0.02909609 -0.12699012
v 0.02280000 0.03409609 -0.12699027
v 0.02280000 0.02909609 -0.12699012
v 0.02280000 0.02909609 -0.12699012
v 0.02330000 0.02909607 -0.12749012
v 0.02280000 0.03409609 -0.12699027
v 0.02330000 0.03409607 -0.12749027
v 0.01730000 0.02909607 -0.12749012
v 0.01780000 0.02909609 -0.12699012
v 0.01730000 0.03409607 -0.12749027
v 0.01780000 0.03409609 -0.12699027
v 0.01780000 0.02909609 -0.12699012
v 0.01780000 0.02859607 -0.12749010
v 0.02280000 0.02909609 -0.12699012
v 0.02280000 0.02859607 -0.12749010
v 0.01780000 0.02909485 -0.16699012
v 0.01780000 0.03409485 -0.16699027
v 0.02280000 0.02909485 -0.16699012
v 0.02280000 0.03409485 -0.16699027
v 0.02330000 0.03409487 -0.16649027
v 0.02280000 0.03459487 -0.16649029
v 0.02330000 0.03409607 -0.12749027
v 0.02280000 0.03459607 -0.12749029
v 0.01780000 0.03459607 -0.12749029
v 0.01880000 0.03459501 -0.16199029
v 0.01780000 0.03459487 -0.16649029
v 0.01900096 0.03459499 -0.16274029
v 0.01900096 0.03459565 -0.14124029
v 0.01880000 0.03459563 -0.14199029
v 0.02105000 0.03459497 -0.16328933
v 0.02280000 0.03459487 -0.16649029
v 0.02030000 0.03459496 -0.16349029
v 0.01955000 0.03459497 -0.16328933
v 0.01955000 0.03459505 -0.16069125
v 0.01900096 0.03459503 -0.16124029
v 0.02159904 0.03459499 -0.16274029
v 0.02180000 0.03459501 -0.16199029
v 0.02280000 0.03459607 -0.12749029
v 0.02180000 0.03459563 -0.14199029
v 0.02159904 0.03459565 -0.14124029
v 0.02159904 0.03459503 -0.16124029
v 0.02105000 0.03459505 -0.16069125
v 0.02159904 0.03459560 -0.14274029
v 0.02105000 0.03459567 -0.14069125
v 0.02030000 0.03459567 -0.14049029
v 0.01955000 0.03459567 -0.14069125
v 0.01900096 0.03459560 -0.14274029
v 0.01955000 0.03459559 -0.14328933
v 0.02030000 0.03459505 -0.16049029
v 0.02030000 0.03459558 -0.14349029
v 0.02105000 0.03459559 -0.14328933
v 0.02280000 0.03459487 -0.16649029
v 0.02280000 0.03409485 -0.16699027
v 0.01780000 0.03459487 -0.16649029
v 0.01780000 0.03409485 -0.16699027
v 0.02330000 0.03084536 -0.15069114
v 0.02330000 0.03159536 -0.15049020
v 0.02330000 0.02909607 -0.12749012
v 0.02330000 0.03409487 -0.16649027
v 0.02330000 0.03289433 -0.15274024
v 0.02330000 0.03234528 -0.15328926
v 0.02330000 0.02909487 -0.16649012
v 0.02330000 0.03159527 -0.15349020
v 0.02330000 0.03084528 -0.15328921
v 0.02330000 0.03309532 -0.15199024
v 0.02330000 0.03409607 -0.12749027
v 0.02330000 0.03289438 -0.15124024
v 0.02330000 0.03029626 -0.15274016
v 0.02330000 0.03009532 -0.15199015
v 0.02330000 0.03029630 -0.15124016
v 0.02330000 0.03084597 -0.13069113
v 0.02330000 0.03159598 -0.13049020
v 0.02330000 0.03234597 -0.13069118
v 0.02330000 0.03289499 -0.13124023
v 0.02330000 0.03309593 -0.13199024
v 0.02330000 0.03289495 -0.13274024
v 0.02330000 0.03234536 -0.15069118
v 0.02330000 0.03234589 -0.13328926
v 0.02330000 0.03159589 -0.13349020
v 0.02330000 0.03084589 -0.13328921
v 0.02330000 0.03029687 -0.13274016
v 0.02330000 0.03009593 -0.13199015
v 0.02330000 0.03029692 -0.13124015
v 0.01780000 0.03459487 -0.16649029
v 0.01780000 0.03409485 -0.16699027
v 0.01730000 0.03409487 -0.16649027
v 0.02280000 0.02859487 -0.16649010
v 0.02105000 0.02859497 -0.16328914
v 0.01780000 0.02859487 -0.16649010
v 0.02030000 0.02859496 -0.16349010
v 0.01955000 0.02859497 -0.16328914
v 0.01900096 0.02859499 -0.16274010
v 0.01880000 0.02859501 -0.16199010
v 0.01780000 0.02859607 -0.12749010
v 0.02105000 0.02859505 -0.16069107
v 0.02159904 0.02859503 -0.16124010
v 0.02280000 0.02859607 -0.12749010
v 0.02180000 0.02859501 -0.16199010
v 0.02159904 0.02859499 -0.16274010
v 0.02105000 0.02859567 -0.14069106
v 0.02159904 0.02859565 -0.14124010
v 0.02180000 0.02859563 -0.14199010
v 0.01880000 0.02859563 -0.14199010
v 0.01900096 0.02859565 -0.14124010
v 0.01955000 0.02859567 -0.14069106
v 0.02030000 0.02859567 -0.14049010
v 0.01900096 0.02859503 -0.16124010
v 0.01955000 0.02859505 -0.16069107
v 0.01900096 0.02859560 -0.14274010
v 0.02159904 0.02859560 -0.14274010
v 0.02105000 0.02859559 -0.14328914
v 0.02030000 0.02859505 -0.16049010
v 0.02030000 0.02859558 -0.14349010
v 0.01955000 0.02859559 -0.14328914
v 0.01780000 0.02909609 -0.12699012
v 0.01730000 0.02909607 -0.12749012
v 0.01780000 0.02859607 -0.12749010
v 0.01730000 0.03029692 -0.13124015
v 0.01730000 0.03009593 -0.13199015
v 0.01730000 0.02909607 -0.12749012
v 0.01730000 0.03234597 -0.13069118
v 0.01730000 0.03159598 -0.13049020
v 0.01730000 0.03409607 -0.12749027
v 0.01730000 0.03084536 -0.15069114
v 0.01730000 0.03029630 -0.15124016
v 0.01730000 0.03084589 -0.13328921
v 0.01730000 0.03029626 -0.15274016
v 0.01730000 0.02909487 -0.16649012
v 0.01730000 0.03009532 -0.15199015
v 0.01730000 0.03029687 -0.13274016
v 0.01730000 0.03084597 -0.13069113
v 0.01730000 0.03084528 -0.15328921
v 0.01730000 0.03159527 -0.15349020
v 0.01730000 0.03409487 -0.16649027
v 0.01730000 0.03234528 -0.15328926
v 0.01730000 0.03289438 -0.15124024
v 0.01730000 0.03309532 -0.15199024
v 0.01730000 0.03289433 -0.15274024
v 0.01730000 0.03159536 -0.15049020
v 0.01730000 0.03159589 -0.13349020
v 0.01730000 0.03234536 -0.15069118
v 0.01730000 0.03234589 -0.13328926
v 0.01730000 0.03289495 -0.13274024
v 0.01730000 0.03309593 -0.13199024
v 0.01730000 0.03289499 -0.13124023
v 0.02280000 0.02909609 -0.12699012
v 0.02280000 0.02859607 -0.12749010
v 0.02330000 0.02909607 -0.12749012
v 0.02180000 0.03459501 -0.16199029
v 0.02180000 0.02859501 -0.16199010
v 0.02159904 0.03459503 -0.16124029
v 0.02159904 0.02859503 -0.16124010
v 0.02105000 0.03459505 -0.16069125
v 0.02105000 0.02859505 -0.16069107
v 0.02030000 0.03459505 -0.16049029
v 0.02030000 0.02859505 -0.16049010
v 0.01955000 0.03459505 -0.16069125
v 0.01955000 0.02859505 -0.16069107
v 0.01900096 0.03459503 -0.16124029
v 0.01900096 0.02859503 -0.16124010
v 0.01880000 0.03459501 -0.16199029
v 0.01880000 0.02859501 -0.16199010
v 0.01900096 0.03459499 -0.16274029
v 0.01900096 0.02859499 -0.16274010
v 0.01955000 0.03459497 -0.16328933
v 0.01955000 0.02859497 -0.16328914
v 0.02030000 0.03459496 -0.16349029
v 0.02030000 0.02859496 -0.16349010
v 0.02105000 0.03459497 -0.16328933
v 0.02105000 0.02859497 -0.16328914
v 0.02159904 0.03459499 -0.16274029
v 0.02159904 0.02859499 -0.16274010
v 0.02280000 0.03459487 -0.16649029
v 0.02330000 0.03409487 -0.16649027
v 0.02280000 0.03409485 -0.16699027
v 0.02180000 0.03459563 -0.14199029
v 0.02180000 0.02859563 -0.14199010
v 0.02159904 0.03459565 -0.14124029
v 0.02159904 0.02859565 -0.14124010
v 0.02105000 0.03459567 -0.14069125
v 0.02105000 0.02859567 -0.14069106
v 0.02030000 0.03459567 -0.14049029
v 0.02030000 0.02859567 -0.14049010
v 0.01955000 0.03459567 -0.14069125
v 0.01955000 0.02859567 -0.14069106
v 0.01900096 0.03459565 -0.14124029
v 0.01900096 0.02859565 -0.14124010
v 0.01880000 0.03459563 -0.14199029
v 0.01880000 0.02859563 -0.14199010
v 0.01900096 0.03459560 -0.14274029
v 0.01900096 0.02859560 -0.14274010
v 0.01955000 0.03459559 -0.14328933
v 0.01955000 0.02859559 -0.14328914
v 0.02030000 0.03459558 -0.14349029
v 0.02030000 0.02859558 -0.14349010
v 0.02105000 0.03459559 -0.14328933
v 0.02105000 0.02859559 -0.14328914
v 0.02159904 0.03459560 -0.14274029
v 0.02159904 0.02859560 -0.14274010
v 0.01780000 0.02909485 -0.16699012
v 0.01730000 0.02909487 -0.16649012
v 0.01780000 0.03409485 -0.16699027
v 0.01730000 0.03409487 -0.16649027
v 0.01730000 0.03309593 -0.13199024
v 0.02330000 0.03309593 -0.13199024
v 0.01730000 0.03289499 -0.13124023
v 0.02330000 0.03289499 -0.13124023
v 0.01730000 0.03234597 -0.13069118
v 0.02330000 0.03234597 -0.13069118
v 0.01730000 0.03159598 -0.13049020
v 0.02330000 0.03159598 -0.13049020
v 0.01730000 0.03084597 -0.13069113
v 0.02330000 0.03084597 -0.13069113
v 0.01730000 0.03029692 -0.13124015
v 0.02330000 0.03029692 -0.13124015
v 0.01730000 0.03009593 -0.13199015
v 0.02330000 0.03009593 -0.13199015
v 0.01730000 0.03029687 -0.13274016
v 0.02330000 0.03029687 -0.13274016
v 0.01730000 0.03084589 -0.13328921
v 0.02330000 0.03084589 -0.13328921
v 0.01730000 0.03159589 -0.13349020
v 0.02330000 0.03159589 -0.13349020
v 0.01730000 0.03234589 -0.13328926
v 0.02330000 0.03234589 -0.13328926
v 0.01730000 0.03289495 -0.13274024
v 0.02330000 0.03289495 -0.13274024
v 0.01730000 0.02909487 -0.16649012
v 0.01780000 0.02859487 -0.16649010
v 0.01730000 0.02909607 -0.12749012
v 0.01780000 0.02859607 -0.12749010
v 0.01730000 0.03309532 -0.15199024
v 0.02330000 0.03309532 -0.15199024
v 0.01730000 0.03289438 -0.15124024
v 0.02330000 0.03289438 -0.15124024
v 0.01730000 0.03234536 -0.15069118
v 0.02330000 0.03234536 -0.15069118
v 0.01730000 0.03159536 -0.15049020
v 0.02330000 0.03159536 -0.15049020
v 0.01730000 0.03084536 -0.15069114
v 0.02330000 0.03084536 -0.15069114
v 0.01730000 0.03029630 -0.15124016
v 0.02330000 0.03029630 -0.15124016
v 0.01730000 0.03009532 -0.15199015
v 0.02330000 0.03009532 -0.15199015
v 0.01730000 0.03029626 -0.15274016
v 0.02330000 0.03029626 -0.15274016
v 0.01730000 0.03084528 -0.15328921
v 0.02330000 0.03084528 -0.15328921
v 0.01730000 0.03159527 -0.15349020
v 0.02330000 0.03159527 -0.15349020
v 0.01730000 0.03234528 -0.15328926
v 0.02330000 0.03234528 -0.15328926
v 0.01730000 0.03289433 -0.15274024
v 0.02330000 0.03289433 -0.15274024
v 0.02280000 0.02859487 -0.16649010
v 0.02330000 0.02909487 -0.16649012
v 0.02280000 0.02859607 -0.12749010
v 0.02330000 0.02909607 -0.12749012
v 0.02280000 0.03409609 -0.12699027
v 0.02280000 0.03459607 -0.12749029
v 0.01780000 0.03409609 -0.12699027
v 0.01780000 0.03459607 -0.12749029
v 0.02330000 0.02909487 -0.16649012
v 0.02280000 0.02909485 -0.16699012
v 0.02330000 0.03409487 -0.16649027
v 0.02280000 0.03409485 -0.16699027
v 0.01780000 0.03409609 -0.12699027
v 0.01780000 0.03459607 -0.12749029
v 0.01730000 0.03409607 -0.12749027
v 0.01730000 0.02909487 -0.16649012
v 0.01780000 0.02909485 -0.16699012
v 0.01780000 0.02859487 -0.16649010
v 0.02280000 0.03459607 -0.12749029
v 0.02280000 0.03409609 -0.12699027
v 0.02330000 0.03409607 -0.12749027
v 0.02330000 0.02909487 -0.16649012
v 0.02280000 0.02859487 -0.16649010
v 0.02280000 0.02909485 -0.16699012
v 0.01780000 0.03459487 -0.16649029
v 0.01730000 0.03409487 -0.16649027
v 0.01780000 0.03459607 -0.12749029
v 0.01730000 0.03409607 -0.12749027
v 0.02280000 0.02909485 -0.16699012
v 0.02280000 0.02859487 -0.16649010
v 0.01780000 0.02909485 -0.16699012
v 0.01780000 0.02859487 -0.16649010
v 0.03580000 0.03410080 0.02599895
v 0.03580000 0.02910080 0.02599910
v 0.04080000 0.03410080 0.02599895
v 0.04080000 0.02910080 0.02599910
v 0.04080000 0.02910080 0.02599910
v 0.04130000 0.02910079 0.02549910
v 0.04080000 0.03410080 0.02599895
v 0.04130000 0.03410079 0.02549895
v 0.03530000 0.02910079 0.02549910
v 0.03580000 0.02910080 0.02599910
v 0.03530000 0.03410079 0.02549895
v 0.03580000 0.03410080 0.02599895
v 0.03580000 0.02910080 0.02599910
v 0.03580000 0.02860079 0.02549912
v 0.04080000 0.02910080 0.02599910
v 0.04080000 0.02860079 0.02549912
v 0.03580000 0.02909957 -0.01400090
v 0.03580000 0.03409957 -0.01400105
v 0.04080000 0.02909957 -0.01400090
v 0.04080000 0.03409957 -0.01400105
v 0.04130000 0.03409958 -0.01350105
v 0.04080000 0.03459958 -0.01350107
v 0.04130000 0.03410079 0.02549895
v 0.04080000 0.03460079 0.02549894
v 0.03580000 0.03460079 0.02549894
v 0.03680000 0.03459972 -0.00900107
v 0.03580000 0.03459958 -0.01350107
v 0.03700096 0.03459970 -0.00975107
v 0.03700096 0.03460036 0.01174893
v 0.03680000 0.03460034 0.01099893
v 0.03905000 0.03459968 -0.01030010
v 0.04080000 0.03459958 -0.01350107
v 0.03830000 0.03459968 -0.01050107
v 0.03755000 0.03459968 -0.01030010
v 0.03755000 0.03459976 -0.00770203
v 0.03700096 0.03459975 -0.00825107
v 0.03959904 0.03459970 -0.00975107
v 0.03980000 0.03459972 -0.00900107
v 0.04080000 0.03460079 0.02549894
v 0.03980000 0.03460034 0.01099893
v 0.03959904 0.03460036 0.01174893
v 0.03959904 0.03459975 -0.00825107
v 0.03905000 0.03459976 -0.00770203
v 0.03959904 0.03460032 0.01024893
v 0.03905000 0.03460038 0.01229797
v 0.03830000 0.03460039 0.01249893
v 0.03755000 0.03460038 0.01229797
v 0.03700096 0.03460032 0.01024893
v 0.03755000 0.03460030 0.00969990
v 0.03830000 0.03459977 -0.00750107
v 0.03830000 0.03460029 0.00949893
v 0.03905000 0.03460030 0.00969990
v 0.04080000 0.03459958 -0.01350107
v 0.04080000 0.03409957 -0.01400105
v 0.03580000 0.03459958 -0.01350107
v 0.03580000 0.03409957 -0.01400105
v 0.04130000 0.03085007 0.00229809
v 0.04130000 0.03160008 0.00249903
v 0.04130000 0.02910079 0.02549910
v 0.04130000 0.03409958 -0.01350105
v 0.04130000 0.03289905 0.00024899
v 0.04130000 0.03234999 -0.00030004
v 0.04130000 0.02909958 -0.01350090
v 0.04130000 0.03159999 -0.00050097
v 0.04130000 0.03084999 -0.00029999
v 0.04130000 0.03310003 0.00099898
v 0.04130000 0.03410079 0.02549895
v 0.04130000 0.03289909 0.00174899
v 0.04130000 0.03030097 0.00024907
v 0.04130000 0.03010003 0.00099907
v 0.04130000 0.03030102 0.00174907
v 0.04130000 0.03085069 0.02229809
v 0.04130000 0.03160069 0.02249903
v 0.04130000 0.03235069 0.02229804
v 0.04130000 0.03289971 0.02174899
v 0.04130000 0.03310065 0.02099898
v 0.04130000 0.03289966 0.02024898
v 0.04130000 0.03235007 0.00229804
v 0.04130000 0.03235061 0.01969996
v 0.04130000 0.03160060 0.01949903
v 0.04130000 0.03085061 0.01970001
v 0.04130000 0.03030159 0.02024906
v 0.04130000 0.03010065 0.02099907
v 0.04130000 0.03030163 0.02174907
v 0.03580000 0.03459958 -0.01350107
v 0.03580000 0.03409957 -0.01400105
v 0.03530000 0.03409958 -0.01350105
v 0.04080000 0.02859958 -0.01350088
v 0.03905000 0.02859968 -0.01029992
v 0.03580000 0.02859958 -0.01350088
v 0.03830000 0.02859968 -0.01050088
v 0.03755000 0.02859968 -0.01029992
v 0.03700096 0.02859970 -0.00975088
v 0.03680000 0.02859972 -0.00900088
v 0.03580000 0.02860079 0.02549912
v 0.03905000 0.02859976 -0.00770184
v 0.03959904 0.02859975 -0.00825088
v 0.04080000 0.02860079 0.02549912
v 0.03980000 0.02859972 -0.00900088
v 0.03959904 0.02859970 -0.00975088
v 0.03905000 0.02860038 0.01229816
v 0.03959904 0.02860036 0.01174912
v 0.03980000 0.02860034 0.01099912
v 0.03680000 0.02860034 0.01099912
v 0.03700096 0.02860036 0.01174912
v 0.03755000 0.02860038 0.01229816
v 0.03830000 0.02860039 0.01249912
v 0.03700096 0.02859975 -0.00825088
v 0.03755000 0.02859976 -0.00770184
v 0.03700096 0.02860032 0.01024912
v 0.03959904 0.02860032 0.01024912
v 0.03905000 0.02860030 0.00970008
v 0.03830000 0.02859977 -0.00750088
v 0.03830000 0.02860029 0.00949912
v 0.03755000 0.02860030 0.00970008
v 0.03580000 0.02910080 0.02599910
v 0.03530000 0.02910079 0.02549910
v 0.03580000 0.02860079 0.02549912
v 0.03530000 0.03030163 0.02174907
v 0.03530000 0.03010065 0.02099907
v 0.03530000 0.02910079 0.02549910
v 0.03530000 0.03235069 0.02229804
v 0.03530000 0.03160069 0.02249903
v 0.03530000 0.03410079 0.02549895
v 0.03530000 0.03085007 0.00229809
v 0.03530000 0.03030102 0.00174907
v 0.03530000 0.03085061 0.01970001
v 0.03530000 0.03030097 0.00024907
v 0.03530000 0.02909958 -0.01350090
v 0.03530000 0.03010003 0.00099907
v 0.03530000 0.03030159 0.02024906
v 0.03530000 0.03085069 0.02229809
v 0.03530000 0.03084999 -0.00029999
v 0.03530000 0.03159999 -0.00050097
v 0.03530000 0.03409958 -0.01350105
v 0.03530000 0.03234999 -0.00030004
v 0.03530000 0.03289909 0.00174899
v 0.03530000 0.03310003 0.00099898
v 0.03530000 0.03289905 0.00024899
v 0.03530000 0.03160008 0.00249903
v 0.03530000 0.03160060 0.01949903
v 0.03530000 0.03235007 0.00229804
v 0.03530000 0.03235061 0.01969996
v 0.03530000 0.03289966 0.02024898
v 0.03530000 0.03310065 0.02099898
v 0.03530000 0.03289971 0.02174899
v 0.04080000 0.02910080 0.02599910
v 0.04080000 0.02860079 0.02549912
v 0.04130000 0.02910079 0.02549910
v 0.03980000 0.03459972 -0.00900107
v 0.03980000 0.02859972 -0.00900088
v 0.03959904 0.03459975 -0.00825107
v 0.03959904 0.02859975 -0.00825088
v 0.03905000 0.03459976 -0.00770203
v 0.03905000 0.02859976 -0.00770184
v 0.03830000 0.03459977 -0.00750107
v 0.03830000 0.02859977 -0.00750088
v 0.03755000 0.03459976 -0.00770203
v 0.03755000 0.02859976 -0.00770184
v 0.03700096 0.03459975 -0.00825107
v 0.03700096 0.02859975 -0.00825088
v 0.03680000 0.03459972 -0.00900107
v 0.03680000 0.02859972 -0.00900088
v 0.03700096 0.03459970 -0.00975107
v 0.03700096 0.02859970 -0.00975088
v 0.03755000 0.03459968 -0.01030010
v 0.03755000 0.02859968 -0.01029992
v 0.03830000 0.03459968 -0.01050107
v 0.03830000 0.02859968 -0.01050088
v 0.03905000 0.03459968 -0.01030010
v 0.03905000 0.02859968 -0.01029992
v 0.03959904 0.03459970 -0.00975107
v 0.03959904 0.02859970 -0.00975088
v 0.04080000 0.03459958 -0.01350107
v 0.04130000 0.03409958 -0.01350105
v 0.04080000 0.03409957 -0.01400105
v 0.03980000 0.03460034 0.01099893
v 0.03980000 0.02860034 0.01099912
v 0.03959904 0.03460036 0.01174893
v 0.03959904 0.02860036 0.01174912
v 0.03905000 0.03460038 0.01229797
v 0.03905000 0.02860038 0.01229816
v 0.03830000 0.03460039 0.01249893
v 0.03830000 0.02860039 0.01249912
v 0.03755000 0.03460038 0.01229797
v 0.03755000 0.02860038 0.01229816
v 0.03700096 0.03460036 0.01174893
v 0.03700096 0.02860036 0.01174912
v 0.03680000 0.03460034 0.01099893
v 0.03680000 0.02860034 0.01099912
v 0.03700096 0.03460032 0.01024893
v 0.03700096 0.02860032 0.01024912
v 0.03755000 0.03460030 0.00969990
v 0.03755000 0.02860030 0.00970008
v 0.03830000 0.03460029 0.00949893
v 0.03830000 0.02860029 0.00949912
v 0.03905000 0.03460030 0.00969990
v 0.03905000 0.02860030 0.00970008
v 0.03959904 0.03460032 0.01024893
v 0.03959904 0.02860032 0.01024912
v 0.03580000 0.02909957 -0.01400090
v 0.03530000 0.02909958 -0.01350090
v 0.03580000 0.03409957 -0.01400105
v 0.03530000 0.03409958 -0.01350105
v 0.03530000 0.03310065 0.02099898
v 0.04130000 0.03310065 0.02099898
v 0.03530000 0.03289971 0.02174899
v 0.04130000 0.03289971 0.02174899
v 0.03530000 0.03235069 0.02229804
v 0.04130000 0.03235069 0.02229804
v 0.03530000 0.03160069 0.02249903
v 0.04130000 0.03160069 0.02249903
v 0.03530000 0.03085069 0.02229809
v 0.04130000 0.03085069 0.02229809
v 0.03530000 0.03030163 0.02174907
v 0.04130000 0.03030163 0.02174907
v 0.03530000 0.03010065 0.02099907
v 0.04130000 0.03010065 0.02099907
v 0.03530000 0.03030159 0.02024906
v 0.04130000 0.03030159 0.02024906
v 0.03530000 0.03085061 0.01970001
v 0.04130000 0.03085061 0.01970001
v 0.03530000 0.03160060 0.01949903
v 0.04130000 0.03160060 0.01949903
v 0.03530000 0.03235061 0.01969996
v 0.04130000 0.03235061 0.01969996
v 0.03530000 0.03289966 0.02024898
v 0.04130000 0.03289966 0.02024898
v 0.03530000 0.02909958 -0.01350090
v 0.03580000 0.02859958 -0.01350088
v 0.03530000 0.02910079 0.02549910
v 0.03580000 0.02860079 0.02549912
v 0.03530000 0.03310003 0.00099898
v 0.04130000 0.03310003 0.00099898
v 0.03530000 0.03289909 0.00174899
v 0.04130000 0.03289909 0.00174899
v 0.03530000 0.03235007 0.00229804
v 0.04130000 0.03235007 0.00229804
v 0.03530000 0.03160008 0.00249903
v 0.04130000 0.03160008 0.00249903
v 0.03530000 0.03085007 0.00229809
v 0.04130000 0.03085007 0.00229809
v 0.03530000 0.03030102 0.00174907
v 0.04130000 0.03030102 0.00174907
v 0.03530000 0.03010003 0.00099907
v 0.04130000 0.03010003 0.00099907
v 0.03530000 0.03030097 0.00024907
v 0.04130000 0.03030097 0.00024907
v 0.03530000 0.03084999 -0.00029999
v 0.04130000 0.03084999 -0.00029999
v 0.03530000 0.03159999 -0.00050097
v 0.04130000 0.03159999 -0.00050097
v 0.03530000 0.03234999 -0.00030004
v 0.04130000 0.03234999 -0.00030004
v 0.03530000 0.03289905 0.00024899
v 0.04130000 0.03289905 0.00024899
v 0.04080000 0.02859958 -0.01350088
v 0.04130000 0.02909958 -0.01350090
v 0.04080000 0.02860079 0.02549912
v 0.04130000 0.02910079 0.02549910
v 0.04080000 0.03410080 0.02599895
v 0.04080000 0.03460079 0.02549894
v 0.03580000 0.03410080 0.02599895
v 0.03580000 0.03460079 0.02549894
v 0.04130000 0.02909958 -0.01350090
v 0.04080000 0.02909957 -0.01400090
v 0.04130000 0.03409958 -0.01350105
v 0.04080000 0.03409957 -0.01400105
v 0.03580000 0.03410080 0.02599895
v 0.03580000 0.03460079 0.02549894
v 0.03530000 0.03410079 0.02549895
v 0.03530000 0.02909958 -0.01350090
v 0.03580000 0.02909957 -0.01400090
v 0.03580000 0.02859958 -0.01350088
v 0.04080000 0.03460079 0.02549894
v 0.04080000 0.03410080 0.02599895
v 0.04130000 0.03410079 0.02549895
v 0.04130000 0.02909958 -0.01350090
v 0.04080000 0.02859958 -0.01350088
v 0.04080000 0.02909957 -0.01400090
v 0.03580000 0.03459958 -0.01350107
v 0.03530000 0.03409958 -0.01350105
v 0.03580000 0.03460079 0.02549894
v 0.03530000 0.03410079 0.02549895
v 0.04080000 0.02909957 -0.01400090
v 0.04080000 0.02859958 -0.01350088
v 0.03580000 0.02909957 -0.01400090
v 0.03580000 0.02859958 -0.01350088
v 0.03580000 0.10309921 -0.02500317
v 0.04080000 0.10309921 -0.02500317
v 0.03580000 0.09809921 -0.02500302
v 0.04080000 0.09809921 -0.02500302
v 0.04080000 0.09809921 -0.02500302
v 0.04080000 0.09759922 -0.02450301
v 0.03580000 0.09809921 -0.02500302
v 0.03580000 0.09759922 -0.02450301
v 0.04080000 0.10359922 -0.02450319
v 0.04080000 0.10309921 -0.02500317
v 0.03580000 0.10359922 -0.02450319
v 0.03580000 0.10309921 -0.02500317
v 0.04080000 0.10309921 -0.02500317
v 0.04130000 0.10309922 -0.02450318
v 0.04080000 0.09809921 -0.02500302
v 0.04130000 0.09809922 -0.02450302
v 0.04080000 0.10310044 0.01499683
v 0.03580000 0.10310044 0.01499683
v 0.04080000 0.09810044 0.01499698
v 0.03580000 0.09810044 0.01499698
v 0.03580000 0.09760043 0.01449699
v 0.03530000 0.09810043 0.01449698
v 0.03580000 0.09759922 -0.02450301
v 0.03530000 0.09809922 -0.02450302
v 0.03530000 0.10309922 -0.02450318
v 0.03530000 0.10210029 0.00999686
v 0.03530000 0.10310043 0.01449682
v 0.03530000 0.10189935 0.01074686
v 0.03530000 0.10189869 -0.01075314
v 0.03530000 0.10209967 -0.01000314
v 0.03530000 0.09985033 0.01129596
v 0.03530000 0.09810043 0.01449698
v 0.03530000 0.10060034 0.01149690
v 0.03530000 0.10135033 0.01129592
v 0.03530000 0.10135025 0.00869784
v 0.03530000 0.10189930 0.00924686
v 0.03530000 0.09930127 0.01074694
v 0.03530000 0.09910029 0.00999695
v 0.03530000 0.09809922 -0.02450302
v 0.03530000 0.09909967 -0.01000305
v 0.03530000 0.09930061 -0.01075306
v 0.03530000 0.09930123 0.00924694
v 0.03530000 0.09985025 0.00869789
v 0.03530000 0.09930066 -0.00925306
v 0.03530000 0.09984963 -0.01130211
v 0.03530000 0.10059963 -0.01150310
v 0.03530000 0.10134963 -0.01130216
v 0.03530000 0.10189873 -0.00925314
v 0.03530000 0.10134971 -0.00870408
v 0.03530000 0.10060024 0.00849690
v 0.03530000 0.10059972 -0.00850310
v 0.03530000 0.09984971 -0.00870404
v 0.03530000 0.09810043 0.01449698
v 0.03580000 0.09810044 0.01499698
v 0.03530000 0.10310043 0.01449682
v 0.03580000 0.10310044 0.01499683
v 0.03905000 0.09759994 -0.00130204
v 0.03830000 0.09759993 -0.00150301
v 0.04080000 0.09759922 -0.02450301
v 0.03580000 0.09760043 0.01449699
v 0.03700096 0.09760000 0.00074699
v 0.03755000 0.09760002 0.00129603
v 0.04080000 0.09760043 0.01449699
v 0.03830000 0.09760003 0.00149699
v 0.03905000 0.09760002 0.00129603
v 0.03680000 0.09759998 -0.00000301
v 0.03580000 0.09759922 -0.02450301
v 0.03700096 0.09759996 -0.00075301
v 0.03959904 0.09760000 0.00074699
v 0.03980000 0.09759998 -0.00000301
v 0.03959904 0.09759996 -0.00075301
v 0.03905000 0.09759932 -0.02130204
v 0.03830000 0.09759932 -0.02150300
v 0.03755000 0.09759932 -0.02130204
v 0.03700096 0.09759934 -0.02075301
v 0.03680000 0.09759936 -0.02000301
v 0.03700096 0.09759939 -0.01925300
v 0.03755000 0.09759994 -0.00130204
v 0.03755000 0.09759940 -0.01870397
v 0.03830000 0.09759941 -0.01850301
v 0.03905000 0.09759940 -0.01870397
v 0.03959904 0.09759939 -0.01925300
v 0.03980000 0.09759936 -0.02000301
v 0.03959904 0.09759934 -0.02075301
v 0.03530000 0.10310043 0.01449682
v 0.03580000 0.10310044 0.01499683
v 0.03580000 0.10360043 0.01449681
v 0.04130000 0.09810043 0.01449698
v 0.04130000 0.09985033 0.01129596
v 0.04130000 0.10310043 0.01449682
v 0.04130000 0.10060034 0.01149690
v 0.04130000 0.10135033 0.01129592
v 0.04130000 0.10189935 0.01074686
v 0.04130000 0.10210029 0.00999686
v 0.04130000 0.10309922 -0.02450318
v 0.04130000 0.09985025 0.00869789
v 0.04130000 0.09930123 0.00924694
v 0.04130000 0.09809922 -0.02450302
v 0.04130000 0.09910029 0.00999695
v 0.04130000 0.09930127 0.01074694
v 0.04130000 0.09984963 -0.01130211
v 0.04130000 0.09930061 -0.01075306
v 0.04130000 0.09909967 -0.01000305
v 0.04130000 0.10209967 -0.01000314
v 0.04130000 0.10189869 -0.01075314
v 0.04130000 0.10134963 -0.01130216
v 0.04130000 0.10059963 -0.01150310
v 0.04130000 0.10189930 0.00924686
v 0.04130000 0.10135025 0.00869784
v 0.04130000 0.10189873 -0.00925314
v 0.04130000 0.09930066 -0.00925306
v 0.04130000 0.09984971 -0.00870404
v 0.04130000 0.10060024 0.00849690
v 0.04130000 0.10059972 -0.00850310
v 0.04130000 0.10134971 -0.00870408
v 0.04080000 0.10309921 -0.02500317
v 0.04080000 0.10359922 -0.02450319
v 0.04130000 0.10309922 -0.02450318
v 0.03959904 0.10359934 -0.02075319
v 0.03980000 0.10359936 -0.02000319
v 0.04080000 0.10359922 -0.02450319
v 0.03755000 0.10359932 -0.02130223
v 0.03830000 0.10359932 -0.02150319
v 0.03580000 0.10359922 -0.02450319
v 0.03905000 0.10359994 -0.00130223
v 0.03959904 0.10359996 -0.00075319
v 0.03905000 0.10359940 -0.01870415
v 0.03959904 0.10360000 0.00074681
v 0.04080000 0.10360043 0.01449681
v 0.03980000 0.10359998 -0.00000319
v 0.03959904 0.10359939 -0.01925319
v 0.03905000 0.10359932 -0.02130223
v 0.03905000 0.10360002 0.00129585
v 0.03830000 0.10360003 0.00149681
v 0.03580000 0.10360043 0.01449681
v 0.03755000 0.10360002 0.00129585
v 0.03700096 0.10359996 -0.00075319
v 0.03680000 0.10359998 -0.00000319
v 0.03700096 0.10360000 0.00074681
v 0.03830000 0.10359993 -0.00150319
v 0.03830000 0.10359941 -0.01850319
v 0.03755000 0.10359994 -0.00130223
v 0.03755000 0.10359940 -0.01870415
v 0.03700096 0.10359939 -0.01925319
v 0.03680000 0.10359936 -0.02000319
v 0.03700096 0.10359934 -0.02075319
v 0.04080000 0.09809921 -0.02500302
v 0.04130000 0.09809922 -0.02450302
v 0.04080000 0.09759922 -0.02450301
v 0.03530000 0.09910029 0.00999695
v 0.04130000 0.09910029 0.00999695
v 0.03530000 0.09930123 0.00924694
v 0.04130000 0.09930123 0.00924694
v 0.03530000 0.09985025 0.00869789
v 0.04130000 0.09985025 0.00869789
v 0.03530000 0.10060024 0.00849690
v 0.04130000 0.10060024 0.00849690
v 0.03530000 0.10135025 0.00869784
v 0.04130000 0.10135025 0.00869784
v 0.03530000 0.10189930 0.00924686
v 0.04130000 0.10189930 0.00924686
v 0.03530000 0.10210029 0.00999686
v 0.04130000 0.10210029 0.00999686
v 0.03530000 0.10189935 0.01074686
v 0.04130000 0.10189935 0.01074686
v 0.03530000 0.10135033 0.01129592
v 0.04130000 0.10135033 0.01129592
v 0.03530000 0.10060034 0.01149690
v 0.04130000 0.10060034 0.01149690
v 0.03530000 0.09985033 0.01129596
v 0.04130000 0.09985033 0.01129596
v 0.03530000 0.09930127 0.01074694
v 0.04130000 0.09930127 0.01074694
v 0.03530000 0.09810043 0.01449698
v 0.03580000 0.09760043 0.01449699
v 0.03580000 0.09810044 0.01499698
v 0.03530000 0.09909967 -0.01000305
v 0.04130000 0.09909967 -0.01000305
v 0.03530000 0.09930061 -0.01075306
v 0.04130000 0.09930061 -0.01075306
v 0.03530000 0.09984963 -0.01130211
v 0.04130000 0.09984963 -0.01130211
v 0.03530000 0.10059963 -0.01150310
v 0.04130000 0.10059963 -0.01150310
v 0.03530000 0.10134963 -0.01130216
v 0.04130000 0.10134963 -0.01130216
v 0.03530000 0.10189869 -0.01075314
v 0.04130000 0.10189869 -0.01075314
v 0.03530000 0.10209967 -0.01000314
v 0.04130000 0.10209967 -0.01000314
v 0.03530000 0.10189873 -0.00925314
v 0.04130000 0.10189873 -0.00925314
v 0.03530000 0.10134971 -0.00870408
v 0.04130000 0.10134971 -0.00870408
v 0.03530000 0.10059972 -0.00850310
v 0.04130000 0.10059972 -0.00850310
v 0.03530000 0.09984971 -0.00870404
v 0.04130000 0.09984971 -0.00870404
v 0.03530000 0.09930066 -0.00925306
v 0.04130000 0.09930066 -0.00925306
v 0.04080000 0.10310044 0.01499683
v 0.04080000 0.10360043 0.01449681
v 0.03580000 0.10310044 0.01499683
v 0.03580000 0.10360043 0.01449681
v 0.03680000 0.10359936 -0.02000319
v 0.03680000 0.09759936 -0.02000301
v 0.03700096 0.10359934 -0.02075319
v 0.03700096 0.09759934 -0.02075301
v 0.03755000 0.10359932 -0.02130223
v 0.03755000 0.09759932 -0.02130204
v 0.03830000 0.10359932 -0.02150319
v 0.03830000 0.09759932 -0.02150300
v 0.03905000 0.10359932 -0.02130223
v 0.03905000 0.09759932 -0.02130204
v 0.03959904 0.10359934 -0.02075319
v 0.03959904 0.09759934 -0.02075301
v 0.03980000 0.10359936 -0.02000319
v 0.03980000 0.09759936 -0.02000301
v 0.03959904 0.10359939 -0.01925319
v 0.03959904 0.09759939 -0.01925300
v 0.03905000 0.10359940 -0.01870415
v 0.03905000 0.09759940 -0.01870397
v 0.03830000 0.10359941 -0.01850319
v 0.03830000 0.09759941 -0.01850301
v 0.03755000 0.10359940 -0.01870415
v 0.03755000 0.09759940 -0.01870397
v 0.03700096 0.10359939 -0.01925319
v 0.03700096 0.09759939 -0.01925300
v 0.04080000 0.10360043 0.01449681
v 0.04130000 0.10310043 0.01449682
v 0.04080000 0.10359922 -0.02450319
v 0.04130000 0.10309922 -0.02450318
v 0.03680000 0.10359998 -0.00000319
v 0.03680000 0.09759998 -0.00000301
v 0.03700096 0.10359996 -0.00075319
v 0.03700096 0.09759996 -0.00075301
v 0.03755000 0.10359994 -0.00130223
v 0.03755000 0.09759994 -0.00130204
v 0.03830000 0.10359993 -0.00150319
v 0.03830000 0.09759993 -0.00150301
v 0.03905000 0.10359994 -0.00130223
v 0.03905000 0.09759994 -0.00130204
v 0.03959904 0.10359996 -0.00075319
v 0.03959904 0.09759996 -0.00075301
v 0.03980000 0.10359998 -0.00000319
v 0.03980000 0.09759998 -0.00000301
v 0.03959904 0.10360000 0.00074681
v 0.03959904 0.09760000 0.00074699
v 0.03905000 0.10360002 0.00129585
v 0.03905000 0.09760002 0.00129603
v 0.03830000 0.10360003 0.00149681
v 0.03830000 0.09760003 0.00149699
v 0.03755000 0.10360002 0.00129585
v 0.03755000 0.09760002 0.00129603
v 0.03700096 0.10360000 0.00074681
v 0.03700096 0.09760000 0.00074699
v 0.04130000 0.09810043 0.01449698
v 0.04080000 0.09760043 0.01449699
v 0.04130000 0.09809922 -0.02450302
v 0.04080000 0.09759922 -0.02450301
v 0.03580000 0.09809921 -0.02500302
v 0.03530000 0.09809922 -0.02450302
v 0.03580000 0.10309921 -0.02500317
v 0.03530000 0.10309922 -0.02450318
v 0.04080000 0.09760043 0.01449699
v 0.04080000 0.09810044 0.01499698
v 0.03580000 0.09760043 0.01449699
v 0.03580000 0.09810044 0.01499698
v 0.03580000 0.10309921 -0.02500317
v 0.03530000 0.10309922 -0.02450318
v 0.03580000 0.10359922 -0.02450319
v 0.04080000 0.10360043 0.01449681
v 0.04080000 0.10310044 0.01499683
v 0.04130000 0.10310043 0.01449682
v 0.03530000 0.09809922 -0.02450302
v 0.03580000 0.09809921 -0.02500302
v 0.03580000 0.09759922 -0.02450301
v 0.04080000 0.09760043 0.01449699
v 0.04130000 0.09810043 0.01449698
v 0.04080000 0.09810044 0.01499698
v 0.03530000 0.10310043 0.01449682
v 0.03580000 0.10360043 0.01449681
v 0.03530000 0.10309922 -0.02450318
v 0.03580000 0.10359922 -0.02450319
v 0.04080000 0.09810044 0.01499698
v 0.04130000 0.09810043 0.01449698
v 0.04080000 0.10310044 0.01499683
v 0.04130000 0.10310043 0.01449682
v 0.01780000 0.06809516 -0.15699132
v 0.01780000 0.07309516 -0.15699147
v 0.02280000 0.06809516 -0.15699132
v 0.02280000 0.07309516 -0.15699147
v 0.02280000 0.07309516 -0.15699147
v 0.02330000 0.07309517 -0.15649147
v 0.02280000 0.06809516 -0.15699132
v 0.02330000 0.06809517 -0.15649132
v 0.01730000 0.07309517 -0.15649147
v 0.01780000 0.07309516 -0.15699147
v 0.01730000 0.06809517 -0.15649132
v 0.01780000 0.06809516 -0.15699132
v 0.01780000 0.07309516 -0.15699147
v 0.01780000 0.07359517 -0.15649149
v 0.02280000 0.07309516 -0.15699147
v 0.02280000 0.07359517 -0.15649149
v 0.01780000 0.07309639 -0.11699147
v 0.01780000 0.06809639 -0.11699132
v 0.02280000 0.07309639 -0.11699147
v 0.02280000 0.06809639 -0.11699132
v 0.02330000 0.06809637 -0.11749132
v 0.02280000 0.06759637 -0.11749130
v 0.02330000 0.06809517 -0.15649132
v 0.02280000 0.06759517 -0.15649130
v 0.01780000 0.06759517 -0.15649130
v 0.01880000 0.06759623 -0.12199130
v 0.01780000 0.06759637 -0.11749130
v 0.01900096 0.06759626 -0.12124130
v 0.01900096 0.06759559 -0.14274130
v 0.01880000 0.06759562 -0.14199130
v 0.02105000 0.06759627 -0.12069226
v 0.02280000 0.06759637 -0.11749130
v 0.02030000 0.06759628 -0.12049130
v 0.01955000 0.06759627 -0.12069226
v 0.01955000 0.06759619 -0.12329034
v 0.01900096 0.06759621 -0.12274130
v 0.02159904 0.06759626 -0.12124130
v 0.02180000 0.06759623 -0.12199130
v 0.02280000 0.06759517 -0.15649130
v 0.02180000 0.06759562 -0.14199130
v 0.02159904 0.06759559 -0.14274130
v 0.02159904 0.06759621 -0.12274130
v 0.02105000 0.06759619 -0.12329034
v 0.02159904 0.06759564 -0.14124130
v 0.02105000 0.06759558 -0.14329034
v 0.02030000 0.06759557 -0.14349130
v 0.01955000 0.06759558 -0.14329034
v 0.01900096 0.06759564 -0.14124130
v 0.01955000 0.06759566 -0.14069226
v 0.02030000 0.06759619 -0.12349130
v 0.02030000 0.06759566 -0.14049130
v 0.02105000 0.06759566 -0.14069226
v 0.02280000 0.06759637 -0.11749130
v 0.02280000 0.06809639 -0.11699132
v 0.01780000 0.06759637 -0.11749130
v 0.01780000 0.06809639 -0.11699132
v 0.02330000 0.07134589 -0.13329045
v 0.02330000 0.07059588 -0.13349139
v 0.02330000 0.07309517 -0.15649147
v 0.02330000 0.06809637 -0.11749132
v 0.02330000 0.06929691 -0.13124135
v 0.02330000 0.06984597 -0.13069233
v 0.02330000 0.07309637 -0.11749147
v 0.02330000 0.07059597 -0.13049139
v 0.02330000 0.07134597 -0.13069238
v 0.02330000 0.06909593 -0.13199135
v 0.02330000 0.06809517 -0.15649132
v 0.02330000 0.06929687 -0.13274135
v 0.02330000 0.07189499 -0.13124143
v 0.02330000 0.07209593 -0.13199144
v 0.02330000 0.07189494 -0.13274143
v 0.02330000 0.07134527 -0.15329046
v 0.02330000 0.07059526 -0.15349139
v 0.02330000 0.06984527 -0.15329041
v 0.02330000 0.06929625 -0.15274136
v 0.02330000 0.06909531 -0.15199135
v 0.02330000 0.06929629 -0.15124135
v 0.02330000 0.06984589 -0.13329041
v 0.02330000 0.06984535 -0.15069233
v 0.02330000 0.07059536 -0.15049140
v 0.02330000 0.07134535 -0.15069238
v 0.02330000 0.07189437 -0.15124143
v 0.02330000 0.07209531 -0.15199144
v 0.02330000 0.07189432 -0.15274144
v 0.01780000 0.06759637 -0.11749130
v 0.01780000 0.06809639 -0.11699132
v 0.01730000 0.06809637 -0.11749132
v 0.02280000 0.07359637 -0.11749149
v 0.02105000 0.07359627 -0.12069245
v 0.01780000 0.07359637 -0.11749149
v 0.02030000 0.07359628 -0.12049149
v 0.01955000 0.07359627 -0.12069245
v 0.01900096 0.07359626 -0.12124149
v 0.01880000 0.07359623 -0.12199149
v 0.01780000 0.07359517 -0.15649149
v 0.02105000 0.07359619 -0.12329052
v 0.02159904 0.07359621 -0.12274149
v 0.02280000 0.07359517 -0.15649149
v 0.02180000 0.07359623 -0.12199149
v 0.02159904 0.07359626 -0.12124149
v 0.02105000 0.07359558 -0.14329053
v 0.02159904 0.07359559 -0.14274149
v 0.02180000 0.07359562 -0.14199149
v 0.01880000 0.07359562 -0.14199149
v 0.01900096 0.07359559 -0.14274149
v 0.01955000 0.07359558 -0.14329053
v 0.02030000 0.07359557 -0.14349149
v 0.01900096 0.07359621 -0.12274149
v 0.01955000 0.07359619 -0.12329052
v 0.01900096 0.07359564 -0.14124149
v 0.02159904 0.07359564 -0.14124149
v 0.02105000 0.07359566 -0.14069245
v 0.02030000 0.07359619 -0.12349149
v 0.02030000 0.07359566 -0.14049149
v 0.01955000 0.07359566 -0.14069245
v 0.01780000 0.07309516 -0.15699147
v 0.01730000 0.07309517 -0.15649147
v 0.01780000 0.07359517 -0.15649149
v 0.01730000 0.07189432 -0.15274144
v 0.01730000 0.07209531 -0.15199144
v 0.01730000 0.07309517 -0.15649147
v 0.01730000 0.06984527 -0.15329041
v 0.01730000 0.07059526 -0.15349139
v 0.01730000 0.06809517 -0.15649132
v 0.01730000 0.07134589 -0.13329045
v 0.01730000 0.07189494 -0.13274143
v 0.01730000 0.07134535 -0.15069238
v 0.01730000 0.07189499 -0.13124143
v 0.01730000 0.07309637 -0.11749147
v 0.01730000 0.07209593 -0.13199144
v 0.01730000 0.07189437 -0.15124143
v 0.01730000 0.07134527 -0.15329046
v 0.01730000 0.07134597 -0.13069238
v 0.01730000 0.07059597 -0.13049139
v 0.01730000 0.06809637 -0.11749132
v 0.01730000 0.06984597 -0.13069233
v 0.01730000 0.06929687 -0.13274135
v 0.01730000 0.06909593 -0.13199135
v 0.01730000 0.06929691 -0.13124135
v 0.01730000 0.07059588 -0.13349139
v 0.01730000 0.07059536 -0.15049140
v 0.01730000 0.06984589 -0.13329041
v 0.01730000 0.06984535 -0.15069233
v 0.01730000 0.06929629 -0.15124135
v 0.01730000 0.06909531 -0.15199135
v 0.01730000 0.06929625 -0.15274136
v 0.02280000 0.07309516 -0.15699147
v 0.02280000 0.07359517 -0.15649149
v 0.02330000 0.07309517 -0.15649147
v 0.02180000 0.06759623 -0.12199130
v 0.02180000 0.07359623 -0.12199149
v 0.02159904 0.06759621 -0.12274130
v 0.02159904 0.07359621 -0.12274149
v 0.02105000 0.06759619 -0.12329034
v 0.02105000 0.07359619 -0.12329052
v 0.02030000 0.06759619 -0.12349130
v 0.02030000 0.07359619 -0.12349149
v 0.01955000 0.06759619 -0.12329034
v 0.01955000 0.07359619 -0.12329052
v 0.01900096 0.06759621 -0.12274130
v 0.01900096 0.07359621 -0.12274149
v 0.01880000 0.06759623 -0.12199130
v 0.01880000 0.07359623 -0.12199149
v 0.01900096 0.06759626 -0.12124130
v 0.01900096 0.07359626 -0.12124149
v 0.01955000 0.06759627 -0.12069226
v 0.01955000 0.07359627 -0.12069245
v 0.02030000 0.06759628 -0.12049130
v 0.02030000 0.07359628 -0.12049149
v 0.02105000 0.06759627 -0.12069226
v 0.02105000 0.07359627 -0.12069245
v 0.02159904 0.06759626 -0.12124130
v 0.02159904 0.07359626 -0.12124149
v 0.02280000 0.06759637 -0.11749130
v 0.02330000 0.06809637 -0.11749132
v 0.02280000 0.06809639 -0.11699132
v 0.02180000 0.06759562 -0.14199130
v 0.02180000 0.07359562 -0.14199149
v 0.02159904 0.06759559 -0.14274130
v 0.02159904 0.07359559 -0.14274149
v 0.02105000 0.06759558 -0.14329034
v 0.02105000 0.07359558 -0.14329053
v 0.02030000 0.06759557 -0.14349130
v 0.02030000 0.07359557 -0.14349149
v 0.01955000 0.06759558 -0.14329034
v 0.01955000 0.07359558 -0.14329053
v 0.01900096 0.06759559 -0.14274130
v 0.01900096 0.07359559 -0.14274149
v 0.01880000 0.06759562 -0.14199130
v 0.01880000 0.07359562 -0.14199149
v 0.01900096 0.06759564 -0.14124130
v 0.01900096 0.07359564 -0.14124149
v 0.01955000 0.06759566 -0.14069226
v 0.01955000 0.07359566 -0.14069245
v 0.02030000 0.06759566 -0.14049130
v 0.02030000 0.07359566 -0.14049149
v 0.02105000 0.06759566 -0.14069226
v 0.02105000 0.07359566 -0.14069245
v 0.02159904 0.06759564 -0.14124130
v 0.02159904 0.07359564 -0.14124149
v 0.01780000 0.07309639 -0.11699147
v 0.01730000 0.07309637 -0.11749147
v 0.01780000 0.06809639 -0.11699132
v 0.01730000 0.06809637 -0.11749132
v 0.01730000 0.06909531 -0.15199135
v 0.02330000 0.06909531 -0.15199135
v 0.01730000 0.06929625 -0.15274136
v 0.02330000 0.06929625 -0.15274136
v 0.01730000 0.06984527 -0.15329041
v 0.02330000 0.06984527 -0.15329041
v 0.01730000 0.07059526 -0.15349139
v 0.02330000 0.07059526 -0.15349139
v 0.01730000 0.07134527 -0.15329046
v 0.02330000 0.07134527 -0.15329046
v 0.01730000 0.07189432 -0.15274144
v 0.02330000 0.07189432 -0.15274144
v 0.01730000 0.07209531 -0.15199144
v 0.02330000 0.07209531 -0.15199144
v 0.01730000 0.07189437 -0.15124143
v 0.02330000 0.07189437 -0.15124143
v 0.01730000 0.07134535 -0.15069238
v 0.02330000 0.07134535 -0.15069238
v 0.01730000 0.07059536 -0.15049140
v 0.02330000 0.07059536 -0.15049140
v 0.01730000 0.06984535 -0.15069233
v 0.02330000 0.06984535 -0.15069233
v 0.01730000 0.06929629 -0.15124135
v 0.02330000 0.06929629 -0.15124135
v 0.01730000 0.07309637 -0.11749147
v 0.01780000 0.07359637 -0.11749149
v 0.01730000 0.07309517 -0.15649147
v 0.01780000 0.07359517 -0.15649149
v 0.01730000 0.06909593 -0.13199135
v 0.02330000 0.06909593 -0.13199135
v 0.01730000 0.06929687 -0.13274135
v 0.02330000 0.06929687 -0.13274135
v 0.01730000 0.06984589 -0.13329041
v 0.02330000 0.06984589 -0.13329041
v 0.01730000 0.07059588 -0.13349139
v 0.02330000 0.07059588 -0.13349139
v 0.01730000 0.07134589 -0.13329045
v 0.02330000 0.07134589 -0.13329045
v 0.01730000 0.07189494 -0.13274143
v 0.02330000 0.07189494 -0.13274143
v 0.01730000 0.07209593 -0.13199144
v 0.02330000 0.07209593 -0.13199144
v 0.01730000 0.07189499 -0.13124143
v 0.02330000 0.07189499 -0.13124143
v 0.01730000 0.07134597 -0.13069238
v 0.02330000 0.07134597 -0.13069238
v 0.01730000 0.07059597 -0.13049139
v 0.02330000 0.07059597 -0.13049139
v 0.01730000 0.06984597 -0.13069233
v 0.02330000 0.06984597 -0.13069233
v 0.01730000 0.06929691 -0.13124135
v 0.02330000 0.06929691 -0.13124135
v 0.02280000 0.07359637 -0.11749149
v 0.02330000 0.07309637 -0.11749147
v 0.02280000 0.07359517 -0.15649149
v 0.02330000 0.07309517 -0.15649147
v 0.02280000 0.06809516 -0.15699132
v 0.02280000 0.06759517 -0.15649130
v 0.01780000 0.06809516 -0.15699132
v 0.01780000 0.06759517 -0.15649130
v 0.02330000 0.07309637 -0.11749147
v 0.02280000 0.07309639 -0.11699147
v 0.02330000 0.06809637 -0.11749132
v 0.02280000 0.06809639 -0.11699132
v 0.01780000 0.06809516 -0.15699132
v 0.01780000 0.06759517 -0.15649130
v 0.01730000 0.06809517 -0.15649132
v 0.01730000 0.07309637 -0.11749147
v 0.01780000 0.07309639 -0.11699147
v 0.01780000 0.07359637 -0.11749149
v 0.02280000 0.06759517 -0.15649130
v 0.02280000 0.06809516 -0.15699132
v 0.02330000 0.06809517 -0.15649132
v 0.02330000 0.07309637 -0.11749147
v 0.02280000 0.07359637 -0.11749149
v 0.02280000 0.07309639 -0.11699147
v 0.01780000 0.06759637 -0.11749130
v 0.01730000 0.06809637 -0.11749132
v 0.01780000 0.06759517 -0.15649130
v 0.01730000 0.06809517 -0.15649132
v 0.02280000 0.07309639 -0.11699147
v 0.02280000 0.07359637 -0.11749149
v 0.01780000 0.07309639 -0.11699147
v 0.01780000 0.07359637 -0.11749149
v -0.04420000 0.10310046 0.01499682
v -0.04420000 0.09810046 0.01499698
v -0.03920000 0.10310046 0.01499682
v -0.03920000 0.09810046 0.01499698
v -0.03920000 0.09810046 0.01499698
v -0.03870000 0.09810044 0.01449698
v -0.03920000 0.10310046 0.01499682
v -0.03870000 0.10310044 0.01449683
v -0.04470000 0.09810044 0.01449698
v -0.04420000 0.09810046 0.01499698
v -0.04470000 0.10310044 0.01449683
v -0.04420000 0.10310046 0.01499682
v -0.04420000 0.09810046 0.01499698
v -0.04420000 0.09760044 0.01449699
v -0.03920000 0.09810046 0.01499698
v -0.03920000 0.09760044 0.01449699
v -0.04420000 0.09809922 -0.02500302
v -0.04420000 0.10309922 -0.02500318
v -0.03920000 0.09809922 -0.02500302
v -0.03920000 0.10309922 -0.02500318
v -0.03870000 0.10309924 -0.02450318
v -0.03920000 0.10359924 -0.02450319
v -0.03870000 0.10310044 0.01449683
v -0.03920000 0.10360044 0.01449681
v -0.04420000 0.10360044 0.01449681
v -0.04320000 0.10359938 -0.02000319
v -0.04420000 0.10359924 -0.02450319
v -0.04299904 0.10359935 -0.02075319
v -0.04299904 0.10360002 0.00074681
v -0.04320000 0.10359999 -0.00000319
v -0.04095000 0.10359934 -0.02130223
v -0.03920000 0.10359924 -0.02450319
v -0.04170000 0.10359933 -0.02150319
v -0.04245000 0.10359934 -0.02130223
v -0.04245000 0.10359942 -0.01870415
v -0.04299904 0.10359940 -0.01925319
v -0.04040096 0.10359935 -0.02075319
v -0.04020000 0.10359938 -0.02000319
v -0.03920000 0.10360044 0.01449681
v -0.04020000 0.10359999 -0.00000319
v -0.04040096 0.10360002 0.00074681
v -0.04040096 0.10359940 -0.01925319
v -0.04095000 0.10359942 -0.01870415
v -0.04040096 0.10359997 -0.00075319
v -0.04095000 0.10360003 0.00129585
v -0.04170000 0.10360004 0.00149681
v -0.04245000 0.10360003 0.00129585
v -0.04299904 0.10359997 -0.00075319
v -0.04245000 0.10359995 -0.00130223
v -0.04170000 0.10359942 -0.01850319
v -0.04170000 0.10359995 -0.00150319
v -0.04095000 0.10359995 -0.00130223
v -0.03920000 0.10359924 -0.02450319
v -0.03920000 0.10309922 -0.02500318
v -0.04420000 0.10359924 -0.02450319
v -0.04420000 0.10309922 -0.02500318
v -0.03870000 0.09984973 -0.00870404
v -0.03870000 0.10059973 -0.00850310
v -0.03870000 0.09810044 0.01449698
v -0.03870000 0.10309924 -0.02450318
v -0.03870000 0.10189870 -0.01075314
v -0.03870000 0.10134965 -0.01130216
v -0.03870000 0.09809924 -0.02450302
v -0.03870000 0.10059964 -0.01150310
v -0.03870000 0.09984965 -0.01130211
v -0.03870000 0.10209969 -0.01000315
v -0.03870000 0.10310044 0.01449683
v -0.03870000 0.10189875 -0.00925314
v -0.03870000 0.09930062 -0.01075306
v -0.03870000 0.09909969 -0.01000305
v -0.03870000 0.09930067 -0.00925306
v -0.03870000 0.09985034 0.01129596
v -0.03870000 0.10060035 0.01149690
v -0.03870000 0.10135034 0.01129592
v -0.03870000 0.10189936 0.01074686
v -0.03870000 0.10210030 0.00999685
v -0.03870000 0.10189932 0.00924686
v -0.03870000 0.10134973 -0.00870409
v -0.03870000 0.10135026 0.00869784
v -0.03870000 0.10060026 0.00849690
v -0.03870000 0.09985026 0.00869789
v -0.03870000 0.09930124 0.00924694
v -0.03870000 0.09910030 0.00999695
v -0.03870000 0.09930129 0.01074694
v -0.04420000 0.10359924 -0.02450319
v -0.04420000 0.10309922 -0.02500318
v -0.04470000 0.10309924 -0.02450318
v -0.03920000 0.09759924 -0.02450301
v -0.04095000 0.09759934 -0.02130205
v -0.04420000 0.09759924 -0.02450301
v -0.04170000 0.09759933 -0.02150301
v -0.04245000 0.09759934 -0.02130205
v -0.04299904 0.09759935 -0.02075301
v -0.04320000 0.09759938 -0.02000301
v -0.04420000 0.09760044 0.01449699
v -0.04095000 0.09759942 -0.01870397
v -0.04040096 0.09759940 -0.01925301
v -0.03920000 0.09760044 0.01449699
v -0.04020000 0.09759938 -0.02000301
v -0.04040096 0.09759935 -0.02075301
v -0.04095000 0.09760003 0.00129603
v -0.04040096 0.09760002 0.00074699
v -0.04020000 0.09759999 -0.00000301
v -0.04320000 0.09759999 -0.00000301
v -0.04299904 0.09760002 0.00074699
v -0.04245000 0.09760003 0.00129603
v -0.04170000 0.09760004 0.00149699
v -0.04299904 0.09759940 -0.01925301
v -0.04245000 0.09759942 -0.01870397
v -0.04299904 0.09759997 -0.00075301
v -0.04040096 0.09759997 -0.00075301
v -0.04095000 0.09759995 -0.00130205
v -0.04170000 0.09759942 -0.01850301
v -0.04170000 0.09759995 -0.00150301
v -0.04245000 0.09759995 -0.00130205
v -0.04420000 0.09810046 0.01499698
v -0.04470000 0.09810044 0.01449698
v -0.04420000 0.09760044 0.01449699
v -0.04470000 0.09930129 0.01074694
v -0.04470000 0.09910030 0.00999695
v -0.04470000 0.09810044 0.01449698
v -0.04470000 0.10135034 0.01129592
v -0.04470000 0.10060035 0.01149690
v -0.04470000 0.10310044 0.01449683
v -0.04470000 0.09984973 -0.00870404
v -0.04470000 0.09930067 -0.00925306
v -0.04470000 0.09985026 0.00869789
v -0.04470000 0.09930062 -0.01075306
v -0.04470000 0.09809924 -0.02450302
v -0.04470000 0.09909969 -0.01000305
v -0.04470000 0.09930124 0.00924694
v -0.04470000 0.09985034 0.01129596
v -0.04470000 0.09984965 -0.01130211
v -0.04470000 0.10059964 -0.01150310
v -0.04470000 0.10309924 -0.02450318
v -0.04470000 0.10134965 -0.01130216
v -0.04470000 0.10189875 -0.00925314
v -0.04470000 0.10209969 -0.01000315
v -0.04470000 0.10189870 -0.01075314
v -0.04470000 0.10059973 -0.00850310
v -0.04470000 0.10060026 0.00849690
v -0.04470000 0.10134973 -0.00870409
v -0.04470000 0.10135026 0.00869784
v -0.04470000 0.10189932 0.00924686
v -0.04470000 0.10210030 0.00999685
v -0.04470000 0.10189936 0.01074686
v -0.03920000 0.09810046 0.01499698
v -0.03920000 0.09760044 0.01449699
v -0.03870000 0.09810044 0.01449698
v -0.04020000 0.10359938 -0.02000319
v -0.04020000 0.09759938 -0.02000301
v -0.04040096 0.10359940 -0.01925319
v -0.04040096 0.09759940 -0.01925301
v -0.04095000 0.10359942 -0.01870415
v -0.04095000 0.09759942 -0.01870397
v -0.04170000 0.10359942 -0.01850319
v -0.04170000 0.09759942 -0.01850301
v -0.04245000 0.10359942 -0.01870415
v -0.04245000 0.09759942 -0.01870397
v -0.04299904 0.10359940 -0.01925319
v -0.04299904 0.09759940 -0.01925301
v -0.04320000 0.10359938 -0.02000319
v -0.04320000 0.09759938 -0.02000301
v -0.04299904 0.10359935 -0.02075319
v -0.04299904 0.09759935 -0.02075301
v -0.04245000 0.10359934 -0.02130223
v -0.04245000 0.09759934 -0.02130205
v -0.04170000 0.10359933 -0.02150319
v -0.04170000 0.09759933 -0.02150301
v -0.04095000 0.10359934 -0.02130223
v -0.04095000 0.09759934 -0.02130205
v -0.04040096 0.10359935 -0.02075319
v -0.04040096 0.09759935 -0.02075301
v -0.03920000 0.10359924 -0.02450319
v -0.03870000 0.10309924 -0.02450318
v -0.03920000 0.10309922 -0.02500318
v -0.04020000 0.10359999 -0.00000319
v -0.04020000 0.09759999 -0.00000301
v -0.04040096 0.10360002 0.00074681
v -0.04040096 0.09760002 0.00074699
v -0.04095000 0.10360003 0.00129585
v -0.04095000 0.09760003 0.00129603
v -0.04170000 0.10360004 0.00149681
v -0.04170000 0.09760004 0.00149699
v -0.04245000 0.10360003 0.00129585
v -0.04245000 0.09760003 0.00129603
v -0.04299904 0.10360002 0.00074681
v -0.04299904 0.09760002 0.00074699
v -0.04320000 0.10359999 -0.00000319
v -0.04320000 0.09759999 -0.00000301
v -0.04299904 0.10359997 -0.00075319
v -0.04299904 0.09759997 -0.00075301
v -0.04245000 0.10359995 -0.00130223
v -0.04245000 0.09759995 -0.00130205
v -0.04170000 0.10359995 -0.00150319
v -0.04170000 0.09759995 -0.00150301
v -0.04095000 0.10359995 -0.00130223
v -0.04095000 0.09759995 -0.00130205
v -0.04040096 0.10359997 -0.00075319
v -0.04040096 0.09759997 -0.00075301
v -0.04420000 0.09809922 -0.02500302
v -0.04470000 0.09809924 -0.02450302
v -0.04420000 0.10309922 -0.02500318
v -0.04470000 0.10309924 -0.02450318
v -0.04470000 0.10210030 0.00999685
v -0.03870000 0.10210030 0.00999685
v -0.04470000 0.10189936 0.01074686
v -0.03870000 0.10189936 0.01074686
v -0.04470000 0.10135034 0.01129592
v -0.03870000 0.10135034 0.01129592
v -0.04470000 0.10060035 0.01149690
v -0.03870000 0.10060035 0.01149690
v -0.04470000 0.09985034 0.01129596
v -0.03870000 0.09985034 0.01129596
v -0.04470000 0.09930129 0.01074694
v -0.03870000 0.09930129 0.01074694
v -0.04470000 0.09910030 0.00999695
v -0.03870000 0.09910030 0.00999695
v -0.04470000 0.09930124 0.00924694
v -0.03870000 0.09930124 0.00924694
v -0.04470000 0.09985026 0.00869789
v -0.03870000 0.09985026 0.00869789
v -0.04470000 0.10060026 0.00849690
v -0.03870000 0.10060026 0.00849690
v -0.04470000 0.10135026 0.00869784
v -0.03870000 0.10135026 0.00869784
v -0.04470000 0.10189932 0.00924686
v -0.03870000 0.10189932 0.00924686
v -0.04470000 0.09809924 -0.02450302
v -0.04420000 0.09759924 -0.02450301
v -0.04470000 0.09810044 0.01449698
v -0.04420000 0.09760044 0.01449699
v -0.04470000 0.10209969 -0.01000315
v -0.03870000 0.10209969 -0.01000315
v -0.04470000 0.10189875 -0.00925314
v -0.03870000 0.10189875 -0.00925314
v -0.04470000 0.10134973 -0.00870409
v -0.03870000 0.10134973 -0.00870409
v -0.04470000 0.10059973 -0.00850310
v -0.03870000 0.10059973 -0.00850310
v -0.04470000 0.09984973 -0.00870404
v -0.03870000 0.09984973 -0.00870404
v -0.04470000 0.09930067 -0.00925306
v -0.03870000 0.09930067 -0.00925306
v -0.04470000 0.09909969 -0.01000305
v -0.03870000 0.09909969 -0.01000305
v -0.04470000 0.09930062 -0.01075306
v -0.03870000 0.09930062 -0.01075306
v -0.04470000 0.09984965 -0.01130211
v -0.03870000 0.09984965 -0.01130211
v -0.04470000 0.10059964 -0.01150310
v -0.03870000 0.10059964 -0.01150310
v -0.04470000 0.10134965 -0.01130216
v -0.03870000 0.10134965 -0.01130216
v -0.04470000 0.10189870 -0.01075314
v -0.03870000 0.10189870 -0.01075314
v -0.03920000 0.09759924 -0.02450301
v -0.03870000 0.09809924 -0.02450302
v -0.03920000 0.09760044 0.01449699
v -0.03870000 0.09810044 0.01449698
v -0.03920000 0.10310046 0.01499682
v -0.03920000 0.10360044 0.01449681
v -0.04420000 0.10310046 0.01499682
v -0.04420000 0.10360044 0.01449681
v -0.03870000 0.09809924 -0.02450302
v -0.03920000 0.09809922 -0.02500302
v -0.03870000 0.10309924 -0.02450318
v -0.03920000 0.10309922 -0.02500318
v -0.04420000 0.10310046 0.01499682
v -0.04420000 0.10360044 0.01449681
v -0.04470000 0.10310044 0.01449683
v -0.04470000 0.09809924 -0.02450302
v -0.04420000 0.09809922 -0.02500302
v -0.04420000 0.09759924 -0.02450301
v -0.03920000 0.10360044 0.01449681
v -0.03920000 0.10310046 0.01499682
v -0.03870000 0.10310044 0.01449683
v -0.03870000 0.09809924 -0.02450302
v -0.03920000 0.09759924 -0.02450301
v -0.03920000 0.09809922 -0.02500302
v -0.04420000 0.10359924 -0.02450319
v -0.04470000 0.10309924 -0.02450318
v -0.04420000 0.10360044 0.01449681
v -0.04470000 0.10310044 0.01449683
v -0.03920000 0.09809922 -0.02500302
v -0.03920000 0.09759924 -0.02450301
v -0.04420000 0.09809922 -0.02500302
v -0.04420000 0.09759924 -0.02450301
v 0.01791177 0.03304308 -0.18854134
v 0.01755000 0.03289322 -0.18869119
v 0.01755000 0.03459419 -0.18869124
v 0.01685111 0.03304302 -0.19037846
v 0.01700096 0.03289316 -0.19074022
v 0.01700096 0.03459412 -0.19074028
v 0.01868823 0.03304299 -0.19143912
v 0.01905000 0.03289314 -0.19128926
v 0.01905000 0.03459411 -0.19128932
v 0.01974889 0.03304305 -0.18960200
v 0.01959904 0.03289321 -0.18924022
v 0.01959904 0.03459417 -0.18924028
v 0.01905000 0.03459419 -0.18869124
v 0.01959904 0.03459412 -0.19074028
v 0.01980000 0.03309415 -0.18999023
v 0.01980000 0.03459415 -0.18999028
v 0.01974889 0.03304302 -0.19037846
v 0.01959904 0.03289316 -0.19074022
v 0.01936066 0.03265477 -0.19105088
v 0.01755000 0.03459411 -0.19128932
v 0.01830000 0.03309410 -0.19149023
v 0.01830000 0.03459410 -0.19149028
v 0.01791177 0.03304299 -0.19143912
v 0.01755000 0.03289314 -0.19128926
v 0.01723934 0.03265477 -0.19105088
v 0.01700096 0.03459417 -0.18924028
v 0.01680000 0.03309415 -0.18999023
v 0.01680000 0.03459415 -0.18999028
v 0.01685111 0.03304305 -0.18960200
v 0.01700096 0.03289321 -0.18924022
v 0.01723934 0.03265484 -0.18892956
v 0.01830000 0.03309419 -0.18849023
v 0.01830000 0.03459419 -0.18849028
v 0.01868823 0.03304308 -0.18854134
v 0.01905000 0.03289322 -0.18869119
v 0.01936066 0.03265484 -0.18892956
v 0.02330000 0.03084411 -0.19128920
v 0.02330000 0.03029508 -0.19074014
v 0.02330000 0.02859399 -0.19499009
v 0.02330000 0.03009415 -0.18999014
v 0.02330000 0.02859430 -0.18499009
v 0.02330000 0.03234419 -0.18869117
v 0.02330000 0.03289321 -0.18924022
v 0.02330000 0.03459430 -0.18499028
v 0.02330000 0.03309415 -0.18999023
v 0.02330000 0.03459399 -0.19499028
v 0.02330000 0.03029513 -0.18924014
v 0.02330000 0.03084419 -0.18869112
v 0.02330000 0.03159419 -0.18849018
v 0.02330000 0.03289316 -0.19074022
v 0.02330000 0.03234411 -0.19128925
v 0.02330000 0.03159410 -0.19149018
v 0.01700096 0.03029513 -0.18924014
v 0.01723934 0.03053352 -0.18892949
v 0.01755000 0.03029515 -0.18869111
v 0.01700096 0.02859412 -0.19074009
v 0.01755000 0.02859411 -0.19128913
v 0.01755000 0.03029507 -0.19128918
v 0.01685111 0.03014527 -0.18960191
v 0.01700096 0.02859417 -0.18924009
v 0.01680000 0.03009415 -0.18999014
v 0.01680000 0.02859415 -0.18999009
v 0.01685111 0.03014524 -0.19037837
v 0.01700096 0.03029508 -0.19074014
v 0.01723934 0.03053345 -0.19105081
v 0.01959904 0.03029508 -0.19074014
v 0.01936066 0.03053345 -0.19105081
v 0.01905000 0.03029507 -0.19128918
v 0.01974889 0.03014524 -0.19037837
v 0.01959904 0.02859412 -0.19074009
v 0.01905000 0.02859411 -0.19128913
v 0.01868823 0.03014521 -0.19143903
v 0.01830000 0.02859410 -0.19149009
v 0.01830000 0.03009410 -0.19149014
v 0.01791177 0.03014521 -0.19143903
v 0.01959904 0.02859417 -0.18924009
v 0.01905000 0.02859419 -0.18869105
v 0.01905000 0.03029515 -0.18869111
v 0.01980000 0.03009415 -0.18999014
v 0.01980000 0.02859415 -0.18999009
v 0.01974889 0.03014527 -0.18960191
v 0.01959904 0.03029513 -0.18924014
v 0.01936066 0.03053352 -0.18892949
v 0.01755000 0.02859419 -0.18869105
v 0.01791177 0.03014530 -0.18854125
v 0.01830000 0.02859419 -0.18849009
v 0.01830000 0.03009419 -0.18849014
v 0.01868823 0.03014530 -0.18854125
v 0.01700096 0.03084411 -0.19128920
v 0.01723934 0.03053345 -0.19105081
v 0.01755000 0.03029507 -0.19128918
v 0.01755000 0.03289314 -0.19128926
v 0.01723934 0.03265477 -0.19105088
v 0.01700096 0.03234411 -0.19128925
v 0.01685111 0.03120587 -0.19143906
v 0.01700096 0.03084399 -0.19499016
v 0.01680000 0.03159410 -0.19149018
v 0.01680000 0.03159399 -0.19499018
v 0.01685111 0.03198233 -0.19143909
v 0.01700096 0.03234399 -0.19499021
v 0.01755000 0.03289303 -0.19499022
v 0.01959904 0.03234411 -0.19128925
v 0.01936066 0.03265477 -0.19105088
v 0.01905000 0.03289314 -0.19128926
v 0.01974889 0.03198233 -0.19143909
v 0.01959904 0.03234399 -0.19499021
v 0.01905000 0.03289303 -0.19499022
v 0.01868823 0.03304299 -0.19143912
v 0.01830000 0.03309399 -0.19499023
v 0.01830000 0.03309410 -0.19149023
v 0.01791177 0.03304299 -0.19143912
v 0.01959904 0.03084399 -0.19499016
v 0.01905000 0.03029495 -0.19499014
v 0.01905000 0.03029507 -0.19128918
v 0.01980000 0.03159410 -0.19149018
v 0.01980000 0.03159399 -0.19499018
v 0.01974889 0.03120587 -0.19143906
v 0.01959904 0.03084411 -0.19128920
v 0.01936066 0.03053345 -0.19105081
v 0.01755000 0.03029495 -0.19499014
v 0.01791177 0.03014521 -0.19143903
v 0.01830000 0.03009399 -0.19499014
v 0.01830000 0.03009410 -0.19149014
v 0.01868823 0.03014521 -0.19143903
v 0.01959904 0.03084419 -0.18869112
v 0.01936066 0.03053352 -0.18892949
v 0.01905000 0.03029515 -0.18869111
v 0.01959904 0.03234430 -0.18499021
v 0.01905000 0.03289334 -0.18499023
v 0.01905000 0.03289322 -0.18869119
v 0.01974889 0.03120596 -0.18854128
v 0.01959904 0.03084430 -0.18499016
v 0.01980000 0.03159419 -0.18849018
v 0.01980000 0.03159430 -0.18499019
v 0.01974889 0.03198242 -0.18854131
v 0.01959904 0.03234419 -0.18869117
v 0.01936066 0.03265484 -0.18892956
v 0.01700096 0.03234419 -0.18869117
v 0.01723934 0.03265484 -0.18892956
v 0.01755000 0.03289322 -0.18869119
v 0.01685111 0.03198242 -0.18854131
v 0.01700096 0.03234430 -0.18499021
v 0.01755000 0.03289334 -0.18499023
v 0.01791177 0.03304308 -0.18854134
v 0.01830000 0.03309430 -0.18499023
v 0.01830000 0.03309419 -0.18849023
v 0.01868823 0.03304308 -0.18854134
v 0.01700096 0.03084430 -0.18499016
v 0.01755000 0.03029526 -0.18499015
v 0.01755000 0.03029515 -0.18869111
v 0.01680000 0.03159419 -0.18849018
v 0.01680000 0.03159430 -0.18499019
v 0.01685111 0.03120596 -0.18854128
v 0.01700096 0.03084419 -0.18869112
v 0.01723934 0.03053352 -0.18892949
v 0.01905000 0.03029526 -0.18499015
v 0.01868823 0.03014530 -0.18854125
v 0.01830000 0.03009430 -0.18499014
v 0.01830000 0.03009419 -0.18849014
v 0.01791177 0.03014530 -0.18854125
v 0.01959904 0.03234419 -0.18869117
v 0.01936066 0.03265484 -0.18892956
v 0.01959904 0.03289321 -0.18924022
v 0.02330000 0.03084419 -0.18869112
v 0.02330000 0.03029513 -0.18924014
v 0.01959904 0.03029513 -0.18924014
v 0.01974889 0.03198242 -0.18854131
v 0.02330000 0.03234419 -0.18869117
v 0.01980000 0.03159419 -0.18849018
v 0.02330000 0.03159419 -0.18849018
v 0.01974889 0.03120596 -0.18854128
v 0.01959904 0.03084419 -0.18869112
v 0.01936066 0.03053352 -0.18892949
v 0.01959904 0.03084411 -0.19128920
v 0.01936066 0.03053345 -0.19105081
v 0.01959904 0.03029508 -0.19074014
v 0.01974889 0.03120587 -0.19143906
v 0.02330000 0.03084411 -0.19128920
v 0.02330000 0.03029508 -0.19074014
v 0.01974889 0.03014524 -0.19037837
v 0.02330000 0.03009415 -0.18999014
v 0.01980000 0.03009415 -0.18999014
v 0.01974889 0.03014527 -0.18960191
v 0.02330000 0.03234411 -0.19128925
v 0.02330000 0.03289316 -0.19074022
v 0.01959904 0.03289316 -0.19074022
v 0.01980000 0.03159410 -0.19149018
v 0.02330000 0.03159410 -0.19149018
v 0.01974889 0.03198233 -0.19143909
v 0.01959904 0.03234411 -0.19128925
v 0.01936066 0.03265477 -0.19105088
v 0.02330000 0.03289321 -0.18924022
v 0.01974889 0.03304305 -0.18960200
v 0.02330000 0.03309415 -0.18999023
v 0.01980000 0.03309415 -0.18999023
v 0.01974889 0.03304302 -0.19037846
v 0.01685111 0.03198233 -0.19143909
v 0.01700096 0.03234411 -0.19128925
v 0.01330000 0.03234411 -0.19128925
v 0.01700096 0.03084419 -0.18869112
v 0.01723934 0.03053352 -0.18892949
v 0.01700096 0.03029513 -0.18924014
v 0.01700096 0.03289321 -0.18924022
v 0.01723934 0.03265484 -0.18892956
v 0.01700096 0.03234419 -0.18869117
v 0.01685111 0.03304305 -0.18960200
v 0.01330000 0.03289321 -0.18924022
v 0.01330000 0.03234419 -0.18869117
v 0.01685111 0.03198242 -0.18854131
v 0.01330000 0.03159419 -0.18849018
v 0.01680000 0.03159419 -0.18849018
v 0.01330000 0.03084419 -0.18869112
v 0.01685111 0.03120596 -0.18854128
v 0.01330000 0.03289316 -0.19074022
v 0.01680000 0.03309415 -0.18999023
v 0.01330000 0.03309415 -0.18999023
v 0.01685111 0.03304302 -0.19037846
v 0.01700096 0.03289316 -0.19074022
v 0.01723934 0.03265477 -0.19105088
v 0.01700096 0.03029508 -0.19074014
v 0.01723934 0.03053345 -0.19105081
v 0.01700096 0.03084411 -0.19128920
v 0.01680000 0.03159410 -0.19149018
v 0.01330000 0.03159410 -0.19149018
v 0.01685111 0.03120587 -0.19143906
v 0.01330000 0.03084411 -0.19128920
v 0.01330000 0.03029508 -0.19074014
v 0.01330000 0.03029513 -0.18924014
v 0.01685111 0.03014527 -0.18960191
v 0.01330000 0.03009415 -0.18999014
v 0.01680000 0.03009415 -0.18999014
v 0.01685111 0.03014524 -0.19037837
v 0.01680000 0.03459415 -0.18999028
v 0.01330000 0.03459399 -0.19499028
v 0.01700096 0.03459417 -0.18924028
v 0.01330000 0.03459430 -0.18499028
v 0.01755000 0.03459419 -0.18869124
v 0.01700096 0.03459412 -0.19074028
v 0.01755000 0.03459411 -0.19128932
v 0.02330000 0.03459399 -0.19499028
v 0.01830000 0.03459410 -0.19149028
v 0.01905000 0.03459411 -0.19128932
v 0.01959904 0.03459412 -0.19074028
v 0.02330000 0.03459430 -0.18499028
v 0.01980000 0.03459415 -0.18999028
v 0.01959904 0.03459417 -0.18924028
v 0.01905000 0.03459419 -0.18869124
v 0.01830000 0.03459419 -0.18849028
v 0.01700096 0.02859417 -0.18924009
v 0.01330000 0.02859430 -0.18499009
v 0.01680000 0.02859415 -0.18999009
v 0.01330000 0.02859399 -0.19499009
v 0.01700096 0.02859412 -0.19074009
v 0.01905000 0.02859419 -0.18869105
v 0.02330000 0.02859430 -0.18499009
v 0.01830000 0.02859419 -0.18849009
v 0.01755000 0.02859419 -0.18869105
v 0.01959904 0.02859417 -0.18924009
v 0.01980000 0.02859415 -0.18999009
v 0.02330000 0.02859399 -0.19499009
v 0.01959904 0.02859412 -0.19074009
v 0.01905000 0.02859411 -0.19128913
v 0.01830000 0.02859410 -0.19149009
v 0.01755000 0.02859411 -0.19128913
v 0.01959904 0.03084430 -0.18499016
v 0.01905000 0.03029526 -0.18499015
v 0.02330000 0.02859430 -0.18499009
v 0.01830000 0.03009430 -0.18499014
v 0.01330000 0.02859430 -0.18499009
v 0.01700096 0.03234430 -0.18499021
v 0.01755000 0.03289334 -0.18499023
v 0.01330000 0.03459430 -0.18499028
v 0.01830000 0.03309430 -0.18499023
v 0.02330000 0.03459430 -0.18499028
v 0.01755000 0.03029526 -0.18499015
v 0.01700096 0.03084430 -0.18499016
v 0.01680000 0.03159430 -0.18499019
v 0.01905000 0.03289334 -0.18499023
v 0.01959904 0.03234430 -0.18499021
v 0.01980000 0.03159430 -0.18499019
v 0.01330000 0.03084419 -0.18869112
v 0.01330000 0.02859430 -0.18499009
v 0.01330000 0.03159419 -0.18849018
v 0.01330000 0.03459430 -0.18499028
v 0.01330000 0.03234419 -0.18869117
v 0.01330000 0.03029508 -0.19074014
v 0.01330000 0.02859399 -0.19499009
v 0.01330000 0.03009415 -0.18999014
v 0.01330000 0.03029513 -0.18924014
v 0.01330000 0.03234411 -0.19128925
v 0.01330000 0.03459399 -0.19499028
v 0.01330000 0.03159410 -0.19149018
v 0.01330000 0.03084411 -0.19128920
v 0.01330000 0.03289316 -0.19074022
v 0.01330000 0.03309415 -0.18999023
v 0.01330000 0.03289321 -0.18924022
v 0.01700096 0.03084399 -0.19499016
v 0.01330000 0.02859399 -0.19499009
v 0.01680000 0.03159399 -0.19499018
v 0.01330000 0.03459399 -0.19499028
v 0.01700096 0.03234399 -0.19499021
v 0.01905000 0.03029495 -0.19499014
v 0.02330000 0.02859399 -0.19499009
v 0.01830000 0.03009399 -0.19499014
v 0.01755000 0.03029495 -0.19499014
v 0.01959904 0.03234399 -0.19499021
v 0.02330000 0.03459399 -0.19499028
v 0.01980000 0.03159399 -0.19499018
v 0.01959904 0.03084399 -0.19499016
v 0.01905000 0.03289303 -0.19499022
v 0.01830000 0.03309399 -0.19499023
v 0.01755000 0.03289303 -0.19499022
v -0.02250000 0.03410080 0.02599895
v -0.02250000 0.02910080 0.02599910
v -0.01750000 0.03410080 0.02599895
v -0.01750000 0.02910080 0.02599910
v -0.01750000 0.02910080 0.02599910
v -0.01700000 0.02910079 0.02549910
v -0.01750000 0.03410080 0.02599895
v -0.01700000 0.03410079 0.02549895
v -0.02300000 0.02910079 0.02549910
v -0.02250000 0.02910080 0.02599910
v -0.02300000 0.03410079 0.02549895
v -0.02250000 0.03410080 0.02599895
v -0.02250000 0.02910080 0.02599910
v -0.02250000 0.02860079 0.02549912
v -0.01750000 0.02910080 0.02599910
v -0.01750000 0.02860079 0.02549912
v -0.02250000 0.02909957 -0.01400090
v -0.02250000 0.03409957 -0.01400105
v -0.01750000 0.02909957 -0.01400090
v -0.01750000 0.03409957 -0.01400105
v -0.01700000 0.03409958 -0.01350105
v -0.01750000 0.03459958 -0.01350107
v -0.01700000 0.03410079 0.02549895
v -0.01750000 0.03460079 0.02549894
v -0.02250000 0.03460079 0.02549894
v -0.02150000 0.03459972 -0.00900107
v -0.02250000 0.03459958 -0.01350107
v -0.02129904 0.03459970 -0.00975107
v -0.02129904 0.03460036 0.01174893
v -0.02150000 0.03460034 0.01099893
v -0.01925000 0.03459968 -0.01030010
v -0.01750000 0.03459958 -0.01350107
v -0.02000000 0.03459968 -0.01050107
v -0.02075000 0.03459968 -0.01030010
v -0.02075000 0.03459976 -0.00770203
v -0.02129904 0.03459975 -0.00825107
v -0.01870096 0.03459970 -0.00975107
v -0.01850000 0.03459972 -0.00900107
v -0.01750000 0.03460079 0.02549894
v -0.01850000 0.03460034 0.01099893
v -0.01870096 0.03460036 0.01174893
v -0.01870096 0.03459975 -0.00825107
v -0.01925000 0.03459976 -0.00770203
v -0.01870096 0.03460032 0.01024893
v -0.01925000 0.03460038 0.01229797
v -0.02000000 0.03460039 0.01249893
v -0.02075000 0.03460038 0.01229797
v -0.02129904 0.03460032 0.01024893
v -0.02075000 0.03460030 0.00969990
v -0.02000000 0.03459977 -0.00750107
v -0.02000000 0.03460029 0.00949893
v -0.01925000 0.03460030 0.00969990
v -0.01750000 0.03459958 -0.01350107
v -0.01750000 0.03409957 -0.01400105
v -0.02250000 0.03459958 -0.01350107
v -0.02250000 0.03409957 -0.01400105
v -0.01700000 0.03085007 0.00229809
v -0.01700000 0.03160008 0.00249903
v -0.01700000 0.02910079 0.02549910
v -0.01700000 0.03409958 -0.01350105
v -0.01700000 0.03289905 0.00024899
v -0.01700000 0.03234999 -0.00030004
v -0.01700000 0.02909958 -0.01350090
v -0.01700000 0.03159999 -0.00050097
v -0.01700000 0.03084999 -0.00029999
v -0.01700000 0.03310003 0.00099898
v -0.01700000 0.03410079 0.02549895
v -0.01700000 0.03289909 0.00174899
v -0.01700000 0.03030097 0.00024907
v -0.01700000 0.03010003 0.00099907
v -0.01700000 0.03030102 0.00174907
v -0.01700000 0.03085069 0.02229809
v -0.01700000 0.03160069 0.02249903
v -0.01700000 0.03235069 0.02229804
v -0.01700000 0.03289971 0.02174899
v -0.01700000 0.03310065 0.02099898
v -0.01700000 0.03289966 0.02024898
v -0.01700000 0.03235007 0.00229804
v -0.01700000 0.03235061 0.01969996
v -0.01700000 0.03160060 0.01949903
v -0.01700000 0.03085061 0.01970001
v -0.01700000 0.03030159 0.02024906
v -0.01700000 0.03010065 0.02099907
v -0.01700000 0.03030163 0.02174907
v -0.02250000 0.03459958 -0.01350107
v -0.02250000 0.03409957 -0.01400105
v -0.02300000 0.03409958 -0.01350105
v -0.01750000 0.02859958 -0.01350088
v -0.01925000 0.02859968 -0.01029992
v -0.02250000 0.02859958 -0.01350088
v -0.02000000 0.02859968 -0.01050088
v -0.02075000 0.02859968 -0.01029992
v -0.02129904 0.02859970 -0.00975088
v -0.02150000 0.02859972 -0.00900088
v -0.02250000 0.02860079 0.02549912
v -0.01925000 0.02859976 -0.00770184
v -0.01870096 0.02859975 -0.00825088
v -0.01750000 0.02860079 0.02549912
v -0.01850000 0.02859972 -0.00900088
v -0.01870096 0.02859970 -0.00975088
v -0.01925000 0.02860038 0.01229816
v -0.01870096 0.02860036 0.01174912
v -0.01850000 0.02860034 0.01099912
v -0.02150000 0.02860034 0.01099912
v -0.02129904 0.02860036 0.01174912
v -0.02075000 0.02860038 0.01229816
v -0.02000000 0.02860039 0.01249912
v -0.02129904 0.02859975 -0.00825088
v -0.02075000 0.02859976 -0.00770184
v -0.02129904 0.02860032 0.01024912
v -0.01870096 0.02860032 0.01024912
v -0.01925000 0.02860030 0.00970008
v -0.02000000 0.02859977 -0.00750088
v -0.02000000 0.02860029 0.00949912
v -0.02075000 0.02860030 0.00970008
v -0.02250000 0.02910080 0.02599910
v -0.02300000 0.02910079 0.02549910
v -0.02250000 0.02860079 0.02549912
v -0.02300000 0.03030163 0.02174907
v -0.02300000 0.03010065 0.02099907
v -0.02300000 0.02910079 0.02549910
v -0.02300000 0.03235069 0.02229804
v -0.02300000 0.03160069 0.02249903
v -0.02300000 0.03410079 0.02549895
v -0.02300000 0.03085007 0.00229809
v -0.02300000 0.03030102 0.00174907
v -0.02300000 0.03085061 0.01970001
v -0.02300000 0.03030097 0.00024907
v -0.02300000 0.02909958 -0.01350090
v -0.02300000 0.03010003 0.00099907
v -0.02300000 0.03030159 0.02024906
v -0.02300000 0.03085069 0.02229809
v -0.02300000 0.03084999 -0.00029999
v -0.02300000 0.03159999 -0.00050097
v -0.02300000 0.03409958 -0.01350105
v -0.02300000 0.03234999 -0.00030004
v -0.02300000 0.03289909 0.00174899
v -0.02300000 0.03310003 0.00099898
v -0.02300000 0.03289905 0.00024899
v -0.02300000 0.03160008 0.00249903
v -0.02300000 0.03160060 0.01949903
v -0.02300000 0.03235007 0.00229804
v -0.02300000 0.03235061 0.01969996
v -0.02300000 0.03289966 0.02024898
v -0.02300000 0.03310065 0.02099898
v -0.02300000 0.03289971 0.02174899
v -0.01750000 0.02910080 0.02599910
v -0.01750000 0.02860079 0.02549912
v -0.01700000 0.02910079 0.02549910
v -0.01850000 0.03459972 -0.00900107
v -0.01850000 0.02859972 -0.00900088
v -0.01870096 0.03459975 -0.00825107
v -0.01870096 0.02859975 -0.00825088
v -0.01925000 0.03459976 -0.00770203
v -0.01925000 0.02859976 -0.00770184
v -0.02000000 0.03459977 -0.00750107
v -0.02000000 0.02859977 -0.00750088
v -0.02075000 0.03459976 -0.00770203
v -0.02075000 0.02859976 -0.00770184
v -0.02129904 0.03459975 -0.00825107
v -0.02129904 0.02859975 -0.00825088
v -0.02150000 0.03459972 -0.00900107
v -0.02150000 0.02859972 -0.00900088
v -0.02129904 0.03459970 -0.00975107
v -0.02129904 0.02859970 -0.00975088
v -0.02075000 0.03459968 -0.01030010
v -0.02075000 0.02859968 -0.01029992
v -0.02000000 0.03459968 -0.01050107
v -0.02000000 0.02859968 -0.01050088
v -0.01925000 0.03459968 -0.01030010
v -0.01925000 0.02859968 -0.01029992
v -0.01870096 0.03459970 -0.00975107
v -0.01870096 0.02859970 -0.00975088
v -0.01750000 0.03459958 -0.01350107
v -0.01700000 0.03409958 -0.01350105
v -0.01750000 0.03409957 -0.01400105
v -0.01850000 0.03460034 0.01099893
v -0.01850000 0.02860034 0.01099912
v -0.01870096 0.03460036 0.01174893
v -0.01870096 0.02860036 0.01174912
v -0.01925000 0.03460038 0.01229797
v -0.01925000 0.02860038 0.01229816
v -0.02000000 0.03460039 0.01249893
v -0.02000000 0.02860039 0.01249912
v -0.02075000 0.03460038 0.01229797
v -0.02075000 0.02860038 0.01229816
v -0.02129904 0.03460036 0.01174893
v -0.02129904 0.02860036 0.01174912
v -0.02150000 0.03460034 0.01099893
v -0.02150000 0.02860034 0.01099912
v -0.02129904 0.03460032 0.01024893
v -0.02129904 0.02860032 0.01024912
v -0.02075000 0.03460030 0.00969990
v -0.02075000 0.02860030 0.00970008
v -0.02000000 0.03460029 0.00949893
v -0.02000000 0.02860029 0.00949912
v -0.01925000 0.03460030 0.00969990
v -0.01925000 0.02860030 0.00970008
v -0.01870096 0.03460032 0.01024893
v -0.01870096 0.02860032 0.01024912
v -0.02250000 0.02909957 -0.01400090
v -0.02300000 0.02909958 -0.01350090
v -0.02250000 0.03409957 -0.01400105
v -0.02300000 0.03409958 -0.01350105
v -0.02300000 0.03310065 0.02099898
v -0.01700000 0.03310065 0.02099898
v -0.02300000 0.03289971 0.02174899
v -0.01700000 0.03289971 0.02174899
v -0.02300000 0.03235069 0.02229804
v -0.01700000 0.03235069 0.02229804
v -0.02300000 0.03160069 0.02249903
v -0.01700000 0.03160069 0.02249903
v -0.02300000 0.03085069 0.02229809
v -0.01700000 0.03085069 0.02229809
v -0.02300000 0.03030163 0.02174907
v -0.01700000 0.03030163 0.02174907
v -0.02300000 0.03010065 0.02099907
v -0.01700000 0.03010065 0.02099907
v -0.02300000 0.03030159 0.02024906
v -0.01700000 0.03030159 0.02024906
v -0.02300000 0.03085061 0.01970001
v -0.01700000 0.03085061 0.01970001
v -0.02300000 0.03160060 0.01949903
v -0.01700000 0.03160060 0.01949903
v -0.02300000 0.03235061 0.01969996
v -0.01700000 0.03235061 0.01969996
v -0.02300000 0.03289966 0.02024898
v -0.01700000 0.03289966 0.02024898
v -0.02300000 0.02909958 -0.01350090
v -0.02250000 0.02859958 -0.01350088
v -0.02300000 0.02910079 0.02549910
v -0.02250000 0.02860079 0.02549912
v -0.02300000 0.03310003 0.00099898
v -0.01700000 0.03310003 0.00099898
v -0.02300000 0.03289909 0.00174899
v -0.01700000 0.03289909 0.00174899
v -0.02300000 0.03235007 0.00229804
v -0.01700000 0.03235007 0.00229804
v -0.02300000 0.03160008 0.00249903
v -0.01700000 0.03160008 0.00249903
v -0.02300000 0.03085007 0.00229809
v -0.01700000 0.03085007 0.00229809
v -0.02300000 0.03030102 0.00174907
v -0.01700000 0.03030102 0.00174907
v -0.02300000 0.03010003 0.00099907
v -0.01700000 0.03010003 0.00099907
v -0.02300000 0.03030097 0.00024907
v -0.01700000 0.03030097 0.00024907
v -0.02300000 0.03084999 -0.00029999
v -0.01700000 0.03084999 -0.00029999
v -0.02300000 0.03159999 -0.00050097
v -0.01700000 0.03159999 -0.00050097
v -0.02300000 0.03234999 -0.00030004
v -0.01700000 0.03234999 -0.00030004
v -0.02300000 0.03289905 0.00024899
v -0.01700000 0.03289905 0.00024899
v -0.01750000 0.02859958 -0.01350088
v -0.01700000 0.02909958 -0.01350090
v -0.01750000 0.02860079 0.02549912
v -0.01700000 0.02910079 0.02549910
v -0.01750000 0.03410080 0.02599895
v -0.01750000 0.03460079 0.02549894
v -0.02250000 0.03410080 0.02599895
v -0.02250000 0.03460079 0.02549894
v -0.01700000 0.02909958 -0.01350090
v -0.01750000 0.02909957 -0.01400090
v -0.01700000 0.03409958 -0.01350105
v -0.01750000 0.03409957 -0.01400105
v -0.02250000 0.03410080 0.02599895
v -0.02250000 0.03460079 0.02549894
v -0.02300000 0.03410079 0.02549895
v -0.02300000 0.02909958 -0.01350090
v -0.02250000 0.02909957 -0.01400090
v -0.02250000 0.02859958 -0.01350088
v -0.01750000 0.03460079 0.02549894
v -0.01750000 0.03410080 0.02599895
v -0.01700000 0.03410079 0.02549895
v -0.01700000 0.02909958 -0.01350090
v -0.01750000 0.02859958 -0.01350088
v -0.01750000 0.02909957 -0.01400090
v -0.02250000 0.03459958 -0.01350107
v -0.02300000 0.03409958 -0.01350105
v -0.02250000 0.03460079 0.02549894
v -0.02300000 0.03410079 0.02549895
v -0.01750000 0.02909957 -0.01400090
v -0.01750000 0.02859958 -0.01350088
v -0.02250000 0.02909957 -0.01400090
v -0.02250000 0.02859958 -0.01350088
v -0.02208823 0.07204309 -0.18854254
v -0.02245000 0.07189323 -0.18869239
v -0.02245000 0.07359419 -0.18869244
v -0.02314889 0.07204303 -0.19037966
v -0.02299904 0.07189317 -0.19074143
v -0.02299904 0.07359413 -0.19074148
v -0.02131177 0.07204300 -0.19144032
v -0.02095000 0.07189315 -0.19129046
v -0.02095000 0.07359411 -0.19129052
v -0.02025111 0.07204306 -0.18960320
v -0.02040096 0.07189322 -0.18924143
v -0.02040096 0.07359418 -0.18924148
v -0.02095000 0.07359419 -0.18869244
v -0.02040096 0.07359413 -0.19074148
v -0.02020000 0.07209415 -0.18999143
v -0.02020000 0.07359415 -0.18999148
v -0.02025111 0.07204303 -0.19037966
v -0.02040096 0.07189317 -0.19074143
v -0.02063934 0.07165478 -0.19105208
v -0.02245000 0.07359411 -0.19129052
v -0.02170000 0.07209411 -0.19149143
v -0.02170000 0.07359411 -0.19149148
v -0.02208823 0.07204300 -0.19144032
v -0.02245000 0.07189315 -0.19129046
v -0.02276066 0.07165478 -0.19105208
v -0.02299904 0.07359418 -0.18924148
v -0.02320000 0.07209415 -0.18999143
v -0.02320000 0.07359415 -0.18999148
v -0.02314889 0.07204306 -0.18960320
v -0.02299904 0.07189322 -0.18924143
v -0.02276066 0.07165485 -0.18893076
v -0.02170000 0.07209420 -0.18849143
v -0.02170000 0.07359420 -0.18849148
v -0.02131177 0.07204309 -0.18854254
v -0.02095000 0.07189323 -0.18869239
v -0.02063934 0.07165485 -0.18893076
v -0.01670000 0.06984411 -0.19129040
v -0.01670000 0.06929509 -0.19074135
v -0.01670000 0.06759400 -0.19499129
v -0.01670000 0.06909415 -0.18999134
v -0.01670000 0.06759431 -0.18499129
v -0.01670000 0.07134419 -0.18869237
v -0.01670000 0.07189322 -0.18924143
v -0.01670000 0.07359431 -0.18499148
v -0.01670000 0.07209415 -0.18999143
v -0.01670000 0.07359400 -0.19499148
v -0.01670000 0.06929514 -0.18924135
v -0.01670000 0.06984419 -0.18869232
v -0.01670000 0.07059420 -0.18849139
v -0.01670000 0.07189317 -0.19074143
v -0.01670000 0.07134411 -0.19129045
v -0.01670000 0.07059411 -0.19149139
v -0.02299904 0.06929514 -0.18924135
v -0.02276066 0.06953353 -0.18893069
v -0.02245000 0.06929516 -0.18869231
v -0.02299904 0.06759413 -0.19074129
v -0.02245000 0.06759411 -0.19129033
v -0.02245000 0.06929508 -0.19129038
v -0.02314889 0.06914528 -0.18960311
v -0.02299904 0.06759418 -0.18924129
v -0.02320000 0.06909415 -0.18999134
v -0.02320000 0.06759415 -0.18999129
v -0.02314889 0.06914525 -0.19037957
v -0.02299904 0.06929509 -0.19074135
v -0.02276066 0.06953346 -0.19105201
v -0.02040096 0.06929509 -0.19074135
v -0.02063934 0.06953346 -0.19105201
v -0.02095000 0.06929508 -0.19129038
v -0.02025111 0.06914525 -0.19037957
v -0.02040096 0.06759413 -0.19074129
v -0.02095000 0.06759411 -0.19129033
v -0.02131177 0.06914522 -0.19144023
v -0.02170000 0.06759411 -0.19149129
v -0.02170000 0.06909411 -0.19149134
v -0.02208823 0.06914522 -0.19144023
v -0.02040096 0.06759418 -0.18924129
v -0.02095000 0.06759419 -0.18869226
v -0.02095000 0.06929516 -0.18869231
v -0.02020000 0.06909415 -0.18999134
v -0.02020000 0.06759415 -0.18999129
v -0.02025111 0.06914528 -0.18960311
v -0.02040096 0.06929514 -0.18924135
v -0.02063934 0.06953353 -0.18893069
v -0.02245000 0.06759419 -0.18869226
v -0.02208823 0.06914531 -0.18854245
v -0.02170000 0.06759420 -0.18849129
v -0.02170000 0.06909420 -0.18849134
v -0.02131177 0.06914531 -0.18854245
v -0.02299904 0.06984411 -0.19129040
v -0.02276066 0.06953346 -0.19105201
v -0.02245000 0.06929508 -0.19129038
v -0.02245000 0.07189315 -0.19129046
v -0.02276066 0.07165478 -0.19105208
v -0.02299904 0.07134411 -0.19129045
v -0.02314889 0.07020588 -0.19144026
v -0.02299904 0.06984400 -0.19499136
v -0.02320000 0.07059411 -0.19149139
v -0.02320000 0.07059400 -0.19499139
v -0.02314889 0.07098234 -0.19144029
v -0.02299904 0.07134400 -0.19499141
v -0.02245000 0.07189304 -0.19499143
v -0.02040096 0.07134411 -0.19129045
v -0.02063934 0.07165478 -0.19105208
v -0.02095000 0.07189315 -0.19129046
v -0.02025111 0.07098234 -0.19144029
v -0.02040096 0.07134400 -0.19499141
v -0.02095000 0.07189304 -0.19499143
v -0.02131177 0.07204300 -0.19144032
v -0.02170000 0.07209400 -0.19499143
v -0.02170000 0.07209411 -0.19149143
v -0.02208823 0.07204300 -0.19144032
v -0.02040096 0.06984400 -0.19499136
v -0.02095000 0.06929496 -0.19499135
v -0.02095000 0.06929508 -0.19129038
v -0.02020000 0.07059411 -0.19149139
v -0.02020000 0.07059400 -0.19499139
v -0.02025111 0.07020588 -0.19144026
v -0.02040096 0.06984411 -0.19129040
v -0.02063934 0.06953346 -0.19105201
v -0.02245000 0.06929496 -0.19499135
v -0.02208823 0.06914522 -0.19144023
v -0.02170000 0.06909400 -0.19499134
v -0.02170000 0.06909411 -0.19149134
v -0.02131177 0.06914522 -0.19144023
v -0.02040096 0.06984419 -0.18869232
v -0.02063934 0.06953353 -0.18893069
v -0.02095000 0.06929516 -0.18869231
v -0.02040096 0.07134431 -0.18499141
v -0.02095000 0.07189335 -0.18499143
v -0.02095000 0.07189323 -0.18869239
v -0.02025111 0.07020597 -0.18854248
v -0.02040096 0.06984431 -0.18499136
v -0.02020000 0.07059420 -0.18849139
v -0.02020000 0.07059431 -0.18499139
v -0.02025111 0.07098243 -0.18854251
v -0.02040096 0.07134419 -0.18869237
v -0.02063934 0.07165485 -0.18893076
v -0.02299904 0.07134419 -0.18869237
v -0.02276066 0.07165485 -0.18893076
v -0.02245000 0.07189323 -0.18869239
v -0.02314889 0.07098243 -0.18854251
v -0.02299904 0.07134431 -0.18499141
v -0.02245000 0.07189335 -0.18499143
v -0.02208823 0.07204309 -0.18854254
v -0.02170000 0.07209431 -0.18499143
v -0.02170000 0.07209420 -0.18849143
v -0.02131177 0.07204309 -0.18854254
v -0.02299904 0.06984431 -0.18499136
v -0.02245000 0.06929527 -0.18499135
v -0.02245000 0.06929516 -0.18869231
v -0.02320000 0.07059420 -0.18849139
v -0.02320000 0.07059431 -0.18499139
v -0.02314889 0.07020597 -0.18854248
v -0.02299904 0.06984419 -0.18869232
v -0.02276066 0.06953353 -0.18893069
v -0.02095000 0.06929527 -0.18499135
v -0.02131177 0.06914531 -0.18854245
v -0.02170000 0.06909431 -0.18499134
v -0.02170000 0.06909420 -0.18849134
v -0.02208823 0.06914531 -0.18854245
v -0.02040096 0.07134419 -0.18869237
v -0.02063934 0.07165485 -0.18893076
v -0.02040096 0.07189322 -0.18924143
v -0.01670000 0.06984419 -0.18869232
v -0.01670000 0.06929514 -0.18924135
v -0.02040096 0.06929514 -0.18924135
v -0.02025111 0.07098243 -0.18854251
v -0.01670000 0.07134419 -0.18869237
v -0.02020000 0.07059420 -0.18849139
v -0.01670000 0.07059420 -0.18849139
v -0.02025111 0.07020597 -0.18854248
v -0.02040096 0.06984419 -0.18869232
v -0.02063934 0.06953353 -0.18893069
v -0.02040096 0.06984411 -0.19129040
v -0.02063934 0.06953346 -0.19105201
v -0.02040096 0.06929509 -0.19074135
v -0.02025111 0.07020588 -0.19144026
v -0.01670000 0.06984411 -0.19129040
v -0.01670000 0.06929509 -0.19074135
v -0.02025111 0.06914525 -0.19037957
v -0.01670000 0.06909415 -0.18999134
v -0.02020000 0.06909415 -0.18999134
v -0.02025111 0.06914528 -0.18960311
v -0.01670000 0.07134411 -0.19129045
v -0.01670000 0.07189317 -0.19074143
v -0.02040096 0.07189317 -0.19074143
v -0.02020000 0.07059411 -0.19149139
v -0.01670000 0.07059411 -0.19149139
v -0.02025111 0.07098234 -0.19144029
v -0.02040096 0.07134411 -0.19129045
v -0.02063934 0.07165478 -0.19105208
v -0.01670000 0.07189322 -0.18924143
v -0.02025111 0.07204306 -0.18960320
v -0.01670000 0.07209415 -0.18999143
v -0.02020000 0.07209415 -0.18999143
v -0.02025111 0.07204303 -0.19037966
v -0.02314889 0.07098234 -0.19144029
v -0.02299904 0.07134411 -0.19129045
v -0.02670000 0.07134411 -0.19129045
v -0.02299904 0.06984419 -0.18869232
v -0.02276066 0.06953353 -0.18893069
v -0.02299904 0.06929514 -0.18924135
v -0.02299904 0.07189322 -0.18924143
v -0.02276066 0.07165485 -0.18893076
v -0.02299904 0.07134419 -0.18869237
v -0.02314889 0.07204306 -0.18960320
v -0.02670000 0.07189322 -0.18924143
v -0.02670000 0.07134419 -0.18869237
v -0.02314889 0.07098243 -0.18854251
v -0.02670000 0.07059420 -0.18849139
v -0.02320000 0.07059420 -0.18849139
v -0.02670000 0.06984419 -0.18869232
v -0.02314889 0.07020597 -0.18854248
v -0.02670000 0.07189317 -0.19074143
v -0.02320000 0.07209415 -0.18999143
v -0.02670000 0.07209415 -0.18999143
v -0.02314889 0.07204303 -0.19037966
v -0.02299904 0.07189317 -0.19074143
v -0.02276066 0.07165478 -0.19105208
v -0.02299904 0.06929509 -0.19074135
v -0.02276066 0.06953346 -0.19105201
v -0.02299904 0.06984411 -0.19129040
v -0.02320000 0.07059411 -0.19149139
v -0.02670000 0.07059411 -0.19149139
v -0.02314889 0.07020588 -0.19144026
v -0.02670000 0.06984411 -0.19129040
v -0.02670000 0.06929509 -0.19074135
v -0.02670000 0.06929514 -0.18924135
v -0.02314889 0.06914528 -0.18960311
v -0.02670000 0.06909415 -0.18999134
v -0.02320000 0.06909415 -0.18999134
v -0.02314889 0.06914525 -0.19037957
v -0.02320000 0.07359415 -0.18999148
v -0.02670000 0.07359400 -0.19499148
v -0.02299904 0.07359418 -0.18924148
v -0.02670000 0.07359431 -0.18499148
v -0.02245000 0.07359419 -0.18869244
v -0.02299904 0.07359413 -0.19074148
v -0.02245000 0.07359411 -0.19129052
v -0.01670000 0.07359400 -0.19499148
v -0.02170000 0.07359411 -0.19149148
v -0.02095000 0.07359411 -0.19129052
v -0.02040096 0.07359413 -0.19074148
v -0.01670000 0.07359431 -0.18499148
v -0.02020000 0.07359415 -0.18999148
v -0.02040096 0.07359418 -0.18924148
v -0.02095000 0.07359419 -0.18869244
v -0.02170000 0.07359420 -0.18849148
v -0.02299904 0.06759418 -0.18924129
v -0.02670000 0.06759431 -0.18499129
v -0.02320000 0.06759415 -0.18999129
v -0.02670000 0.06759400 -0.19499129
v -0.02299904 0.06759413 -0.19074129
v -0.02095000 0.06759419 -0.18869226
v -0.01670000 0.06759431 -0.18499129
v -0.02170000 0.06759420 -0.18849129
v -0.02245000 0.06759419 -0.18869226
v -0.02040096 0.06759418 -0.18924129
v -0.02020000 0.06759415 -0.18999129
v -0.01670000 0.06759400 -0.19499129
v -0.02040096 0.06759413 -0.19074129
v -0.02095000 0.06759411 -0.19129033
v -0.02170000 0.06759411 -0.19149129
v -0.02245000 0.06759411 -0.19129033
v -0.02040096 0.06984431 -0.18499136
v -0.02095000 0.06929527 -0.18499135
v -0.01670000 0.06759431 -0.18499129
v -0.02170000 0.06909431 -0.18499134
v -0.02670000 0.06759431 -0.18499129
v -0.02299904 0.07134431 -0.18499141
v -0.02245000 0.07189335 -0.18499143
v -0.02670000 0.07359431 -0.18499148
v -0.02170000 0.07209431 -0.18499143
v -0.01670000 0.07359431 -0.18499148
v -0.02245000 0.06929527 -0.18499135
v -0.02299904 0.06984431 -0.18499136
v -0.02320000 0.07059431 -0.18499139
v -0.02095000 0.07189335 -0.18499143
v -0.02040096 0.07134431 -0.18499141
v -0.02020000 0.07059431 -0.18499139
v -0.02670000 0.06984419 -0.18869232
v -0.02670000 0.06759431 -0.18499129
v -0.02670000 0.07059420 -0.18849139
v -0.02670000 0.07359431 -0.18499148
v -0.02670000 0.07134419 -0.18869237
v -0.02670000 0.06929509 -0.19074135
v -0.02670000 0.06759400 -0.19499129
v -0.02670000 0.06909415 -0.18999134
v -0.02670000 0.06929514 -0.18924135
v -0.02670000 0.07134411 -0.19129045
v -0.02670000 0.07359400 -0.19499148
v -0.02670000 0.07059411 -0.19149139
v -0.02670000 0.06984411 -0.19129040
v -0.02670000 0.07189317 -0.19074143
v -0.02670000 0.07209415 -0.18999143
v -0.02670000 0.07189322 -0.18924143
v -0.02299904 0.06984400 -0.19499136
v -0.02670000 0.06759400 -0.19499129
v -0.02320000 0.07059400 -0.19499139
v -0.02670000 0.07359400 -0.19499148
v -0.02299904 0.07134400 -0.19499141
v -0.02095000 0.06929496 -0.19499135
v -0.01670000 0.06759400 -0.19499129
v -0.02170000 0.06909400 -0.19499134
v -0.02245000 0.06929496 -0.19499135
v -0.02040096 0.07134400 -0.19499141
v -0.01670000 0.07359400 -0.19499148
v -0.02020000 0.07059400 -0.19499139
v -0.02040096 0.06984400 -0.19499136
v -0.02095000 0.07189304 -0.19499143
v -0.02170000 0.07209400 -0.19499143
v -0.02245000 0.07189304 -0.19499143
v 0.02130000 0.02199939 -0.02000068
v 0.02630000 0.02199939 -0.02000068
v 0.02130000 0.01699939 -0.02000052
v 0.02630000 0.01699939 -0.02000052
v 0.02630000 0.01699939 -0.02000052
v 0.02630000 0.01649941 -0.01950051
v 0.02130000 0.01699939 -0.02000052
v 0.02130000 0.01649941 -0.01950051
v 0.02630000 0.02249941 -0.01950070
v 0.02630000 0.02199939 -0.02000068
v 0.02130000 0.02249941 -0.01950070
v 0.02130000 0.02199939 -0.02000068
v 0.02630000 0.02199939 -0.02000068
v 0.02680000 0.02199941 -0.01950068
v 0.02630000 0.01699939 -0.02000052
v 0.02680000 0.01699941 -0.01950053
v 0.02630000 0.02200062 0.01999932
v 0.02130000 0.02200062 0.01999932
v 0.02630000 0.01700062 0.01999948
v 0.02130000 0.01700062 0.01999948
v 0.02130000 0.01650061 0.01949949
v 0.02080000 0.01700061 0.01949948
v 0.02130000 0.01649941 -0.01950051
v 0.02080000 0.01699941 -0.01950053
v 0.02080000 0.02199941 -0.01950068
v 0.02080000 0.02100047 0.01499935
v 0.02080000 0.02200061 0.01949932
v 0.02080000 0.02079953 0.01574936
v 0.02080000 0.02079887 -0.00575064
v 0.02080000 0.02099985 -0.00500065
v 0.02080000 0.01875051 0.01629846
v 0.02080000 0.01700061 0.01949948
v 0.02080000 0.01950052 0.01649940
v 0.02080000 0.02025051 0.01629841
v 0.02080000 0.02025043 0.01370034
v 0.02080000 0.02079948 0.01424936
v 0.02080000 0.01820145 0.01574944
v 0.02080000 0.01800047 0.01499944
v 0.02080000 0.01699941 -0.01950053
v 0.02080000 0.01799985 -0.00500056
v 0.02080000 0.01820079 -0.00575056
v 0.02080000 0.01820141 0.01424944
v 0.02080000 0.01875043 0.01370038
v 0.02080000 0.01820084 -0.00425056
v 0.02080000 0.01874981 -0.00629962
v 0.02080000 0.01949981 -0.00650060
v 0.02080000 0.02024981 -0.00629966
v 0.02080000 0.02079891 -0.00425064
v 0.02080000 0.02024989 -0.00370159
v 0.02080000 0.01950042 0.01349940
v 0.02080000 0.01949990 -0.00350060
v 0.02080000 0.01874989 -0.00370154
v 0.02080000 0.01700061 0.01949948
v 0.02130000 0.01700062 0.01999948
v 0.02080000 0.02200061 0.01949932
v 0.02130000 0.02200062 0.01999932
v 0.02455000 0.01650012 0.00370045
v 0.02380000 0.01650011 0.00349949
v 0.02630000 0.01649941 -0.01950051
v 0.02130000 0.01650061 0.01949949
v 0.02250096 0.01650018 0.00574949
v 0.02305000 0.01650020 0.00629853
v 0.02630000 0.01650061 0.01949949
v 0.02380000 0.01650021 0.00649949
v 0.02455000 0.01650020 0.00629853
v 0.02230000 0.01650016 0.00499949
v 0.02130000 0.01649941 -0.01950051
v 0.02250096 0.01650014 0.00424949
v 0.02509904 0.01650018 0.00574949
v 0.02530000 0.01650016 0.00499949
v 0.02509904 0.01650014 0.00424949
v 0.02455000 0.01649950 -0.01629955
v 0.02380000 0.01649950 -0.01650051
v 0.02305000 0.01649950 -0.01629955
v 0.02250096 0.01649952 -0.01575051
v 0.02230000 0.01649954 -0.01500051
v 0.02250096 0.01649957 -0.01425051
v 0.02305000 0.01650012 0.00370045
v 0.02305000 0.01649958 -0.01370147
v 0.02380000 0.01649959 -0.01350051
v 0.02455000 0.01649958 -0.01370147
v 0.02509904 0.01649957 -0.01425051
v 0.02530000 0.01649954 -0.01500051
v 0.02509904 0.01649952 -0.01575051
v 0.02080000 0.02200061 0.01949932
v 0.02130000 0.02200062 0.01999932
v 0.02130000 0.02250061 0.01949931
v 0.02680000 0.01700061 0.01949948
v 0.02680000 0.01875051 0.01629846
v 0.02680000 0.02200061 0.01949932
v 0.02680000 0.01950052 0.01649940
v 0.02680000 0.02025051 0.01629841
v 0.02680000 0.02079953 0.01574936
v 0.02680000 0.02100047 0.01499935
v 0.02680000 0.02199941 -0.01950068
v 0.02680000 0.01875043 0.01370038
v 0.02680000 0.01820141 0.01424944
v 0.02680000 0.01699941 -0.01950053
v 0.02680000 0.01800047 0.01499944
v 0.02680000 0.01820145 0.01574944
v 0.02680000 0.01874981 -0.00629962
v 0.02680000 0.01820079 -0.00575056
v 0.02680000 0.01799985 -0.00500056
v 0.02680000 0.02099985 -0.00500065
v 0.02680000 0.02079887 -0.00575064
v 0.02680000 0.02024981 -0.00629966
v 0.02680000 0.01949981 -0.00650060
v 0.02680000 0.02079948 0.01424936
v 0.02680000 0.02025043 0.01370034
v 0.02680000 0.02079891 -0.00425064
v 0.02680000 0.01820084 -0.00425056
v 0.02680000 0.01874989 -0.00370154
v 0.02680000 0.01950042 0.01349940
v 0.02680000 0.01949990 -0.00350060
v 0.02680000 0.02024989 -0.00370159
v 0.02630000 0.02199939 -0.02000068
v 0.02630000 0.02249941 -0.01950070
v 0.02680000 0.02199941 -0.01950068
v 0.02509904 0.02249952 -0.01575070
v 0.02530000 0.02249954 -0.01500069
v 0.02630000 0.02249941 -0.01950070
v 0.02305000 0.02249950 -0.01629973
v 0.02380000 0.02249950 -0.01650069
v 0.02130000 0.02249941 -0.01950070
v 0.02455000 0.02250012 0.00370027
v 0.02509904 0.02250014 0.00424931
v 0.02455000 0.02249958 -0.01370166
v 0.02509904 0.02250018 0.00574931
v 0.02630000 0.02250061 0.01949931
v 0.02530000 0.02250016 0.00499931
v 0.02509904 0.02249957 -0.01425069
v 0.02455000 0.02249950 -0.01629973
v 0.02455000 0.02250020 0.00629834
v 0.02380000 0.02250021 0.00649931
v 0.02130000 0.02250061 0.01949931
v 0.02305000 0.02250020 0.00629834
v 0.02250096 0.02250014 0.00424931
v 0.02230000 0.02250016 0.00499931
v 0.02250096 0.02250018 0.00574931
v 0.02380000 0.02250011 0.00349931
v 0.02380000 0.02249959 -0.01350070
v 0.02305000 0.02250012 0.00370027
v 0.02305000 0.02249958 -0.01370166
v 0.02250096 0.02249957 -0.01425069
v 0.02230000 0.02249954 -0.01500069
v 0.02250096 0.02249952 -0.01575070
v 0.02630000 0.01699939 -0.02000052
v 0.02680000 0.01699941 -0.01950053
v 0.02630000 0.01649941 -0.01950051
v 0.02080000 0.01800047 0.01499944
v 0.02680000 0.01800047 0.01499944
v 0.02080000 0.01820141 0.01424944
v 0.02680000 0.01820141 0.01424944
v 0.02080000 0.01875043 0.01370038
v 0.02680000 0.01875043 0.01370038
v 0.02080000 0.01950042 0.01349940
v 0.02680000 0.01950042 0.01349940
v 0.02080000 0.02025043 0.01370034
v 0.02680000 0.02025043 0.01370034
v 0.02080000 0.02079948 0.01424936
v 0.02680000 0.02079948 0.01424936
v 0.02080000 0.02100047 0.01499935
v 0.02680000 0.02100047 0.01499935
v 0.02080000 0.02079953 0.01574936
v 0.02680000 0.02079953 0.01574936
v 0.02080000 0.02025051 0.01629841
v 0.02680000 0.02025051 0.01629841
v 0.02080000 0.01950052 0.01649940
v 0.02680000 0.01950052 0.01649940
v 0.02080000 0.01875051 0.01629846
v 0.02680000 0.01875051 0.01629846
v 0.02080000 0.01820145 0.01574944
v 0.02680000 0.01820145 0.01574944
v 0.02080000 0.01700061 0.01949948
v 0.02130000 0.01650061 0.01949949
v 0.02130000 0.01700062 0.01999948
v 0.02080000 0.01799985 -0.00500056
v 0.02680000 0.01799985 -0.00500056
v 0.02080000 0.01820079 -0.00575056
v 0.02680000 0.01820079 -0.00575056
v 0.02080000 0.01874981 -0.00629962
v 0.02680000 0.01874981 -0.00629962
v 0.02080000 0.01949981 -0.00650060
v 0.02680000 0.01949981 -0.00650060
v 0.02080000 0.02024981 -0.00629966
v 0.02680000 0.02024981 -0.00629966
v 0.02080000 0.02079887 -0.00575064
v 0.02680000 0.02079887 -0.00575064
v 0.02080000 0.02099985 -0.00500065
v 0.02680000 0.02099985 -0.00500065
v 0.02080000 0.02079891 -0.00425064
v 0.02680000 0.02079891 -0.00425064
v 0.02080000 0.02024989 -0.00370159
v 0.02680000 0.02024989 -0.00370159
v 0.02080000 0.01949990 -0.00350060
v 0.02680000 0.01949990 -0.00350060
v 0.02080000 0.01874989 -0.00370154
v 0.02680000 0.01874989 -0.00370154
v 0.02080000 0.01820084 -0.00425056
v 0.02680000 0.01820084 -0.00425056
v 0.02630000 0.02200062 0.01999932
v 0.02630000 0.02250061 0.01949931
v 0.02130000 0.02200062 0.01999932
v 0.02130000 0.02250061 0.01949931
v 0.02230000 0.02249954 -0.01500069
v 0.02230000 0.01649954 -0.01500051
v 0.02250096 0.02249952 -0.01575070
v 0.02250096 0.01649952 -0.01575051
v 0.02305000 0.02249950 -0.01629973
v 0.02305000 0.01649950 -0.01629955
v 0.02380000 0.02249950 -0.01650069
v 0.02380000 0.01649950 -0.01650051
v 0.02455000 0.02249950 -0.01629973
v 0.02455000 0.01649950 -0.01629955
v 0.02509904 0.02249952 -0.01575070
v 0.02509904 0.01649952 -0.01575051
v 0.02530000 0.02249954 -0.01500069
v 0.02530000 0.01649954 -0.01500051
v 0.02509904 0.02249957 -0.01425069
v 0.02509904 0.01649957 -0.01425051
v 0.02455000 0.02249958 -0.01370166
v 0.02455000 0.01649958 -0.01370147
v 0.02380000 0.02249959 -0.01350070
v 0.02380000 0.01649959 -0.01350051
v 0.02305000 0.02249958 -0.01370166
v 0.02305000 0.01649958 -0.01370147
v 0.02250096 0.02249957 -0.01425069
v 0.02250096 0.01649957 -0.01425051
v 0.02630000 0.02250061 0.01949931
v 0.02680000 0.02200061 0.01949932
v 0.02630000 0.02249941 -0.01950070
v 0.02680000 0.02199941 -0.01950068
v 0.02230000 0.02250016 0.00499931
v 0.02230000 0.01650016 0.00499949
v 0.02250096 0.02250014 0.00424931
v 0.02250096 0.01650014 0.00424949
v 0.02305000 0.02250012 0.00370027
v 0.02305000 0.01650012 0.00370045
v 0.02380000 0.02250011 0.00349931
v 0.02380000 0.01650011 0.00349949
v 0.02455000 0.02250012 0.00370027
v 0.02455000 0.01650012 0.00370045
v 0.02509904 0.02250014 0.00424931
v 0.02509904 0.01650014 0.00424949
v 0.02530000 0.02250016 0.00499931
v 0.02530000 0.01650016 0.00499949
v 0.02509904 0.02250018 0.00574931
v 0.02509904 0.01650018 0.00574949
v 0.02455000 0.02250020 0.00629834
v 0.02455000 0.01650020 0.00629853
v 0.02380000 0.02250021 0.00649931
v 0.02380000 0.01650021 0.00649949
v 0.02305000 0.02250020 0.00629834
v 0.02305000 0.01650020 0.00629853
v 0.02250096 0.02250018 0.00574931
v 0.02250096 0.01650018 0.00574949
v 0.02680000 0.01700061 0.01949948
v 0.02630000 0.01650061 0.01949949
v 0.02680000 0.01699941 -0.01950053
v 0.02630000 0.01649941 -0.01950051
v 0.02130000 0.01699939 -0.02000052
v 0.02080000 0.01699941 -0.01950053
v 0.02130000 0.02199939 -0.02000068
v 0.02080000 0.02199941 -0.01950068
v 0.02630000 0.01650061 0.01949949
v 0.02630000 0.01700062 0.01999948
v 0.02130000 0.01650061 0.01949949
v 0.02130000 0.01700062 0.01999948
v 0.02130000 0.02199939 -0.02000068
v 0.02080000 0.02199941 -0.01950068
v 0.02130000 0.02249941 -0.01950070
v 0.02630000 0.02250061 0.01949931
v 0.02630000 0.02200062 0.01999932
v 0.02680000 0.02200061 0.01949932
v 0.02080000 0.01699941 -0.01950053
v 0.02130000 0.01699939 -0.02000052
v 0.02130000 0.01649941 -0.01950051
v 0.02630000 0.01650061 0.01949949
v 0.02680000 0.01700061 0.01949948
v 0.02630000 0.01700062 0.01999948
v 0.02080000 0.02200061 0.01949932
v 0.02130000 0.02250061 0.01949931
v 0.02080000 0.02199941 -0.01950068
v 0.02130000 0.02249941 -0.01950070
v 0.02630000 0.01700062 0.01999948
v 0.02680000 0.01700061 0.01949948
v 0.02630000 0.02200062 0.01999932
v 0.02680000 0.02200061 0.01949932
v -0.02620000 0.06809516 -0.15699132
v -0.02620000 0.07309516 -0.15699147
v -0.02120000 0.06809516 -0.15699132
v -0.02120000 0.07309516 -0.15699147
v -0.02120000 0.07309516 -0.15699147
v -0.02070000 0.07309517 -0.15649147
v -0.02120000 0.06809516 -0.15699132
v -0.02070000 0.06809517 -0.15649132
v -0.02670000 0.07309517 -0.15649147
v -0.02620000 0.07309516 -0.15699147
v -0.02670000 0.06809517 -0.15649132
v -0.02620000 0.06809516 -0.15699132
v -0.02620000 0.07309516 -0.15699147
v -0.02620000 0.07359517 -0.15649149
v -0.02120000 0.07309516 -0.15699147
v -0.02120000 0.07359517 -0.15649149
v -0.02620000 0.07309639 -0.11699147
v -0.02620000 0.06809639 -0.11699132
v -0.02120000 0.07309639 -0.11699147
v -0.02120000 0.06809639 -0.11699132
v -0.02070000 0.06809637 -0.11749132
v -0.02120000 0.06759637 -0.11749130
v -0.02070000 0.06809517 -0.15649132
v -0.02120000 0.06759517 -0.15649130
v -0.02620000 0.06759517 -0.15649130
v -0.02520000 0.06759623 -0.12199130
v -0.02620000 0.06759637 -0.11749130
v -0.02499904 0.06759626 -0.12124130
v -0.02499904 0.06759559 -0.14274130
v -0.02520000 0.06759562 -0.14199130
v -0.02295000 0.06759627 -0.12069226
v -0.02120000 0.06759637 -0.11749130
v -0.02370000 0.06759628 -0.12049130
v -0.02445000 0.06759627 -0.12069226
v -0.02445000 0.06759619 -0.12329034
v -0.02499904 0.06759621 -0.12274130
v -0.02240096 0.06759626 -0.12124130
v -0.02220000 0.06759623 -0.12199130
v -0.02120000 0.06759517 -0.15649130
v -0.02220000 0.06759562 -0.14199130
v -0.02240096 0.06759559 -0.14274130
v -0.02240096 0.06759621 -0.12274130
v -0.02295000 0.06759619 -0.12329034
v -0.02240096 0.06759564 -0.14124130
v -0.02295000 0.06759558 -0.14329034
v -0.02370000 0.06759557 -0.14349130
v -0.02445000 0.06759558 -0.14329034
v -0.02499904 0.06759564 -0.14124130
v -0.02445000 0.06759566 -0.14069226
v -0.02370000 0.06759619 -0.12349130
v -0.02370000 0.06759566 -0.14049130
v -0.02295000 0.06759566 -0.14069226
v -0.02120000 0.06759637 -0.11749130
v -0.02120000 0.06809639 -0.11699132
v -0.02620000 0.06759637 -0.11749130
v -0.02620000 0.06809639 -0.11699132
v -0.02070000 0.07134589 -0.13329045
v -0.02070000 0.07059588 -0.13349139
v -0.02070000 0.07309517 -0.15649147
v -0.02070000 0.06809637 -0.11749132
v -0.02070000 0.06929691 -0.13124135
v -0.02070000 0.06984597 -0.13069233
v -0.02070000 0.07309637 -0.11749147
v -0.02070000 0.07059597 -0.13049139
v -0.02070000 0.07134597 -0.13069238
v -0.02070000 0.06909593 -0.13199135
v -0.02070000 0.06809517 -0.15649132
v -0.02070000 0.06929687 -0.13274135
v -0.02070000 0.07189499 -0.13124143
v -0.02070000 0.07209593 -0.13199144
v -0.02070000 0.07189494 -0.13274143
v -0.02070000 0.07134527 -0.15329046
v -0.02070000 0.07059526 -0.15349139
v -0.02070000 0.06984527 -0.15329041
v -0.02070000 0.06929625 -0.15274136
v -0.02070000 0.06909531 -0.15199135
v -0.02070000 0.06929629 -0.15124135
v -0.02070000 0.06984589 -0.13329041
v -0.02070000 0.06984535 -0.15069233
v -0.02070000 0.07059536 -0.15049140
v -0.02070000 0.07134535 -0.15069238
v -0.02070000 0.07189437 -0.15124143
v -0.02070000 0.07209531 -0.15199144
v -0.02070000 0.07189432 -0.15274144
v -0.02620000 0.06759637 -0.11749130
v -0.02620000 0.06809639 -0.11699132
v -0.02670000 0.06809637 -0.11749132
v -0.02120000 0.07359637 -0.11749149
v -0.02295000 0.07359627 -0.12069245
v -0.02620000 0.07359637 -0.11749149
v -0.02370000 0.07359628 -0.12049149
v -0.02445000 0.07359627 -0.12069245
v -0.02499904 0.07359626 -0.12124149
v -0.02520000 0.07359623 -0.12199149
v -0.02620000 0.07359517 -0.15649149
v -0.02295000 0.07359619 -0.12329052
v -0.02240096 0.07359621 -0.12274149
v -0.02120000 0.07359517 -0.15649149
v -0.02220000 0.07359623 -0.12199149
v -0.02240096 0.07359626 -0.12124149
v -0.02295000 0.07359558 -0.14329053
v -0.02240096 0.07359559 -0.14274149
v -0.02220000 0.07359562 -0.14199149
v -0.02520000 0.07359562 -0.14199149
v -0.02499904 0.07359559 -0.14274149
v -0.02445000 0.07359558 -0.14329053
v -0.02370000 0.07359557 -0.14349149
v -0.02499904 0.07359621 -0.12274149
v -0.02445000 0.07359619 -0.12329052
v -0.02499904 0.07359564 -0.14124149
v -0.02240096 0.07359564 -0.14124149
v -0.02295000 0.07359566 -0.14069245
v -0.02370000 0.07359619 -0.12349149
v -0.02370000 0.07359566 -0.14049149
v -0.02445000 0.07359566 -0.14069245
v -0.02620000 0.07309516 -0.15699147
v -0.02670000 0.07309517 -0.15649147
v -0.02620000 0.07359517 -0.15649149
v -0.02670000 0.07189432 -0.15274144
v -0.02670000 0.07209531 -0.15199144
v -0.02670000 0.07309517 -0.15649147
v -0.02670000 0.06984527 -0.15329041
v -0.02670000 0.07059526 -0.15349139
v -0.02670000 0.06809517 -0.15649132
v -0.02670000 0.07134589 -0.13329045
v -0.02670000 0.07189494 -0.13274143
v -0.02670000 0.07134535 -0.15069238
v -0.02670000 0.07189499 -0.13124143
v -0.02670000 0.07309637 -0.11749147
v -0.02670000 0.07209593 -0.13199144
v -0.02670000 0.07189437 -0.15124143
v -0.02670000 0.07134527 -0.15329046
v -0.02670000 0.07134597 -0.13069238
v -0.02670000 0.07059597 -0.13049139
v -0.02670000 0.06809637 -0.11749132
v -0.02670000 0.06984597 -0.13069233
v -0.02670000 0.06929687 -0.13274135
v -0.02670000 0.06909593 -0.13199135
v -0.02670000 0.06929691 -0.13124135
v -0.02670000 0.07059588 -0.13349139
v -0.02670000 0.07059536 -0.15049140
v -0.02670000 0.06984589 -0.13329041
v -0.02670000 0.06984535 -0.15069233
v -0.02670000 0.06929629 -0.15124135
v -0.02670000 0.06909531 -0.15199135
v -0.02670000 0.06929625 -0.15274136
v -0.02120000 0.07309516 -0.15699147
v -0.02120000 0.07359517 -0.15649149
v -0.02070000 0.07309517 -0.15649147
v -0.02220000 0.06759623 -0.12199130
v -0.02220000 0.07359623 -0.12199149
v -0.02240096 0.06759621 -0.12274130
v -0.02240096 0.07359621 -0.12274149
v -0.02295000 0.06759619 -0.12329034
v -0.02295000 0.07359619 -0.12329052
v -0.02370000 0.06759619 -0.12349130
v -0.02370000 0.07359619 -0.12349149
v -0.02445000 0.06759619 -0.12329034
v -0.02445000 0.07359619 -0.12329052
v -0.02499904 0.06759621 -0.12274130
v -0.02499904 0.07359621 -0.12274149
v -0.02520000 0.06759623 -0.12199130
v -0.02520000 0.07359623 -0.12199149
v -0.02499904 0.06759626 -0.12124130
v -0.02499904 0.07359626 -0.12124149
v -0.02445000 0.06759627 -0.12069226
v -0.02445000 0.07359627 -0.12069245
v -0.02370000 0.06759628 -0.12049130
v -0.02370000 0.07359628 -0.12049149
v -0.02295000 0.06759627 -0.12069226
v -0.02295000 0.07359627 -0.12069245
v -0.02240096 0.06759626 -0.12124130
v -0.02240096 0.07359626 -0.12124149
v -0.02120000 0.06759637 -0.11749130
v -0.02070000 0.06809637 -0.11749132
v -0.02120000 0.06809639 -0.11699132
v -0.02220000 0.06759562 -0.14199130
v -0.02220000 0.07359562 -0.14199149
v -0.02240096 0.06759559 -0.14274130
v -0.02240096 0.07359559 -0.14274149
v -0.02295000 0.06759558 -0.14329034
v -0.02295000 0.07359558 -0.14329053
v -0.02370000 0.06759557 -0.14349130
v -0.02370000 0.07359557 -0.14349149
v -0.02445000 0.06759558 -0.14329034
v -0.02445000 0.07359558 -0.14329053
v -0.02499904 0.06759559 -0.14274130
v -0.02499904 0.07359559 -0.14274149
v -0.02520000 0.06759562 -0.14199130
v -0.02520000 0.07359562 -0.14199149
v -0.02499904 0.06759564 -0.14124130
v -0.02499904 0.07359564 -0.14124149
v -0.02445000 0.06759566 -0.14069226
v -0.02445000 0.07359566 -0.14069245
v -0.02370000 0.06759566 -0.14049130
v -0.02370000 0.07359566 -0.14049149
v -0.02295000 0.06759566 -0.14069226
v -0.02295000 0.07359566 -0.14069245
v -0.02240096 0.06759564 -0.14124130
v -0.02240096 0.07359564 -0.14124149
v -0.02620000 0.07309639 -0.11699147
v -0.02670000 0.07309637 -0.11749147
v -0.02620000 0.06809639 -0.11699132
v -0.02670000 0.06809637 -0.11749132
v -0.02670000 0.06909531 -0.15199135
v -0.02070000 0.06909531 -0.15199135
v -0.02670000 0.06929625 -0.15274136
v -0.02070000 0.06929625 -0.15274136
v -0.02670000 0.06984527 -0.15329041
v -0.02070000 0.06984527 -0.15329041
v -0.02670000 0.07059526 -0.15349139
v -0.02070000 0.07059526 -0.15349139
v -0.02670000 0.07134527 -0.15329046
v -0.02070000 0.07134527 -0.15329046
v -0.02670000 0.07189432 -0.15274144
v -0.02070000 0.07189432 -0.15274144
v -0.02670000 0.07209531 -0.15199144
v -0.02070000 0.07209531 -0.15199144
v -0.02670000 0.07189437 -0.15124143
v -0.02070000 0.07189437 -0.15124143
v -0.02670000 0.07134535 -0.15069238
v -0.02070000 0.07134535 -0.15069238
v -0.02670000 0.07059536 -0.15049140
v -0.02070000 0.07059536 -0.15049140
v -0.02670000 0.06984535 -0.15069233
v -0.02070000 0.06984535 -0.15069233
v -0.02670000 0.06929629 -0.15124135
v -0.02070000 0.06929629 -0.15124135
v -0.02670000 0.07309637 -0.11749147
v -0.02620000 0.07359637 -0.11749149
v -0.02670000 0.07309517 -0.15649147
v -0.02620000 0.07359517 -0.15649149
v -0.02670000 0.06909593 -0.13199135
v -0.02070000 0.06909593 -0.13199135
v -0.02670000 0.06929687 -0.13274135
v -0.02070000 0.06929687 -0.13274135
v -0.02670000 0.06984589 -0.13329041
v -0.02070000 0.06984589 -0.13329041
v -0.02670000 0.07059588 -0.13349139
v -0.02070000 0.07059588 -0.13349139
v -0.02670000 0.07134589 -0.13329045
v -0.02070000 0.07134589 -0.13329045
v -0.02670000 0.07189494 -0.13274143
v -0.02070000 0.07189494 -0.13274143
v -0.02670000 0.07209593 -0.13199144
v -0.02070000 0.07209593 -0.13199144
v -0.02670000 0.07189499 -0.13124143
v -0.02070000 0.07189499 -0.13124143
v -0.02670000 0.07134597 -0.13069238
v -0.02070000 0.07134597 -0.13069238
v -0.02670000 0.07059597 -0.13049139
v -0.02070000 0.07059597 -0.13049139
v -0.02670000 0.06984597 -0.13069233
v -0.02070000 0.06984597 -0.13069233
v -0.02670000 0.06929691 -0.13124135
v -0.02070000 0.06929691 -0.13124135
v -0.02120000 0.07359637 -0.11749149
v -0.02070000 0.07309637 -0.11749147
v -0.02120000 0.07359517 -0.15649149
v -0.02070000 0.07309517 -0.15649147
v -0.02120000 0.06809516 -0.15699132
v -0.02120000 0.06759517 -0.15649130
v -0.02620000 0.06809516 -0.15699132
v -0.02620000 0.06759517 -0.15649130
v -0.02070000 0.07309637 -0.11749147
v -0.02120000 0.07309639 -0.11699147
v -0.02070000 0.06809637 -0.11749132
v -0.02120000 0.06809639 -0.11699132
v -0.02620000 0.06809516 -0.15699132
v -0.02620000 0.06759517 -0.15649130
v -0.02670000 0.06809517 -0.15649132
v -0.02670000 0.07309637 -0.11749147
v -0.02620000 0.07309639 -0.11699147
v -0.02620000 0.07359637 -0.11749149
v -0.02120000 0.06759517 -0.15649130
v -0.02120000 0.06809516 -0.15699132
v -0.02070000 0.06809517 -0.15649132
v -0.02070000 0.07309637 -0.11749147
v -0.02120000 0.07359637 -0.11749149
v -0.02120000 0.07309639 -0.11699147
v -0.02620000 0.06759637 -0.11749130
v -0.02670000 0.06809637 -0.11749132
v -0.02620000 0.06759517 -0.15649130
v -0.02670000 0.06809517 -0.15649132
v -0.02120000 0.07309639 -0.11699147
v -0.02120000 0.07359637 -0.11749149
v -0.02620000 0.07309639 -0.11699147
v -0.02620000 0.07359637 -0.11749149
v -0.02208823 0.03304308 -0.18854134
v -0.02245000 0.03289322 -0.18869119
v -0.02245000 0.03459419 -0.18869124
v -0.02314889 0.03304302 -0.19037846
v -0.02299904 0.03289316 -0.19074022
v -0.02299904 0.03459412 -0.19074028
v -0.02131177 0.03304299 -0.19143912
v -0.02095000 0.03289314 -0.19128926
v -0.02095000 0.03459411 -0.19128932
v -0.02025111 0.03304305 -0.18960200
v -0.02040096 0.03289321 -0.18924022
v -0.02040096 0.03459417 -0.18924028
v -0.02095000 0.03459419 -0.18869124
v -0.02040096 0.03459412 -0.19074028
v -0.02020000 0.03309415 -0.18999023
v -0.02020000 0.03459415 -0.18999028
v -0.02025111 0.03304302 -0.19037846
v -0.02040096 0.03289316 -0.19074022
v -0.02063934 0.03265477 -0.19105088
v -0.02245000 0.03459411 -0.19128932
v -0.02170000 0.03309410 -0.19149023
v -0.02170000 0.03459410 -0.19149028
v -0.02208823 0.03304299 -0.19143912
v -0.02245000 0.03289314 -0.19128926
v -0.02276066 0.03265477 -0.19105088
v -0.02299904 0.03459417 -0.18924028
v -0.02320000 0.03309415 -0.18999023
v -0.02320000 0.03459415 -0.18999028
v -0.02314889 0.03304305 -0.18960200
v -0.02299904 0.03289321 -0.18924022
v -0.02276066 0.03265484 -0.18892956
v -0.02170000 0.03309419 -0.18849023
v -0.02170000 0.03459419 -0.18849028
v -0.02131177 0.03304308 -0.18854134
v -0.02095000 0.03289322 -0.18869119
v -0.02063934 0.03265484 -0.18892956
v -0.01670000 0.03084411 -0.19128920
v -0.01670000 0.03029508 -0.19074014
v -0.01670000 0.02859399 -0.19499009
v -0.01670000 0.03009415 -0.18999014
v -0.01670000 0.02859430 -0.18499009
v -0.01670000 0.03234419 -0.18869117
v -0.01670000 0.03289321 -0.18924022
v -0.01670000 0.03459430 -0.18499028
v -0.01670000 0.03309415 -0.18999023
v -0.01670000 0.03459399 -0.19499028
v -0.01670000 0.03029513 -0.18924014
v -0.01670000 0.03084419 -0.18869112
v -0.01670000 0.03159419 -0.18849018
v -0.01670000 0.03289316 -0.19074022
v -0.01670000 0.03234411 -0.19128925
v -0.01670000 0.03159410 -0.19149018
v -0.02299904 0.03029513 -0.18924014
v -0.02276066 0.03053352 -0.18892949
v -0.02245000 0.03029515 -0.18869111
v -0.02299904 0.02859412 -0.19074009
v -0.02245000 0.02859411 -0.19128913
v -0.02245000 0.03029507 -0.19128918
v -0.02314889 0.03014527 -0.18960191
v -0.02299904 0.02859417 -0.18924009
v -0.02320000 0.03009415 -0.18999014
v -0.02320000 0.02859415 -0.18999009
v -0.02314889 0.03014524 -0.19037837
v -0.02299904 0.03029508 -0.19074014
v -0.02276066 0.03053345 -0.19105081
v -0.02040096 0.03029508 -0.19074014
v -0.02063934 0.03053345 -0.19105081
v -0.02095000 0.03029507 -0.19128918
v -0.02025111 0.03014524 -0.19037837
v -0.02040096 0.02859412 -0.19074009
v -0.02095000 0.02859411 -0.19128913
v -0.02131177 0.03014521 -0.19143903
v -0.02170000 0.02859410 -0.19149009
v -0.02170000 0.03009410 -0.19149014
v -0.02208823 0.03014521 -0.19143903
v -0.02040096 0.02859417 -0.18924009
v -0.02095000 0.02859419 -0.18869105
v -0.02095000 0.03029515 -0.18869111
v -0.02020000 0.03009415 -0.18999014
v -0.02020000 0.02859415 -0.18999009
v -0.02025111 0.03014527 -0.18960191
v -0.02040096 0.03029513 -0.18924014
v -0.02063934 0.03053352 -0.18892949
v -0.02245000 0.02859419 -0.18869105
v -0.02208823 0.03014530 -0.18854125
v -0.02170000 0.02859419 -0.18849009
v -0.02170000 0.03009419 -0.18849014
v -0.02131177 0.03014530 -0.18854125
v -0.02299904 0.03084411 -0.19128920
v -0.02276066 0.03053345 -0.19105081
v -0.02245000 0.03029507 -0.19128918
v -0.02245000 0.03289314 -0.19128926
v -0.02276066 0.03265477 -0.19105088
v -0.02299904 0.03234411 -0.19128925
v -0.02314889 0.03120587 -0.19143906
v -0.02299904 0.03084399 -0.19499016
v -0.02320000 0.03159410 -0.19149018
v -0.02320000 0.03159399 -0.19499018
v -0.02314889 0.03198233 -0.19143909
v -0.02299904 0.03234399 -0.19499021
v -0.02245000 0.03289303 -0.19499022
v -0.02040096 0.03234411 -0.19128925
v -0.02063934 0.03265477 -0.19105088
v -0.02095000 0.03289314 -0.19128926
v -0.02025111 0.03198233 -0.19143909
v -0.02040096 0.03234399 -0.19499021
v -0.02095000 0.03289303 -0.19499022
v -0.02131177 0.03304299 -0.19143912
v -0.02170000 0.03309399 -0.19499023
v -0.02170000 0.03309410 -0.19149023
v -0.02208823 0.03304299 -0.19143912
v -0.02040096 0.03084399 -0.19499016
v -0.02095000 0.03029495 -0.19499014
v -0.02095000 0.03029507 -0.19128918
v -0.02020000 0.03159410 -0.19149018
v -0.02020000 0.03159399 -0.19499018
v -0.02025111 0.03120587 -0.19143906
v -0.02040096 0.03084411 -0.19128920
v -0.02063934 0.03053345 -0.19105081
v -0.02245000 0.03029495 -0.19499014
v -0.02208823 0.03014521 -0.19143903
v -0.02170000 0.03009399 -0.19499014
v -0.02170000 0.03009410 -0.19149014
v -0.02131177 0.03014521 -0.19143903
v -0.02040096 0.03084419 -0.18869112
v -0.02063934 0.03053352 -0.18892949
v -0.02095000 0.03029515 -0.18869111
v -0.02040096 0.03234430 -0.18499021
v -0.02095000 0.03289334 -0.18499023
v -0.02095000 0.03289322 -0.18869119
v -0.02025111 0.03120596 -0.18854128
v -0.02040096 0.03084430 -0.18499016
v -0.02020000 0.03159419 -0.18849018
v -0.02020000 0.03159430 -0.18499019
v -0.02025111 0.03198242 -0.18854131
v -0.02040096 0.03234419 -0.18869117
v -0.02063934 0.03265484 -0.18892956
v -0.02299904 0.03234419 -0.18869117
v -0.02276066 0.03265484 -0.18892956
v -0.02245000 0.03289322 -0.18869119
v -0.02314889 0.03198242 -0.18854131
v -0.02299904 0.03234430 -0.18499021
v -0.02245000 0.03289334 -0.18499023
v -0.02208823 0.03304308 -0.18854134
v -0.02170000 0.03309430 -0.18499023
v -0.02170000 0.03309419 -0.18849023
v -0.02131177 0.03304308 -0.18854134
v -0.02299904 0.03084430 -0.18499016
v -0.02245000 0.03029526 -0.18499015
v -0.02245000 0.03029515 -0.18869111
v -0.02320000 0.03159419 -0.18849018
v -0.02320000 0.03159430 -0.18499019
v -0.02314889 0.03120596 -0.18854128
v -0.02299904 0.03084419 -0.18869112
v -0.02276066 0.03053352 -0.18892949
v -0.02095000 0.03029526 -0.18499015
v -0.02131177 0.03014530 -0.18854125
v -0.02170000 0.03009430 -0.18499014
v -0.02170000 0.03009419 -0.18849014
v -0.02208823 0.03014530 -0.18854125
v -0.02040096 0.03234419 -0.18869117
v -0.02063934 0.03265484 -0.18892956
v -0.02040096 0.03289321 -0.18924022
v -0.01670000 0.03084419 -0.18869112
v -0.01670000 0.03029513 -0.18924014
v -0.02040096 0.03029513 -0.18924014
v -0.02025111 0.03198242 -0.18854131
v -0.01670000 0.03234419 -0.18869117
v -0.02020000 0.03159419 -0.18849018
v -0.01670000 0.03159419 -0.18849018
v -0.02025111 0.03120596 -0.18854128
v -0.02040096 0.03084419 -0.18869112
v -0.02063934 0.03053352 -0.18892949
v -0.02040096 0.03084411 -0.19128920
v -0.02063934 0.03053345 -0.19105081
v -0.02040096 0.03029508 -0.19074014
v -0.02025111 0.03120587 -0.19143906
v -0.01670000 0.03084411 -0.19128920
v -0.01670000 0.03029508 -0.19074014
v -0.02025111 0.03014524 -0.19037837
v -0.01670000 0.03009415 -0.18999014
v -0.02020000 0.03009415 -0.18999014
v -0.02025111 0.03014527 -0.18960191
v -0.01670000 0.03234411 -0.19128925
v -0.01670000 0.03289316 -0.19074022
v -0.02040096 0.03289316 -0.19074022
v -0.02020000 0.03159410 -0.19149018
v -0.01670000 0.03159410 -0.19149018
v -0.02025111 0.03198233 -0.19143909
v -0.02040096 0.03234411 -0.19128925
v -0.02063934 0.03265477 -0.19105088
v -0.01670000 0.03289321 -0.18924022
v -0.02025111 0.03304305 -0.18960200
v -0.01670000 0.03309415 -0.18999023
v -0.02020000 0.03309415 -0.18999023
v -0.02025111 0.03304302 -0.19037846
v -0.02314889 0.03198233 -0.19143909
v -0.02299904 0.03234411 -0.19128925
v -0.02670000 0.03234411 -0.19128925
v -0.02299904 0.03084419 -0.18869112
v -0.02276066 0.03053352 -0.18892949
v -0.02299904 0.03029513 -0.18924014
v -0.02299904 0.03289321 -0.18924022
v -0.02276066 0.03265484 -0.18892956
v -0.02299904 0.03234419 -0.18869117
v -0.02314889 0.03304305 -0.18960200
v -0.02670000 0.03289321 -0.18924022
v -0.02670000 0.03234419 -0.18869117
v -0.02314889 0.03198242 -0.18854131
v -0.02670000 0.03159419 -0.18849018
v -0.02320000 0.03159419 -0.18849018
v -0.02670000 0.03084419 -0.18869112
v -0.02314889 0.03120596 -0.18854128
v -0.02670000 0.03289316 -0.19074022
v -0.02320000 0.03309415 -0.18999023
v -0.02670000 0.03309415 -0.18999023
v -0.02314889 0.03304302 -0.19037846
v -0.02299904 0.03289316 -0.19074022
v -0.02276066 0.03265477 -0.19105088
v -0.02299904 0.03029508 -0.19074014
v -0.02276066 0.03053345 -0.19105081
v -0.02299904 0.03084411 -0.19128920
v -0.02320000 0.03159410 -0.19149018
v -0.02670000 0.03159410 -0.19149018
v -0.02314889 0.03120587 -0.19143906
v -0.02670000 0.03084411 -0.19128920
v -0.02670000 0.03029508 -0.19074014
v -0.02670000 0.03029513 -0.18924014
v -0.02314889 0.03014527 -0.18960191
v -0.02670000 0.03009415 -0.18999014
v -0.02320000 0.03009415 -0.18999014
v -0.02314889 0.03014524 -0.19037837
v -0.02320000 0.03459415 -0.18999028
v -0.02670000 0.03459399 -0.19499028
v -0.02299904 0.03459417 -0.18924028
v -0.02670000 0.03459430 -0.18499028
v -0.02245000 0.03459419 -0.18869124
v -0.02299904 0.03459412 -0.19074028
v -0.02245000 0.03459411 -0.19128932
v -0.01670000 0.03459399 -0.19499028
v -0.02170000 0.03459410 -0.19149028
v -0.02095000 0.03459411 -0.19128932
v -0.02040096 0.03459412 -0.19074028
v -0.01670000 0.03459430 -0.18499028
v -0.02020000 0.03459415 -0.18999028
v -0.02040096 0.03459417 -0.18924028
v -0.02095000 0.03459419 -0.18869124
v -0.02170000 0.03459419 -0.18849028
v -0.02299904 0.02859417 -0.18924009
v -0.02670000 0.02859430 -0.18499009
v -0.02320000 0.02859415 -0.18999009
v -0.02670000 0.02859399 -0.19499009
v -0.02299904 0.02859412 -0.19074009
v -0.02095000 0.02859419 -0.18869105
v -0.01670000 0.02859430 -0.18499009
v -0.02170000 0.02859419 -0.18849009
v -0.02245000 0.02859419 -0.18869105
v -0.02040096 0.02859417 -0.18924009
v -0.02020000 0.02859415 -0.18999009
v -0.01670000 0.02859399 -0.19499009
v -0.02040096 0.02859412 -0.19074009
v -0.02095000 0.02859411 -0.19128913
v -0.02170000 0.02859410 -0.19149009
v -0.02245000 0.02859411 -0.19128913
v -0.02040096 0.03084430 -0.18499016
v -0.02095000 0.03029526 -0.18499015
v -0.01670000 0.02859430 -0.18499009
v -0.02170000 0.03009430 -0.18499014
v -0.02670000 0.02859430 -0.18499009
v -0.02299904 0.03234430 -0.18499021
v -0.02245000 0.03289334 -0.18499023
v -0.02670000 0.03459430 -0.18499028
v -0.02170000 0.03309430 -0.18499023
v -0.01670000 0.03459430 -0.18499028
v -0.02245000 0.03029526 -0.18499015
v -0.02299904 0.03084430 -0.18499016
v -0.02320000 0.03159430 -0.18499019
v -0.02095000 0.03289334 -0.18499023
v -0.02040096 0.03234430 -0.18499021
v -0.02020000 0.03159430 -0.18499019
v -0.02670000 0.03084419 -0.18869112
v -0.02670000 0.02859430 -0.18499009
v -0.02670000 0.03159419 -0.18849018
v -0.02670000 0.03459430 -0.18499028
v -0.02670000 0.03234419 -0.18869117
v -0.02670000 0.03029508 -0.19074014
v -0.02670000 0.02859399 -0.19499009
v -0.02670000 0.03009415 -0.18999014
v -0.02670000 0.03029513 -0.18924014
v -0.02670000 0.03234411 -0.19128925
v -0.02670000 0.03459399 -0.19499028
v -0.02670000 0.03159410 -0.19149018
v -0.02670000 0.03084411 -0.19128920
v -0.02670000 0.03289316 -0.19074022
v -0.02670000 0.03309415 -0.18999023
v -0.02670000 0.03289321 -0.18924022
v -0.02299904 0.03084399 -0.19499016
v -0.02670000 0.02859399 -0.19499009
v -0.02320000 0.03159399 -0.19499018
v -0.02670000 0.03459399 -0.19499028
v -0.02299904 0.03234399 -0.19499021
v -0.02095000 0.03029495 -0.19499014
v -0.01670000 0.02859399 -0.19499009
v -0.02170000 0.03009399 -0.19499014
v -0.02245000 0.03029495 -0.19499014
v -0.02040096 0.03234399 -0.19499021
v -0.01670000 0.03459399 -0.19499028
v -0.02020000 0.03159399 -0.19499018
v -0.02040096 0.03084399 -0.19499016
v -0.02095000 0.03289303 -0.19499022
v -0.02170000 0.03309399 -0.19499023
v -0.02245000 0.03289303 -0.19499022
f 1 2 3
f 2 4 3
f 5 6 7
f 6 8 7
f 9 10 11
f 10 12 11
f 13 14 15
f 14 16 15
f 17 18 19
f 18 20 19
f 21 22 23
f 22 24 23
f 25 26 27
f 26 28 27
f 29 30 25
f 31 32 33
f 32 27 33
f 33 27 34
f 27 28 34
f 30 35 25
f 35 36 25
f 25 36 26
f 31 37 32
f 37 38 32
f 32 38 39
f 39 40 41
f 38 42 39
f 42 43 39
f 39 43 40
f 43 44 40
f 41 45 39
f 45 46 39
f 39 46 25
f 46 47 25
f 25 47 29
f 30 48 35
f 48 49 35
f 35 49 50
f 49 51 50
f 50 51 43
f 51 52 43
f 43 52 44
f 53 54 55
f 54 56 55
f 57 58 59
f 60 61 62
f 60 62 63
f 62 64 63
f 63 64 65
f 61 60 66
f 60 67 66
f 66 67 68
f 65 69 63
f 69 70 63
f 63 70 59
f 70 71 59
f 59 71 57
f 59 72 67
f 72 73 67
f 67 73 74
f 74 75 67
f 75 76 67
f 67 76 68
f 76 77 68
f 68 77 78
f 77 79 78
f 78 79 58
f 79 80 58
f 58 80 81
f 81 82 58
f 82 83 58
f 58 83 59
f 83 84 59
f 59 84 72
f 85 86 87
f 88 89 90
f 89 91 90
f 90 91 92
f 92 93 90
f 93 94 90
f 90 94 95
f 96 97 98
f 97 99 98
f 98 99 88
f 99 100 88
f 88 100 89
f 101 102 98
f 102 103 98
f 98 103 96
f 104 105 95
f 105 106 95
f 95 106 98
f 106 107 98
f 98 107 101
f 94 108 95
f 108 109 95
f 95 109 104
f 109 110 104
f 103 111 96
f 111 112 96
f 96 112 113
f 112 114 113
f 113 114 109
f 114 115 109
f 109 115 110
f 116 117 118
f 119 120 121
f 122 123 124
f 125 126 127
f 128 129 130
f 129 121 130
f 130 121 126
f 121 120 126
f 120 131 126
f 126 131 127
f 124 123 121
f 123 132 121
f 121 132 119
f 128 133 129
f 133 134 129
f 129 134 135
f 134 136 135
f 137 124 138
f 124 135 138
f 138 135 139
f 135 136 139
f 125 127 140
f 127 141 140
f 140 141 142
f 141 143 142
f 143 144 142
f 142 144 137
f 144 145 137
f 137 145 124
f 145 146 124
f 124 146 122
f 147 148 149
f 150 151 152
f 151 153 152
f 152 153 154
f 153 155 154
f 154 155 156
f 155 157 156
f 156 157 158
f 157 159 158
f 158 159 160
f 159 161 160
f 160 161 162
f 161 163 162
f 162 163 164
f 163 165 164
f 164 165 166
f 165 167 166
f 166 167 168
f 167 169 168
f 168 169 170
f 169 171 170
f 170 171 172
f 171 173 172
f 172 173 150
f 173 151 150
f 174 175 176
f 177 178 179
f 178 180 179
f 179 180 181
f 180 182 181
f 181 182 183
f 182 184 183
f 183 184 185
f 184 186 185
f 185 186 187
f 186 188 187
f 187 188 189
f 188 190 189
f 189 190 191
f 190 192 191
f 191 192 193
f 192 194 193
f 193 194 195
f 194 196 195
f 195 196 197
f 196 198 197
f 197 198 199
f 198 200 199
f 199 200 177
f 200 178 177
f 201 202 203
f 202 204 203
f 205 206 207
f 206 208 207
f 207 208 209
f 208 210 209
f 209 210 211
f 210 212 211
f 211 212 213
f 212 214 213
f 213 214 215
f 214 216 215
f 215 216 217
f 216 218 217
f 217 218 219
f 218 220 219
f 219 220 221
f 220 222 221
f 221 222 223
f 222 224 223
f 223 224 225
f 224 226 225
f 225 226 227
f 226 228 227
f 227 228 205
f 228 206 205
f 229 230 231
f 230 232 231
f 233 234 235
f 234 236 235
f 235 236 237
f 236 238 237
f 237 238 239
f 238 240 239
f 239 240 241
f 240 242 241
f 241 242 243
f 242 244 243
f 243 244 245
f 244 246 245
f 245 246 247
f 246 248 247
f 247 248 249
f 248 250 249
f 249 250 251
f 250 252 251
f 251 252 253
f 252 254 253
f 253 254 255
f 254 256 255
f 255 256 233
f 256 234 233
f 257 258 259
f 258 260 259
f 261 262 263
f 262 264 263
f 265 266 267
f 266 268 267
f 269 270 271
f 272 273 274
f 275 276 277
f 278 279 280
f 281 282 283
f 282 284 283
f 285 286 287
f 286 288 287
f 289 290 291
f 290 292 291
f 293 294 295
f 294 296 295
f 297 298 299
f 298 300 299
f 301 302 303
f 302 304 303
f 305 306 307
f 306 308 307
f 309 310 311
f 310 312 311
f 313 314 315
f 314 316 315
f 317 318 313
f 319 320 321
f 320 315 321
f 321 315 322
f 315 316 322
f 318 323 313
f 323 324 313
f 313 324 314
f 319 325 320
f 325 326 320
f 320 326 327
f 327 328 329
f 326 330 327
f 330 331 327
f 327 331 328
f 331 332 328
f 329 333 327
f 333 334 327
f 327 334 313
f 334 335 313
f 313 335 317
f 318 336 323
f 336 337 323
f 323 337 338
f 337 339 338
f 338 339 331
f 339 340 331
f 331 340 332
f 341 342 343
f 342 344 343
f 345 346 347
f 348 349 350
f 348 350 351
f 350 352 351
f 351 352 353
f 349 348 354
f 348 355 354
f 354 355 356
f 353 357 351
f 357 358 351
f 351 358 347
f 358 359 347
f 347 359 345
f 347 360 355
f 360 361 355
f 355 361 362
f 362 363 355
f 363 364 355
f 355 364 356
f 364 365 356
f 356 365 366
f 365 367 366
f 366 367 346
f 367 368 346
f 346 368 369
f 369 370 346
f 370 371 346
f 346 371 347
f 371 372 347
f 347 372 360
f 373 374 375
f 376 377 378
f 377 379 378
f 378 379 380
f 380 381 378
f 381 382 378
f 378 382 383
f 384 385 386
f 385 387 386
f 386 387 376
f 387 388 376
f 376 388 377
f 389 390 386
f 390 391 386
f 386 391 384
f 392 393 383
f 393 394 383
f 383 394 386
f 394 395 386
f 386 395 389
f 382 396 383
f 396 397 383
f 383 397 392
f 397 398 392
f 391 399 384
f 399 400 384
f 384 400 401
f 400 402 401
f 401 402 397
f 402 403 397
f 397 403 398
f 404 405 406
f 407 408 409
f 410 411 412
f 413 414 415
f 416 417 418
f 417 409 418
f 418 409 414
f 409 408 414
f 408 419 414
f 414 419 415
f 412 411 409
f 411 420 409
f 409 420 407
f 416 421 417
f 421 422 417
f 417 422 423
f 422 424 423
f 425 412 426
f 412 423 426
f 426 423 427
f 423 424 427
f 413 415 428
f 415 429 428
f 428 429 430
f 429 431 430
f 431 432 430
f 430 432 425
f 432 433 425
f 425 433 412
f 433 434 412
f 412 434 410
f 435 436 437
f 438 439 440
f 439 441 440
f 440 441 442
f 441 443 442
f 442 443 444
f 443 445 444
f 444 445 446
f 445 447 446
f 446 447 448
f 447 449 448
f 448 449 450
f 449 451 450
f 450 451 452
f 451 453 452
f 452 453 454
f 453 455 454
f 454 455 456
f 455 457 456
f 456 457 458
f 457 459 458
f 458 459 460
f 459 461 460
f 460 461 438
f 461 439 438
f 462 463 464
f 465 466 467
f 466 468 467
f 467 468 469
f 468 470 469
f 469 470 471
f 470 472 471
f 471 472 473
f 472 474 473
f 473 474 475
f 474 476 475
f 475 476 477
f 476 478 477
f 477 478 479
f 478 480 479
f 479 480 481
f 480 482 481
f 481 482 483
f 482 484 483
f 483 484 485
f 484 486 485
f 485 486 487
f 486 488 487
f 487 488 465
f 488 466 465
f 489 490 491
f 490 492 491
f 493 494 495
f 494 496 495
f 495 496 497
f 496 498 497
f 497 498 499
f 498 500 499
f 499 500 501
f 500 502 501
f 501 502 503
f 502 504 503
f 503 504 505
f 504 506 505
f 505 506 507
f 506 508 507
f 507 508 509
f 508 510 509
f 509 510 511
f 510 512 511
f 511 512 513
f 512 514 513
f 513 514 515
f 514 516 515
f 515 516 493
f 516 494 493
f 517 518 519
f 518 520 519
f 521 522 523
f 522 524 523
f 523 524 525
f 524 526 525
f 525 526 527
f 526 528 527
f 527 528 529
f 528 530 529
f 529 530 531
f 530 532 531
f 531 532 533
f 532 534 533
f 533 534 535
f 534 536 535
f 535 536 537
f 536 538 537
f 537 538 539
f 538 540 539
f 539 540 541
f 540 542 541
f 541 542 543
f 542 544 543
f 543 544 521
f 544 522 521
f 545 546 547
f 546 548 547
f 549 550 551
f 550 552 551
f 553 554 555
f 554 556 555
f 557 558 559
f 560 561 562
f 563 564 565
f 566 567 568
f 569 570 571
f 570 572 571
f 573 574 575
f 574 576 575
f 577 578 579
f 580 581 582
f 583 584 585
f 586 587 588
f 588 587 589
f 585 584 590
f 586 588 591
f 588 592 591
f 591 592 593
f 592 590 593
f 593 590 594
f 590 584 594
f 594 584 595
f 582 581 596
f 583 585 597
f 585 598 597
f 597 598 599
f 598 596 599
f 599 596 600
f 596 581 600
f 600 581 601
f 579 578 602
f 580 582 603
f 582 604 603
f 603 604 605
f 604 602 605
f 605 602 606
f 602 578 606
f 606 578 607
f 577 579 608
f 579 609 608
f 608 609 610
f 609 589 610
f 610 589 611
f 589 587 611
f 611 587 612
f 613 614 615
f 614 616 615
f 615 616 617
f 618 619 620
f 619 621 620
f 620 621 622
f 616 623 617
f 623 624 617
f 617 624 620
f 624 625 620
f 620 625 618
f 621 626 622
f 626 627 622
f 622 627 615
f 627 628 615
f 615 628 613
f 629 630 631
f 632 633 634
f 635 636 637
f 636 638 637
f 637 638 639
f 638 632 639
f 639 632 640
f 632 634 640
f 640 634 641
f 642 643 644
f 645 642 646
f 642 644 646
f 646 644 647
f 644 648 647
f 647 648 649
f 648 650 649
f 649 650 633
f 650 651 633
f 633 651 634
f 652 653 654
f 645 646 655
f 646 656 655
f 655 656 657
f 656 652 657
f 657 652 658
f 652 654 658
f 658 654 659
f 635 629 636
f 629 631 636
f 636 631 660
f 631 661 660
f 660 661 662
f 661 663 662
f 662 663 653
f 663 664 653
f 653 664 654
f 665 666 667
f 668 669 670
f 671 672 673
f 672 674 673
f 673 674 675
f 674 676 675
f 675 676 670
f 676 677 670
f 670 677 668
f 678 679 680
f 681 678 682
f 678 680 682
f 682 680 683
f 680 684 683
f 683 684 685
f 684 686 685
f 685 686 677
f 686 687 677
f 677 687 668
f 688 689 690
f 681 682 691
f 682 692 691
f 691 692 693
f 692 688 693
f 693 688 694
f 688 690 694
f 694 690 695
f 671 665 672
f 665 667 672
f 672 667 696
f 667 697 696
f 696 697 698
f 697 699 698
f 698 699 689
f 699 700 689
f 689 700 690
f 701 702 703
f 704 705 706
f 707 708 709
f 708 710 709
f 709 710 711
f 710 704 711
f 711 704 712
f 704 706 712
f 712 706 713
f 714 715 716
f 717 714 718
f 714 716 718
f 718 716 719
f 716 720 719
f 719 720 721
f 720 722 721
f 721 722 705
f 722 723 705
f 705 723 706
f 724 725 726
f 717 718 727
f 718 728 727
f 727 728 729
f 728 724 729
f 729 724 730
f 724 726 730
f 730 726 731
f 707 701 708
f 701 703 708
f 708 703 732
f 703 733 732
f 732 733 734
f 733 735 734
f 734 735 725
f 735 736 725
f 725 736 726
f 737 738 739
f 740 741 742
f 743 744 745
f 744 746 745
f 745 746 747
f 746 740 747
f 747 740 748
f 740 742 748
f 748 742 749
f 750 751 752
f 753 750 754
f 750 752 754
f 754 752 755
f 752 756 755
f 755 756 757
f 756 758 757
f 757 758 741
f 758 759 741
f 741 759 742
f 760 761 762
f 753 754 763
f 754 764 763
f 763 764 765
f 764 760 765
f 765 760 766
f 760 762 766
f 766 762 767
f 743 737 744
f 737 739 744
f 744 739 768
f 739 769 768
f 768 769 770
f 769 771 770
f 770 771 761
f 771 772 761
f 761 772 762
f 773 774 775
f 776 777 778
f 779 780 781
f 782 779 783
f 779 781 783
f 783 781 784
f 781 785 784
f 784 785 786
f 785 787 786
f 786 787 788
f 787 789 788
f 775 774 790
f 782 783 791
f 783 792 791
f 791 792 793
f 792 790 793
f 793 790 794
f 790 774 794
f 794 774 795
f 796 797 798
f 773 775 799
f 775 800 799
f 799 800 801
f 800 802 801
f 801 802 798
f 802 803 798
f 798 803 796
f 789 776 788
f 776 778 788
f 788 778 804
f 778 805 804
f 804 805 806
f 805 807 806
f 806 807 803
f 807 808 803
f 803 808 796
f 809 810 811
f 810 812 811
f 811 812 813
f 809 814 810
f 814 815 810
f 810 815 816
f 815 817 816
f 817 818 816
f 818 819 816
f 816 819 820
f 819 821 820
f 821 822 820
f 822 823 820
f 820 823 812
f 823 824 812
f 812 824 813
f 825 826 827
f 826 828 827
f 827 828 829
f 830 831 832
f 831 826 832
f 832 826 833
f 826 825 833
f 830 834 831
f 834 835 831
f 831 835 836
f 835 837 836
f 837 838 836
f 838 839 836
f 836 839 828
f 839 840 828
f 828 840 829
f 841 842 843
f 842 844 843
f 843 844 845
f 846 847 848
f 847 849 848
f 848 849 850
f 844 851 845
f 851 852 845
f 845 852 848
f 852 853 848
f 848 853 846
f 849 854 850
f 854 855 850
f 850 855 843
f 855 856 843
f 843 856 841
f 857 858 859
f 858 860 859
f 859 860 861
f 862 863 864
f 863 858 864
f 864 858 865
f 858 857 865
f 866 867 868
f 867 863 868
f 868 863 869
f 863 862 869
f 866 870 867
f 870 871 867
f 867 871 860
f 871 872 860
f 860 872 861
f 873 874 875
f 874 876 875
f 875 876 877
f 878 879 880
f 879 874 880
f 880 874 881
f 874 873 881
f 882 883 884
f 883 879 884
f 884 879 885
f 879 878 885
f 882 886 883
f 886 887 883
f 883 887 876
f 887 888 876
f 876 888 877
f 889 890 891
f 890 892 891
f 893 894 895
f 894 896 895
f 897 898 899
f 898 900 899
f 901 902 903
f 902 904 903
f 905 906 907
f 906 908 907
f 909 910 911
f 910 912 911
f 913 914 915
f 914 916 915
f 917 918 913
f 919 920 921
f 920 915 921
f 921 915 922
f 915 916 922
f 918 923 913
f 923 924 913
f 913 924 914
f 919 925 920
f 925 926 920
f 920 926 927
f 927 928 929
f 926 930 927
f 930 931 927
f 927 931 928
f 931 932 928
f 929 933 927
f 933 934 927
f 927 934 913
f 934 935 913
f 913 935 917
f 918 936 923
f 936 937 923
f 923 937 938
f 937 939 938
f 938 939 931
f 939 940 931
f 931 940 932
f 941 942 943
f 942 944 943
f 945 946 947
f 948 949 950
f 948 950 951
f 950 952 951
f 951 952 953
f 949 948 954
f 948 955 954
f 954 955 956
f 953 957 951
f 957 958 951
f 951 958 947
f 958 959 947
f 947 959 945
f 947 960 955
f 960 961 955
f 955 961 962
f 962 963 955
f 963 964 955
f 955 964 956
f 964 965 956
f 956 965 966
f 965 967 966
f 966 967 946
f 967 968 946
f 946 968 969
f 969 970 946
f 970 971 946
f 946 971 947
f 971 972 947
f 947 972 960
f 973 974 975
f 976 977 978
f 977 979 978
f 978 979 980
f 980 981 978
f 981 982 978
f 978 982 983
f 984 985 986
f 985 987 986
f 986 987 976
f 987 988 976
f 976 988 977
f 989 990 986
f 990 991 986
f 986 991 984
f 992 993 983
f 993 994 983
f 983 994 986
f 994 995 986
f 986 995 989
f 982 996 983
f 996 997 983
f 983 997 992
f 997 998 992
f 991 999 984
f 999 1000 984
f 984 1000 1001
f 1000 1002 1001
f 1001 1002 997
f 1002 1003 997
f 997 1003 998
f 1004 1005 1006
f 1007 1008 1009
f 1010 1011 1012
f 1013 1014 1015
f 1016 1017 1018
f 1017 1009 1018
f 1018 1009 1014
f 1009 1008 1014
f 1008 1019 1014
f 1014 1019 1015
f 1012 1011 1009
f 1011 1020 1009
f 1009 1020 1007
f 1016 1021 1017
f 1021 1022 1017
f 1017 1022 1023
f 1022 1024 1023
f 1025 1012 1026
f 1012 1023 1026
f 1026 1023 1027
f 1023 1024 1027
f 1013 1015 1028
f 1015 1029 1028
f 1028 1029 1030
f 1029 1031 1030
f 1031 1032 1030
f 1030 1032 1025
f 1032 1033 1025
f 1025 1033 1012
f 1033 1034 1012
f 1012 1034 1010
f 1035 1036 1037
f 1038 1039 1040
f 1039 1041 1040
f 1040 1041 1042
f 1041 1043 1042
f 1042 1043 1044
f 1043 1045 1044
f 1044 1045 1046
f 1045 1047 1046
f 1046 1047 1048
f 1047 1049 1048
f 1048 1049 1050
f 1049 1051 1050
f 1050 1051 1052
f 1051 1053 1052
f 1052 1053 1054
f 1053 1055 1054
f 1054 1055 1056
f 1055 1057 1056
f 1056 1057 1058
f 1057 1059 1058
f 1058 1059 1060
f 1059 1061 1060
f 1060 1061 1038
f 1061 1039 1038
f 1062 1063 1064
f 1065 1066 1067
f 1066 1068 1067
f 1067 1068 1069
f 1068 1070 1069
f 1069 1070 1071
f 1070 1072 1071
f 1071 1072 1073
f 1072 1074 1073
f 1073 1074 1075
f 1074 1076 1075
f 1075 1076 1077
f 1076 1078 1077
f 1077 1078 1079
f 1078 1080 1079
f 1079 1080 1081
f 1080 1082 1081
f 1081 1082 1083
f 1082 1084 1083
f 1083 1084 1085
f 1084 1086 1085
f 1085 1086 1087
f 1086 1088 1087
f 1087 1088 1065
f 1088 1066 1065
f 1089 1090 1091
f 1090 1092 1091
f 1093 1094 1095
f 1094 1096 1095
f 1095 1096 1097
f 1096 1098 1097
f 1097 1098 1099
f 1098 1100 1099
f 1099 1100 1101
f 1100 1102 1101
f 1101 1102 1103
f 1102 1104 1103
f 1103 1104 1105
f 1104 1106 1105
f 1105 1106 1107
f 1106 1108 1107
f 1107 1108 1109
f 1108 1110 1109
f 1109 1110 1111
f 1110 1112 1111
f 1111 1112 1113
f 1112 1114 1113
f 1113 1114 1115
f 1114 1116 1115
f 1115 1116 1093
f 1116 1094 1093
f 1117 1118 1119
f 1118 1120 1119
f 1121 1122 1123
f 1122 1124 1123
f 1123 1124 1125
f 1124 1126 1125
f 1125 1126 1127
f 1126 1128 1127
f 1127 1128 1129
f 1128 1130 1129
f 1129 1130 1131
f 1130 1132 1131
f 1131 1132 1133
f 1132 1134 1133
f 1133 1134 1135
f 1134 1136 1135
f 1135 1136 1137
f 1136 1138 1137
f 1137 1138 1139
f 1138 1140 1139
f 1139 1140 1141
f 1140 1142 1141
f 1141 1142 1143
f 1142 1144 1143
f 1143 1144 1121
f 1144 1122 1121
f 1145 1146 1147
f 1146 1148 1147
f 1149 1150 1151
f 1150 1152 1151
f 1153 1154 1155
f 1154 1156 1155
f 1157 1158 1159
f 1160 1161 1162
f 1163 1164 1165
f 1166 1167 1168
f 1169 1170 1171
f 1170 1172 1171
f 1173 1174 1175
f 1174 1176 1175
f 1177 1178 1179
f 1178 1180 1179
f 1181 1182 1183
f 1182 1184 1183
f 1185 1186 1187
f 1186 1188 1187
f 1189 1190 1191
f 1190 1192 1191
f 1193 1194 1195
f 1194 1196 1195
f 1197 1198 1199
f 1198 1200 1199
f 1201 1202 1203
f 1202 1204 1203
f 1205 1206 1201
f 1207 1208 1209
f 1208 1203 1209
f 1209 1203 1210
f 1203 1204 1210
f 1206 1211 1201
f 1211 1212 1201
f 1201 1212 1202
f 1207 1213 1208
f 1213 1214 1208
f 1208 1214 1215
f 1215 1216 1217
f 1214 1218 1215
f 1218 1219 1215
f 1215 1219 1216
f 1219 1220 1216
f 1217 1221 1215
f 1221 1222 1215
f 1215 1222 1201
f 1222 1223 1201
f 1201 1223 1205
f 1206 1224 1211
f 1224 1225 1211
f 1211 1225 1226
f 1225 1227 1226
f 1226 1227 1219
f 1227 1228 1219
f 1219 1228 1220
f 1229 1230 1231
f 1230 1232 1231
f 1233 1234 1235
f 1236 1237 1238
f 1236 1238 1239
f 1238 1240 1239
f 1239 1240 1241
f 1237 1236 1242
f 1236 1243 1242
f 1242 1243 1244
f 1241 1245 1239
f 1245 1246 1239
f 1239 1246 1235
f 1246 1247 1235
f 1235 1247 1233
f 1235 1248 1243
f 1248 1249 1243
f 1243 1249 1250
f 1250 1251 1243
f 1251 1252 1243
f 1243 1252 1244
f 1252 1253 1244
f 1244 1253 1254
f 1253 1255 1254
f 1254 1255 1234
f 1255 1256 1234
f 1234 1256 1257
f 1257 1258 1234
f 1258 1259 1234
f 1234 1259 1235
f 1259 1260 1235
f 1235 1260 1248
f 1261 1262 1263
f 1264 1265 1266
f 1265 1267 1266
f 1266 1267 1268
f 1268 1269 1266
f 1269 1270 1266
f 1266 1270 1271
f 1272 1273 1274
f 1273 1275 1274
f 1274 1275 1264
f 1275 1276 1264
f 1264 1276 1265
f 1277 1278 1274
f 1278 1279 1274
f 1274 1279 1272
f 1280 1281 1271
f 1281 1282 1271
f 1271 1282 1274
f 1282 1283 1274
f 1274 1283 1277
f 1270 1284 1271
f 1284 1285 1271
f 1271 1285 1280
f 1285 1286 1280
f 1279 1287 1272
f 1287 1288 1272
f 1272 1288 1289
f 1288 1290 1289
f 1289 1290 1285
f 1290 1291 1285
f 1285 1291 1286
f 1292 1293 1294
f 1295 1296 1297
f 1298 1299 1300
f 1301 1302 1303
f 1304 1305 1306
f 1305 1297 1306
f 1306 1297 1302
f 1297 1296 1302
f 1296 1307 1302
f 1302 1307 1303
f 1300 1299 1297
f 1299 1308 1297
f 1297 1308 1295
f 1304 1309 1305
f 1309 1310 1305
f 1305 1310 1311
f 1310 1312 1311
f 1313 1300 1314
f 1300 1311 1314
f 1314 1311 1315
f 1311 1312 1315
f 1301 1303 1316
f 1303 1317 1316
f 1316 1317 1318
f 1317 1319 1318
f 1319 1320 1318
f 1318 1320 1313
f 1320 1321 1313
f 1313 1321 1300
f 1321 1322 1300
f 1300 1322 1298
f 1323 1324 1325
f 1326 1327 1328
f 1327 1329 1328
f 1328 1329 1330
f 1329 1331 1330
f 1330 1331 1332
f 1331 1333 1332
f 1332 1333 1334
f 1333 1335 1334
f 1334 1335 1336
f 1335 1337 1336
f 1336 1337 1338
f 1337 1339 1338
f 1338 1339 1340
f 1339 1341 1340
f 1340 1341 1342
f 1341 1343 1342
f 1342 1343 1344
f 1343 1345 1344
f 1344 1345 1346
f 1345 1347 1346
f 1346 1347 1348
f 1347 1349 1348
f 1348 1349 1326
f 1349 1327 1326
f 1350 1351 1352
f 1353 1354 1355
f 1354 1356 1355
f 1355 1356 1357
f 1356 1358 1357
f 1357 1358 1359
f 1358 1360 1359
f 1359 1360 1361
f 1360 1362 1361
f 1361 1362 1363
f 1362 1364 1363
f 1363 1364 1365
f 1364 1366 1365
f 1365 1366 1367
f 1366 1368 1367
f 1367 1368 1369
f 1368 1370 1369
f 1369 1370 1371
f 1370 1372 1371
f 1371 1372 1373
f 1372 1374 1373
f 1373 1374 1375
f 1374 1376 1375
f 1375 1376 1353
f 1376 1354 1353
f 1377 1378 1379
f 1378 1380 1379
f 1381 1382 1383
f 1382 1384 1383
f 1383 1384 1385
f 1384 1386 1385
f 1385 1386 1387
f 1386 1388 1387
f 1387 1388 1389
f 1388 1390 1389
f 1389 1390 1391
f 1390 1392 1391
f 1391 1392 1393
f 1392 1394 1393
f 1393 1394 1395
f 1394 1396 1395
f 1395 1396 1397
f 1396 1398 1397
f 1397 1398 1399
f 1398 1400 1399
f 1399 1400 1401
f 1400 1402 1401
f 1401 1402 1403
f 1402 1404 1403
f 1403 1404 1381
f 1404 1382 1381
f 1405 1406 1407
f 1406 1408 1407
f 1409 1410 1411
f 1410 1412 1411
f 1411 1412 1413
f 1412 1414 1413
f 1413 1414 1415
f 1414 1416 1415
f 1415 1416 1417
f 1416 1418 1417
f 1417 1418 1419
f 1418 1420 1419
f 1419 1420 1421
f 1420 1422 1421
f 1421 1422 1423
f 1422 1424 1423
f 1423 1424 1425
f 1424 1426 1425
f 1425 1426 1427
f 1426 1428 1427
f 1427 1428 1429
f 1428 1430 1429
f 1429 1430 1431
f 1430 1432 1431
f 1431 1432 1409
f 1432 1410 1409
f 1433 1434 1435
f 1434 1436 1435
f 1437 1438 1439
f 1438 1440 1439
f 1441 1442 1443
f 1442 1444 1443
f 1445 1446 1447
f 1448 1449 1450
f 1451 1452 1453
f 1454 1455 1456
f 1457 1458 1459
f 1458 1460 1459
f 1461 1462 1463
f 1462 1464 1463
f 1465 1466 1467
f 1466 1468 1467
f 1469 1470 1471
f 1470 1472 1471
f 1473 1474 1475
f 1474 1476 1475
f 1477 1478 1479
f 1478 1480 1479
f 1481 1482 1483
f 1482 1484 1483
f 1485 1486 1487
f 1486 1488 1487
f 1489 1490 1491
f 1490 1492 1491
f 1493 1494 1489
f 1495 1496 1497
f 1496 1491 1497
f 1497 1491 1498
f 1491 1492 1498
f 1494 1499 1489
f 1499 1500 1489
f 1489 1500 1490
f 1495 1501 1496
f 1501 1502 1496
f 1496 1502 1503
f 1503 1504 1505
f 1502 1506 1503
f 1506 1507 1503
f 1503 1507 1504
f 1507 1508 1504
f 1505 1509 1503
f 1509 1510 1503
f 1503 1510 1489
f 1510 1511 1489
f 1489 1511 1493
f 1494 1512 1499
f 1512 1513 1499
f 1499 1513 1514
f 1513 1515 1514
f 1514 1515 1507
f 1515 1516 1507
f 1507 1516 1508
f 1517 1518 1519
f 1518 1520 1519
f 1521 1522 1523
f 1524 1525 1526
f 1524 1526 1527
f 1526 1528 1527
f 1527 1528 1529
f 1525 1524 1530
f 1524 1531 1530
f 1530 1531 1532
f 1529 1533 1527
f 1533 1534 1527
f 1527 1534 1523
f 1534 1535 1523
f 1523 1535 1521
f 1523 1536 1531
f 1536 1537 1531
f 1531 1537 1538
f 1538 1539 1531
f 1539 1540 1531
f 1531 1540 1532
f 1540 1541 1532
f 1532 1541 1542
f 1541 1543 1542
f 1542 1543 1522
f 1543 1544 1522
f 1522 1544 1545
f 1545 1546 1522
f 1546 1547 1522
f 1522 1547 1523
f 1547 1548 1523
f 1523 1548 1536
f 1549 1550 1551
f 1552 1553 1554
f 1553 1555 1554
f 1554 1555 1556
f 1556 1557 1554
f 1557 1558 1554
f 1554 1558 1559
f 1560 1561 1562
f 1561 1563 1562
f 1562 1563 1552
f 1563 1564 1552
f 1552 1564 1553
f 1565 1566 1562
f 1566 1567 1562
f 1562 1567 1560
f 1568 1569 1559
f 1569 1570 1559
f 1559 1570 1562
f 1570 1571 1562
f 1562 1571 1565
f 1558 1572 1559
f 1572 1573 1559
f 1559 1573 1568
f 1573 1574 1568
f 1567 1575 1560
f 1575 1576 1560
f 1560 1576 1577
f 1576 1578 1577
f 1577 1578 1573
f 1578 1579 1573
f 1573 1579 1574
f 1580 1581 1582
f 1583 1584 1585
f 1586 1587 1588
f 1589 1590 1591
f 1592 1593 1594
f 1593 1585 1594
f 1594 1585 1590
f 1585 1584 1590
f 1584 1595 1590
f 1590 1595 1591
f 1588 1587 1585
f 1587 1596 1585
f 1585 1596 1583
f 1592 1597 1593
f 1597 1598 1593
f 1593 1598 1599
f 1598 1600 1599
f 1601 1588 1602
f 1588 1599 1602
f 1602 1599 1603
f 1599 1600 1603
f 1589 1591 1604
f 1591 1605 1604
f 1604 1605 1606
f 1605 1607 1606
f 1607 1608 1606
f 1606 1608 1601
f 1608 1609 1601
f 1601 1609 1588
f 1609 1610 1588
f 1588 1610 1586
f 1611 1612 1613
f 1614 1615 1616
f 1615 1617 1616
f 1616 1617 1618
f 1617 1619 1618
f 1618 1619 1620
f 1619 1621 1620
f 1620 1621 1622
f 1621 1623 1622
f 1622 1623 1624
f 1623 1625 1624
f 1624 1625 1626
f 1625 1627 1626
f 1626 1627 1628
f 1627 1629 1628
f 1628 1629 1630
f 1629 1631 1630
f 1630 1631 1632
f 1631 1633 1632
f 1632 1633 1634
f 1633 1635 1634
f 1634 1635 1636
f 1635 1637 1636
f 1636 1637 1614
f 1637 1615 1614
f 1638 1639 1640
f 1641 1642 1643
f 1642 1644 1643
f 1643 1644 1645
f 1644 1646 1645
f 1645 1646 1647
f 1646 1648 1647
f 1647 1648 1649
f 1648 1650 1649
f 1649 1650 1651
f 1650 1652 1651
f 1651 1652 1653
f 1652 1654 1653
f 1653 1654 1655
f 1654 1656 1655
f 1655 1656 1657
f 1656 1658 1657
f 1657 1658 1659
f 1658 1660 1659
f 1659 1660 1661
f 1660 1662 1661
f 1661 1662 1663
f 1662 1664 1663
f 1663 1664 1641
f 1664 1642 1641
f 1665 1666 1667
f 1666 1668 1667
f 1669 1670 1671
f 1670 1672 1671
f 1671 1672 1673
f 1672 1674 1673
f 1673 1674 1675
f 1674 1676 1675
f 1675 1676 1677
f 1676 1678 1677
f 1677 1678 1679
f 1678 1680 1679
f 1679 1680 1681
f 1680 1682 1681
f 1681 1682 1683
f 1682 1684 1683
f 1683 1684 1685
f 1684 1686 1685
f 1685 1686 1687
f 1686 1688 1687
f 1687 1688 1689
f 1688 1690 1689
f 1689 1690 1691
f 1690 1692 1691
f 1691 1692 1669
f 1692 1670 1669
f 1693 1694 1695
f 1694 1696 1695
f 1697 1698 1699
f 1698 1700 1699
f 1699 1700 1701
f 1700 1702 1701
f 1701 1702 1703
f 1702 1704 1703
f 1703 1704 1705
f 1704 1706 1705
f 1705 1706 1707
f 1706 1708 1707
f 1707 1708 1709
f 1708 1710 1709
f 1709 1710 1711
f 1710 1712 1711
f 1711 1712 1713
f 1712 1714 1713
f 1713 1714 1715
f 1714 1716 1715
f 1715 1716 1717
f 1716 1718 1717
f 1717 1718 1719
f 1718 1720 1719
f 1719 1720 1697
f 1720 1698 1697
f 1721 1722 1723
f 1722 1724 1723
f 1725 1726 1727
f 1726 1728 1727
f 1729 1730 1731
f 1730 1732 1731
f 1733 1734 1735
f 1736 1737 1738
f 1739 1740 1741
f 1742 1743 1744
f 1745 1746 1747
f 1746 1748 1747
f 1749 1750 1751
f 1750 1752 1751
f 1753 1754 1755
f 1754 1756 1755
f 1757 1758 1759
f 1758 1760 1759
f 1761 1762 1763
f 1762 1764 1763
f 1765 1766 1767
f 1766 1768 1767
f 1769 1770 1771
f 1770 1772 1771
f 1773 1774 1775
f 1774 1776 1775
f 1777 1778 1779
f 1778 1780 1779
f 1781 1782 1777
f 1783 1784 1785
f 1784 1779 1785
f 1785 1779 1786
f 1779 1780 1786
f 1782 1787 1777
f 1787 1788 1777
f 1777 1788 1778
f 1783 1789 1784
f 1789 1790 1784
f 1784 1790 1791
f 1791 1792 1793
f 1790 1794 1791
f 1794 1795 1791
f 1791 1795 1792
f 1795 1796 1792
f 1793 1797 1791
f 1797 1798 1791
f 1791 1798 1777
f 1798 1799 1777
f 1777 1799 1781
f 1782 1800 1787
f 1800 1801 1787
f 1787 1801 1802
f 1801 1803 1802
f 1802 1803 1795
f 1803 1804 1795
f 1795 1804 1796
f 1805 1806 1807
f 1806 1808 1807
f 1809 1810 1811
f 1812 1813 1814
f 1812 1814 1815
f 1814 1816 1815
f 1815 1816 1817
f 1813 1812 1818
f 1812 1819 1818
f 1818 1819 1820
f 1817 1821 1815
f 1821 1822 1815
f 1815 1822 1811
f 1822 1823 1811
f 1811 1823 1809
f 1811 1824 1819
f 1824 1825 1819
f 1819 1825 1826
f 1826 1827 1819
f 1827 1828 1819
f 1819 1828 1820
f 1828 1829 1820
f 1820 1829 1830
f 1829 1831 1830
f 1830 1831 1810
f 1831 1832 1810
f 1810 1832 1833
f 1833 1834 1810
f 1834 1835 1810
f 1810 1835 1811
f 1835 1836 1811
f 1811 1836 1824
f 1837 1838 1839
f 1840 1841 1842
f 1841 1843 1842
f 1842 1843 1844
f 1844 1845 1842
f 1845 1846 1842
f 1842 1846 1847
f 1848 1849 1850
f 1849 1851 1850
f 1850 1851 1840
f 1851 1852 1840
f 1840 1852 1841
f 1853 1854 1850
f 1854 1855 1850
f 1850 1855 1848
f 1856 1857 1847
f 1857 1858 1847
f 1847 1858 1850
f 1858 1859 1850
f 1850 1859 1853
f 1846 1860 1847
f 1860 1861 1847
f 1847 1861 1856
f 1861 1862 1856
f 1855 1863 1848
f 1863 1864 1848
f 1848 1864 1865
f 1864 1866 1865
f 1865 1866 1861
f 1866 1867 1861
f 1861 1867 1862
f 1868 1869 1870
f 1871 1872 1873
f 1874 1875 1876
f 1877 1878 1879
f 1880 1881 1882
f 1881 1873 1882
f 1882 1873 1878
f 1873 1872 1878
f 1872 1883 1878
f 1878 1883 1879
f 1876 1875 1873
f 1875 1884 1873
f 1873 1884 1871
f 1880 1885 1881
f 1885 1886 1881
f 1881 1886 1887
f 1886 1888 1887
f 1889 1876 1890
f 1876 1887 1890
f 1890 1887 1891
f 1887 1888 1891
f 1877 1879 1892
f 1879 1893 1892
f 1892 1893 1894
f 1893 1895 1894
f 1895 1896 1894
f 1894 1896 1889
f 1896 1897 1889
f 1889 1897 1876
f 1897 1898 1876
f 1876 1898 1874
f 1899 1900 1901
f 1902 1903 1904
f 1903 1905 1904
f 1904 1905 1906
f 1905 1907 1906
f 1906 1907 1908
f 1907 1909 1908
f 1908 1909 1910
f 1909 1911 1910
f 1910 1911 1912
f 1911 1913 1912
f 1912 1913 1914
f 1913 1915 1914
f 1914 1915 1916
f 1915 1917 1916
f 1916 1917 1918
f 1917 1919 1918
f 1918 1919 1920
f 1919 1921 1920
f 1920 1921 1922
f 1921 1923 1922
f 1922 1923 1924
f 1923 1925 1924
f 1924 1925 1902
f 1925 1903 1902
f 1926 1927 1928
f 1929 1930 1931
f 1930 1932 1931
f 1931 1932 1933
f 1932 1934 1933
f 1933 1934 1935
f 1934 1936 1935
f 1935 1936 1937
f 1936 1938 1937
f 1937 1938 1939
f 1938 1940 1939
f 1939 1940 1941
f 1940 1942 1941
f 1941 1942 1943
f 1942 1944 1943
f 1943 1944 1945
f 1944 1946 1945
f 1945 1946 1947
f 1946 1948 1947
f 1947 1948 1949
f 1948 1950 1949
f 1949 1950 1951
f 1950 1952 1951
f 1951 1952 1929
f 1952 1930 1929
f 1953 1954 1955
f 1954 1956 1955
f 1957 1958 1959
f 1958 1960 1959
f 1959 1960 1961
f 1960 1962 1961
f 1961 1962 1963
f 1962 1964 1963
f 1963 1964 1965
f 1964 1966 1965
f 1965 1966 1967
f 1966 1968 1967
f 1967 1968 1969
f 1968 1970 1969
f 1969 1970 1971
f 1970 1972 1971
f 1971 1972 1973
f 1972 1974 1973
f 1973 1974 1975
f 1974 1976 1975
f 1975 1976 1977
f 1976 1978 1977
f 1977 1978 1979
f 1978 1980 1979
f 1979 1980 1957
f 1980 1958 1957
f 1981 1982 1983
f 1982 1984 1983
f 1985 1986 1987
f 1986 1988 1987
f 1987 1988 1989
f 1988 1990 1989
f 1989 1990 1991
f 1990 1992 1991
f 1991 1992 1993
f 1992 1994 1993
f 1993 1994 1995
f 1994 1996 1995
f 1995 1996 1997
f 1996 1998 1997
f 1997 1998 1999
f 1998 2000 1999
f 1999 2000 2001
f 2000 2002 2001
f 2001 2002 2003
f 2002 2004 2003
f 2003 2004 2005
f 2004 2006 2005
f 2005 2006 2007
f 2006 2008 2007
f 2007 2008 1985
f 2008 1986 1985
f 2009 2010 2011
f 2010 2012 2011
f 2013 2014 2015
f 2014 2016 2015
f 2017 2018 2019
f 2018 2020 2019
f 2021 2022 2023
f 2024 2025 2026
f 2027 2028 2029
f 2030 2031 2032
f 2033 2034 2035
f 2034 2036 2035
f 2037 2038 2039
f 2038 2040 2039
f 2041 2042 2043
f 2042 2044 2043
f 2045 2046 2047
f 2046 2048 2047
f 2049 2050 2051
f 2050 2052 2051
f 2053 2054 2055
f 2054 2056 2055
f 2057 2058 2059
f 2058 2060 2059
f 2061 2062 2063
f 2062 2064 2063
f 2065 2066 2067
f 2066 2068 2067
f 2069 2070 2065
f 2071 2072 2073
f 2072 2067 2073
f 2073 2067 2074
f 2067 2068 2074
f 2070 2075 2065
f 2075 2076 2065
f 2065 2076 2066
f 2071 2077 2072
f 2077 2078 2072
f 2072 2078 2079
f 2079 2080 2081
f 2078 2082 2079
f 2082 2083 2079
f 2079 2083 2080
f 2083 2084 2080
f 2081 2085 2079
f 2085 2086 2079
f 2079 2086 2065
f 2086 2087 2065
f 2065 2087 2069
f 2070 2088 2075
f 2088 2089 2075
f 2075 2089 2090
f 2089 2091 2090
f 2090 2091 2083
f 2091 2092 2083
f 2083 2092 2084
f 2093 2094 2095
f 2094 2096 2095
f 2097 2098 2099
f 2100 2101 2102
f 2100 2102 2103
f 2102 2104 2103
f 2103 2104 2105
f 2101 2100 2106
f 2100 2107 2106
f 2106 2107 2108
f 2105 2109 2103
f 2109 2110 2103
f 2103 2110 2099
f 2110 2111 2099
f 2099 2111 2097
f 2099 2112 2107
f 2112 2113 2107
f 2107 2113 2114
f 2114 2115 2107
f 2115 2116 2107
f 2107 2116 2108
f 2116 2117 2108
f 2108 2117 2118
f 2117 2119 2118
f 2118 2119 2098
f 2119 2120 2098
f 2098 2120 2121
f 2121 2122 2098
f 2122 2123 2098
f 2098 2123 2099
f 2123 2124 2099
f 2099 2124 2112
f 2125 2126 2127
f 2128 2129 2130
f 2129 2131 2130
f 2130 2131 2132
f 2132 2133 2130
f 2133 2134 2130
f 2130 2134 2135
f 2136 2137 2138
f 2137 2139 2138
f 2138 2139 2128
f 2139 2140 2128
f 2128 2140 2129
f 2141 2142 2138
f 2142 2143 2138
f 2138 2143 2136
f 2144 2145 2135
f 2145 2146 2135
f 2135 2146 2138
f 2146 2147 2138
f 2138 2147 2141
f 2134 2148 2135
f 2148 2149 2135
f 2135 2149 2144
f 2149 2150 2144
f 2143 2151 2136
f 2151 2152 2136
f 2136 2152 2153
f 2152 2154 2153
f 2153 2154 2149
f 2154 2155 2149
f 2149 2155 2150
f 2156 2157 2158
f 2159 2160 2161
f 2162 2163 2164
f 2165 2166 2167
f 2168 2169 2170
f 2169 2161 2170
f 2170 2161 2166
f 2161 2160 2166
f 2160 2171 2166
f 2166 2171 2167
f 2164 2163 2161
f 2163 2172 2161
f 2161 2172 2159
f 2168 2173 2169
f 2173 2174 2169
f 2169 2174 2175
f 2174 2176 2175
f 2177 2164 2178
f 2164 2175 2178
f 2178 2175 2179
f 2175 2176 2179
f 2165 2167 2180
f 2167 2181 2180
f 2180 2181 2182
f 2181 2183 2182
f 2183 2184 2182
f 2182 2184 2177
f 2184 2185 2177
f 2177 2185 2164
f 2185 2186 2164
f 2164 2186 2162
f 2187 2188 2189
f 2190 2191 2192
f 2191 2193 2192
f 2192 2193 2194
f 2193 2195 2194
f 2194 2195 2196
f 2195 2197 2196
f 2196 2197 2198
f 2197 2199 2198
f 2198 2199 2200
f 2199 2201 2200
f 2200 2201 2202
f 2201 2203 2202
f 2202 2203 2204
f 2203 2205 2204
f 2204 2205 2206
f 2205 2207 2206
f 2206 2207 2208
f 2207 2209 2208
f 2208 2209 2210
f 2209 2211 2210
f 2210 2211 2212
f 2211 2213 2212
f 2212 2213 2190
f 2213 2191 2190
f 2214 2215 2216
f 2217 2218 2219
f 2218 2220 2219
f 2219 2220 2221
f 2220 2222 2221
f 2221 2222 2223
f 2222 2224 2223
f 2223 2224 2225
f 2224 2226 2225
f 2225 2226 2227
f 2226 2228 2227
f 2227 2228 2229
f 2228 2230 2229
f 2229 2230 2231
f 2230 2232 2231
f 2231 2232 2233
f 2232 2234 2233
f 2233 2234 2235
f 2234 2236 2235
f 2235 2236 2237
f 2236 2238 2237
f 2237 2238 2239
f 2238 2240 2239
f 2239 2240 2217
f 2240 2218 2217
f 2241 2242 2243
f 2242 2244 2243
f 2245 2246 2247
f 2246 2248 2247
f 2247 2248 2249
f 2248 2250 2249
f 2249 2250 2251
f 2250 2252 2251
f 2251 2252 2253
f 2252 2254 2253
f 2253 2254 2255
f 2254 2256 2255
f 2255 2256 2257
f 2256 2258 2257
f 2257 2258 2259
f 2258 2260 2259
f 2259 2260 2261
f 2260 2262 2261
f 2261 2262 2263
f 2262 2264 2263
f 2263 2264 2265
f 2264 2266 2265
f 2265 2266 2267
f 2266 2268 2267
f 2267 2268 2245
f 2268 2246 2245
f 2269 2270 2271
f 2270 2272 2271
f 2273 2274 2275
f 2274 2276 2275
f 2275 2276 2277
f 2276 2278 2277
f 2277 2278 2279
f 2278 2280 2279
f 2279 2280 2281
f 2280 2282 2281
f 2281 2282 2283
f 2282 2284 2283
f 2283 2284 2285
f 2284 2286 2285
f 2285 2286 2287
f 2286 2288 2287
f 2287 2288 2289
f 2288 2290 2289
f 2289 2290 2291
f 2290 2292 2291
f 2291 2292 2293
f 2292 2294 2293
f 2293 2294 2295
f 2294 2296 2295
f 2295 2296 2273
f 2296 2274 2273
f 2297 2298 2299
f 2298 2300 2299
f 2301 2302 2303
f 2302 2304 2303
f 2305 2306 2307
f 2306 2308 2307
f 2309 2310 2311
f 2312 2313 2314
f 2315 2316 2317
f 2318 2319 2320
f 2321 2322 2323
f 2322 2324 2323
f 2325 2326 2327
f 2326 2328 2327
f 2329 2330 2331
f 2332 2333 2334
f 2335 2336 2337
f 2338 2339 2340
f 2340 2339 2341
f 2337 2336 2342
f 2338 2340 2343
f 2340 2344 2343
f 2343 2344 2345
f 2344 2342 2345
f 2345 2342 2346
f 2342 2336 2346
f 2346 2336 2347
f 2334 2333 2348
f 2335 2337 2349
f 2337 2350 2349
f 2349 2350 2351
f 2350 2348 2351
f 2351 2348 2352
f 2348 2333 2352
f 2352 2333 2353
f 2331 2330 2354
f 2332 2334 2355
f 2334 2356 2355
f 2355 2356 2357
f 2356 2354 2357
f 2357 2354 2358
f 2354 2330 2358
f 2358 2330 2359
f 2329 2331 2360
f 2331 2361 2360
f 2360 2361 2362
f 2361 2341 2362
f 2362 2341 2363
f 2341 2339 2363
f 2363 2339 2364
f 2365 2366 2367
f 2366 2368 2367
f 2367 2368 2369
f 2370 2371 2372
f 2371 2373 2372
f 2372 2373 2374
f 2368 2375 2369
f 2375 2376 2369
f 2369 2376 2372
f 2376 2377 2372
f 2372 2377 2370
f 2373 2378 2374
f 2378 2379 2374
f 2374 2379 2367
f 2379 2380 2367
f 2367 2380 2365
f 2381 2382 2383
f 2384 2385 2386
f 2387 2388 2389
f 2388 2390 2389
f 2389 2390 2391
f 2390 2384 2391
f 2391 2384 2392
f 2384 2386 2392
f 2392 2386 2393
f 2394 2395 2396
f 2397 2394 2398
f 2394 2396 2398
f 2398 2396 2399
f 2396 2400 2399
f 2399 2400 2401
f 2400 2402 2401
f 2401 2402 2385
f 2402 2403 2385
f 2385 2403 2386
f 2404 2405 2406
f 2397 2398 2407
f 2398 2408 2407
f 2407 2408 2409
f 2408 2404 2409
f 2409 2404 2410
f 2404 2406 2410
f 2410 2406 2411
f 2387 2381 2388
f 2381 2383 2388
f 2388 2383 2412
f 2383 2413 2412
f 2412 2413 2414
f 2413 2415 2414
f 2414 2415 2405
f 2415 2416 2405
f 2405 2416 2406
f 2417 2418 2419
f 2420 2421 2422
f 2423 2424 2425
f 2424 2426 2425
f 2425 2426 2427
f 2426 2428 2427
f 2427 2428 2422
f 2428 2429 2422
f 2422 2429 2420
f 2430 2431 2432
f 2433 2430 2434
f 2430 2432 2434
f 2434 2432 2435
f 2432 2436 2435
f 2435 2436 2437
f 2436 2438 2437
f 2437 2438 2429
f 2438 2439 2429
f 2429 2439 2420
f 2440 2441 2442
f 2433 2434 2443
f 2434 2444 2443
f 2443 2444 2445
f 2444 2440 2445
f 2445 2440 2446
f 2440 2442 2446
f 2446 2442 2447
f 2423 2417 2424
f 2417 2419 2424
f 2424 2419 2448
f 2419 2449 2448
f 2448 2449 2450
f 2449 2451 2450
f 2450 2451 2441
f 2451 2452 2441
f 2441 2452 2442
f 2453 2454 2455
f 2456 2457 2458
f 2459 2460 2461
f 2460 2462 2461
f 2461 2462 2463
f 2462 2456 2463
f 2463 2456 2464
f 2456 2458 2464
f 2464 2458 2465
f 2466 2467 2468
f 2469 2466 2470
f 2466 2468 2470
f 2470 2468 2471
f 2468 2472 2471
f 2471 2472 2473
f 2472 2474 2473
f 2473 2474 2457
f 2474 2475 2457
f 2457 2475 2458
f 2476 2477 2478
f 2469 2470 2479
f 2470 2480 2479
f 2479 2480 2481
f 2480 2476 2481
f 2481 2476 2482
f 2476 2478 2482
f 2482 2478 2483
f 2459 2453 2460
f 2453 2455 2460
f 2460 2455 2484
f 2455 2485 2484
f 2484 2485 2486
f 2485 2487 2486
f 2486 2487 2477
f 2487 2488 2477
f 2477 2488 2478
f 2489 2490 2491
f 2492 2493 2494
f 2495 2496 2497
f 2496 2498 2497
f 2497 2498 2499
f 2498 2492 2499
f 2499 2492 2500
f 2492 2494 2500
f 2500 2494 2501
f 2502 2503 2504
f 2505 2502 2506
f 2502 2504 2506
f 2506 2504 2507
f 2504 2508 2507
f 2507 2508 2509
f 2508 2510 2509
f 2509 2510 2493
f 2510 2511 2493
f 2493 2511 2494
f 2512 2513 2514
f 2505 2506 2515
f 2506 2516 2515
f 2515 2516 2517
f 2516 2512 2517
f 2517 2512 2518
f 2512 2514 2518
f 2518 2514 2519
f 2495 2489 2496
f 2489 2491 2496
f 2496 2491 2520
f 2491 2521 2520
f 2520 2521 2522
f 2521 2523 2522
f 2522 2523 2513
f 2523 2524 2513
f 2513 2524 2514
f 2525 2526 2527
f 2528 2529 2530
f 2531 2532 2533
f 2534 2531 2535
f 2531 2533 2535
f 2535 2533 2536
f 2533 2537 2536
f 2536 2537 2538
f 2537 2539 2538
f 2538 2539 2540
f 2539 2541 2540
f 2527 2526 2542
f 2534 2535 2543
f 2535 2544 2543
f 2543 2544 2545
f 2544 2542 2545
f 2545 2542 2546
f 2542 2526 2546
f 2546 2526 2547
f 2548 2549 2550
f 2525 2527 2551
f 2527 2552 2551
f 2551 2552 2553
f 2552 2554 2553
f 2553 2554 2550
f 2554 2555 2550
f 2550 2555 2548
f 2541 2528 2540
f 2528 2530 2540
f 2540 2530 2556
f 2530 2557 2556
f 2556 2557 2558
f 2557 2559 2558
f 2558 2559 2555
f 2559 2560 2555
f 2555 2560 2548
f 2561 2562 2563
f 2562 2564 2563
f 2563 2564 2565
f 2561 2566 2562
f 2566 2567 2562
f 2562 2567 2568
f 2567 2569 2568
f 2569 2570 2568
f 2570 2571 2568
f 2568 2571 2572
f 2571 2573 2572
f 2573 2574 2572
f 2574 2575 2572
f 2572 2575 2564
f 2575 2576 2564
f 2564 2576 2565
f 2577 2578 2579
f 2578 2580 2579
f 2579 2580 2581
f 2582 2583 2584
f 2583 2578 2584
f 2584 2578 2585
f 2578 2577 2585
f 2582 2586 2583
f 2586 2587 2583
f 2583 2587 2588
f 2587 2589 2588
f 2589 2590 2588
f 2590 2591 2588
f 2588 2591 2580
f 2591 2592 2580
f 2580 2592 2581
f 2593 2594 2595
f 2594 2596 2595
f 2595 2596 2597
f 2598 2599 2600
f 2599 2601 2600
f 2600 2601 2602
f 2596 2603 2597
f 2603 2604 2597
f 2597 2604 2600
f 2604 2605 2600
f 2600 2605 2598
f 2601 2606 2602
f 2606 2607 2602
f 2602 2607 2595
f 2607 2608 2595
f 2595 2608 2593
f 2609 2610 2611
f 2610 2612 2611
f 2611 2612 2613
f 2614 2615 2616
f 2615 2610 2616
f 2616 2610 2617
f 2610 2609 2617
f 2618 2619 2620
f 2619 2615 2620
f 2620 2615 2621
f 2615 2614 2621
f 2618 2622 2619
f 2622 2623 2619
f 2619 2623 2612
f 2623 2624 2612
f 2612 2624 2613
f 2625 2626 2627
f 2626 2628 2627
f 2627 2628 2629
f 2630 2631 2632
f 2631 2626 2632
f 2632 2626 2633
f 2626 2625 2633
f 2634 2635 2636
f 2635 2631 2636
f 2636 2631 2637
f 2631 2630 2637
f 2634 2638 2635
f 2638 2639 2635
f 2635 2639 2628
f 2639 2640 2628
f 2628 2640 2629
f 2641 2642 2643
f 2642 2644 2643
f 2645 2646 2647
f 2646 2648 2647
f 2649 2650 2651
f 2650 2652 2651
f 2653 2654 2655
f 2654 2656 2655
f 2657 2658 2659
f 2658 2660 2659
f 2661 2662 2663
f 2662 2664 2663
f 2665 2666 2667
f 2666 2668 2667
f 2669 2670 2665
f 2671 2672 2673
f 2672 2667 2673
f 2673 2667 2674
f 2667 2668 2674
f 2670 2675 2665
f 2675 2676 2665
f 2665 2676 2666
f 2671 2677 2672
f 2677 2678 2672
f 2672 2678 2679
f 2679 2680 2681
f 2678 2682 2679
f 2682 2683 2679
f 2679 2683 2680
f 2683 2684 2680
f 2681 2685 2679
f 2685 2686 2679
f 2679 2686 2665
f 2686 2687 2665
f 2665 2687 2669
f 2670 2688 2675
f 2688 2689 2675
f 2675 2689 2690
f 2689 2691 2690
f 2690 2691 2683
f 2691 2692 2683
f 2683 2692 2684
f 2693 2694 2695
f 2694 2696 2695
f 2697 2698 2699
f 2700 2701 2702
f 2700 2702 2703
f 2702 2704 2703
f 2703 2704 2705
f 2701 2700 2706
f 2700 2707 2706
f 2706 2707 2708
f 2705 2709 2703
f 2709 2710 2703
f 2703 2710 2699
f 2710 2711 2699
f 2699 2711 2697
f 2699 2712 2707
f 2712 2713 2707
f 2707 2713 2714
f 2714 2715 2707
f 2715 2716 2707
f 2707 2716 2708
f 2716 2717 2708
f 2708 2717 2718
f 2717 2719 2718
f 2718 2719 2698
f 2719 2720 2698
f 2698 2720 2721
f 2721 2722 2698
f 2722 2723 2698
f 2698 2723 2699
f 2723 2724 2699
f 2699 2724 2712
f 2725 2726 2727
f 2728 2729 2730
f 2729 2731 2730
f 2730 2731 2732
f 2732 2733 2730
f 2733 2734 2730
f 2730 2734 2735
f 2736 2737 2738
f 2737 2739 2738
f 2738 2739 2728
f 2739 2740 2728
f 2728 2740 2729
f 2741 2742 2738
f 2742 2743 2738
f 2738 2743 2736
f 2744 2745 2735
f 2745 2746 2735
f 2735 2746 2738
f 2746 2747 2738
f 2738 2747 2741
f 2734 2748 2735
f 2748 2749 2735
f 2735 2749 2744
f 2749 2750 2744
f 2743 2751 2736
f 2751 2752 2736
f 2736 2752 2753
f 2752 2754 2753
f 2753 2754 2749
f 2754 2755 2749
f 2749 2755 2750
f 2756 2757 2758
f 2759 2760 2761
f 2762 2763 2764
f 2765 2766 2767
f 2768 2769 2770
f 2769 2761 2770
f 2770 2761 2766
f 2761 2760 2766
f 2760 2771 2766
f 2766 2771 2767
f 2764 2763 2761
f 2763 2772 2761
f 2761 2772 2759
f 2768 2773 2769
f 2773 2774 2769
f 2769 2774 2775
f 2774 2776 2775
f 2777 2764 2778
f 2764 2775 2778
f 2778 2775 2779
f 2775 2776 2779
f 2765 2767 2780
f 2767 2781 2780
f 2780 2781 2782
f 2781 2783 2782
f 2783 2784 2782
f 2782 2784 2777
f 2784 2785 2777
f 2777 2785 2764
f 2785 2786 2764
f 2764 2786 2762
f 2787 2788 2789
f 2790 2791 2792
f 2791 2793 2792
f 2792 2793 2794
f 2793 2795 2794
f 2794 2795 2796
f 2795 2797 2796
f 2796 2797 2798
f 2797 2799 2798
f 2798 2799 2800
f 2799 2801 2800
f 2800 2801 2802
f 2801 2803 2802
f 2802 2803 2804
f 2803 2805 2804
f 2804 2805 2806
f 2805 2807 2806
f 2806 2807 2808
f 2807 2809 2808
f 2808 2809 2810
f 2809 2811 2810
f 2810 2811 2812
f 2811 2813 2812
f 2812 2813 2790
f 2813 2791 2790
f 2814 2815 2816
f 2817 2818 2819
f 2818 2820 2819
f 2819 2820 2821
f 2820 2822 2821
f 2821 2822 2823
f 2822 2824 2823
f 2823 2824 2825
f 2824 2826 2825
f 2825 2826 2827
f 2826 2828 2827
f 2827 2828 2829
f 2828 2830 2829
f 2829 2830 2831
f 2830 2832 2831
f 2831 2832 2833
f 2832 2834 2833
f 2833 2834 2835
f 2834 2836 2835
f 2835 2836 2837
f 2836 2838 2837
f 2837 2838 2839
f 2838 2840 2839
f 2839 2840 2817
f 2840 2818 2817
f 2841 2842 2843
f 2842 2844 2843
f 2845 2846 2847
f 2846 2848 2847
f 2847 2848 2849
f 2848 2850 2849
f 2849 2850 2851
f 2850 2852 2851
f 2851 2852 2853
f 2852 2854 2853
f 2853 2854 2855
f 2854 2856 2855
f 2855 2856 2857
f 2856 2858 2857
f 2857 2858 2859
f 2858 2860 2859
f 2859 2860 2861
f 2860 2862 2861
f 2861 2862 2863
f 2862 2864 2863
f 2863 2864 2865
f 2864 2866 2865
f 2865 2866 2867
f 2866 2868 2867
f 2867 2868 2845
f 2868 2846 2845
f 2869 2870 2871
f 2870 2872 2871
f 2873 2874 2875
f 2874 2876 2875
f 2875 2876 2877
f 2876 2878 2877
f 2877 2878 2879
f 2878 2880 2879
f 2879 2880 2881
f 2880 2882 2881
f 2881 2882 2883
f 2882 2884 2883
f 2883 2884 2885
f 2884 2886 2885
f 2885 2886 2887
f 2886 2888 2887
f 2887 2888 2889
f 2888 2890 2889
f 2889 2890 2891
f 2890 2892 2891
f 2891 2892 2893
f 2892 2894 2893
f 2893 2894 2895
f 2894 2896 2895
f 2895 2896 2873
f 2896 2874 2873
f 2897 2898 2899
f 2898 2900 2899
f 2901 2902 2903
f 2902 2904 2903
f 2905 2906 2907
f 2906 2908 2907
f 2909 2910 2911
f 2912 2913 2914
f 2915 2916 2917
f 2918 2919 2920
f 2921 2922 2923
f 2922 2924 2923
f 2925 2926 2927
f 2926 2928 2927
f 2929 2930 2931
f 2932 2933 2934
f 2935 2936 2937
f 2938 2939 2940
f 2940 2939 2941
f 2937 2936 2942
f 2938 2940 2943
f 2940 2944 2943
f 2943 2944 2945
f 2944 2942 2945
f 2945 2942 2946
f 2942 2936 2946
f 2946 2936 2947
f 2934 2933 2948
f 2935 2937 2949
f 2937 2950 2949
f 2949 2950 2951
f 2950 2948 2951
f 2951 2948 2952
f 2948 2933 2952
f 2952 2933 2953
f 2931 2930 2954
f 2932 2934 2955
f 2934 2956 2955
f 2955 2956 2957
f 2956 2954 2957
f 2957 2954 2958
f 2954 2930 2958
f 2958 2930 2959
f 2929 2931 2960
f 2931 2961 2960
f 2960 2961 2962
f 2961 2941 2962
f 2962 2941 2963
f 2941 2939 2963
f 2963 2939 2964
f 2965 2966 2967
f 2966 2968 2967
f 2967 2968 2969
f 2970 2971 2972
f 2971 2973 2972
f 2972 2973 2974
f 2968 2975 2969
f 2975 2976 2969
f 2969 2976 2972
f 2976 2977 2972
f 2972 2977 2970
f 2973 2978 2974
f 2978 2979 2974
f 2974 2979 2967
f 2979 2980 2967
f 2967 2980 2965
f 2981 2982 2983
f 2984 2985 2986
f 2987 2988 2989
f 2988 2990 2989
f 2989 2990 2991
f 2990 2984 2991
f 2991 2984 2992
f 2984 2986 2992
f 2992 2986 2993
f 2994 2995 2996
f 2997 2994 2998
f 2994 2996 2998
f 2998 2996 2999
f 2996 3000 2999
f 2999 3000 3001
f 3000 3002 3001
f 3001 3002 2985
f 3002 3003 2985
f 2985 3003 2986
f 3004 3005 3006
f 2997 2998 3007
f 2998 3008 3007
f 3007 3008 3009
f 3008 3004 3009
f 3009 3004 3010
f 3004 3006 3010
f 3010 3006 3011
f 2987 2981 2988
f 2981 2983 2988
f 2988 2983 3012
f 2983 3013 3012
f 3012 3013 3014
f 3013 3015 3014
f 3014 3015 3005
f 3015 3016 3005
f 3005 3016 3006
f 3017 3018 3019
f 3020 3021 3022
f 3023 3024 3025
f 3024 3026 3025
f 3025 3026 3027
f 3026 3028 3027
f 3027 3028 3022
f 3028 3029 3022
f 3022 3029 3020
f 3030 3031 3032
f 3033 3030 3034
f 3030 3032 3034
f 3034 3032 3035
f 3032 3036 3035
f 3035 3036 3037
f 3036 3038 3037
f 3037 3038 3029
f 3038 3039 3029
f 3029 3039 3020
f 3040 3041 3042
f 3033 3034 3043
f 3034 3044 3043
f 3043 3044 3045
f 3044 3040 3045
f 3045 3040 3046
f 3040 3042 3046
f 3046 3042 3047
f 3023 3017 3024
f 3017 3019 3024
f 3024 3019 3048
f 3019 3049 3048
f 3048 3049 3050
f 3049 3051 3050
f 3050 3051 3041
f 3051 3052 3041
f 3041 3052 3042
f 3053 3054 3055
f 3056 3057 3058
f 3059 3060 3061
f 3060 3062 3061
f 3061 3062 3063
f 3062 3056 3063
f 3063 3056 3064
f 3056 3058 3064
f 3064 3058 3065
f 3066 3067 3068
f 3069 3066 3070
f 3066 3068 3070
f 3070 3068 3071
f 3068 3072 3071
f 3071 3072 3073
f 3072 3074 3073
f 3073 3074 3057
f 3074 3075 3057
f 3057 3075 3058
f 3076 3077 3078
f 3069 3070 3079
f 3070 3080 3079
f 3079 3080 3081
f 3080 3076 3081
f 3081 3076 3082
f 3076 3078 3082
f 3082 3078 3083
f 3059 3053 3060
f 3053 3055 3060
f 3060 3055 3084
f 3055 3085 3084
f 3084 3085 3086
f 3085 3087 3086
f 3086 3087 3077
f 3087 3088 3077
f 3077 3088 3078
f 3089 3090 3091
f 3092 3093 3094
f 3095 3096 3097
f 3096 3098 3097
f 3097 3098 3099
f 3098 3092 3099
f 3099 3092 3100
f 3092 3094 3100
f 3100 3094 3101
f 3102 3103 3104
f 3105 3102 3106
f 3102 3104 3106
f 3106 3104 3107
f 3104 3108 3107
f 3107 3108 3109
f 3108 3110 3109
f 3109 3110 3093
f 3110 3111 3093
f 3093 3111 3094
f 3112 3113 3114
f 3105 3106 3115
f 3106 3116 3115
f 3115 3116 3117
f 3116 3112 3117
f 3117 3112 3118
f 3112 3114 3118
f 3118 3114 3119
f 3095 3089 3096
f 3089 3091 3096
f 3096 3091 3120
f 3091 3121 3120
f 3120 3121 3122
f 3121 3123 3122
f 3122 3123 3113
f 3123 3124 3113
f 3113 3124 3114
f 3125 3126 3127
f 3128 3129 3130
f 3131 3132 3133
f 3134 3131 3135
f 3131 3133 3135
f 3135 3133 3136
f 3133 3137 3136
f 3136 3137 3138
f 3137 3139 3138
f 3138 3139 3140
f 3139 3141 3140
f 3127 3126 3142
f 3134 3135 3143
f 3135 3144 3143
f 3143 3144 3145
f 3144 3142 3145
f 3145 3142 3146
f 3142 3126 3146
f 3146 3126 3147
f 3148 3149 3150
f 3125 3127 3151
f 3127 3152 3151
f 3151 3152 3153
f 3152 3154 3153
f 3153 3154 3150
f 3154 3155 3150
f 3150 3155 3148
f 3141 3128 3140
f 3128 3130 3140
f 3140 3130 3156
f 3130 3157 3156
f 3156 3157 3158
f 3157 3159 3158
f 3158 3159 3155
f 3159 3160 3155
f 3155 3160 3148
f 3161 3162 3163
f 3162 3164 3163
f 3163 3164 3165
f 3161 3166 3162
f 3166 3167 3162
f 3162 3167 3168
f 3167 3169 3168
f 3169 3170 3168
f 3170 3171 3168
f 3168 3171 3172
f 3171 3173 3172
f 3173 3174 3172
f 3174 3175 3172
f 3172 3175 3164
f 3175 3176 3164
f 3164 3176 3165
f 3177 3178 3179
f 3178 3180 3179
f 3179 3180 3181
f 3182 3183 3184
f 3183 3178 3184
f 3184 3178 3185
f 3178 3177 3185
f 3182 3186 3183
f 3186 3187 3183
f 3183 3187 3188
f 3187 3189 3188
f 3189 3190 3188
f 3190 3191 3188
f 3188 3191 3180
f 3191 3192 3180
f 3180 3192 3181
f 3193 3194 3195
f 3194 3196 3195
f 3195 3196 3197
f 3198 3199 3200
f 3199 3201 3200
f 3200 3201 3202
f 3196 3203 3197
f 3203 3204 3197
f 3197 3204 3200
f 3204 3205 3200
f 3200 3205 3198
f 3201 3206 3202
f 3206 3207 3202
f 3202 3207 3195
f 3207 3208 3195
f 3195 3208 3193
f 3209 3210 3211
f 3210 3212 3211
f 3211 3212 3213
f 3214 3215 3216
f 3215 3210 3216
f 3216 3210 3217
f 3210 3209 3217
f 3218 3219 3220
f 3219 3215 3220
f 3220 3215 3221
f 3215 3214 3221
f 3218 3222 3219
f 3222 3223 3219
f 3219 3223 3212
f 3223 3224 3212
f 3212 3224 3213
f 3225 3226 3227
f 3226 3228 3227
f 3227 3228 3229
f 3230 3231 3232
f 3231 3226 3232
f 3232 3226 3233
f 3226 3225 3233
f 3234 3235 3236
f 3235 3231 3236
f 3236 3231 3237
f 3231 3230 3237
f 3234 3238 3235
f 3238 3239 3235
f 3235 3239 3228
f 3239 3240 3228
f 3228 3240 3229
f 3241 3242 3243
f 3242 3244 3243
f 3245 3246 3247
f 3246 3248 3247
f 3249 3250 3251
f 3250 3252 3251
f 3253 3254 3255
f 3254 3256 3255
f 3257 3258 3259
f 3258 3260 3259
f 3261 3262 3263
f 3262 3264 3263
f 3265 3266 3267
f 3266 3268 3267
f 3269 3270 3265
f 3271 3272 3273
f 3272 3267 3273
f 3273 3267 3274
f 3267 3268 3274
f 3270 3275 3265
f 3275 3276 3265
f 3265 3276 3266
f 3271 3277 3272
f 3277 3278 3272
f 3272 3278 3279
f 3279 3280 3281
f 3278 3282 3279
f 3282 3283 3279
f 3279 3283 3280
f 3283 3284 3280
f 3281 3285 3279
f 3285 3286 3279
f 3279 3286 3265
f 3286 3287 3265
f 3265 3287 3269
f 3270 3288 3275
f 3288 3289 3275
f 3275 3289 3290
f 3289 3291 3290
f 3290 3291 3283
f 3291 3292 3283
f 3283 3292 3284
f 3293 3294 3295
f 3294 3296 3295
f 3297 3298 3299
f 3300 3301 3302
f 3300 3302 3303
f 3302 3304 3303
f 3303 3304 3305
f 3301 3300 3306
f 3300 3307 3306
f 3306 3307 3308
f 3305 3309 3303
f 3309 3310 3303
f 3303 3310 3299
f 3310 3311 3299
f 3299 3311 3297
f 3299 3312 3307
f 3312 3313 3307
f 3307 3313 3314
f 3314 3315 3307
f 3315 3316 3307
f 3307 3316 3308
f 3316 3317 3308
f 3308 3317 3318
f 3317 3319 3318
f 3318 3319 3298
f 3319 3320 3298
f 3298 3320 3321
f 3321 3322 3298
f 3322 3323 3298
f 3298 3323 3299
f 3323 3324 3299
f 3299 3324 3312
f 3325 3326 3327
f 3328 3329 3330
f 3329 3331 3330
f 3330 3331 3332
f 3332 3333 3330
f 3333 3334 3330
f 3330 3334 3335
f 3336 3337 3338
f 3337 3339 3338
f 3338 3339 3328
f 3339 3340 3328
f 3328 3340 3329
f 3341 3342 3338
f 3342 3343 3338
f 3338 3343 3336
f 3344 3345 3335
f 3345 3346 3335
f 3335 3346 3338
f 3346 3347 3338
f 3338 3347 3341
f 3334 3348 3335
f 3348 3349 3335
f 3335 3349 3344
f 3349 3350 3344
f 3343 3351 3336
f 3351 3352 3336
f 3336 3352 3353
f 3352 3354 3353
f 3353 3354 3349
f 3354 3355 3349
f 3349 3355 3350
f 3356 3357 3358
f 3359 3360 3361
f 3362 3363 3364
f 3365 3366 3367
f 3368 3369 3370
f 3369 3361 3370
f 3370 3361 3366
f 3361 3360 3366
f 3360 3371 3366
f 3366 3371 3367
f 3364 3363 3361
f 3363 3372 3361
f 3361 3372 3359
f 3368 3373 3369
f 3373 3374 3369
f 3369 3374 3375
f 3374 3376 3375
f 3377 3364 3378
f 3364 3375 3378
f 3378 3375 3379
f 3375 3376 3379
f 3365 3367 3380
f 3367 3381 3380
f 3380 3381 3382
f 3381 3383 3382
f 3383 3384 3382
f 3382 3384 3377
f 3384 3385 3377
f 3377 3385 3364
f 3385 3386 3364
f 3364 3386 3362
f 3387 3388 3389
f 3390 3391 3392
f 3391 3393 3392
f 3392 3393 3394
f 3393 3395 3394
f 3394 3395 3396
f 3395 3397 3396
f 3396 3397 3398
f 3397 3399 3398
f 3398 3399 3400
f 3399 3401 3400
f 3400 3401 3402
f 3401 3403 3402
f 3402 3403 3404
f 3403 3405 3404
f 3404 3405 3406
f 3405 3407 3406
f 3406 3407 3408
f 3407 3409 3408
f 3408 3409 3410
f 3409 3411 3410
f 3410 3411 3412
f 3411 3413 3412
f 3412 3413 3390
f 3413 3391 3390
f 3414 3415 3416
f 3417 3418 3419
f 3418 3420 3419
f 3419 3420 3421
f 3420 3422 3421
f 3421 3422 3423
f 3422 3424 3423
f 3423 3424 3425
f 3424 3426 3425
f 3425 3426 3427
f 3426 3428 3427
f 3427 3428 3429
f 3428 3430 3429
f 3429 3430 3431
f 3430 3432 3431
f 3431 3432 3433
f 3432 3434 3433
f 3433 3434 3435
f 3434 3436 3435
f 3435 3436 3437
f 3436 3438 3437
f 3437 3438 3439
f 3438 3440 3439
f 3439 3440 3417
f 3440 3418 3417
f 3441 3442 3443
f 3442 3444 3443
f 3445 3446 3447
f 3446 3448 3447
f 3447 3448 3449
f 3448 3450 3449
f 3449 3450 3451
f 3450 3452 3451
f 3451 3452 3453
f 3452 3454 3453
f 3453 3454 3455
f 3454 3456 3455
f 3455 3456 3457
f 3456 3458 3457
f 3457 3458 3459
f 3458 3460 3459
f 3459 3460 3461
f 3460 3462 3461
f 3461 3462 3463
f 3462 3464 3463
f 3463 3464 3465
f 3464 3466 3465
f 3465 3466 3467
f 3466 3468 3467
f 3467 3468 3445
f 3468 3446 3445
f 3469 3470 3471
f 3470 3472 3471
f 3473 3474 3475
f 3474 3476 3475
f 3475 3476 3477
f 3476 3478 3477
f 3477 3478 3479
f 3478 3480 3479
f 3479 3480 3481
f 3480 3482 3481
f 3481 3482 3483
f 3482 3484 3483
f 3483 3484 3485
f 3484 3486 3485
f 3485 3486 3487
f 3486 3488 3487
f 3487 3488 3489
f 3488 3490 3489
f 3489 3490 3491
f 3490 3492 3491
f 3491 3492 3493
f 3492 3494 3493
f 3493 3494 3495
f 3494 3496 3495
f 3495 3496 3473
f 3496 3474 3473
f 3497 3498 3499
f 3498 3500 3499
f 3501 3502 3503
f 3502 3504 3503
f 3505 3506 3507
f 3506 3508 3507
f 3509 3510 3511
f 3512 3513 3514
f 3515 3516 3517
f 3518 3519 3520
f 3521 3522 3523
f 3522 3524 3523
f 3525 3526 3527
f 3526 3528 3527
f 3529 3530 3531
f 3530 3532 3531
f 3533 3534 3535
f 3534 3536 3535
f 3537 3538 3539
f 3538 3540 3539
f 3541 3542 3543
f 3542 3544 3543
f 3545 3546 3547
f 3546 3548 3547
f 3549 3550 3551
f 3550 3552 3551
f 3553 3554 3555
f 3554 3556 3555
f 3557 3558 3553
f 3559 3560 3561
f 3560 3555 3561
f 3561 3555 3562
f 3555 3556 3562
f 3558 3563 3553
f 3563 3564 3553
f 3553 3564 3554
f 3559 3565 3560
f 3565 3566 3560
f 3560 3566 3567
f 3567 3568 3569
f 3566 3570 3567
f 3570 3571 3567
f 3567 3571 3568
f 3571 3572 3568
f 3569 3573 3567
f 3573 3574 3567
f 3567 3574 3553
f 3574 3575 3553
f 3553 3575 3557
f 3558 3576 3563
f 3576 3577 3563
f 3563 3577 3578
f 3577 3579 3578
f 3578 3579 3571
f 3579 3580 3571
f 3571 3580 3572
f 3581 3582 3583
f 3582 3584 3583
f 3585 3586 3587
f 3588 3589 3590
f 3588 3590 3591
f 3590 3592 3591
f 3591 3592 3593
f 3589 3588 3594
f 3588 3595 3594
f 3594 3595 3596
f 3593 3597 3591
f 3597 3598 3591
f 3591 3598 3587
f 3598 3599 3587
f 3587 3599 3585
f 3587 3600 3595
f 3600 3601 3595
f 3595 3601 3602
f 3602 3603 3595
f 3603 3604 3595
f 3595 3604 3596
f 3604 3605 3596
f 3596 3605 3606
f 3605 3607 3606
f 3606 3607 3586
f 3607 3608 3586
f 3586 3608 3609
f 3609 3610 3586
f 3610 3611 3586
f 3586 3611 3587
f 3611 3612 3587
f 3587 3612 3600
f 3613 3614 3615
f 3616 3617 3618
f 3617 3619 3618
f 3618 3619 3620
f 3620 3621 3618
f 3621 3622 3618
f 3618 3622 3623
f 3624 3625 3626
f 3625 3627 3626
f 3626 3627 3616
f 3627 3628 3616
f 3616 3628 3617
f 3629 3630 3626
f 3630 3631 3626
f 3626 3631 3624
f 3632 3633 3623
f 3633 3634 3623
f 3623 3634 3626
f 3634 3635 3626
f 3626 3635 3629
f 3622 3636 3623
f 3636 3637 3623
f 3623 3637 3632
f 3637 3638 3632
f 3631 3639 3624
f 3639 3640 3624
f 3624 3640 3641
f 3640 3642 3641
f 3641 3642 3637
f 3642 3643 3637
f 3637 3643 3638
f 3644 3645 3646
f 3647 3648 3649
f 3650 3651 3652
f 3653 3654 3655
f 3656 3657 3658
f 3657 3649 3658
f 3658 3649 3654
f 3649 3648 3654
f 3648 3659 3654
f 3654 3659 3655
f 3652 3651 3649
f 3651 3660 3649
f 3649 3660 3647
f 3656 3661 3657
f 3661 3662 3657
f 3657 3662 3663
f 3662 3664 3663
f 3665 3652 3666
f 3652 3663 3666
f 3666 3663 3667
f 3663 3664 3667
f 3653 3655 3668
f 3655 3669 3668
f 3668 3669 3670
f 3669 3671 3670
f 3671 3672 3670
f 3670 3672 3665
f 3672 3673 3665
f 3665 3673 3652
f 3673 3674 3652
f 3652 3674 3650
f 3675 3676 3677
f 3678 3679 3680
f 3679 3681 3680
f 3680 3681 3682
f 3681 3683 3682
f 3682 3683 3684
f 3683 3685 3684
f 3684 3685 3686
f 3685 3687 3686
f 3686 3687 3688
f 3687 3689 3688
f 3688 3689 3690
f 3689 3691 3690
f 3690 3691 3692
f 3691 3693 3692
f 3692 3693 3694
f 3693 3695 3694
f 3694 3695 3696
f 3695 3697 3696
f 3696 3697 3698
f 3697 3699 3698
f 3698 3699 3700
f 3699 3701 3700
f 3700 3701 3678
f 3701 3679 3678
f 3702 3703 3704
f 3705 3706 3707
f 3706 3708 3707
f 3707 3708 3709
f 3708 3710 3709
f 3709 3710 3711
f 3710 3712 3711
f 3711 3712 3713
f 3712 3714 3713
f 3713 3714 3715
f 3714 3716 3715
f 3715 3716 3717
f 3716 3718 3717
f 3717 3718 3719
f 3718 3720 3719
f 3719 3720 3721
f 3720 3722 3721
f 3721 3722 3723
f 3722 3724 3723
f 3723 3724 3725
f 3724 3726 3725
f 3725 3726 3727
f 3726 3728 3727
f 3727 3728 3705
f 3728 3706 3705
f 3729 3730 3731
f 3730 3732 3731
f 3733 3734 3735
f 3734 3736 3735
f 3735 3736 3737
f 3736 3738 3737
f 3737 3738 3739
f 3738 3740 3739
f 3739 3740 3741
f 3740 3742 3741
f 3741 3742 3743
f 3742 3744 3743
f 3743 3744 3745
f 3744 3746 3745
f 3745 3746 3747
f 3746 3748 3747
f 3747 3748 3749
f 3748 3750 3749
f 3749 3750 3751
f 3750 3752 3751
f 3751 3752 3753
f 3752 3754 3753
f 3753 3754 3755
f 3754 3756 3755
f 3755 3756 3733
f 3756 3734 3733
f 3757 3758 3759
f 3758 3760 3759
f 3761 3762 3763
f 3762 3764 3763
f 3763 3764 3765
f 3764 3766 3765
f 3765 3766 3767
f 3766 3768 3767
f 3767 3768 3769
f 3768 3770 3769
f 3769 3770 3771
f 3770 3772 3771
f 3771 3772 3773
f 3772 3774 3773
f 3773 3774 3775
f 3774 3776 3775
f 3775 3776 3777
f 3776 3778 3777
f 3777 3778 3779
f 3778 3780 3779
f 3779 3780 3781
f 3780 3782 3781
f 3781 3782 3783
f 3782 3784 3783
f 3783 3784 3761
f 3784 3762 3761
f 3785 3786 3787
f 3786 3788 3787
f 3789 3790 3791
f 3790 3792 3791
f 3793 3794 3795
f 3794 3796 3795
f 3797 3798 3799
f 3800 3801 3802
f 3803 3804 3805
f 3806 3807 3808
f 3809 3810 3811
f 3810 3812 3811
f 3813 3814 3815
f 3814 3816 3815
f 3817 3818 3819
f 3820 3821 3822
f 3823 3824 3825
f 3826 3827 3828
f 3828 3827 3829
f 3825 3824 3830
f 3826 3828 3831
f 3828 3832 3831
f 3831 3832 3833
f 3832 3830 3833
f 3833 3830 3834
f 3830 3824 3834
f 3834 3824 3835
f 3822 3821 3836
f 3823 3825 3837
f 3825 3838 3837
f 3837 3838 3839
f 3838 3836 3839
f 3839 3836 3840
f 3836 3821 3840
f 3840 3821 3841
f 3819 3818 3842
f 3820 3822 3843
f 3822 3844 3843
f 3843 3844 3845
f 3844 3842 3845
f 3845 3842 3846
f 3842 3818 3846
f 3846 3818 3847
f 3817 3819 3848
f 3819 3849 3848
f 3848 3849 3850
f 3849 3829 3850
f 3850 3829 3851
f 3829 3827 3851
f 3851 3827 3852
f 3853 3854 3855
f 3854 3856 3855
f 3855 3856 3857
f 3858 3859 3860
f 3859 3861 3860
f 3860 3861 3862
f 3856 3863 3857
f 3863 3864 3857
f 3857 3864 3860
f 3864 3865 3860
f 3860 3865 3858
f 3861 3866 3862
f 3866 3867 3862
f 3862 3867 3855
f 3867 3868 3855
f 3855 3868 3853
f 3869 3870 3871
f 3872 3873 3874
f 3875 3876 3877
f 3876 3878 3877
f 3877 3878 3879
f 3878 3872 3879
f 3879 3872 3880
f 3872 3874 3880
f 3880 3874 3881
f 3882 3883 3884
f 3885 3882 3886
f 3882 3884 3886
f 3886 3884 3887
f 3884 3888 3887
f 3887 3888 3889
f 3888 3890 3889
f 3889 3890 3873
f 3890 3891 3873
f 3873 3891 3874
f 3892 3893 3894
f 3885 3886 3895
f 3886 3896 3895
f 3895 3896 3897
f 3896 3892 3897
f 3897 3892 3898
f 3892 3894 3898
f 3898 3894 3899
f 3875 3869 3876
f 3869 3871 3876
f 3876 3871 3900
f 3871 3901 3900
f 3900 3901 3902
f 3901 3903 3902
f 3902 3903 3893
f 3903 3904 3893
f 3893 3904 3894
f 3905 3906 3907
f 3908 3909 3910
f 3911 3912 3913
f 3912 3914 3913
f 3913 3914 3915
f 3914 3916 3915
f 3915 3916 3910
f 3916 3917 3910
f 3910 3917 3908
f 3918 3919 3920
f 3921 3918 3922
f 3918 3920 3922
f 3922 3920 3923
f 3920 3924 3923
f 3923 3924 3925
f 3924 3926 3925
f 3925 3926 3917
f 3926 3927 3917
f 3917 3927 3908
f 3928 3929 3930
f 3921 3922 3931
f 3922 3932 3931
f 3931 3932 3933
f 3932 3928 3933
f 3933 3928 3934
f 3928 3930 3934
f 3934 3930 3935
f 3911 3905 3912
f 3905 3907 3912
f 3912 3907 3936
f 3907 3937 3936
f 3936 3937 3938
f 3937 3939 3938
f 3938 3939 3929
f 3939 3940 3929
f 3929 3940 3930
f 3941 3942 3943
f 3944 3945 3946
f 3947 3948 3949
f 3948 3950 3949
f 3949 3950 3951
f 3950 3944 3951
f 3951 3944 3952
f 3944 3946 3952
f 3952 3946 3953
f 3954 3955 3956
f 3957 3954 3958
f 3954 3956 3958
f 3958 3956 3959
f 3956 3960 3959
f 3959 3960 3961
f 3960 3962 3961
f 3961 3962 3945
f 3962 3963 3945
f 3945 3963 3946
f 3964 3965 3966
f 3957 3958 3967
f 3958 3968 3967
f 3967 3968 3969
f 3968 3964 3969
f 3969 3964 3970
f 3964 3966 3970
f 3970 3966 3971
f 3947 3941 3948
f 3941 3943 3948
f 3948 3943 3972
f 3943 3973 3972
f 3972 3973 3974
f 3973 3975 3974
f 3974 3975 3965
f 3975 3976 3965
f 3965 3976 3966
f 3977 3978 3979
f 3980 3981 3982
f 3983 3984 3985
f 3984 3986 3985
f 3985 3986 3987
f 3986 3980 3987
f 3987 3980 3988
f 3980 3982 3988
f 3988 3982 3989
f 3990 3991 3992
f 3993 3990 3994
f 3990 3992 3994
f 3994 3992 3995
f 3992 3996 3995
f 3995 3996 3997
f 3996 3998 3997
f 3997 3998 3981
f 3998 3999 3981
f 3981 3999 3982
f 4000 4001 4002
f 3993 3994 4003
f 3994 4004 4003
f 4003 4004 4005
f 4004 4000 4005
f 4005 4000 4006
f 4000 4002 4006
f 4006 4002 4007
f 3983 3977 3984
f 3977 3979 3984
f 3984 3979 4008
f 3979 4009 4008
f 4008 4009 4010
f 4009 4011 4010
f 4010 4011 4001
f 4011 4012 4001
f 4001 4012 4002
f 4013 4014 4015
f 4016 4017 4018
f 4019 4020 4021
f 4022 4019 4023
f 4019 4021 4023
f 4023 4021 4024
f 4021 4025 4024
f 4024 4025 4026
f 4025 4027 4026
f 4026 4027 4028
f 4027 4029 4028
f 4015 4014 4030
f 4022 4023 4031
f 4023 4032 4031
f 4031 4032 4033
f 4032 4030 4033
f 4033 4030 4034
f 4030 4014 4034
f 4034 4014 4035
f 4036 4037 4038
f 4013 4015 4039
f 4015 4040 4039
f 4039 4040 4041
f 4040 4042 4041
f 4041 4042 4038
f 4042 4043 4038
f 4038 4043 4036
f 4029 4016 4028
f 4016 4018 4028
f 4028 4018 4044
f 4018 4045 4044
f 4044 4045 4046
f 4045 4047 4046
f 4046 4047 4043
f 4047 4048 4043
f 4043 4048 4036
f 4049 4050 4051
f 4050 4052 4051
f 4051 4052 4053
f 4049 4054 4050
f 4054 4055 4050
f 4050 4055 4056
f 4055 4057 4056
f 4057 4058 4056
f 4058 4059 4056
f 4056 4059 4060
f 4059 4061 4060
f 4061 4062 4060
f 4062 4063 4060
f 4060 4063 4052
f 4063 4064 4052
f 4052 4064 4053
f 4065 4066 4067
f 4066 4068 4067
f 4067 4068 4069
f 4070 4071 4072
f 4071 4066 4072
f 4072 4066 4073
f 4066 4065 4073
f 4070 4074 4071
f 4074 4075 4071
f 4071 4075 4076
f 4075 4077 4076
f 4077 4078 4076
f 4078 4079 4076
f 4076 4079 4068
f 4079 4080 4068
f 4068 4080 4069
f 4081 4082 4083
f 4082 4084 4083
f 4083 4084 4085
f 4086 4087 4088
f 4087 4089 4088
f 4088 4089 4090
f 4084 4091 4085
f 4091 4092 4085
f 4085 4092 4088
f 4092 4093 4088
f 4088 4093 4086
f 4089 4094 4090
f 4094 4095 4090
f 4090 4095 4083
f 4095 4096 4083
f 4083 4096 4081
f 4097 4098 4099
f 4098 4100 4099
f 4099 4100 4101
f 4102 4103 4104
f 4103 4098 4104
f 4104 4098 4105
f 4098 4097 4105
f 4106 4107 4108
f 4107 4103 4108
f 4108 4103 4109
f 4103 4102 4109
f 4106 4110 4107
f 4110 4111 4107
f 4107 4111 4100
f 4111 4112 4100
f 4100 4112 4101
f 4113 4114 4115
f 4114 4116 4115
f 4115 4116 4117
f 4118 4119 4120
f 4119 4114 4120
f 4120 4114 4121
f 4114 4113 4121
f 4122 4123 4124
f 4123 4119 4124
f 4124 4119 4125
f 4119 4118 4125
f 4122 4126 4123
f 4126 4127 4123
f 4123 4127 4116
f 4127 4128 4116
f 4116 4128 4117

