# https://github.com/mikedh/trimesh
v 0.03397233 0.23313370 -0.09087635
v 0.03210138 0.23306500 -0.09017290
v 0.03387831 0.23293571 -0.09114575
v 0.03200736 0.23286701 -0.09044230
v 0.03381694 0.23265216 -0.09133666
v 0.03194600 0.23258345 -0.09063320
v 0.03379563 0.23231724 -0.09142605
v 0.03192468 0.23224854 -0.09072260
v 0.03261536 0.23262093 -0.09453550
v 0.03074441 0.23255223 -0.09383204
v 0.03259405 0.23296682 -0.09455840
v 0.03072310 0.23289811 -0.09385495
v 0.03253268 0.23328195 -0.09469084
v 0.03066173 0.23321325 -0.09398738
v 0.03243866 0.23352833 -0.09491684
v 0.03056771 0.23345962 -0.09421338
v 0.02756381 0.21094697 -0.10440148
v 0.02943475 0.21101568 -0.10510493
v 0.02771219 0.21090879 -0.10401056
v 0.02958314 0.21097750 -0.10471401
v 0.02930249 0.21049960 -0.09982087
v 0.03117344 0.21056830 -0.10052433
v 0.03133455 0.20997673 -0.09446738
v 0.03320549 0.21004544 -0.09517083
v 0.03345495 0.20943114 -0.08888113
v 0.03532590 0.20949984 -0.08958458
v 0.03442681 0.20918108 -0.08632076
v 0.03629775 0.20924978 -0.08702422
v 0.03601711 0.20877188 -0.08213107
v 0.03788805 0.20884058 -0.08283453
v 0.03769576 0.20833995 -0.07770862
v 0.03956671 0.20840865 -0.07841208
v 0.04028623 0.20767340 -0.07088397
v 0.04215718 0.20774211 -0.07158742
v 0.04134643 0.20740061 -0.06809084
v 0.04321738 0.20746931 -0.06879430
v 0.04321738 0.24023605 -0.06559406
v 0.04134644 0.24016735 -0.06489060
v 0.04317003 0.24074587 -0.06567019
v 0.04129909 0.24067716 -0.06496673
v 0.04304068 0.24114344 -0.06597539
v 0.04116973 0.24107474 -0.06527194
v 0.03404509 0.22135985 -0.08614653
v 0.03404509 0.21753276 -0.08652031
v 0.03591603 0.22142856 -0.08684998
v 0.03591603 0.21760147 -0.08722377
v 0.02939085 0.23567598 -0.09712698
v 0.03126179 0.23574468 -0.09783043
v 0.03999287 0.21322689 -0.07112183
v 0.04116973 0.21483762 -0.06783445
v 0.04186381 0.21329559 -0.07182528
v 0.04304068 0.21490632 -0.06853790
v 0.03939000 0.22427521 -0.07733239
v 0.03751906 0.22420651 -0.07662894
v 0.03956671 0.22409641 -0.07687990
v 0.03769576 0.22402770 -0.07617644
v 0.03974341 0.22418428 -0.07640135
v 0.03787246 0.22411558 -0.07569790
v 0.03685617 0.23152975 -0.08336299
v 0.03498522 0.23146104 -0.08265954
v 0.03683485 0.23187563 -0.08338590
v 0.03496391 0.23180692 -0.08268244
v 0.03677349 0.23219076 -0.08351833
v 0.03490254 0.23212206 -0.08281488
v 0.03667947 0.23243714 -0.08374433
v 0.03480852 0.23236843 -0.08304088
v 0.03302879 0.21556891 -0.09510133
v 0.03115785 0.21550020 -0.09439788
v 0.03320549 0.21539010 -0.09464884
v 0.03133455 0.21532139 -0.09394538
v 0.03338219 0.21547797 -0.09417029
v 0.03151125 0.21540927 -0.09346684
v 0.02943475 0.25281678 -0.10102233
v 0.02756381 0.25274807 -0.10031888
v 0.02958314 0.25277860 -0.10063141
v 0.02771219 0.25270989 -0.09992796
v 0.03117344 0.25236940 -0.09644172
v 0.02930249 0.25230070 -0.09573827
v 0.03320549 0.25184654 -0.09108823
v 0.03133455 0.25177784 -0.09038478
v 0.03532590 0.25130095 -0.08550198
v 0.03345495 0.25123224 -0.08479852
v 0.03629775 0.25105088 -0.08294161
v 0.03442681 0.25098218 -0.08223816
v 0.03788805 0.25064169 -0.07875192
v 0.03601711 0.25057298 -0.07804847
v 0.03956671 0.25020976 -0.07432948
v 0.03769576 0.25014105 -0.07362602
v 0.04215718 0.24954321 -0.06750482
v 0.04028623 0.24947451 -0.06680136
v 0.04321738 0.24927042 -0.06471169
v 0.04134644 0.24920171 -0.06400824
v 0.03828590 0.24095484 -0.07295366
v 0.03828590 0.23712776 -0.07332744
v 0.04015684 0.24102355 -0.07365712
v 0.04015684 0.23719646 -0.07403090
v 0.03692893 0.22147975 -0.07846481
v 0.03575206 0.22369611 -0.08137841
v 0.03879987 0.22154845 -0.07916826
v 0.03762300 0.22376481 -0.08208186
v 0.02939085 0.22629795 -0.09804291
v 0.03056771 0.22790868 -0.09475553
v 0.03126179 0.22636666 -0.09874636
v 0.03243866 0.22797739 -0.09545898
v 0.02980428 0.24313722 -0.09529867
v 0.02980428 0.23931014 -0.09567245
v 0.03167522 0.24320593 -0.09600213
v 0.03167522 0.23937884 -0.09637591
v 0.03821314 0.23204251 -0.07970385
v 0.03634219 0.23197381 -0.07900039
v 0.03811912 0.23184452 -0.07997325
v 0.03624817 0.23177582 -0.07926979
v 0.03805775 0.23156097 -0.08016415
v 0.03618680 0.23149227 -0.07946070
v 0.03803644 0.23122605 -0.08025355
v 0.03616549 0.23115735 -0.07955010
v 0.03550260 0.23465350 -0.08665793
v 0.03363165 0.23458479 -0.08595448
v 0.03532590 0.23483230 -0.08711043
v 0.03345495 0.23476360 -0.08640697
v 0.03514920 0.23474443 -0.08758897
v 0.03327825 0.23467572 -0.08688552
v 0.03455906 0.21708870 -0.09088291
v 0.03268812 0.21702000 -0.09017946
v 0.03468842 0.21741971 -0.09050655
v 0.03281747 0.21735100 -0.08980309
v 0.03473576 0.21790516 -0.09033321
v 0.03286482 0.21783645 -0.08962976
v 0.02650361 0.25003508 -0.10340362
v 0.02837455 0.25010379 -0.10410707
v 0.02650361 0.24771875 -0.10362985
v 0.02837455 0.24778745 -0.10433330
v 0.02650361 0.23690142 -0.10468635
v 0.02837455 0.23697012 -0.10538980
v 0.02650361 0.22655833 -0.10569653
v 0.02837455 0.22662703 -0.10639999
v 0.02650361 0.21420556 -0.10690299
v 0.02837455 0.21427427 -0.10760645
v 0.03846260 0.23622037 -0.07294610
v 0.03963946 0.23400400 -0.07003251
v 0.04033354 0.23628907 -0.07364956
v 0.04151041 0.23407271 -0.07073596
v 0.03539866 0.22378704 -0.08230945
v 0.03422179 0.22217631 -0.08559683
v 0.03726960 0.22385574 -0.08301290
v 0.03609273 0.22224502 -0.08630028
v 0.03261536 0.22879384 -0.09490928
v 0.03074441 0.22872514 -0.09420583
v 0.02998098 0.23840274 -0.09529111
v 0.03115785 0.23618638 -0.09237752
v 0.03185192 0.23847145 -0.09599457
v 0.03302879 0.23625509 -0.09308097
v 0.03803644 0.22739896 -0.08062733
v 0.03616549 0.22733026 -0.07992388
v 0.03805775 0.22705308 -0.08060443
v 0.03618680 0.22698438 -0.07990097
v 0.03811912 0.22673795 -0.08047199
v 0.03624817 0.22666924 -0.07976854
v 0.03821314 0.22649157 -0.08024599
v 0.03634219 0.22642287 -0.07954254
v 0.04092027 0.22579501 -0.07311397
v 0.03904933 0.22572630 -0.07241052
v 0.04101430 0.22599300 -0.07284458
v 0.03914335 0.22592429 -0.07214112
v 0.04107566 0.22627655 -0.07265367
v 0.03920472 0.22620785 -0.07195021
v 0.04109698 0.22661147 -0.07256427
v 0.03922603 0.22654276 -0.07186082
v 0.03379563 0.22849015 -0.09179984
v 0.03192468 0.22842145 -0.09109638
v 0.03381694 0.22814427 -0.09177693
v 0.03194600 0.22807556 -0.09107348
v 0.03387831 0.22782913 -0.09164450
v 0.03200736 0.22776043 -0.09094104
v 0.03397233 0.22758276 -0.09141850
v 0.03210138 0.22751406 -0.09071504
v 0.03108509 0.23592349 -0.09828293
v 0.02921414 0.23585479 -0.09757948
v 0.03090839 0.23583562 -0.09876148
v 0.02903745 0.23576691 -0.09805802
v 0.04240664 0.21011360 -0.06500610
v 0.04427758 0.21018231 -0.06570955
v 0.04240664 0.22246637 -0.06379964
v 0.04427758 0.22253507 -0.06450309
v 0.04240664 0.23280946 -0.06278946
v 0.04427758 0.23287816 -0.06349291
v 0.04240664 0.24362679 -0.06173296
v 0.04427758 0.24369550 -0.06243641
v 0.04240664 0.24594312 -0.06150673
v 0.04427758 0.24601183 -0.06221018
v 0.04186381 0.24335981 -0.06888899
v 0.03999287 0.24329110 -0.06818554
v 0.04168711 0.24353861 -0.06934149
v 0.03981617 0.24346991 -0.06863804
v 0.04151041 0.24345074 -0.06982003
v 0.03963946 0.24338203 -0.06911658
v 0.03422179 0.21662537 -0.08613897
v 0.03539866 0.21440901 -0.08322537
v 0.03609273 0.21669408 -0.08684243
v 0.03726960 0.21447772 -0.08392883
v 0.02786057 0.23415619 -0.10134540
v 0.02973152 0.23422489 -0.10204886
v 0.04321738 0.21954987 -0.06761442
v 0.04321738 0.21572278 -0.06798820
v 0.04134644 0.21948117 -0.06691097
v 0.04134644 0.21565408 -0.06728475
v 0.03897657 0.24132724 -0.07676656
v 0.03710563 0.24125854 -0.07606310
v 0.03892922 0.24183706 -0.07684269
v 0.03705828 0.24176835 -0.07613924
v 0.03879987 0.24223463 -0.07714790
v 0.03692893 0.24216593 -0.07644444
v 0.03514920 0.22536640 -0.08850490
v 0.03327825 0.22529770 -0.08780145
v 0.03532590 0.22518760 -0.08805240
v 0.03345495 0.22511889 -0.08734895
v 0.03550260 0.22527547 -0.08757386
v 0.03363165 0.22520676 -0.08687040
v 0.02963750 0.23402690 -0.10231825
v 0.02776656 0.23395820 -0.10161480
v 0.02957613 0.23374335 -0.10250917
v 0.02770519 0.23367464 -0.10180571
v 0.02955482 0.23340843 -0.10259856
v 0.02768388 0.23333973 -0.10189510
v 0.03773967 0.24769408 -0.07943446
v 0.03586872 0.24762537 -0.07873100
v 0.03766865 0.24845880 -0.07954866
v 0.03579770 0.24839009 -0.07884520
v 0.03747462 0.24905516 -0.08000647
v 0.03560367 0.24898646 -0.07930301
v 0.03720957 0.24932337 -0.08068521
v 0.03533862 0.24925467 -0.07998176
v 0.03694452 0.24919156 -0.08140303
v 0.03507357 0.24912286 -0.08069958
v 0.03675049 0.24869505 -0.08196758
v 0.03487954 0.24862634 -0.08126412
v 0.03667947 0.24796687 -0.08222759
v 0.03480852 0.24789817 -0.08152413
v 0.03675049 0.24720215 -0.08211338
v 0.03487954 0.24713345 -0.08140993
v 0.03694452 0.24660579 -0.08165558
v 0.03507357 0.24653708 -0.08095212
v 0.03720957 0.24633758 -0.08097683
v 0.03533862 0.24626887 -0.08027337
v 0.03747462 0.24646939 -0.08025901
v 0.03560367 0.24640068 -0.07955556
v 0.03766865 0.24696590 -0.07969447
v 0.03579770 0.24689720 -0.07899101
v 0.04033354 0.24184001 -0.07310741
v 0.03846260 0.24177130 -0.07240396
v 0.04020419 0.24150900 -0.07348378
v 0.03833324 0.24144029 -0.07278032
v 0.04015684 0.24102355 -0.07365712
v 0.03828590 0.24095484 -0.07295366
v 0.03575206 0.23500426 -0.08027397
v 0.03692893 0.23661499 -0.07698659
v 0.03762300 0.23507297 -0.08097742
v 0.03879987 0.23668369 -0.07769004
v 0.02768388 0.23333973 -0.10189510
v 0.02768388 0.22951264 -0.10226888
v 0.02955482 0.23340843 -0.10259856
v 0.02955482 0.22958134 -0.10297234
v 0.04116973 0.22038856 -0.06729230
v 0.03999287 0.22260492 -0.07020590
v 0.04304068 0.22045726 -0.06799576
v 0.04186381 0.22267362 -0.07090936
v 0.03762300 0.24445099 -0.08006149
v 0.03575206 0.24438229 -0.07935804
v 0.03744630 0.24462980 -0.08051399
v 0.03557536 0.24456109 -0.07981054
v 0.03726960 0.24454193 -0.08099254
v 0.03539866 0.24447322 -0.08028908
v 0.03667947 0.22688620 -0.08428648
v 0.03480852 0.22681749 -0.08358302
v 0.03677349 0.22708419 -0.08401708
v 0.03490254 0.22701548 -0.08331363
v 0.03683485 0.22736774 -0.08382617
v 0.03496391 0.22729903 -0.08312271
v 0.03685617 0.22770265 -0.08373678
v 0.03498522 0.22763395 -0.08303332
v 0.02955482 0.22958134 -0.10297234
v 0.02768388 0.22951264 -0.10226888
v 0.02957613 0.22923546 -0.10294944
v 0.02770519 0.22916675 -0.10224598
v 0.02963750 0.22892032 -0.10281700
v 0.02776656 0.22885162 -0.10211354
v 0.02973152 0.22867395 -0.10259100
v 0.02786057 0.22860525 -0.10188755
v 0.03769576 0.24483893 -0.07414387
v 0.03769576 0.25014105 -0.07362602
v 0.03601711 0.25057298 -0.07804847
v 0.03575206 0.24438229 -0.07935804
v 0.03601711 0.24388313 -0.07870185
v 0.03601711 0.24527086 -0.07856631
v 0.04134644 0.24920171 -0.06400824
v 0.04028623 0.24947451 -0.06680136
v 0.04028623 0.24417239 -0.06731921
v 0.04240664 0.24362679 -0.06173296
v 0.04240664 0.24594312 -0.06150673
v 0.04226460 0.24747257 -0.06173513
v 0.04187654 0.24866529 -0.06265074
v 0.04028623 0.22205243 -0.06947961
v 0.04116973 0.22038856 -0.06729230
v 0.04240664 0.22246637 -0.06379964
v 0.04240664 0.21011360 -0.06500610
v 0.04129909 0.21516863 -0.06745808
v 0.04116973 0.21483762 -0.06783445
v 0.04129909 0.21999098 -0.06698710
v 0.04134644 0.21948117 -0.06691097
v 0.04134644 0.21565408 -0.06728475
v 0.04028623 0.21362841 -0.07030236
v 0.04028623 0.21034573 -0.07062297
v 0.04237681 0.20980781 -0.06511529
v 0.04187654 0.20766423 -0.06665521
v 0.04226460 0.20865725 -0.06552612
v 0.02703371 0.21148339 -0.10575897
v 0.02756381 0.21094697 -0.10440148
v 0.02664565 0.21267612 -0.10667459
v 0.02771219 0.21358112 -0.10374956
v 0.02653343 0.21388442 -0.10685504
v 0.02650361 0.21420556 -0.10690299
v 0.02771219 0.22624735 -0.10251248
v 0.02650361 0.22655833 -0.10569653
v 0.02771219 0.25270989 -0.09992796
v 0.02756381 0.25274807 -0.10031888
v 0.02771219 0.24740777 -0.10044580
v 0.02703371 0.25248446 -0.10175451
v 0.04129909 0.24067716 -0.06496673
v 0.04134644 0.24016735 -0.06489060
v 0.04240664 0.23280946 -0.06278946
v 0.04132512 0.23600534 -0.06535378
v 0.04126376 0.23572179 -0.06554469
v 0.04134644 0.23634026 -0.06526438
v 0.03981617 0.24346991 -0.06863804
v 0.03999287 0.24329110 -0.06818554
v 0.04028623 0.24273861 -0.06745924
v 0.04116973 0.24107474 -0.06527194
v 0.04116973 0.23552380 -0.06581409
v 0.04028623 0.23431459 -0.06828199
v 0.04028623 0.23335505 -0.06837571
v 0.03999287 0.23391307 -0.06910146
v 0.03846260 0.23622037 -0.07294610
v 0.03836858 0.23646674 -0.07317210
v 0.03769576 0.23402160 -0.07520037
v 0.03963946 0.24338203 -0.06911658
v 0.03846260 0.24177130 -0.07240396
v 0.03833324 0.24144029 -0.07278032
v 0.03987753 0.23382453 -0.06941686
v 0.03975480 0.23385611 -0.06974021
v 0.03963946 0.23400400 -0.07003251
v 0.03830721 0.23678187 -0.07330454
v 0.03828590 0.23712776 -0.07332744
v 0.03828590 0.24095484 -0.07295366
v 0.03999287 0.21322689 -0.07112183
v 0.03981617 0.21313902 -0.07160037
v 0.03769576 0.21101228 -0.07744762
v 0.03963946 0.21331782 -0.07205287
v 0.03846260 0.21553418 -0.07496647
v 0.03833324 0.21593176 -0.07527167
v 0.03828590 0.21644157 -0.07534781
v 0.03769576 0.22367851 -0.07621055
v 0.03828590 0.22026866 -0.07497403
v 0.03833324 0.22075411 -0.07480069
v 0.03846260 0.22108512 -0.07442432
v 0.03963946 0.22269585 -0.07113694
v 0.03975480 0.22278439 -0.07082155
v 0.04028623 0.22301196 -0.06938589
v 0.03987753 0.22275281 -0.07049820
v 0.03999287 0.22260492 -0.07020590
v 0.03345495 0.23511279 -0.08637287
v 0.03284351 0.23818772 -0.08769879
v 0.03278214 0.23790417 -0.08788970
v 0.03115785 0.24556441 -0.09146159
v 0.03133455 0.24565228 -0.09098304
v 0.03133455 0.24647571 -0.09090262
v 0.03151125 0.24547348 -0.09053055
v 0.03345495 0.24593012 -0.08531637
v 0.03268812 0.24325711 -0.08761695
v 0.03281747 0.24285954 -0.08731174
v 0.03286482 0.24234972 -0.08723561
v 0.03286482 0.23852264 -0.08760939
v 0.03133455 0.23600758 -0.09192502
v 0.03133455 0.23565838 -0.09195912
v 0.03151125 0.23609545 -0.09144647
v 0.03268812 0.23770618 -0.08815909
v 0.03115785 0.23618638 -0.09237752
v 0.02930249 0.23618125 -0.09731261
v 0.02998098 0.23840274 -0.09529111
v 0.02988696 0.23864912 -0.09551711
v 0.02980428 0.24313722 -0.09529867
v 0.02930249 0.24699858 -0.09625611
v 0.02980428 0.23931014 -0.09567245
v 0.02982559 0.23896425 -0.09564955
v 0.02982559 0.24347214 -0.09520928
v 0.02988696 0.24375569 -0.09501837
v 0.02998098 0.24395368 -0.09474897
v 0.03268812 0.22257093 -0.08963731
v 0.03281747 0.22217336 -0.08933211
v 0.03345495 0.22476970 -0.08738305
v 0.03133455 0.22531529 -0.09296930
v 0.03133455 0.22495098 -0.09300489
v 0.03139592 0.22493519 -0.09284321
v 0.03151125 0.22478730 -0.09255091
v 0.03286482 0.22166354 -0.08925597
v 0.03286482 0.21783645 -0.08962976
v 0.03345495 0.21210347 -0.08862013
v 0.03151125 0.21540927 -0.09346684
v 0.03133455 0.21264906 -0.09420638
v 0.03268812 0.21702000 -0.09017946
v 0.03281747 0.21735100 -0.08980309
v 0.02980428 0.22245104 -0.09731904
v 0.02985163 0.22293649 -0.09714570
v 0.02930249 0.22583815 -0.09832280
v 0.02930249 0.21317193 -0.09955987
v 0.02985163 0.21811414 -0.09761668
v 0.02980428 0.21862395 -0.09769282
v 0.03133455 0.21532139 -0.09394538
v 0.03115785 0.21550020 -0.09439788
v 0.02998098 0.21771656 -0.09731148
v 0.02998098 0.22326750 -0.09676933
v 0.03115785 0.22487823 -0.09348195
v 0.03127318 0.22496677 -0.09316656
v 0.03056771 0.23345962 -0.09421338
v 0.03066173 0.23321325 -0.09398738
v 0.03072310 0.23289811 -0.09385495
v 0.03074441 0.23255223 -0.09383204
v 0.03074441 0.22872514 -0.09420583
v 0.03072310 0.22839022 -0.09429522
v 0.02939085 0.22629795 -0.09804291
v 0.03056771 0.22790868 -0.09475553
v 0.03066173 0.22810667 -0.09448613
v 0.02939085 0.23567598 -0.09712698
v 0.02903745 0.23576691 -0.09805802
v 0.02921414 0.23585479 -0.09757948
v 0.02930249 0.23576538 -0.09735323
v 0.02770519 0.23367464 -0.10180571
v 0.02771219 0.23370701 -0.10178392
v 0.02771219 0.23659044 -0.10150230
v 0.02776656 0.23395820 -0.10161480
v 0.02786057 0.23415619 -0.10134540
v 0.02768388 0.22951264 -0.10226888
v 0.02650361 0.23690142 -0.10468635
v 0.02768388 0.23333973 -0.10189510
v 0.02786057 0.22860525 -0.10188755
v 0.02776656 0.22885162 -0.10211354
v 0.02771219 0.22913079 -0.10223087
v 0.02770519 0.22916675 -0.10224598
v 0.02930249 0.22625402 -0.09828218
v 0.02921414 0.22621008 -0.09852145
v 0.02903745 0.22638889 -0.09897395
v 0.03904933 0.23127724 -0.07186837
v 0.03914335 0.23103087 -0.07164238
v 0.03920472 0.22620785 -0.07195021
v 0.03914335 0.22592429 -0.07214112
v 0.03769576 0.23365729 -0.07523595
v 0.03775713 0.23364150 -0.07507427
v 0.03787246 0.23349360 -0.07478197
v 0.03920472 0.23071574 -0.07150994
v 0.03922603 0.23036985 -0.07148703
v 0.03922603 0.22654276 -0.07186082
v 0.03634219 0.22642287 -0.07954254
v 0.03624817 0.22666924 -0.07976854
v 0.03601711 0.22411044 -0.08063300
v 0.03904933 0.22572630 -0.07241052
v 0.03787246 0.22411558 -0.07569790
v 0.03769576 0.22402770 -0.07617644
v 0.03751906 0.22420651 -0.07662894
v 0.03601711 0.23445353 -0.07962281
v 0.03618680 0.23149227 -0.07946070
v 0.03624817 0.23177582 -0.07926979
v 0.03618680 0.22698438 -0.07990097
v 0.03616549 0.22733026 -0.07992388
v 0.03616549 0.23115735 -0.07955010
v 0.03634219 0.23197381 -0.07900039
v 0.03751906 0.23358454 -0.07571301
v 0.03763439 0.23367308 -0.07539762
v 0.03692893 0.24216593 -0.07644444
v 0.03705828 0.24176835 -0.07613924
v 0.03710563 0.24125854 -0.07606310
v 0.03710563 0.23743145 -0.07643689
v 0.03708431 0.23709653 -0.07652628
v 0.03442681 0.24568006 -0.08275600
v 0.03539866 0.24447322 -0.08028908
v 0.03557536 0.24456109 -0.07981054
v 0.03412777 0.23755793 -0.08434461
v 0.03406640 0.23787306 -0.08447704
v 0.03404509 0.23821895 -0.08449995
v 0.03404509 0.24204603 -0.08412617
v 0.03406640 0.24238095 -0.08403677
v 0.03412777 0.24266450 -0.08384586
v 0.03422179 0.24286249 -0.08357646
v 0.03442681 0.24314309 -0.08300378
v 0.03575206 0.23500426 -0.08027397
v 0.03557536 0.23491639 -0.08075251
v 0.03702295 0.23681298 -0.07671719
v 0.03692893 0.23661499 -0.07698659
v 0.03601711 0.23536702 -0.07953360
v 0.03539866 0.23509519 -0.08120501
v 0.03442681 0.23486273 -0.08381250
v 0.03442681 0.23692545 -0.08361104
v 0.03422179 0.23731156 -0.08411861
v 0.03601711 0.21468084 -0.08155396
v 0.03601711 0.21144421 -0.08187007
v 0.03692893 0.21592881 -0.07900695
v 0.03705828 0.22108217 -0.07815960
v 0.03710563 0.22057235 -0.07808347
v 0.03710563 0.21674527 -0.07845725
v 0.03705828 0.21625982 -0.07863059
v 0.03551399 0.22387558 -0.08199406
v 0.03563672 0.22384400 -0.08167071
v 0.03575206 0.22369611 -0.08137841
v 0.03601711 0.22319695 -0.08072221
v 0.03692893 0.22147975 -0.07846481
v 0.03442681 0.22451963 -0.08482269
v 0.03442681 0.22245691 -0.08502415
v 0.03539866 0.22378704 -0.08230945
v 0.03442681 0.21185341 -0.08605976
v 0.03442681 0.21623927 -0.08563141
v 0.03422179 0.21662537 -0.08613897
v 0.03422179 0.22217631 -0.08559683
v 0.03409243 0.22184530 -0.08597319
v 0.03409243 0.21702295 -0.08644418
v 0.03404509 0.21753276 -0.08652031
v 0.03404509 0.22135985 -0.08614653
v 0.03575206 0.21431808 -0.08229433
v 0.03557536 0.21423020 -0.08277288
v 0.03539866 0.21440901 -0.08322537
v 0.03480852 0.23236843 -0.08304088
v 0.03490254 0.23212206 -0.08281488
v 0.03442681 0.23308731 -0.08398590
v 0.03496391 0.22729903 -0.08312271
v 0.03490254 0.22701548 -0.08331363
v 0.03480852 0.22681749 -0.08358302
v 0.03496391 0.23180692 -0.08268244
v 0.03498522 0.23146104 -0.08265954
v 0.03498522 0.22763395 -0.08303332
v 0.03210138 0.22751406 -0.09071504
v 0.03200736 0.22776043 -0.09094104
v 0.03194600 0.23258345 -0.09063320
v 0.03200736 0.23286701 -0.09044230
v 0.03194600 0.22807556 -0.09107348
v 0.03192468 0.22842145 -0.09109638
v 0.03192468 0.23224854 -0.09072260
v 0.03210138 0.23306500 -0.09017290
v 0.03327825 0.23467572 -0.08688552
v 0.03345495 0.23476360 -0.08640697
v 0.03363165 0.23458479 -0.08595448
v 0.03442681 0.22629505 -0.08464928
v 0.03363165 0.22520676 -0.08687040
v 0.03345495 0.22511889 -0.08734895
v 0.03327825 0.22529770 -0.08780145
v 0.03586872 0.24762537 -0.07873100
v 0.03579770 0.24689720 -0.07899101
v 0.03487954 0.24713345 -0.08140993
v 0.03480852 0.24789817 -0.08152413
v 0.03560367 0.24640068 -0.07955556
v 0.03533862 0.24626887 -0.08027337
v 0.03507357 0.24653708 -0.08095212
v 0.03533862 0.24925467 -0.07998176
v 0.03560367 0.24898646 -0.07930301
v 0.03579770 0.24839009 -0.07884520
v 0.03507357 0.24912286 -0.08069958
v 0.03442681 0.25098218 -0.08223816
v 0.03487954 0.24862634 -0.08126412
v 0.02930249 0.25230070 -0.09573827
v 0.03133455 0.25177784 -0.09038478
v 0.03345495 0.25123224 -0.08479852
v 0.02827061 0.24808752 -0.09889421
v 0.02800556 0.24835573 -0.09957296
v 0.02880071 0.24944402 -0.09735184
v 0.02872969 0.24871584 -0.09761185
v 0.02853566 0.24821933 -0.09817640
v 0.02781153 0.25044499 -0.09988496
v 0.02774051 0.24971682 -0.10014497
v 0.02781153 0.24895209 -0.10003077
v 0.02800556 0.25094150 -0.09932042
v 0.02827061 0.25107331 -0.09860260
v 0.02853566 0.25080511 -0.09792385
v 0.02872969 0.25020874 -0.09746604
v 0.02650361 0.24771875 -0.10362985
v 0.02650361 0.25003508 -0.10340362
v 0.02664565 0.25149143 -0.10288360
v 0.02771219 0.21090879 -0.10401056
v 0.02930249 0.21049960 -0.09982087
v 0.03133455 0.20997673 -0.09446738
v 0.03345495 0.20943114 -0.08888113
v 0.03442681 0.20918108 -0.08632076
v 0.03601711 0.20877188 -0.08213107
v 0.03769576 0.20833995 -0.07770862
v 0.04028623 0.20767340 -0.07088397
v 0.04134643 0.20740061 -0.06809084
v 0.04015684 0.23719646 -0.07403090
v 0.03828590 0.23712776 -0.07332744
v 0.04017815 0.23685058 -0.07400799
v 0.03830721 0.23678187 -0.07330454
v 0.04023952 0.23653544 -0.07387556
v 0.03836858 0.23646674 -0.07317210
v 0.03897657 0.23750015 -0.07714034
v 0.03710563 0.23743145 -0.07643689
v 0.02903745 0.22638889 -0.09897395
v 0.03090839 0.22645759 -0.09967740
v 0.03963946 0.22269585 -0.07113694
v 0.03846260 0.22108512 -0.07442432
v 0.04151041 0.22276455 -0.07184040
v 0.04033354 0.22115383 -0.07512778
v 0.03609273 0.24293120 -0.08427992
v 0.03422179 0.24286249 -0.08357646
v 0.03599871 0.24273321 -0.08454931
v 0.03412777 0.24266450 -0.08384586
v 0.03593734 0.24244966 -0.08474023
v 0.03406640 0.24238095 -0.08403677
v 0.03591603 0.24211474 -0.08482962
v 0.03404509 0.24204603 -0.08412617
v 0.03473576 0.24241843 -0.08793906
v 0.03286482 0.24234972 -0.08723561
v 0.03468842 0.24292824 -0.08801520
v 0.03281747 0.24285954 -0.08731174
v 0.03455906 0.24332582 -0.08832040
v 0.03268812 0.24325711 -0.08761695
v 0.03108509 0.22627878 -0.09922491
v 0.02921414 0.22621008 -0.09852145
v 0.04186381 0.21329559 -0.07182528
v 0.04215718 0.21369711 -0.07100581
v 0.04215718 0.21041444 -0.07132642
v 0.04304068 0.24114344 -0.06597539
v 0.04215718 0.24280732 -0.06816270
v 0.04215718 0.24424109 -0.06802266
v 0.04186381 0.23398178 -0.06980492
v 0.04215718 0.23438330 -0.06898545
v 0.04215718 0.23342376 -0.06907916
v 0.02837455 0.21427427 -0.10760645
v 0.02837455 0.22662703 -0.10639999
v 0.02958314 0.22631605 -0.10321594
v 0.02958314 0.21364983 -0.10445301
v 0.02958314 0.21097750 -0.10471401
v 0.02943475 0.21101568 -0.10510493
v 0.02890465 0.21155209 -0.10646243
v 0.02851659 0.21274482 -0.10737805
v 0.02840437 0.21395313 -0.10755849
v 0.04424776 0.20987652 -0.06581874
v 0.04413554 0.20872596 -0.06622957
v 0.04427758 0.22253507 -0.06450309
v 0.04317003 0.22005969 -0.06769055
v 0.04304068 0.22045726 -0.06799576
v 0.04304068 0.21490632 -0.06853790
v 0.04427758 0.21018231 -0.06570955
v 0.04317003 0.21523733 -0.06816154
v 0.04321738 0.21572278 -0.06798820
v 0.04321738 0.21954987 -0.06761442
v 0.04321738 0.24927042 -0.06471169
v 0.04374748 0.24873400 -0.06335420
v 0.02837455 0.24778745 -0.10433330
v 0.02837455 0.25010379 -0.10410707
v 0.02958314 0.24747648 -0.10114926
v 0.02851659 0.25156013 -0.10358706
v 0.04186381 0.24335981 -0.06888899
v 0.04168711 0.24353861 -0.06934149
v 0.03956671 0.24490764 -0.07484732
v 0.04151041 0.24345074 -0.06982003
v 0.04033354 0.24184001 -0.07310741
v 0.03956671 0.23409031 -0.07590382
v 0.04017815 0.23685058 -0.07400799
v 0.04023952 0.23653544 -0.07387556
v 0.04162574 0.23392481 -0.07044366
v 0.04174848 0.23389323 -0.07012031
v 0.04020419 0.24150900 -0.07348378
v 0.04015684 0.24102355 -0.07365712
v 0.04015684 0.23719646 -0.07403090
v 0.04033354 0.23628907 -0.07364956
v 0.04151041 0.23407271 -0.07073596
v 0.04304068 0.23559251 -0.06651754
v 0.04313470 0.23579049 -0.06624814
v 0.04427758 0.23287816 -0.06349291
v 0.04317003 0.24074587 -0.06567019
v 0.04427758 0.24369550 -0.06243641
v 0.04427758 0.24601183 -0.06221018
v 0.04413554 0.24754127 -0.06243858
v 0.04319607 0.23607405 -0.06605723
v 0.04321738 0.23640896 -0.06596784
v 0.04321738 0.24023605 -0.06559406
v 0.04033354 0.22115383 -0.07512778
v 0.04020419 0.22082282 -0.07550414
v 0.03956671 0.22374721 -0.07691400
v 0.04215718 0.22308067 -0.07008935
v 0.04215718 0.22212113 -0.07018306
v 0.04186381 0.22267362 -0.07090936
v 0.04174848 0.22282152 -0.07120166
v 0.04162574 0.22285310 -0.07152500
v 0.04151041 0.22276455 -0.07184040
v 0.04015684 0.22033737 -0.07567748
v 0.04015684 0.21651028 -0.07605126
v 0.03956671 0.21108099 -0.07815108
v 0.04020419 0.21600046 -0.07597513
v 0.04033354 0.21560289 -0.07566992
v 0.04151041 0.21338653 -0.07275632
v 0.04168711 0.21320772 -0.07230383
v 0.03175790 0.24382440 -0.09572182
v 0.03169654 0.24354085 -0.09591273
v 0.03117344 0.24706728 -0.09695957
v 0.03167522 0.24320593 -0.09600213
v 0.03167522 0.23937884 -0.09637591
v 0.03117344 0.23624995 -0.09801607
v 0.03169654 0.23903295 -0.09635300
v 0.03175790 0.23871782 -0.09622057
v 0.03338219 0.24554218 -0.09123400
v 0.03320549 0.24572099 -0.09168650
v 0.03320549 0.24654442 -0.09160608
v 0.03302879 0.24563312 -0.09216504
v 0.03185192 0.24402238 -0.09545242
v 0.03455906 0.23777488 -0.08886255
v 0.03465308 0.23797287 -0.08859315
v 0.03532590 0.23518149 -0.08707632
v 0.03185192 0.23847145 -0.09599457
v 0.03302879 0.23625509 -0.09308097
v 0.03320549 0.23572709 -0.09266258
v 0.03320549 0.23607628 -0.09262847
v 0.03338219 0.23616415 -0.09214993
v 0.03455906 0.24332582 -0.08832040
v 0.03532590 0.24599882 -0.08601982
v 0.03468842 0.24292824 -0.08801520
v 0.03471445 0.23825642 -0.08840224
v 0.03473576 0.23859134 -0.08831285
v 0.03473576 0.24241843 -0.08793906
v 0.03320549 0.22538400 -0.09367276
v 0.03320549 0.22501969 -0.09370834
v 0.03314413 0.22503548 -0.09387001
v 0.03185192 0.22333620 -0.09747279
v 0.03172257 0.22300520 -0.09784915
v 0.03117344 0.22590686 -0.09902625
v 0.03167522 0.22251975 -0.09802249
v 0.03302879 0.22494693 -0.09418541
v 0.03167522 0.21869266 -0.09839627
v 0.03172257 0.21818284 -0.09832014
v 0.03117344 0.21324063 -0.10026333
v 0.03185192 0.21778527 -0.09801493
v 0.03320549 0.21271777 -0.09490984
v 0.03302879 0.21556891 -0.09510133
v 0.03320549 0.21539010 -0.09464884
v 0.03338219 0.21547797 -0.09417029
v 0.03532590 0.21217217 -0.08932358
v 0.03455906 0.21708870 -0.09088291
v 0.03468842 0.21741971 -0.09050655
v 0.03473576 0.21790516 -0.09033321
v 0.03532590 0.22483840 -0.08808651
v 0.03473576 0.22173225 -0.08995943
v 0.03468842 0.22224206 -0.09003556
v 0.03455906 0.22263964 -0.09034077
v 0.03338219 0.22485600 -0.09325436
v 0.03326686 0.22500390 -0.09354667
v 0.03108509 0.22627878 -0.09922491
v 0.03090839 0.22645759 -0.09967740
v 0.02973152 0.22867395 -0.10259100
v 0.02963750 0.22892032 -0.10281700
v 0.02837455 0.23697012 -0.10538980
v 0.02955482 0.23340843 -0.10259856
v 0.02955482 0.22958134 -0.10297234
v 0.02957613 0.22923546 -0.10294944
v 0.02958314 0.22919949 -0.10293432
v 0.03117344 0.23583409 -0.09805668
v 0.03108509 0.23592349 -0.09828293
v 0.02973152 0.23422489 -0.10204886
v 0.02963750 0.23402690 -0.10231825
v 0.02958314 0.23665915 -0.10220576
v 0.02958314 0.23377571 -0.10248737
v 0.02957613 0.23374335 -0.10250917
v 0.03090839 0.23583562 -0.09876148
v 0.03117344 0.22632272 -0.09898563
v 0.03126179 0.22636666 -0.09874636
v 0.03243866 0.22797739 -0.09545898
v 0.03253268 0.22817537 -0.09518958
v 0.03259405 0.22845893 -0.09499868
v 0.03261536 0.22879384 -0.09490928
v 0.03261536 0.23262093 -0.09453550
v 0.03259405 0.23296682 -0.09455840
v 0.03253268 0.23328195 -0.09469084
v 0.03243866 0.23352833 -0.09491684
v 0.03126179 0.23574468 -0.09783043
v 0.03805775 0.22705308 -0.08060443
v 0.03811912 0.22673795 -0.08047199
v 0.03788805 0.22417914 -0.08133645
v 0.03956671 0.23372599 -0.07593940
v 0.03950534 0.23374178 -0.07610107
v 0.03939001 0.23365324 -0.07641647
v 0.03788805 0.23452223 -0.08032627
v 0.03821314 0.23204251 -0.07970385
v 0.03811912 0.23184452 -0.07997325
v 0.03805775 0.23156097 -0.08016415
v 0.03803644 0.23122605 -0.08025355
v 0.03803644 0.22739896 -0.08062733
v 0.04092027 0.22579501 -0.07311397
v 0.04101430 0.22599300 -0.07284458
v 0.03821314 0.22649157 -0.08024599
v 0.03939000 0.22427521 -0.07733239
v 0.03956671 0.22409641 -0.07687990
v 0.03974341 0.22418428 -0.07640135
v 0.04107566 0.23078444 -0.07221339
v 0.04101430 0.23109957 -0.07234583
v 0.04107566 0.22627655 -0.07265367
v 0.04109698 0.22661147 -0.07256427
v 0.04109698 0.23043856 -0.07219049
v 0.04092028 0.23134595 -0.07257183
v 0.03974341 0.23356231 -0.07548543
v 0.03962807 0.23371020 -0.07577773
v 0.03629775 0.24574876 -0.08345946
v 0.03629775 0.24321179 -0.08370724
v 0.03609273 0.24293120 -0.08427992
v 0.03599871 0.24273321 -0.08454931
v 0.03629775 0.23699416 -0.08431450
v 0.03629775 0.23493143 -0.08451596
v 0.03609273 0.23738026 -0.08482206
v 0.03599871 0.23762663 -0.08504806
v 0.03593734 0.23794177 -0.08518050
v 0.03593734 0.24244966 -0.08474023
v 0.03591603 0.24211474 -0.08482962
v 0.03591603 0.23828765 -0.08520340
v 0.03788805 0.24395183 -0.07940530
v 0.03762300 0.24445099 -0.08006149
v 0.03788805 0.24533956 -0.07926977
v 0.03744630 0.24462980 -0.08051399
v 0.03726960 0.24454193 -0.08099254
v 0.03879987 0.23668369 -0.07769004
v 0.03889389 0.23688168 -0.07742065
v 0.03879987 0.24223463 -0.07714790
v 0.03892922 0.24183706 -0.07684269
v 0.03788805 0.23543573 -0.08023705
v 0.03895526 0.23716524 -0.07722974
v 0.03897657 0.23750015 -0.07714034
v 0.03897657 0.24132724 -0.07676656
v 0.03726960 0.23516390 -0.08190846
v 0.03744630 0.23498509 -0.08145597
v 0.03762300 0.23507297 -0.08097742
v 0.03629775 0.21192211 -0.08676322
v 0.03609273 0.21669408 -0.08684243
v 0.03596338 0.22191401 -0.08667665
v 0.03591603 0.22142856 -0.08684998
v 0.03591603 0.21760147 -0.08722377
v 0.03596338 0.21709165 -0.08714763
v 0.03738493 0.22394429 -0.08269751
v 0.03726960 0.22385574 -0.08301290
v 0.03629775 0.22458834 -0.08552614
v 0.03629775 0.22252561 -0.08572760
v 0.03609273 0.22224502 -0.08630028
v 0.03788805 0.22326565 -0.08142567
v 0.03762300 0.22376481 -0.08208186
v 0.03750767 0.22391271 -0.08237416
v 0.03879987 0.21599751 -0.07971041
v 0.03788805 0.21474955 -0.08225741
v 0.03788805 0.21151291 -0.08257353
v 0.03762300 0.21438678 -0.08299779
v 0.03879987 0.22154845 -0.07916826
v 0.03892922 0.22115087 -0.07886306
v 0.03892922 0.21632852 -0.07933404
v 0.03897657 0.21681397 -0.07916071
v 0.03897657 0.22064106 -0.07878692
v 0.03629775 0.21630797 -0.08633486
v 0.03726960 0.21447772 -0.08392883
v 0.03744630 0.21429891 -0.08347633
v 0.03381694 0.22814427 -0.09177693
v 0.03387831 0.22782913 -0.09164450
v 0.03397233 0.23313370 -0.09087635
v 0.03387831 0.23293571 -0.09114575
v 0.03381694 0.23265216 -0.09133666
v 0.03379563 0.23231724 -0.09142605
v 0.03379563 0.22849015 -0.09179984
v 0.03550260 0.23465350 -0.08665793
v 0.03532590 0.23483230 -0.08711043
v 0.03514920 0.23474443 -0.08758897
v 0.03667947 0.22688620 -0.08428648
v 0.03677349 0.22708419 -0.08401708
v 0.03629775 0.22636376 -0.08535274
v 0.03683485 0.22736774 -0.08382617
v 0.03685617 0.22770265 -0.08373678
v 0.03685617 0.23152975 -0.08336299
v 0.03683485 0.23187563 -0.08338590
v 0.03677349 0.23219076 -0.08351833
v 0.03667947 0.23243714 -0.08374433
v 0.03629775 0.23315601 -0.08468936
v 0.03397233 0.22758276 -0.09141850
v 0.03514920 0.22536640 -0.08850490
v 0.03532590 0.22518760 -0.08805240
v 0.03550260 0.22527547 -0.08757386
v 0.03117344 0.21056830 -0.10052433
v 0.03320549 0.21004544 -0.09517083
v 0.03532590 0.20949984 -0.08958458
v 0.03629775 0.20924978 -0.08702422
v 0.03788805 0.20884058 -0.08283453
v 0.03956671 0.20840865 -0.07841208
v 0.04215718 0.20774211 -0.07158742
v 0.04321738 0.20746931 -0.06879430
v 0.04374748 0.20773293 -0.06735866
v 0.03667947 0.24796687 -0.08222759
v 0.03675049 0.24720215 -0.08211338
v 0.03694452 0.24660579 -0.08165558
v 0.03720957 0.24633758 -0.08097683
v 0.03747462 0.24646939 -0.08025901
v 0.03766865 0.24696590 -0.07969447
v 0.03773967 0.24769408 -0.07943446
v 0.03766865 0.24845880 -0.07954866
v 0.03788805 0.25064169 -0.07875192
v 0.03956671 0.25020976 -0.07432948
v 0.04215718 0.24954321 -0.06750482
v 0.03747462 0.24905516 -0.08000647
v 0.03720957 0.24932337 -0.08068521
v 0.03629775 0.25105088 -0.08294161
v 0.03694452 0.24919156 -0.08140303
v 0.03675049 0.24869505 -0.08196758
v 0.02961145 0.24978552 -0.10084842
v 0.02968247 0.24902080 -0.10073422
v 0.02987650 0.24842444 -0.10027642
v 0.03014155 0.24815623 -0.09959767
v 0.03040660 0.24828804 -0.09887985
v 0.03060064 0.24878455 -0.09831531
v 0.03067166 0.24951272 -0.09805530
v 0.03117344 0.25236940 -0.09644172
v 0.03320549 0.25184654 -0.09108823
v 0.03532590 0.25130095 -0.08550198
v 0.02958314 0.25277860 -0.10063141
v 0.02987650 0.25101021 -0.10002387
v 0.02968247 0.25051369 -0.10058842
v 0.03060064 0.25027744 -0.09816950
v 0.03040660 0.25087381 -0.09862731
v 0.03014155 0.25114202 -0.09930605
v 0.02943475 0.25281678 -0.10102233
v 0.02890465 0.25255316 -0.10245796
v 0.04162574 0.23392481 -0.07044366
v 0.03975480 0.23385611 -0.06974021
v 0.04174848 0.23389323 -0.07012031
v 0.03987753 0.23382453 -0.06941686
v 0.04186381 0.23398178 -0.06980492
v 0.03999287 0.23391307 -0.06910146
v 0.03828590 0.22026866 -0.07497403
v 0.03828590 0.21644157 -0.07534781
v 0.04015684 0.22033737 -0.07567748
v 0.04015684 0.21651028 -0.07605126
v 0.03591603 0.23828765 -0.08520340
v 0.03404509 0.23821895 -0.08449995
v 0.03593734 0.23794177 -0.08518050
v 0.03406640 0.23787306 -0.08447704
v 0.03599871 0.23762663 -0.08504806
v 0.03412777 0.23755793 -0.08434461
v 0.03609273 0.23738026 -0.08482206
v 0.03422179 0.23731156 -0.08411861
v 0.03338219 0.24554218 -0.09123400
v 0.03151125 0.24547348 -0.09053055
v 0.03320549 0.24572099 -0.09168650
v 0.03133455 0.24565228 -0.09098304
v 0.03302879 0.24563312 -0.09216504
v 0.03115785 0.24556441 -0.09146159
v 0.03253268 0.22817537 -0.09518958
v 0.03066173 0.22810667 -0.09448613
v 0.03259405 0.22845893 -0.09499868
v 0.03072310 0.22839022 -0.09429522
v 0.03067166 0.24951272 -0.09805530
v 0.02880071 0.24944402 -0.09735184
v 0.03060064 0.25027744 -0.09816950
v 0.02872969 0.25020874 -0.09746604
v 0.03040660 0.25087381 -0.09862731
v 0.02853566 0.25080511 -0.09792385
v 0.03014155 0.25114202 -0.09930605
v 0.02827061 0.25107331 -0.09860260
v 0.02987650 0.25101021 -0.10002387
v 0.02800556 0.25094150 -0.09932042
v 0.02968247 0.25051369 -0.10058842
v 0.02781153 0.25044499 -0.09988496
v 0.02961145 0.24978552 -0.10084842
v 0.02774051 0.24971682 -0.10014497
v 0.02968247 0.24902080 -0.10073422
v 0.02781153 0.24895209 -0.10003077
v 0.02987650 0.24842444 -0.10027642
v 0.02800556 0.24835573 -0.09957296
v 0.03014155 0.24815623 -0.09959767
v 0.02827061 0.24808752 -0.09889421
v 0.03040660 0.24828804 -0.09887985
v 0.02853566 0.24821933 -0.09817640
v 0.03060064 0.24878455 -0.09831531
v 0.02872969 0.24871584 -0.09761185
v 0.04304068 0.23559251 -0.06651754
v 0.04116973 0.23552380 -0.06581409
v 0.04313470 0.23579049 -0.06624814
v 0.04126376 0.23572179 -0.06554469
v 0.04319607 0.23607405 -0.06605723
v 0.04132512 0.23600534 -0.06535378
v 0.04321738 0.23640896 -0.06596784
v 0.04134644 0.23634026 -0.06526438
v 0.03473576 0.22173225 -0.08995943
v 0.03286482 0.22166354 -0.08925597
v 0.03846260 0.21553418 -0.07496647
v 0.03963946 0.21331782 -0.07205287
v 0.04033354 0.21560289 -0.07566992
v 0.04151041 0.21338653 -0.07275632
v 0.03726960 0.23516390 -0.08190846
v 0.03539866 0.23509519 -0.08120501
v 0.03744630 0.23498509 -0.08145597
v 0.03557536 0.23491639 -0.08075251
v 0.03185192 0.24402238 -0.09545242
v 0.02998098 0.24395368 -0.09474897
v 0.03175790 0.24382440 -0.09572182
v 0.02988696 0.24375569 -0.09501837
v 0.03169654 0.24354085 -0.09591273
v 0.02982559 0.24347214 -0.09520928
v 0.03167522 0.24320593 -0.09600213
v 0.02980428 0.24313722 -0.09529867
v 0.02664565 0.25149143 -0.10288360
v 0.02851659 0.25156013 -0.10358706
v 0.02703371 0.25248446 -0.10175451
v 0.02890465 0.25255316 -0.10245796
v 0.02756381 0.25274807 -0.10031888
v 0.02943475 0.25281678 -0.10102233
v 0.03404509 0.24204603 -0.08412617
v 0.03404509 0.23821895 -0.08449995
v 0.03591603 0.24211474 -0.08482962
v 0.03591603 0.23828765 -0.08520340
v 0.03268812 0.22257093 -0.08963731
v 0.03151125 0.22478730 -0.09255091
v 0.03455906 0.22263964 -0.09034077
v 0.03338219 0.22485600 -0.09325436
v 0.04317003 0.22005969 -0.06769055
v 0.04129909 0.21999098 -0.06698710
v 0.03889389 0.23688168 -0.07742065
v 0.03702295 0.23681298 -0.07671719
v 0.03895526 0.23716524 -0.07722974
v 0.03708431 0.23709653 -0.07652628
v 0.03167522 0.23937884 -0.09637591
v 0.02980428 0.23931014 -0.09567245
v 0.03169654 0.23903295 -0.09635300
v 0.02982559 0.23896425 -0.09564955
v 0.03175790 0.23871782 -0.09622057
v 0.02988696 0.23864912 -0.09551711
v 0.02703371 0.21148339 -0.10575897
v 0.02890465 0.21155209 -0.10646243
v 0.02664565 0.21267612 -0.10667459
v 0.02851659 0.21274482 -0.10737805
v 0.03115785 0.22487823 -0.09348195
v 0.02998098 0.22326750 -0.09676933
v 0.03302879 0.22494693 -0.09418541
v 0.03185192 0.22333620 -0.09747279
v 0.04174848 0.22282152 -0.07120166
v 0.03987753 0.22275281 -0.07049820
v 0.04162574 0.22285310 -0.07152500
v 0.03975480 0.22278439 -0.07082155
v 0.03897657 0.22064106 -0.07878692
v 0.03710563 0.22057235 -0.07808347
v 0.03892922 0.22115087 -0.07886306
v 0.03705828 0.22108217 -0.07815960
v 0.03320549 0.23607628 -0.09262847
v 0.03133455 0.23600758 -0.09192502
v 0.03338219 0.23616415 -0.09214993
v 0.03151125 0.23609545 -0.09144647
v 0.04427758 0.21018231 -0.06570955
v 0.04240664 0.21011360 -0.06500610
v 0.04226460 0.20865725 -0.06552612
v 0.04413554 0.20872596 -0.06622957
v 0.04187654 0.20766423 -0.06665521
v 0.04374748 0.20773293 -0.06735866
v 0.02980428 0.22245104 -0.09731904
v 0.02980428 0.21862395 -0.09769282
v 0.03167522 0.22251975 -0.09802249
v 0.03167522 0.21869266 -0.09839627
v 0.04020419 0.22082282 -0.07550414
v 0.03833324 0.22075411 -0.07480069
v 0.04015684 0.22033737 -0.07567748
v 0.03828590 0.22026866 -0.07497403
v 0.03750767 0.22391271 -0.08237416
v 0.03563672 0.22384400 -0.08167071
v 0.03738493 0.22394429 -0.08269751
v 0.03551399 0.22387558 -0.08199406
v 0.03455906 0.23777488 -0.08886255
v 0.03268812 0.23770618 -0.08815909
v 0.03465308 0.23797287 -0.08859315
v 0.03278214 0.23790417 -0.08788970
v 0.03471445 0.23825642 -0.08840224
v 0.03284351 0.23818772 -0.08769879
v 0.03473576 0.23859134 -0.08831285
v 0.03286482 0.23852264 -0.08760939
v 0.04321738 0.24927042 -0.06471169
v 0.04134644 0.24920171 -0.06400824
v 0.04187654 0.24866529 -0.06265074
v 0.04374748 0.24873400 -0.06335420
v 0.04226460 0.24747257 -0.06173513
v 0.04413554 0.24754127 -0.06243858
v 0.04109698 0.23043856 -0.07219049
v 0.03922603 0.23036985 -0.07148703
v 0.02998098 0.21771656 -0.09731148
v 0.03185192 0.21778527 -0.09801493
v 0.04015684 0.21651028 -0.07605126
v 0.03828590 0.21644157 -0.07534781
v 0.04020419 0.21600046 -0.07597513
v 0.03833324 0.21593176 -0.07527167
v 0.03596338 0.22191401 -0.08667665
v 0.03409243 0.22184530 -0.08597319
v 0.03591603 0.22142856 -0.08684998
v 0.03404509 0.22135985 -0.08614653
v 0.03468842 0.22224206 -0.09003556
v 0.03281747 0.22217336 -0.08933211
v 0.03192468 0.23224854 -0.09072260
v 0.03192468 0.22842145 -0.09109638
v 0.03379563 0.23231724 -0.09142605
v 0.03379563 0.22849015 -0.09179984
v 0.03904933 0.23127724 -0.07186837
v 0.03787246 0.23349360 -0.07478197
v 0.04092028 0.23134595 -0.07257183
v 0.03974341 0.23356231 -0.07548543
v 0.04168711 0.21320772 -0.07230383
v 0.03981617 0.21313902 -0.07160037
v 0.03591603 0.21760147 -0.08722377
v 0.03404509 0.21753276 -0.08652031
v 0.03596338 0.21709165 -0.08714763
v 0.03409243 0.21702295 -0.08644418
v 0.03326686 0.22500390 -0.09354667
v 0.03139592 0.22493519 -0.09284321
v 0.03314413 0.22503548 -0.09387001
v 0.03127318 0.22496677 -0.09316656
v 0.03751906 0.23358454 -0.07571301
v 0.03939001 0.23365324 -0.07641647
v 0.04317003 0.21523733 -0.06816154
v 0.04129909 0.21516863 -0.06745808
v 0.03744630 0.21429891 -0.08347633
v 0.03557536 0.21423020 -0.08277288
v 0.03762300 0.21438678 -0.08299779
v 0.03575206 0.21431808 -0.08229433
v 0.03172257 0.22300520 -0.09784915
v 0.02985163 0.22293649 -0.09714570
v 0.03167522 0.22251975 -0.09802249
v 0.02980428 0.22245104 -0.09731904
v 0.03692893 0.21592881 -0.07900695
v 0.03879987 0.21599751 -0.07971041
v 0.03616549 0.23115735 -0.07955010
v 0.03616549 0.22733026 -0.07992388
v 0.03803644 0.23122605 -0.08025355
v 0.03803644 0.22739896 -0.08062733
v 0.04107566 0.23078444 -0.07221339
v 0.03920472 0.23071574 -0.07150994
v 0.04101430 0.23109957 -0.07234583
v 0.03914335 0.23103087 -0.07164238
v 0.03892922 0.21632852 -0.07933404
v 0.03705828 0.21625982 -0.07863059
v 0.03897657 0.21681397 -0.07916071
v 0.03710563 0.21674527 -0.07845725
v 0.03167522 0.21869266 -0.09839627
v 0.02980428 0.21862395 -0.09769282
v 0.03172257 0.21818284 -0.09832014
v 0.02985163 0.21811414 -0.09761668
v 0.03962807 0.23371020 -0.07577773
v 0.03775713 0.23364150 -0.07507427
v 0.03950534 0.23374178 -0.07610107
v 0.03763439 0.23367308 -0.07539762
v 0.03200000 0.10046449 0.05989574
v 0.02800000 0.10046449 0.05989574
v 0.03200000 0.09792936 0.06041714
v 0.02800000 0.09792936 0.06041714
v 0.03200000 0.09599458 0.06213625
v 0.02800000 0.09599458 0.06213625
v 0.03200000 0.09517855 0.06459243
v 0.02800000 0.09517855 0.06459243
v 0.03200000 0.09569995 0.06712756
v 0.02800000 0.09569995 0.06712756
v 0.03200000 0.09741906 0.06906235
v 0.02800000 0.09741906 0.06906235
v 0.03200000 0.09987524 0.06987837
v 0.02800000 0.09987524 0.06987837
v 0.03200000 0.10241037 0.06935697
v 0.02800000 0.10241037 0.06935697
v 0.03200000 0.10434516 0.06763787
v 0.02800000 0.10434516 0.06763787
v 0.03200000 0.10516118 0.06518168
v 0.02800000 0.10516118 0.06518168
v 0.03200000 0.10463978 0.06264655
v 0.02800000 0.10463978 0.06264655
v 0.03200000 0.10292067 0.06071177
v 0.02800000 0.10292067 0.06071177
v 0.02800000 0.09018724 0.06429780
v 0.02800000 0.09123003 0.06936806
v 0.02800000 0.09569995 0.06712756
v 0.02800000 0.09741906 0.06906235
v 0.02800000 0.09466825 0.07323764
v 0.02800000 0.09987524 0.06987837
v 0.02800000 0.09958061 0.07486968
v 0.02800000 0.10241037 0.06935697
v 0.02800000 0.10465087 0.07382689
v 0.02800000 0.10434516 0.06763787
v 0.02800000 0.10852045 0.07038868
v 0.02800000 0.10516118 0.06518168
v 0.02800000 0.11015249 0.06547631
v 0.02800000 0.10463978 0.06264655
v 0.02800000 0.09517855 0.06459243
v 0.02800000 0.09599458 0.06213625
v 0.02800000 0.09401738 -0.00058925
v 0.02800000 0.09792936 0.06041714
v 0.02800000 0.11398262 0.00058925
v 0.02800000 0.10817529 0.00275081
v 0.02800000 0.10624050 0.00446992
v 0.02800000 0.10046449 0.05989574
v 0.02800000 0.10124919 0.00417529
v 0.02800000 0.09953008 0.00224050
v 0.02800000 0.09900869 -0.00029463
v 0.02800000 0.09564942 -0.00550162
v 0.02800000 0.09982471 -0.00275081
v 0.02800000 0.09951899 -0.00893983
v 0.02800000 0.10175950 -0.00446992
v 0.02800000 0.10458925 -0.00998262
v 0.02800000 0.10429463 -0.00499131
v 0.02800000 0.10950162 -0.00835058
v 0.02800000 0.10675081 -0.00417529
v 0.02800000 0.11293983 -0.00448101
v 0.02800000 0.10846992 -0.00224050
v 0.02800000 0.10899131 0.00029463
v 0.02800000 0.10292067 0.06071177
v 0.02800000 0.10370537 0.00499131
v 0.03200000 0.09953008 0.00224050
v 0.03200000 0.10124919 0.00417529
v 0.03200000 0.10463978 0.06264655
v 0.03200000 0.10370537 0.00499131
v 0.03200000 0.10516118 0.06518168
v 0.03200000 0.09018724 0.06429780
v 0.03200000 0.09401738 -0.00058925
v 0.03200000 0.09792936 0.06041714
v 0.03200000 0.11398262 0.00058925
v 0.03200000 0.11015249 0.06547631
v 0.03200000 0.10624050 0.00446992
v 0.03200000 0.09900869 -0.00029463
v 0.03200000 0.10292067 0.06071177
v 0.03200000 0.10046449 0.05989574
v 0.03200000 0.09982471 -0.00275081
v 0.03200000 0.09564942 -0.00550162
v 0.03200000 0.10175950 -0.00446992
v 0.03200000 0.09951899 -0.00893983
v 0.03200000 0.10429463 -0.00499131
v 0.03200000 0.10458925 -0.00998262
v 0.03200000 0.10675081 -0.00417529
v 0.03200000 0.10950162 -0.00835058
v 0.03200000 0.10846992 -0.00224050
v 0.03200000 0.11293983 -0.00448101
v 0.03200000 0.10899131 0.00029463
v 0.03200000 0.10817529 0.00275081
v 0.03200000 0.10434516 0.06763787
v 0.03200000 0.10852045 0.07038868
v 0.03200000 0.10241037 0.06935697
v 0.03200000 0.10465087 0.07382689
v 0.03200000 0.09987524 0.06987837
v 0.03200000 0.09958061 0.07486968
v 0.03200000 0.09741906 0.06906235
v 0.03200000 0.09466825 0.07323764
v 0.03200000 0.09569995 0.06712756
v 0.03200000 0.09123003 0.06936806
v 0.03200000 0.09517855 0.06459243
v 0.03200000 0.09599458 0.06213625
v 0.03200000 0.09401738 -0.00058925
v 0.03200000 0.09018724 0.06429780
v 0.02800000 0.09401738 -0.00058925
v 0.02800000 0.09018724 0.06429780
v 0.03200000 0.11015249 0.06547631
v 0.02800000 0.11015249 0.06547631
v 0.02800000 0.10852045 0.07038868
v 0.03200000 0.10852045 0.07038868
v 0.02800000 0.10465087 0.07382689
v 0.03200000 0.10465087 0.07382689
v 0.02800000 0.09958061 0.07486968
v 0.03200000 0.09958061 0.07486968
v 0.02800000 0.09466825 0.07323764
v 0.03200000 0.09466825 0.07323764
v 0.02800000 0.09123003 0.06936806
v 0.03200000 0.09123003 0.06936806
v 0.03200000 0.11398262 0.00058925
v 0.02800000 0.11398262 0.00058925
v 0.02800000 0.09564942 -0.00550162
v 0.03200000 0.09564942 -0.00550162
v 0.02800000 0.09951899 -0.00893983
v 0.03200000 0.09951899 -0.00893983
v 0.02800000 0.10458925 -0.00998262
v 0.03200000 0.10458925 -0.00998262
v 0.02800000 0.10950162 -0.00835058
v 0.03200000 0.10950162 -0.00835058
v 0.02800000 0.11293983 -0.00448101
v 0.03200000 0.11293983 -0.00448101
v 0.03200000 0.10429463 -0.00499131
v 0.02800000 0.10429463 -0.00499131
v 0.03200000 0.10175950 -0.00446992
v 0.02800000 0.10175950 -0.00446992
v 0.03200000 0.09982471 -0.00275081
v 0.02800000 0.09982471 -0.00275081
v 0.03200000 0.09900869 -0.00029463
v 0.02800000 0.09900869 -0.00029463
v 0.03200000 0.09953008 0.00224050
v 0.02800000 0.09953008 0.00224050
v 0.03200000 0.10124919 0.00417529
v 0.02800000 0.10124919 0.00417529
v 0.03200000 0.10370537 0.00499131
v 0.02800000 0.10370537 0.00499131
v 0.03200000 0.10624050 0.00446992
v 0.02800000 0.10624050 0.00446992
v 0.03200000 0.10817529 0.00275081
v 0.02800000 0.10817529 0.00275081
v 0.03200000 0.10899131 0.00029463
v 0.02800000 0.10899131 0.00029463
v 0.03200000 0.10846992 -0.00224050
v 0.02800000 0.10846992 -0.00224050
v 0.03200000 0.10675081 -0.00417529
v 0.02800000 0.10675081 -0.00417529
v 0.01932051 0.05700000 -0.01000000
v 0.01932051 0.05200000 -0.01000000
v 0.01905256 0.05700000 -0.00900000
v 0.01905256 0.05200000 -0.00900000
v 0.01832051 0.05700000 -0.00826795
v 0.01832051 0.05200000 -0.00826795
v 0.01732051 0.05700000 -0.00800000
v 0.01732051 0.05200000 -0.00800000
v 0.01632051 0.05700000 -0.00826795
v 0.01632051 0.05200000 -0.00826795
v 0.01558846 0.05700000 -0.00900000
v 0.01558846 0.05200000 -0.00900000
v 0.01532051 0.05700000 -0.01000000
v 0.01532051 0.05200000 -0.01000000
v 0.01558846 0.05700000 -0.01100000
v 0.01558846 0.05200000 -0.01100000
v 0.01632051 0.05700000 -0.01173205
v 0.01632051 0.05200000 -0.01173205
v 0.01732051 0.05700000 -0.01200000
v 0.01732051 0.05200000 -0.01200000
v 0.01832051 0.05700000 -0.01173205
v 0.01832051 0.05200000 -0.01173205
v 0.01905256 0.05700000 -0.01100000
v 0.01905256 0.05200000 -0.01100000
v -0.02650000 0.05200000 0.01741691
v -0.02650000 0.05700000 0.01741691
v -0.02650000 0.05200000 0.01450000
v -0.02650000 0.05700000 0.01450000
v -0.02650000 0.05200000 -0.00050000
v -0.02650000 0.05700000 -0.00050000
v -0.02650000 0.05200000 -0.01150000
v -0.02650000 0.05700000 -0.01150000
v -0.02650000 0.05200000 -0.01388307
v -0.02650000 0.05700000 -0.01388307
v -0.02650000 0.05200000 -0.01679286
v -0.02650000 0.05700000 -0.01679286
v -0.01100000 0.05200000 -0.00000000
v -0.01100000 0.05700000 -0.00000000
v -0.00952628 0.05200000 0.00550000
v -0.00952628 0.05700000 0.00550000
v -0.00550000 0.05200000 0.00952628
v -0.00550000 0.05700000 0.00952628
v -0.00000000 0.05200000 0.01100000
v -0.00000000 0.05700000 0.01100000
v 0.00550000 0.05200000 0.00952628
v 0.00550000 0.05700000 0.00952628
v 0.00952628 0.05200000 0.00550000
v 0.00952628 0.05700000 0.00550000
v 0.01100000 0.05200000 -0.00000000
v 0.01100000 0.05700000 -0.00000000
v 0.00952628 0.05200000 -0.00550000
v 0.00952628 0.05700000 -0.00550000
v 0.00550000 0.05200000 -0.00952628
v 0.00550000 0.05700000 -0.00952628
v 0.00000000 0.05200000 -0.01100000
v 0.00000000 0.05700000 -0.01100000
v -0.00550000 0.05200000 -0.00952628
v -0.00550000 0.05700000 -0.00952628
v -0.00952628 0.05200000 -0.00550000
v -0.00952628 0.05700000 -0.00550000
v 0.01622692 0.05700000 0.03575000
v 0.01448985 0.05700000 0.03575000
v 0.01448985 0.05700000 0.03861356
v -0.01137398 0.05700000 -0.01615235
v -0.01232959 0.05700000 -0.01690548
v -0.01232959 0.05700000 -0.01388307
v 0.00475000 0.05700000 -0.02490148
v 0.00475000 0.05700000 -0.03143222
v 0.00225000 0.05700000 -0.03199421
v -0.00100000 0.05700000 0.02173205
v -0.00157180 0.05700000 0.02116025
v -0.00475000 0.05700000 0.02116025
v 0.01558846 0.05700000 -0.01100000
v 0.01608846 0.05700000 -0.01150000
v 0.01448985 0.05700000 -0.01150000
v -0.01100000 0.05700000 -0.00000000
v -0.01086603 0.05700000 -0.00050000
v -0.01232959 0.05700000 -0.00050000
v 0.00550000 0.05700000 0.00952628
v 0.00475000 0.05700000 0.00972724
v 0.00475000 0.05700000 0.01450000
v 0.00475000 0.05700000 -0.00972724
v 0.00550000 0.05700000 -0.00952628
v 0.00475000 0.05700000 -0.01150000
v 0.00225000 0.05700000 -0.01150000
v 0.00000000 0.05700000 -0.01100000
v -0.00475000 0.05700000 -0.01150000
v -0.00952628 0.05700000 -0.00550000
v -0.01232959 0.05700000 -0.01150000
v -0.00550000 0.05700000 -0.00952628
v -0.00475000 0.05700000 -0.00972724
v -0.00952628 0.05700000 0.00550000
v -0.00475000 0.05700000 0.00972724
v -0.00550000 0.05700000 0.00952628
v -0.00878988 0.05700000 0.01450000
v -0.01202082 0.05700000 0.01202082
v -0.01232959 0.05700000 0.01161841
v -0.01448985 0.05700000 -0.00050000
v 0.00225000 0.05700000 0.01450000
v -0.00000000 0.05700000 0.01100000
v -0.01608846 0.05700000 -0.01150000
v -0.01558846 0.05700000 -0.01100000
v -0.01448985 0.05700000 -0.01150000
v -0.01532051 0.05700000 -0.01000000
v -0.02650000 0.05700000 -0.00050000
v -0.01905256 0.05700000 -0.00900000
v -0.02650000 0.05700000 -0.01150000
v -0.01932051 0.05700000 -0.01000000
v -0.01558846 0.05700000 -0.00900000
v -0.01632051 0.05700000 -0.00826795
v -0.01732051 0.05700000 -0.00800000
v -0.01832051 0.05700000 -0.00826795
v -0.01905256 0.05700000 -0.01100000
v -0.01855256 0.05700000 -0.01150000
v -0.02650000 0.05700000 -0.01388307
v -0.01732051 0.05700000 -0.01200000
v -0.01632051 0.05700000 -0.01173205
v -0.01448985 0.05700000 -0.01388307
v -0.01832051 0.05700000 -0.01173205
v 0.01532051 0.05700000 -0.01000000
v 0.00952628 0.05700000 -0.00550000
v 0.01448985 0.05700000 -0.00050000
v 0.01558846 0.05700000 -0.00900000
v 0.01905256 0.05700000 -0.00900000
v 0.01982051 0.05700000 -0.00050000
v 0.01932051 0.05700000 -0.01000000
v 0.01982051 0.05700000 -0.01150000
v 0.01905256 0.05700000 -0.01100000
v 0.01832051 0.05700000 -0.00826795
v 0.01732051 0.05700000 -0.00800000
v 0.01632051 0.05700000 -0.00826795
v 0.01632051 0.05700000 -0.01173205
v 0.01448985 0.05700000 -0.01388307
v 0.01982051 0.05700000 -0.01388307
v 0.01732051 0.05700000 -0.01200000
v 0.01832051 0.05700000 -0.01173205
v 0.01855256 0.05700000 -0.01150000
v -0.00475000 0.05700000 0.01450000
v -0.00100000 0.05700000 0.01826795
v -0.00000000 0.05700000 0.01800000
v 0.00100000 0.05700000 0.01826795
v 0.00173205 0.05700000 0.01900000
v 0.00200000 0.05700000 0.02000000
v 0.00225000 0.05700000 0.02116025
v -0.00173205 0.05700000 0.02100000
v -0.00200000 0.05700000 0.02000000
v -0.00173205 0.05700000 0.01900000
v 0.00173205 0.05700000 0.02100000
v 0.00157180 0.05700000 0.02116025
v 0.00225000 0.05700000 0.03575000
v -0.00475000 0.05700000 0.03575000
v 0.00000000 0.05700000 0.02200000
v 0.00100000 0.05700000 0.02173205
v 0.01390885 0.05700000 -0.02937335
v 0.01141540 0.05700000 -0.02335998
v 0.01448985 0.05700000 -0.02891930
v 0.01280079 0.05700000 -0.02224208
v 0.01356395 0.05700000 -0.02063379
v 0.01355372 0.05700000 -0.01885366
v 0.01277213 0.05700000 -0.01725425
v 0.01137398 0.05700000 -0.01615235
v 0.00963620 0.05700000 -0.01576620
v 0.00475000 0.05700000 -0.01388307
v 0.00790297 0.05700000 -0.01617229
v -0.01448985 0.05700000 -0.02891930
v -0.01356395 0.05700000 -0.02063379
v -0.01280079 0.05700000 -0.02224208
v -0.01277213 0.05700000 -0.01725425
v -0.01355372 0.05700000 -0.01885366
v -0.01390885 0.05700000 -0.02937335
v -0.01232959 0.05700000 -0.02262230
v -0.01232959 0.05700000 -0.02972836
v -0.01141540 0.05700000 -0.02335998
v -0.00475000 0.05700000 -0.03143222
v -0.00475000 0.05700000 -0.02490148
v 0.00000000 0.05700000 -0.03250000
v 0.00000000 0.05700000 -0.02600000
v 0.00225000 0.05700000 -0.02547965
v -0.00475000 0.05700000 -0.01388307
v -0.00790297 0.05700000 -0.01617229
v -0.00963620 0.05700000 -0.01576620
v 0.00475000 0.05700000 -0.01690147
v 0.00225000 0.05700000 -0.01747965
v 0.00225000 0.05700000 -0.01388307
v 0.00000000 0.05700000 -0.01800000
v -0.00475000 0.05700000 -0.01690147
v -0.00850000 0.05700000 0.01472243
v -0.01150000 0.05700000 0.01991859
v -0.01232959 0.05700000 0.02116025
v -0.01000000 0.05700000 0.02032051
v -0.00850000 0.05700000 0.01991859
v -0.00740192 0.05700000 0.01582051
v -0.00700000 0.05700000 0.01732051
v -0.00740192 0.05700000 0.01882051
v -0.01761660 0.05700000 0.01450000
v -0.01991859 0.05700000 0.01150000
v -0.02650000 0.05700000 0.01450000
v -0.02031212 0.05700000 0.01022419
v -0.02011313 0.05700000 0.00890398
v -0.01936103 0.05700000 0.00780084
v -0.01820477 0.05700000 0.00713328
v -0.01687338 0.05700000 0.00703351
v -0.01563055 0.05700000 0.00752128
v -0.01472243 0.05700000 0.00850000
v -0.01448985 0.05700000 0.00880311
v -0.02631532 0.05700000 0.01876325
v -0.02577494 0.05700000 0.02001015
v -0.01626346 0.05700000 0.01626346
v -0.02507727 0.05700000 0.02116025
v -0.01448985 0.05700000 0.01762439
v -0.02650000 0.05700000 0.01741691
v 0.01086603 0.05700000 -0.00050000
v 0.01100000 0.05700000 -0.00000000
v 0.01448985 0.05700000 0.00880311
v 0.00952628 0.05700000 0.00550000
v 0.01202082 0.05700000 0.01202082
v 0.00878988 0.05700000 0.01450000
v 0.00850000 0.05700000 0.01472243
v 0.00740192 0.05700000 0.01582051
v 0.01000000 0.05700000 0.02032051
v 0.00850000 0.05700000 0.01991859
v 0.00475000 0.05700000 0.02116025
v 0.00740192 0.05700000 0.01882051
v 0.00700000 0.05700000 0.01732051
v 0.01991859 0.05700000 0.01150000
v 0.01982051 0.05700000 0.01162782
v 0.01982051 0.05700000 0.01450000
v 0.01761660 0.05700000 0.01450000
v 0.01982051 0.05700000 0.02116025
v 0.01626346 0.05700000 0.01626346
v 0.01448985 0.05700000 0.02116025
v 0.01448985 0.05700000 0.01762439
v 0.01150000 0.05700000 0.01991859
v 0.02032051 0.05700000 0.01000000
v 0.02650000 0.05700000 0.01450000
v 0.01991859 0.05700000 0.00850000
v 0.02650000 0.05700000 -0.00050000
v 0.01982051 0.05700000 0.00840192
v 0.01472243 0.05700000 0.00850000
v 0.01582051 0.05700000 0.00740192
v 0.01732051 0.05700000 0.00700000
v 0.01882051 0.05700000 0.00740192
v -0.02650000 0.05700000 -0.01679286
v -0.02615018 0.05700000 -0.01881164
v -0.02514151 0.05700000 -0.02059501
v 0.02650000 0.05700000 -0.01679286
v 0.02615018 0.05700000 -0.01881164
v 0.01982051 0.05700000 -0.02475338
v 0.02514151 0.05700000 -0.02059501
v 0.02650000 0.05700000 0.01741691
v 0.02631532 0.05700000 0.01876325
v 0.01982051 0.05700000 0.02982599
v 0.02507727 0.05700000 0.02116025
v 0.02577494 0.05700000 0.02001015
v 0.00475000 0.05700000 0.05466965
v 0.00250000 0.05700000 0.05200000
v 0.00427494 0.05700000 0.05545278
v 0.00225000 0.05700000 0.05293301
v 0.00245294 0.05700000 0.05721650
v 0.00225000 0.05700000 0.05726970
v 0.00225000 0.05700000 0.05106699
v 0.00216506 0.05700000 0.05075000
v 0.00125000 0.05700000 0.04983494
v -0.00250000 0.05700000 0.05200000
v -0.00216506 0.05700000 0.05075000
v -0.00125000 0.05700000 0.04983494
v -0.00000000 0.05700000 0.04950000
v 0.00216506 0.05700000 0.05325000
v 0.00125000 0.05700000 0.05416507
v -0.00000000 0.05700000 0.05785954
v 0.00000000 0.05700000 0.05450000
v -0.00245294 0.05700000 0.05721650
v -0.00125000 0.05700000 0.05416507
v -0.00427494 0.05700000 0.05545278
v -0.00216506 0.05700000 0.05325000
v -0.00475000 0.05700000 0.05466965
v -0.01232959 0.05700000 0.03575000
v -0.01232959 0.05700000 0.04217473
v -0.01448985 0.05700000 0.03575000
v -0.01448985 0.05700000 0.03861356
v -0.01232959 0.05700000 0.01928202
v -0.01448985 0.05700000 0.02116025
v -0.01622692 0.05700000 0.03575000
v 0.00475000 0.05700000 0.03575000
v 0.02650000 0.05700000 -0.01150000
v 0.02650000 0.05700000 -0.01388307
v 0.00200000 0.05700000 0.02000000
v 0.00200000 0.05200000 0.02000000
v 0.00173205 0.05700000 0.02100000
v 0.00173205 0.05200000 0.02100000
v 0.00100000 0.05700000 0.02173205
v 0.00100000 0.05200000 0.02173205
v 0.00000000 0.05700000 0.02200000
v 0.00000000 0.05200000 0.02200000
v -0.00100000 0.05700000 0.02173205
v -0.00100000 0.05200000 0.02173205
v -0.00173205 0.05700000 0.02100000
v -0.00173205 0.05200000 0.02100000
v -0.00200000 0.05700000 0.02000000
v -0.00200000 0.05200000 0.02000000
v -0.00173205 0.05700000 0.01900000
v -0.00173205 0.05200000 0.01900000
v -0.00100000 0.05700000 0.01826795
v -0.00100000 0.05200000 0.01826795
v -0.00000000 0.05700000 0.01800000
v -0.00000000 0.05200000 0.01800000
v 0.00100000 0.05700000 0.01826795
v 0.00100000 0.05200000 0.01826795
v 0.00173205 0.05700000 0.01900000
v 0.00173205 0.05200000 0.01900000
v 0.00475000 0.05200000 -0.01690147
v 0.00475000 0.05200000 -0.01388307
v 0.00225000 0.05200000 -0.01388307
v 0.00100000 0.05200000 0.02173205
v 0.00157180 0.05200000 0.02116025
v 0.00225000 0.05200000 0.02116025
v -0.00550000 0.05200000 0.00952628
v -0.00475000 0.05200000 0.00972724
v -0.00475000 0.05200000 0.01450000
v 0.01982051 0.05200000 0.02982599
v 0.01622692 0.05200000 0.03575000
v 0.01448985 0.05200000 0.03575000
v 0.02650000 0.05200000 0.01741691
v 0.02631532 0.05200000 0.01876325
v 0.01982051 0.05200000 0.01450000
v 0.02577494 0.05200000 0.02001015
v 0.01982051 0.05200000 0.02116025
v 0.02615018 0.05200000 -0.01881164
v 0.02650000 0.05200000 -0.01679286
v 0.01982051 0.05200000 -0.01388307
v 0.02514151 0.05200000 -0.02059501
v 0.01277213 0.05200000 -0.01725425
v 0.01355372 0.05200000 -0.01885366
v 0.01448985 0.05200000 -0.01388307
v 0.01356395 0.05200000 -0.02063379
v 0.01448985 0.05200000 -0.02891930
v 0.01982051 0.05200000 -0.02475338
v 0.00790297 0.05200000 -0.01617229
v 0.00963620 0.05200000 -0.01576620
v 0.01137398 0.05200000 -0.01615235
v 0.01280079 0.05200000 -0.02224208
v 0.01141540 0.05200000 -0.02335998
v 0.01390885 0.05200000 -0.02937335
v 0.00475000 0.05200000 -0.02490148
v 0.00475000 0.05200000 -0.03143222
v 0.00225000 0.05200000 -0.02547965
v 0.00225000 0.05200000 -0.03199421
v 0.00000000 0.05200000 -0.03250000
v 0.00000000 0.05200000 -0.02600000
v -0.00475000 0.05200000 -0.03143222
v -0.00475000 0.05200000 -0.02490148
v -0.01232959 0.05200000 -0.02972836
v -0.01141540 0.05200000 -0.02335998
v -0.01232959 0.05200000 -0.02262230
v -0.01390885 0.05200000 -0.02937335
v -0.01280079 0.05200000 -0.02224208
v -0.01448985 0.05200000 -0.02891930
v -0.01356395 0.05200000 -0.02063379
v -0.01448985 0.05200000 -0.01388307
v -0.01355372 0.05200000 -0.01885366
v -0.01277213 0.05200000 -0.01725425
v -0.02514151 0.05200000 -0.02059501
v -0.02615018 0.05200000 -0.01881164
v -0.02650000 0.05200000 -0.01679286
v -0.02650000 0.05200000 -0.01388307
v -0.01448985 0.05200000 0.02116025
v -0.02507727 0.05200000 0.02116025
v -0.01626346 0.05200000 0.01626346
v -0.02577494 0.05200000 0.02001015
v -0.02631532 0.05200000 0.01876325
v -0.02650000 0.05200000 0.01741691
v -0.01761660 0.05200000 0.01450000
v -0.02650000 0.05200000 0.01450000
v -0.01991859 0.05200000 0.01150000
v 0.00125000 0.05200000 0.04983494
v -0.00000000 0.05200000 0.04950000
v 0.00225000 0.05200000 0.03575000
v -0.00125000 0.05200000 0.04983494
v -0.00216506 0.05200000 0.05075000
v -0.00475000 0.05200000 0.03575000
v 0.00225000 0.05200000 0.05293301
v 0.00225000 0.05200000 0.05726970
v 0.00216506 0.05200000 0.05325000
v 0.00125000 0.05200000 0.05416507
v -0.01622692 0.05200000 0.03575000
v -0.01448985 0.05200000 0.03575000
v -0.01448985 0.05200000 0.03861356
v -0.01232959 0.05200000 0.03575000
v -0.01232959 0.05200000 0.04217473
v -0.00475000 0.05200000 0.05466965
v 0.00000000 0.05200000 0.05450000
v -0.00000000 0.05200000 0.05785954
v -0.00125000 0.05200000 0.05416507
v -0.00250000 0.05200000 0.05200000
v -0.00216506 0.05200000 0.05325000
v -0.00427494 0.05200000 0.05545278
v -0.00245294 0.05200000 0.05721650
v 0.00245294 0.05200000 0.05721650
v 0.00427494 0.05200000 0.05545278
v 0.00475000 0.05200000 0.05466965
v 0.00250000 0.05200000 0.05200000
v 0.00225000 0.05200000 0.05106699
v 0.01448985 0.05200000 0.03861356
v 0.00475000 0.05200000 0.03575000
v 0.00216506 0.05200000 0.05075000
v 0.00952628 0.05200000 0.00550000
v 0.01100000 0.05200000 -0.00000000
v 0.01448985 0.05200000 -0.00050000
v 0.00225000 0.05200000 0.01450000
v -0.00000000 0.05200000 0.01100000
v 0.00475000 0.05200000 0.00972724
v -0.01232959 0.05200000 -0.00050000
v -0.01232959 0.05200000 -0.01150000
v -0.00952628 0.05200000 -0.00550000
v 0.01086603 0.05200000 -0.00050000
v 0.00952628 0.05200000 -0.00550000
v 0.01448985 0.05200000 -0.01150000
v 0.00550000 0.05200000 -0.00952628
v 0.00475000 0.05200000 -0.01150000
v 0.00475000 0.05200000 -0.00972724
v 0.00225000 0.05200000 -0.01150000
v 0.00000000 0.05200000 -0.01100000
v -0.00475000 0.05200000 -0.01150000
v -0.00475000 0.05200000 -0.00972724
v -0.00550000 0.05200000 -0.00952628
v -0.02650000 0.05200000 -0.01150000
v -0.01905256 0.05200000 -0.01100000
v -0.01932051 0.05200000 -0.01000000
v -0.02650000 0.05200000 -0.00050000
v -0.01632051 0.05200000 -0.00826795
v -0.01558846 0.05200000 -0.00900000
v -0.01448985 0.05200000 -0.00050000
v -0.01532051 0.05200000 -0.01000000
v -0.01448985 0.05200000 -0.01150000
v -0.01905256 0.05200000 -0.00900000
v -0.01832051 0.05200000 -0.00826795
v -0.01732051 0.05200000 -0.00800000
v -0.01558846 0.05200000 -0.01100000
v -0.01608846 0.05200000 -0.01150000
v -0.01632051 0.05200000 -0.01173205
v -0.01732051 0.05200000 -0.01200000
v -0.01832051 0.05200000 -0.01173205
v -0.01855256 0.05200000 -0.01150000
v 0.01632051 0.05200000 -0.01173205
v 0.01608846 0.05200000 -0.01150000
v 0.01558846 0.05200000 -0.01100000
v 0.01532051 0.05200000 -0.01000000
v 0.01558846 0.05200000 -0.00900000
v 0.01632051 0.05200000 -0.00826795
v 0.01982051 0.05200000 -0.00050000
v 0.01732051 0.05200000 -0.00800000
v 0.01832051 0.05200000 -0.00826795
v 0.01905256 0.05200000 -0.00900000
v 0.01932051 0.05200000 -0.01000000
v 0.01982051 0.05200000 -0.01150000
v 0.01732051 0.05200000 -0.01200000
v 0.01905256 0.05200000 -0.01100000
v 0.01855256 0.05200000 -0.01150000
v 0.01832051 0.05200000 -0.01173205
v 0.00173205 0.05200000 0.02100000
v 0.00200000 0.05200000 0.02000000
v 0.00173205 0.05200000 0.01900000
v 0.00100000 0.05200000 0.01826795
v -0.00000000 0.05200000 0.01800000
v -0.00100000 0.05200000 0.01826795
v -0.00173205 0.05200000 0.01900000
v -0.00475000 0.05200000 0.02116025
v -0.00200000 0.05200000 0.02000000
v -0.00173205 0.05200000 0.02100000
v -0.00157180 0.05200000 0.02116025
v -0.00100000 0.05200000 0.02173205
v 0.00000000 0.05200000 0.02200000
v -0.01232959 0.05200000 -0.01690548
v -0.01137398 0.05200000 -0.01615235
v -0.01232959 0.05200000 -0.01388307
v -0.00963620 0.05200000 -0.01576620
v -0.00475000 0.05200000 -0.01388307
v -0.00790297 0.05200000 -0.01617229
v -0.00475000 0.05200000 -0.01690147
v 0.00000000 0.05200000 -0.01800000
v 0.00225000 0.05200000 -0.01747965
v -0.01448985 0.05200000 0.00880311
v -0.01472243 0.05200000 0.00850000
v -0.01563055 0.05200000 0.00752128
v -0.01687338 0.05200000 0.00703351
v -0.01820477 0.05200000 0.00713328
v -0.01936103 0.05200000 0.00780084
v -0.02011313 0.05200000 0.00890398
v -0.02031212 0.05200000 0.01022419
v -0.01232959 0.05200000 0.01161841
v -0.01086603 0.05200000 -0.00050000
v -0.01100000 0.05200000 -0.00000000
v -0.00952628 0.05200000 0.00550000
v -0.01202082 0.05200000 0.01202082
v -0.00878988 0.05200000 0.01450000
v -0.00850000 0.05200000 0.01472243
v -0.00740192 0.05200000 0.01582051
v -0.01232959 0.05200000 0.02116025
v -0.01000000 0.05200000 0.02032051
v -0.00850000 0.05200000 0.01991859
v -0.00740192 0.05200000 0.01882051
v -0.00700000 0.05200000 0.01732051
v -0.01448985 0.05200000 0.01762439
v -0.01232959 0.05200000 0.01928202
v -0.01150000 0.05200000 0.01991859
v 0.01982051 0.05200000 0.00840192
v 0.01882051 0.05200000 0.00740192
v 0.01732051 0.05200000 0.00700000
v 0.01582051 0.05200000 0.00740192
v 0.01991859 0.05200000 0.00850000
v 0.02650000 0.05200000 -0.00050000
v 0.02032051 0.05200000 0.01000000
v 0.02650000 0.05200000 0.01450000
v 0.01991859 0.05200000 0.01150000
v 0.01982051 0.05200000 0.01162782
v 0.00740192 0.05200000 0.01882051
v 0.00475000 0.05200000 0.02116025
v 0.00700000 0.05200000 0.01732051
v 0.00475000 0.05200000 0.01450000
v 0.00878988 0.05200000 0.01450000
v 0.00850000 0.05200000 0.01472243
v 0.00740192 0.05200000 0.01582051
v 0.00850000 0.05200000 0.01991859
v 0.01000000 0.05200000 0.02032051
v 0.01448985 0.05200000 0.02116025
v 0.01150000 0.05200000 0.01991859
v 0.01448985 0.05200000 0.01762439
v 0.01626346 0.05200000 0.01626346
v 0.01761660 0.05200000 0.01450000
v 0.02650000 0.05200000 -0.01388307
v 0.02650000 0.05200000 -0.01150000
v 0.01472243 0.05200000 0.00850000
v 0.01448985 0.05200000 0.00880311
v 0.01202082 0.05200000 0.01202082
v 0.00550000 0.05200000 0.00952628
v 0.02507727 0.05200000 0.02116025
v -0.01532051 0.05700000 -0.01000000
v -0.01532051 0.05200000 -0.01000000
v -0.01558846 0.05700000 -0.00900000
v -0.01558846 0.05200000 -0.00900000
v -0.01632051 0.05700000 -0.00826795
v -0.01632051 0.05200000 -0.00826795
v -0.01732051 0.05700000 -0.00800000
v -0.01732051 0.05200000 -0.00800000
v -0.01832051 0.05700000 -0.00826795
v -0.01832051 0.05200000 -0.00826795
v -0.01905256 0.05700000 -0.00900000
v -0.01905256 0.05200000 -0.00900000
v -0.01932051 0.05700000 -0.01000000
v -0.01932051 0.05200000 -0.01000000
v -0.01905256 0.05700000 -0.01100000
v -0.01905256 0.05200000 -0.01100000
v -0.01832051 0.05700000 -0.01173205
v -0.01832051 0.05200000 -0.01173205
v -0.01732051 0.05700000 -0.01200000
v -0.01732051 0.05200000 -0.01200000
v -0.01632051 0.05700000 -0.01173205
v -0.01632051 0.05200000 -0.01173205
v -0.01558846 0.05700000 -0.01100000
v -0.01558846 0.05200000 -0.01100000
v 0.02650000 0.05200000 -0.01679286
v 0.02650000 0.05700000 -0.01679286
v 0.02650000 0.05200000 -0.01388307
v 0.02650000 0.05700000 -0.01388307
v 0.02650000 0.05200000 -0.01150000
v 0.02650000 0.05700000 -0.01150000
v 0.02650000 0.05200000 -0.00050000
v 0.02650000 0.05700000 -0.00050000
v 0.02650000 0.05200000 0.01450000
v 0.02650000 0.05700000 0.01450000
v 0.02650000 0.05200000 0.01741691
v 0.02650000 0.05700000 0.01741691
v 0.00850000 0.05200000 0.01472243
v 0.00850000 0.05700000 0.01472243
v 0.00740192 0.05200000 0.01582051
v 0.00740192 0.05700000 0.01582051
v 0.00700000 0.05200000 0.01732051
v 0.00700000 0.05700000 0.01732051
v 0.00740192 0.05200000 0.01882051
v 0.00740192 0.05700000 0.01882051
v 0.00850000 0.05200000 0.01991859
v 0.00850000 0.05700000 0.01991859
v 0.01000000 0.05200000 0.02032051
v 0.01000000 0.05700000 0.02032051
v 0.01150000 0.05200000 0.01991859
v 0.01150000 0.05700000 0.01991859
v 0.02514151 0.05200000 -0.02059501
v 0.02514151 0.05700000 -0.02059501
v 0.02615018 0.05700000 -0.01881164
v 0.02615018 0.05200000 -0.01881164
v 0.01472243 0.05200000 0.00850000
v 0.01472243 0.05700000 0.00850000
v 0.01202082 0.05700000 0.01202082
v 0.01202082 0.05200000 0.01202082
v -0.02650000 0.05200000 -0.01679286
v -0.02650000 0.05700000 -0.01679286
v -0.02615018 0.05700000 -0.01881164
v -0.02615018 0.05200000 -0.01881164
v -0.02514151 0.05700000 -0.02059501
v -0.02514151 0.05200000 -0.02059501
v 0.01991859 0.05200000 0.01150000
v 0.01991859 0.05700000 0.01150000
v 0.02032051 0.05200000 0.01000000
v 0.02032051 0.05700000 0.01000000
v 0.01991859 0.05200000 0.00850000
v 0.01991859 0.05700000 0.00850000
v 0.01882051 0.05200000 0.00740192
v 0.01882051 0.05700000 0.00740192
v 0.01732051 0.05200000 0.00700000
v 0.01732051 0.05700000 0.00700000
v 0.01582051 0.05200000 0.00740192
v 0.01582051 0.05700000 0.00740192
v 0.00427494 0.05200000 0.05545278
v 0.02577494 0.05200000 0.02001015
v 0.00427494 0.05700000 0.05545278
v 0.02577494 0.05700000 0.02001015
v 0.01626346 0.05200000 0.01626346
v 0.01626346 0.05700000 0.01626346
v -0.00427494 0.05700000 0.05545278
v -0.02577494 0.05700000 0.02001015
v -0.00427494 0.05200000 0.05545278
v -0.02577494 0.05200000 0.02001015
v -0.01150000 0.05200000 0.01991859
v -0.01150000 0.05700000 0.01991859
v -0.01000000 0.05200000 0.02032051
v -0.01000000 0.05700000 0.02032051
v -0.00850000 0.05200000 0.01991859
v -0.00850000 0.05700000 0.01991859
v -0.00740192 0.05200000 0.01882051
v -0.00740192 0.05700000 0.01882051
v -0.00700000 0.05200000 0.01732051
v -0.00700000 0.05700000 0.01732051
v -0.00740192 0.05200000 0.01582051
v -0.00740192 0.05700000 0.01582051
v -0.00850000 0.05200000 0.01472243
v -0.00850000 0.05700000 0.01472243
v 0.00245294 0.05700000 0.05721650
v 0.00245294 0.05200000 0.05721650
v -0.00000000 0.05700000 0.05785954
v -0.00000000 0.05200000 0.05785954
v -0.00245294 0.05700000 0.05721650
v -0.00245294 0.05200000 0.05721650
v -0.01991859 0.05200000 0.01150000
v -0.01991859 0.05700000 0.01150000
v -0.01626346 0.05200000 0.01626346
v -0.01626346 0.05700000 0.01626346
v 0.02631532 0.05700000 0.01876325
v 0.02631532 0.05200000 0.01876325
v -0.01472243 0.05200000 0.00850000
v -0.01472243 0.05700000 0.00850000
v -0.01563055 0.05200000 0.00752128
v -0.01563055 0.05700000 0.00752128
v -0.01687338 0.05200000 0.00703351
v -0.01687338 0.05700000 0.00703351
v -0.01820477 0.05200000 0.00713328
v -0.01820477 0.05700000 0.00713328
v -0.01936103 0.05200000 0.00780084
v -0.01936103 0.05700000 0.00780084
v -0.02011313 0.05200000 0.00890398
v -0.02011313 0.05700000 0.00890398
v -0.02031212 0.05200000 0.01022419
v -0.02031212 0.05700000 0.01022419
v -0.02631532 0.05700000 0.01876325
v -0.02631532 0.05200000 0.01876325
v -0.01202082 0.05700000 0.01202082
v -0.01202082 0.05200000 0.01202082
v 0.00250000 0.05700000 0.05200000
v 0.00250000 0.05200000 0.05200000
v 0.00216506 0.05700000 0.05325000
v 0.00216506 0.05200000 0.05325000
v 0.00125000 0.05700000 0.05416507
v 0.00125000 0.05200000 0.05416507
v 0.00000000 0.05700000 0.05450000
v 0.00000000 0.05200000 0.05450000
v -0.00125000 0.05700000 0.05416507
v -0.00125000 0.05200000 0.05416507
v -0.00216506 0.05700000 0.05325000
v -0.00216506 0.05200000 0.05325000
v -0.00250000 0.05700000 0.05200000
v -0.00250000 0.05200000 0.05200000
v -0.00216506 0.05700000 0.05075000
v -0.00216506 0.05200000 0.05075000
v -0.00125000 0.05700000 0.04983494
v -0.00125000 0.05200000 0.04983494
v -0.00000000 0.05700000 0.04950000
v -0.00000000 0.05200000 0.04950000
v 0.00125000 0.05700000 0.04983494
v 0.00125000 0.05200000 0.04983494
v 0.00216506 0.05700000 0.05075000
v 0.00216506 0.05200000 0.05075000
v 0.00790297 0.05200000 -0.01617229
v 0.00790297 0.05700000 -0.01617229
v 0.00963620 0.05200000 -0.01576620
v 0.00963620 0.05700000 -0.01576620
v 0.01137398 0.05200000 -0.01615235
v 0.01137398 0.05700000 -0.01615235
v 0.01277213 0.05200000 -0.01725425
v 0.01277213 0.05700000 -0.01725425
v 0.01355372 0.05200000 -0.01885366
v 0.01355372 0.05700000 -0.01885366
v 0.01356395 0.05200000 -0.02063379
v 0.01356395 0.05700000 -0.02063379
v 0.01280079 0.05200000 -0.02224208
v 0.01280079 0.05700000 -0.02224208
v 0.01141540 0.05200000 -0.02335998
v 0.01141540 0.05700000 -0.02335998
v -0.00790297 0.05200000 -0.01617229
v -0.00790297 0.05700000 -0.01617229
v 0.00000000 0.05700000 -0.01800000
v 0.00000000 0.05200000 -0.01800000
v 0.00790297 0.05700000 -0.01617229
v 0.00790297 0.05200000 -0.01617229
v -0.01141540 0.05200000 -0.02335998
v -0.01141540 0.05700000 -0.02335998
v -0.01280079 0.05200000 -0.02224208
v -0.01280079 0.05700000 -0.02224208
v -0.01356395 0.05200000 -0.02063379
v -0.01356395 0.05700000 -0.02063379
v -0.01355372 0.05200000 -0.01885366
v -0.01355372 0.05700000 -0.01885366
v -0.01277213 0.05200000 -0.01725425
v -0.01277213 0.05700000 -0.01725425
v -0.01137398 0.05200000 -0.01615235
v -0.01137398 0.05700000 -0.01615235
v -0.00963620 0.05200000 -0.01576620
v -0.00963620 0.05700000 -0.01576620
v -0.00790297 0.05200000 -0.01617229
v -0.00790297 0.05700000 -0.01617229
v -0.01390885 0.05700000 -0.02937335
v -0.01390885 0.05200000 -0.02937335
v 0.00000000 0.05700000 -0.03250000
v 0.00000000 0.05200000 -0.03250000
v 0.01390885 0.05700000 -0.02937335
v 0.01390885 0.05200000 -0.02937335
v 0.01141540 0.05200000 -0.02335998
v 0.01141540 0.05700000 -0.02335998
v 0.00000000 0.05200000 -0.02600000
v 0.00000000 0.05700000 -0.02600000
v 0.03600000 0.12756567 -0.03000000
v 0.03600000 0.13216196 -0.02888111
v 0.04000000 0.12756567 -0.03000000
v 0.04000000 0.13216196 -0.02888111
v 0.04000000 0.14037432 0.02857622
v 0.04000000 0.17416441 0.00831371
v 0.03600000 0.14037432 0.02857622
v 0.03600000 0.17416441 0.00831371
v 0.04000000 0.17367255 -0.00739789
v 0.03600000 0.17367255 -0.00739789
v 0.03600000 0.17659894 -0.00498281
v 0.04000000 0.17659894 -0.00498281
v 0.03600000 0.17827000 -0.00157637
v 0.04000000 0.17827000 -0.00157637
v 0.03600000 0.17838872 0.00221602
v 0.04000000 0.17838872 0.00221602
v 0.03600000 0.17693400 0.00572033
v 0.04000000 0.17693400 0.00572033
v 0.04000000 0.13523151 0.03000000
v 0.03600000 0.13523151 0.03000000
v 0.04000000 0.11300000 0.03000000
v 0.03600000 0.11300000 0.03000000
v 0.04000000 0.10100000 0.03000000
v 0.03600000 0.10100000 0.03000000
v 0.04000000 0.08275000 0.03000000
v 0.03600000 0.08275000 0.03000000
v 0.04000000 0.06700000 0.03000000
v 0.03600000 0.06700000 0.03000000
v 0.04000000 0.14037432 0.02857622
v 0.03600000 0.14037432 0.02857622
v 0.03600000 0.13789964 0.02963748
v 0.04000000 0.13789964 0.02963748
v 0.04000000 0.06200000 0.02500000
v 0.03600000 0.06200000 0.02500000
v 0.04000000 0.06200000 0.02143012
v 0.03600000 0.06200000 0.02143012
v 0.04000000 0.06200000 0.01175000
v 0.03600000 0.06200000 0.01175000
v 0.04000000 0.06200000 0.00325000
v 0.03600000 0.06200000 0.00325000
v 0.04000000 0.06200000 -0.00325000
v 0.03600000 0.06200000 -0.00325000
v 0.04000000 0.06200000 -0.01150000
v 0.03600000 0.06200000 -0.01150000
v 0.04000000 0.06200000 -0.02168012
v 0.03600000 0.06200000 -0.02168012
v 0.04000000 0.06200000 -0.02500000
v 0.03600000 0.06200000 -0.02500000
v 0.03600000 0.14425386 -0.01073576
v 0.03600000 0.12123110 -0.02109601
v 0.04000000 0.14425386 -0.01073576
v 0.04000000 0.12123110 -0.02109601
v 0.03600000 0.12756567 -0.03000000
v 0.04000000 0.12756567 -0.03000000
v 0.03600000 0.11300000 -0.03000000
v 0.04000000 0.11300000 -0.03000000
v 0.03600000 0.10100000 -0.03000000
v 0.04000000 0.10100000 -0.03000000
v 0.03600000 0.08275000 -0.03000000
v 0.04000000 0.08275000 -0.03000000
v 0.03600000 0.06700000 -0.03000000
v 0.04000000 0.06700000 -0.03000000
v 0.03600000 0.12000000 -0.00500000
v 0.03600000 0.14302276 -0.00500000
v 0.04000000 0.12000000 -0.00500000
v 0.04000000 0.14302276 -0.00500000
v 0.03600000 0.10400000 -0.00500000
v 0.04000000 0.10400000 -0.00500000
v 0.03600000 0.10650000 -0.00433013
v 0.04000000 0.10650000 -0.00433013
v 0.03600000 0.10833013 -0.00250000
v 0.04000000 0.10833013 -0.00250000
v 0.03600000 0.10900000 -0.00000000
v 0.04000000 0.10900000 -0.00000000
v 0.03600000 0.10833013 0.00250000
v 0.04000000 0.10833013 0.00250000
v 0.03600000 0.10650000 0.00433013
v 0.04000000 0.10650000 0.00433013
v 0.03600000 0.10400000 0.00500000
v 0.04000000 0.10400000 0.00500000
v 0.03600000 0.10150000 0.00433013
v 0.04000000 0.10150000 0.00433013
v 0.03600000 0.09966987 0.00250000
v 0.04000000 0.09966987 0.00250000
v 0.03600000 0.09900000 -0.00000000
v 0.04000000 0.09900000 -0.00000000
v 0.03600000 0.09966987 -0.00250000
v 0.04000000 0.09966987 -0.00250000
v 0.03600000 0.10150000 -0.00433013
v 0.04000000 0.10150000 -0.00433013
v 0.03600000 0.11700000 -0.00800000
v 0.04000000 0.11700000 -0.00800000
v 0.03600000 0.11700000 -0.01150000
v 0.04000000 0.11700000 -0.01150000
v 0.03600000 0.11700000 -0.01836024
v 0.04000000 0.11700000 -0.01836024
v 0.03600000 0.16900000 -0.00500000
v 0.04000000 0.16900000 -0.00500000
v 0.03600000 0.17150000 -0.00433013
v 0.04000000 0.17150000 -0.00433013
v 0.03600000 0.17333013 -0.00250000
v 0.04000000 0.17333013 -0.00250000
v 0.03600000 0.17400000 -0.00000000
v 0.04000000 0.17400000 -0.00000000
v 0.03600000 0.17333013 0.00250000
v 0.04000000 0.17333013 0.00250000
v 0.03600000 0.17150000 0.00433013
v 0.04000000 0.17150000 0.00433013
v 0.03600000 0.16900000 0.00500000
v 0.04000000 0.16900000 0.00500000
v 0.03600000 0.16650000 0.00433013
v 0.04000000 0.16650000 0.00433013
v 0.03600000 0.16466987 0.00250000
v 0.04000000 0.16466987 0.00250000
v 0.03600000 0.16400000 -0.00000000
v 0.04000000 0.16400000 -0.00000000
v 0.03600000 0.16466987 -0.00250000
v 0.04000000 0.16466987 -0.00250000
v 0.03600000 0.16650000 -0.00433013
v 0.04000000 0.16650000 -0.00433013
v 0.04000000 0.14425386 0.01073577
v 0.04000000 0.12123110 0.02109601
v 0.03600000 0.14425386 0.01073577
v 0.03600000 0.12123110 0.02109601
v 0.03600000 0.06500000 -0.00150000
v 0.04000000 0.06500000 -0.00150000
v 0.03600000 0.06575000 -0.00129904
v 0.04000000 0.06575000 -0.00129904
v 0.03600000 0.06629904 -0.00075000
v 0.04000000 0.06629904 -0.00075000
v 0.03600000 0.06650000 -0.00000000
v 0.04000000 0.06650000 -0.00000000
v 0.03600000 0.06629904 0.00075000
v 0.04000000 0.06629904 0.00075000
v 0.03600000 0.06575000 0.00129904
v 0.04000000 0.06575000 0.00129904
v 0.03600000 0.06500000 0.00150000
v 0.04000000 0.06500000 0.00150000
v 0.03600000 0.06425000 0.00129904
v 0.04000000 0.06425000 0.00129904
v 0.03600000 0.06370096 0.00075000
v 0.04000000 0.06370096 0.00075000
v 0.03600000 0.06350000 -0.00000000
v 0.04000000 0.06350000 -0.00000000
v 0.03600000 0.06370096 -0.00075000
v 0.04000000 0.06370096 -0.00075000
v 0.03600000 0.06425000 -0.00129904
v 0.04000000 0.06425000 -0.00129904
v 0.03600000 0.11700000 0.01836024
v 0.04000000 0.11700000 0.01836024
v 0.03600000 0.11700000 0.01175000
v 0.04000000 0.11700000 0.01175000
v 0.03600000 0.11700000 0.00800000
v 0.04000000 0.11700000 0.00800000
v 0.03600000 0.06500000 0.01850000
v 0.04000000 0.06500000 0.01850000
v 0.03600000 0.06575000 0.01870096
v 0.04000000 0.06575000 0.01870096
v 0.03600000 0.06629904 0.01925000
v 0.04000000 0.06629904 0.01925000
v 0.03600000 0.06650000 0.02000000
v 0.04000000 0.06650000 0.02000000
v 0.03600000 0.06629904 0.02075000
v 0.04000000 0.06629904 0.02075000
v 0.03600000 0.06575000 0.02129904
v 0.04000000 0.06575000 0.02129904
v 0.03600000 0.06500000 0.02150000
v 0.04000000 0.06500000 0.02150000
v 0.03600000 0.06425000 0.02129904
v 0.04000000 0.06425000 0.02129904
v 0.03600000 0.06370096 0.02075000
v 0.04000000 0.06370096 0.02075000
v 0.03600000 0.06350000 0.02000000
v 0.04000000 0.06350000 0.02000000
v 0.03600000 0.06370096 0.01925000
v 0.04000000 0.06370096 0.01925000
v 0.03600000 0.06425000 0.01870096
v 0.04000000 0.06425000 0.01870096
v 0.03600000 0.14302276 0.00500000
v 0.03600000 0.12000000 0.00500000
v 0.04000000 0.14302276 0.00500000
v 0.04000000 0.12000000 0.00500000
v 0.04000000 0.08275000 -0.02168012
v 0.04000000 0.08275000 -0.03000000
v 0.04000000 0.10100000 -0.03000000
v 0.04000000 0.15501138 0.01979898
v 0.04000000 0.15501138 0.01175000
v 0.04000000 0.16843400 0.01175000
v 0.04000000 0.10150000 -0.00433013
v 0.04000000 0.10100000 -0.00383013
v 0.04000000 0.10100000 -0.01150000
v 0.04000000 0.09966987 0.00250000
v 0.04000000 0.10041987 0.00325000
v 0.04000000 0.08275000 0.00325000
v 0.04000000 0.06425000 0.02129904
v 0.04000000 0.06473921 0.02143012
v 0.04000000 0.06275000 0.02143012
v 0.04000000 0.10673205 -0.02100000
v 0.04000000 0.10605193 -0.02168012
v 0.04000000 0.11300000 -0.02168012
v 0.04000000 0.10400000 -0.02173205
v 0.04000000 0.10394807 -0.02168012
v 0.04000000 0.10100000 -0.02168012
v 0.04000000 0.10326795 -0.02100000
v 0.04000000 0.10300000 -0.02000000
v 0.04000000 0.10326795 -0.01900000
v 0.04000000 0.10400000 -0.01826795
v 0.04000000 0.10500000 -0.01800000
v 0.04000000 0.11300000 -0.01150000
v 0.04000000 0.10600000 -0.01826795
v 0.04000000 0.10673205 -0.01900000
v 0.04000000 0.10700000 -0.02000000
v 0.04000000 0.10500000 -0.02200000
v 0.04000000 0.10600000 -0.02173205
v 0.04000000 0.11300000 -0.03000000
v 0.04000000 0.06500000 0.02150000
v 0.04000000 0.06450000 0.02933013
v 0.04000000 0.06700000 0.03000000
v 0.04000000 0.06526079 0.02143012
v 0.04000000 0.08275000 0.03000000
v 0.04000000 0.06575000 0.02129904
v 0.04000000 0.06629904 0.02075000
v 0.04000000 0.08275000 0.02143012
v 0.04000000 0.06650000 0.02000000
v 0.04000000 0.06575000 0.01870096
v 0.04000000 0.06500000 0.01850000
v 0.04000000 0.06275000 0.01175000
v 0.04000000 0.06425000 0.01870096
v 0.04000000 0.06370096 0.01925000
v 0.04000000 0.06350000 0.02000000
v 0.04000000 0.06370096 0.02075000
v 0.04000000 0.16574631 -0.01150000
v 0.04000000 0.17367255 -0.00739789
v 0.04000000 0.17150000 -0.00433013
v 0.04000000 0.17659894 -0.00498281
v 0.04000000 0.17258012 -0.00325000
v 0.04000000 0.17744898 -0.00325000
v 0.04000000 0.17333013 -0.00250000
v 0.04000000 0.16900000 -0.00500000
v 0.04000000 0.16650000 -0.00433013
v 0.04000000 0.16541987 -0.00325000
v 0.04000000 0.15501138 -0.01705571
v 0.04000000 0.15501138 -0.01150000
v 0.04000000 0.15501138 -0.00325000
v 0.04000000 0.16466987 -0.00250000
v 0.04000000 0.15501138 0.00325000
v 0.04000000 0.16400000 -0.00000000
v 0.04000000 0.17400000 -0.00000000
v 0.04000000 0.17827000 -0.00157637
v 0.04000000 0.17333013 0.00250000
v 0.04000000 0.16466987 0.00250000
v 0.04000000 0.16541987 0.00325000
v 0.04000000 0.16650000 0.00433013
v 0.04000000 0.16900000 0.00500000
v 0.04000000 0.17416441 0.00831371
v 0.04000000 0.17150000 0.00433013
v 0.04000000 0.17693400 0.00572033
v 0.04000000 0.17258012 0.00325000
v 0.04000000 0.17795950 0.00325000
v 0.04000000 0.17838872 0.00221602
v 0.04000000 0.10650000 0.00433013
v 0.04000000 0.11300000 0.01175000
v 0.04000000 0.10400000 0.00500000
v 0.04000000 0.10100000 0.01175000
v 0.04000000 0.08275000 0.01175000
v 0.04000000 0.10100000 0.00383013
v 0.04000000 0.10150000 0.00433013
v 0.04000000 0.08275000 -0.00325000
v 0.04000000 0.09966987 -0.00250000
v 0.04000000 0.09900000 -0.00000000
v 0.04000000 0.10400000 -0.00500000
v 0.04000000 0.10650000 -0.00433013
v 0.04000000 0.10758013 -0.00325000
v 0.04000000 0.11300000 -0.00325000
v 0.04000000 0.10833013 -0.00250000
v 0.04000000 0.10758013 0.00325000
v 0.04000000 0.11300000 0.00325000
v 0.04000000 0.10833013 0.00250000
v 0.04000000 0.10900000 -0.00000000
v 0.04000000 0.06275000 -0.02758013
v 0.04000000 0.06450000 -0.02933013
v 0.04000000 0.06275000 -0.02168012
v 0.04000000 0.06700000 -0.03000000
v 0.04000000 0.06266987 -0.02750000
v 0.04000000 0.06200000 -0.02500000
v 0.04000000 0.06200000 -0.02168012
v 0.04000000 0.06200000 -0.01150000
v 0.04000000 0.06275000 0.02758013
v 0.04000000 0.06266987 0.02750000
v 0.04000000 0.15229127 0.02143012
v 0.04000000 0.14037432 0.02857622
v 0.04000000 0.11300000 0.02143012
v 0.04000000 0.13789964 0.02963748
v 0.04000000 0.13523151 0.03000000
v 0.04000000 0.11837109 0.02087950
v 0.04000000 0.11977354 0.02135169
v 0.04000000 0.12123110 0.02109601
v 0.04000000 0.14200000 0.01175000
v 0.04000000 0.11700000 0.01175000
v 0.04000000 0.11700000 0.01836024
v 0.04000000 0.11736497 0.01979434
v 0.04000000 0.11977354 -0.02135168
v 0.04000000 0.11837109 -0.02087950
v 0.04000000 0.14255556 -0.01150000
v 0.04000000 0.12123110 -0.02109601
v 0.04000000 0.14607594 -0.02168012
v 0.04000000 0.12756567 -0.03000000
v 0.04000000 0.13216196 -0.02888111
v 0.04000000 0.14425386 0.01073577
v 0.04000000 0.11740192 0.00650000
v 0.04000000 0.11700000 0.00800000
v 0.04000000 0.14538434 0.00614989
v 0.04000000 0.14433609 0.00530275
v 0.04000000 0.14302276 0.00500000
v 0.04000000 0.12000000 0.00500000
v 0.04000000 0.11850000 0.00540193
v 0.04000000 0.14532727 0.00992074
v 0.04000000 0.14593557 0.00871805
v 0.04000000 0.14595596 0.00737044
v 0.04000000 0.11736497 -0.01979434
v 0.04000000 0.11700000 -0.01836024
v 0.04000000 0.11700000 -0.01150000
v 0.04000000 0.11700000 -0.00800000
v 0.04000000 0.14425386 -0.01073576
v 0.04000000 0.14532727 -0.00992074
v 0.04000000 0.14302276 -0.00500000
v 0.04000000 0.14433609 -0.00530275
v 0.04000000 0.11740192 -0.00650000
v 0.04000000 0.11850000 -0.00540192
v 0.04000000 0.12000000 -0.00500000
v 0.04000000 0.14538434 -0.00614988
v 0.04000000 0.14595596 -0.00737043
v 0.04000000 0.14593557 -0.00871805
v 0.04000000 0.06200000 0.02500000
v 0.04000000 0.06200000 0.02143012
v 0.04000000 0.06200000 0.01175000
v 0.04000000 0.06275000 0.00325000
v 0.04000000 0.06200000 0.00325000
v 0.04000000 0.06275000 -0.00325000
v 0.04000000 0.06200000 -0.00325000
v 0.04000000 0.06275000 -0.01150000
v 0.04000000 0.06575000 -0.00129904
v 0.04000000 0.06500000 -0.00150000
v 0.04000000 0.06425000 -0.00129904
v 0.04000000 0.06425000 0.00129904
v 0.04000000 0.06500000 0.00150000
v 0.04000000 0.06629904 0.01925000
v 0.04000000 0.06370096 -0.00075000
v 0.04000000 0.06350000 -0.00000000
v 0.04000000 0.06370096 0.00075000
v 0.04000000 0.06575000 0.00129904
v 0.04000000 0.06629904 0.00075000
v 0.04000000 0.06650000 -0.00000000
v 0.04000000 0.06629904 -0.00075000
v 0.04000000 0.08275000 -0.01150000
v 0.04000000 0.10041987 -0.00325000
v 0.04000000 0.11300000 0.03000000
v 0.04000000 0.10100000 0.03000000
v 0.04000000 0.10100000 0.02143012
v 0.03600000 0.14433609 0.00530275
v 0.04000000 0.14433609 0.00530275
v 0.03600000 0.14538434 0.00614989
v 0.04000000 0.14538434 0.00614989
v 0.03600000 0.14595596 0.00737044
v 0.04000000 0.14595596 0.00737044
v 0.03600000 0.14593557 0.00871805
v 0.04000000 0.14593557 0.00871805
v 0.03600000 0.14532727 0.00992074
v 0.04000000 0.14532727 0.00992074
v 0.03600000 0.14425386 0.01073577
v 0.04000000 0.14425386 0.01073577
v 0.03600000 0.11700000 0.01836024
v 0.03600000 0.11700000 0.01175000
v 0.03600000 0.11300000 0.01175000
v 0.03600000 0.06575000 0.02129904
v 0.03600000 0.06526079 0.02143012
v 0.03600000 0.08275000 0.02143012
v 0.03600000 0.10600000 -0.02173205
v 0.03600000 0.10605193 -0.02168012
v 0.03600000 0.11300000 -0.02168012
v 0.03600000 0.10500000 -0.01800000
v 0.03600000 0.10100000 -0.01150000
v 0.03600000 0.10600000 -0.01826795
v 0.03600000 0.11300000 -0.01150000
v 0.03600000 0.10300000 -0.02000000
v 0.03600000 0.10100000 -0.02168012
v 0.03600000 0.10326795 -0.01900000
v 0.03600000 0.10400000 -0.01826795
v 0.03600000 0.10673205 -0.02100000
v 0.03600000 0.10700000 -0.02000000
v 0.03600000 0.10673205 -0.01900000
v 0.03600000 0.10326795 -0.02100000
v 0.03600000 0.10394807 -0.02168012
v 0.03600000 0.10100000 -0.03000000
v 0.03600000 0.10400000 -0.02173205
v 0.03600000 0.10500000 -0.02200000
v 0.03600000 0.11300000 -0.03000000
v 0.03600000 0.10900000 -0.00000000
v 0.03600000 0.10833013 0.00250000
v 0.03600000 0.11300000 0.00325000
v 0.03600000 0.10758013 0.00325000
v 0.03600000 0.10650000 0.00433013
v 0.03600000 0.10100000 0.01175000
v 0.03600000 0.10400000 0.00500000
v 0.03600000 0.10150000 0.00433013
v 0.03600000 0.10100000 -0.00383013
v 0.03600000 0.10150000 -0.00433013
v 0.03600000 0.10400000 -0.00500000
v 0.03600000 0.10650000 -0.00433013
v 0.03600000 0.11300000 -0.00325000
v 0.03600000 0.10758013 -0.00325000
v 0.03600000 0.10833013 -0.00250000
v 0.03600000 0.08275000 -0.00325000
v 0.03600000 0.10041987 -0.00325000
v 0.03600000 0.08275000 -0.01150000
v 0.03600000 0.10041987 0.00325000
v 0.03600000 0.09966987 0.00250000
v 0.03600000 0.08275000 0.00325000
v 0.03600000 0.09900000 -0.00000000
v 0.03600000 0.09966987 -0.00250000
v 0.03600000 0.08275000 0.01175000
v 0.03600000 0.10100000 0.00383013
v 0.03600000 0.16900000 0.00500000
v 0.03600000 0.16650000 0.00433013
v 0.03600000 0.15501138 0.01175000
v 0.03600000 0.16541987 -0.00325000
v 0.03600000 0.16650000 -0.00433013
v 0.03600000 0.16574631 -0.01150000
v 0.03600000 0.16900000 -0.00500000
v 0.03600000 0.17367255 -0.00739789
v 0.03600000 0.17150000 -0.00433013
v 0.03600000 0.17659894 -0.00498281
v 0.03600000 0.17258012 -0.00325000
v 0.03600000 0.17744898 -0.00325000
v 0.03600000 0.17333013 -0.00250000
v 0.03600000 0.17827000 -0.00157637
v 0.03600000 0.17400000 -0.00000000
v 0.03600000 0.17838872 0.00221602
v 0.03600000 0.17333013 0.00250000
v 0.03600000 0.17795950 0.00325000
v 0.03600000 0.17258012 0.00325000
v 0.03600000 0.17693400 0.00572033
v 0.03600000 0.17150000 0.00433013
v 0.03600000 0.17416441 0.00831371
v 0.03600000 0.16843400 0.01175000
v 0.03600000 0.15501138 0.00325000
v 0.03600000 0.16541987 0.00325000
v 0.03600000 0.16466987 0.00250000
v 0.03600000 0.16400000 -0.00000000
v 0.03600000 0.16466987 -0.00250000
v 0.03600000 0.15501138 -0.00325000
v 0.03600000 0.15501138 -0.01150000
v 0.03600000 0.15501138 -0.01705571
v 0.03600000 0.06425000 0.01870096
v 0.03600000 0.06500000 0.01850000
v 0.03600000 0.06275000 0.01175000
v 0.03600000 0.06425000 0.02129904
v 0.03600000 0.06275000 0.02143012
v 0.03600000 0.06473921 0.02143012
v 0.03600000 0.06275000 0.02758013
v 0.03600000 0.06450000 0.02933013
v 0.03600000 0.06370096 0.02075000
v 0.03600000 0.06350000 0.02000000
v 0.03600000 0.06370096 0.01925000
v 0.03600000 0.06575000 0.01870096
v 0.03600000 0.06629904 0.01925000
v 0.03600000 0.06650000 0.02000000
v 0.03600000 0.06629904 0.02075000
v 0.03600000 0.15501138 0.01979898
v 0.03600000 0.15229127 0.02143012
v 0.03600000 0.11977354 0.02135169
v 0.03600000 0.11300000 0.02143012
v 0.03600000 0.11837109 0.02087950
v 0.03600000 0.11736497 0.01979434
v 0.03600000 0.11300000 0.03000000
v 0.03600000 0.13523151 0.03000000
v 0.03600000 0.13789964 0.02963748
v 0.03600000 0.14037432 0.02857622
v 0.03600000 0.06266987 -0.02750000
v 0.03600000 0.06200000 -0.02500000
v 0.03600000 0.06275000 -0.02168012
v 0.03600000 0.08275000 -0.03000000
v 0.03600000 0.06700000 -0.03000000
v 0.03600000 0.06275000 -0.02758013
v 0.03600000 0.06450000 -0.02933013
v 0.03600000 0.14607594 -0.02168012
v 0.03600000 0.13216196 -0.02888111
v 0.03600000 0.12756567 -0.03000000
v 0.03600000 0.11736497 -0.01979434
v 0.03600000 0.11837109 -0.02087950
v 0.03600000 0.11977354 -0.02135168
v 0.03600000 0.12123110 -0.02109601
v 0.03600000 0.14255556 -0.01150000
v 0.03600000 0.11740192 0.00650000
v 0.03600000 0.11850000 0.00540193
v 0.03600000 0.14593557 0.00871805
v 0.03600000 0.14532727 0.00992074
v 0.03600000 0.14425386 0.01073577
v 0.03600000 0.14200000 0.01175000
v 0.03600000 0.12123110 0.02109601
v 0.03600000 0.11700000 0.00800000
v 0.03600000 0.14595596 0.00737044
v 0.03600000 0.14538434 0.00614989
v 0.03600000 0.12000000 0.00500000
v 0.03600000 0.14302276 0.00500000
v 0.03600000 0.14433609 0.00530275
v 0.03600000 0.11850000 -0.00540192
v 0.03600000 0.11740192 -0.00650000
v 0.03600000 0.11700000 -0.00800000
v 0.03600000 0.11700000 -0.01150000
v 0.03600000 0.11700000 -0.01836024
v 0.03600000 0.14425386 -0.01073576
v 0.03600000 0.14532727 -0.00992074
v 0.03600000 0.14593557 -0.00871805
v 0.03600000 0.14595596 -0.00737043
v 0.03600000 0.14538434 -0.00614988
v 0.03600000 0.14433609 -0.00530275
v 0.03600000 0.14302276 -0.00500000
v 0.03600000 0.12000000 -0.00500000
v 0.03600000 0.10100000 0.03000000
v 0.03600000 0.10100000 0.02143012
v 0.03600000 0.08275000 0.03000000
v 0.03600000 0.06700000 0.03000000
v 0.03600000 0.06500000 0.02150000
v 0.03600000 0.08275000 -0.02168012
v 0.03600000 0.06425000 -0.00129904
v 0.03600000 0.06500000 -0.00150000
v 0.03600000 0.06275000 -0.00325000
v 0.03600000 0.06275000 0.00325000
v 0.03600000 0.06500000 0.00150000
v 0.03600000 0.06425000 0.00129904
v 0.03600000 0.06575000 -0.00129904
v 0.03600000 0.06629904 -0.00075000
v 0.03600000 0.06650000 -0.00000000
v 0.03600000 0.06629904 0.00075000
v 0.03600000 0.06575000 0.00129904
v 0.03600000 0.06370096 0.00075000
v 0.03600000 0.06350000 -0.00000000
v 0.03600000 0.06370096 -0.00075000
v 0.03600000 0.06275000 -0.01150000
v 0.03600000 0.06200000 -0.02168012
v 0.03600000 0.06200000 -0.01150000
v 0.03600000 0.06200000 -0.00325000
v 0.03600000 0.06200000 0.00325000
v 0.03600000 0.06200000 0.01175000
v 0.03600000 0.06200000 0.02143012
v 0.03600000 0.06200000 0.02500000
v 0.03600000 0.06266987 0.02750000
v 0.03600000 0.12123110 0.02109601
v 0.04000000 0.12123110 0.02109601
v 0.03600000 0.11977354 0.02135169
v 0.04000000 0.11977354 0.02135169
v 0.03600000 0.11837109 0.02087950
v 0.04000000 0.11837109 0.02087950
v 0.03600000 0.11736497 0.01979434
v 0.04000000 0.11736497 0.01979434
v 0.03600000 0.11700000 0.01836024
v 0.04000000 0.11700000 0.01836024
v 0.03600000 0.10500000 -0.02200000
v 0.04000000 0.10500000 -0.02200000
v 0.03600000 0.10600000 -0.02173205
v 0.04000000 0.10600000 -0.02173205
v 0.03600000 0.10673205 -0.02100000
v 0.04000000 0.10673205 -0.02100000
v 0.03600000 0.10700000 -0.02000000
v 0.04000000 0.10700000 -0.02000000
v 0.03600000 0.10673205 -0.01900000
v 0.04000000 0.10673205 -0.01900000
v 0.03600000 0.10600000 -0.01826795
v 0.04000000 0.10600000 -0.01826795
v 0.03600000 0.10500000 -0.01800000
v 0.04000000 0.10500000 -0.01800000
v 0.03600000 0.10400000 -0.01826795
v 0.04000000 0.10400000 -0.01826795
v 0.03600000 0.10326795 -0.01900000
v 0.04000000 0.10326795 -0.01900000
v 0.03600000 0.10300000 -0.02000000
v 0.04000000 0.10300000 -0.02000000
v 0.03600000 0.10326795 -0.02100000
v 0.04000000 0.10326795 -0.02100000
v 0.03600000 0.10400000 -0.02173205
v 0.04000000 0.10400000 -0.02173205
v 0.03600000 0.11700000 0.00800000
v 0.04000000 0.11700000 0.00800000
v 0.03600000 0.11740192 0.00650000
v 0.04000000 0.11740192 0.00650000
v 0.03600000 0.11850000 0.00540193
v 0.04000000 0.11850000 0.00540193
v 0.04000000 0.06266987 0.02750000
v 0.03600000 0.06266987 0.02750000
v 0.04000000 0.06450000 0.02933013
v 0.03600000 0.06450000 0.02933013
v 0.03600000 0.11850000 -0.00540192
v 0.04000000 0.11850000 -0.00540192
v 0.03600000 0.11740192 -0.00650000
v 0.04000000 0.11740192 -0.00650000
v 0.03600000 0.11700000 -0.00800000
v 0.04000000 0.11700000 -0.00800000
v 0.04000000 0.06450000 -0.02933013
v 0.03600000 0.06450000 -0.02933013
v 0.04000000 0.06266987 -0.02750000
v 0.03600000 0.06266987 -0.02750000
v 0.03600000 0.14425386 -0.01073576
v 0.04000000 0.14425386 -0.01073576
v 0.03600000 0.14532727 -0.00992074
v 0.04000000 0.14532727 -0.00992074
v 0.03600000 0.14593557 -0.00871805
v 0.04000000 0.14593557 -0.00871805
v 0.03600000 0.14595596 -0.00737043
v 0.04000000 0.14595596 -0.00737043
v 0.03600000 0.14538434 -0.00614988
v 0.04000000 0.14538434 -0.00614988
v 0.03600000 0.14433609 -0.00530275
v 0.04000000 0.14433609 -0.00530275
v 0.03600000 0.13216196 -0.02888111
v 0.04000000 0.13216196 -0.02888111
v 0.03600000 0.11700000 -0.01836024
v 0.04000000 0.11700000 -0.01836024
v 0.03600000 0.11736497 -0.01979434
v 0.04000000 0.11736497 -0.01979434
v 0.03600000 0.11837109 -0.02087950
v 0.04000000 0.11837109 -0.02087950
v 0.03600000 0.11977354 -0.02135168
v 0.04000000 0.11977354 -0.02135168
v 0.03600000 0.12123110 -0.02109601
v 0.04000000 0.12123110 -0.02109601
v -0.04000000 0.17400000 0.02250000
v -0.03600000 0.17400000 0.02250000
v -0.04000000 0.17475000 0.02270096
v -0.03600000 0.17475000 0.02270096
v -0.04000000 0.17529903 0.02325000
v -0.03600000 0.17529903 0.02325000
v -0.04000000 0.17550000 0.02400000
v -0.03600000 0.17550000 0.02400000
v -0.04000000 0.17529903 0.02475000
v -0.03600000 0.17529903 0.02475000
v -0.04000000 0.17475000 0.02529904
v -0.03600000 0.17475000 0.02529904
v -0.04000000 0.17400000 0.02550000
v -0.03600000 0.17400000 0.02550000
v -0.04000000 0.17325000 0.02529904
v -0.03600000 0.17325000 0.02529904
v -0.04000000 0.17270096 0.02475000
v -0.03600000 0.17270096 0.02475000
v -0.04000000 0.17250000 0.02400000
v -0.03600000 0.17250000 0.02400000
v -0.04000000 0.17270096 0.02325000
v -0.03600000 0.17270096 0.02325000
v -0.04000000 0.17325000 0.02270096
v -0.03600000 0.17325000 0.02270096
v -0.04000000 0.06500000 -0.02800000
v -0.03600000 0.06500000 -0.02800000
v -0.03600000 0.06350000 -0.02759808
v -0.04000000 0.06350000 -0.02759808
v -0.03600000 0.06240192 -0.02650000
v -0.04000000 0.06240192 -0.02650000
v -0.03600000 0.06200000 -0.02500000
v -0.04000000 0.06200000 -0.02500000
v -0.03600000 0.09300000 -0.01200000
v -0.04000000 0.09300000 -0.01200000
v -0.03600000 0.09286603 -0.01250000
v -0.04000000 0.09286603 -0.01250000
v -0.03600000 0.09250000 -0.01286603
v -0.04000000 0.09250000 -0.01286603
v -0.03600000 0.09200000 -0.01300000
v -0.04000000 0.09200000 -0.01300000
v -0.03600000 0.09150000 -0.01286603
v -0.04000000 0.09150000 -0.01286603
v -0.03600000 0.09113398 -0.01250000
v -0.04000000 0.09113398 -0.01250000
v -0.03600000 0.09100000 -0.01200000
v -0.04000000 0.09100000 -0.01200000
v -0.03600000 0.09113398 -0.01150000
v -0.04000000 0.09113398 -0.01150000
v -0.03600000 0.09150000 -0.01113398
v -0.04000000 0.09150000 -0.01113398
v -0.03600000 0.09200000 -0.01100000
v -0.04000000 0.09200000 -0.01100000
v -0.03600000 0.10500000 -0.00900000
v -0.04000000 0.10500000 -0.00900000
v -0.04000000 0.10450000 -0.00913398
v -0.03600000 0.10450000 -0.00913398
v -0.04000000 0.10413398 -0.00950000
v -0.03600000 0.10413398 -0.00950000
v -0.04000000 0.10400000 -0.01000000
v -0.03600000 0.10400000 -0.01000000
v -0.04000000 0.11700000 0.00450000
v -0.03600000 0.11700000 0.00450000
v -0.04000000 0.11775000 0.00470096
v -0.03600000 0.11775000 0.00470096
v -0.04000000 0.11829904 0.00525000
v -0.03600000 0.11829904 0.00525000
v -0.04000000 0.11850000 0.00600000
v -0.03600000 0.11850000 0.00600000
v -0.04000000 0.11829904 0.00675000
v -0.03600000 0.11829904 0.00675000
v -0.04000000 0.11775000 0.00729904
v -0.03600000 0.11775000 0.00729904
v -0.04000000 0.11700000 0.00750000
v -0.03600000 0.11700000 0.00750000
v -0.04000000 0.11625000 0.00729904
v -0.03600000 0.11625000 0.00729904
v -0.04000000 0.11570096 0.00675000
v -0.03600000 0.11570096 0.00675000
v -0.04000000 0.11550000 0.00600000
v -0.03600000 0.11550000 0.00600000
v -0.04000000 0.11570096 0.00525000
v -0.03600000 0.11570096 0.00525000
v -0.04000000 0.11625000 0.00470096
v -0.03600000 0.11625000 0.00470096
v -0.04000000 0.06200000 0.02500000
v -0.03600000 0.06200000 0.02500000
v -0.03600000 0.06240192 0.02650000
v -0.04000000 0.06240192 0.02650000
v -0.03600000 0.06350000 0.02759808
v -0.04000000 0.06350000 0.02759808
v -0.03600000 0.06500000 0.02800000
v -0.04000000 0.06500000 0.02800000
v -0.03600000 0.09200000 0.01100000
v -0.04000000 0.09200000 0.01100000
v -0.03600000 0.09150000 0.01113397
v -0.04000000 0.09150000 0.01113397
v -0.03600000 0.09113398 0.01150000
v -0.04000000 0.09113398 0.01150000
v -0.03600000 0.09100000 0.01200000
v -0.04000000 0.09100000 0.01200000
v -0.03600000 0.09113398 0.01250000
v -0.04000000 0.09113398 0.01250000
v -0.03600000 0.09150000 0.01286602
v -0.04000000 0.09150000 0.01286602
v -0.03600000 0.09200000 0.01300000
v -0.04000000 0.09200000 0.01300000
v -0.03600000 0.09250000 0.01286602
v -0.04000000 0.09250000 0.01286602
v -0.03600000 0.09286603 0.01250000
v -0.04000000 0.09286603 0.01250000
v -0.03600000 0.09300000 0.01200000
v -0.04000000 0.09300000 0.01200000
v -0.03600000 0.09200000 -0.01000000
v -0.04000000 0.09200000 -0.01000000
v -0.04000000 0.09186602 -0.00950000
v -0.03600000 0.09186602 -0.00950000
v -0.04000000 0.09150000 -0.00913398
v -0.03600000 0.09150000 -0.00913398
v -0.04000000 0.09100000 -0.00900000
v -0.03600000 0.09100000 -0.00900000
v -0.04000000 0.16400000 0.02250000
v -0.03600000 0.16400000 0.02250000
v -0.04000000 0.16475000 0.02270096
v -0.03600000 0.16475000 0.02270096
v -0.04000000 0.16529904 0.02325000
v -0.03600000 0.16529904 0.02325000
v -0.04000000 0.16550000 0.02400000
v -0.03600000 0.16550000 0.02400000
v -0.04000000 0.16529904 0.02475000
v -0.03600000 0.16529904 0.02475000
v -0.04000000 0.16475000 0.02529904
v -0.03600000 0.16475000 0.02529904
v -0.04000000 0.16400000 0.02550000
v -0.03600000 0.16400000 0.02550000
v -0.04000000 0.16325000 0.02529904
v -0.03600000 0.16325000 0.02529904
v -0.04000000 0.16270096 0.02475000
v -0.03600000 0.16270096 0.02475000
v -0.04000000 0.16250000 0.02400000
v -0.03600000 0.16250000 0.02400000
v -0.04000000 0.16270096 0.02325000
v -0.03600000 0.16270096 0.02325000
v -0.04000000 0.16325000 0.02270096
v -0.03600000 0.16325000 0.02270096
v -0.03600000 0.17689872 -0.02800000
v -0.04000000 0.17689872 -0.02800000
v -0.04000000 0.17808723 -0.02775453
v -0.03600000 0.17808723 -0.02775453
v -0.04000000 0.17908125 -0.02705830
v -0.03600000 0.17908125 -0.02705830
v -0.04000000 0.17971810 -0.02602523
v -0.03600000 0.17971810 -0.02602523
v -0.03600000 0.10300000 0.01200000
v -0.04000000 0.10300000 0.01200000
v -0.03600000 0.10313397 0.01250000
v -0.04000000 0.10313397 0.01250000
v -0.03600000 0.10350000 0.01286602
v -0.04000000 0.10350000 0.01286602
v -0.03600000 0.10400000 0.01300000
v -0.04000000 0.10400000 0.01300000
v -0.03600000 0.10450000 0.01286602
v -0.04000000 0.10450000 0.01286602
v -0.03600000 0.10486603 0.01250000
v -0.04000000 0.10486603 0.01250000
v -0.03600000 0.10500000 0.01200000
v -0.04000000 0.10500000 0.01200000
v -0.03600000 0.10486603 0.01150000
v -0.04000000 0.10486603 0.01150000
v -0.03600000 0.10450000 0.01113397
v -0.04000000 0.10450000 0.01113397
v -0.03600000 0.10400000 0.01100000
v -0.04000000 0.10400000 0.01100000
v -0.03600000 0.10400000 0.01000000
v -0.04000000 0.10400000 0.01000000
v -0.04000000 0.10413398 0.00950000
v -0.03600000 0.10413398 0.00950000
v -0.04000000 0.10450000 0.00913397
v -0.03600000 0.10450000 0.00913397
v -0.04000000 0.10500000 0.00900000
v -0.03600000 0.10500000 0.00900000
v -0.04000000 0.16400000 -0.02550000
v -0.03600000 0.16400000 -0.02550000
v -0.04000000 0.16475000 -0.02529904
v -0.03600000 0.16475000 -0.02529904
v -0.04000000 0.16529904 -0.02475000
v -0.03600000 0.16529904 -0.02475000
v -0.04000000 0.16550000 -0.02400000
v -0.03600000 0.16550000 -0.02400000
v -0.04000000 0.16529904 -0.02325000
v -0.03600000 0.16529904 -0.02325000
v -0.04000000 0.16475000 -0.02270096
v -0.03600000 0.16475000 -0.02270096
v -0.04000000 0.16400000 -0.02250000
v -0.03600000 0.16400000 -0.02250000
v -0.04000000 0.16325000 -0.02270096
v -0.03600000 0.16325000 -0.02270096
v -0.04000000 0.16270096 -0.02325000
v -0.03600000 0.16270096 -0.02325000
v -0.04000000 0.16250000 -0.02400000
v -0.03600000 0.16250000 -0.02400000
v -0.04000000 0.16270096 -0.02475000
v -0.03600000 0.16270096 -0.02475000
v -0.04000000 0.16325000 -0.02529904
v -0.03600000 0.16325000 -0.02529904
v -0.04000000 0.09300000 0.01200000
v -0.04000000 0.10300000 0.01200000
v -0.03600000 0.09300000 0.01200000
v -0.03600000 0.10300000 0.01200000
v -0.03600000 0.08400000 0.00800000
v -0.04000000 0.08400000 0.00800000
v -0.03600000 0.08350000 0.00813397
v -0.04000000 0.08350000 0.00813397
v -0.03600000 0.08313397 0.00850000
v -0.04000000 0.08313397 0.00850000
v -0.03600000 0.08300000 0.00900000
v -0.04000000 0.08300000 0.00900000
v -0.03600000 0.08313397 0.00950000
v -0.04000000 0.08313397 0.00950000
v -0.03600000 0.08350000 0.00986603
v -0.04000000 0.08350000 0.00986603
v -0.03600000 0.08400000 0.01000000
v -0.04000000 0.08400000 0.01000000
v -0.03600000 0.08450000 0.00986603
v -0.04000000 0.08450000 0.00986603
v -0.03600000 0.08486603 0.00950000
v -0.04000000 0.08486603 0.00950000
v -0.03600000 0.08500000 0.00900000
v -0.04000000 0.08500000 0.00900000
v -0.04000000 0.17400000 -0.02550000
v -0.03600000 0.17400000 -0.02550000
v -0.04000000 0.17475000 -0.02529904
v -0.03600000 0.17475000 -0.02529904
v -0.04000000 0.17529903 -0.02475000
v -0.03600000 0.17529903 -0.02475000
v -0.04000000 0.17550000 -0.02400000
v -0.03600000 0.17550000 -0.02400000
v -0.04000000 0.17529903 -0.02325000
v -0.03600000 0.17529903 -0.02325000
v -0.04000000 0.17475000 -0.02270096
v -0.03600000 0.17475000 -0.02270096
v -0.04000000 0.17400000 -0.02250000
v -0.03600000 0.17400000 -0.02250000
v -0.04000000 0.17325000 -0.02270096
v -0.03600000 0.17325000 -0.02270096
v -0.04000000 0.17270096 -0.02325000
v -0.03600000 0.17270096 -0.02325000
v -0.04000000 0.17250000 -0.02400000
v -0.03600000 0.17250000 -0.02400000
v -0.04000000 0.17270096 -0.02475000
v -0.03600000 0.17270096 -0.02475000
v -0.04000000 0.17325000 -0.02529904
v -0.03600000 0.17325000 -0.02529904
v -0.04000000 0.08400000 0.00800000
v -0.03600000 0.08400000 0.00800000
v -0.04000000 0.08400000 0.00300000
v -0.03600000 0.08400000 0.00300000
v -0.04000000 0.08400000 -0.00300000
v -0.03600000 0.08400000 -0.00300000
v -0.04000000 0.08400000 -0.00800000
v -0.03600000 0.08400000 -0.00800000
v -0.03600000 0.08500000 -0.00900000
v -0.04000000 0.08500000 -0.00900000
v -0.03600000 0.08486603 -0.00950000
v -0.04000000 0.08486603 -0.00950000
v -0.03600000 0.08450000 -0.00986603
v -0.04000000 0.08450000 -0.00986603
v -0.03600000 0.08400000 -0.01000000
v -0.04000000 0.08400000 -0.01000000
v -0.03600000 0.08350000 -0.00986603
v -0.04000000 0.08350000 -0.00986603
v -0.03600000 0.08313397 -0.00950000
v -0.04000000 0.08313397 -0.00950000
v -0.03600000 0.08300000 -0.00900000
v -0.04000000 0.08300000 -0.00900000
v -0.03600000 0.08313397 -0.00850000
v -0.04000000 0.08313397 -0.00850000
v -0.03600000 0.08350000 -0.00813397
v -0.04000000 0.08350000 -0.00813397
v -0.03600000 0.08400000 -0.00800000
v -0.04000000 0.08400000 -0.00800000
v -0.04000000 0.11700000 -0.00750000
v -0.03600000 0.11700000 -0.00750000
v -0.04000000 0.11775000 -0.00729904
v -0.03600000 0.11775000 -0.00729904
v -0.04000000 0.11829904 -0.00675000
v -0.03600000 0.11829904 -0.00675000
v -0.04000000 0.11850000 -0.00600000
v -0.03600000 0.11850000 -0.00600000
v -0.04000000 0.11829904 -0.00525000
v -0.03600000 0.11829904 -0.00525000
v -0.04000000 0.11775000 -0.00470096
v -0.03600000 0.11775000 -0.00470096
v -0.04000000 0.11700000 -0.00450000
v -0.03600000 0.11700000 -0.00450000
v -0.04000000 0.11625000 -0.00470096
v -0.03600000 0.11625000 -0.00470096
v -0.04000000 0.11570096 -0.00525000
v -0.03600000 0.11570096 -0.00525000
v -0.04000000 0.11550000 -0.00600000
v -0.03600000 0.11550000 -0.00600000
v -0.04000000 0.11570096 -0.00675000
v -0.03600000 0.11570096 -0.00675000
v -0.04000000 0.11625000 -0.00729904
v -0.03600000 0.11625000 -0.00729904
v -0.03600000 0.09300000 -0.01200000
v -0.03600000 0.10300000 -0.01200000
v -0.04000000 0.09300000 -0.01200000
v -0.04000000 0.10300000 -0.01200000
v -0.03600000 0.11100000 0.00900000
v -0.04000000 0.11100000 0.00900000
v -0.03600000 0.11113398 0.00950000
v -0.04000000 0.11113398 0.00950000
v -0.03600000 0.11150000 0.00986603
v -0.04000000 0.11150000 0.00986603
v -0.03600000 0.11200000 0.01000000
v -0.04000000 0.11200000 0.01000000
v -0.03600000 0.11250000 0.00986603
v -0.04000000 0.11250000 0.00986603
v -0.03600000 0.11286603 0.00950000
v -0.04000000 0.11286603 0.00950000
v -0.03600000 0.11300000 0.00900000
v -0.04000000 0.11300000 0.00900000
v -0.03600000 0.11286603 0.00850000
v -0.04000000 0.11286603 0.00850000
v -0.03600000 0.11250000 0.00813397
v -0.04000000 0.11250000 0.00813397
v -0.03600000 0.11200000 0.00800000
v -0.04000000 0.11200000 0.00800000
v -0.04000000 0.13700000 -0.00750000
v -0.03600000 0.13700000 -0.00750000
v -0.04000000 0.13775000 -0.00729904
v -0.03600000 0.13775000 -0.00729904
v -0.04000000 0.13829904 -0.00675000
v -0.03600000 0.13829904 -0.00675000
v -0.04000000 0.13850000 -0.00600000
v -0.03600000 0.13850000 -0.00600000
v -0.04000000 0.13829904 -0.00525000
v -0.03600000 0.13829904 -0.00525000
v -0.04000000 0.13775000 -0.00470096
v -0.03600000 0.13775000 -0.00470096
v -0.04000000 0.13700000 -0.00450000
v -0.03600000 0.13700000 -0.00450000
v -0.04000000 0.13625000 -0.00470096
v -0.03600000 0.13625000 -0.00470096
v -0.04000000 0.13570096 -0.00525000
v -0.03600000 0.13570096 -0.00525000
v -0.04000000 0.13550000 -0.00600000
v -0.03600000 0.13550000 -0.00600000
v -0.04000000 0.13570096 -0.00675000
v -0.03600000 0.13570096 -0.00675000
v -0.04000000 0.13625000 -0.00729904
v -0.03600000 0.13625000 -0.00729904
v -0.04000000 0.11200000 -0.00800000
v -0.03600000 0.11200000 -0.00800000
v -0.04000000 0.11200000 -0.00300000
v -0.03600000 0.11200000 -0.00300000
v -0.04000000 0.11200000 0.00300000
v -0.03600000 0.11200000 0.00300000
v -0.04000000 0.11200000 0.00800000
v -0.03600000 0.11200000 0.00800000
v -0.03600000 0.10400000 -0.01100000
v -0.04000000 0.10400000 -0.01100000
v -0.03600000 0.10450000 -0.01113398
v -0.04000000 0.10450000 -0.01113398
v -0.03600000 0.10486603 -0.01150000
v -0.04000000 0.10486603 -0.01150000
v -0.03600000 0.10500000 -0.01200000
v -0.04000000 0.10500000 -0.01200000
v -0.03600000 0.10486603 -0.01250000
v -0.04000000 0.10486603 -0.01250000
v -0.03600000 0.10450000 -0.01286603
v -0.04000000 0.10450000 -0.01286603
v -0.03600000 0.10400000 -0.01300000
v -0.04000000 0.10400000 -0.01300000
v -0.03600000 0.10350000 -0.01286603
v -0.04000000 0.10350000 -0.01286603
v -0.03600000 0.10313397 -0.01250000
v -0.04000000 0.10313397 -0.01250000
v -0.03600000 0.10300000 -0.01200000
v -0.04000000 0.10300000 -0.01200000
v -0.04000000 0.13700000 0.00450000
v -0.03600000 0.13700000 0.00450000
v -0.04000000 0.13775000 0.00470096
v -0.03600000 0.13775000 0.00470096
v -0.04000000 0.13829904 0.00525000
v -0.03600000 0.13829904 0.00525000
v -0.04000000 0.13850000 0.00600000
v -0.03600000 0.13850000 0.00600000
v -0.04000000 0.13829904 0.00675000
v -0.03600000 0.13829904 0.00675000
v -0.04000000 0.13775000 0.00729904
v -0.03600000 0.13775000 0.00729904
v -0.04000000 0.13700000 0.00750000
v -0.03600000 0.13700000 0.00750000
v -0.04000000 0.13625000 0.00729904
v -0.03600000 0.13625000 0.00729904
v -0.04000000 0.13570096 0.00675000
v -0.03600000 0.13570096 0.00675000
v -0.04000000 0.13550000 0.00600000
v -0.03600000 0.13550000 0.00600000
v -0.04000000 0.13570096 0.00525000
v -0.03600000 0.13570096 0.00525000
v -0.04000000 0.13625000 0.00470096
v -0.03600000 0.13625000 0.00470096
v -0.03600000 0.09100000 0.00900000
v -0.03600000 0.08500000 0.00900000
v -0.04000000 0.09100000 0.00900000
v -0.04000000 0.08500000 0.00900000
v -0.04000000 0.11549219 -0.02800000
v -0.03600000 0.11549219 -0.02800000
v -0.04000000 0.11425000 -0.02800000
v -0.03600000 0.11425000 -0.02800000
v -0.04000000 0.11000000 -0.02800000
v -0.03600000 0.11000000 -0.02800000
v -0.04000000 0.09300000 -0.02800000
v -0.03600000 0.09300000 -0.02800000
v -0.04000000 0.07475000 -0.02800000
v -0.03600000 0.07475000 -0.02800000
v -0.03600000 0.11425000 0.00300000
v -0.03600000 0.11425000 -0.00300000
v -0.03600000 0.12700000 -0.00300000
v -0.03600000 0.11250000 0.00813397
v -0.03600000 0.11200000 0.00800000
v -0.03600000 0.11200000 0.00300000
v -0.03600000 0.11113398 -0.00950000
v -0.03600000 0.11100000 -0.00900000
v -0.03600000 0.11000000 -0.00900000
v -0.03600000 0.12173914 -0.02580869
v -0.03600000 0.12618750 -0.02225000
v -0.03600000 0.11425000 -0.02225000
v -0.03600000 0.12705717 -0.02175000
v -0.03600000 0.12700000 -0.02175000
v -0.03600000 0.12700000 -0.02178169
v -0.03600000 0.06275000 -0.02684808
v -0.03600000 0.06275000 -0.02675000
v -0.03600000 0.06265192 -0.02675000
v -0.03600000 0.16225000 0.01169134
v -0.03600000 0.16806699 0.01325000
v -0.03600000 0.15900000 0.01325000
v -0.03600000 0.10600000 -0.02173205
v -0.03600000 0.10593301 -0.02175000
v -0.03600000 0.11000000 -0.02175000
v -0.03600000 0.11000000 -0.01575000
v -0.03600000 0.10500000 -0.01800000
v -0.03600000 0.10593301 -0.01825000
v -0.03600000 0.09300000 -0.02175000
v -0.03600000 0.10326795 -0.02100000
v -0.03600000 0.09300000 -0.01825000
v -0.03600000 0.10300000 -0.02000000
v -0.03600000 0.10326795 -0.01900000
v -0.03600000 0.10400000 -0.01826795
v -0.03600000 0.10406699 -0.01825000
v -0.03600000 0.09300000 -0.01575000
v -0.03600000 0.11000000 -0.02225000
v -0.03600000 0.10500000 -0.02200000
v -0.03600000 0.09300000 -0.02225000
v -0.03600000 0.10406699 -0.02175000
v -0.03600000 0.10400000 -0.02173205
v -0.03600000 0.10673205 -0.02100000
v -0.03600000 0.10600000 -0.01826795
v -0.03600000 0.11000000 -0.01825000
v -0.03600000 0.10673205 -0.01900000
v -0.03600000 0.10700000 -0.02000000
v -0.03600000 0.16250000 0.02400000
v -0.03600000 0.16270096 0.02475000
v -0.03600000 0.15900000 0.02800000
v -0.03600000 0.16900000 0.02800000
v -0.03600000 0.16529904 0.02475000
v -0.03600000 0.16550000 0.02400000
v -0.03600000 0.16900000 0.01350000
v -0.03600000 0.16529904 0.02325000
v -0.03600000 0.16475000 0.02270096
v -0.03600000 0.16400000 0.02250000
v -0.03600000 0.16325000 0.02270096
v -0.03600000 0.16270096 0.02325000
v -0.03600000 0.16325000 0.02529904
v -0.03600000 0.16400000 0.02550000
v -0.03600000 0.16475000 0.02529904
v -0.03600000 0.15630385 -0.00300000
v -0.03600000 0.15550000 0.00000000
v -0.03600000 0.14700000 0.00300000
v -0.03600000 0.15630385 0.00300000
v -0.03600000 0.14700000 0.01325000
v -0.03600000 0.15730865 0.00675000
v -0.03600000 0.15900000 0.00844134
v -0.03600000 0.16225000 -0.01169134
v -0.03600000 0.16080865 -0.01025000
v -0.03600000 0.15900000 -0.01025000
v -0.03600000 0.15900000 -0.00844134
v -0.03600000 0.14700000 -0.01025000
v -0.03600000 0.15730865 -0.00675000
v -0.03600000 0.14700000 -0.00300000
v -0.03600000 0.16900000 -0.01350000
v -0.03600000 0.15900000 -0.01575000
v -0.03600000 0.17575000 -0.01169134
v -0.03600000 0.18345454 -0.01575000
v -0.03600000 0.17719134 -0.01025000
v -0.03600000 0.18545455 -0.01025000
v -0.03600000 0.18069134 -0.00675000
v -0.03600000 0.18681938 -0.00649670
v -0.03600000 0.18700000 -0.00547147
v -0.03600000 0.18169616 -0.00300000
v -0.03600000 0.18700000 -0.00300000
v -0.03600000 0.18250000 0.00000000
v -0.03600000 0.18169616 0.00300000
v -0.03600000 0.16993301 0.01325000
v -0.03600000 0.17575000 0.01169134
v -0.03600000 0.18436363 0.01325000
v -0.03600000 0.18069134 0.00675000
v -0.03600000 0.18700000 0.00300000
v -0.03600000 0.18700000 0.00547148
v -0.03600000 0.18681938 0.00649671
v -0.03600000 0.17529903 0.02475000
v -0.03600000 0.17550000 0.02400000
v -0.03600000 0.17971810 0.02602523
v -0.03600000 0.17529903 0.02325000
v -0.03600000 0.17475000 0.02270096
v -0.03600000 0.17400000 0.02250000
v -0.03600000 0.17325000 0.02270096
v -0.03600000 0.17270096 0.02325000
v -0.03600000 0.17250000 0.02400000
v -0.03600000 0.17270096 0.02475000
v -0.03600000 0.17325000 0.02529904
v -0.03600000 0.17689872 0.02800000
v -0.03600000 0.17400000 0.02550000
v -0.03600000 0.17475000 0.02529904
v -0.03600000 0.17808723 0.02775453
v -0.03600000 0.17908125 0.02705830
v -0.03600000 0.06350000 -0.02759808
v -0.03600000 0.06500000 -0.02800000
v -0.03600000 0.07475000 -0.02675000
v -0.03600000 0.06200000 -0.02225000
v -0.03600000 0.06200000 -0.02500000
v -0.03600000 0.06275000 -0.02225000
v -0.03600000 0.06240192 -0.02650000
v -0.03600000 0.06350000 0.02759808
v -0.03600000 0.06275000 0.02684807
v -0.03600000 0.06500000 0.02800000
v -0.03600000 0.06275000 0.01325000
v -0.03600000 0.07475000 0.02800000
v -0.03600000 0.17927130 -0.02675000
v -0.03600000 0.17400000 -0.02550000
v -0.03600000 0.16900000 -0.02675000
v -0.03600000 0.17325000 -0.02529904
v -0.03600000 0.17270096 -0.02475000
v -0.03600000 0.17475000 -0.02270096
v -0.03600000 0.17529903 -0.02325000
v -0.03600000 0.18109091 -0.02225000
v -0.03600000 0.17550000 -0.02400000
v -0.03600000 0.17971810 -0.02602523
v -0.03600000 0.17529903 -0.02475000
v -0.03600000 0.17475000 -0.02529904
v -0.03600000 0.17250000 -0.02400000
v -0.03600000 0.16900000 -0.02225000
v -0.03600000 0.17270096 -0.02325000
v -0.03600000 0.17325000 -0.02270096
v -0.03600000 0.17400000 -0.02250000
v -0.03600000 0.16900000 -0.01575000
v -0.03600000 0.16900000 -0.01825000
v -0.03600000 0.18254545 -0.01825000
v -0.03600000 0.16900000 -0.02175000
v -0.03600000 0.18127272 -0.02175000
v -0.03600000 0.17808723 -0.02775453
v -0.03600000 0.17908125 -0.02705830
v -0.03600000 0.17689872 -0.02800000
v -0.03600000 0.16900000 -0.02800000
v -0.03600000 0.16053768 -0.02800000
v -0.03600000 0.15900000 -0.02675000
v -0.03600000 0.15900000 -0.02766744
v -0.03600000 0.15592591 -0.02675000
v -0.03600000 0.15640552 -0.02710633
v -0.03600000 0.15900000 -0.02175000
v -0.03600000 0.15042008 -0.02225000
v -0.03600000 0.15900000 -0.02225000
v -0.03600000 0.15198808 -0.02341495
v -0.03600000 0.15301191 -0.02458505
v -0.03600000 0.14700000 -0.01825000
v -0.03600000 0.14700000 -0.02054883
v -0.03600000 0.15900000 -0.01825000
v -0.03600000 0.14859448 -0.02089367
v -0.03600000 0.14974708 -0.02175000
v -0.03600000 0.12919774 -0.02056372
v -0.03600000 0.12700000 -0.01825000
v -0.03600000 0.13250781 -0.02000000
v -0.03600000 0.14446232 -0.02000000
v -0.03600000 0.12626086 -0.02219131
v -0.03600000 0.11425000 -0.02175000
v -0.03600000 0.12004061 -0.02675000
v -0.03600000 0.08400000 0.01000000
v -0.03600000 0.08450000 0.00986603
v -0.03600000 0.09150000 0.01286602
v -0.03600000 0.08486603 0.00950000
v -0.03600000 0.09113398 0.01250000
v -0.03600000 0.09200000 0.01000000
v -0.03600000 0.09200000 0.01100000
v -0.03600000 0.09150000 0.01113397
v -0.03600000 0.08300000 0.00900000
v -0.03600000 0.07475000 0.01325000
v -0.03600000 0.08313397 0.00850000
v -0.03600000 0.07475000 0.00300000
v -0.03600000 0.08350000 0.00813397
v -0.03600000 0.09100000 0.00900000
v -0.03600000 0.09150000 0.00913397
v -0.03600000 0.09186602 0.00950000
v -0.03600000 0.08313397 0.00950000
v -0.03600000 0.08350000 0.00986603
v -0.03600000 0.09200000 0.01300000
v -0.03600000 0.09300000 0.01325000
v -0.03600000 0.09250000 0.01286602
v -0.03600000 0.09286603 0.01250000
v -0.03600000 0.08500000 0.00900000
v -0.03600000 0.09113398 0.01150000
v -0.03600000 0.09100000 0.01200000
v -0.03600000 0.08400000 -0.00300000
v -0.03600000 0.08400000 0.00300000
v -0.03600000 0.08400000 0.00800000
v -0.03600000 0.09100000 -0.00900000
v -0.03600000 0.08500000 -0.00900000
v -0.03600000 0.08486603 -0.00950000
v -0.03600000 0.08350000 -0.00986603
v -0.03600000 0.07475000 -0.01025000
v -0.03600000 0.08400000 -0.01000000
v -0.03600000 0.09200000 -0.01025000
v -0.03600000 0.08450000 -0.00986603
v -0.03600000 0.08313397 -0.00950000
v -0.03600000 0.08300000 -0.00900000
v -0.03600000 0.07475000 -0.00300000
v -0.03600000 0.08313397 -0.00850000
v -0.03600000 0.08350000 -0.00813397
v -0.03600000 0.09186602 -0.00950000
v -0.03600000 0.09150000 -0.00913398
v -0.03600000 0.09200000 -0.01000000
v -0.03600000 0.09300000 -0.01200000
v -0.03600000 0.09286603 -0.01250000
v -0.03600000 0.09250000 -0.01286603
v -0.03600000 0.09100000 -0.01200000
v -0.03600000 0.09113398 -0.01250000
v -0.03600000 0.07475000 -0.01575000
v -0.03600000 0.09150000 -0.01286603
v -0.03600000 0.09200000 -0.01300000
v -0.03600000 0.09200000 -0.01100000
v -0.03600000 0.09150000 -0.01113398
v -0.03600000 0.09113398 -0.01150000
v -0.03600000 0.10400000 -0.01000000
v -0.03600000 0.10400000 -0.01025000
v -0.03600000 0.11000000 -0.01025000
v -0.03600000 0.10400000 -0.01100000
v -0.03600000 0.10486603 -0.01250000
v -0.03600000 0.10450000 -0.01286603
v -0.03600000 0.10450000 -0.01113398
v -0.03600000 0.10486603 -0.01150000
v -0.03600000 0.10500000 -0.01200000
v -0.03600000 0.10400000 -0.01300000
v -0.03600000 0.10300000 -0.01200000
v -0.03600000 0.10313397 -0.01250000
v -0.03600000 0.10350000 -0.01286603
v -0.03600000 0.11200000 -0.00800000
v -0.03600000 0.11250000 -0.00813397
v -0.03600000 0.11286603 -0.00850000
v -0.03600000 0.11300000 -0.00900000
v -0.03600000 0.11425000 -0.01025000
v -0.03600000 0.11286603 -0.00950000
v -0.03600000 0.11250000 -0.00986603
v -0.03600000 0.11200000 -0.01000000
v -0.03600000 0.11150000 -0.00986603
v -0.03600000 0.10500000 -0.00900000
v -0.03600000 0.10413398 -0.00950000
v -0.03600000 0.10450000 -0.00913398
v -0.03600000 0.11000000 0.00900000
v -0.03600000 0.11100000 0.00900000
v -0.03600000 0.11000000 0.01325000
v -0.03600000 0.11113398 0.00950000
v -0.03600000 0.11150000 0.00986603
v -0.03600000 0.11200000 0.01000000
v -0.03600000 0.11425000 0.01325000
v -0.03600000 0.11250000 0.00986603
v -0.03600000 0.11286603 0.00850000
v -0.03600000 0.11300000 0.00900000
v -0.03600000 0.11286603 0.00950000
v -0.03600000 0.11200000 -0.00300000
v -0.03600000 0.09300000 0.01200000
v -0.03600000 0.10300000 0.01200000
v -0.03600000 0.10313397 0.01250000
v -0.03600000 0.10350000 0.01286602
v -0.03600000 0.10400000 0.01300000
v -0.03600000 0.10450000 0.01286602
v -0.03600000 0.10486603 0.01250000
v -0.03600000 0.10500000 0.01200000
v -0.03600000 0.10486603 0.01150000
v -0.03600000 0.10500000 0.00900000
v -0.03600000 0.10450000 0.01113397
v -0.03600000 0.10413398 0.00950000
v -0.03600000 0.10450000 0.00913397
v -0.03600000 0.10400000 0.01000000
v -0.03600000 0.10400000 0.01100000
v -0.03600000 0.06200000 -0.02175000
v -0.03600000 0.06275000 -0.02175000
v -0.03600000 0.06200000 -0.01825000
v -0.03600000 0.06275000 -0.01825000
v -0.03600000 0.06200000 -0.01575000
v -0.03600000 0.06275000 -0.01575000
v -0.03600000 0.06200000 -0.01025000
v -0.03600000 0.06275000 -0.01025000
v -0.03600000 0.06200000 -0.00300000
v -0.03600000 0.06275000 -0.00300000
v -0.03600000 0.06200000 0.00300000
v -0.03600000 0.06275000 0.00300000
v -0.03600000 0.06200000 0.01325000
v -0.03600000 0.06200000 0.02500000
v -0.03600000 0.06240192 0.02650000
v -0.03600000 0.06575000 -0.00129904
v -0.03600000 0.06500000 -0.00150000
v -0.03600000 0.06425000 -0.00129904
v -0.03600000 0.06650000 0.00000000
v -0.03600000 0.06629904 -0.00075000
v -0.03600000 0.06575000 0.00129904
v -0.03600000 0.06629904 0.00075000
v -0.03600000 0.06370096 -0.00075000
v -0.03600000 0.06350000 0.00000000
v -0.03600000 0.06370096 0.00075000
v -0.03600000 0.06425000 0.00129904
v -0.03600000 0.06500000 0.00150000
v -0.03600000 0.08400000 -0.00800000
v -0.03600000 0.06500000 -0.02150000
v -0.03600000 0.06425000 -0.02129904
v -0.03600000 0.06500000 -0.01850000
v -0.03600000 0.06575000 -0.01870096
v -0.03600000 0.07475000 -0.01825000
v -0.03600000 0.06370096 -0.02075000
v -0.03600000 0.06350000 -0.02000000
v -0.03600000 0.06370096 -0.01925000
v -0.03600000 0.06425000 -0.01870096
v -0.03600000 0.06629904 -0.01925000
v -0.03600000 0.06650000 -0.02000000
v -0.03600000 0.07475000 -0.02175000
v -0.03600000 0.06629904 -0.02075000
v -0.03600000 0.06575000 -0.02129904
v -0.03600000 0.07475000 -0.02225000
v -0.03600000 0.11425000 -0.02675000
v -0.03600000 0.11000000 -0.02675000
v -0.03600000 0.09300000 -0.02675000
v -0.03600000 0.11880226 -0.02743628
v -0.03600000 0.11549219 -0.02800000
v -0.03600000 0.11425000 -0.02800000
v -0.03600000 0.11000000 -0.02800000
v -0.03600000 0.09300000 -0.02800000
v -0.03600000 0.07475000 -0.02800000
v -0.03600000 0.11700000 0.00450000
v -0.03600000 0.11625000 0.00470096
v -0.03600000 0.11570096 0.00675000
v -0.03600000 0.11550000 0.00600000
v -0.03600000 0.11570096 0.00525000
v -0.03600000 0.11625000 0.00729904
v -0.03600000 0.11700000 0.00750000
v -0.03600000 0.12700000 0.01325000
v -0.03600000 0.11850000 0.00600000
v -0.03600000 0.12700000 0.00300000
v -0.03600000 0.11829904 0.00675000
v -0.03600000 0.11775000 0.00729904
v -0.03600000 0.11829904 0.00525000
v -0.03600000 0.11775000 0.00470096
v -0.03600000 0.11625000 -0.00729904
v -0.03600000 0.11570096 -0.00675000
v -0.03600000 0.11550000 -0.00600000
v -0.03600000 0.11570096 -0.00525000
v -0.03600000 0.11829904 -0.00525000
v -0.03600000 0.11850000 -0.00600000
v -0.03600000 0.12700000 -0.01025000
v -0.03600000 0.11625000 -0.00470096
v -0.03600000 0.11700000 -0.00450000
v -0.03600000 0.11775000 -0.00470096
v -0.03600000 0.11829904 -0.00675000
v -0.03600000 0.11775000 -0.00729904
v -0.03600000 0.11700000 -0.00750000
v -0.03600000 0.11425000 -0.01825000
v -0.03600000 0.13570096 0.00675000
v -0.03600000 0.13550000 0.00600000
v -0.03600000 0.13570096 0.00525000
v -0.03600000 0.13625000 0.00470096
v -0.03600000 0.13700000 0.00450000
v -0.03600000 0.13775000 0.00470096
v -0.03600000 0.13829904 0.00525000
v -0.03600000 0.13625000 0.00729904
v -0.03600000 0.13700000 0.00750000
v -0.03600000 0.13775000 0.00729904
v -0.03600000 0.13829904 0.00675000
v -0.03600000 0.13850000 0.00600000
v -0.03600000 0.13700000 -0.00450000
v -0.03600000 0.13625000 -0.00470096
v -0.03600000 0.13570096 -0.00525000
v -0.03600000 0.13829904 -0.00675000
v -0.03600000 0.13850000 -0.00600000
v -0.03600000 0.13829904 -0.00525000
v -0.03600000 0.13775000 -0.00470096
v -0.03600000 0.13775000 -0.00729904
v -0.03600000 0.13700000 -0.00750000
v -0.03600000 0.13625000 -0.00729904
v -0.03600000 0.13570096 -0.00675000
v -0.03600000 0.13550000 -0.00600000
v -0.03600000 0.09300000 0.02800000
v -0.03600000 0.11000000 0.02800000
v -0.03600000 0.11425000 0.02800000
v -0.03600000 0.12700000 0.02800000
v -0.03600000 0.14700000 0.02800000
v -0.03600000 0.14700000 -0.01575000
v -0.03600000 0.12700000 -0.01575000
v -0.03600000 0.11425000 -0.01575000
v -0.03600000 0.16270096 -0.02475000
v -0.03600000 0.16550000 -0.02400000
v -0.03600000 0.16529904 -0.02475000
v -0.03600000 0.16475000 -0.02529904
v -0.03600000 0.16400000 -0.02550000
v -0.03600000 0.16325000 -0.02529904
v -0.03600000 0.16250000 -0.02400000
v -0.03600000 0.16270096 -0.02325000
v -0.03600000 0.16325000 -0.02270096
v -0.03600000 0.16400000 -0.02250000
v -0.03600000 0.16475000 -0.02270096
v -0.03600000 0.16529904 -0.02325000
v -0.04000000 0.09200000 0.01000000
v -0.04000000 0.09200000 0.01100000
v -0.03600000 0.09200000 0.01000000
v -0.03600000 0.09200000 0.01100000
v -0.04000000 0.13250781 -0.02000000
v -0.04000000 0.14446232 -0.02000000
v -0.03600000 0.13250781 -0.02000000
v -0.03600000 0.14446232 -0.02000000
v -0.03600000 0.16053768 -0.02800000
v -0.04000000 0.16053768 -0.02800000
v -0.03600000 0.16900000 -0.02800000
v -0.04000000 0.16900000 -0.02800000
v -0.03600000 0.17689872 -0.02800000
v -0.04000000 0.17689872 -0.02800000
v -0.04000000 0.06200000 0.02500000
v -0.04000000 0.06240192 0.02650000
v -0.04000000 0.06275000 0.02684807
v -0.04000000 0.12700000 -0.02178169
v -0.04000000 0.12700000 -0.02175000
v -0.04000000 0.12705717 -0.02175000
v -0.04000000 0.09200000 -0.01000000
v -0.04000000 0.09200000 -0.01025000
v -0.04000000 0.08486603 -0.00950000
v -0.04000000 0.10450000 -0.01113398
v -0.04000000 0.10400000 -0.01100000
v -0.04000000 0.10400000 -0.01025000
v -0.04000000 0.11000000 -0.01825000
v -0.04000000 0.10700000 -0.02000000
v -0.04000000 0.10673205 -0.01900000
v -0.04000000 0.10600000 -0.01826795
v -0.04000000 0.10593301 -0.01825000
v -0.04000000 0.11000000 -0.01575000
v -0.04000000 0.10406699 -0.02175000
v -0.04000000 0.10500000 -0.02200000
v -0.04000000 0.09300000 -0.02225000
v -0.04000000 0.11000000 -0.02225000
v -0.04000000 0.10593301 -0.02175000
v -0.04000000 0.11000000 -0.02175000
v -0.04000000 0.10600000 -0.02173205
v -0.04000000 0.10673205 -0.02100000
v -0.04000000 0.10400000 -0.01826795
v -0.04000000 0.09300000 -0.01825000
v -0.04000000 0.10406699 -0.01825000
v -0.04000000 0.09300000 -0.01575000
v -0.04000000 0.10500000 -0.01800000
v -0.04000000 0.10326795 -0.01900000
v -0.04000000 0.10300000 -0.02000000
v -0.04000000 0.09300000 -0.02175000
v -0.04000000 0.10326795 -0.02100000
v -0.04000000 0.10400000 -0.02173205
v -0.04000000 0.16900000 0.02800000
v -0.04000000 0.17270096 0.02475000
v -0.04000000 0.17250000 0.02400000
v -0.04000000 0.16900000 0.01350000
v -0.04000000 0.17270096 0.02325000
v -0.04000000 0.17325000 0.02270096
v -0.04000000 0.16993301 0.01325000
v -0.04000000 0.17400000 0.02250000
v -0.04000000 0.17475000 0.02270096
v -0.04000000 0.18436363 0.01325000
v -0.04000000 0.17529903 0.02325000
v -0.04000000 0.17971810 0.02602523
v -0.04000000 0.17550000 0.02400000
v -0.04000000 0.17908125 0.02705830
v -0.04000000 0.17529903 0.02475000
v -0.04000000 0.17808723 0.02775453
v -0.04000000 0.17475000 0.02529904
v -0.04000000 0.17689872 0.02800000
v -0.04000000 0.17400000 0.02550000
v -0.04000000 0.17325000 0.02529904
v -0.04000000 0.17575000 0.01169134
v -0.04000000 0.18069134 0.00675000
v -0.04000000 0.18545455 -0.01025000
v -0.04000000 0.17719134 -0.01025000
v -0.04000000 0.18069134 -0.00675000
v -0.04000000 0.18681938 0.00649671
v -0.04000000 0.18700000 0.00547148
v -0.04000000 0.18169616 0.00300000
v -0.04000000 0.18700000 0.00300000
v -0.04000000 0.18250000 0.00000000
v -0.04000000 0.18700000 -0.00300000
v -0.04000000 0.18169616 -0.00300000
v -0.04000000 0.18700000 -0.00547147
v -0.04000000 0.18681938 -0.00649670
v -0.04000000 0.17575000 -0.01169134
v -0.04000000 0.18345454 -0.01575000
v -0.04000000 0.16900000 -0.01350000
v -0.04000000 0.16900000 -0.01575000
v -0.04000000 0.16225000 -0.01169134
v -0.04000000 0.15900000 -0.01575000
v -0.04000000 0.16080865 -0.01025000
v -0.04000000 0.15900000 -0.00844134
v -0.04000000 0.15900000 -0.01025000
v -0.04000000 0.15730865 -0.00675000
v -0.04000000 0.14700000 -0.01025000
v -0.04000000 0.15630385 -0.00300000
v -0.04000000 0.14700000 -0.00300000
v -0.04000000 0.15550000 0.00000000
v -0.04000000 0.15630385 0.00300000
v -0.04000000 0.14700000 0.00300000
v -0.04000000 0.15730865 0.00675000
v -0.04000000 0.14700000 0.01325000
v -0.04000000 0.15900000 0.00844134
v -0.04000000 0.15900000 0.01325000
v -0.04000000 0.16225000 0.01169134
v -0.04000000 0.16806699 0.01325000
v -0.04000000 0.16250000 0.02400000
v -0.04000000 0.16270096 0.02325000
v -0.04000000 0.16325000 0.02270096
v -0.04000000 0.16400000 0.02250000
v -0.04000000 0.16475000 0.02270096
v -0.04000000 0.16529904 0.02325000
v -0.04000000 0.16550000 0.02400000
v -0.04000000 0.16529904 0.02475000
v -0.04000000 0.16475000 0.02529904
v -0.04000000 0.16400000 0.02550000
v -0.04000000 0.15900000 0.02800000
v -0.04000000 0.16325000 0.02529904
v -0.04000000 0.16270096 0.02475000
v -0.04000000 0.09300000 0.01325000
v -0.04000000 0.09300000 0.01200000
v -0.04000000 0.09286603 0.01250000
v -0.04000000 0.08400000 0.01000000
v -0.04000000 0.08350000 0.00986603
v -0.04000000 0.07475000 0.01325000
v -0.04000000 0.09150000 0.01113397
v -0.04000000 0.09100000 0.00900000
v -0.04000000 0.09113398 0.01150000
v -0.04000000 0.08500000 0.00900000
v -0.04000000 0.09100000 0.01200000
v -0.04000000 0.08486603 0.00950000
v -0.04000000 0.09113398 0.01250000
v -0.04000000 0.09186602 0.00950000
v -0.04000000 0.09150000 0.00913397
v -0.04000000 0.09200000 0.01000000
v -0.04000000 0.09200000 0.01100000
v -0.04000000 0.08450000 0.00986603
v -0.04000000 0.09150000 0.01286602
v -0.04000000 0.09200000 0.01300000
v -0.04000000 0.09250000 0.01286602
v -0.04000000 0.08313397 0.00950000
v -0.04000000 0.08300000 0.00900000
v -0.04000000 0.07475000 0.00300000
v -0.04000000 0.08313397 0.00850000
v -0.04000000 0.08350000 0.00813397
v -0.04000000 0.10400000 0.01000000
v -0.04000000 0.10400000 0.01100000
v -0.04000000 0.10450000 0.01113397
v -0.04000000 0.10500000 0.00900000
v -0.04000000 0.10450000 0.00913397
v -0.04000000 0.10413398 0.00950000
v -0.04000000 0.11000000 0.00900000
v -0.04000000 0.10486603 0.01150000
v -0.04000000 0.11000000 0.01325000
v -0.04000000 0.10500000 0.01200000
v -0.04000000 0.10486603 0.01250000
v -0.04000000 0.10450000 0.01286602
v -0.04000000 0.10400000 0.01300000
v -0.04000000 0.10300000 0.01200000
v -0.04000000 0.10313397 0.01250000
v -0.04000000 0.10350000 0.01286602
v -0.04000000 0.11200000 0.00800000
v -0.04000000 0.11250000 0.00813397
v -0.04000000 0.11425000 0.00300000
v -0.04000000 0.11286603 0.00850000
v -0.04000000 0.11300000 0.00900000
v -0.04000000 0.11425000 0.01325000
v -0.04000000 0.11200000 0.01000000
v -0.04000000 0.11250000 0.00986603
v -0.04000000 0.11286603 0.00950000
v -0.04000000 0.11100000 0.00900000
v -0.04000000 0.11113398 0.00950000
v -0.04000000 0.11150000 0.00986603
v -0.04000000 0.10500000 -0.00900000
v -0.04000000 0.11000000 -0.00900000
v -0.04000000 0.11000000 -0.01025000
v -0.04000000 0.11100000 -0.00900000
v -0.04000000 0.11200000 -0.01000000
v -0.04000000 0.11250000 -0.00986603
v -0.04000000 0.11425000 -0.01025000
v -0.04000000 0.11200000 0.00300000
v -0.04000000 0.11425000 -0.00300000
v -0.04000000 0.11200000 -0.00300000
v -0.04000000 0.11250000 -0.00813397
v -0.04000000 0.11200000 -0.00800000
v -0.04000000 0.11113398 -0.00950000
v -0.04000000 0.11150000 -0.00986603
v -0.04000000 0.11286603 -0.00950000
v -0.04000000 0.11300000 -0.00900000
v -0.04000000 0.11286603 -0.00850000
v -0.04000000 0.10313397 -0.01250000
v -0.04000000 0.10350000 -0.01286603
v -0.04000000 0.10486603 -0.01150000
v -0.04000000 0.10400000 -0.01000000
v -0.04000000 0.10450000 -0.00913398
v -0.04000000 0.10413398 -0.00950000
v -0.04000000 0.10300000 -0.01200000
v -0.04000000 0.10400000 -0.01300000
v -0.04000000 0.10450000 -0.01286603
v -0.04000000 0.10486603 -0.01250000
v -0.04000000 0.10500000 -0.01200000
v -0.04000000 0.09200000 -0.01100000
v -0.04000000 0.07475000 -0.01025000
v -0.04000000 0.09150000 -0.01113398
v -0.04000000 0.09150000 -0.01286603
v -0.04000000 0.09200000 -0.01300000
v -0.04000000 0.09250000 -0.01286603
v -0.04000000 0.09113398 -0.01150000
v -0.04000000 0.09100000 -0.01200000
v -0.04000000 0.07475000 -0.01575000
v -0.04000000 0.09113398 -0.01250000
v -0.04000000 0.09286603 -0.01250000
v -0.04000000 0.09300000 -0.01200000
v -0.04000000 0.08400000 -0.00800000
v -0.04000000 0.08350000 -0.00813397
v -0.04000000 0.07475000 -0.00300000
v -0.04000000 0.08313397 -0.00850000
v -0.04000000 0.08300000 -0.00900000
v -0.04000000 0.08313397 -0.00950000
v -0.04000000 0.08350000 -0.00986603
v -0.04000000 0.08400000 -0.01000000
v -0.04000000 0.08450000 -0.00986603
v -0.04000000 0.09150000 -0.00913398
v -0.04000000 0.09186602 -0.00950000
v -0.04000000 0.09100000 -0.00900000
v -0.04000000 0.08500000 -0.00900000
v -0.04000000 0.08400000 -0.00300000
v -0.04000000 0.08400000 0.00300000
v -0.04000000 0.08400000 0.00800000
v -0.04000000 0.12618750 -0.02225000
v -0.04000000 0.11425000 -0.02225000
v -0.04000000 0.12626086 -0.02219131
v -0.04000000 0.11425000 -0.02175000
v -0.04000000 0.12919774 -0.02056372
v -0.04000000 0.12700000 -0.01825000
v -0.04000000 0.13250781 -0.02000000
v -0.04000000 0.14700000 -0.01825000
v -0.04000000 0.14446232 -0.02000000
v -0.04000000 0.15198808 -0.02341495
v -0.04000000 0.15042008 -0.02225000
v -0.04000000 0.15900000 -0.02225000
v -0.04000000 0.14974708 -0.02175000
v -0.04000000 0.15900000 -0.02675000
v -0.04000000 0.15592591 -0.02675000
v -0.04000000 0.15301191 -0.02458505
v -0.04000000 0.15640552 -0.02710633
v -0.04000000 0.15900000 -0.02766744
v -0.04000000 0.16053768 -0.02800000
v -0.04000000 0.16900000 -0.02800000
v -0.04000000 0.17927130 -0.02675000
v -0.04000000 0.17908125 -0.02705830
v -0.04000000 0.17808723 -0.02775453
v -0.04000000 0.16900000 -0.02225000
v -0.04000000 0.17400000 -0.02250000
v -0.04000000 0.17325000 -0.02270096
v -0.04000000 0.17270096 -0.02325000
v -0.04000000 0.17250000 -0.02400000
v -0.04000000 0.16900000 -0.02675000
v -0.04000000 0.17270096 -0.02475000
v -0.04000000 0.17325000 -0.02529904
v -0.04000000 0.17400000 -0.02550000
v -0.04000000 0.17689872 -0.02800000
v -0.04000000 0.17475000 -0.02529904
v -0.04000000 0.17529903 -0.02475000
v -0.04000000 0.17971810 -0.02602523
v -0.04000000 0.17550000 -0.02400000
v -0.04000000 0.18109091 -0.02225000
v -0.04000000 0.17529903 -0.02325000
v -0.04000000 0.17475000 -0.02270096
v -0.04000000 0.16900000 -0.02175000
v -0.04000000 0.18127272 -0.02175000
v -0.04000000 0.18254545 -0.01825000
v -0.04000000 0.16900000 -0.01825000
v -0.04000000 0.15900000 -0.01825000
v -0.04000000 0.06350000 0.02759808
v -0.04000000 0.06500000 0.02800000
v -0.04000000 0.06275000 0.01325000
v -0.04000000 0.06200000 0.01325000
v -0.04000000 0.06240192 -0.02650000
v -0.04000000 0.06200000 -0.02500000
v -0.04000000 0.06275000 -0.02225000
v -0.04000000 0.06265192 -0.02675000
v -0.04000000 0.12173914 -0.02580869
v -0.04000000 0.12004061 -0.02675000
v -0.04000000 0.11425000 -0.02675000
v -0.04000000 0.11880226 -0.02743628
v -0.04000000 0.15900000 -0.02175000
v -0.04000000 0.14859448 -0.02089367
v -0.04000000 0.14700000 -0.02054883
v -0.04000000 0.16270096 -0.02325000
v -0.04000000 0.16250000 -0.02400000
v -0.04000000 0.16270096 -0.02475000
v -0.04000000 0.16325000 -0.02529904
v -0.04000000 0.16529904 -0.02325000
v -0.04000000 0.16475000 -0.02270096
v -0.04000000 0.16400000 -0.02250000
v -0.04000000 0.16325000 -0.02270096
v -0.04000000 0.16400000 -0.02550000
v -0.04000000 0.16475000 -0.02529904
v -0.04000000 0.16529904 -0.02475000
v -0.04000000 0.16550000 -0.02400000
v -0.04000000 0.13550000 0.00600000
v -0.04000000 0.13570096 0.00525000
v -0.04000000 0.12700000 0.00300000
v -0.04000000 0.13625000 0.00729904
v -0.04000000 0.12700000 0.01325000
v -0.04000000 0.13700000 0.00750000
v -0.04000000 0.13775000 0.00729904
v -0.04000000 0.13829904 0.00675000
v -0.04000000 0.13850000 0.00600000
v -0.04000000 0.13829904 0.00525000
v -0.04000000 0.13570096 0.00675000
v -0.04000000 0.13625000 0.00470096
v -0.04000000 0.13700000 0.00450000
v -0.04000000 0.13775000 0.00470096
v -0.04000000 0.12700000 -0.00300000
v -0.04000000 0.13625000 -0.00729904
v -0.04000000 0.13700000 -0.00750000
v -0.04000000 0.12700000 -0.01025000
v -0.04000000 0.13625000 -0.00470096
v -0.04000000 0.13700000 -0.00450000
v -0.04000000 0.13775000 -0.00470096
v -0.04000000 0.13829904 -0.00525000
v -0.04000000 0.13775000 -0.00729904
v -0.04000000 0.13829904 -0.00675000
v -0.04000000 0.13850000 -0.00600000
v -0.04000000 0.13570096 -0.00525000
v -0.04000000 0.13550000 -0.00600000
v -0.04000000 0.13570096 -0.00675000
v -0.04000000 0.14700000 -0.01575000
v -0.04000000 0.12700000 -0.01575000
v -0.04000000 0.11625000 0.00470096
v -0.04000000 0.11700000 0.00450000
v -0.04000000 0.11829904 0.00525000
v -0.04000000 0.11850000 0.00600000
v -0.04000000 0.11775000 0.00470096
v -0.04000000 0.11625000 0.00729904
v -0.04000000 0.11570096 0.00675000
v -0.04000000 0.11550000 0.00600000
v -0.04000000 0.11570096 0.00525000
v -0.04000000 0.11829904 0.00675000
v -0.04000000 0.11775000 0.00729904
v -0.04000000 0.11700000 0.00750000
v -0.04000000 0.11700000 -0.00450000
v -0.04000000 0.11625000 -0.00470096
v -0.04000000 0.11625000 -0.00729904
v -0.04000000 0.11700000 -0.00750000
v -0.04000000 0.11570096 -0.00525000
v -0.04000000 0.11550000 -0.00600000
v -0.04000000 0.11570096 -0.00675000
v -0.04000000 0.11850000 -0.00600000
v -0.04000000 0.11829904 -0.00525000
v -0.04000000 0.11775000 -0.00470096
v -0.04000000 0.11829904 -0.00675000
v -0.04000000 0.11775000 -0.00729904
v -0.04000000 0.11425000 -0.01825000
v -0.04000000 0.11425000 -0.01575000
v -0.04000000 0.14700000 0.02800000
v -0.04000000 0.12700000 0.02800000
v -0.04000000 0.11425000 0.02800000
v -0.04000000 0.11000000 0.02800000
v -0.04000000 0.09300000 0.02800000
v -0.04000000 0.07475000 0.02800000
v -0.04000000 0.07475000 -0.01825000
v -0.04000000 0.07475000 -0.02175000
v -0.04000000 0.11549219 -0.02800000
v -0.04000000 0.11425000 -0.02800000
v -0.04000000 0.11000000 -0.02675000
v -0.04000000 0.11000000 -0.02800000
v -0.04000000 0.09300000 -0.02675000
v -0.04000000 0.09300000 -0.02800000
v -0.04000000 0.07475000 -0.02675000
v -0.04000000 0.07475000 -0.02800000
v -0.04000000 0.06275000 -0.02675000
v -0.04000000 0.06500000 -0.02800000
v -0.04000000 0.06275000 -0.02684808
v -0.04000000 0.06350000 -0.02759808
v -0.04000000 0.06425000 -0.00129904
v -0.04000000 0.06500000 -0.00150000
v -0.04000000 0.06275000 -0.00300000
v -0.04000000 0.06275000 0.00300000
v -0.04000000 0.06500000 0.00150000
v -0.04000000 0.06425000 0.00129904
v -0.04000000 0.06575000 -0.00129904
v -0.04000000 0.06629904 -0.00075000
v -0.04000000 0.06650000 0.00000000
v -0.04000000 0.06629904 0.00075000
v -0.04000000 0.06575000 0.00129904
v -0.04000000 0.06370096 0.00075000
v -0.04000000 0.06350000 0.00000000
v -0.04000000 0.06370096 -0.00075000
v -0.04000000 0.06275000 -0.01025000
v -0.04000000 0.06275000 -0.01575000
v -0.04000000 0.06275000 -0.01825000
v -0.04000000 0.06629904 -0.02075000
v -0.04000000 0.06650000 -0.02000000
v -0.04000000 0.06629904 -0.01925000
v -0.04000000 0.06575000 -0.01870096
v -0.04000000 0.06500000 -0.01850000
v -0.04000000 0.06425000 -0.01870096
v -0.04000000 0.06370096 -0.02075000
v -0.04000000 0.06275000 -0.02175000
v -0.04000000 0.06350000 -0.02000000
v -0.04000000 0.06370096 -0.01925000
v -0.04000000 0.06425000 -0.02129904
v -0.04000000 0.06500000 -0.02150000
v -0.04000000 0.06575000 -0.02129904
v -0.04000000 0.07475000 -0.02225000
v -0.04000000 0.06200000 -0.02225000
v -0.04000000 0.06200000 -0.02175000
v -0.04000000 0.06200000 -0.01825000
v -0.04000000 0.06200000 -0.01575000
v -0.04000000 0.06200000 -0.01025000
v -0.04000000 0.06200000 -0.00300000
v -0.04000000 0.06200000 0.00300000
v -0.04000000 0.11000000 -0.00900000
v -0.03600000 0.11000000 -0.00900000
v -0.04000000 0.11100000 -0.00900000
v -0.03600000 0.11100000 -0.00900000
v -0.04000000 0.12173914 -0.02580869
v -0.04000000 0.12626086 -0.02219131
v -0.03600000 0.12173914 -0.02580869
v -0.03600000 0.12626086 -0.02219131
v -0.03600000 0.18700000 -0.00547147
v -0.04000000 0.18700000 -0.00547147
v -0.03600000 0.18700000 -0.00300000
v -0.04000000 0.18700000 -0.00300000
v -0.03600000 0.18700000 0.00300000
v -0.04000000 0.18700000 0.00300000
v -0.03600000 0.18700000 0.00547148
v -0.04000000 0.18700000 0.00547148
v -0.04000000 0.10500000 -0.02200000
v -0.03600000 0.10500000 -0.02200000
v -0.04000000 0.10600000 -0.02173205
v -0.03600000 0.10600000 -0.02173205
v -0.04000000 0.10673205 -0.02100000
v -0.03600000 0.10673205 -0.02100000
v -0.04000000 0.10700000 -0.02000000
v -0.03600000 0.10700000 -0.02000000
v -0.04000000 0.10673205 -0.01900000
v -0.03600000 0.10673205 -0.01900000
v -0.04000000 0.10600000 -0.01826795
v -0.03600000 0.10600000 -0.01826795
v -0.04000000 0.10500000 -0.01800000
v -0.03600000 0.10500000 -0.01800000
v -0.04000000 0.10400000 -0.01826795
v -0.03600000 0.10400000 -0.01826795
v -0.04000000 0.10326795 -0.01900000
v -0.03600000 0.10326795 -0.01900000
v -0.04000000 0.10300000 -0.02000000
v -0.03600000 0.10300000 -0.02000000
v -0.04000000 0.10326795 -0.02100000
v -0.03600000 0.10326795 -0.02100000
v -0.04000000 0.10400000 -0.02173205
v -0.03600000 0.10400000 -0.02173205
v -0.03600000 0.10400000 -0.01000000
v -0.04000000 0.10400000 -0.01000000
v -0.03600000 0.10400000 -0.01025000
v -0.04000000 0.10400000 -0.01025000
v -0.03600000 0.10400000 -0.01100000
v -0.04000000 0.10400000 -0.01100000
v -0.04000000 0.15198808 -0.02341495
v -0.04000000 0.15301191 -0.02458505
v -0.03600000 0.15198808 -0.02341495
v -0.03600000 0.15301191 -0.02458505
v -0.03600000 0.17689872 0.02800000
v -0.04000000 0.17689872 0.02800000
v -0.03600000 0.16900000 0.02800000
v -0.04000000 0.16900000 0.02800000
v -0.03600000 0.15900000 0.02800000
v -0.04000000 0.15900000 0.02800000
v -0.03600000 0.14700000 0.02800000
v -0.04000000 0.14700000 0.02800000
v -0.03600000 0.12700000 0.02800000
v -0.04000000 0.12700000 0.02800000
v -0.03600000 0.11425000 0.02800000
v -0.04000000 0.11425000 0.02800000
v -0.03600000 0.11000000 0.02800000
v -0.04000000 0.11000000 0.02800000
v -0.03600000 0.09300000 0.02800000
v -0.04000000 0.09300000 0.02800000
v -0.03600000 0.07475000 0.02800000
v -0.04000000 0.07475000 0.02800000
v -0.03600000 0.18681938 -0.00649670
v -0.03600000 0.17971810 -0.02602523
v -0.04000000 0.18681938 -0.00649670
v -0.04000000 0.17971810 -0.02602523
v -0.04000000 0.09200000 -0.01025000
v -0.03600000 0.09200000 -0.01025000
v -0.04000000 0.09200000 -0.01100000
v -0.03600000 0.09200000 -0.01100000
v -0.03600000 0.11549219 -0.02800000
v -0.04000000 0.11549219 -0.02800000
v -0.04000000 0.11880226 -0.02743628
v -0.03600000 0.11880226 -0.02743628
v -0.04000000 0.12173914 -0.02580869
v -0.03600000 0.12173914 -0.02580869
v -0.03600000 0.06200000 0.01325000
v -0.04000000 0.06200000 0.01325000
v -0.03600000 0.06200000 0.00300000
v -0.04000000 0.06200000 0.00300000
v -0.03600000 0.06200000 -0.00300000
v -0.04000000 0.06200000 -0.00300000
v -0.03600000 0.06200000 -0.01025000
v -0.04000000 0.06200000 -0.01025000
v -0.03600000 0.06200000 -0.01575000
v -0.04000000 0.06200000 -0.01575000
v -0.03600000 0.06200000 -0.01825000
v -0.04000000 0.06200000 -0.01825000
v -0.03600000 0.06200000 -0.02175000
v -0.04000000 0.06200000 -0.02175000
v -0.03600000 0.06200000 -0.02225000
v -0.04000000 0.06200000 -0.02225000
v -0.04000000 0.18681938 0.00649671
v -0.04000000 0.17971810 0.02602523
v -0.03600000 0.18681938 0.00649671
v -0.03600000 0.17971810 0.02602523
v -0.04000000 0.08500000 -0.00900000
v -0.03600000 0.08500000 -0.00900000
v -0.04000000 0.12919774 -0.02056372
v -0.03600000 0.12919774 -0.02056372
v -0.04000000 0.12626086 -0.02219131
v -0.03600000 0.12626086 -0.02219131
v -0.04000000 0.16900000 -0.01350000
v -0.03600000 0.16900000 -0.01350000
v -0.04000000 0.17575000 -0.01169134
v -0.03600000 0.17575000 -0.01169134
v -0.04000000 0.18069134 -0.00675000
v -0.03600000 0.18069134 -0.00675000
v -0.04000000 0.18250000 0.00000000
v -0.03600000 0.18250000 0.00000000
v -0.04000000 0.18069134 0.00675000
v -0.03600000 0.18069134 0.00675000
v -0.04000000 0.17575000 0.01169134
v -0.03600000 0.17575000 0.01169134
v -0.04000000 0.16900000 0.01350000
v -0.03600000 0.16900000 0.01350000
v -0.04000000 0.16225000 0.01169134
v -0.03600000 0.16225000 0.01169134
v -0.04000000 0.15730865 0.00675000
v -0.03600000 0.15730865 0.00675000
v -0.04000000 0.15550000 0.00000000
v -0.03600000 0.15550000 0.00000000
v -0.04000000 0.15730865 -0.00675000
v -0.03600000 0.15730865 -0.00675000
v -0.04000000 0.16225000 -0.01169134
v -0.03600000 0.16225000 -0.01169134
v -0.04000000 0.18681938 -0.00649670
v -0.03600000 0.18681938 -0.00649670
v -0.03600000 0.11000000 0.00900000
v -0.04000000 0.11000000 0.00900000
v -0.03600000 0.11100000 0.00900000
v -0.04000000 0.11100000 0.00900000
v -0.04000000 0.15198808 -0.02341495
v -0.03600000 0.15198808 -0.02341495
v -0.04000000 0.14859448 -0.02089367
v -0.03600000 0.14859448 -0.02089367
v -0.04000000 0.06500000 -0.00150000
v -0.03600000 0.06500000 -0.00150000
v -0.04000000 0.06575000 -0.00129904
v -0.03600000 0.06575000 -0.00129904
v -0.04000000 0.06629904 -0.00075000
v -0.03600000 0.06629904 -0.00075000
v -0.04000000 0.06650000 0.00000000
v -0.03600000 0.06650000 0.00000000
v -0.04000000 0.06629904 0.00075000
v -0.03600000 0.06629904 0.00075000
v -0.04000000 0.06575000 0.00129904
v -0.03600000 0.06575000 0.00129904
v -0.04000000 0.06500000 0.00150000
v -0.03600000 0.06500000 0.00150000
v -0.04000000 0.06425000 0.00129904
v -0.03600000 0.06425000 0.00129904
v -0.04000000 0.06370096 0.00075000
v -0.03600000 0.06370096 0.00075000
v -0.04000000 0.06350000 0.00000000
v -0.03600000 0.06350000 0.00000000
v -0.04000000 0.06370096 -0.00075000
v -0.03600000 0.06370096 -0.00075000
v -0.04000000 0.06425000 -0.00129904
v -0.03600000 0.06425000 -0.00129904
v -0.04000000 0.18681938 0.00649671
v -0.03600000 0.18681938 0.00649671
v -0.03600000 0.10400000 0.01000000
v -0.03600000 0.10400000 0.01100000
v -0.04000000 0.10400000 0.01000000
v -0.04000000 0.10400000 0.01100000
v -0.03600000 0.15301191 -0.02458505
v -0.04000000 0.15301191 -0.02458505
v -0.04000000 0.15640552 -0.02710633
v -0.03600000 0.15640552 -0.02710633
v -0.04000000 0.06500000 -0.02150000
v -0.03600000 0.06500000 -0.02150000
v -0.04000000 0.06575000 -0.02129904
v -0.03600000 0.06575000 -0.02129904
v -0.04000000 0.06629904 -0.02075000
v -0.03600000 0.06629904 -0.02075000
v -0.04000000 0.06650000 -0.02000000
v -0.03600000 0.06650000 -0.02000000
v -0.04000000 0.06629904 -0.01925000
v -0.03600000 0.06629904 -0.01925000
v -0.04000000 0.06575000 -0.01870096
v -0.03600000 0.06575000 -0.01870096
v -0.04000000 0.06500000 -0.01850000
v -0.03600000 0.06500000 -0.01850000
v -0.04000000 0.06425000 -0.01870096
v -0.03600000 0.06425000 -0.01870096
v -0.04000000 0.06370096 -0.01925000
v -0.03600000 0.06370096 -0.01925000
v -0.04000000 0.06350000 -0.02000000
v -0.03600000 0.06350000 -0.02000000
v -0.04000000 0.06370096 -0.02075000
v -0.03600000 0.06370096 -0.02075000
v -0.04000000 0.06425000 -0.02129904
v -0.03600000 0.06425000 -0.02129904
v -0.03600000 0.17971810 0.02602523
v -0.04000000 0.17971810 0.02602523
v -0.04000000 0.17908125 0.02705830
v -0.03600000 0.17908125 0.02705830
v -0.04000000 0.17808723 0.02775453
v -0.03600000 0.17808723 0.02775453
v -0.03600000 0.11200000 -0.00800000
v -0.04000000 0.11200000 -0.00800000
v -0.03600000 0.11250000 -0.00813397
v -0.04000000 0.11250000 -0.00813397
v -0.03600000 0.11286603 -0.00850000
v -0.04000000 0.11286603 -0.00850000
v -0.03600000 0.11300000 -0.00900000
v -0.04000000 0.11300000 -0.00900000
v -0.03600000 0.11286603 -0.00950000
v -0.04000000 0.11286603 -0.00950000
v -0.03600000 0.11250000 -0.00986603
v -0.04000000 0.11250000 -0.00986603
v -0.03600000 0.11200000 -0.01000000
v -0.04000000 0.11200000 -0.01000000
v -0.03600000 0.11150000 -0.00986603
v -0.04000000 0.11150000 -0.00986603
v -0.03600000 0.11113398 -0.00950000
v -0.04000000 0.11113398 -0.00950000
v -0.03600000 0.11100000 -0.00900000
v -0.04000000 0.11100000 -0.00900000
v -0.03600000 0.09100000 0.00900000
v -0.04000000 0.09100000 0.00900000
v -0.04000000 0.09150000 0.00913397
v -0.03600000 0.09150000 0.00913397
v -0.04000000 0.09186602 0.00950000
v -0.03600000 0.09186602 0.00950000
v -0.07056920 0.17251342 -0.01200000
v -0.07056920 0.17251342 -0.00900000
v -0.07070318 0.17301342 -0.01200000
v -0.07070318 0.17301342 -0.00900000
v -0.07106920 0.17337944 -0.01200000
v -0.07106920 0.17337944 -0.00900000
v -0.07156920 0.17351342 -0.01200000
v -0.07156920 0.17351342 -0.00900000
v -0.07206921 0.17337944 -0.01200000
v -0.07206921 0.17337944 -0.00900000
v -0.07243523 0.17301342 -0.01200000
v -0.07243523 0.17301342 -0.00900000
v -0.07256921 0.17251342 -0.01200000
v -0.07256921 0.17251342 -0.00900000
v -0.07243523 0.17201343 -0.01200000
v -0.07243523 0.17201343 -0.00900000
v -0.07206921 0.17164739 -0.01200000
v -0.07206921 0.17164739 -0.00900000
v -0.07156920 0.17151342 -0.01200000
v -0.07156920 0.17151342 -0.00900000
v -0.07106920 0.17164739 -0.01200000
v -0.07106920 0.17164739 -0.00900000
v -0.07070318 0.17201343 -0.01200000
v -0.07070318 0.17201343 -0.00900000
v -0.04450000 0.12700000 -0.00900000
v -0.04450000 0.12700000 -0.01200000
v -0.04429904 0.12775000 -0.00900000
v -0.04429904 0.12775000 -0.01200000
v -0.04375000 0.12829904 -0.00900000
v -0.04375000 0.12829904 -0.01200000
v -0.04300000 0.12850000 -0.00900000
v -0.04300000 0.12850000 -0.01200000
v -0.04225000 0.12829904 -0.00900000
v -0.04225000 0.12829904 -0.01200000
v -0.04170096 0.12775000 -0.00900000
v -0.04170096 0.12775000 -0.01200000
v -0.04150000 0.12700000 -0.00900000
v -0.04150000 0.12700000 -0.01200000
v -0.04170096 0.12625000 -0.00900000
v -0.04170096 0.12625000 -0.01200000
v -0.04225000 0.12570096 -0.00900000
v -0.04225000 0.12570096 -0.01200000
v -0.04300000 0.12550000 -0.00900000
v -0.04300000 0.12550000 -0.01200000
v -0.04375000 0.12570096 -0.00900000
v -0.04375000 0.12570096 -0.01200000
v -0.04429904 0.12625000 -0.00900000
v -0.04429904 0.12625000 -0.01200000
v -0.05274194 0.16138715 -0.00900000
v -0.05274194 0.16138715 -0.01200000
v -0.05873217 0.15906633 -0.01200000
v -0.05873217 0.15906633 -0.00900000
v -0.06297152 0.15423962 -0.01200000
v -0.06297152 0.15423962 -0.00900000
v -0.06450000 0.14800000 -0.01200000
v -0.06450000 0.14800000 -0.00900000
v -0.07550000 0.11900000 -0.00900000
v -0.07550000 0.11900000 -0.01200000
v -0.07251933 0.10728811 -0.01200000
v -0.07251933 0.10728811 -0.00900000
v -0.06430259 0.09842596 -0.01200000
v -0.06430259 0.09842596 -0.00900000
v -0.05284906 0.09456987 -0.01200000
v -0.05284906 0.09456987 -0.00900000
v -0.00631414 0.06700000 -0.00900000
v -0.00631414 0.06700000 -0.01200000
v -0.00717760 0.06719599 -0.00900000
v -0.00717760 0.06719599 -0.01200000
v -0.00787183 0.06774556 -0.00900000
v -0.00787183 0.06774556 -0.01200000
v -0.00826076 0.06854098 -0.00900000
v -0.00826076 0.06854098 -0.01200000
v 0.01395658 0.06408333 -0.01200000
v 0.01395658 0.06408333 -0.00900000
v 0.01382909 0.06329276 -0.00900000
v 0.01382909 0.06329276 -0.01200000
v 0.01340169 0.06261556 -0.00900000
v 0.01340169 0.06261556 -0.01200000
v 0.01274289 0.06216032 -0.00900000
v 0.01274289 0.06216032 -0.01200000
v 0.01195832 0.06200000 -0.00900000
v 0.01195832 0.06200000 -0.01200000
v -0.01200000 0.06200000 -0.00900000
v -0.01200000 0.06200000 -0.01200000
v -0.00259782 0.06200000 -0.00900000
v -0.00259782 0.06200000 -0.01200000
v 0.00877681 0.06200000 -0.00900000
v 0.00877681 0.06200000 -0.01200000
v -0.04200000 0.15500000 -0.01200000
v -0.04400000 0.15500000 -0.01200000
v -0.04200000 0.15500000 -0.00900000
v -0.04400000 0.15500000 -0.00900000
v -0.06450000 0.11900000 -0.00900000
v -0.06450000 0.11900000 -0.01200000
v -0.06297152 0.11276038 -0.01200000
v -0.06297152 0.11276038 -0.00900000
v -0.05873217 0.10793368 -0.01200000
v -0.05873217 0.10793368 -0.00900000
v -0.05274194 0.10561286 -0.01200000
v -0.05274194 0.10561286 -0.00900000
v -0.05314545 0.08957812 -0.00900000
v -0.05314545 0.08957812 -0.01200000
v -0.06697192 0.09419783 -0.00900000
v -0.06697192 0.09419783 -0.01200000
v -0.07689808 0.10487417 -0.00900000
v -0.07689808 0.10487417 -0.01200000
v -0.08050000 0.11900000 -0.00900000
v -0.08050000 0.11900000 -0.01200000
v -0.03100000 0.10391957 -0.00900000
v -0.03100000 0.10391957 -0.01200000
v -0.03081453 0.10476069 -0.00900000
v -0.03081453 0.10476069 -0.01200000
v -0.03029251 0.10544581 -0.00900000
v -0.03029251 0.10544581 -0.01200000
v -0.02953077 0.10584785 -0.00900000
v -0.02953077 0.10584785 -0.01200000
v -0.02867059 0.10589225 -0.00900000
v -0.02867059 0.10589225 -0.01200000
v -0.03416667 0.08392348 -0.01200000
v -0.03416667 0.08392348 -0.00900000
v -0.03509474 0.08424274 -0.00900000
v -0.03509474 0.08424274 -0.01200000
v -0.03575919 0.08496507 -0.00900000
v -0.03575919 0.08496507 -0.01200000
v -0.03600000 0.08591652 -0.00900000
v -0.03600000 0.08591652 -0.01200000
v -0.01073406 0.06900000 -0.01200000
v -0.01073406 0.06900000 -0.00900000
v -0.01093502 0.06975000 -0.01200000
v -0.01093502 0.06975000 -0.00900000
v -0.01148406 0.07029904 -0.01200000
v -0.01148406 0.07029904 -0.00900000
v -0.01223406 0.07050000 -0.01200000
v -0.01223406 0.07050000 -0.00900000
v -0.01298406 0.07029904 -0.01200000
v -0.01298406 0.07029904 -0.00900000
v -0.01353310 0.06975000 -0.01200000
v -0.01353310 0.06975000 -0.00900000
v -0.01373406 0.06900000 -0.01200000
v -0.01373406 0.06900000 -0.00900000
v -0.01353310 0.06825000 -0.01200000
v -0.01353310 0.06825000 -0.00900000
v -0.01298406 0.06770096 -0.01200000
v -0.01298406 0.06770096 -0.00900000
v -0.01223406 0.06750000 -0.01200000
v -0.01223406 0.06750000 -0.00900000
v -0.01148406 0.06770096 -0.01200000
v -0.01148406 0.06770096 -0.00900000
v -0.01093502 0.06825000 -0.01200000
v -0.01093502 0.06825000 -0.00900000
v -0.04450000 0.14700000 -0.00900000
v -0.04450000 0.14700000 -0.01200000
v -0.04429904 0.14775000 -0.00900000
v -0.04429904 0.14775000 -0.01200000
v -0.04375000 0.14829904 -0.00900000
v -0.04375000 0.14829904 -0.01200000
v -0.04300000 0.14850000 -0.00900000
v -0.04300000 0.14850000 -0.01200000
v -0.04225000 0.14829904 -0.00900000
v -0.04225000 0.14829904 -0.01200000
v -0.04170096 0.14775000 -0.00900000
v -0.04170096 0.14775000 -0.01200000
v -0.04150000 0.14700000 -0.00900000
v -0.04150000 0.14700000 -0.01200000
v -0.04170096 0.14625000 -0.00900000
v -0.04170096 0.14625000 -0.01200000
v -0.04225000 0.14570096 -0.00900000
v -0.04225000 0.14570096 -0.01200000
v -0.04300000 0.14550000 -0.00900000
v -0.04300000 0.14550000 -0.01200000
v -0.04375000 0.14570096 -0.00900000
v -0.04375000 0.14570096 -0.01200000
v -0.04429904 0.14625000 -0.00900000
v -0.04429904 0.14625000 -0.01200000
v -0.06450000 0.11900000 -0.01200000
v -0.06450000 0.11900000 -0.00900000
v -0.06450000 0.12189913 -0.01200000
v -0.06450000 0.12189913 -0.00900000
v -0.06450000 0.13360088 -0.01200000
v -0.06450000 0.13360088 -0.00900000
v -0.06450000 0.14162925 -0.01200000
v -0.06450000 0.14162925 -0.00900000
v -0.06450000 0.14502837 -0.01200000
v -0.06450000 0.14502837 -0.00900000
v -0.06450000 0.14800000 -0.01200000
v -0.06450000 0.14800000 -0.00900000
v -0.05100000 0.09157282 -0.00900000
v -0.05100000 0.09257558 -0.00900000
v -0.05100000 0.09157282 -0.01200000
v -0.05100000 0.09257558 -0.01200000
v -0.02933735 0.10093403 -0.00900000
v -0.02933735 0.10093403 -0.01200000
v -0.03018891 0.10129712 -0.00900000
v -0.03018891 0.10129712 -0.01200000
v -0.03078575 0.10200477 -0.00900000
v -0.03078575 0.10200477 -0.01200000
v -0.03100000 0.10290538 -0.00900000
v -0.03100000 0.10290538 -0.01200000
v -0.01300000 0.06226795 -0.00900000
v -0.01300000 0.06226795 -0.01200000
v -0.01373205 0.06300000 -0.00900000
v -0.01373205 0.06300000 -0.01200000
v -0.01400000 0.06400000 -0.00900000
v -0.01400000 0.06400000 -0.01200000
v -0.03094952 0.08646699 -0.01200000
v -0.03094952 0.08646699 -0.00900000
v -0.03108349 0.08696699 -0.01200000
v -0.03108349 0.08696699 -0.00900000
v -0.03144952 0.08733302 -0.01200000
v -0.03144952 0.08733302 -0.00900000
v -0.03194952 0.08746699 -0.01200000
v -0.03194952 0.08746699 -0.00900000
v -0.03244952 0.08733302 -0.01200000
v -0.03244952 0.08733302 -0.00900000
v -0.03281554 0.08696699 -0.01200000
v -0.03281554 0.08696699 -0.00900000
v -0.03294951 0.08646699 -0.01200000
v -0.03294951 0.08646699 -0.00900000
v -0.03281554 0.08596699 -0.01200000
v -0.03281554 0.08596699 -0.00900000
v -0.03244952 0.08560096 -0.01200000
v -0.03244952 0.08560096 -0.00900000
v -0.03194952 0.08546699 -0.01200000
v -0.03194952 0.08546699 -0.00900000
v -0.03144952 0.08560096 -0.01200000
v -0.03144952 0.08560096 -0.00900000
v -0.03108349 0.08596699 -0.01200000
v -0.03108349 0.08596699 -0.00900000
v -0.03900000 0.10400000 -0.01200000
v -0.03900000 0.10400000 -0.00900000
v -0.03722476 0.10400000 -0.01200000
v -0.03722476 0.10400000 -0.00900000
v -0.03700000 0.10400000 -0.01200000
v -0.03700000 0.10400000 -0.00900000
v -0.05100000 0.16337042 -0.00900000
v -0.05100000 0.16437834 -0.00900000
v -0.05100000 0.16337042 -0.01200000
v -0.05100000 0.16437834 -0.01200000
v -0.07550000 0.11900000 -0.01200000
v -0.07550000 0.11900000 -0.00900000
v -0.07550000 0.12189913 -0.01200000
v -0.07550000 0.12189913 -0.00900000
v -0.07550000 0.13360088 -0.01200000
v -0.07550000 0.13360088 -0.00900000
v -0.07550000 0.14162925 -0.01200000
v -0.07550000 0.14162925 -0.00900000
v -0.07550000 0.14502837 -0.01200000
v -0.07550000 0.14502837 -0.00900000
v -0.07550000 0.14800000 -0.01200000
v -0.07550000 0.14800000 -0.00900000
v -0.00333763 0.06944444 -0.00900000
v -0.00333763 0.06944444 -0.01200000
v -0.00333787 0.06855451 -0.00900000
v -0.00333787 0.06855451 -0.01200000
v -0.00372415 0.06775278 -0.00900000
v -0.00372415 0.06775278 -0.01200000
v -0.00442000 0.06719800 -0.00900000
v -0.00442000 0.06719800 -0.01200000
v -0.00528762 0.06700000 -0.00900000
v -0.00528762 0.06700000 -0.01200000
v -0.06094464 0.08892984 -0.01200000
v -0.06094464 0.08892984 -0.00900000
v -0.06107862 0.08942984 -0.01200000
v -0.06107862 0.08942984 -0.00900000
v -0.06144464 0.08979586 -0.01200000
v -0.06144464 0.08979586 -0.00900000
v -0.06194464 0.08992984 -0.01200000
v -0.06194464 0.08992984 -0.00900000
v -0.06244465 0.08979586 -0.01200000
v -0.06244465 0.08979586 -0.00900000
v -0.06281067 0.08942984 -0.01200000
v -0.06281067 0.08942984 -0.00900000
v -0.06294464 0.08892984 -0.01200000
v -0.06294464 0.08892984 -0.00900000
v -0.06281067 0.08842984 -0.01200000
v -0.06281067 0.08842984 -0.00900000
v -0.06244465 0.08806381 -0.01200000
v -0.06244465 0.08806381 -0.00900000
v -0.06194464 0.08792984 -0.01200000
v -0.06194464 0.08792984 -0.00900000
v -0.06144464 0.08806381 -0.01200000
v -0.06144464 0.08806381 -0.00900000
v -0.06107862 0.08842984 -0.01200000
v -0.06107862 0.08842984 -0.00900000
v -0.03600000 0.10995831 -0.00900000
v -0.03600000 0.10995831 -0.01200000
v -0.03600000 0.10970456 -0.00900000
v -0.03600000 0.10970456 -0.01200000
v -0.03600000 0.10500000 -0.00900000
v -0.03600000 0.10500000 -0.01200000
v -0.01249065 0.07811088 -0.01200000
v -0.01249065 0.07811088 -0.00900000
v -0.01988912 0.08550935 -0.01200000
v -0.01988912 0.08550935 -0.00900000
v -0.02945902 0.08973924 -0.01200000
v -0.02945902 0.08973924 -0.00900000
v -0.03900000 0.10400000 -0.00900000
v -0.03900000 0.10400000 -0.01200000
v -0.03913397 0.10350000 -0.00900000
v -0.03913397 0.10350000 -0.01200000
v -0.03950000 0.10313397 -0.00900000
v -0.03950000 0.10313397 -0.01200000
v -0.04000000 0.10300000 -0.00900000
v -0.04000000 0.10300000 -0.01200000
v -0.04050000 0.10313397 -0.00900000
v -0.04050000 0.10313397 -0.01200000
v -0.04086602 0.10350000 -0.00900000
v -0.04086602 0.10350000 -0.01200000
v -0.04100000 0.10400000 -0.00900000
v -0.04100000 0.10400000 -0.01200000
v -0.04086602 0.10450000 -0.00900000
v -0.04086602 0.10450000 -0.01200000
v -0.04050000 0.10486603 -0.00900000
v -0.04050000 0.10486603 -0.01200000
v -0.04000000 0.10500000 -0.00900000
v -0.04000000 0.10500000 -0.01200000
v -0.03100000 0.09271238 -0.00900000
v -0.03100000 0.09271238 -0.01200000
v -0.03080200 0.09358000 -0.00900000
v -0.03080200 0.09358000 -0.01200000
v -0.03024722 0.09427585 -0.00900000
v -0.03024722 0.09427585 -0.01200000
v -0.02944549 0.09466213 -0.00900000
v -0.02944549 0.09466213 -0.01200000
v -0.02855556 0.09466237 -0.00900000
v -0.02855556 0.09466237 -0.01200000
v -0.08151384 0.11344326 -0.01200000
v -0.08151384 0.11344326 -0.00900000
v -0.08164782 0.11394326 -0.01200000
v -0.08164782 0.11394326 -0.00900000
v -0.08201385 0.11430928 -0.01200000
v -0.08201385 0.11430928 -0.00900000
v -0.08251385 0.11444326 -0.01200000
v -0.08251385 0.11444326 -0.00900000
v -0.08301385 0.11430928 -0.01200000
v -0.08301385 0.11430928 -0.00900000
v -0.08337987 0.11394326 -0.01200000
v -0.08337987 0.11394326 -0.00900000
v -0.08351385 0.11344326 -0.01200000
v -0.08351385 0.11344326 -0.00900000
v -0.08337987 0.11294326 -0.01200000
v -0.08337987 0.11294326 -0.00900000
v -0.08301385 0.11257723 -0.01200000
v -0.08301385 0.11257723 -0.00900000
v -0.08251385 0.11244326 -0.01200000
v -0.08251385 0.11244326 -0.00900000
v -0.08201385 0.11257723 -0.01200000
v -0.08201385 0.11257723 -0.00900000
v -0.08164782 0.11294326 -0.01200000
v -0.08164782 0.11294326 -0.00900000
v -0.04000000 0.08600000 -0.00900000
v -0.04000000 0.08600000 -0.01200000
v -0.04000000 0.08769841 -0.00900000
v -0.04000000 0.08769841 -0.01200000
v -0.04000000 0.08875133 -0.00900000
v -0.04000000 0.08875133 -0.01200000
v -0.04000000 0.09100000 -0.00900000
v -0.04000000 0.09100000 -0.01200000
v -0.00631414 0.06700000 -0.00900000
v -0.00528762 0.06700000 -0.00900000
v -0.00631414 0.06700000 -0.01200000
v -0.00528762 0.06700000 -0.01200000
v -0.03700000 0.09200000 -0.00900000
v -0.03700000 0.09200000 -0.01200000
v -0.03686602 0.09250000 -0.00900000
v -0.03686602 0.09250000 -0.01200000
v -0.03650000 0.09286603 -0.00900000
v -0.03650000 0.09286603 -0.01200000
v -0.03600000 0.09300000 -0.00900000
v -0.03600000 0.09300000 -0.01200000
v -0.03550000 0.09286603 -0.00900000
v -0.03550000 0.09286603 -0.01200000
v -0.03513397 0.09250000 -0.00900000
v -0.03513397 0.09250000 -0.01200000
v -0.03500000 0.09200000 -0.00900000
v -0.03500000 0.09200000 -0.01200000
v -0.03513397 0.09150000 -0.00900000
v -0.03513397 0.09150000 -0.01200000
v -0.03550000 0.09113398 -0.00900000
v -0.03550000 0.09113398 -0.01200000
v -0.03600000 0.09100000 -0.00900000
v -0.03600000 0.09100000 -0.01200000
v -0.03025444 0.09012817 -0.00900000
v -0.03025444 0.09012817 -0.01200000
v -0.03080401 0.09082240 -0.00900000
v -0.03080401 0.09082240 -0.01200000
v -0.03100000 0.09168585 -0.00900000
v -0.03100000 0.09168585 -0.01200000
v 0.00877681 0.08343587 -0.00900000
v 0.00877681 0.07803349 -0.00900000
v 0.01114762 0.07803349 -0.00900000
v -0.04050000 0.10486603 -0.00900000
v -0.04000000 0.10500000 -0.00900000
v -0.04000000 0.10970456 -0.00900000
v -0.04500000 0.16894588 -0.00900000
v -0.04500000 0.17547030 -0.00900000
v -0.04550000 0.17547030 -0.00900000
v -0.08496205 0.15200000 -0.00900000
v -0.08475693 0.15200000 -0.00900000
v -0.08475693 0.15279048 -0.00900000
v -0.07653460 0.09672371 -0.00900000
v -0.07653460 0.09766702 -0.00900000
v -0.07747791 0.09766702 -0.00900000
v -0.03563489 0.09109783 -0.00900000
v -0.03600000 0.09100000 -0.00900000
v -0.03600000 0.08875133 -0.00900000
v -0.01606037 0.08860969 -0.00900000
v -0.01606037 0.08875133 -0.00900000
v -0.01620201 0.08875133 -0.00900000
v 0.00400477 0.06721425 -0.00900000
v 0.00372525 0.06745000 -0.00900000
v -0.00259782 0.06745000 -0.00900000
v -0.06229788 0.16924897 -0.00900000
v -0.06229788 0.16894588 -0.00900000
v -0.05532556 0.16894588 -0.00900000
v -0.06319813 0.16894588 -0.00900000
v -0.05100000 0.09157282 -0.00900000
v -0.05109898 0.09109783 -0.00900000
v -0.04550000 0.09109783 -0.00900000
v -0.06229788 0.09263614 -0.00900000
v -0.06229788 0.09109783 -0.00900000
v -0.05769385 0.09109783 -0.00900000
v -0.07055725 0.16894588 -0.00900000
v -0.07653460 0.16894588 -0.00900000
v -0.07653460 0.16251679 -0.00900000
v 0.00877681 0.06745000 -0.00900000
v 0.00984842 0.06820000 -0.00900000
v 0.00963406 0.06900000 -0.00900000
v 0.01236543 0.07013137 -0.00900000
v 0.01261970 0.06980000 -0.00900000
v 0.01191812 0.07627774 -0.00900000
v 0.01283406 0.06900000 -0.00900000
v 0.01339380 0.06745000 -0.00900000
v 0.01261970 0.06820000 -0.00900000
v 0.00984842 0.06980000 -0.00900000
v 0.01043406 0.07038564 -0.00900000
v 0.01123406 0.07060000 -0.00900000
v 0.01203406 0.07038564 -0.00900000
v 0.01203406 0.06761436 -0.00900000
v 0.01142066 0.06745000 -0.00900000
v 0.01343559 0.06720000 -0.00900000
v 0.01123406 0.06740000 -0.00900000
v 0.00877681 0.06720000 -0.00900000
v 0.01104746 0.06745000 -0.00900000
v 0.01043406 0.06761436 -0.00900000
v -0.06281067 0.08942984 -0.00900000
v -0.06244465 0.08979586 -0.00900000
v -0.06622232 0.09109783 -0.00900000
v -0.06622232 0.08875133 -0.00900000
v -0.06294464 0.08892984 -0.00900000
v -0.06289681 0.08875133 -0.00900000
v -0.06480266 0.08769841 -0.00900000
v -0.06281067 0.08842984 -0.00900000
v -0.06229788 0.08769841 -0.00900000
v -0.05532556 0.08769841 -0.00900000
v -0.06144464 0.08806381 -0.00900000
v -0.06194464 0.08792984 -0.00900000
v -0.06229788 0.08802449 -0.00900000
v -0.06244465 0.08806381 -0.00900000
v -0.06144464 0.08979586 -0.00900000
v -0.06194464 0.08992984 -0.00900000
v -0.06229788 0.08983519 -0.00900000
v -0.05314545 0.08957812 -0.00900000
v -0.05532556 0.09030654 -0.00900000
v -0.05532556 0.08875133 -0.00900000
v -0.06107862 0.08942984 -0.00900000
v -0.06094464 0.08892984 -0.00900000
v -0.06099248 0.08875133 -0.00900000
v -0.06107862 0.08842984 -0.00900000
v -0.05100000 0.17442442 -0.00900000
v -0.05124332 0.17346834 -0.00900000
v -0.04550000 0.16894588 -0.00900000
v -0.05100899 0.17547030 -0.00900000
v -0.05100000 0.17542718 -0.00900000
v -0.04670096 0.18025000 -0.00900000
v -0.04650000 0.18100000 -0.00900000
v -0.04550000 0.18323205 -0.00900000
v -0.04670096 0.18175000 -0.00900000
v -0.04929904 0.18025000 -0.00900000
v -0.04950000 0.18100000 -0.00900000
v -0.05532556 0.18213226 -0.00900000
v -0.04725000 0.17970096 -0.00900000
v -0.04800000 0.17950000 -0.00900000
v -0.04875000 0.17970096 -0.00900000
v -0.05116647 0.17622604 -0.00900000
v -0.04725000 0.18229904 -0.00900000
v -0.04600000 0.18373205 -0.00900000
v -0.04800000 0.18250000 -0.00900000
v -0.04700000 0.18400000 -0.00900000
v -0.04875000 0.18229904 -0.00900000
v -0.05100000 0.18400000 -0.00900000
v -0.04929904 0.18175000 -0.00900000
v -0.05169430 0.18326306 -0.00900000
v -0.05266056 0.18296059 -0.00900000
v -0.05233660 0.17731395 -0.00900000
v -0.05163818 0.17689192 -0.00900000
v -0.06697192 0.17280217 -0.00900000
v -0.06622232 0.17305262 -0.00900000
v -0.06622232 0.17547030 -0.00900000
v -0.06229788 0.17436387 -0.00900000
v -0.06229788 0.17547030 -0.00900000
v -0.05898640 0.17547030 -0.00900000
v -0.07070318 0.17201343 -0.00900000
v -0.07156920 0.17351342 -0.00900000
v -0.07106920 0.17337944 -0.00900000
v -0.07070318 0.17301342 -0.00900000
v -0.07056920 0.17251342 -0.00900000
v -0.07106920 0.17164739 -0.00900000
v -0.07156920 0.17151342 -0.00900000
v -0.07206921 0.17164739 -0.00900000
v -0.07243523 0.17201343 -0.00900000
v -0.07206921 0.17337944 -0.00900000
v -0.07161660 0.17547030 -0.00900000
v -0.07243523 0.17301342 -0.00900000
v -0.07653460 0.17031316 -0.00900000
v -0.07256921 0.17251342 -0.00900000
v -0.07783848 0.16894588 -0.00900000
v -0.08100692 0.16562337 -0.00900000
v -0.07689808 0.16212583 -0.00900000
v -0.07948005 0.15200000 -0.00900000
v -0.08100692 0.15200000 -0.00900000
v -0.08050000 0.14800000 -0.00900000
v -0.08100692 0.14502837 -0.00900000
v -0.08100692 0.11537075 -0.00900000
v -0.08050000 0.11900000 -0.00900000
v -0.08100692 0.12189913 -0.00900000
v -0.08050000 0.12189913 -0.00900000
v -0.08100692 0.13360088 -0.00900000
v -0.08050000 0.13360088 -0.00900000
v -0.08100692 0.14162925 -0.00900000
v -0.08050000 0.14162925 -0.00900000
v -0.08050000 0.14502837 -0.00900000
v -0.07689808 0.10487417 -0.00900000
v -0.07812978 0.10970456 -0.00900000
v -0.08100692 0.10970456 -0.00900000
v -0.07957458 0.11537075 -0.00900000
v -0.08100692 0.10119604 -0.00900000
v -0.07653460 0.10448321 -0.00900000
v -0.07019735 0.09766702 -0.00900000
v -0.06697192 0.09419783 -0.00900000
v -0.07090872 0.09109783 -0.00900000
v -0.06622232 0.09394737 -0.00900000
v -0.05116647 0.09077396 -0.00900000
v -0.04550000 0.08875133 -0.00900000
v -0.05163818 0.09010809 -0.00900000
v -0.05233660 0.08968605 -0.00900000
v -0.05284906 0.09456987 -0.00900000
v -0.05191407 0.09425509 -0.00900000
v -0.04550000 0.09766702 -0.00900000
v -0.05124332 0.09353165 -0.00900000
v -0.05100000 0.09257558 -0.00900000
v -0.06229788 0.10466262 -0.00900000
v -0.06229788 0.09775103 -0.00900000
v -0.06151610 0.10377957 -0.00900000
v -0.06204835 0.09766702 -0.00900000
v -0.05532556 0.09540364 -0.00900000
v -0.05532556 0.09766702 -0.00900000
v -0.05532556 0.10142779 -0.00900000
v -0.06229788 0.16233739 -0.00900000
v -0.06430259 0.16857404 -0.00900000
v -0.06622232 0.15790457 -0.00900000
v -0.06622232 0.16650351 -0.00900000
v -0.06738289 0.15659367 -0.00900000
v -0.07251933 0.15971189 -0.00900000
v -0.06851457 0.15200000 -0.00900000
v -0.07448200 0.15200000 -0.00900000
v -0.06950000 0.14800000 -0.00900000
v -0.07550000 0.14800000 -0.00900000
v -0.06950000 0.14502837 -0.00900000
v -0.07550000 0.14502837 -0.00900000
v -0.06950000 0.14162925 -0.00900000
v -0.07550000 0.14162925 -0.00900000
v -0.06950000 0.13360088 -0.00900000
v -0.07550000 0.13360088 -0.00900000
v -0.06950000 0.12189913 -0.00900000
v -0.07550000 0.12189913 -0.00900000
v -0.06950000 0.11900000 -0.00900000
v -0.07550000 0.11900000 -0.00900000
v -0.06860591 0.11537075 -0.00900000
v -0.07457636 0.11537075 -0.00900000
v -0.06738289 0.11040634 -0.00900000
v -0.07313432 0.10970456 -0.00900000
v -0.06676160 0.10970456 -0.00900000
v -0.07251933 0.10728811 -0.00900000
v -0.06622232 0.10909543 -0.00900000
v -0.06622232 0.10049649 -0.00900000
v -0.06430259 0.09842596 -0.00900000
v -0.05191407 0.17274491 -0.00900000
v -0.05284906 0.17243012 -0.00900000
v -0.05532556 0.17159636 -0.00900000
v 0.00677976 0.06720000 -0.00900000
v 0.00676069 0.06718547 -0.00900000
v 0.00877681 0.06200000 -0.00900000
v 0.00784785 0.06846923 -0.00900000
v 0.00744581 0.06770749 -0.00900000
v 0.00789225 0.06932941 -0.00900000
v 0.00449515 0.07803349 -0.00900000
v 0.00125299 0.08634059 -0.00900000
v 0.00694978 0.08759915 -0.00900000
v 0.00685052 0.08769841 -0.00900000
v -0.00010483 0.08769841 -0.00900000
v 0.00579760 0.08875133 -0.00900000
v -0.00115774 0.08875133 -0.00900000
v 0.00345110 0.09109783 -0.00900000
v -0.00259782 0.09019140 -0.00900000
v -0.00259782 0.09109783 -0.00900000
v -0.00350424 0.09109783 -0.00900000
v -0.01007343 0.09766702 -0.00900000
v -0.01838668 0.10596587 -0.00900000
v -0.01852066 0.10546587 -0.00900000
v -0.01606037 0.10097063 -0.00900000
v -0.02038668 0.10596587 -0.00900000
v -0.02025271 0.10646587 -0.00900000
v -0.02566810 0.10949883 -0.00900000
v -0.01888668 0.10509984 -0.00900000
v -0.01938668 0.10496587 -0.00900000
v -0.02566810 0.10472041 -0.00900000
v -0.01988668 0.10509984 -0.00900000
v -0.02025271 0.10546587 -0.00900000
v -0.01988668 0.10683189 -0.00900000
v -0.01938668 0.10696587 -0.00900000
v -0.01606037 0.10663610 -0.00900000
v -0.01888668 0.10683189 -0.00900000
v -0.01852066 0.10646587 -0.00900000
v -0.03600000 0.10995831 -0.00900000
v -0.03600000 0.10970456 -0.00900000
v -0.02635858 0.10970456 -0.00900000
v -0.03600000 0.10500000 -0.00900000
v -0.02103243 0.09766702 -0.00900000
v -0.02566810 0.09949061 -0.00900000
v -0.02566810 0.09766702 -0.00900000
v -0.02933735 0.10093403 -0.00900000
v -0.03600000 0.10300000 -0.00900000
v -0.03722476 0.09766702 -0.00900000
v -0.03550000 0.10313397 -0.00900000
v -0.03700000 0.10400000 -0.00900000
v -0.03722476 0.10400000 -0.00900000
v -0.03686602 0.10350000 -0.00900000
v -0.03650000 0.10313397 -0.00900000
v -0.03550000 0.10486603 -0.00900000
v -0.03513397 0.10450000 -0.00900000
v -0.03029251 0.10544581 -0.00900000
v -0.03018891 0.10129712 -0.00900000
v -0.03513397 0.10350000 -0.00900000
v -0.02867059 0.10589225 -0.00900000
v -0.02953077 0.10584785 -0.00900000
v -0.03078575 0.10200477 -0.00900000
v -0.03100000 0.10290538 -0.00900000
v -0.03500000 0.10400000 -0.00900000
v -0.03100000 0.10391957 -0.00900000
v -0.03081453 0.10476069 -0.00900000
v -0.01040954 0.09109783 -0.00900000
v -0.01434996 0.09503824 -0.00900000
v -0.01606037 0.09571109 -0.00900000
v 0.00329712 0.06781109 -0.00900000
v 0.00293404 0.06866265 -0.00900000
v -0.00259782 0.07803349 -0.00900000
v -0.00075230 0.07803349 -0.00900000
v -0.00259782 0.08272489 -0.00900000
v 0.00591957 0.06700000 -0.00900000
v 0.00490538 0.06700000 -0.00900000
v -0.00259782 0.06200000 -0.00900000
v 0.00406466 0.06720000 -0.00900000
v -0.00259782 0.06720000 -0.00900000
v -0.00441748 0.06720000 -0.00900000
v -0.00442000 0.06719800 -0.00900000
v -0.00528762 0.06700000 -0.00900000
v -0.01200000 0.06200000 -0.00900000
v -0.00631414 0.06700000 -0.00900000
v -0.00717760 0.06719599 -0.00900000
v -0.01300000 0.06226795 -0.00900000
v -0.01373205 0.06300000 -0.00900000
v -0.01400000 0.06400000 -0.00900000
v -0.01400000 0.06720000 -0.00900000
v -0.00333787 0.06855451 -0.00900000
v -0.00372415 0.06775278 -0.00900000
v -0.00410392 0.06745000 -0.00900000
v -0.00333763 0.06944444 -0.00900000
v -0.00708291 0.07803349 -0.00900000
v -0.00831907 0.08086839 -0.00900000
v -0.00296176 0.08365004 -0.00900000
v -0.01514909 0.08769841 -0.00900000
v -0.00701012 0.08769841 -0.00900000
v -0.00806304 0.08875133 -0.00900000
v -0.01713160 0.08968093 -0.00900000
v -0.01606037 0.09109783 -0.00900000
v -0.02038100 0.09109783 -0.00900000
v -0.03722476 0.09200000 -0.00900000
v -0.03700000 0.09200000 -0.00900000
v -0.03686602 0.09250000 -0.00900000
v -0.03650000 0.09286603 -0.00900000
v -0.03600000 0.09300000 -0.00900000
v -0.03550000 0.09286603 -0.00900000
v -0.03513397 0.09250000 -0.00900000
v -0.03513397 0.09150000 -0.00900000
v -0.03086653 0.09109783 -0.00900000
v -0.03500000 0.09200000 -0.00900000
v -0.03100000 0.09168585 -0.00900000
v -0.03100000 0.09271238 -0.00900000
v -0.02944549 0.09466213 -0.00900000
v -0.03024722 0.09427585 -0.00900000
v -0.03080200 0.09358000 -0.00900000
v -0.02855556 0.09466237 -0.00900000
v -0.02566810 0.09340328 -0.00900000
v -0.03550000 0.09113398 -0.00900000
v -0.03080401 0.09082240 -0.00900000
v -0.03025444 0.09012817 -0.00900000
v -0.02945902 0.08973924 -0.00900000
v -0.01988912 0.08550935 -0.00900000
v -0.02484175 0.08769841 -0.00900000
v -0.02566810 0.08769841 -0.00900000
v -0.02566810 0.08806366 -0.00900000
v -0.02722392 0.08875133 -0.00900000
v -0.01245645 0.07803349 -0.00900000
v -0.01249065 0.07811088 -0.00900000
v -0.01606037 0.08168060 -0.00900000
v -0.01400000 0.06745000 -0.00900000
v -0.01298406 0.06770096 -0.00900000
v -0.01400000 0.06800000 -0.00900000
v -0.01353310 0.06825000 -0.00900000
v -0.01550610 0.07000000 -0.00900000
v -0.01373406 0.06900000 -0.00900000
v -0.01606037 0.07088795 -0.00900000
v -0.01353310 0.06975000 -0.00900000
v -0.01298406 0.07029904 -0.00900000
v -0.01606037 0.07803349 -0.00900000
v -0.02566810 0.08126733 -0.00900000
v -0.02133404 0.07803349 -0.00900000
v -0.01223406 0.07050000 -0.00900000
v -0.01148406 0.07029904 -0.00900000
v -0.00826076 0.06854098 -0.00900000
v -0.01093502 0.06975000 -0.00900000
v -0.01073406 0.06900000 -0.00900000
v -0.00787183 0.06774556 -0.00900000
v -0.01093502 0.06825000 -0.00900000
v -0.00749847 0.06745000 -0.00900000
v -0.01148406 0.06770096 -0.00900000
v -0.01223406 0.06750000 -0.00900000
v -0.00718266 0.06720000 -0.00900000
v -0.05274194 0.10561286 -0.00900000
v -0.05185449 0.10526903 -0.00900000
v -0.04550000 0.10970456 -0.00900000
v -0.05532556 0.10661384 -0.00900000
v -0.05117634 0.10180052 -0.00900000
v -0.05167427 0.10112419 -0.00900000
v -0.05240597 0.10071192 -0.00900000
v -0.05324242 0.10063641 -0.00900000
v -0.05122644 0.10455396 -0.00900000
v -0.05100000 0.10362958 -0.00900000
v -0.05100000 0.10262166 -0.00900000
v -0.06028756 0.10970456 -0.00900000
v -0.05532556 0.10970456 -0.00900000
v -0.06229788 0.11199341 -0.00900000
v -0.05532556 0.11537075 -0.00900000
v -0.06361096 0.11537075 -0.00900000
v -0.06229788 0.11537075 -0.00900000
v -0.06450000 0.11900000 -0.00900000
v -0.06229788 0.12189913 -0.00900000
v -0.06229788 0.14502837 -0.00900000
v -0.06229788 0.15200000 -0.00900000
v -0.06352014 0.15200000 -0.00900000
v -0.06450000 0.14800000 -0.00900000
v -0.06450000 0.14502837 -0.00900000
v -0.06229788 0.14162925 -0.00900000
v -0.06450000 0.14162925 -0.00900000
v -0.06229788 0.13360088 -0.00900000
v -0.06450000 0.13360088 -0.00900000
v -0.06450000 0.12189913 -0.00900000
v -0.06297152 0.15423962 -0.00900000
v -0.06229788 0.15500659 -0.00900000
v -0.05873217 0.15906633 -0.00900000
v -0.05274194 0.16138715 -0.00900000
v -0.05532556 0.16038616 -0.00900000
v -0.04929904 0.15775000 -0.00900000
v -0.04550000 0.15413398 -0.00900000
v -0.04586602 0.15450000 -0.00900000
v -0.05532556 0.15200000 -0.00900000
v -0.04600000 0.15500000 -0.00900000
v -0.04800000 0.15550000 -0.00900000
v -0.04875000 0.15570096 -0.00900000
v -0.04929904 0.15625000 -0.00900000
v -0.04950000 0.15700000 -0.00900000
v -0.05532556 0.16557221 -0.00900000
v -0.05324242 0.16636359 -0.00900000
v -0.04800000 0.15850000 -0.00900000
v -0.04725000 0.15829904 -0.00900000
v -0.04670096 0.15775000 -0.00900000
v -0.04550000 0.15586603 -0.00900000
v -0.04650000 0.15700000 -0.00900000
v -0.04586602 0.15550000 -0.00900000
v -0.04670096 0.15625000 -0.00900000
v -0.04725000 0.15570096 -0.00900000
v -0.05240597 0.16628809 -0.00900000
v -0.05167427 0.16587581 -0.00900000
v -0.05117634 0.16519947 -0.00900000
v -0.05100000 0.16437834 -0.00900000
v -0.05100000 0.16337042 -0.00900000
v -0.04875000 0.15829904 -0.00900000
v -0.05122644 0.16244604 -0.00900000
v -0.05185449 0.16173097 -0.00900000
v -0.06151610 0.16322044 -0.00900000
v 0.01195832 0.06200000 -0.00900000
v 0.01274289 0.06216032 -0.00900000
v 0.01340169 0.06261556 -0.00900000
v 0.00710787 0.06745000 -0.00900000
v 0.01395658 0.06408333 -0.00900000
v 0.01382909 0.06329276 -0.00900000
v -0.01981169 0.07689760 -0.00900000
v -0.03294951 0.08646699 -0.00900000
v -0.03281554 0.08696699 -0.00900000
v -0.03600000 0.08769841 -0.00900000
v -0.03244952 0.08733302 -0.00900000
v -0.03194952 0.08746699 -0.00900000
v -0.03416667 0.08392348 -0.00900000
v -0.03244952 0.08560096 -0.00900000
v -0.03509474 0.08424274 -0.00900000
v -0.03281554 0.08596699 -0.00900000
v -0.03575919 0.08496507 -0.00900000
v -0.03600000 0.08591652 -0.00900000
v -0.03144952 0.08733302 -0.00900000
v -0.03108349 0.08696699 -0.00900000
v -0.03094952 0.08646699 -0.00900000
v -0.03108349 0.08596699 -0.00900000
v -0.02632861 0.08176017 -0.00900000
v -0.03144952 0.08560096 -0.00900000
v -0.03194952 0.08546699 -0.00900000
v -0.04036511 0.09109783 -0.00900000
v -0.04050000 0.09113398 -0.00900000
v -0.04086602 0.09150000 -0.00900000
v -0.04100000 0.09200000 -0.00900000
v -0.04086602 0.09250000 -0.00900000
v -0.04050000 0.09286603 -0.00900000
v -0.04000000 0.09300000 -0.00900000
v -0.03900000 0.09200000 -0.00900000
v -0.03913397 0.09250000 -0.00900000
v -0.03950000 0.09286603 -0.00900000
v -0.04550000 0.08769841 -0.00900000
v -0.04200000 0.08400000 -0.00900000
v -0.04100000 0.08426795 -0.00900000
v -0.04000000 0.09100000 -0.00900000
v -0.04000000 0.08875133 -0.00900000
v -0.04000000 0.08769841 -0.00900000
v -0.04000000 0.08600000 -0.00900000
v -0.04026795 0.08500000 -0.00900000
v -0.05532556 0.08515903 -0.00900000
v -0.05100000 0.08400000 -0.00900000
v -0.04550000 0.08400000 -0.00900000
v -0.06856222 0.08875133 -0.00900000
v -0.06850000 0.08868911 -0.00900000
v -0.06622232 0.08807881 -0.00900000
v -0.08350930 0.10970456 -0.00900000
v -0.08131089 0.10150000 -0.00900000
v -0.08151384 0.11344326 -0.00900000
v -0.08301385 0.11257723 -0.00900000
v -0.08337987 0.11294326 -0.00900000
v -0.08251385 0.11444326 -0.00900000
v -0.08201385 0.11430928 -0.00900000
v -0.08164782 0.11394326 -0.00900000
v -0.08475693 0.11436078 -0.00900000
v -0.08351385 0.11344326 -0.00900000
v -0.08337987 0.11394326 -0.00900000
v -0.08475693 0.11537075 -0.00900000
v -0.08301385 0.11430928 -0.00900000
v -0.08164782 0.11294326 -0.00900000
v -0.08201385 0.11257723 -0.00900000
v -0.08251385 0.11244326 -0.00900000
v -0.08475693 0.12189913 -0.00900000
v -0.08600000 0.11900000 -0.00900000
v -0.08502755 0.11537075 -0.00900000
v -0.08475693 0.14502837 -0.00900000
v -0.08158395 0.16501829 -0.00900000
v -0.06622232 0.17874535 -0.00900000
v -0.06945016 0.17774208 -0.00900000
v -0.06229788 0.17996514 -0.00900000
v -0.05532556 0.17669346 -0.00900000
v -0.05314545 0.17742188 -0.00900000
v -0.04500000 0.18200000 -0.00900000
v -0.04526795 0.18300000 -0.00900000
v -0.04500000 0.15600000 -0.00900000
v -0.04413398 0.15450000 -0.00900000
v -0.04000000 0.15200000 -0.00900000
v -0.04000000 0.15300000 -0.00900000
v -0.04450000 0.15413398 -0.00900000
v -0.04500000 0.15400000 -0.00900000
v -0.04550000 0.15200000 -0.00900000
v -0.04400000 0.15500000 -0.00900000
v -0.04200000 0.15500000 -0.00900000
v -0.04100000 0.15473205 -0.00900000
v -0.04026795 0.15400000 -0.00900000
v -0.04170096 0.14625000 -0.00900000
v -0.04225000 0.14570096 -0.00900000
v -0.04000000 0.14502837 -0.00900000
v -0.04300000 0.14550000 -0.00900000
v -0.04375000 0.14570096 -0.00900000
v -0.04550000 0.14502837 -0.00900000
v -0.04429904 0.14625000 -0.00900000
v -0.04450000 0.14700000 -0.00900000
v -0.04429904 0.14775000 -0.00900000
v -0.04375000 0.14829904 -0.00900000
v -0.04300000 0.14850000 -0.00900000
v -0.04225000 0.14829904 -0.00900000
v -0.04170096 0.14775000 -0.00900000
v -0.04150000 0.14700000 -0.00900000
v -0.04300000 0.12550000 -0.00900000
v -0.04375000 0.12570096 -0.00900000
v -0.04550000 0.12189913 -0.00900000
v -0.04225000 0.12570096 -0.00900000
v -0.04300000 0.12850000 -0.00900000
v -0.04225000 0.12829904 -0.00900000
v -0.04000000 0.13360088 -0.00900000
v -0.04429904 0.12625000 -0.00900000
v -0.04450000 0.12700000 -0.00900000
v -0.04550000 0.13360088 -0.00900000
v -0.04429904 0.12775000 -0.00900000
v -0.04375000 0.12829904 -0.00900000
v -0.04550000 0.14162925 -0.00900000
v -0.04000000 0.14162925 -0.00900000
v -0.04170096 0.12775000 -0.00900000
v -0.04150000 0.12700000 -0.00900000
v -0.04000000 0.12189913 -0.00900000
v -0.04170096 0.12625000 -0.00900000
v -0.03900000 0.10400000 -0.00900000
v -0.03913397 0.10350000 -0.00900000
v -0.03950000 0.10313397 -0.00900000
v -0.04000000 0.10300000 -0.00900000
v -0.04086602 0.10450000 -0.00900000
v -0.04550000 0.11537075 -0.00900000
v -0.04000000 0.11537075 -0.00900000
v -0.04050000 0.10313397 -0.00900000
v -0.04086602 0.10350000 -0.00900000
v -0.04100000 0.10400000 -0.00900000
v -0.03583968 0.11074289 -0.00900000
v -0.03538444 0.11140169 -0.00900000
v -0.03470724 0.11182909 -0.00900000
v -0.03391667 0.11195658 -0.00900000
v -0.00190801 0.09326583 -0.00900000
v -0.00177403 0.09376583 -0.00900000
v -0.00259782 0.09714674 -0.00900000
v -0.00140801 0.09413185 -0.00900000
v -0.00090801 0.09426583 -0.00900000
v -0.00140801 0.09239980 -0.00900000
v -0.00177403 0.09276583 -0.00900000
v -0.00040801 0.09413185 -0.00900000
v -0.00004198 0.09376583 -0.00900000
v 0.00009199 0.09326583 -0.00900000
v -0.00004198 0.09276583 -0.00900000
v -0.00040801 0.09239980 -0.00900000
v -0.00090801 0.09226583 -0.00900000
v -0.00311809 0.09766702 -0.00900000
v -0.01165941 0.09925299 -0.00900000
v -0.01040085 0.10494978 -0.00900000
v -0.08251385 0.14455674 -0.00900000
v -0.08201385 0.14442277 -0.00900000
v -0.08337987 0.14405674 -0.00900000
v -0.08301385 0.14442277 -0.00900000
v -0.08164782 0.14405674 -0.00900000
v -0.08151384 0.14355674 -0.00900000
v -0.08164782 0.14305674 -0.00900000
v -0.08201385 0.14269072 -0.00900000
v -0.08251385 0.14255674 -0.00900000
v -0.08301385 0.14269072 -0.00900000
v -0.08475693 0.14162925 -0.00900000
v -0.08337987 0.14305674 -0.00900000
v -0.08351385 0.14355674 -0.00900000
v -0.06065112 0.14070175 -0.00900000
v -0.06015112 0.14056778 -0.00900000
v -0.05532556 0.14162925 -0.00900000
v -0.06065112 0.13870175 -0.00900000
v -0.06115112 0.13883573 -0.00900000
v -0.05978509 0.14020175 -0.00900000
v -0.05965112 0.13970175 -0.00900000
v -0.05532556 0.13360088 -0.00900000
v -0.05978509 0.13920175 -0.00900000
v -0.06115112 0.14056778 -0.00900000
v -0.05532556 0.14502837 -0.00900000
v -0.06015112 0.13883573 -0.00900000
v -0.06151714 0.13920175 -0.00900000
v -0.06165111 0.13970175 -0.00900000
v -0.06151714 0.14020175 -0.00900000
v -0.08600000 0.14800000 -0.00900000
v -0.08600000 0.14502837 -0.00900000
v -0.08600000 0.14162925 -0.00900000
v -0.08475693 0.13360088 -0.00900000
v -0.08600000 0.13360088 -0.00900000
v -0.08600000 0.12189913 -0.00900000
v -0.06065112 0.11629825 -0.00900000
v -0.06115112 0.11643222 -0.00900000
v -0.06115112 0.11816427 -0.00900000
v -0.06065112 0.11829825 -0.00900000
v -0.05532556 0.12189913 -0.00900000
v -0.05978509 0.11679825 -0.00900000
v -0.06015112 0.11643222 -0.00900000
v -0.06151714 0.11679825 -0.00900000
v -0.06165111 0.11729825 -0.00900000
v -0.06151714 0.11779825 -0.00900000
v -0.06297152 0.11276038 -0.00900000
v -0.06015112 0.11816427 -0.00900000
v -0.05978509 0.11779825 -0.00900000
v -0.05965112 0.11729825 -0.00900000
v -0.05873217 0.10793368 -0.00900000
v -0.06229788 0.08702726 -0.00900000
v -0.03600000 0.08769841 -0.01200000
v -0.03600000 0.08769841 -0.00900000
v -0.03600000 0.08875133 -0.01200000
v -0.03600000 0.08875133 -0.00900000
v -0.03600000 0.09100000 -0.01200000
v -0.03600000 0.09100000 -0.00900000
v -0.02855556 0.09466237 -0.00900000
v -0.02855556 0.09466237 -0.01200000
v -0.01713160 0.08968093 -0.00900000
v -0.01713160 0.08968093 -0.01200000
v -0.00831907 0.08086839 -0.00900000
v -0.00831907 0.08086839 -0.01200000
v -0.00333763 0.06944444 -0.00900000
v -0.00333763 0.06944444 -0.01200000
v -0.04000000 0.09100000 -0.00900000
v -0.04000000 0.09100000 -0.01200000
v -0.04050000 0.09113398 -0.00900000
v -0.04050000 0.09113398 -0.01200000
v -0.04086602 0.09150000 -0.00900000
v -0.04086602 0.09150000 -0.01200000
v -0.04100000 0.09200000 -0.00900000
v -0.04100000 0.09200000 -0.01200000
v -0.04086602 0.09250000 -0.00900000
v -0.04086602 0.09250000 -0.01200000
v -0.04050000 0.09286603 -0.00900000
v -0.04050000 0.09286603 -0.01200000
v -0.04000000 0.09300000 -0.00900000
v -0.04000000 0.09300000 -0.01200000
v -0.03950000 0.09286603 -0.00900000
v -0.03950000 0.09286603 -0.01200000
v -0.03913397 0.09250000 -0.00900000
v -0.03913397 0.09250000 -0.01200000
v -0.03900000 0.09200000 -0.00900000
v -0.03900000 0.09200000 -0.01200000
v -0.05191407 0.09425509 -0.00900000
v -0.05191407 0.09425509 -0.01200000
v -0.05124332 0.09353165 -0.00900000
v -0.05124332 0.09353165 -0.01200000
v -0.05100000 0.09257558 -0.00900000
v -0.05100000 0.09257558 -0.01200000
v -0.06151610 0.16322044 -0.01200000
v -0.06229788 0.16233739 -0.01200000
v -0.06229788 0.16894588 -0.01200000
v -0.06229788 0.11199341 -0.01200000
v -0.06229788 0.11537075 -0.01200000
v -0.05532556 0.11537075 -0.01200000
v -0.06450000 0.11900000 -0.01200000
v -0.06450000 0.12189913 -0.01200000
v -0.06229788 0.12189913 -0.01200000
v -0.01620201 0.08875133 -0.01200000
v -0.01606037 0.08875133 -0.01200000
v -0.01606037 0.08860969 -0.01200000
v -0.01713160 0.08968093 -0.01200000
v -0.02038100 0.09109783 -0.01200000
v -0.01606037 0.09109783 -0.01200000
v -0.02103243 0.09766702 -0.01200000
v -0.02566810 0.09766702 -0.01200000
v -0.02566810 0.09949061 -0.01200000
v -0.01514909 0.08769841 -0.01200000
v -0.00831907 0.08086839 -0.01200000
v -0.00701012 0.08769841 -0.01200000
v -0.00075230 0.07803349 -0.01200000
v -0.00259782 0.07803349 -0.01200000
v -0.00259782 0.08272489 -0.01200000
v 0.00329712 0.06781109 -0.01200000
v 0.00372525 0.06745000 -0.01200000
v -0.00259782 0.06745000 -0.01200000
v -0.00350424 0.09109783 -0.01200000
v -0.00259782 0.09109783 -0.01200000
v -0.00259782 0.09019140 -0.01200000
v -0.07019735 0.09766702 -0.01200000
v -0.07653460 0.09766702 -0.01200000
v -0.07653460 0.10448321 -0.01200000
v -0.07251933 0.10728811 -0.01200000
v -0.07313432 0.10970456 -0.01200000
v -0.06676160 0.10970456 -0.01200000
v -0.02025271 0.10646587 -0.01200000
v -0.02038668 0.10596587 -0.01200000
v -0.02566810 0.10472041 -0.01200000
v 0.01114762 0.07803349 -0.01200000
v 0.00877681 0.07803349 -0.01200000
v 0.00877681 0.08343587 -0.01200000
v -0.04036511 0.09109783 -0.01200000
v -0.04000000 0.09100000 -0.01200000
v -0.04000000 0.08875133 -0.01200000
v -0.06480266 0.08769841 -0.01200000
v -0.06229788 0.08769841 -0.01200000
v -0.06229788 0.08702726 -0.01200000
v -0.04000000 0.15300000 -0.01200000
v -0.04000000 0.15200000 -0.01200000
v -0.04413398 0.15450000 -0.01200000
v 0.01261970 0.06980000 -0.01200000
v 0.01191812 0.07627774 -0.01200000
v 0.01283406 0.06900000 -0.01200000
v 0.01339380 0.06745000 -0.01200000
v 0.01261970 0.06820000 -0.01200000
v 0.01043406 0.07038564 -0.01200000
v 0.01123406 0.07060000 -0.01200000
v 0.01203406 0.07038564 -0.01200000
v 0.01236543 0.07013137 -0.01200000
v 0.00984842 0.06980000 -0.01200000
v 0.00963406 0.06900000 -0.01200000
v 0.00877681 0.06745000 -0.01200000
v 0.00984842 0.06820000 -0.01200000
v 0.01043406 0.06761436 -0.01200000
v 0.01104746 0.06745000 -0.01200000
v 0.00877681 0.06720000 -0.01200000
v 0.01123406 0.06740000 -0.01200000
v 0.01343559 0.06720000 -0.01200000
v 0.01142066 0.06745000 -0.01200000
v 0.01203406 0.06761436 -0.01200000
v -0.06229788 0.09109783 -0.01200000
v -0.06229788 0.08983519 -0.01200000
v -0.06244465 0.08979586 -0.01200000
v -0.06622232 0.09109783 -0.01200000
v -0.06229788 0.09263614 -0.01200000
v -0.05769385 0.09109783 -0.01200000
v -0.06107862 0.08842984 -0.01200000
v -0.06099248 0.08875133 -0.01200000
v -0.05532556 0.08875133 -0.01200000
v -0.06094464 0.08892984 -0.01200000
v -0.06107862 0.08942984 -0.01200000
v -0.06144464 0.08979586 -0.01200000
v -0.06194464 0.08992984 -0.01200000
v -0.05532556 0.08769841 -0.01200000
v -0.06194464 0.08792984 -0.01200000
v -0.06144464 0.08806381 -0.01200000
v -0.06244465 0.08806381 -0.01200000
v -0.06229788 0.08802449 -0.01200000
v -0.06281067 0.08942984 -0.01200000
v -0.06294464 0.08892984 -0.01200000
v -0.06622232 0.08875133 -0.01200000
v -0.06289681 0.08875133 -0.01200000
v -0.06281067 0.08842984 -0.01200000
v -0.03722476 0.09766702 -0.01200000
v -0.03722476 0.10400000 -0.01200000
v -0.03700000 0.10400000 -0.01200000
v -0.02933735 0.10093403 -0.01200000
v -0.03686602 0.10350000 -0.01200000
v -0.03650000 0.10313397 -0.01200000
v -0.03600000 0.10300000 -0.01200000
v -0.03550000 0.10313397 -0.01200000
v -0.03513397 0.10350000 -0.01200000
v -0.02635858 0.10970456 -0.01200000
v -0.03513397 0.10450000 -0.01200000
v -0.03550000 0.10486603 -0.01200000
v -0.03018891 0.10129712 -0.01200000
v -0.03078575 0.10200477 -0.01200000
v -0.02867059 0.10589225 -0.01200000
v -0.02953077 0.10584785 -0.01200000
v -0.03029251 0.10544581 -0.01200000
v -0.03081453 0.10476069 -0.01200000
v -0.03500000 0.10400000 -0.01200000
v -0.03100000 0.10391957 -0.01200000
v -0.03100000 0.10290538 -0.01200000
v -0.04050000 0.10313397 -0.01200000
v -0.04000000 0.10300000 -0.01200000
v -0.04000000 0.10970456 -0.01200000
v -0.04000000 0.10500000 -0.01200000
v -0.04550000 0.10970456 -0.01200000
v -0.04050000 0.10486603 -0.01200000
v -0.04086602 0.10450000 -0.01200000
v -0.04100000 0.10400000 -0.01200000
v -0.04550000 0.09766702 -0.01200000
v -0.04086602 0.10350000 -0.01200000
v -0.03900000 0.10400000 -0.01200000
v -0.03913397 0.10350000 -0.01200000
v -0.03950000 0.10313397 -0.01200000
v -0.04550000 0.12189913 -0.01200000
v -0.04450000 0.12700000 -0.01200000
v -0.04429904 0.12625000 -0.01200000
v -0.04225000 0.12570096 -0.01200000
v -0.04000000 0.12189913 -0.01200000
v -0.04300000 0.12550000 -0.01200000
v -0.04375000 0.12570096 -0.01200000
v -0.04170096 0.12775000 -0.01200000
v -0.04000000 0.13360088 -0.01200000
v -0.04150000 0.12700000 -0.01200000
v -0.04170096 0.12625000 -0.01200000
v -0.04225000 0.12829904 -0.01200000
v -0.04300000 0.12850000 -0.01200000
v -0.04550000 0.13360088 -0.01200000
v -0.04375000 0.12829904 -0.01200000
v -0.04429904 0.12775000 -0.01200000
v -0.04550000 0.14162925 -0.01200000
v -0.04000000 0.14162925 -0.01200000
v -0.04550000 0.14502837 -0.01200000
v -0.04450000 0.14700000 -0.01200000
v -0.04429904 0.14625000 -0.01200000
v -0.04225000 0.14570096 -0.01200000
v -0.04000000 0.14502837 -0.01200000
v -0.04300000 0.14550000 -0.01200000
v -0.04375000 0.14570096 -0.01200000
v -0.04170096 0.14625000 -0.01200000
v -0.04150000 0.14700000 -0.01200000
v -0.04550000 0.15200000 -0.01200000
v -0.04375000 0.14829904 -0.01200000
v -0.04429904 0.14775000 -0.01200000
v -0.04170096 0.14775000 -0.01200000
v -0.04225000 0.14829904 -0.01200000
v -0.04300000 0.14850000 -0.01200000
v -0.04586602 0.15450000 -0.01200000
v -0.04550000 0.15413398 -0.01200000
v -0.04500000 0.15400000 -0.01200000
v -0.04450000 0.15413398 -0.01200000
v -0.04100000 0.15473205 -0.01200000
v -0.04026795 0.15400000 -0.01200000
v -0.04200000 0.15500000 -0.01200000
v -0.04400000 0.15500000 -0.01200000
v -0.04950000 0.15700000 -0.01200000
v -0.04929904 0.15625000 -0.01200000
v -0.05532556 0.15200000 -0.01200000
v -0.04875000 0.15570096 -0.01200000
v -0.04800000 0.15550000 -0.01200000
v -0.04550000 0.16894588 -0.01200000
v -0.04725000 0.15829904 -0.01200000
v -0.04800000 0.15850000 -0.01200000
v -0.04600000 0.15500000 -0.01200000
v -0.04725000 0.15570096 -0.01200000
v -0.04586602 0.15550000 -0.01200000
v -0.04670096 0.15625000 -0.01200000
v -0.04550000 0.15586603 -0.01200000
v -0.04650000 0.15700000 -0.01200000
v -0.04670096 0.15775000 -0.01200000
v -0.05117634 0.16519947 -0.01200000
v -0.05167427 0.16587581 -0.01200000
v -0.05240597 0.16628809 -0.01200000
v -0.05532556 0.16894588 -0.01200000
v -0.05324242 0.16636359 -0.01200000
v -0.05532556 0.16557221 -0.01200000
v -0.05532556 0.16038616 -0.01200000
v -0.05274194 0.16138715 -0.01200000
v -0.04929904 0.15775000 -0.01200000
v -0.05185449 0.16173097 -0.01200000
v -0.04875000 0.15829904 -0.01200000
v -0.05122644 0.16244604 -0.01200000
v -0.05100000 0.16337042 -0.01200000
v -0.05100000 0.16437834 -0.01200000
v -0.04550000 0.17547030 -0.01200000
v -0.04500000 0.17547030 -0.01200000
v -0.04500000 0.16894588 -0.01200000
v -0.04500000 0.18200000 -0.01200000
v -0.04550000 0.18323205 -0.01200000
v -0.04526795 0.18300000 -0.01200000
v -0.05314545 0.17742188 -0.01200000
v -0.05532556 0.17669346 -0.01200000
v -0.04929904 0.18025000 -0.01200000
v -0.04800000 0.17950000 -0.01200000
v -0.04725000 0.17970096 -0.01200000
v -0.04950000 0.18100000 -0.01200000
v -0.04875000 0.17970096 -0.01200000
v -0.05163818 0.17689192 -0.01200000
v -0.05233660 0.17731395 -0.01200000
v -0.04670096 0.18025000 -0.01200000
v -0.04650000 0.18100000 -0.01200000
v -0.04670096 0.18175000 -0.01200000
v -0.04600000 0.18373205 -0.01200000
v -0.04725000 0.18229904 -0.01200000
v -0.04700000 0.18400000 -0.01200000
v -0.04800000 0.18250000 -0.01200000
v -0.05100000 0.18400000 -0.01200000
v -0.04875000 0.18229904 -0.01200000
v -0.05169430 0.18326306 -0.01200000
v -0.04929904 0.18175000 -0.01200000
v -0.05266056 0.18296059 -0.01200000
v -0.05532556 0.18213226 -0.01200000
v -0.05898640 0.17547030 -0.01200000
v -0.06229788 0.17996514 -0.01200000
v -0.06229788 0.17547030 -0.01200000
v -0.06622232 0.17547030 -0.01200000
v -0.06622232 0.17874535 -0.01200000
v -0.07161660 0.17547030 -0.01200000
v -0.06945016 0.17774208 -0.01200000
v -0.07256921 0.17251342 -0.01200000
v -0.07243523 0.17201343 -0.01200000
v -0.07653460 0.16894588 -0.01200000
v -0.07206921 0.17164739 -0.01200000
v -0.07156920 0.17151342 -0.01200000
v -0.07106920 0.17164739 -0.01200000
v -0.07055725 0.16894588 -0.01200000
v -0.06697192 0.17280217 -0.01200000
v -0.07070318 0.17201343 -0.01200000
v -0.07056920 0.17251342 -0.01200000
v -0.07070318 0.17301342 -0.01200000
v -0.07106920 0.17337944 -0.01200000
v -0.07156920 0.17351342 -0.01200000
v -0.07206921 0.17337944 -0.01200000
v -0.07243523 0.17301342 -0.01200000
v -0.07653460 0.17031316 -0.01200000
v -0.07783848 0.16894588 -0.01200000
v -0.08100692 0.16562337 -0.01200000
v -0.08100692 0.15200000 -0.01200000
v -0.07689808 0.16212583 -0.01200000
v -0.07653460 0.16251679 -0.01200000
v -0.08337987 0.11394326 -0.01200000
v -0.08351385 0.11344326 -0.01200000
v -0.08475693 0.11436078 -0.01200000
v -0.08337987 0.11294326 -0.01200000
v -0.08350930 0.10970456 -0.01200000
v -0.08301385 0.11257723 -0.01200000
v -0.08251385 0.11244326 -0.01200000
v -0.08201385 0.11257723 -0.01200000
v -0.08100692 0.10970456 -0.01200000
v -0.08164782 0.11294326 -0.01200000
v -0.08151384 0.11344326 -0.01200000
v -0.08164782 0.11394326 -0.01200000
v -0.08100692 0.11537075 -0.01200000
v -0.08201385 0.11430928 -0.01200000
v -0.08251385 0.11444326 -0.01200000
v -0.08600000 0.11900000 -0.01200000
v -0.08475693 0.12189913 -0.01200000
v -0.08502755 0.11537075 -0.01200000
v -0.08475693 0.11537075 -0.01200000
v -0.08301385 0.11430928 -0.01200000
v -0.08100692 0.10119604 -0.01200000
v -0.08131089 0.10150000 -0.01200000
v -0.07812978 0.10970456 -0.01200000
v -0.07090872 0.09109783 -0.01200000
v -0.06856222 0.08875133 -0.01200000
v -0.06850000 0.08868911 -0.01200000
v -0.06622232 0.08807881 -0.01200000
v -0.04200000 0.08400000 -0.01200000
v -0.04550000 0.08400000 -0.01200000
v -0.04550000 0.08769841 -0.01200000
v -0.05100000 0.08400000 -0.01200000
v -0.05532556 0.08515903 -0.01200000
v -0.04000000 0.08769841 -0.01200000
v -0.04000000 0.08600000 -0.01200000
v -0.04026795 0.08500000 -0.01200000
v -0.04100000 0.08426795 -0.01200000
v -0.04550000 0.08875133 -0.01200000
v -0.04550000 0.09109783 -0.01200000
v -0.04050000 0.09113398 -0.01200000
v -0.04086602 0.09150000 -0.01200000
v -0.03722476 0.09200000 -0.01200000
v -0.03900000 0.09200000 -0.01200000
v -0.03913397 0.09250000 -0.01200000
v -0.03950000 0.09286603 -0.01200000
v -0.04000000 0.09300000 -0.01200000
v -0.04050000 0.09286603 -0.01200000
v -0.04086602 0.09250000 -0.01200000
v -0.04100000 0.09200000 -0.01200000
v -0.03513397 0.09250000 -0.01200000
v -0.03550000 0.09286603 -0.01200000
v -0.03600000 0.09300000 -0.01200000
v -0.03700000 0.09200000 -0.01200000
v -0.03686602 0.09250000 -0.01200000
v -0.03650000 0.09286603 -0.01200000
v -0.03086653 0.09109783 -0.01200000
v -0.03513397 0.09150000 -0.01200000
v -0.03100000 0.09168585 -0.01200000
v -0.03500000 0.09200000 -0.01200000
v -0.03100000 0.09271238 -0.01200000
v -0.02855556 0.09466237 -0.01200000
v -0.02944549 0.09466213 -0.01200000
v -0.03024722 0.09427585 -0.01200000
v -0.03080200 0.09358000 -0.01200000
v -0.03600000 0.08875133 -0.01200000
v -0.03025444 0.09012817 -0.01200000
v -0.02945902 0.08973924 -0.01200000
v -0.03600000 0.09100000 -0.01200000
v -0.03563489 0.09109783 -0.01200000
v -0.03080401 0.09082240 -0.01200000
v -0.03550000 0.09113398 -0.01200000
v -0.02722392 0.08875133 -0.01200000
v -0.02566810 0.08769841 -0.01200000
v -0.03600000 0.08769841 -0.01200000
v -0.03416667 0.08392348 -0.01200000
v -0.03509474 0.08424274 -0.01200000
v -0.03281554 0.08596699 -0.01200000
v -0.03575919 0.08496507 -0.01200000
v -0.03294951 0.08646699 -0.01200000
v -0.03600000 0.08591652 -0.01200000
v -0.03281554 0.08696699 -0.01200000
v -0.03244952 0.08560096 -0.01200000
v -0.03194952 0.08546699 -0.01200000
v -0.02632861 0.08176017 -0.01200000
v -0.03144952 0.08560096 -0.01200000
v -0.03108349 0.08596699 -0.01200000
v -0.03094952 0.08646699 -0.01200000
v -0.03108349 0.08696699 -0.01200000
v -0.02566810 0.08126733 -0.01200000
v -0.03144952 0.08733302 -0.01200000
v -0.03194952 0.08746699 -0.01200000
v -0.03244952 0.08733302 -0.01200000
v -0.02566810 0.08806366 -0.01200000
v -0.02484175 0.08769841 -0.01200000
v -0.01988912 0.08550935 -0.01200000
v -0.02133404 0.07803349 -0.01200000
v -0.01606037 0.07803349 -0.01200000
v -0.01981169 0.07689760 -0.01200000
v -0.01606037 0.07088795 -0.01200000
v -0.01148406 0.06770096 -0.01200000
v -0.01093502 0.06825000 -0.01200000
v -0.00749847 0.06745000 -0.01200000
v -0.01223406 0.06750000 -0.01200000
v -0.01073406 0.06900000 -0.01200000
v -0.01093502 0.06975000 -0.01200000
v -0.00826076 0.06854098 -0.01200000
v -0.01245645 0.07803349 -0.01200000
v -0.01148406 0.07029904 -0.01200000
v -0.01223406 0.07050000 -0.01200000
v -0.01298406 0.07029904 -0.01200000
v -0.01353310 0.06975000 -0.01200000
v -0.01550610 0.07000000 -0.01200000
v -0.01373406 0.06900000 -0.01200000
v -0.01400000 0.06800000 -0.01200000
v -0.01353310 0.06825000 -0.01200000
v -0.01400000 0.06745000 -0.01200000
v -0.01298406 0.06770096 -0.01200000
v -0.00787183 0.06774556 -0.01200000
v -0.00718266 0.06720000 -0.01200000
v -0.01400000 0.06720000 -0.01200000
v -0.00528762 0.06700000 -0.01200000
v -0.00442000 0.06719800 -0.01200000
v -0.00259782 0.06200000 -0.01200000
v -0.01400000 0.06400000 -0.01200000
v -0.00717760 0.06719599 -0.01200000
v -0.01373205 0.06300000 -0.01200000
v -0.00631414 0.06700000 -0.01200000
v -0.01200000 0.06200000 -0.01200000
v -0.01300000 0.06226795 -0.01200000
v 0.01340169 0.06261556 -0.01200000
v 0.01274289 0.06216032 -0.01200000
v 0.01382909 0.06329276 -0.01200000
v 0.01195832 0.06200000 -0.01200000
v 0.01395658 0.06408333 -0.01200000
v 0.00125299 0.08634059 -0.01200000
v -0.00010483 0.08769841 -0.01200000
v 0.00685052 0.08769841 -0.01200000
v -0.00115774 0.08875133 -0.01200000
v 0.00579760 0.08875133 -0.01200000
v 0.00345110 0.09109783 -0.01200000
v -0.00090801 0.09426583 -0.01200000
v -0.00140801 0.09413185 -0.01200000
v -0.00259782 0.09714674 -0.01200000
v -0.00177403 0.09376583 -0.01200000
v -0.00190801 0.09326583 -0.01200000
v -0.00177403 0.09276583 -0.01200000
v -0.00140801 0.09239980 -0.01200000
v -0.00090801 0.09226583 -0.01200000
v -0.00040801 0.09239980 -0.01200000
v -0.00004198 0.09276583 -0.01200000
v 0.00009199 0.09326583 -0.01200000
v -0.00004198 0.09376583 -0.01200000
v -0.00040801 0.09413185 -0.01200000
v -0.01606037 0.10097063 -0.01200000
v -0.01606037 0.10663610 -0.01200000
v -0.01165941 0.09925299 -0.01200000
v -0.01040085 0.10494978 -0.01200000
v -0.01007343 0.09766702 -0.01200000
v -0.00311809 0.09766702 -0.01200000
v -0.01938668 0.10496587 -0.01200000
v -0.01988668 0.10509984 -0.01200000
v -0.02025271 0.10546587 -0.01200000
v -0.02566810 0.10949883 -0.01200000
v -0.01888668 0.10509984 -0.01200000
v -0.01852066 0.10546587 -0.01200000
v -0.01838668 0.10596587 -0.01200000
v -0.01852066 0.10646587 -0.01200000
v -0.01888668 0.10683189 -0.01200000
v -0.01938668 0.10696587 -0.01200000
v -0.01988668 0.10683189 -0.01200000
v -0.03600000 0.10995831 -0.01200000
v -0.03600000 0.10970456 -0.01200000
v -0.03600000 0.10500000 -0.01200000
v -0.03470724 0.11182909 -0.01200000
v -0.03391667 0.11195658 -0.01200000
v -0.03538444 0.11140169 -0.01200000
v -0.03583968 0.11074289 -0.01200000
v -0.06950000 0.12189913 -0.01200000
v -0.06950000 0.11900000 -0.01200000
v -0.07550000 0.11900000 -0.01200000
v -0.07457636 0.11537075 -0.01200000
v -0.06860591 0.11537075 -0.01200000
v -0.06738289 0.11040634 -0.01200000
v -0.05124332 0.09353165 -0.01200000
v -0.05191407 0.09425509 -0.01200000
v -0.05284906 0.09456987 -0.01200000
v -0.05532556 0.09766702 -0.01200000
v -0.05532556 0.09540364 -0.01200000
v -0.06204835 0.09766702 -0.01200000
v -0.05100000 0.09257558 -0.01200000
v -0.05100000 0.09157282 -0.01200000
v -0.05233660 0.08968605 -0.01200000
v -0.05314545 0.08957812 -0.01200000
v -0.05532556 0.09030654 -0.01200000
v -0.05163818 0.09010809 -0.01200000
v -0.05116647 0.09077396 -0.01200000
v -0.05109898 0.09109783 -0.01200000
v -0.07689808 0.10487417 -0.01200000
v -0.07747791 0.09766702 -0.01200000
v -0.07653460 0.09672371 -0.01200000
v -0.06697192 0.09419783 -0.01200000
v -0.06622232 0.09394737 -0.01200000
v -0.08100692 0.13360088 -0.01200000
v -0.08050000 0.12189913 -0.01200000
v -0.08100692 0.12189913 -0.01200000
v -0.08050000 0.11900000 -0.01200000
v -0.07957458 0.11537075 -0.01200000
v -0.08100692 0.14502837 -0.01200000
v -0.08050000 0.14162925 -0.01200000
v -0.08100692 0.14162925 -0.01200000
v -0.08050000 0.13360088 -0.01200000
v -0.07948005 0.15200000 -0.01200000
v -0.08050000 0.14800000 -0.01200000
v -0.08050000 0.14502837 -0.01200000
v -0.06229788 0.17436387 -0.01200000
v -0.06622232 0.17305262 -0.01200000
v -0.05191407 0.17274491 -0.01200000
v -0.05124332 0.17346834 -0.01200000
v -0.05284906 0.17243012 -0.01200000
v -0.04500000 0.15600000 -0.01200000
v -0.05100000 0.17442442 -0.01200000
v -0.05100000 0.17542718 -0.01200000
v -0.05100899 0.17547030 -0.01200000
v -0.05116647 0.17622604 -0.01200000
v -0.06229788 0.16924897 -0.01200000
v -0.05532556 0.17159636 -0.01200000
v -0.06319813 0.16894588 -0.01200000
v -0.06430259 0.16857404 -0.01200000
v -0.06622232 0.16650351 -0.01200000
v -0.06622232 0.15790457 -0.01200000
v -0.07251933 0.15971189 -0.01200000
v -0.06738289 0.15659367 -0.01200000
v -0.07448200 0.15200000 -0.01200000
v -0.06851457 0.15200000 -0.01200000
v -0.07550000 0.14800000 -0.01200000
v -0.06950000 0.14800000 -0.01200000
v -0.07550000 0.14502837 -0.01200000
v -0.06950000 0.14502837 -0.01200000
v -0.06950000 0.14162925 -0.01200000
v -0.07550000 0.14162925 -0.01200000
v -0.06950000 0.13360088 -0.01200000
v -0.07550000 0.13360088 -0.01200000
v -0.07550000 0.12189913 -0.01200000
v 0.00694978 0.08759915 -0.01200000
v 0.00449515 0.07803349 -0.01200000
v 0.00789225 0.06932941 -0.01200000
v 0.00784785 0.06846923 -0.01200000
v 0.00676069 0.06718547 -0.01200000
v 0.00677976 0.06720000 -0.01200000
v 0.00710787 0.06745000 -0.01200000
v 0.00744581 0.06770749 -0.01200000
v 0.00591957 0.06700000 -0.01200000
v 0.00877681 0.06200000 -0.01200000
v -0.00259782 0.06720000 -0.01200000
v 0.00406466 0.06720000 -0.01200000
v 0.00490538 0.06700000 -0.01200000
v 0.00400477 0.06721425 -0.01200000
v 0.00293404 0.06866265 -0.01200000
v -0.01040954 0.09109783 -0.01200000
v -0.00806304 0.08875133 -0.01200000
v -0.01434996 0.09503824 -0.01200000
v -0.01606037 0.09571109 -0.01200000
v -0.02566810 0.09340328 -0.01200000
v -0.00296176 0.08365004 -0.01200000
v -0.00708291 0.07803349 -0.01200000
v -0.00333763 0.06944444 -0.01200000
v -0.00333787 0.06855451 -0.01200000
v -0.00441748 0.06720000 -0.01200000
v -0.00410392 0.06745000 -0.01200000
v -0.00372415 0.06775278 -0.01200000
v -0.01249065 0.07811088 -0.01200000
v -0.01606037 0.08168060 -0.01200000
v -0.06229788 0.15200000 -0.01200000
v -0.06229788 0.15500659 -0.01200000
v -0.05873217 0.15906633 -0.01200000
v -0.06297152 0.15423962 -0.01200000
v -0.06352014 0.15200000 -0.01200000
v -0.06450000 0.14800000 -0.01200000
v -0.06361096 0.11537075 -0.01200000
v -0.06028756 0.10970456 -0.01200000
v -0.05532556 0.10661384 -0.01200000
v -0.05532556 0.10970456 -0.01200000
v -0.05274194 0.10561286 -0.01200000
v -0.05185449 0.10526903 -0.01200000
v -0.05122644 0.10455396 -0.01200000
v -0.06622232 0.10049649 -0.01200000
v -0.06622232 0.10909543 -0.01200000
v -0.06430259 0.09842596 -0.01200000
v -0.06229788 0.10466262 -0.01200000
v -0.06229788 0.09775103 -0.01200000
v -0.06151610 0.10377957 -0.01200000
v -0.05532556 0.10142779 -0.01200000
v -0.05324242 0.10063641 -0.01200000
v -0.05240597 0.10071192 -0.01200000
v -0.05167427 0.10112419 -0.01200000
v -0.05117634 0.10180052 -0.01200000
v -0.05100000 0.10262166 -0.01200000
v -0.05100000 0.10362958 -0.01200000
v -0.04000000 0.11537075 -0.01200000
v -0.04550000 0.11537075 -0.01200000
v -0.05873217 0.10793368 -0.01200000
v -0.06165111 0.11729825 -0.01200000
v -0.06151714 0.11679825 -0.01200000
v -0.06115112 0.11643222 -0.01200000
v -0.06065112 0.11629825 -0.01200000
v -0.06015112 0.11643222 -0.01200000
v -0.05978509 0.11679825 -0.01200000
v -0.05965112 0.11729825 -0.01200000
v -0.05532556 0.12189913 -0.01200000
v -0.06115112 0.11816427 -0.01200000
v -0.06151714 0.11779825 -0.01200000
v -0.05978509 0.11779825 -0.01200000
v -0.06015112 0.11816427 -0.01200000
v -0.06065112 0.11829825 -0.01200000
v -0.06297152 0.11276038 -0.01200000
v -0.06450000 0.13360088 -0.01200000
v -0.06229788 0.13360088 -0.01200000
v -0.05532556 0.13360088 -0.01200000
v -0.08475693 0.14162925 -0.01200000
v -0.08475693 0.13360088 -0.01200000
v -0.05532556 0.14162925 -0.01200000
v -0.06165111 0.13970175 -0.01200000
v -0.06151714 0.13920175 -0.01200000
v -0.06151714 0.14020175 -0.01200000
v -0.06229788 0.14162925 -0.01200000
v -0.06450000 0.14162925 -0.01200000
v -0.06115112 0.13883573 -0.01200000
v -0.06065112 0.13870175 -0.01200000
v -0.06015112 0.13883573 -0.01200000
v -0.05978509 0.13920175 -0.01200000
v -0.05965112 0.13970175 -0.01200000
v -0.05978509 0.14020175 -0.01200000
v -0.06015112 0.14056778 -0.01200000
v -0.06065112 0.14070175 -0.01200000
v -0.06115112 0.14056778 -0.01200000
v -0.06450000 0.14502837 -0.01200000
v -0.06229788 0.14502837 -0.01200000
v -0.05532556 0.14502837 -0.01200000
v -0.08251385 0.14255674 -0.01200000
v -0.08201385 0.14269072 -0.01200000
v -0.08201385 0.14442277 -0.01200000
v -0.08251385 0.14455674 -0.01200000
v -0.08301385 0.14269072 -0.01200000
v -0.08164782 0.14305674 -0.01200000
v -0.08151384 0.14355674 -0.01200000
v -0.08164782 0.14405674 -0.01200000
v -0.08301385 0.14442277 -0.01200000
v -0.08337987 0.14405674 -0.01200000
v -0.08475693 0.14502837 -0.01200000
v -0.08351385 0.14355674 -0.01200000
v -0.08337987 0.14305674 -0.01200000
v -0.08600000 0.12189913 -0.01200000
v -0.08600000 0.13360088 -0.01200000
v -0.08600000 0.14162925 -0.01200000
v -0.08600000 0.14502837 -0.01200000
v -0.08600000 0.14800000 -0.01200000
v -0.08475693 0.15200000 -0.01200000
v -0.08496205 0.15200000 -0.01200000
v -0.08475693 0.15279048 -0.01200000
v -0.08158395 0.16501829 -0.01200000
v -0.03700000 0.09200000 -0.01200000
v -0.03700000 0.09200000 -0.00900000
v -0.03722476 0.09200000 -0.01200000
v -0.03722476 0.09200000 -0.00900000
v -0.03900000 0.09200000 -0.01200000
v -0.03900000 0.09200000 -0.00900000
v -0.03600000 0.10500000 -0.00900000
v -0.03600000 0.10500000 -0.01200000
v -0.03550000 0.10486603 -0.00900000
v -0.03550000 0.10486603 -0.01200000
v -0.03513397 0.10450000 -0.00900000
v -0.03513397 0.10450000 -0.01200000
v -0.03500000 0.10400000 -0.00900000
v -0.03500000 0.10400000 -0.01200000
v -0.03513397 0.10350000 -0.00900000
v -0.03513397 0.10350000 -0.01200000
v -0.03550000 0.10313397 -0.00900000
v -0.03550000 0.10313397 -0.01200000
v -0.03600000 0.10300000 -0.00900000
v -0.03600000 0.10300000 -0.01200000
v -0.03650000 0.10313397 -0.00900000
v -0.03650000 0.10313397 -0.01200000
v -0.03686602 0.10350000 -0.00900000
v -0.03686602 0.10350000 -0.01200000
v -0.03700000 0.10400000 -0.00900000
v -0.03700000 0.10400000 -0.01200000
v -0.05100000 0.10262166 -0.00900000
v -0.05100000 0.10262166 -0.01200000
v -0.05117634 0.10180052 -0.00900000
v -0.05117634 0.10180052 -0.01200000
v -0.05167427 0.10112419 -0.00900000
v -0.05167427 0.10112419 -0.01200000
v -0.05240597 0.10071192 -0.00900000
v -0.05240597 0.10071192 -0.01200000
v -0.05324242 0.10063641 -0.00900000
v -0.05324242 0.10063641 -0.01200000
v -0.08151384 0.14355674 -0.01200000
v -0.08151384 0.14355674 -0.00900000
v -0.08164782 0.14405674 -0.01200000
v -0.08164782 0.14405674 -0.00900000
v -0.08201385 0.14442277 -0.01200000
v -0.08201385 0.14442277 -0.00900000
v -0.08251385 0.14455674 -0.01200000
v -0.08251385 0.14455674 -0.00900000
v -0.08301385 0.14442277 -0.01200000
v -0.08301385 0.14442277 -0.00900000
v -0.08337987 0.14405674 -0.01200000
v -0.08337987 0.14405674 -0.00900000
v -0.08351385 0.14355674 -0.01200000
v -0.08351385 0.14355674 -0.00900000
v -0.08337987 0.14305674 -0.01200000
v -0.08337987 0.14305674 -0.00900000
v -0.08301385 0.14269072 -0.01200000
v -0.08301385 0.14269072 -0.00900000
v -0.08251385 0.14255674 -0.01200000
v -0.08251385 0.14255674 -0.00900000
v -0.08201385 0.14269072 -0.01200000
v -0.08201385 0.14269072 -0.00900000
v -0.08164782 0.14305674 -0.01200000
v -0.08164782 0.14305674 -0.00900000
v -0.04500000 0.18200000 -0.01200000
v -0.04500000 0.18200000 -0.00900000
v -0.04500000 0.17547030 -0.01200000
v -0.04500000 0.17547030 -0.00900000
v -0.04500000 0.16894588 -0.01200000
v -0.04500000 0.16894588 -0.00900000
v -0.04500000 0.15600000 -0.01200000
v -0.04500000 0.15600000 -0.00900000
v 0.00293404 0.06866265 -0.00900000
v 0.00293404 0.06866265 -0.01200000
v -0.00296176 0.08365004 -0.01200000
v -0.00296176 0.08365004 -0.00900000
v -0.01434996 0.09503824 -0.01200000
v -0.01434996 0.09503824 -0.00900000
v -0.01400000 0.06720000 -0.01200000
v -0.01400000 0.06720000 -0.00900000
v -0.01400000 0.06745000 -0.01200000
v -0.01400000 0.06745000 -0.00900000
v -0.01400000 0.06800000 -0.01200000
v -0.01400000 0.06800000 -0.00900000
v -0.05100000 0.16337042 -0.00900000
v -0.05100000 0.16337042 -0.01200000
v -0.05122644 0.16244604 -0.00900000
v -0.05122644 0.16244604 -0.01200000
v -0.05185449 0.16173097 -0.00900000
v -0.05185449 0.16173097 -0.01200000
v 0.00694978 0.08759915 -0.00900000
v -0.01040085 0.10494978 -0.01200000
v -0.01040085 0.10494978 -0.00900000
v -0.03391667 0.11195658 -0.01200000
v -0.03391667 0.11195658 -0.00900000
v 0.01191812 0.07627774 -0.00900000
v 0.01191812 0.07627774 -0.01200000
v 0.00694978 0.08759915 -0.01200000
v -0.04950000 0.18100000 -0.00900000
v -0.04950000 0.18100000 -0.01200000
v -0.04929904 0.18175000 -0.00900000
v -0.04929904 0.18175000 -0.01200000
v -0.04875000 0.18229904 -0.00900000
v -0.04875000 0.18229904 -0.01200000
v -0.04800000 0.18250000 -0.00900000
v -0.04800000 0.18250000 -0.01200000
v -0.04725000 0.18229904 -0.00900000
v -0.04725000 0.18229904 -0.01200000
v -0.04670096 0.18175000 -0.00900000
v -0.04670096 0.18175000 -0.01200000
v -0.04650000 0.18100000 -0.00900000
v -0.04650000 0.18100000 -0.01200000
v -0.04670096 0.18025000 -0.00900000
v -0.04670096 0.18025000 -0.01200000
v -0.04725000 0.17970096 -0.00900000
v -0.04725000 0.17970096 -0.01200000
v -0.04800000 0.17950000 -0.00900000
v -0.04800000 0.17950000 -0.01200000
v -0.04875000 0.17970096 -0.00900000
v -0.04875000 0.17970096 -0.01200000
v -0.04929904 0.18025000 -0.00900000
v -0.04929904 0.18025000 -0.01200000
v 0.00490538 0.06700000 -0.00900000
v 0.00591957 0.06700000 -0.00900000
v 0.00490538 0.06700000 -0.01200000
v 0.00591957 0.06700000 -0.01200000
v -0.01400000 0.06800000 -0.00900000
v -0.01550610 0.07000000 -0.00900000
v -0.01400000 0.06800000 -0.01200000
v -0.01550610 0.07000000 -0.01200000
v -0.05324242 0.16636359 -0.00900000
v -0.05324242 0.16636359 -0.01200000
v -0.05240597 0.16628809 -0.00900000
v -0.05240597 0.16628809 -0.01200000
v -0.05167427 0.16587581 -0.00900000
v -0.05167427 0.16587581 -0.01200000
v -0.05117634 0.16519947 -0.00900000
v -0.05117634 0.16519947 -0.01200000
v -0.05100000 0.16437834 -0.00900000
v -0.05100000 0.16437834 -0.01200000
v 0.01283406 0.06900000 -0.01200000
v 0.01283406 0.06900000 -0.00900000
v 0.01261970 0.06980000 -0.01200000
v 0.01261970 0.06980000 -0.00900000
v 0.01236543 0.07013137 -0.01200000
v 0.01236543 0.07013137 -0.00900000
v 0.01203406 0.07038564 -0.01200000
v 0.01203406 0.07038564 -0.00900000
v 0.01123406 0.07060000 -0.01200000
v 0.01123406 0.07060000 -0.00900000
v 0.01043406 0.07038564 -0.01200000
v 0.01043406 0.07038564 -0.00900000
v 0.00984842 0.06980000 -0.01200000
v 0.00984842 0.06980000 -0.00900000
v 0.00963406 0.06900000 -0.01200000
v 0.00963406 0.06900000 -0.00900000
v 0.00984842 0.06820000 -0.01200000
v 0.00984842 0.06820000 -0.00900000
v 0.01043406 0.06761436 -0.01200000
v 0.01043406 0.06761436 -0.00900000
v 0.01123406 0.06740000 -0.01200000
v 0.01123406 0.06740000 -0.00900000
v 0.01203406 0.06761436 -0.01200000
v 0.01203406 0.06761436 -0.00900000
v 0.01261970 0.06820000 -0.01200000
v 0.01261970 0.06820000 -0.00900000
v -0.04950000 0.15700000 -0.00900000
v -0.04950000 0.15700000 -0.01200000
v -0.04929904 0.15775000 -0.00900000
v -0.04929904 0.15775000 -0.01200000
v -0.04875000 0.15829904 -0.00900000
v -0.04875000 0.15829904 -0.01200000
v -0.04800000 0.15850000 -0.00900000
v -0.04800000 0.15850000 -0.01200000
v -0.04725000 0.15829904 -0.00900000
v -0.04725000 0.15829904 -0.01200000
v -0.04670096 0.15775000 -0.00900000
v -0.04670096 0.15775000 -0.01200000
v -0.04650000 0.15700000 -0.00900000
v -0.04650000 0.15700000 -0.01200000
v -0.04670096 0.15625000 -0.00900000
v -0.04670096 0.15625000 -0.01200000
v -0.04725000 0.15570096 -0.00900000
v -0.04725000 0.15570096 -0.01200000
v -0.04800000 0.15550000 -0.00900000
v -0.04800000 0.15550000 -0.01200000
v -0.04875000 0.15570096 -0.00900000
v -0.04875000 0.15570096 -0.01200000
v -0.04929904 0.15625000 -0.00900000
v -0.04929904 0.15625000 -0.01200000
v -0.02867059 0.10589225 -0.00900000
v -0.02867059 0.10589225 -0.01200000
v -0.01165941 0.09925299 -0.00900000
v -0.01165941 0.09925299 -0.01200000
v 0.00125299 0.08634059 -0.00900000
v 0.00125299 0.08634059 -0.01200000
v 0.00789225 0.06932941 -0.00900000
v 0.00789225 0.06932941 -0.01200000
v -0.04400000 0.15500000 -0.00900000
v -0.04400000 0.15500000 -0.01200000
v -0.04413398 0.15450000 -0.00900000
v -0.04413398 0.15450000 -0.01200000
v -0.04450000 0.15413398 -0.00900000
v -0.04450000 0.15413398 -0.01200000
v -0.04500000 0.15400000 -0.00900000
v -0.04500000 0.15400000 -0.01200000
v -0.04550000 0.15413398 -0.00900000
v -0.04550000 0.15413398 -0.01200000
v -0.04586602 0.15450000 -0.00900000
v -0.04586602 0.15450000 -0.01200000
v -0.04600000 0.15500000 -0.00900000
v -0.04600000 0.15500000 -0.01200000
v -0.04586602 0.15550000 -0.00900000
v -0.04586602 0.15550000 -0.01200000
v -0.04550000 0.15586603 -0.00900000
v -0.04550000 0.15586603 -0.01200000
v -0.04500000 0.15600000 -0.00900000
v -0.04500000 0.15600000 -0.01200000
v -0.05185449 0.10526903 -0.00900000
v -0.05185449 0.10526903 -0.01200000
v -0.05122644 0.10455396 -0.00900000
v -0.05122644 0.10455396 -0.01200000
v -0.05100000 0.10362958 -0.00900000
v -0.05100000 0.10362958 -0.01200000
v -0.08600000 0.14800000 -0.01200000
v -0.08600000 0.14800000 -0.00900000
v -0.08158395 0.16501829 -0.00900000
v -0.08158395 0.16501829 -0.01200000
v -0.06945016 0.17774208 -0.00900000
v -0.06945016 0.17774208 -0.01200000
v -0.05266056 0.18296059 -0.00900000
v -0.05266056 0.18296059 -0.01200000
v -0.05965112 0.11729825 -0.01200000
v -0.05965112 0.11729825 -0.00900000
v -0.05978509 0.11779825 -0.01200000
v -0.05978509 0.11779825 -0.00900000
v -0.06015112 0.11816427 -0.01200000
v -0.06015112 0.11816427 -0.00900000
v -0.06065112 0.11829825 -0.01200000
v -0.06065112 0.11829825 -0.00900000
v -0.06115112 0.11816427 -0.01200000
v -0.06115112 0.11816427 -0.00900000
v -0.06151714 0.11779825 -0.01200000
v -0.06151714 0.11779825 -0.00900000
v -0.06165111 0.11729825 -0.01200000
v -0.06165111 0.11729825 -0.00900000
v -0.06151714 0.11679825 -0.01200000
v -0.06151714 0.11679825 -0.00900000
v -0.06115112 0.11643222 -0.01200000
v -0.06115112 0.11643222 -0.00900000
v -0.06065112 0.11629825 -0.01200000
v -0.06065112 0.11629825 -0.00900000
v -0.06015112 0.11643222 -0.01200000
v -0.06015112 0.11643222 -0.00900000
v -0.05978509 0.11679825 -0.01200000
v -0.05978509 0.11679825 -0.00900000
v -0.04700000 0.18400000 -0.01200000
v -0.05100000 0.18400000 -0.01200000
v -0.04700000 0.18400000 -0.00900000
v -0.05100000 0.18400000 -0.00900000
v -0.05100000 0.17442442 -0.00900000
v -0.05100000 0.17442442 -0.01200000
v -0.05124332 0.17346834 -0.00900000
v -0.05124332 0.17346834 -0.01200000
v -0.05191407 0.17274491 -0.00900000
v -0.05191407 0.17274491 -0.01200000
v -0.05284906 0.17243012 -0.00900000
v -0.05284906 0.17243012 -0.01200000
v -0.03600000 0.10995831 -0.01200000
v -0.03600000 0.10995831 -0.00900000
v -0.03583968 0.11074289 -0.00900000
v -0.03583968 0.11074289 -0.01200000
v -0.03538444 0.11140169 -0.00900000
v -0.03538444 0.11140169 -0.01200000
v -0.03470724 0.11182909 -0.00900000
v -0.03470724 0.11182909 -0.01200000
v -0.08600000 0.14502837 -0.00900000
v -0.08600000 0.14502837 -0.01200000
v -0.08600000 0.14162925 -0.00900000
v -0.08600000 0.14162925 -0.01200000
v -0.08600000 0.13360088 -0.00900000
v -0.08600000 0.13360088 -0.01200000
v -0.08600000 0.12189913 -0.00900000
v -0.08600000 0.12189913 -0.01200000
v -0.08600000 0.11900000 -0.00900000
v -0.08600000 0.11900000 -0.01200000
v -0.05965112 0.13970175 -0.01200000
v -0.05965112 0.13970175 -0.00900000
v -0.05978509 0.14020175 -0.01200000
v -0.05978509 0.14020175 -0.00900000
v -0.06015112 0.14056778 -0.01200000
v -0.06015112 0.14056778 -0.00900000
v -0.06065112 0.14070175 -0.01200000
v -0.06065112 0.14070175 -0.00900000
v -0.06115112 0.14056778 -0.01200000
v -0.06115112 0.14056778 -0.00900000
v -0.06151714 0.14020175 -0.01200000
v -0.06151714 0.14020175 -0.00900000
v -0.06165111 0.13970175 -0.01200000
v -0.06165111 0.13970175 -0.00900000
v -0.06151714 0.13920175 -0.01200000
v -0.06151714 0.13920175 -0.00900000
v -0.06115112 0.13883573 -0.01200000
v -0.06115112 0.13883573 -0.00900000
v -0.06065112 0.13870175 -0.01200000
v -0.06065112 0.13870175 -0.00900000
v -0.06015112 0.13883573 -0.01200000
v -0.06015112 0.13883573 -0.00900000
v -0.05978509 0.13920175 -0.01200000
v -0.05978509 0.13920175 -0.00900000
v -0.06950000 0.14800000 -0.00900000
v -0.06950000 0.14800000 -0.01200000
v -0.06738289 0.15659367 -0.00900000
v -0.06738289 0.15659367 -0.01200000
v -0.06151610 0.16322044 -0.00900000
v -0.06151610 0.16322044 -0.01200000
v -0.06430259 0.16857404 -0.01200000
v -0.06430259 0.16857404 -0.00900000
v -0.07251933 0.15971189 -0.01200000
v -0.07251933 0.15971189 -0.00900000
v -0.07550000 0.14800000 -0.01200000
v -0.07550000 0.14800000 -0.00900000
v -0.05314545 0.17742188 -0.00900000
v -0.05314545 0.17742188 -0.01200000
v -0.05233660 0.17731395 -0.00900000
v -0.05233660 0.17731395 -0.01200000
v -0.05163818 0.17689192 -0.00900000
v -0.05163818 0.17689192 -0.01200000
v -0.05116647 0.17622604 -0.00900000
v -0.05116647 0.17622604 -0.01200000
v -0.05100000 0.17542718 -0.00900000
v -0.05100000 0.17542718 -0.01200000
v -0.04000000 0.15300000 -0.00900000
v -0.04000000 0.15300000 -0.01200000
v -0.04026795 0.15400000 -0.01200000
v -0.04026795 0.15400000 -0.00900000
v -0.04100000 0.15473205 -0.01200000
v -0.04100000 0.15473205 -0.00900000
v -0.04200000 0.15500000 -0.01200000
v -0.04200000 0.15500000 -0.00900000
v -0.05100000 0.08400000 -0.01200000
v -0.05100000 0.08400000 -0.00900000
v -0.06850000 0.08868911 -0.00900000
v -0.06850000 0.08868911 -0.01200000
v -0.08131089 0.10150000 -0.00900000
v -0.08131089 0.10150000 -0.01200000
v -0.01838668 0.10596587 -0.01200000
v -0.01838668 0.10596587 -0.00900000
v -0.01852066 0.10646587 -0.01200000
v -0.01852066 0.10646587 -0.00900000
v -0.01888668 0.10683189 -0.01200000
v -0.01888668 0.10683189 -0.00900000
v -0.01938668 0.10696587 -0.01200000
v -0.01938668 0.10696587 -0.00900000
v -0.01988668 0.10683189 -0.01200000
v -0.01988668 0.10683189 -0.00900000
v -0.02025271 0.10646587 -0.01200000
v -0.02025271 0.10646587 -0.00900000
v -0.02038668 0.10596587 -0.01200000
v -0.02038668 0.10596587 -0.00900000
v -0.02025271 0.10546587 -0.01200000
v -0.02025271 0.10546587 -0.00900000
v -0.01988668 0.10509984 -0.01200000
v -0.01988668 0.10509984 -0.00900000
v -0.01938668 0.10496587 -0.01200000
v -0.01938668 0.10496587 -0.00900000
v -0.01888668 0.10509984 -0.01200000
v -0.01888668 0.10509984 -0.00900000
v -0.01852066 0.10546587 -0.01200000
v -0.01852066 0.10546587 -0.00900000
v -0.06950000 0.14502837 -0.01200000
v -0.06950000 0.14502837 -0.00900000
v -0.06950000 0.14162925 -0.01200000
v -0.06950000 0.14162925 -0.00900000
v -0.06950000 0.13360088 -0.01200000
v -0.06950000 0.13360088 -0.00900000
v -0.06950000 0.12189913 -0.01200000
v -0.06950000 0.12189913 -0.00900000
v -0.06950000 0.11900000 -0.01200000
v -0.06950000 0.11900000 -0.00900000
v -0.05100000 0.17442442 -0.00900000
v -0.05100000 0.17542718 -0.00900000
v -0.05100000 0.17442442 -0.01200000
v -0.05100000 0.17542718 -0.01200000
v -0.05100000 0.09157282 -0.00900000
v -0.05100000 0.09157282 -0.01200000
v -0.05116647 0.09077396 -0.00900000
v -0.05116647 0.09077396 -0.01200000
v -0.05163818 0.09010809 -0.00900000
v -0.05163818 0.09010809 -0.01200000
v -0.05233660 0.08968605 -0.00900000
v -0.05233660 0.08968605 -0.01200000
v -0.04526795 0.18300000 -0.01200000
v -0.04526795 0.18300000 -0.00900000
v -0.04600000 0.18373205 -0.01200000
v -0.04600000 0.18373205 -0.00900000
v -0.04200000 0.08400000 -0.01200000
v -0.04200000 0.08400000 -0.00900000
v -0.04550000 0.08400000 -0.01200000
v -0.04550000 0.08400000 -0.00900000
v 0.00009199 0.09326583 -0.01200000
v 0.00009199 0.09326583 -0.00900000
v -0.00004198 0.09376583 -0.01200000
v -0.00004198 0.09376583 -0.00900000
v -0.00040801 0.09413185 -0.01200000
v -0.00040801 0.09413185 -0.00900000
v -0.00090801 0.09426583 -0.01200000
v -0.00090801 0.09426583 -0.00900000
v -0.00140801 0.09413185 -0.01200000
v -0.00140801 0.09413185 -0.00900000
v -0.00177403 0.09376583 -0.01200000
v -0.00177403 0.09376583 -0.00900000
v -0.00190801 0.09326583 -0.01200000
v -0.00190801 0.09326583 -0.00900000
v -0.00177403 0.09276583 -0.01200000
v -0.00177403 0.09276583 -0.00900000
v -0.00140801 0.09239980 -0.01200000
v -0.00140801 0.09239980 -0.00900000
v -0.00090801 0.09226583 -0.01200000
v -0.00090801 0.09226583 -0.00900000
v -0.00040801 0.09239980 -0.01200000
v -0.00040801 0.09239980 -0.00900000
v -0.00004198 0.09276583 -0.01200000
v -0.00004198 0.09276583 -0.00900000
v -0.06151610 0.10377957 -0.00900000
v -0.06151610 0.10377957 -0.01200000
v -0.06738289 0.11040634 -0.00900000
v -0.06738289 0.11040634 -0.01200000
v -0.08050000 0.14800000 -0.00900000
v -0.08050000 0.14800000 -0.01200000
v -0.07689808 0.16212583 -0.00900000
v -0.07689808 0.16212583 -0.01200000
v -0.06697192 0.17280217 -0.00900000
v -0.06697192 0.17280217 -0.01200000
v 0.00490538 0.06700000 -0.00900000
v 0.00490538 0.06700000 -0.01200000
v 0.00400477 0.06721425 -0.00900000
v 0.00400477 0.06721425 -0.01200000
v 0.00329712 0.06781109 -0.00900000
v 0.00329712 0.06781109 -0.01200000
v -0.05100000 0.18400000 -0.00900000
v -0.05100000 0.18400000 -0.01200000
v -0.05169430 0.18326306 -0.00900000
v -0.05169430 0.18326306 -0.01200000
v -0.05266056 0.18296059 -0.00900000
v -0.05266056 0.18296059 -0.01200000
v -0.01550610 0.07000000 -0.01200000
v -0.01550610 0.07000000 -0.00900000
v -0.01981169 0.07689760 -0.01200000
v -0.01981169 0.07689760 -0.00900000
v -0.02632861 0.08176017 -0.01200000
v -0.02632861 0.08176017 -0.00900000
v -0.03416667 0.08392348 -0.01200000
v -0.03416667 0.08392348 -0.00900000
v -0.04000000 0.15200000 -0.01200000
v -0.04000000 0.15200000 -0.00900000
v -0.04000000 0.14502837 -0.01200000
v -0.04000000 0.14502837 -0.00900000
v -0.04000000 0.14162925 -0.01200000
v -0.04000000 0.14162925 -0.00900000
v -0.04000000 0.13360088 -0.01200000
v -0.04000000 0.13360088 -0.00900000
v -0.04000000 0.12189913 -0.01200000
v -0.04000000 0.12189913 -0.00900000
v -0.04000000 0.11537075 -0.01200000
v -0.04000000 0.11537075 -0.00900000
v -0.04000000 0.10970456 -0.01200000
v -0.04000000 0.10970456 -0.00900000
v -0.04000000 0.10500000 -0.01200000
v -0.04000000 0.10500000 -0.00900000
v -0.05100000 0.10262166 -0.00900000
v -0.05100000 0.10362958 -0.00900000
v -0.05100000 0.10262166 -0.01200000
v -0.05100000 0.10362958 -0.01200000
v -0.08050000 0.14502837 -0.01200000
v -0.08050000 0.14502837 -0.00900000
v -0.08050000 0.14162925 -0.01200000
v -0.08050000 0.14162925 -0.00900000
v -0.08050000 0.13360088 -0.01200000
v -0.08050000 0.13360088 -0.00900000
v -0.08050000 0.12189913 -0.01200000
v -0.08050000 0.12189913 -0.00900000
v 0.00789225 0.06932941 -0.00900000
v 0.00789225 0.06932941 -0.01200000
v 0.00784785 0.06846923 -0.00900000
v 0.00784785 0.06846923 -0.01200000
v 0.00744581 0.06770749 -0.00900000
v 0.00744581 0.06770749 -0.01200000
v 0.00676069 0.06718547 -0.00900000
v 0.00676069 0.06718547 -0.01200000
v 0.00591957 0.06700000 -0.00900000
v 0.00591957 0.06700000 -0.01200000
v -0.04200000 0.08400000 -0.00900000
v -0.04200000 0.08400000 -0.01200000
v -0.04100000 0.08426795 -0.01200000
v -0.04100000 0.08426795 -0.00900000
v -0.04026795 0.08500000 -0.01200000
v -0.04026795 0.08500000 -0.00900000
v 0.03600000 0.15211748 0.07659220
v 0.04000000 0.15211748 0.07659220
v 0.04000000 0.15901429 0.08131686
v 0.03600000 0.15901429 0.08131686
v 0.04000000 0.16731583 0.08230312
v 0.03600000 0.16731583 0.08230312
v 0.04000000 0.17512765 0.07932590
v 0.03600000 0.17512765 0.07932590
v 0.04000000 0.18066702 0.07306462
v 0.03600000 0.18066702 0.07306462
v 0.04000000 0.18266985 0.06494816
v 0.03600000 0.18266985 0.06494816
v 0.04000000 0.18067905 0.05682873
v 0.03600000 0.18067905 0.05682873
v 0.04000000 0.17514895 0.05055926
v 0.03600000 0.17514895 0.05055926
v 0.04000000 0.16734155 0.04757047
v 0.03600000 0.16734155 0.04757047
v 0.04000000 0.15903856 0.04854443
v 0.03600000 0.15903856 0.04854443
v 0.04000000 0.15213477 0.05325887
v 0.03600000 0.15213477 0.05325887
v 0.04000000 0.10016246 0.07488705
v 0.04000000 0.09516346 0.07354360
v 0.04000000 0.09417461 0.07255329
v 0.04000000 0.10266666 0.06921903
v 0.04000000 0.10382264 0.06806476
v 0.04000000 0.12774251 0.06808248
v 0.04000000 0.10449814 0.06739026
v 0.04000000 0.10516987 0.06489076
v 0.04000000 0.10450185 0.06239026
v 0.04000000 0.12774721 0.06173248
v 0.04000000 0.09101826 0.06805528
v 0.04000000 0.09651239 0.06805935
v 0.04000000 0.09150592 0.06988064
v 0.04000000 0.09766666 0.06921533
v 0.04000000 0.10016617 0.06988705
v 0.04000000 0.12773918 0.07257815
v 0.04000000 0.10382735 0.06171476
v 0.04000000 0.10267308 0.06055878
v 0.04000000 0.12775054 0.05723681
v 0.04000000 0.10017357 0.05988706
v 0.04000000 0.09418597 0.05721195
v 0.04000000 0.09767308 0.06055508
v 0.04000000 0.09151332 0.05988064
v 0.04000000 0.09651710 0.06170935
v 0.04000000 0.09102296 0.06170528
v 0.04000000 0.09584160 0.06238385
v 0.04000000 0.09016987 0.06487965
v 0.04000000 0.09516987 0.06488335
v 0.04000000 0.09583789 0.06738385
v 0.04000000 0.09517629 0.05622310
v 0.04000000 0.10017728 0.05488706
v 0.04000000 0.12773746 0.07490747
v 0.04000000 0.14839194 0.07492277
v 0.04000000 0.15503918 0.07259837
v 0.04000000 0.15043286 0.07535993
v 0.04000000 0.15773706 0.07545190
v 0.04000000 0.15724256 0.07594567
v 0.04000000 0.15503474 0.07859067
v 0.04000000 0.15211748 0.07659220
v 0.04000000 0.15706119 0.07662054
v 0.04000000 0.15724156 0.07729567
v 0.04000000 0.15738411 0.08020011
v 0.04000000 0.15773533 0.07779017
v 0.04000000 0.15841019 0.07797154
v 0.04000000 0.15908533 0.07779117
v 0.04000000 0.16515854 0.08020586
v 0.04000000 0.15957983 0.07729740
v 0.04000000 0.15976119 0.07662254
v 0.04000000 0.15958083 0.07594740
v 0.04000000 0.16516417 0.07260587
v 0.04000000 0.15908706 0.07545290
v 0.04000000 0.15841219 0.07527154
v 0.04000000 0.16515718 0.08204666
v 0.04000000 0.15901429 0.08131686
v 0.04000000 0.17280388 0.08021153
v 0.04000000 0.16731583 0.08230312
v 0.04000000 0.17074255 0.07595567
v 0.04000000 0.17056119 0.07663053
v 0.04000000 0.17326119 0.07663253
v 0.04000000 0.17308083 0.07595740
v 0.04000000 0.17528917 0.07261336
v 0.04000000 0.17258706 0.07546290
v 0.04000000 0.17191219 0.07528153
v 0.04000000 0.17123706 0.07546190
v 0.04000000 0.17258533 0.07780117
v 0.04000000 0.17512765 0.07932590
v 0.04000000 0.17307983 0.07730740
v 0.04000000 0.17528433 0.07914880
v 0.04000000 0.17074155 0.07730567
v 0.04000000 0.17123533 0.07780017
v 0.04000000 0.17191019 0.07798153
v 0.04000000 0.18077738 0.07261743
v 0.04000000 0.18066702 0.07306462
v 0.04000000 0.17799572 0.06377556
v 0.04000000 0.17750121 0.06426933
v 0.04000000 0.17529720 0.06176770
v 0.04000000 0.17529250 0.06811769
v 0.04000000 0.17731985 0.06494419
v 0.04000000 0.17750021 0.06561933
v 0.04000000 0.17867085 0.06359519
v 0.04000000 0.18189123 0.06177258
v 0.04000000 0.17934572 0.06377656
v 0.04000000 0.18188653 0.06812258
v 0.04000000 0.17983848 0.06562106
v 0.04000000 0.18266985 0.06494816
v 0.04000000 0.18001985 0.06494619
v 0.04000000 0.17983948 0.06427106
v 0.04000000 0.17799399 0.06611383
v 0.04000000 0.17866885 0.06629519
v 0.04000000 0.17934399 0.06611483
v 0.04000000 0.17075987 0.05257299
v 0.04000000 0.17057851 0.05324786
v 0.04000000 0.16517553 0.05726453
v 0.04000000 0.16518252 0.04782373
v 0.04000000 0.16734155 0.04757047
v 0.04000000 0.17125438 0.05207922
v 0.04000000 0.17260264 0.05441849
v 0.04000000 0.17309715 0.05392472
v 0.04000000 0.17530053 0.05727203
v 0.04000000 0.17530537 0.05073659
v 0.04000000 0.18078874 0.05727609
v 0.04000000 0.18067905 0.05682873
v 0.04000000 0.17327851 0.05324986
v 0.04000000 0.17309815 0.05257472
v 0.04000000 0.17514895 0.05055926
v 0.04000000 0.17260438 0.05208022
v 0.04000000 0.17192951 0.05189886
v 0.04000000 0.17075887 0.05392299
v 0.04000000 0.17125264 0.05441749
v 0.04000000 0.17192751 0.05459886
v 0.04000000 0.15707851 0.05323786
v 0.04000000 0.15725888 0.05391299
v 0.04000000 0.15505054 0.05725703
v 0.04000000 0.15775265 0.05440749
v 0.04000000 0.15842751 0.05458886
v 0.04000000 0.15910265 0.05440849
v 0.04000000 0.15959715 0.05391472
v 0.04000000 0.15977851 0.05323986
v 0.04000000 0.15959815 0.05256472
v 0.04000000 0.15910438 0.05207022
v 0.04000000 0.15903856 0.04854443
v 0.04000000 0.15842951 0.05188886
v 0.04000000 0.15505498 0.05126473
v 0.04000000 0.15775438 0.05206922
v 0.04000000 0.15725988 0.05256299
v 0.04000000 0.15213477 0.05325887
v 0.04000000 0.15044832 0.05448864
v 0.04000000 0.12775227 0.05490748
v 0.04000000 0.14840675 0.05492278
v 0.04000000 0.16517220 0.06176020
v 0.04000000 0.15504721 0.06175270
v 0.04000000 0.15031986 0.06492420
v 0.04000000 0.15050022 0.06559933
v 0.04000000 0.15301986 0.06492620
v 0.04000000 0.15283949 0.06425106
v 0.04000000 0.15050122 0.06424933
v 0.04000000 0.15234572 0.06375656
v 0.04000000 0.15167086 0.06357520
v 0.04000000 0.15099572 0.06375556
v 0.04000000 0.15099399 0.06609383
v 0.04000000 0.15166886 0.06627520
v 0.04000000 0.15504250 0.06810270
v 0.04000000 0.15234399 0.06609483
v 0.04000000 0.15283849 0.06560106
v 0.04000000 0.16516750 0.06811019
v 0.04000000 0.10016617 0.06988705
v 0.03600000 0.10016617 0.06988705
v 0.04000000 0.10266666 0.06921903
v 0.03600000 0.10266666 0.06921903
v 0.04000000 0.10449814 0.06739026
v 0.03600000 0.10449814 0.06739026
v 0.04000000 0.10516987 0.06489076
v 0.03600000 0.10516987 0.06489076
v 0.04000000 0.10450185 0.06239026
v 0.03600000 0.10450185 0.06239026
v 0.04000000 0.10267308 0.06055878
v 0.03600000 0.10267308 0.06055878
v 0.04000000 0.10017357 0.05988706
v 0.03600000 0.10017357 0.05988706
v 0.04000000 0.09767308 0.06055508
v 0.03600000 0.09767308 0.06055508
v 0.04000000 0.09584160 0.06238385
v 0.03600000 0.09584160 0.06238385
v 0.04000000 0.09516987 0.06488335
v 0.03600000 0.09516987 0.06488335
v 0.04000000 0.09583789 0.06738385
v 0.03600000 0.09583789 0.06738385
v 0.04000000 0.09766666 0.06921533
v 0.03600000 0.09766666 0.06921533
v 0.03600000 0.17867085 0.06359519
v 0.04000000 0.17867085 0.06359519
v 0.03600000 0.17934572 0.06377656
v 0.04000000 0.17934572 0.06377656
v 0.03600000 0.17983948 0.06427106
v 0.04000000 0.17983948 0.06427106
v 0.03600000 0.18001985 0.06494619
v 0.04000000 0.18001985 0.06494619
v 0.03600000 0.17983848 0.06562106
v 0.04000000 0.17983848 0.06562106
v 0.03600000 0.17934399 0.06611483
v 0.04000000 0.17934399 0.06611483
v 0.03600000 0.17866885 0.06629519
v 0.04000000 0.17866885 0.06629519
v 0.03600000 0.17799399 0.06611383
v 0.04000000 0.17799399 0.06611383
v 0.03600000 0.17750021 0.06561933
v 0.04000000 0.17750021 0.06561933
v 0.03600000 0.17731985 0.06494419
v 0.04000000 0.17731985 0.06494419
v 0.03600000 0.17750121 0.06426933
v 0.04000000 0.17750121 0.06426933
v 0.03600000 0.17799572 0.06377556
v 0.04000000 0.17799572 0.06377556
v 0.03600000 0.17191219 0.07528153
v 0.04000000 0.17191219 0.07528153
v 0.03600000 0.17258706 0.07546290
v 0.04000000 0.17258706 0.07546290
v 0.03600000 0.17308083 0.07595740
v 0.04000000 0.17308083 0.07595740
v 0.03600000 0.17326119 0.07663253
v 0.04000000 0.17326119 0.07663253
v 0.03600000 0.17307983 0.07730740
v 0.04000000 0.17307983 0.07730740
v 0.03600000 0.17258533 0.07780117
v 0.04000000 0.17258533 0.07780117
v 0.03600000 0.17191019 0.07798153
v 0.04000000 0.17191019 0.07798153
v 0.03600000 0.17123533 0.07780017
v 0.04000000 0.17123533 0.07780017
v 0.03600000 0.17074155 0.07730567
v 0.04000000 0.17074155 0.07730567
v 0.03600000 0.17056119 0.07663053
v 0.04000000 0.17056119 0.07663053
v 0.03600000 0.17074255 0.07595567
v 0.04000000 0.17074255 0.07595567
v 0.03600000 0.17123706 0.07546190
v 0.04000000 0.17123706 0.07546190
v 0.03600000 0.15841219 0.07527154
v 0.04000000 0.15841219 0.07527154
v 0.03600000 0.15908706 0.07545290
v 0.04000000 0.15908706 0.07545290
v 0.03600000 0.15958083 0.07594740
v 0.04000000 0.15958083 0.07594740
v 0.03600000 0.15976119 0.07662254
v 0.04000000 0.15976119 0.07662254
v 0.03600000 0.15957983 0.07729740
v 0.04000000 0.15957983 0.07729740
v 0.03600000 0.15908533 0.07779117
v 0.04000000 0.15908533 0.07779117
v 0.03600000 0.15841019 0.07797154
v 0.04000000 0.15841019 0.07797154
v 0.03600000 0.15773533 0.07779017
v 0.04000000 0.15773533 0.07779017
v 0.03600000 0.15724156 0.07729567
v 0.04000000 0.15724156 0.07729567
v 0.03600000 0.15706119 0.07662054
v 0.04000000 0.15706119 0.07662054
v 0.03600000 0.15724256 0.07594567
v 0.04000000 0.15724256 0.07594567
v 0.03600000 0.15773706 0.07545190
v 0.04000000 0.15773706 0.07545190
v 0.03600000 0.15167086 0.06357520
v 0.04000000 0.15167086 0.06357520
v 0.03600000 0.15234572 0.06375656
v 0.04000000 0.15234572 0.06375656
v 0.03600000 0.15283949 0.06425106
v 0.04000000 0.15283949 0.06425106
v 0.03600000 0.15301986 0.06492620
v 0.04000000 0.15301986 0.06492620
v 0.03600000 0.15283849 0.06560106
v 0.04000000 0.15283849 0.06560106
v 0.03600000 0.15234399 0.06609483
v 0.04000000 0.15234399 0.06609483
v 0.03600000 0.15166886 0.06627520
v 0.04000000 0.15166886 0.06627520
v 0.03600000 0.15099399 0.06609383
v 0.04000000 0.15099399 0.06609383
v 0.03600000 0.15050022 0.06559933
v 0.04000000 0.15050022 0.06559933
v 0.03600000 0.15031986 0.06492420
v 0.04000000 0.15031986 0.06492420
v 0.03600000 0.15050122 0.06424933
v 0.04000000 0.15050122 0.06424933
v 0.03600000 0.15099572 0.06375556
v 0.04000000 0.15099572 0.06375556
v 0.03600000 0.15842951 0.05188886
v 0.04000000 0.15842951 0.05188886
v 0.03600000 0.15910438 0.05207022
v 0.04000000 0.15910438 0.05207022
v 0.03600000 0.15959815 0.05256472
v 0.04000000 0.15959815 0.05256472
v 0.03600000 0.15977851 0.05323986
v 0.04000000 0.15977851 0.05323986
v 0.03600000 0.15959715 0.05391472
v 0.04000000 0.15959715 0.05391472
v 0.03600000 0.15910265 0.05440849
v 0.04000000 0.15910265 0.05440849
v 0.03600000 0.15842751 0.05458886
v 0.04000000 0.15842751 0.05458886
v 0.03600000 0.15775265 0.05440749
v 0.04000000 0.15775265 0.05440749
v 0.03600000 0.15725888 0.05391299
v 0.04000000 0.15725888 0.05391299
v 0.03600000 0.15707851 0.05323786
v 0.04000000 0.15707851 0.05323786
v 0.03600000 0.15725988 0.05256299
v 0.04000000 0.15725988 0.05256299
v 0.03600000 0.15775438 0.05206922
v 0.04000000 0.15775438 0.05206922
v 0.03600000 0.17192951 0.05189886
v 0.04000000 0.17192951 0.05189886
v 0.03600000 0.17260438 0.05208022
v 0.04000000 0.17260438 0.05208022
v 0.03600000 0.17309815 0.05257472
v 0.04000000 0.17309815 0.05257472
v 0.03600000 0.17327851 0.05324986
v 0.04000000 0.17327851 0.05324986
v 0.03600000 0.17309715 0.05392472
v 0.04000000 0.17309715 0.05392472
v 0.03600000 0.17260264 0.05441849
v 0.04000000 0.17260264 0.05441849
v 0.03600000 0.17192751 0.05459886
v 0.04000000 0.17192751 0.05459886
v 0.03600000 0.17125264 0.05441749
v 0.04000000 0.17125264 0.05441749
v 0.03600000 0.17075887 0.05392299
v 0.04000000 0.17075887 0.05392299
v 0.03600000 0.17057851 0.05324786
v 0.04000000 0.17057851 0.05324786
v 0.03600000 0.17075987 0.05257299
v 0.04000000 0.17075987 0.05257299
v 0.03600000 0.17125438 0.05207922
v 0.04000000 0.17125438 0.05207922
v 0.03600000 0.15044832 0.05448864
v 0.04000000 0.15044832 0.05448864
v 0.03600000 0.14840675 0.05492278
v 0.04000000 0.14840675 0.05492278
v 0.03600000 0.14839194 0.07492277
v 0.04000000 0.14839194 0.07492277
v 0.03600000 0.15043286 0.07535993
v 0.04000000 0.15043286 0.07535993
v 0.04000000 0.12773746 0.07490747
v 0.03600000 0.12773746 0.07490747
v 0.04000000 0.10016246 0.07488705
v 0.03600000 0.10016246 0.07488705
v 0.03600000 0.14840675 0.05492278
v 0.04000000 0.14840675 0.05492278
v 0.03600000 0.12775227 0.05490748
v 0.04000000 0.12775227 0.05490748
v 0.03600000 0.10017728 0.05488706
v 0.04000000 0.10017728 0.05488706
v 0.04000000 0.10016246 0.07488705
v 0.03600000 0.10016246 0.07488705
v 0.03600000 0.09516346 0.07354360
v 0.04000000 0.09516346 0.07354360
v 0.03600000 0.09150592 0.06988064
v 0.04000000 0.09150592 0.06988064
v 0.03600000 0.09016987 0.06487965
v 0.04000000 0.09016987 0.06487965
v 0.03600000 0.09151332 0.05988064
v 0.04000000 0.09151332 0.05988064
v 0.03600000 0.09517629 0.05622310
v 0.04000000 0.09517629 0.05622310
v 0.03600000 0.09102296 0.06170528
v 0.03600000 0.09651710 0.06170935
v 0.03600000 0.09151332 0.05988064
v 0.03600000 0.09767308 0.06055508
v 0.03600000 0.09418597 0.05721195
v 0.03600000 0.10017357 0.05988706
v 0.03600000 0.12775054 0.05723681
v 0.03600000 0.10267308 0.06055878
v 0.03600000 0.12773918 0.07257815
v 0.03600000 0.10266666 0.06921903
v 0.03600000 0.10016617 0.06988705
v 0.03600000 0.09417461 0.07255329
v 0.03600000 0.09766666 0.06921533
v 0.03600000 0.09150592 0.06988064
v 0.03600000 0.09651239 0.06805935
v 0.03600000 0.09101826 0.06805528
v 0.03600000 0.09583789 0.06738385
v 0.03600000 0.09016987 0.06487965
v 0.03600000 0.09516987 0.06488335
v 0.03600000 0.09584160 0.06238385
v 0.03600000 0.10382264 0.06806476
v 0.03600000 0.12774251 0.06808248
v 0.03600000 0.10449814 0.06739026
v 0.03600000 0.10516987 0.06489076
v 0.03600000 0.10450185 0.06239026
v 0.03600000 0.12774721 0.06173248
v 0.03600000 0.10382735 0.06171476
v 0.03600000 0.09516346 0.07354360
v 0.03600000 0.10016246 0.07488705
v 0.03600000 0.15213477 0.05325887
v 0.03600000 0.15044832 0.05448864
v 0.03600000 0.15505054 0.05725703
v 0.03600000 0.14840675 0.05492278
v 0.03600000 0.12775227 0.05490748
v 0.03600000 0.10017728 0.05488706
v 0.03600000 0.09517629 0.05622310
v 0.03600000 0.15775265 0.05440749
v 0.03600000 0.15725888 0.05391299
v 0.03600000 0.15505498 0.05126473
v 0.03600000 0.15707851 0.05323786
v 0.03600000 0.16518252 0.04782373
v 0.03600000 0.15959815 0.05256472
v 0.03600000 0.16517553 0.05726453
v 0.03600000 0.15977851 0.05323986
v 0.03600000 0.15959715 0.05391472
v 0.03600000 0.15910265 0.05440849
v 0.03600000 0.15842751 0.05458886
v 0.03600000 0.15725988 0.05256299
v 0.03600000 0.15775438 0.05206922
v 0.03600000 0.15903856 0.04854443
v 0.03600000 0.15842951 0.05188886
v 0.03600000 0.15910438 0.05207022
v 0.03600000 0.17530537 0.05073659
v 0.03600000 0.17327851 0.05324986
v 0.03600000 0.17530053 0.05727203
v 0.03600000 0.17309715 0.05392472
v 0.03600000 0.17260264 0.05441849
v 0.03600000 0.17192751 0.05459886
v 0.03600000 0.17125264 0.05441749
v 0.03600000 0.17075887 0.05392299
v 0.03600000 0.17057851 0.05324786
v 0.03600000 0.17075987 0.05257299
v 0.03600000 0.16734155 0.04757047
v 0.03600000 0.17125438 0.05207922
v 0.03600000 0.17192951 0.05189886
v 0.03600000 0.17514895 0.05055926
v 0.03600000 0.17260438 0.05208022
v 0.03600000 0.17309815 0.05257472
v 0.03600000 0.17529720 0.06176770
v 0.03600000 0.18189123 0.06177258
v 0.03600000 0.18078874 0.05727609
v 0.03600000 0.17866885 0.06629519
v 0.03600000 0.17799399 0.06611383
v 0.03600000 0.17529250 0.06811769
v 0.03600000 0.17750021 0.06561933
v 0.03600000 0.17731985 0.06494419
v 0.03600000 0.17750121 0.06426933
v 0.03600000 0.17983948 0.06427106
v 0.03600000 0.18266985 0.06494816
v 0.03600000 0.18001985 0.06494619
v 0.03600000 0.18188653 0.06812258
v 0.03600000 0.17983848 0.06562106
v 0.03600000 0.17934399 0.06611483
v 0.03600000 0.17799572 0.06377556
v 0.03600000 0.17867085 0.06359519
v 0.03600000 0.17934572 0.06377656
v 0.03600000 0.17528917 0.07261336
v 0.03600000 0.18077738 0.07261743
v 0.03600000 0.17258706 0.07546290
v 0.03600000 0.17308083 0.07595740
v 0.03600000 0.17528433 0.07914880
v 0.03600000 0.18066702 0.07306462
v 0.03600000 0.17307983 0.07730740
v 0.03600000 0.17258533 0.07780117
v 0.03600000 0.17280388 0.08021153
v 0.03600000 0.17191019 0.07798153
v 0.03600000 0.17123533 0.07780017
v 0.03600000 0.16515854 0.08020586
v 0.03600000 0.17074155 0.07730567
v 0.03600000 0.17056119 0.07663053
v 0.03600000 0.17326119 0.07663253
v 0.03600000 0.17512765 0.07932590
v 0.03600000 0.17074255 0.07595567
v 0.03600000 0.16516417 0.07260587
v 0.03600000 0.17123706 0.07546190
v 0.03600000 0.17191219 0.07528153
v 0.03600000 0.16515718 0.08204666
v 0.03600000 0.16731583 0.08230312
v 0.03600000 0.15738411 0.08020011
v 0.03600000 0.15901429 0.08131686
v 0.03600000 0.15724156 0.07729567
v 0.03600000 0.15503474 0.07859067
v 0.03600000 0.15773533 0.07779017
v 0.03600000 0.15706119 0.07662054
v 0.03600000 0.15724256 0.07594567
v 0.03600000 0.15503918 0.07259837
v 0.03600000 0.15958083 0.07594740
v 0.03600000 0.15976119 0.07662254
v 0.03600000 0.15957983 0.07729740
v 0.03600000 0.15908533 0.07779117
v 0.03600000 0.15841019 0.07797154
v 0.03600000 0.15773706 0.07545190
v 0.03600000 0.15841219 0.07527154
v 0.03600000 0.15908706 0.07545290
v 0.03600000 0.15211748 0.07659220
v 0.03600000 0.15043286 0.07535993
v 0.03600000 0.12773746 0.07490747
v 0.03600000 0.14839194 0.07492277
v 0.03600000 0.15504721 0.06175270
v 0.03600000 0.15283949 0.06425106
v 0.03600000 0.15301986 0.06492620
v 0.03600000 0.15099399 0.06609383
v 0.03600000 0.15166886 0.06627520
v 0.03600000 0.15504250 0.06810270
v 0.03600000 0.15234399 0.06609483
v 0.03600000 0.15283849 0.06560106
v 0.03600000 0.15050122 0.06424933
v 0.03600000 0.15031986 0.06492420
v 0.03600000 0.15050022 0.06559933
v 0.03600000 0.15099572 0.06375556
v 0.03600000 0.15167086 0.06357520
v 0.03600000 0.15234572 0.06375656
v 0.03600000 0.18067905 0.05682873
v 0.03600000 0.16517220 0.06176020
v 0.03600000 0.16516750 0.06811019
v -0.01997894 0.06200000 -0.02563380
v -0.01997894 0.05700000 -0.02563380
v -0.02084811 0.06200000 -0.02516287
v -0.02084811 0.05700000 -0.02516287
v -0.02182315 0.06200000 -0.02500000
v -0.02182315 0.05700000 -0.02500000
v 0.01472243 0.06200000 0.00850000
v 0.01472243 0.05700000 0.00850000
v 0.01563055 0.06200000 0.00752128
v 0.01563055 0.05700000 0.00752128
v 0.01687338 0.06200000 0.00703351
v 0.01687338 0.05700000 0.00703351
v 0.01820477 0.06200000 0.00713328
v 0.01820477 0.05700000 0.00713328
v 0.01936103 0.06200000 0.00780084
v 0.01936103 0.05700000 0.00780084
v 0.02011313 0.06200000 0.00890398
v 0.02011313 0.05700000 0.00890398
v 0.02031212 0.06200000 0.01022419
v 0.02031212 0.05700000 0.01022419
v 0.01991859 0.06200000 0.01150000
v 0.01991859 0.05700000 0.01150000
v -0.02591025 0.06200000 -0.00050000
v -0.03725000 0.06200000 -0.00050000
v -0.03725000 0.06200000 0.00775000
v -0.01982051 0.06200000 -0.01388307
v -0.02591025 0.06200000 -0.01388307
v -0.02591025 0.06200000 -0.01175000
v -0.01991859 0.06200000 0.00850000
v -0.01982051 0.06200000 0.00840192
v -0.01982051 0.06200000 0.00775000
v -0.01916858 0.06200000 0.00775000
v 0.00740192 0.06200000 0.01582051
v 0.00847243 0.06200000 0.01475000
v 0.00450000 0.06200000 0.01475000
v 0.01936103 0.06200000 0.00780084
v 0.01982051 0.06200000 0.00847478
v 0.01982051 0.06200000 0.00775000
v -0.00963620 0.06200000 -0.01576620
v -0.01132959 0.06200000 -0.01614248
v -0.01132959 0.06200000 -0.01388307
v 0.00173205 0.06200000 0.02100000
v 0.00157180 0.06200000 0.02116025
v 0.00450000 0.06200000 0.02116025
v -0.03700000 0.06200000 -0.02500000
v -0.03725000 0.06200000 -0.02493301
v -0.03725000 0.06200000 -0.01388307
v -0.00850000 0.06200000 0.01472243
v -0.00847243 0.06200000 0.01475000
v -0.00450000 0.06200000 0.01475000
v -0.00900000 0.06200000 0.00000000
v -0.01132959 0.06200000 -0.00050000
v -0.00779423 0.06200000 0.00450000
v -0.01132959 0.06200000 0.00775000
v -0.00454423 0.06200000 0.00775000
v 0.01448985 0.06200000 0.00880311
v 0.01448985 0.06200000 0.00775000
v 0.01202082 0.06200000 0.01202082
v 0.00454423 0.06200000 0.00775000
v 0.00850000 0.06200000 0.01472243
v 0.00450000 0.06200000 0.00779423
v 0.01448985 0.06200000 -0.00050000
v 0.00886603 0.06200000 -0.00050000
v 0.00900000 0.06200000 -0.00000000
v 0.00779423 0.06200000 0.00450000
v 0.00779423 0.06200000 -0.00450000
v 0.01448985 0.06200000 -0.01175000
v 0.00450000 0.06200000 -0.00779423
v 0.00450000 0.06200000 -0.01175000
v -0.00000000 0.06200000 -0.00900000
v -0.00450000 0.06200000 -0.01175000
v -0.00450000 0.06200000 -0.00779423
v -0.00779423 0.06200000 -0.00450000
v -0.01132959 0.06200000 -0.01175000
v -0.00886603 0.06200000 -0.00050000
v -0.01982051 0.06200000 -0.02570865
v -0.01997894 0.06200000 -0.02563380
v -0.01137398 0.06200000 -0.01615235
v -0.01277213 0.06200000 -0.01725425
v -0.01355372 0.06200000 -0.01885366
v -0.01356395 0.06200000 -0.02063379
v -0.01280079 0.06200000 -0.02224208
v -0.01132959 0.06200000 -0.02972021
v -0.01141540 0.06200000 -0.02335998
v -0.01132959 0.06200000 -0.02337982
v -0.00711416 0.06200000 -0.03171181
v -0.00450000 0.06200000 -0.02495929
v -0.00450000 0.06200000 -0.03171181
v 0.00450000 0.06200000 -0.03171181
v 0.01137398 0.06200000 -0.01615235
v 0.00963620 0.06200000 -0.01576620
v 0.01448985 0.06200000 -0.01388307
v -0.00000000 0.06200000 -0.02600000
v 0.00450000 0.06200000 -0.02495929
v 0.00711416 0.06200000 -0.03171181
v 0.01141540 0.06200000 -0.02335998
v 0.01448985 0.06200000 -0.02822714
v 0.01280079 0.06200000 -0.02224208
v 0.00450000 0.06200000 -0.01388307
v 0.01356395 0.06200000 -0.02063379
v 0.01355372 0.06200000 -0.01885366
v 0.01277213 0.06200000 -0.01725425
v 0.02182315 0.06200000 -0.02500000
v 0.02084811 0.06200000 -0.02516287
v 0.01982051 0.06200000 -0.01388307
v 0.01997894 0.06200000 -0.02563380
v 0.01982051 0.06200000 -0.02570865
v 0.04000000 0.06200000 -0.01388307
v 0.04000000 0.06200000 -0.02200000
v 0.02591025 0.06200000 -0.02500000
v 0.03959808 0.06200000 -0.02350000
v 0.03850000 0.06200000 -0.02459808
v 0.03700000 0.06200000 -0.02500000
v 0.03700000 0.06200000 0.02500000
v 0.03850000 0.06200000 0.02459808
v 0.03959808 0.06200000 0.02350000
v 0.04000000 0.06200000 0.02200000
v 0.04000000 0.06200000 0.02116025
v 0.02591025 0.06200000 0.02500000
v 0.02591025 0.06200000 0.02116025
v 0.02182315 0.06200000 0.02500000
v 0.01982051 0.06200000 0.02116025
v 0.02084811 0.06200000 0.02516287
v 0.00711416 0.06200000 0.03171181
v 0.01448985 0.06200000 0.02822714
v 0.01448985 0.06200000 0.02116025
v 0.01982051 0.06200000 0.02570865
v 0.01997894 0.06200000 0.02563380
v -0.01132959 0.06200000 0.02116025
v -0.00450000 0.06200000 0.03171181
v -0.00450000 0.06200000 0.02116025
v -0.00100000 0.06200000 0.02173205
v -0.00157180 0.06200000 0.02116025
v 0.00450000 0.06200000 0.03171181
v 0.00100000 0.06200000 0.02173205
v -0.00000000 0.06200000 0.02200000
v -0.02084811 0.06200000 0.02516287
v -0.01997894 0.06200000 0.02563380
v -0.01982051 0.06200000 0.02116025
v -0.01982051 0.06200000 0.02570865
v -0.00711416 0.06200000 0.03171181
v -0.03725000 0.06200000 0.02116025
v -0.03700000 0.06200000 0.02500000
v -0.02591025 0.06200000 0.02116025
v -0.02591025 0.06200000 0.02500000
v -0.02182315 0.06200000 0.02500000
v -0.03959808 0.06200000 0.02350000
v -0.03850000 0.06200000 0.02459808
v -0.03725000 0.06200000 0.02493301
v -0.03850000 0.06200000 -0.02459808
v -0.03959808 0.06200000 -0.02350000
v -0.04000000 0.06200000 -0.02200000
v -0.02084811 0.06200000 -0.02516287
v -0.02182315 0.06200000 -0.02500000
v -0.02591025 0.06200000 -0.02500000
v 0.01905256 0.06200000 -0.00900000
v 0.01982051 0.06200000 -0.00050000
v 0.01932051 0.06200000 -0.01000000
v 0.01982051 0.06200000 -0.01175000
v 0.01905256 0.06200000 -0.01100000
v 0.01832051 0.06200000 -0.01173205
v 0.01832051 0.06200000 -0.00826795
v 0.01732051 0.06200000 -0.00800000
v 0.01632051 0.06200000 -0.00826795
v 0.01558846 0.06200000 -0.00900000
v 0.01532051 0.06200000 -0.01000000
v 0.01558846 0.06200000 -0.01100000
v 0.01632051 0.06200000 -0.01173205
v 0.01825352 0.06200000 -0.01175000
v 0.01732051 0.06200000 -0.01200000
v 0.01638750 0.06200000 -0.01175000
v -0.01825352 0.06200000 -0.01175000
v -0.01982051 0.06200000 -0.01175000
v -0.01832051 0.06200000 -0.01173205
v -0.01905256 0.06200000 -0.01100000
v -0.01558846 0.06200000 -0.01100000
v -0.01632051 0.06200000 -0.01173205
v -0.01638750 0.06200000 -0.01175000
v -0.01532051 0.06200000 -0.01000000
v -0.01732051 0.06200000 -0.00800000
v -0.01982051 0.06200000 -0.00050000
v -0.01632051 0.06200000 -0.00826795
v -0.01558846 0.06200000 -0.00900000
v -0.01832051 0.06200000 -0.00826795
v -0.01905256 0.06200000 -0.00900000
v -0.01932051 0.06200000 -0.01000000
v -0.01732051 0.06200000 -0.01200000
v -0.00173205 0.06200000 0.02100000
v -0.00200000 0.06200000 0.02000000
v -0.00173205 0.06200000 0.01900000
v -0.00100000 0.06200000 0.01826795
v 0.00000000 0.06200000 0.01800000
v 0.00100000 0.06200000 0.01826795
v 0.00173205 0.06200000 0.01900000
v 0.00200000 0.06200000 0.02000000
v -0.00790297 0.06200000 -0.01617229
v -0.00450000 0.06200000 -0.01388307
v -0.00450000 0.06200000 -0.01695929
v 0.00790297 0.06200000 -0.01617229
v 0.00450000 0.06200000 -0.01695929
v -0.00000000 0.06200000 -0.01800000
v 0.01982051 0.06200000 0.01162782
v 0.01982051 0.06200000 0.01475000
v 0.01991859 0.06200000 0.01150000
v 0.02591025 0.06200000 0.01475000
v 0.02031212 0.06200000 0.01022419
v 0.02591025 0.06200000 0.00775000
v 0.02011313 0.06200000 0.00890398
v 0.01687338 0.06200000 0.00703351
v 0.01820477 0.06200000 0.00713328
v 0.01927296 0.06200000 0.00775000
v 0.01472243 0.06200000 0.00850000
v 0.01541833 0.06200000 0.00775000
v 0.01563055 0.06200000 0.00752128
v 0.01448985 0.06200000 0.01762439
v 0.01150000 0.06200000 0.01991859
v 0.01000000 0.06200000 0.02032051
v 0.00850000 0.06200000 0.01991859
v 0.00740192 0.06200000 0.01882051
v 0.00700000 0.06200000 0.01732051
v 0.01626346 0.06200000 0.01626346
v 0.01742477 0.06200000 0.01475000
v -0.01547243 0.06200000 0.00775000
v -0.01472243 0.06200000 0.00850000
v -0.01202082 0.06200000 0.01202082
v -0.01132959 0.06200000 0.01255121
v -0.00450000 0.06200000 0.00779423
v 0.00000000 0.06200000 0.00900000
v -0.01582051 0.06200000 0.00740192
v -0.01732051 0.06200000 0.00700000
v -0.01882051 0.06200000 0.00740192
v -0.02032051 0.06200000 0.01000000
v -0.02591025 0.06200000 0.00775000
v -0.01991859 0.06200000 0.01150000
v -0.02591025 0.06200000 0.01475000
v -0.01982051 0.06200000 0.01162782
v -0.01982051 0.06200000 0.01475000
v -0.01742477 0.06200000 0.01475000
v -0.01626346 0.06200000 0.01626346
v -0.01150000 0.06200000 0.01991859
v -0.00740192 0.06200000 0.01882051
v -0.00700000 0.06200000 0.01732051
v -0.00740192 0.06200000 0.01582051
v -0.00850000 0.06200000 0.01991859
v -0.01000000 0.06200000 0.02032051
v -0.01132959 0.06200000 0.01996424
v -0.03725000 0.06200000 -0.01175000
v 0.03375000 0.06200000 -0.00870096
v 0.03300000 0.06200000 -0.00850000
v 0.04000000 0.06200000 -0.00050000
v 0.03170096 0.06200000 -0.01075000
v 0.03225000 0.06200000 -0.01129904
v 0.02591025 0.06200000 -0.01175000
v 0.03300000 0.06200000 -0.01150000
v 0.02591025 0.06200000 -0.01388307
v 0.04000000 0.06200000 -0.01175000
v 0.03375000 0.06200000 -0.01129904
v 0.03429904 0.06200000 -0.01075000
v 0.03450000 0.06200000 -0.01000000
v 0.03429904 0.06200000 -0.00925000
v 0.03225000 0.06200000 -0.00870096
v 0.02591025 0.06200000 -0.00050000
v 0.03170096 0.06200000 -0.00925000
v 0.03150000 0.06200000 -0.01000000
v -0.03170096 0.06200000 -0.01075000
v -0.03150000 0.06200000 -0.01000000
v -0.03300000 0.06200000 -0.00850000
v -0.03225000 0.06200000 -0.00870096
v -0.03170096 0.06200000 -0.00925000
v -0.03429904 0.06200000 -0.01075000
v -0.03375000 0.06200000 -0.01129904
v -0.03300000 0.06200000 -0.01150000
v -0.03225000 0.06200000 -0.01129904
v -0.03375000 0.06200000 -0.00870096
v -0.03429904 0.06200000 -0.00925000
v -0.03450000 0.06200000 -0.01000000
v 0.03375000 0.06200000 0.01129904
v 0.03300000 0.06200000 0.01150000
v 0.04000000 0.06200000 0.01475000
v 0.03170096 0.06200000 0.00925000
v 0.03225000 0.06200000 0.00870096
v 0.03300000 0.06200000 0.00850000
v 0.04000000 0.06200000 0.00775000
v 0.03375000 0.06200000 0.00870096
v 0.03429904 0.06200000 0.00925000
v 0.03450000 0.06200000 0.01000000
v 0.03429904 0.06200000 0.01075000
v 0.03225000 0.06200000 0.01129904
v 0.03170096 0.06200000 0.01075000
v 0.03150000 0.06200000 0.01000000
v -0.03429904 0.06200000 0.00925000
v -0.03375000 0.06200000 0.00870096
v -0.03300000 0.06200000 0.00850000
v -0.03225000 0.06200000 0.00870096
v -0.03300000 0.06200000 0.01150000
v -0.03725000 0.06200000 0.01475000
v -0.03225000 0.06200000 0.01129904
v -0.03170096 0.06200000 0.00925000
v -0.03150000 0.06200000 0.01000000
v -0.03170096 0.06200000 0.01075000
v -0.03375000 0.06200000 0.01129904
v -0.03429904 0.06200000 0.01075000
v -0.03450000 0.06200000 0.01000000
v -0.04000000 0.06200000 -0.01388307
v -0.04000000 0.06200000 -0.01175000
v -0.04000000 0.06200000 -0.00050000
v -0.04000000 0.06200000 0.00775000
v -0.04000000 0.06200000 0.01475000
v -0.04000000 0.06200000 0.02116025
v -0.04000000 0.06200000 0.02200000
v 0.01150000 0.06200000 0.01991859
v 0.01150000 0.05700000 0.01991859
v 0.01000000 0.06200000 0.02032051
v 0.01000000 0.05700000 0.02032051
v 0.00850000 0.06200000 0.01991859
v 0.00850000 0.05700000 0.01991859
v 0.00740192 0.06200000 0.01882051
v 0.00740192 0.05700000 0.01882051
v 0.00700000 0.06200000 0.01732051
v 0.00700000 0.05700000 0.01732051
v 0.00740192 0.06200000 0.01582051
v 0.00740192 0.05700000 0.01582051
v 0.00850000 0.06200000 0.01472243
v 0.00850000 0.05700000 0.01472243
v 0.00900000 0.06200000 -0.00000000
v 0.00900000 0.05700000 -0.00000000
v 0.00779423 0.06200000 0.00450000
v 0.00779423 0.05700000 0.00450000
v 0.00450000 0.06200000 0.00779423
v 0.00450000 0.05700000 0.00779423
v 0.00000000 0.06200000 0.00900000
v 0.00000000 0.05700000 0.00900000
v -0.00450000 0.06200000 0.00779423
v -0.00450000 0.05700000 0.00779423
v -0.00779423 0.06200000 0.00450000
v -0.00779423 0.05700000 0.00450000
v -0.00900000 0.06200000 0.00000000
v -0.00900000 0.05700000 0.00000000
v -0.00779423 0.06200000 -0.00450000
v -0.00779423 0.05700000 -0.00450000
v -0.00450000 0.06200000 -0.00779423
v -0.00450000 0.05700000 -0.00779423
v -0.00000000 0.06200000 -0.00900000
v -0.00000000 0.05700000 -0.00900000
v 0.00450000 0.06200000 -0.00779423
v 0.00450000 0.05700000 -0.00779423
v 0.00779423 0.06200000 -0.00450000
v 0.00779423 0.05700000 -0.00450000
v 0.01626346 0.06200000 0.01626346
v 0.01626346 0.05700000 0.01626346
v 0.02182315 0.06200000 -0.02500000
v 0.02182315 0.05700000 -0.02500000
v 0.02084811 0.06200000 -0.02516287
v 0.02084811 0.05700000 -0.02516287
v 0.01997894 0.06200000 -0.02563380
v 0.01997894 0.05700000 -0.02563380
v 0.01202082 0.05700000 0.01202082
v 0.01202082 0.06200000 0.01202082
v 0.01997894 0.06200000 0.02563380
v 0.01997894 0.05700000 0.02563380
v 0.02084811 0.06200000 0.02516287
v 0.02084811 0.05700000 0.02516287
v 0.02182315 0.06200000 0.02500000
v 0.02182315 0.05700000 0.02500000
v -0.00790297 0.06200000 -0.01617229
v -0.00790297 0.05700000 -0.01617229
v -0.00963620 0.06200000 -0.01576620
v -0.00963620 0.05700000 -0.01576620
v -0.01137398 0.06200000 -0.01615235
v -0.01137398 0.05700000 -0.01615235
v -0.01277213 0.06200000 -0.01725425
v -0.01277213 0.05700000 -0.01725425
v -0.01355372 0.06200000 -0.01885366
v -0.01355372 0.05700000 -0.01885366
v -0.01356395 0.06200000 -0.02063379
v -0.01356395 0.05700000 -0.02063379
v -0.01280079 0.06200000 -0.02224208
v -0.01280079 0.05700000 -0.02224208
v -0.01141540 0.06200000 -0.02335998
v -0.01141540 0.05700000 -0.02335998
v -0.02182315 0.06200000 0.02500000
v -0.02182315 0.05700000 0.02500000
v -0.02084811 0.06200000 0.02516287
v -0.02084811 0.05700000 0.02516287
v -0.01997894 0.06200000 0.02563380
v -0.01997894 0.05700000 0.02563380
v 0.00790297 0.06200000 -0.01617229
v 0.00790297 0.05700000 -0.01617229
v -0.00000000 0.05700000 -0.01800000
v -0.00000000 0.06200000 -0.01800000
v -0.00790297 0.05700000 -0.01617229
v -0.00790297 0.06200000 -0.01617229
v -0.00200000 0.05700000 0.02000000
v -0.00200000 0.06200000 0.02000000
v -0.00173205 0.05700000 0.02100000
v -0.00173205 0.06200000 0.02100000
v -0.00100000 0.05700000 0.02173205
v -0.00100000 0.06200000 0.02173205
v -0.00000000 0.05700000 0.02200000
v -0.00000000 0.06200000 0.02200000
v 0.00100000 0.05700000 0.02173205
v 0.00100000 0.06200000 0.02173205
v 0.00173205 0.05700000 0.02100000
v 0.00173205 0.06200000 0.02100000
v 0.00200000 0.05700000 0.02000000
v 0.00200000 0.06200000 0.02000000
v 0.00173205 0.05700000 0.01900000
v 0.00173205 0.06200000 0.01900000
v 0.00100000 0.05700000 0.01826795
v 0.00100000 0.06200000 0.01826795
v 0.00000000 0.05700000 0.01800000
v 0.00000000 0.06200000 0.01800000
v -0.00100000 0.05700000 0.01826795
v -0.00100000 0.06200000 0.01826795
v -0.00173205 0.05700000 0.01900000
v -0.00173205 0.06200000 0.01900000
v 0.01141540 0.06200000 -0.02335998
v 0.01141540 0.05700000 -0.02335998
v 0.01280079 0.06200000 -0.02224208
v 0.01280079 0.05700000 -0.02224208
v 0.01356395 0.06200000 -0.02063379
v 0.01356395 0.05700000 -0.02063379
v 0.01355372 0.06200000 -0.01885366
v 0.01355372 0.05700000 -0.01885366
v 0.01277213 0.06200000 -0.01725425
v 0.01277213 0.05700000 -0.01725425
v 0.01137398 0.06200000 -0.01615235
v 0.01137398 0.05700000 -0.01615235
v 0.00963620 0.06200000 -0.01576620
v 0.00963620 0.05700000 -0.01576620
v 0.00790297 0.06200000 -0.01617229
v 0.00790297 0.05700000 -0.01617229
v -0.03700000 0.05700000 -0.02500000
v -0.03700000 0.06200000 -0.02500000
v -0.02591025 0.05700000 -0.02500000
v -0.02591025 0.06200000 -0.02500000
v -0.01932051 0.05700000 -0.01000000
v -0.01932051 0.06200000 -0.01000000
v -0.01905256 0.05700000 -0.00900000
v -0.01905256 0.06200000 -0.00900000
v -0.01832051 0.05700000 -0.00826795
v -0.01832051 0.06200000 -0.00826795
v -0.01732051 0.05700000 -0.00800000
v -0.01732051 0.06200000 -0.00800000
v -0.01632051 0.05700000 -0.00826795
v -0.01632051 0.06200000 -0.00826795
v -0.01558846 0.05700000 -0.00900000
v -0.01558846 0.06200000 -0.00900000
v -0.01532051 0.05700000 -0.01000000
v -0.01532051 0.06200000 -0.01000000
v -0.01558846 0.05700000 -0.01100000
v -0.01558846 0.06200000 -0.01100000
v -0.01632051 0.05700000 -0.01173205
v -0.01632051 0.06200000 -0.01173205
v -0.01732051 0.05700000 -0.01200000
v -0.01732051 0.06200000 -0.01200000
v -0.01832051 0.05700000 -0.01173205
v -0.01832051 0.06200000 -0.01173205
v -0.01905256 0.05700000 -0.01100000
v -0.01905256 0.06200000 -0.01100000
v -0.01141540 0.06200000 -0.02335998
v -0.01141540 0.05700000 -0.02335998
v -0.00000000 0.06200000 -0.02600000
v -0.00000000 0.05700000 -0.02600000
v 0.01997894 0.06200000 -0.02563380
v 0.01997894 0.05700000 -0.02563380
v 0.00711416 0.05700000 -0.03171181
v 0.00711416 0.06200000 -0.03171181
v -0.00711416 0.05700000 -0.03171181
v -0.00711416 0.06200000 -0.03171181
v 0.01532051 0.05700000 -0.01000000
v 0.01532051 0.06200000 -0.01000000
v 0.01558846 0.05700000 -0.00900000
v 0.01558846 0.06200000 -0.00900000
v 0.01632051 0.05700000 -0.00826795
v 0.01632051 0.06200000 -0.00826795
v 0.01732051 0.05700000 -0.00800000
v 0.01732051 0.06200000 -0.00800000
v 0.01832051 0.05700000 -0.00826795
v 0.01832051 0.06200000 -0.00826795
v 0.01905256 0.05700000 -0.00900000
v 0.01905256 0.06200000 -0.00900000
v 0.01932051 0.05700000 -0.01000000
v 0.01932051 0.06200000 -0.01000000
v 0.01905256 0.05700000 -0.01100000
v 0.01905256 0.06200000 -0.01100000
v 0.01832051 0.05700000 -0.01173205
v 0.01832051 0.06200000 -0.01173205
v 0.01732051 0.05700000 -0.01200000
v 0.01732051 0.06200000 -0.01200000
v 0.01632051 0.05700000 -0.01173205
v 0.01632051 0.06200000 -0.01173205
v 0.01558846 0.05700000 -0.01100000
v 0.01558846 0.06200000 -0.01100000
v -0.03150000 0.06200000 -0.01000000
v -0.03150000 0.05700000 -0.01000000
v -0.03170096 0.06200000 -0.00925000
v -0.03170096 0.05700000 -0.00925000
v -0.03225000 0.06200000 -0.00870096
v -0.03225000 0.05700000 -0.00870096
v -0.03300000 0.06200000 -0.00850000
v -0.03300000 0.05700000 -0.00850000
v -0.03375000 0.06200000 -0.00870096
v -0.03375000 0.05700000 -0.00870096
v -0.03429904 0.06200000 -0.00925000
v -0.03429904 0.05700000 -0.00925000
v -0.03450000 0.06200000 -0.01000000
v -0.03450000 0.05700000 -0.01000000
v -0.03429904 0.06200000 -0.01075000
v -0.03429904 0.05700000 -0.01075000
v -0.03375000 0.06200000 -0.01129904
v -0.03375000 0.05700000 -0.01129904
v -0.03300000 0.06200000 -0.01150000
v -0.03300000 0.05700000 -0.01150000
v -0.03225000 0.06200000 -0.01129904
v -0.03225000 0.05700000 -0.01129904
v -0.03170096 0.06200000 -0.01075000
v -0.03170096 0.05700000 -0.01075000
v 0.03700000 0.06200000 -0.02500000
v 0.03700000 0.05700000 -0.02500000
v 0.02591025 0.06200000 -0.02500000
v 0.02591025 0.05700000 -0.02500000
v -0.00850000 0.06200000 0.01472243
v -0.00850000 0.05700000 0.01472243
v -0.00740192 0.06200000 0.01582051
v -0.00740192 0.05700000 0.01582051
v -0.00700000 0.06200000 0.01732051
v -0.00700000 0.05700000 0.01732051
v -0.00740192 0.06200000 0.01882051
v -0.00740192 0.05700000 0.01882051
v -0.00850000 0.06200000 0.01991859
v -0.00850000 0.05700000 0.01991859
v -0.01000000 0.06200000 0.02032051
v -0.01000000 0.05700000 0.02032051
v -0.01150000 0.06200000 0.01991859
v -0.01150000 0.05700000 0.01991859
v -0.03850000 0.05700000 -0.02459808
v -0.03850000 0.06200000 -0.02459808
v -0.03959808 0.05700000 -0.02350000
v -0.03959808 0.06200000 -0.02350000
v -0.04000000 0.05700000 -0.02200000
v -0.04000000 0.06200000 -0.02200000
v 0.04000000 0.05700000 -0.02200000
v 0.04000000 0.06200000 -0.02200000
v 0.04000000 0.05700000 -0.01388307
v 0.04000000 0.06200000 -0.01388307
v 0.04000000 0.05700000 -0.01175000
v 0.04000000 0.06200000 -0.01175000
v 0.04000000 0.05700000 -0.00050000
v 0.04000000 0.06200000 -0.00050000
v 0.04000000 0.05700000 0.00775000
v 0.04000000 0.06200000 0.00775000
v 0.04000000 0.05700000 0.01475000
v 0.04000000 0.06200000 0.01475000
v 0.04000000 0.05700000 0.02116025
v 0.04000000 0.06200000 0.02116025
v 0.04000000 0.05700000 0.02200000
v 0.04000000 0.06200000 0.02200000
v -0.01472243 0.06200000 0.00850000
v -0.01472243 0.05700000 0.00850000
v -0.01202082 0.05700000 0.01202082
v -0.01202082 0.06200000 0.01202082
v 0.04000000 0.06200000 -0.02200000
v 0.04000000 0.05700000 -0.02200000
v 0.03959808 0.05700000 -0.02350000
v 0.03959808 0.06200000 -0.02350000
v 0.03850000 0.05700000 -0.02459808
v 0.03850000 0.06200000 -0.02459808
v 0.03700000 0.05700000 0.02500000
v 0.03700000 0.06200000 0.02500000
v 0.02591025 0.05700000 0.02500000
v 0.02591025 0.06200000 0.02500000
v 0.02182315 0.05700000 0.02500000
v 0.02182315 0.06200000 0.02500000
v -0.01991859 0.06200000 0.01150000
v -0.01991859 0.05700000 0.01150000
v -0.02032051 0.06200000 0.01000000
v -0.02032051 0.05700000 0.01000000
v -0.01991859 0.06200000 0.00850000
v -0.01991859 0.05700000 0.00850000
v -0.01882051 0.06200000 0.00740192
v -0.01882051 0.05700000 0.00740192
v -0.01732051 0.06200000 0.00700000
v -0.01732051 0.05700000 0.00700000
v -0.01582051 0.06200000 0.00740192
v -0.01582051 0.05700000 0.00740192
v -0.04000000 0.06200000 0.02200000
v -0.04000000 0.05700000 0.02200000
v -0.03959808 0.05700000 0.02350000
v -0.03959808 0.06200000 0.02350000
v -0.03850000 0.05700000 0.02459808
v -0.03850000 0.06200000 0.02459808
v -0.03700000 0.05700000 0.02500000
v -0.03700000 0.06200000 0.02500000
v -0.00711416 0.05700000 0.03171181
v -0.00711416 0.06200000 0.03171181
v 0.00711416 0.05700000 0.03171181
v 0.00711416 0.06200000 0.03171181
v -0.01626346 0.06200000 0.01626346
v -0.01626346 0.05700000 0.01626346
v 0.03700000 0.06200000 0.02500000
v 0.03700000 0.05700000 0.02500000
v 0.03850000 0.05700000 0.02459808
v 0.03850000 0.06200000 0.02459808
v 0.03959808 0.05700000 0.02350000
v 0.03959808 0.06200000 0.02350000
v -0.03700000 0.06200000 0.02500000
v -0.03700000 0.05700000 0.02500000
v -0.02591025 0.06200000 0.02500000
v -0.02591025 0.05700000 0.02500000
v -0.02182315 0.06200000 0.02500000
v -0.02182315 0.05700000 0.02500000
v 0.03450000 0.06200000 0.01000000
v 0.03450000 0.05700000 0.01000000
v 0.03429904 0.06200000 0.01075000
v 0.03429904 0.05700000 0.01075000
v 0.03375000 0.06200000 0.01129904
v 0.03375000 0.05700000 0.01129904
v 0.03300000 0.06200000 0.01150000
v 0.03300000 0.05700000 0.01150000
v 0.03225000 0.06200000 0.01129904
v 0.03225000 0.05700000 0.01129904
v 0.03170096 0.06200000 0.01075000
v 0.03170096 0.05700000 0.01075000
v 0.03150000 0.06200000 0.01000000
v 0.03150000 0.05700000 0.01000000
v 0.03170096 0.06200000 0.00925000
v 0.03170096 0.05700000 0.00925000
v 0.03225000 0.06200000 0.00870096
v 0.03225000 0.05700000 0.00870096
v 0.03300000 0.06200000 0.00850000
v 0.03300000 0.05700000 0.00850000
v 0.03375000 0.06200000 0.00870096
v 0.03375000 0.05700000 0.00870096
v 0.03429904 0.06200000 0.00925000
v 0.03429904 0.05700000 0.00925000
v -0.04000000 0.06200000 -0.01388307
v -0.04000000 0.05700000 -0.01388307
v -0.04000000 0.06200000 -0.01175000
v -0.04000000 0.05700000 -0.01175000
v -0.04000000 0.06200000 -0.00050000
v -0.04000000 0.05700000 -0.00050000
v -0.04000000 0.06200000 0.00775000
v -0.04000000 0.05700000 0.00775000
v -0.04000000 0.06200000 0.01475000
v -0.04000000 0.05700000 0.01475000
v -0.04000000 0.06200000 0.02116025
v -0.04000000 0.05700000 0.02116025
v 0.03450000 0.06200000 -0.01000000
v 0.03450000 0.05700000 -0.01000000
v 0.03429904 0.06200000 -0.00925000
v 0.03429904 0.05700000 -0.00925000
v 0.03375000 0.06200000 -0.00870096
v 0.03375000 0.05700000 -0.00870096
v 0.03300000 0.06200000 -0.00850000
v 0.03300000 0.05700000 -0.00850000
v 0.03225000 0.06200000 -0.00870096
v 0.03225000 0.05700000 -0.00870096
v 0.03170096 0.06200000 -0.00925000
v 0.03170096 0.05700000 -0.00925000
v 0.03150000 0.06200000 -0.01000000
v 0.03150000 0.05700000 -0.01000000
v 0.03170096 0.06200000 -0.01075000
v 0.03170096 0.05700000 -0.01075000
v 0.03225000 0.06200000 -0.01129904
v 0.03225000 0.05700000 -0.01129904
v 0.03300000 0.06200000 -0.01150000
v 0.03300000 0.05700000 -0.01150000
v 0.03375000 0.06200000 -0.01129904
v 0.03375000 0.05700000 -0.01129904
v 0.03429904 0.06200000 -0.01075000
v 0.03429904 0.05700000 -0.01075000
v 0.02011313 0.05700000 0.00890398
v 0.01982051 0.05700000 0.00847478
v 0.01982051 0.05700000 0.00775000
v 0.00711416 0.05700000 0.03171181
v 0.00450000 0.05700000 0.03171181
v 0.00450000 0.05700000 0.02116025
v -0.02182315 0.05700000 0.02500000
v -0.02591025 0.05700000 0.02500000
v -0.02591025 0.05700000 0.02116025
v -0.00886603 0.05700000 -0.00050000
v -0.01132959 0.05700000 -0.00050000
v -0.00779423 0.05700000 -0.00450000
v -0.01132959 0.05700000 -0.01175000
v -0.00450000 0.05700000 -0.00779423
v -0.00450000 0.05700000 -0.01175000
v -0.00000000 0.05700000 -0.00900000
v 0.00450000 0.05700000 -0.01175000
v 0.00450000 0.05700000 -0.00779423
v 0.00779423 0.05700000 -0.00450000
v 0.01448985 0.05700000 -0.01175000
v 0.00886603 0.05700000 -0.00050000
v 0.00779423 0.05700000 0.00450000
v 0.00900000 0.05700000 -0.00000000
v 0.01448985 0.05700000 -0.00050000
v 0.01448985 0.05700000 0.00775000
v 0.00454423 0.05700000 0.00775000
v -0.00450000 0.05700000 0.01475000
v -0.00450000 0.05700000 0.00779423
v 0.00450000 0.05700000 0.01475000
v 0.00000000 0.05700000 0.00900000
v 0.00450000 0.05700000 0.00779423
v -0.00850000 0.05700000 0.01472243
v -0.01132959 0.05700000 0.01255121
v -0.01132959 0.05700000 0.00775000
v -0.03700000 0.05700000 0.02500000
v -0.03725000 0.05700000 0.02493301
v -0.03725000 0.05700000 0.02116025
v -0.03850000 0.05700000 0.02459808
v -0.03959808 0.05700000 0.02350000
v -0.01997894 0.05700000 0.02563380
v -0.02084811 0.05700000 0.02516287
v -0.01982051 0.05700000 0.02116025
v -0.01982051 0.05700000 0.02570865
v -0.01132959 0.05700000 0.02116025
v -0.00711416 0.05700000 0.03171181
v -0.00450000 0.05700000 0.02116025
v -0.00450000 0.05700000 0.03171181
v 0.00157180 0.05700000 0.02116025
v 0.00100000 0.05700000 0.02173205
v -0.00000000 0.05700000 0.02200000
v 0.01997894 0.05700000 0.02563380
v 0.01982051 0.05700000 0.02570865
v 0.01982051 0.05700000 0.02116025
v 0.01448985 0.05700000 0.02822714
v 0.01448985 0.05700000 0.02116025
v 0.02591025 0.05700000 0.02500000
v 0.02182315 0.05700000 0.02500000
v 0.02084811 0.05700000 0.02516287
v 0.03959808 0.05700000 0.02350000
v 0.03850000 0.05700000 0.02459808
v 0.04000000 0.05700000 0.02200000
v 0.03700000 0.05700000 0.02500000
v 0.02591025 0.05700000 0.02116025
v 0.02591025 0.05700000 -0.02500000
v 0.03700000 0.05700000 -0.02500000
v 0.04000000 0.05700000 -0.01388307
v 0.03850000 0.05700000 -0.02459808
v 0.03959808 0.05700000 -0.02350000
v 0.04000000 0.05700000 -0.02200000
v 0.01448985 0.05700000 -0.01388307
v 0.01982051 0.05700000 -0.02570865
v 0.01982051 0.05700000 -0.01388307
v 0.01997894 0.05700000 -0.02563380
v 0.02084811 0.05700000 -0.02516287
v 0.00450000 0.05700000 -0.01695929
v 0.00790297 0.05700000 -0.01617229
v 0.00450000 0.05700000 -0.01388307
v 0.00963620 0.05700000 -0.01576620
v 0.01137398 0.05700000 -0.01615235
v 0.01277213 0.05700000 -0.01725425
v 0.01355372 0.05700000 -0.01885366
v 0.01356395 0.05700000 -0.02063379
v 0.01448985 0.05700000 -0.02822714
v 0.01280079 0.05700000 -0.02224208
v 0.01141540 0.05700000 -0.02335998
v 0.00711416 0.05700000 -0.03171181
v 0.00450000 0.05700000 -0.02495929
v 0.00450000 0.05700000 -0.03171181
v -0.00450000 0.05700000 -0.03171181
v -0.01997894 0.05700000 -0.02563380
v -0.01982051 0.05700000 -0.02570865
v -0.01982051 0.05700000 -0.01388307
v -0.01356395 0.05700000 -0.02063379
v -0.00000000 0.05700000 -0.02600000
v -0.00450000 0.05700000 -0.02495929
v -0.00711416 0.05700000 -0.03171181
v -0.01132959 0.05700000 -0.02337982
v -0.01132959 0.05700000 -0.02972021
v -0.01141540 0.05700000 -0.02335998
v -0.01280079 0.05700000 -0.02224208
v -0.01137398 0.05700000 -0.01615235
v -0.01132959 0.05700000 -0.01388307
v -0.01277213 0.05700000 -0.01725425
v -0.01355372 0.05700000 -0.01885366
v -0.02591025 0.05700000 -0.02500000
v -0.02182315 0.05700000 -0.02500000
v -0.02084811 0.05700000 -0.02516287
v 0.01632051 0.05700000 -0.01173205
v 0.01558846 0.05700000 -0.01100000
v 0.01832051 0.05700000 -0.00826795
v 0.01905256 0.05700000 -0.00900000
v 0.01982051 0.05700000 -0.00050000
v 0.01932051 0.05700000 -0.01000000
v 0.01982051 0.05700000 -0.01175000
v 0.01905256 0.05700000 -0.01100000
v 0.01532051 0.05700000 -0.01000000
v 0.01558846 0.05700000 -0.00900000
v 0.01632051 0.05700000 -0.00826795
v 0.01732051 0.05700000 -0.00800000
v 0.01832051 0.05700000 -0.01173205
v 0.01825352 0.05700000 -0.01175000
v 0.01732051 0.05700000 -0.01200000
v 0.01638750 0.05700000 -0.01175000
v -0.01638750 0.05700000 -0.01175000
v -0.01632051 0.05700000 -0.01173205
v -0.01558846 0.05700000 -0.01100000
v -0.01832051 0.05700000 -0.01173205
v -0.01905256 0.05700000 -0.01100000
v -0.01982051 0.05700000 -0.01175000
v -0.01932051 0.05700000 -0.01000000
v -0.01982051 0.05700000 -0.00050000
v -0.01905256 0.05700000 -0.00900000
v -0.01832051 0.05700000 -0.00826795
v -0.01732051 0.05700000 -0.00800000
v -0.01632051 0.05700000 -0.00826795
v -0.01558846 0.05700000 -0.00900000
v -0.01532051 0.05700000 -0.01000000
v -0.01825352 0.05700000 -0.01175000
v -0.01732051 0.05700000 -0.01200000
v -0.00173205 0.05700000 0.01900000
v -0.00200000 0.05700000 0.02000000
v -0.00100000 0.05700000 0.01826795
v -0.00173205 0.05700000 0.02100000
v -0.00157180 0.05700000 0.02116025
v -0.00100000 0.05700000 0.02173205
v 0.00000000 0.05700000 0.01800000
v 0.00100000 0.05700000 0.01826795
v 0.00173205 0.05700000 0.02100000
v 0.00200000 0.05700000 0.02000000
v 0.00173205 0.05700000 0.01900000
v -0.00000000 0.05700000 -0.01800000
v -0.00450000 0.05700000 -0.01388307
v -0.00450000 0.05700000 -0.01695929
v -0.01132959 0.05700000 -0.01614248
v -0.00963620 0.05700000 -0.01576620
v -0.00790297 0.05700000 -0.01617229
v 0.00847243 0.05700000 0.01475000
v 0.00850000 0.05700000 0.01472243
v 0.01202082 0.05700000 0.01202082
v 0.01448985 0.05700000 0.00880311
v 0.01472243 0.05700000 0.00850000
v 0.01541833 0.05700000 0.00775000
v 0.01563055 0.05700000 0.00752128
v 0.01936103 0.05700000 0.00780084
v 0.01927296 0.05700000 0.00775000
v 0.01820477 0.05700000 0.00713328
v 0.01687338 0.05700000 0.00703351
v 0.02031212 0.05700000 0.01022419
v 0.02591025 0.05700000 0.00775000
v 0.01991859 0.05700000 0.01150000
v 0.02591025 0.05700000 0.01475000
v 0.01982051 0.05700000 0.01162782
v 0.01000000 0.05700000 0.02032051
v 0.00850000 0.05700000 0.01991859
v 0.01742477 0.05700000 0.01475000
v 0.01982051 0.05700000 0.01475000
v 0.01626346 0.05700000 0.01626346
v 0.01448985 0.05700000 0.01762439
v 0.01150000 0.05700000 0.01991859
v 0.00740192 0.05700000 0.01582051
v 0.00700000 0.05700000 0.01732051
v 0.00740192 0.05700000 0.01882051
v -0.01150000 0.05700000 0.01991859
v -0.01626346 0.05700000 0.01626346
v -0.01742477 0.05700000 0.01475000
v -0.01982051 0.05700000 0.01475000
v -0.01982051 0.05700000 0.01162782
v -0.01991859 0.05700000 0.01150000
v -0.01982051 0.05700000 0.00840192
v -0.01991859 0.05700000 0.00850000
v -0.02591025 0.05700000 0.00775000
v -0.02032051 0.05700000 0.01000000
v -0.02591025 0.05700000 0.01475000
v -0.00900000 0.05700000 0.00000000
v -0.01547243 0.05700000 0.00775000
v -0.01582051 0.05700000 0.00740192
v -0.01916858 0.05700000 0.00775000
v -0.01982051 0.05700000 0.00775000
v -0.01882051 0.05700000 0.00740192
v -0.01732051 0.05700000 0.00700000
v -0.01202082 0.05700000 0.01202082
v -0.01472243 0.05700000 0.00850000
v -0.00779423 0.05700000 0.00450000
v -0.00454423 0.05700000 0.00775000
v -0.00847243 0.05700000 0.01475000
v -0.00740192 0.05700000 0.01582051
v -0.00700000 0.05700000 0.01732051
v -0.00740192 0.05700000 0.01882051
v -0.01132959 0.05700000 0.01996424
v -0.01000000 0.05700000 0.02032051
v -0.00850000 0.05700000 0.01991859
v 0.03300000 0.05700000 0.00850000
v 0.03225000 0.05700000 0.00870096
v 0.03429904 0.05700000 0.00925000
v 0.03375000 0.05700000 0.00870096
v 0.04000000 0.05700000 0.00775000
v 0.03225000 0.05700000 0.01129904
v 0.03300000 0.05700000 0.01150000
v 0.04000000 0.05700000 0.01475000
v 0.04000000 0.05700000 0.02116025
v 0.03170096 0.05700000 0.00925000
v 0.03150000 0.05700000 0.01000000
v 0.03170096 0.05700000 0.01075000
v 0.03375000 0.05700000 0.01129904
v 0.03429904 0.05700000 0.01075000
v 0.03450000 0.05700000 0.01000000
v -0.03300000 0.05700000 0.00850000
v -0.03375000 0.05700000 0.00870096
v -0.03725000 0.05700000 0.00775000
v -0.03375000 0.05700000 0.01129904
v -0.03300000 0.05700000 0.01150000
v -0.03725000 0.05700000 0.01475000
v -0.03170096 0.05700000 0.00925000
v -0.03225000 0.05700000 0.00870096
v -0.03429904 0.05700000 0.00925000
v -0.03450000 0.05700000 0.01000000
v -0.03429904 0.05700000 0.01075000
v -0.03225000 0.05700000 0.01129904
v -0.03170096 0.05700000 0.01075000
v -0.03150000 0.05700000 0.01000000
v 0.03300000 0.05700000 -0.01150000
v 0.03225000 0.05700000 -0.01129904
v 0.02591025 0.05700000 -0.01175000
v 0.03225000 0.05700000 -0.00870096
v 0.03300000 0.05700000 -0.00850000
v 0.04000000 0.05700000 -0.00050000
v 0.03429904 0.05700000 -0.01075000
v 0.03375000 0.05700000 -0.01129904
v 0.04000000 0.05700000 -0.01175000
v 0.02591025 0.05700000 -0.00050000
v 0.03170096 0.05700000 -0.01075000
v 0.03150000 0.05700000 -0.01000000
v 0.03170096 0.05700000 -0.00925000
v 0.03375000 0.05700000 -0.00870096
v 0.03429904 0.05700000 -0.00925000
v 0.03450000 0.05700000 -0.01000000
v -0.03300000 0.05700000 -0.01150000
v -0.03375000 0.05700000 -0.01129904
v -0.03725000 0.05700000 -0.01175000
v -0.03375000 0.05700000 -0.00870096
v -0.03300000 0.05700000 -0.00850000
v -0.03725000 0.05700000 -0.00050000
v -0.02591025 0.05700000 -0.00050000
v -0.03170096 0.05700000 -0.01075000
v -0.03225000 0.05700000 -0.01129904
v -0.02591025 0.05700000 -0.01175000
v -0.03429904 0.05700000 -0.01075000
v -0.03450000 0.05700000 -0.01000000
v -0.03429904 0.05700000 -0.00925000
v -0.03225000 0.05700000 -0.00870096
v -0.03170096 0.05700000 -0.00925000
v -0.03150000 0.05700000 -0.01000000
v 0.02591025 0.05700000 -0.01388307
v 0.02182315 0.05700000 -0.02500000
v -0.02591025 0.05700000 -0.01388307
v -0.03700000 0.05700000 -0.02500000
v -0.03725000 0.05700000 -0.01388307
v -0.03725000 0.05700000 -0.02493301
v -0.04000000 0.05700000 0.02200000
v -0.04000000 0.05700000 0.02116025
v -0.04000000 0.05700000 0.01475000
v -0.04000000 0.05700000 0.00775000
v -0.04000000 0.05700000 -0.00050000
v -0.04000000 0.05700000 -0.01175000
v -0.04000000 0.05700000 -0.01388307
v -0.04000000 0.05700000 -0.02200000
v -0.03850000 0.05700000 -0.02459808
v -0.03959808 0.05700000 -0.02350000
v -0.03150000 0.06200000 0.01000000
v -0.03150000 0.05700000 0.01000000
v -0.03170096 0.06200000 0.01075000
v -0.03170096 0.05700000 0.01075000
v -0.03225000 0.06200000 0.01129904
v -0.03225000 0.05700000 0.01129904
v -0.03300000 0.06200000 0.01150000
v -0.03300000 0.05700000 0.01150000
v -0.03375000 0.06200000 0.01129904
v -0.03375000 0.05700000 0.01129904
v -0.03429904 0.06200000 0.01075000
v -0.03429904 0.05700000 0.01075000
v -0.03450000 0.06200000 0.01000000
v -0.03450000 0.05700000 0.01000000
v -0.03429904 0.06200000 0.00925000
v -0.03429904 0.05700000 0.00925000
v -0.03375000 0.06200000 0.00870096
v -0.03375000 0.05700000 0.00870096
v -0.03300000 0.06200000 0.00850000
v -0.03300000 0.05700000 0.00850000
v -0.03225000 0.06200000 0.00870096
v -0.03225000 0.05700000 0.00870096
v -0.03170096 0.06200000 0.00925000
v -0.03170096 0.05700000 0.00925000
v -0.07056920 0.17251342 0.00900000
v -0.07056920 0.17251342 0.01200000
v -0.07070318 0.17301342 0.00900000
v -0.07070318 0.17301342 0.01200000
v -0.07106920 0.17337944 0.00900000
v -0.07106920 0.17337944 0.01200000
v -0.07156920 0.17351342 0.00900000
v -0.07156920 0.17351342 0.01200000
v -0.07206921 0.17337944 0.00900000
v -0.07206921 0.17337944 0.01200000
v -0.07243523 0.17301342 0.00900000
v -0.07243523 0.17301342 0.01200000
v -0.07256921 0.17251342 0.00900000
v -0.07256921 0.17251342 0.01200000
v -0.07243523 0.17201343 0.00900000
v -0.07243523 0.17201343 0.01200000
v -0.07206921 0.17164739 0.00900000
v -0.07206921 0.17164739 0.01200000
v -0.07156920 0.17151342 0.00900000
v -0.07156920 0.17151342 0.01200000
v -0.07106920 0.17164739 0.00900000
v -0.07106920 0.17164739 0.01200000
v -0.07070318 0.17201343 0.00900000
v -0.07070318 0.17201343 0.01200000
v -0.04450000 0.12700000 0.01200000
v -0.04450000 0.12700000 0.00900000
v -0.04429904 0.12775000 0.01200000
v -0.04429904 0.12775000 0.00900000
v -0.04375000 0.12829904 0.01200000
v -0.04375000 0.12829904 0.00900000
v -0.04300000 0.12850000 0.01200000
v -0.04300000 0.12850000 0.00900000
v -0.04225000 0.12829904 0.01200000
v -0.04225000 0.12829904 0.00900000
v -0.04170096 0.12775000 0.01200000
v -0.04170096 0.12775000 0.00900000
v -0.04150000 0.12700000 0.01200000
v -0.04150000 0.12700000 0.00900000
v -0.04170096 0.12625000 0.01200000
v -0.04170096 0.12625000 0.00900000
v -0.04225000 0.12570096 0.01200000
v -0.04225000 0.12570096 0.00900000
v -0.04300000 0.12550000 0.01200000
v -0.04300000 0.12550000 0.00900000
v -0.04375000 0.12570096 0.01200000
v -0.04375000 0.12570096 0.00900000
v -0.04429904 0.12625000 0.01200000
v -0.04429904 0.12625000 0.00900000
v -0.05274194 0.16138715 0.01200000
v -0.05274194 0.16138715 0.00900000
v -0.05873217 0.15906633 0.00900000
v -0.05873217 0.15906633 0.01200000
v -0.06297152 0.15423962 0.00900000
v -0.06297152 0.15423962 0.01200000
v -0.06450000 0.14800000 0.00900000
v -0.06450000 0.14800000 0.01200000
v -0.07550000 0.11900000 0.01200000
v -0.07550000 0.11900000 0.00900000
v -0.07251933 0.10728811 0.00900000
v -0.07251933 0.10728811 0.01200000
v -0.06430259 0.09842596 0.00900000
v -0.06430259 0.09842596 0.01200000
v -0.05284906 0.09456987 0.00900000
v -0.05284906 0.09456987 0.01200000
v -0.00631414 0.06700000 0.01200000
v -0.00631414 0.06700000 0.00900000
v -0.00717760 0.06719599 0.01200000
v -0.00717760 0.06719599 0.00900000
v -0.00787183 0.06774556 0.01200000
v -0.00787183 0.06774556 0.00900000
v -0.00826076 0.06854098 0.01200000
v -0.00826076 0.06854098 0.00900000
v 0.01395658 0.06408333 0.00900000
v 0.01395658 0.06408333 0.01200000
v 0.01382909 0.06329276 0.01200000
v 0.01382909 0.06329276 0.00900000
v 0.01340169 0.06261556 0.01200000
v 0.01340169 0.06261556 0.00900000
v 0.01274289 0.06216032 0.01200000
v 0.01274289 0.06216032 0.00900000
v 0.01195832 0.06200000 0.01200000
v 0.01195832 0.06200000 0.00900000
v -0.01200000 0.06200000 0.01200000
v -0.01200000 0.06200000 0.00900000
v -0.00259782 0.06200000 0.01200000
v -0.00259782 0.06200000 0.00900000
v 0.00877681 0.06200000 0.01200000
v 0.00877681 0.06200000 0.00900000
v -0.04200000 0.15500000 0.00900000
v -0.04400000 0.15500000 0.00900000
v -0.04200000 0.15500000 0.01200000
v -0.04400000 0.15500000 0.01200000
v -0.06450000 0.11900000 0.01200000
v -0.06450000 0.11900000 0.00900000
v -0.06297152 0.11276038 0.00900000
v -0.06297152 0.11276038 0.01200000
v -0.05873217 0.10793368 0.00900000
v -0.05873217 0.10793368 0.01200000
v -0.05274194 0.10561286 0.00900000
v -0.05274194 0.10561286 0.01200000
v -0.05314545 0.08957812 0.01200000
v -0.05314545 0.08957812 0.00900000
v -0.06697192 0.09419783 0.01200000
v -0.06697192 0.09419783 0.00900000
v -0.07689808 0.10487417 0.01200000
v -0.07689808 0.10487417 0.00900000
v -0.08050000 0.11900000 0.01200000
v -0.08050000 0.11900000 0.00900000
v -0.03100000 0.10391957 0.01200000
v -0.03100000 0.10391957 0.00900000
v -0.03081453 0.10476069 0.01200000
v -0.03081453 0.10476069 0.00900000
v -0.03029251 0.10544581 0.01200000
v -0.03029251 0.10544581 0.00900000
v -0.02953077 0.10584785 0.01200000
v -0.02953077 0.10584785 0.00900000
v -0.02867059 0.10589225 0.01200000
v -0.02867059 0.10589225 0.00900000
v -0.03416667 0.08392348 0.00900000
v -0.03416667 0.08392348 0.01200000
v -0.03509474 0.08424274 0.01200000
v -0.03509474 0.08424274 0.00900000
v -0.03575919 0.08496507 0.01200000
v -0.03575919 0.08496507 0.00900000
v -0.03600000 0.08591652 0.01200000
v -0.03600000 0.08591652 0.00900000
v -0.01073406 0.06900000 0.00900000
v -0.01073406 0.06900000 0.01200000
v -0.01093502 0.06975000 0.00900000
v -0.01093502 0.06975000 0.01200000
v -0.01148406 0.07029904 0.00900000
v -0.01148406 0.07029904 0.01200000
v -0.01223406 0.07050000 0.00900000
v -0.01223406 0.07050000 0.01200000
v -0.01298406 0.07029904 0.00900000
v -0.01298406 0.07029904 0.01200000
v -0.01353310 0.06975000 0.00900000
v -0.01353310 0.06975000 0.01200000
v -0.01373406 0.06900000 0.00900000
v -0.01373406 0.06900000 0.01200000
v -0.01353310 0.06825000 0.00900000
v -0.01353310 0.06825000 0.01200000
v -0.01298406 0.06770096 0.00900000
v -0.01298406 0.06770096 0.01200000
v -0.01223406 0.06750000 0.00900000
v -0.01223406 0.06750000 0.01200000
v -0.01148406 0.06770096 0.00900000
v -0.01148406 0.06770096 0.01200000
v -0.01093502 0.06825000 0.00900000
v -0.01093502 0.06825000 0.01200000
v -0.04450000 0.14700000 0.01200000
v -0.04450000 0.14700000 0.00900000
v -0.04429904 0.14775000 0.01200000
v -0.04429904 0.14775000 0.00900000
v -0.04375000 0.14829904 0.01200000
v -0.04375000 0.14829904 0.00900000
v -0.04300000 0.14850000 0.01200000
v -0.04300000 0.14850000 0.00900000
v -0.04225000 0.14829904 0.01200000
v -0.04225000 0.14829904 0.00900000
v -0.04170096 0.14775000 0.01200000
v -0.04170096 0.14775000 0.00900000
v -0.04150000 0.14700000 0.01200000
v -0.04150000 0.14700000 0.00900000
v -0.04170096 0.14625000 0.01200000
v -0.04170096 0.14625000 0.00900000
v -0.04225000 0.14570096 0.01200000
v -0.04225000 0.14570096 0.00900000
v -0.04300000 0.14550000 0.01200000
v -0.04300000 0.14550000 0.00900000
v -0.04375000 0.14570096 0.01200000
v -0.04375000 0.14570096 0.00900000
v -0.04429904 0.14625000 0.01200000
v -0.04429904 0.14625000 0.00900000
v -0.06450000 0.11900000 0.00900000
v -0.06450000 0.11900000 0.01200000
v -0.06450000 0.12189913 0.00900000
v -0.06450000 0.12189913 0.01200000
v -0.06450000 0.13360088 0.00900000
v -0.06450000 0.13360088 0.01200000
v -0.06450000 0.14162925 0.00900000
v -0.06450000 0.14162925 0.01200000
v -0.06450000 0.14502837 0.00900000
v -0.06450000 0.14502837 0.01200000
v -0.06450000 0.14800000 0.00900000
v -0.06450000 0.14800000 0.01200000
v -0.05100000 0.09157282 0.01200000
v -0.05100000 0.09257558 0.01200000
v -0.05100000 0.09157282 0.00900000
v -0.05100000 0.09257558 0.00900000
v -0.02933735 0.10093403 0.01200000
v -0.02933735 0.10093403 0.00900000
v -0.03018891 0.10129712 0.01200000
v -0.03018891 0.10129712 0.00900000
v -0.03078575 0.10200477 0.01200000
v -0.03078575 0.10200477 0.00900000
v -0.03100000 0.10290538 0.01200000
v -0.03100000 0.10290538 0.00900000
v -0.01300000 0.06226795 0.01200000
v -0.01300000 0.06226795 0.00900000
v -0.01373205 0.06300000 0.01200000
v -0.01373205 0.06300000 0.00900000
v -0.01400000 0.06400000 0.01200000
v -0.01400000 0.06400000 0.00900000
v -0.03094952 0.08646699 0.00900000
v -0.03094952 0.08646699 0.01200000
v -0.03108349 0.08696699 0.00900000
v -0.03108349 0.08696699 0.01200000
v -0.03144952 0.08733302 0.00900000
v -0.03144952 0.08733302 0.01200000
v -0.03194952 0.08746699 0.00900000
v -0.03194952 0.08746699 0.01200000
v -0.03244952 0.08733302 0.00900000
v -0.03244952 0.08733302 0.01200000
v -0.03281554 0.08696699 0.00900000
v -0.03281554 0.08696699 0.01200000
v -0.03294951 0.08646699 0.00900000
v -0.03294951 0.08646699 0.01200000
v -0.03281554 0.08596699 0.00900000
v -0.03281554 0.08596699 0.01200000
v -0.03244952 0.08560096 0.00900000
v -0.03244952 0.08560096 0.01200000
v -0.03194952 0.08546699 0.00900000
v -0.03194952 0.08546699 0.01200000
v -0.03144952 0.08560096 0.00900000
v -0.03144952 0.08560096 0.01200000
v -0.03108349 0.08596699 0.00900000
v -0.03108349 0.08596699 0.01200000
v -0.03900000 0.10400000 0.00900000
v -0.03900000 0.10400000 0.01200000
v -0.03722476 0.10400000 0.00900000
v -0.03722476 0.10400000 0.01200000
v -0.03700000 0.10400000 0.00900000
v -0.03700000 0.10400000 0.01200000
v -0.05100000 0.16337042 0.01200000
v -0.05100000 0.16437834 0.01200000
v -0.05100000 0.16337042 0.00900000
v -0.05100000 0.16437834 0.00900000
v -0.07550000 0.11900000 0.00900000
v -0.07550000 0.11900000 0.01200000
v -0.07550000 0.12189913 0.00900000
v -0.07550000 0.12189913 0.01200000
v -0.07550000 0.13360088 0.00900000
v -0.07550000 0.13360088 0.01200000
v -0.07550000 0.14162925 0.00900000
v -0.07550000 0.14162925 0.01200000
v -0.07550000 0.14502837 0.00900000
v -0.07550000 0.14502837 0.01200000
v -0.07550000 0.14800000 0.00900000
v -0.07550000 0.14800000 0.01200000
v -0.00333763 0.06944444 0.01200000
v -0.00333763 0.06944444 0.00900000
v -0.00333787 0.06855451 0.01200000
v -0.00333787 0.06855451 0.00900000
v -0.00372415 0.06775278 0.01200000
v -0.00372415 0.06775278 0.00900000
v -0.00442000 0.06719800 0.01200000
v -0.00442000 0.06719800 0.00900000
v -0.00528762 0.06700000 0.01200000
v -0.00528762 0.06700000 0.00900000
v -0.06094464 0.08892984 0.00900000
v -0.06094464 0.08892984 0.01200000
v -0.06107862 0.08942984 0.00900000
v -0.06107862 0.08942984 0.01200000
v -0.06144464 0.08979586 0.00900000
v -0.06144464 0.08979586 0.01200000
v -0.06194464 0.08992984 0.00900000
v -0.06194464 0.08992984 0.01200000
v -0.06244465 0.08979586 0.00900000
v -0.06244465 0.08979586 0.01200000
v -0.06281067 0.08942984 0.00900000
v -0.06281067 0.08942984 0.01200000
v -0.06294464 0.08892984 0.00900000
v -0.06294464 0.08892984 0.01200000
v -0.06281067 0.08842984 0.00900000
v -0.06281067 0.08842984 0.01200000
v -0.06244465 0.08806381 0.00900000
v -0.06244465 0.08806381 0.01200000
v -0.06194464 0.08792984 0.00900000
v -0.06194464 0.08792984 0.01200000
v -0.06144464 0.08806381 0.00900000
v -0.06144464 0.08806381 0.01200000
v -0.06107862 0.08842984 0.00900000
v -0.06107862 0.08842984 0.01200000
v -0.03600000 0.10995831 0.01200000
v -0.03600000 0.10995831 0.00900000
v -0.03600000 0.10970456 0.01200000
v -0.03600000 0.10970456 0.00900000
v -0.03600000 0.10500000 0.01200000
v -0.03600000 0.10500000 0.00900000
v -0.01249065 0.07811088 0.00900000
v -0.01249065 0.07811088 0.01200000
v -0.01988912 0.08550935 0.00900000
v -0.01988912 0.08550935 0.01200000
v -0.02945902 0.08973924 0.00900000
v -0.02945902 0.08973924 0.01200000
v -0.03900000 0.10400000 0.01200000
v -0.03900000 0.10400000 0.00900000
v -0.03913397 0.10350000 0.01200000
v -0.03913397 0.10350000 0.00900000
v -0.03950000 0.10313397 0.01200000
v -0.03950000 0.10313397 0.00900000
v -0.04000000 0.10300000 0.01200000
v -0.04000000 0.10300000 0.00900000
v -0.04050000 0.10313397 0.01200000
v -0.04050000 0.10313397 0.00900000
v -0.04086602 0.10350000 0.01200000
v -0.04086602 0.10350000 0.00900000
v -0.04100000 0.10400000 0.01200000
v -0.04100000 0.10400000 0.00900000
v -0.04086602 0.10450000 0.01200000
v -0.04086602 0.10450000 0.00900000
v -0.04050000 0.10486603 0.01200000
v -0.04050000 0.10486603 0.00900000
v -0.04000000 0.10500000 0.01200000
v -0.04000000 0.10500000 0.00900000
v -0.03100000 0.09271238 0.01200000
v -0.03100000 0.09271238 0.00900000
v -0.03080200 0.09358000 0.01200000
v -0.03080200 0.09358000 0.00900000
v -0.03024722 0.09427585 0.01200000
v -0.03024722 0.09427585 0.00900000
v -0.02944549 0.09466213 0.01200000
v -0.02944549 0.09466213 0.00900000
v -0.02855556 0.09466237 0.01200000
v -0.02855556 0.09466237 0.00900000
v -0.08151384 0.11344326 0.00900000
v -0.08151384 0.11344326 0.01200000
v -0.08164782 0.11394326 0.00900000
v -0.08164782 0.11394326 0.01200000
v -0.08201385 0.11430928 0.00900000
v -0.08201385 0.11430928 0.01200000
v -0.08251385 0.11444326 0.00900000
v -0.08251385 0.11444326 0.01200000
v -0.08301385 0.11430928 0.00900000
v -0.08301385 0.11430928 0.01200000
v -0.08337987 0.11394326 0.00900000
v -0.08337987 0.11394326 0.01200000
v -0.08351385 0.11344326 0.00900000
v -0.08351385 0.11344326 0.01200000
v -0.08337987 0.11294326 0.00900000
v -0.08337987 0.11294326 0.01200000
v -0.08301385 0.11257723 0.00900000
v -0.08301385 0.11257723 0.01200000
v -0.08251385 0.11244326 0.00900000
v -0.08251385 0.11244326 0.01200000
v -0.08201385 0.11257723 0.00900000
v -0.08201385 0.11257723 0.01200000
v -0.08164782 0.11294326 0.00900000
v -0.08164782 0.11294326 0.01200000
v -0.04000000 0.08600000 0.01200000
v -0.04000000 0.08600000 0.00900000
v -0.04000000 0.08769841 0.01200000
v -0.04000000 0.08769841 0.00900000
v -0.04000000 0.08875133 0.01200000
v -0.04000000 0.08875133 0.00900000
v -0.04000000 0.09100000 0.01200000
v -0.04000000 0.09100000 0.00900000
v -0.00631414 0.06700000 0.01200000
v -0.00528762 0.06700000 0.01200000
v -0.00631414 0.06700000 0.00900000
v -0.00528762 0.06700000 0.00900000
v -0.03700000 0.09200000 0.01200000
v -0.03700000 0.09200000 0.00900000
v -0.03686602 0.09250000 0.01200000
v -0.03686602 0.09250000 0.00900000
v -0.03650000 0.09286603 0.01200000
v -0.03650000 0.09286603 0.00900000
v -0.03600000 0.09300000 0.01200000
v -0.03600000 0.09300000 0.00900000
v -0.03550000 0.09286603 0.01200000
v -0.03550000 0.09286603 0.00900000
v -0.03513397 0.09250000 0.01200000
v -0.03513397 0.09250000 0.00900000
v -0.03500000 0.09200000 0.01200000
v -0.03500000 0.09200000 0.00900000
v -0.03513397 0.09150000 0.01200000
v -0.03513397 0.09150000 0.00900000
v -0.03550000 0.09113398 0.01200000
v -0.03550000 0.09113398 0.00900000
v -0.03600000 0.09100000 0.01200000
v -0.03600000 0.09100000 0.00900000
v -0.03025444 0.09012817 0.01200000
v -0.03025444 0.09012817 0.00900000
v -0.03080401 0.09082240 0.01200000
v -0.03080401 0.09082240 0.00900000
v -0.03100000 0.09168585 0.01200000
v -0.03100000 0.09168585 0.00900000
v 0.00877681 0.08343587 0.01200000
v 0.00877681 0.07803349 0.01200000
v 0.01114762 0.07803349 0.01200000
v -0.04050000 0.10486603 0.01200000
v -0.04000000 0.10500000 0.01200000
v -0.04000000 0.10970456 0.01200000
v -0.04500000 0.16894588 0.01200000
v -0.04500000 0.17547030 0.01200000
v -0.04550000 0.17547030 0.01200000
v -0.08496205 0.15200000 0.01200000
v -0.08475693 0.15200000 0.01200000
v -0.08475693 0.15279048 0.01200000
v -0.07653460 0.09672371 0.01200000
v -0.07653460 0.09766702 0.01200000
v -0.07747791 0.09766702 0.01200000
v -0.03563489 0.09109783 0.01200000
v -0.03600000 0.09100000 0.01200000
v -0.03600000 0.08875133 0.01200000
v -0.01606037 0.08860969 0.01200000
v -0.01606037 0.08875133 0.01200000
v -0.01620201 0.08875133 0.01200000
v 0.00400477 0.06721425 0.01200000
v 0.00372525 0.06745000 0.01200000
v -0.00259782 0.06745000 0.01200000
v -0.06229788 0.16924897 0.01200000
v -0.06229788 0.16894588 0.01200000
v -0.05532556 0.16894588 0.01200000
v -0.06319813 0.16894588 0.01200000
v -0.05100000 0.09157282 0.01200000
v -0.05109898 0.09109783 0.01200000
v -0.04550000 0.09109783 0.01200000
v -0.06229788 0.09263614 0.01200000
v -0.06229788 0.09109783 0.01200000
v -0.05769385 0.09109783 0.01200000
v -0.07055725 0.16894588 0.01200000
v -0.07653460 0.16894588 0.01200000
v -0.07653460 0.16251679 0.01200000
v 0.00877681 0.06745000 0.01200000
v 0.00984842 0.06820000 0.01200000
v 0.00963406 0.06900000 0.01200000
v 0.01236543 0.07013137 0.01200000
v 0.01261970 0.06980000 0.01200000
v 0.01191812 0.07627774 0.01200000
v 0.01283406 0.06900000 0.01200000
v 0.01339380 0.06745000 0.01200000
v 0.01261970 0.06820000 0.01200000
v 0.00984842 0.06980000 0.01200000
v 0.01043406 0.07038564 0.01200000
v 0.01123406 0.07060000 0.01200000
v 0.01203406 0.07038564 0.01200000
v 0.01203406 0.06761436 0.01200000
v 0.01142066 0.06745000 0.01200000
v 0.01343559 0.06720000 0.01200000
v 0.01123406 0.06740000 0.01200000
v 0.00877681 0.06720000 0.01200000
v 0.01104746 0.06745000 0.01200000
v 0.01043406 0.06761436 0.01200000
v -0.06281067 0.08942984 0.01200000
v -0.06244465 0.08979586 0.01200000
v -0.06622232 0.09109783 0.01200000
v -0.06622232 0.08875133 0.01200000
v -0.06294464 0.08892984 0.01200000
v -0.06289681 0.08875133 0.01200000
v -0.06480266 0.08769841 0.01200000
v -0.06281067 0.08842984 0.01200000
v -0.06229788 0.08769841 0.01200000
v -0.05532556 0.08769841 0.01200000
v -0.06144464 0.08806381 0.01200000
v -0.06194464 0.08792984 0.01200000
v -0.06229788 0.08802449 0.01200000
v -0.06244465 0.08806381 0.01200000
v -0.06144464 0.08979586 0.01200000
v -0.06194464 0.08992984 0.01200000
v -0.06229788 0.08983519 0.01200000
v -0.05314545 0.08957812 0.01200000
v -0.05532556 0.09030654 0.01200000
v -0.05532556 0.08875133 0.01200000
v -0.06107862 0.08942984 0.01200000
v -0.06094464 0.08892984 0.01200000
v -0.06099248 0.08875133 0.01200000
v -0.06107862 0.08842984 0.01200000
v -0.05100000 0.17442442 0.01200000
v -0.05124332 0.17346834 0.01200000
v -0.04550000 0.16894588 0.01200000
v -0.05100899 0.17547030 0.01200000
v -0.05100000 0.17542718 0.01200000
v -0.04670096 0.18025000 0.01200000
v -0.04650000 0.18100000 0.01200000
v -0.04550000 0.18323205 0.01200000
v -0.04670096 0.18175000 0.01200000
v -0.04929904 0.18025000 0.01200000
v -0.04950000 0.18100000 0.01200000
v -0.05532556 0.18213226 0.01200000
v -0.04725000 0.17970096 0.01200000
v -0.04800000 0.17950000 0.01200000
v -0.04875000 0.17970096 0.01200000
v -0.05116647 0.17622604 0.01200000
v -0.04725000 0.18229904 0.01200000
v -0.04600000 0.18373205 0.01200000
v -0.04800000 0.18250000 0.01200000
v -0.04700000 0.18400000 0.01200000
v -0.04875000 0.18229904 0.01200000
v -0.05100000 0.18400000 0.01200000
v -0.04929904 0.18175000 0.01200000
v -0.05169430 0.18326306 0.01200000
v -0.05266056 0.18296059 0.01200000
v -0.05233660 0.17731395 0.01200000
v -0.05163818 0.17689192 0.01200000
v -0.06697192 0.17280217 0.01200000
v -0.06622232 0.17305262 0.01200000
v -0.06622232 0.17547030 0.01200000
v -0.06229788 0.17436387 0.01200000
v -0.06229788 0.17547030 0.01200000
v -0.05898640 0.17547030 0.01200000
v -0.07070318 0.17201343 0.01200000
v -0.07156920 0.17351342 0.01200000
v -0.07106920 0.17337944 0.01200000
v -0.07070318 0.17301342 0.01200000
v -0.07056920 0.17251342 0.01200000
v -0.07106920 0.17164739 0.01200000
v -0.07156920 0.17151342 0.01200000
v -0.07206921 0.17164739 0.01200000
v -0.07243523 0.17201343 0.01200000
v -0.07206921 0.17337944 0.01200000
v -0.07161660 0.17547030 0.01200000
v -0.07243523 0.17301342 0.01200000
v -0.07653460 0.17031316 0.01200000
v -0.07256921 0.17251342 0.01200000
v -0.07783848 0.16894588 0.01200000
v -0.08100692 0.16562337 0.01200000
v -0.07689808 0.16212583 0.01200000
v -0.07948005 0.15200000 0.01200000
v -0.08100692 0.15200000 0.01200000
v -0.08050000 0.14800000 0.01200000
v -0.08100692 0.14502837 0.01200000
v -0.08100692 0.11537075 0.01200000
v -0.08050000 0.11900000 0.01200000
v -0.08100692 0.12189913 0.01200000
v -0.08050000 0.12189913 0.01200000
v -0.08100692 0.13360088 0.01200000
v -0.08050000 0.13360088 0.01200000
v -0.08100692 0.14162925 0.01200000
v -0.08050000 0.14162925 0.01200000
v -0.08050000 0.14502837 0.01200000
v -0.07689808 0.10487417 0.01200000
v -0.07812978 0.10970456 0.01200000
v -0.08100692 0.10970456 0.01200000
v -0.07957458 0.11537075 0.01200000
v -0.08100692 0.10119604 0.01200000
v -0.07653460 0.10448321 0.01200000
v -0.07019735 0.09766702 0.01200000
v -0.06697192 0.09419783 0.01200000
v -0.07090872 0.09109783 0.01200000
v -0.06622232 0.09394737 0.01200000
v -0.05116647 0.09077396 0.01200000
v -0.04550000 0.08875133 0.01200000
v -0.05163818 0.09010809 0.01200000
v -0.05233660 0.08968605 0.01200000
v -0.05284906 0.09456987 0.01200000
v -0.05191407 0.09425509 0.01200000
v -0.04550000 0.09766702 0.01200000
v -0.05124332 0.09353165 0.01200000
v -0.05100000 0.09257558 0.01200000
v -0.06229788 0.10466262 0.01200000
v -0.06229788 0.09775103 0.01200000
v -0.06151610 0.10377957 0.01200000
v -0.06204835 0.09766702 0.01200000
v -0.05532556 0.09540364 0.01200000
v -0.05532556 0.09766702 0.01200000
v -0.05532556 0.10142779 0.01200000
v -0.06229788 0.16233739 0.01200000
v -0.06430259 0.16857404 0.01200000
v -0.06622232 0.15790457 0.01200000
v -0.06622232 0.16650351 0.01200000
v -0.06738289 0.15659367 0.01200000
v -0.07251933 0.15971189 0.01200000
v -0.06851457 0.15200000 0.01200000
v -0.07448200 0.15200000 0.01200000
v -0.06950000 0.14800000 0.01200000
v -0.07550000 0.14800000 0.01200000
v -0.06950000 0.14502837 0.01200000
v -0.07550000 0.14502837 0.01200000
v -0.06950000 0.14162925 0.01200000
v -0.07550000 0.14162925 0.01200000
v -0.06950000 0.13360088 0.01200000
v -0.07550000 0.13360088 0.01200000
v -0.06950000 0.12189913 0.01200000
v -0.07550000 0.12189913 0.01200000
v -0.06950000 0.11900000 0.01200000
v -0.07550000 0.11900000 0.01200000
v -0.06860591 0.11537075 0.01200000
v -0.07457636 0.11537075 0.01200000
v -0.06738289 0.11040634 0.01200000
v -0.07313432 0.10970456 0.01200000
v -0.06676160 0.10970456 0.01200000
v -0.07251933 0.10728811 0.01200000
v -0.06622232 0.10909543 0.01200000
v -0.06622232 0.10049649 0.01200000
v -0.06430259 0.09842596 0.01200000
v -0.05191407 0.17274491 0.01200000
v -0.05284906 0.17243012 0.01200000
v -0.05532556 0.17159636 0.01200000
v 0.00677976 0.06720000 0.01200000
v 0.00676069 0.06718547 0.01200000
v 0.00877681 0.06200000 0.01200000
v 0.00784785 0.06846923 0.01200000
v 0.00744581 0.06770749 0.01200000
v 0.00789225 0.06932941 0.01200000
v 0.00449515 0.07803349 0.01200000
v 0.00125299 0.08634059 0.01200000
v 0.00694978 0.08759915 0.01200000
v 0.00685052 0.08769841 0.01200000
v -0.00010483 0.08769841 0.01200000
v 0.00579760 0.08875133 0.01200000
v -0.00115774 0.08875133 0.01200000
v 0.00345110 0.09109783 0.01200000
v -0.00259782 0.09019140 0.01200000
v -0.00259782 0.09109783 0.01200000
v -0.00350424 0.09109783 0.01200000
v -0.01007343 0.09766702 0.01200000
v -0.01838668 0.10596587 0.01200000
v -0.01852066 0.10546587 0.01200000
v -0.01606037 0.10097063 0.01200000
v -0.02038668 0.10596587 0.01200000
v -0.02025271 0.10646587 0.01200000
v -0.02566810 0.10949883 0.01200000
v -0.01888668 0.10509984 0.01200000
v -0.01938668 0.10496587 0.01200000
v -0.02566810 0.10472041 0.01200000
v -0.01988668 0.10509984 0.01200000
v -0.02025271 0.10546587 0.01200000
v -0.01988668 0.10683189 0.01200000
v -0.01938668 0.10696587 0.01200000
v -0.01606037 0.10663610 0.01200000
v -0.01888668 0.10683189 0.01200000
v -0.01852066 0.10646587 0.01200000
v -0.03600000 0.10995831 0.01200000
v -0.03600000 0.10970456 0.01200000
v -0.02635858 0.10970456 0.01200000
v -0.03600000 0.10500000 0.01200000
v -0.02103243 0.09766702 0.01200000
v -0.02566810 0.09949061 0.01200000
v -0.02566810 0.09766702 0.01200000
v -0.02933735 0.10093403 0.01200000
v -0.03600000 0.10300000 0.01200000
v -0.03722476 0.09766702 0.01200000
v -0.03550000 0.10313397 0.01200000
v -0.03700000 0.10400000 0.01200000
v -0.03722476 0.10400000 0.01200000
v -0.03686602 0.10350000 0.01200000
v -0.03650000 0.10313397 0.01200000
v -0.03550000 0.10486603 0.01200000
v -0.03513397 0.10450000 0.01200000
v -0.03029251 0.10544581 0.01200000
v -0.03018891 0.10129712 0.01200000
v -0.03513397 0.10350000 0.01200000
v -0.02867059 0.10589225 0.01200000
v -0.02953077 0.10584785 0.01200000
v -0.03078575 0.10200477 0.01200000
v -0.03100000 0.10290538 0.01200000
v -0.03500000 0.10400000 0.01200000
v -0.03100000 0.10391957 0.01200000
v -0.03081453 0.10476069 0.01200000
v -0.01040954 0.09109783 0.01200000
v -0.01434996 0.09503824 0.01200000
v -0.01606037 0.09571109 0.01200000
v 0.00329712 0.06781109 0.01200000
v 0.00293404 0.06866265 0.01200000
v -0.00259782 0.07803349 0.01200000
v -0.00075230 0.07803349 0.01200000
v -0.00259782 0.08272489 0.01200000
v 0.00591957 0.06700000 0.01200000
v 0.00490538 0.06700000 0.01200000
v -0.00259782 0.06200000 0.01200000
v 0.00406466 0.06720000 0.01200000
v -0.00259782 0.06720000 0.01200000
v -0.00441748 0.06720000 0.01200000
v -0.00442000 0.06719800 0.01200000
v -0.00528762 0.06700000 0.01200000
v -0.01200000 0.06200000 0.01200000
v -0.00631414 0.06700000 0.01200000
v -0.00717760 0.06719599 0.01200000
v -0.01300000 0.06226795 0.01200000
v -0.01373205 0.06300000 0.01200000
v -0.01400000 0.06400000 0.01200000
v -0.01400000 0.06720000 0.01200000
v -0.00333787 0.06855451 0.01200000
v -0.00372415 0.06775278 0.01200000
v -0.00410392 0.06745000 0.01200000
v -0.00333763 0.06944444 0.01200000
v -0.00708291 0.07803349 0.01200000
v -0.00831907 0.08086839 0.01200000
v -0.00296176 0.08365004 0.01200000
v -0.01514909 0.08769841 0.01200000
v -0.00701012 0.08769841 0.01200000
v -0.00806304 0.08875133 0.01200000
v -0.01713160 0.08968093 0.01200000
v -0.01606037 0.09109783 0.01200000
v -0.02038100 0.09109783 0.01200000
v -0.03722476 0.09200000 0.01200000
v -0.03700000 0.09200000 0.01200000
v -0.03686602 0.09250000 0.01200000
v -0.03650000 0.09286603 0.01200000
v -0.03600000 0.09300000 0.01200000
v -0.03550000 0.09286603 0.01200000
v -0.03513397 0.09250000 0.01200000
v -0.03513397 0.09150000 0.01200000
v -0.03086653 0.09109783 0.01200000
v -0.03500000 0.09200000 0.01200000
v -0.03100000 0.09168585 0.01200000
v -0.03100000 0.09271238 0.01200000
v -0.02944549 0.09466213 0.01200000
v -0.03024722 0.09427585 0.01200000
v -0.03080200 0.09358000 0.01200000
v -0.02855556 0.09466237 0.01200000
v -0.02566810 0.09340328 0.01200000
v -0.03550000 0.09113398 0.01200000
v -0.03080401 0.09082240 0.01200000
v -0.03025444 0.09012817 0.01200000
v -0.02945902 0.08973924 0.01200000
v -0.01988912 0.08550935 0.01200000
v -0.02484175 0.08769841 0.01200000
v -0.02566810 0.08769841 0.01200000
v -0.02566810 0.08806366 0.01200000
v -0.02722392 0.08875133 0.01200000
v -0.01245645 0.07803349 0.01200000
v -0.01249065 0.07811088 0.01200000
v -0.01606037 0.08168060 0.01200000
v -0.01400000 0.06745000 0.01200000
v -0.01298406 0.06770096 0.01200000
v -0.01400000 0.06800000 0.01200000
v -0.01353310 0.06825000 0.01200000
v -0.01550610 0.07000000 0.01200000
v -0.01373406 0.06900000 0.01200000
v -0.01606037 0.07088795 0.01200000
v -0.01353310 0.06975000 0.01200000
v -0.01298406 0.07029904 0.01200000
v -0.01606037 0.07803349 0.01200000
v -0.02566810 0.08126733 0.01200000
v -0.02133404 0.07803349 0.01200000
v -0.01223406 0.07050000 0.01200000
v -0.01148406 0.07029904 0.01200000
v -0.00826076 0.06854098 0.01200000
v -0.01093502 0.06975000 0.01200000
v -0.01073406 0.06900000 0.01200000
v -0.00787183 0.06774556 0.01200000
v -0.01093502 0.06825000 0.01200000
v -0.00749847 0.06745000 0.01200000
v -0.01148406 0.06770096 0.01200000
v -0.01223406 0.06750000 0.01200000
v -0.00718266 0.06720000 0.01200000
v -0.05274194 0.10561286 0.01200000
v -0.05185449 0.10526903 0.01200000
v -0.04550000 0.10970456 0.01200000
v -0.05532556 0.10661384 0.01200000
v -0.05117634 0.10180052 0.01200000
v -0.05167427 0.10112419 0.01200000
v -0.05240597 0.10071192 0.01200000
v -0.05324242 0.10063641 0.01200000
v -0.05122644 0.10455396 0.01200000
v -0.05100000 0.10362958 0.01200000
v -0.05100000 0.10262166 0.01200000
v -0.06028756 0.10970456 0.01200000
v -0.05532556 0.10970456 0.01200000
v -0.06229788 0.11199341 0.01200000
v -0.05532556 0.11537075 0.01200000
v -0.06361096 0.11537075 0.01200000
v -0.06229788 0.11537075 0.01200000
v -0.06450000 0.11900000 0.01200000
v -0.06229788 0.12189913 0.01200000
v -0.06229788 0.14502837 0.01200000
v -0.06229788 0.15200000 0.01200000
v -0.06352014 0.15200000 0.01200000
v -0.06450000 0.14800000 0.01200000
v -0.06450000 0.14502837 0.01200000
v -0.06229788 0.14162925 0.01200000
v -0.06450000 0.14162925 0.01200000
v -0.06229788 0.13360088 0.01200000
v -0.06450000 0.13360088 0.01200000
v -0.06450000 0.12189913 0.01200000
v -0.06297152 0.15423962 0.01200000
v -0.06229788 0.15500659 0.01200000
v -0.05873217 0.15906633 0.01200000
v -0.05274194 0.16138715 0.01200000
v -0.05532556 0.16038616 0.01200000
v -0.04929904 0.15775000 0.01200000
v -0.04550000 0.15413398 0.01200000
v -0.04586602 0.15450000 0.01200000
v -0.05532556 0.15200000 0.01200000
v -0.04600000 0.15500000 0.01200000
v -0.04800000 0.15550000 0.01200000
v -0.04875000 0.15570096 0.01200000
v -0.04929904 0.15625000 0.01200000
v -0.04950000 0.15700000 0.01200000
v -0.05532556 0.16557221 0.01200000
v -0.05324242 0.16636359 0.01200000
v -0.04800000 0.15850000 0.01200000
v -0.04725000 0.15829904 0.01200000
v -0.04670096 0.15775000 0.01200000
v -0.04550000 0.15586603 0.01200000
v -0.04650000 0.15700000 0.01200000
v -0.04586602 0.15550000 0.01200000
v -0.04670096 0.15625000 0.01200000
v -0.04725000 0.15570096 0.01200000
v -0.05240597 0.16628809 0.01200000
v -0.05167427 0.16587581 0.01200000
v -0.05117634 0.16519947 0.01200000
v -0.05100000 0.16437834 0.01200000
v -0.05100000 0.16337042 0.01200000
v -0.04875000 0.15829904 0.01200000
v -0.05122644 0.16244604 0.01200000
v -0.05185449 0.16173097 0.01200000
v -0.06151610 0.16322044 0.01200000
v 0.01195832 0.06200000 0.01200000
v 0.01274289 0.06216032 0.01200000
v 0.01340169 0.06261556 0.01200000
v 0.00710787 0.06745000 0.01200000
v 0.01395658 0.06408333 0.01200000
v 0.01382909 0.06329276 0.01200000
v -0.01981169 0.07689760 0.01200000
v -0.03294951 0.08646699 0.01200000
v -0.03281554 0.08696699 0.01200000
v -0.03600000 0.08769841 0.01200000
v -0.03244952 0.08733302 0.01200000
v -0.03194952 0.08746699 0.01200000
v -0.03416667 0.08392348 0.01200000
v -0.03244952 0.08560096 0.01200000
v -0.03509474 0.08424274 0.01200000
v -0.03281554 0.08596699 0.01200000
v -0.03575919 0.08496507 0.01200000
v -0.03600000 0.08591652 0.01200000
v -0.03144952 0.08733302 0.01200000
v -0.03108349 0.08696699 0.01200000
v -0.03094952 0.08646699 0.01200000
v -0.03108349 0.08596699 0.01200000
v -0.02632861 0.08176017 0.01200000
v -0.03144952 0.08560096 0.01200000
v -0.03194952 0.08546699 0.01200000
v -0.04036511 0.09109783 0.01200000
v -0.04050000 0.09113398 0.01200000
v -0.04086602 0.09150000 0.01200000
v -0.04100000 0.09200000 0.01200000
v -0.04086602 0.09250000 0.01200000
v -0.04050000 0.09286603 0.01200000
v -0.04000000 0.09300000 0.01200000
v -0.03900000 0.09200000 0.01200000
v -0.03913397 0.09250000 0.01200000
v -0.03950000 0.09286603 0.01200000
v -0.04550000 0.08769841 0.01200000
v -0.04200000 0.08400000 0.01200000
v -0.04100000 0.08426795 0.01200000
v -0.04000000 0.09100000 0.01200000
v -0.04000000 0.08875133 0.01200000
v -0.04000000 0.08769841 0.01200000
v -0.04000000 0.08600000 0.01200000
v -0.04026795 0.08500000 0.01200000
v -0.05532556 0.08515903 0.01200000
v -0.05100000 0.08400000 0.01200000
v -0.04550000 0.08400000 0.01200000
v -0.06856222 0.08875133 0.01200000
v -0.06850000 0.08868911 0.01200000
v -0.06622232 0.08807881 0.01200000
v -0.08350930 0.10970456 0.01200000
v -0.08131089 0.10150000 0.01200000
v -0.08151384 0.11344326 0.01200000
v -0.08301385 0.11257723 0.01200000
v -0.08337987 0.11294326 0.01200000
v -0.08251385 0.11444326 0.01200000
v -0.08201385 0.11430928 0.01200000
v -0.08164782 0.11394326 0.01200000
v -0.08475693 0.11436078 0.01200000
v -0.08351385 0.11344326 0.01200000
v -0.08337987 0.11394326 0.01200000
v -0.08475693 0.11537075 0.01200000
v -0.08301385 0.11430928 0.01200000
v -0.08164782 0.11294326 0.01200000
v -0.08201385 0.11257723 0.01200000
v -0.08251385 0.11244326 0.01200000
v -0.08475693 0.12189913 0.01200000
v -0.08600000 0.11900000 0.01200000
v -0.08502755 0.11537075 0.01200000
v -0.08475693 0.14502837 0.01200000
v -0.08158395 0.16501829 0.01200000
v -0.06622232 0.17874535 0.01200000
v -0.06945016 0.17774208 0.01200000
v -0.06229788 0.17996514 0.01200000
v -0.05532556 0.17669346 0.01200000
v -0.05314545 0.17742188 0.01200000
v -0.04500000 0.18200000 0.01200000
v -0.04526795 0.18300000 0.01200000
v -0.04500000 0.15600000 0.01200000
v -0.04413398 0.15450000 0.01200000
v -0.04000000 0.15200000 0.01200000
v -0.04000000 0.15300000 0.01200000
v -0.04450000 0.15413398 0.01200000
v -0.04500000 0.15400000 0.01200000
v -0.04550000 0.15200000 0.01200000
v -0.04400000 0.15500000 0.01200000
v -0.04200000 0.15500000 0.01200000
v -0.04100000 0.15473205 0.01200000
v -0.04026795 0.15400000 0.01200000
v -0.04170096 0.14625000 0.01200000
v -0.04225000 0.14570096 0.01200000
v -0.04000000 0.14502837 0.01200000
v -0.04300000 0.14550000 0.01200000
v -0.04375000 0.14570096 0.01200000
v -0.04550000 0.14502837 0.01200000
v -0.04429904 0.14625000 0.01200000
v -0.04450000 0.14700000 0.01200000
v -0.04429904 0.14775000 0.01200000
v -0.04375000 0.14829904 0.01200000
v -0.04300000 0.14850000 0.01200000
v -0.04225000 0.14829904 0.01200000
v -0.04170096 0.14775000 0.01200000
v -0.04150000 0.14700000 0.01200000
v -0.04300000 0.12550000 0.01200000
v -0.04375000 0.12570096 0.01200000
v -0.04550000 0.12189913 0.01200000
v -0.04225000 0.12570096 0.01200000
v -0.04300000 0.12850000 0.01200000
v -0.04225000 0.12829904 0.01200000
v -0.04000000 0.13360088 0.01200000
v -0.04429904 0.12625000 0.01200000
v -0.04450000 0.12700000 0.01200000
v -0.04550000 0.13360088 0.01200000
v -0.04429904 0.12775000 0.01200000
v -0.04375000 0.12829904 0.01200000
v -0.04550000 0.14162925 0.01200000
v -0.04000000 0.14162925 0.01200000
v -0.04170096 0.12775000 0.01200000
v -0.04150000 0.12700000 0.01200000
v -0.04000000 0.12189913 0.01200000
v -0.04170096 0.12625000 0.01200000
v -0.03900000 0.10400000 0.01200000
v -0.03913397 0.10350000 0.01200000
v -0.03950000 0.10313397 0.01200000
v -0.04000000 0.10300000 0.01200000
v -0.04086602 0.10450000 0.01200000
v -0.04550000 0.11537075 0.01200000
v -0.04000000 0.11537075 0.01200000
v -0.04050000 0.10313397 0.01200000
v -0.04086602 0.10350000 0.01200000
v -0.04100000 0.10400000 0.01200000
v -0.03583968 0.11074289 0.01200000
v -0.03538444 0.11140169 0.01200000
v -0.03470724 0.11182909 0.01200000
v -0.03391667 0.11195658 0.01200000
v -0.00190801 0.09326583 0.01200000
v -0.00177403 0.09376583 0.01200000
v -0.00259782 0.09714674 0.01200000
v -0.00140801 0.09413185 0.01200000
v -0.00090801 0.09426583 0.01200000
v -0.00140801 0.09239980 0.01200000
v -0.00177403 0.09276583 0.01200000
v -0.00040801 0.09413185 0.01200000
v -0.00004198 0.09376583 0.01200000
v 0.00009199 0.09326583 0.01200000
v -0.00004198 0.09276583 0.01200000
v -0.00040801 0.09239980 0.01200000
v -0.00090801 0.09226583 0.01200000
v -0.00311809 0.09766702 0.01200000
v -0.01165941 0.09925299 0.01200000
v -0.01040085 0.10494978 0.01200000
v -0.08251385 0.14455674 0.01200000
v -0.08201385 0.14442277 0.01200000
v -0.08337987 0.14405674 0.01200000
v -0.08301385 0.14442277 0.01200000
v -0.08164782 0.14405674 0.01200000
v -0.08151384 0.14355674 0.01200000
v -0.08164782 0.14305674 0.01200000
v -0.08201385 0.14269072 0.01200000
v -0.08251385 0.14255674 0.01200000
v -0.08301385 0.14269072 0.01200000
v -0.08475693 0.14162925 0.01200000
v -0.08337987 0.14305674 0.01200000
v -0.08351385 0.14355674 0.01200000
v -0.06065112 0.14070175 0.01200000
v -0.06015112 0.14056778 0.01200000
v -0.05532556 0.14162925 0.01200000
v -0.06065112 0.13870175 0.01200000
v -0.06115112 0.13883573 0.01200000
v -0.05978509 0.14020175 0.01200000
v -0.05965112 0.13970175 0.01200000
v -0.05532556 0.13360088 0.01200000
v -0.05978509 0.13920175 0.01200000
v -0.06115112 0.14056778 0.01200000
v -0.05532556 0.14502837 0.01200000
v -0.06015112 0.13883573 0.01200000
v -0.06151714 0.13920175 0.01200000
v -0.06165111 0.13970175 0.01200000
v -0.06151714 0.14020175 0.01200000
v -0.08600000 0.14800000 0.01200000
v -0.08600000 0.14502837 0.01200000
v -0.08600000 0.14162925 0.01200000
v -0.08475693 0.13360088 0.01200000
v -0.08600000 0.13360088 0.01200000
v -0.08600000 0.12189913 0.01200000
v -0.06065112 0.11629825 0.01200000
v -0.06115112 0.11643222 0.01200000
v -0.06115112 0.11816427 0.01200000
v -0.06065112 0.11829825 0.01200000
v -0.05532556 0.12189913 0.01200000
v -0.05978509 0.11679825 0.01200000
v -0.06015112 0.11643222 0.01200000
v -0.06151714 0.11679825 0.01200000
v -0.06165111 0.11729825 0.01200000
v -0.06151714 0.11779825 0.01200000
v -0.06297152 0.11276038 0.01200000
v -0.06015112 0.11816427 0.01200000
v -0.05978509 0.11779825 0.01200000
v -0.05965112 0.11729825 0.01200000
v -0.05873217 0.10793368 0.01200000
v -0.06229788 0.08702726 0.01200000
v -0.03600000 0.08769841 0.00900000
v -0.03600000 0.08769841 0.01200000
v -0.03600000 0.08875133 0.00900000
v -0.03600000 0.08875133 0.01200000
v -0.03600000 0.09100000 0.00900000
v -0.03600000 0.09100000 0.01200000
v -0.02855556 0.09466237 0.01200000
v -0.02855556 0.09466237 0.00900000
v -0.01713160 0.08968093 0.01200000
v -0.01713160 0.08968093 0.00900000
v -0.00831907 0.08086839 0.01200000
v -0.00831907 0.08086839 0.00900000
v -0.00333763 0.06944444 0.01200000
v -0.00333763 0.06944444 0.00900000
v -0.04000000 0.09100000 0.01200000
v -0.04000000 0.09100000 0.00900000
v -0.04050000 0.09113398 0.01200000
v -0.04050000 0.09113398 0.00900000
v -0.04086602 0.09150000 0.01200000
v -0.04086602 0.09150000 0.00900000
v -0.04100000 0.09200000 0.01200000
v -0.04100000 0.09200000 0.00900000
v -0.04086602 0.09250000 0.01200000
v -0.04086602 0.09250000 0.00900000
v -0.04050000 0.09286603 0.01200000
v -0.04050000 0.09286603 0.00900000
v -0.04000000 0.09300000 0.01200000
v -0.04000000 0.09300000 0.00900000
v -0.03950000 0.09286603 0.01200000
v -0.03950000 0.09286603 0.00900000
v -0.03913397 0.09250000 0.01200000
v -0.03913397 0.09250000 0.00900000
v -0.03900000 0.09200000 0.01200000
v -0.03900000 0.09200000 0.00900000
v -0.05191407 0.09425509 0.01200000
v -0.05191407 0.09425509 0.00900000
v -0.05124332 0.09353165 0.01200000
v -0.05124332 0.09353165 0.00900000
v -0.05100000 0.09257558 0.01200000
v -0.05100000 0.09257558 0.00900000
v -0.06151610 0.16322044 0.00900000
v -0.06229788 0.16233739 0.00900000
v -0.06229788 0.16894588 0.00900000
v -0.06229788 0.11199341 0.00900000
v -0.06229788 0.11537075 0.00900000
v -0.05532556 0.11537075 0.00900000
v -0.06450000 0.11900000 0.00900000
v -0.06450000 0.12189913 0.00900000
v -0.06229788 0.12189913 0.00900000
v -0.01620201 0.08875133 0.00900000
v -0.01606037 0.08875133 0.00900000
v -0.01606037 0.08860969 0.00900000
v -0.01713160 0.08968093 0.00900000
v -0.02038100 0.09109783 0.00900000
v -0.01606037 0.09109783 0.00900000
v -0.02103243 0.09766702 0.00900000
v -0.02566810 0.09766702 0.00900000
v -0.02566810 0.09949061 0.00900000
v -0.01514909 0.08769841 0.00900000
v -0.00831907 0.08086839 0.00900000
v -0.00701012 0.08769841 0.00900000
v -0.00075230 0.07803349 0.00900000
v -0.00259782 0.07803349 0.00900000
v -0.00259782 0.08272489 0.00900000
v 0.00329712 0.06781109 0.00900000
v 0.00372525 0.06745000 0.00900000
v -0.00259782 0.06745000 0.00900000
v -0.00350424 0.09109783 0.00900000
v -0.00259782 0.09109783 0.00900000
v -0.00259782 0.09019140 0.00900000
v -0.07019735 0.09766702 0.00900000
v -0.07653460 0.09766702 0.00900000
v -0.07653460 0.10448321 0.00900000
v -0.07251933 0.10728811 0.00900000
v -0.07313432 0.10970456 0.00900000
v -0.06676160 0.10970456 0.00900000
v -0.02025271 0.10646587 0.00900000
v -0.02038668 0.10596587 0.00900000
v -0.02566810 0.10472041 0.00900000
v 0.01114762 0.07803349 0.00900000
v 0.00877681 0.07803349 0.00900000
v 0.00877681 0.08343587 0.00900000
v -0.04036511 0.09109783 0.00900000
v -0.04000000 0.09100000 0.00900000
v -0.04000000 0.08875133 0.00900000
v -0.06480266 0.08769841 0.00900000
v -0.06229788 0.08769841 0.00900000
v -0.06229788 0.08702726 0.00900000
v -0.04000000 0.15300000 0.00900000
v -0.04000000 0.15200000 0.00900000
v -0.04413398 0.15450000 0.00900000
v 0.01261970 0.06980000 0.00900000
v 0.01191812 0.07627774 0.00900000
v 0.01283406 0.06900000 0.00900000
v 0.01339380 0.06745000 0.00900000
v 0.01261970 0.06820000 0.00900000
v 0.01043406 0.07038564 0.00900000
v 0.01123406 0.07060000 0.00900000
v 0.01203406 0.07038564 0.00900000
v 0.01236543 0.07013137 0.00900000
v 0.00984842 0.06980000 0.00900000
v 0.00963406 0.06900000 0.00900000
v 0.00877681 0.06745000 0.00900000
v 0.00984842 0.06820000 0.00900000
v 0.01043406 0.06761436 0.00900000
v 0.01104746 0.06745000 0.00900000
v 0.00877681 0.06720000 0.00900000
v 0.01123406 0.06740000 0.00900000
v 0.01343559 0.06720000 0.00900000
v 0.01142066 0.06745000 0.00900000
v 0.01203406 0.06761436 0.00900000
v -0.06229788 0.09109783 0.00900000
v -0.06229788 0.08983519 0.00900000
v -0.06244465 0.08979586 0.00900000
v -0.06622232 0.09109783 0.00900000
v -0.06229788 0.09263614 0.00900000
v -0.05769385 0.09109783 0.00900000
v -0.06107862 0.08842984 0.00900000
v -0.06099248 0.08875133 0.00900000
v -0.05532556 0.08875133 0.00900000
v -0.06094464 0.08892984 0.00900000
v -0.06107862 0.08942984 0.00900000
v -0.06144464 0.08979586 0.00900000
v -0.06194464 0.08992984 0.00900000
v -0.05532556 0.08769841 0.00900000
v -0.06194464 0.08792984 0.00900000
v -0.06144464 0.08806381 0.00900000
v -0.06244465 0.08806381 0.00900000
v -0.06229788 0.08802449 0.00900000
v -0.06281067 0.08942984 0.00900000
v -0.06294464 0.08892984 0.00900000
v -0.06622232 0.08875133 0.00900000
v -0.06289681 0.08875133 0.00900000
v -0.06281067 0.08842984 0.00900000
v -0.03722476 0.09766702 0.00900000
v -0.03722476 0.10400000 0.00900000
v -0.03700000 0.10400000 0.00900000
v -0.02933735 0.10093403 0.00900000
v -0.03686602 0.10350000 0.00900000
v -0.03650000 0.10313397 0.00900000
v -0.03600000 0.10300000 0.00900000
v -0.03550000 0.10313397 0.00900000
v -0.03513397 0.10350000 0.00900000
v -0.02635858 0.10970456 0.00900000
v -0.03513397 0.10450000 0.00900000
v -0.03550000 0.10486603 0.00900000
v -0.03018891 0.10129712 0.00900000
v -0.03078575 0.10200477 0.00900000
v -0.02867059 0.10589225 0.00900000
v -0.02953077 0.10584785 0.00900000
v -0.03029251 0.10544581 0.00900000
v -0.03081453 0.10476069 0.00900000
v -0.03500000 0.10400000 0.00900000
v -0.03100000 0.10391957 0.00900000
v -0.03100000 0.10290538 0.00900000
v -0.04050000 0.10313397 0.00900000
v -0.04000000 0.10300000 0.00900000
v -0.04000000 0.10970456 0.00900000
v -0.04000000 0.10500000 0.00900000
v -0.04550000 0.10970456 0.00900000
v -0.04050000 0.10486603 0.00900000
v -0.04086602 0.10450000 0.00900000
v -0.04100000 0.10400000 0.00900000
v -0.04550000 0.09766702 0.00900000
v -0.04086602 0.10350000 0.00900000
v -0.03900000 0.10400000 0.00900000
v -0.03913397 0.10350000 0.00900000
v -0.03950000 0.10313397 0.00900000
v -0.04550000 0.12189913 0.00900000
v -0.04450000 0.12700000 0.00900000
v -0.04429904 0.12625000 0.00900000
v -0.04225000 0.12570096 0.00900000
v -0.04000000 0.12189913 0.00900000
v -0.04300000 0.12550000 0.00900000
v -0.04375000 0.12570096 0.00900000
v -0.04170096 0.12775000 0.00900000
v -0.04000000 0.13360088 0.00900000
v -0.04150000 0.12700000 0.00900000
v -0.04170096 0.12625000 0.00900000
v -0.04225000 0.12829904 0.00900000
v -0.04300000 0.12850000 0.00900000
v -0.04550000 0.13360088 0.00900000
v -0.04375000 0.12829904 0.00900000
v -0.04429904 0.12775000 0.00900000
v -0.04550000 0.14162925 0.00900000
v -0.04000000 0.14162925 0.00900000
v -0.04550000 0.14502837 0.00900000
v -0.04450000 0.14700000 0.00900000
v -0.04429904 0.14625000 0.00900000
v -0.04225000 0.14570096 0.00900000
v -0.04000000 0.14502837 0.00900000
v -0.04300000 0.14550000 0.00900000
v -0.04375000 0.14570096 0.00900000
v -0.04170096 0.14625000 0.00900000
v -0.04150000 0.14700000 0.00900000
v -0.04550000 0.15200000 0.00900000
v -0.04375000 0.14829904 0.00900000
v -0.04429904 0.14775000 0.00900000
v -0.04170096 0.14775000 0.00900000
v -0.04225000 0.14829904 0.00900000
v -0.04300000 0.14850000 0.00900000
v -0.04586602 0.15450000 0.00900000
v -0.04550000 0.15413398 0.00900000
v -0.04500000 0.15400000 0.00900000
v -0.04450000 0.15413398 0.00900000
v -0.04100000 0.15473205 0.00900000
v -0.04026795 0.15400000 0.00900000
v -0.04200000 0.15500000 0.00900000
v -0.04400000 0.15500000 0.00900000
v -0.04950000 0.15700000 0.00900000
v -0.04929904 0.15625000 0.00900000
v -0.05532556 0.15200000 0.00900000
v -0.04875000 0.15570096 0.00900000
v -0.04800000 0.15550000 0.00900000
v -0.04550000 0.16894588 0.00900000
v -0.04725000 0.15829904 0.00900000
v -0.04800000 0.15850000 0.00900000
v -0.04600000 0.15500000 0.00900000
v -0.04725000 0.15570096 0.00900000
v -0.04586602 0.15550000 0.00900000
v -0.04670096 0.15625000 0.00900000
v -0.04550000 0.15586603 0.00900000
v -0.04650000 0.15700000 0.00900000
v -0.04670096 0.15775000 0.00900000
v -0.05117634 0.16519947 0.00900000
v -0.05167427 0.16587581 0.00900000
v -0.05240597 0.16628809 0.00900000
v -0.05532556 0.16894588 0.00900000
v -0.05324242 0.16636359 0.00900000
v -0.05532556 0.16557221 0.00900000
v -0.05532556 0.16038616 0.00900000
v -0.05274194 0.16138715 0.00900000
v -0.04929904 0.15775000 0.00900000
v -0.05185449 0.16173097 0.00900000
v -0.04875000 0.15829904 0.00900000
v -0.05122644 0.16244604 0.00900000
v -0.05100000 0.16337042 0.00900000
v -0.05100000 0.16437834 0.00900000
v -0.04550000 0.17547030 0.00900000
v -0.04500000 0.17547030 0.00900000
v -0.04500000 0.16894588 0.00900000
v -0.04500000 0.18200000 0.00900000
v -0.04550000 0.18323205 0.00900000
v -0.04526795 0.18300000 0.00900000
v -0.05314545 0.17742188 0.00900000
v -0.05532556 0.17669346 0.00900000
v -0.04929904 0.18025000 0.00900000
v -0.04800000 0.17950000 0.00900000
v -0.04725000 0.17970096 0.00900000
v -0.04950000 0.18100000 0.00900000
v -0.04875000 0.17970096 0.00900000
v -0.05163818 0.17689192 0.00900000
v -0.05233660 0.17731395 0.00900000
v -0.04670096 0.18025000 0.00900000
v -0.04650000 0.18100000 0.00900000
v -0.04670096 0.18175000 0.00900000
v -0.04600000 0.18373205 0.00900000
v -0.04725000 0.18229904 0.00900000
v -0.04700000 0.18400000 0.00900000
v -0.04800000 0.18250000 0.00900000
v -0.05100000 0.18400000 0.00900000
v -0.04875000 0.18229904 0.00900000
v -0.05169430 0.18326306 0.00900000
v -0.04929904 0.18175000 0.00900000
v -0.05266056 0.18296059 0.00900000
v -0.05532556 0.18213226 0.00900000
v -0.05898640 0.17547030 0.00900000
v -0.06229788 0.17996514 0.00900000
v -0.06229788 0.17547030 0.00900000
v -0.06622232 0.17547030 0.00900000
v -0.06622232 0.17874535 0.00900000
v -0.07161660 0.17547030 0.00900000
v -0.06945016 0.17774208 0.00900000
v -0.07256921 0.17251342 0.00900000
v -0.07243523 0.17201343 0.00900000
v -0.07653460 0.16894588 0.00900000
v -0.07206921 0.17164739 0.00900000
v -0.07156920 0.17151342 0.00900000
v -0.07106920 0.17164739 0.00900000
v -0.07055725 0.16894588 0.00900000
v -0.06697192 0.17280217 0.00900000
v -0.07070318 0.17201343 0.00900000
v -0.07056920 0.17251342 0.00900000
v -0.07070318 0.17301342 0.00900000
v -0.07106920 0.17337944 0.00900000
v -0.07156920 0.17351342 0.00900000
v -0.07206921 0.17337944 0.00900000
v -0.07243523 0.17301342 0.00900000
v -0.07653460 0.17031316 0.00900000
v -0.07783848 0.16894588 0.00900000
v -0.08100692 0.16562337 0.00900000
v -0.08100692 0.15200000 0.00900000
v -0.07689808 0.16212583 0.00900000
v -0.07653460 0.16251679 0.00900000
v -0.08337987 0.11394326 0.00900000
v -0.08351385 0.11344326 0.00900000
v -0.08475693 0.11436078 0.00900000
v -0.08337987 0.11294326 0.00900000
v -0.08350930 0.10970456 0.00900000
v -0.08301385 0.11257723 0.00900000
v -0.08251385 0.11244326 0.00900000
v -0.08201385 0.11257723 0.00900000
v -0.08100692 0.10970456 0.00900000
v -0.08164782 0.11294326 0.00900000
v -0.08151384 0.11344326 0.00900000
v -0.08164782 0.11394326 0.00900000
v -0.08100692 0.11537075 0.00900000
v -0.08201385 0.11430928 0.00900000
v -0.08251385 0.11444326 0.00900000
v -0.08600000 0.11900000 0.00900000
v -0.08475693 0.12189913 0.00900000
v -0.08502755 0.11537075 0.00900000
v -0.08475693 0.11537075 0.00900000
v -0.08301385 0.11430928 0.00900000
v -0.08100692 0.10119604 0.00900000
v -0.08131089 0.10150000 0.00900000
v -0.07812978 0.10970456 0.00900000
v -0.07090872 0.09109783 0.00900000
v -0.06856222 0.08875133 0.00900000
v -0.06850000 0.08868911 0.00900000
v -0.06622232 0.08807881 0.00900000
v -0.04200000 0.08400000 0.00900000
v -0.04550000 0.08400000 0.00900000
v -0.04550000 0.08769841 0.00900000
v -0.05100000 0.08400000 0.00900000
v -0.05532556 0.08515903 0.00900000
v -0.04000000 0.08769841 0.00900000
v -0.04000000 0.08600000 0.00900000
v -0.04026795 0.08500000 0.00900000
v -0.04100000 0.08426795 0.00900000
v -0.04550000 0.08875133 0.00900000
v -0.04550000 0.09109783 0.00900000
v -0.04050000 0.09113398 0.00900000
v -0.04086602 0.09150000 0.00900000
v -0.03722476 0.09200000 0.00900000
v -0.03900000 0.09200000 0.00900000
v -0.03913397 0.09250000 0.00900000
v -0.03950000 0.09286603 0.00900000
v -0.04000000 0.09300000 0.00900000
v -0.04050000 0.09286603 0.00900000
v -0.04086602 0.09250000 0.00900000
v -0.04100000 0.09200000 0.00900000
v -0.03513397 0.09250000 0.00900000
v -0.03550000 0.09286603 0.00900000
v -0.03600000 0.09300000 0.00900000
v -0.03700000 0.09200000 0.00900000
v -0.03686602 0.09250000 0.00900000
v -0.03650000 0.09286603 0.00900000
v -0.03086653 0.09109783 0.00900000
v -0.03513397 0.09150000 0.00900000
v -0.03100000 0.09168585 0.00900000
v -0.03500000 0.09200000 0.00900000
v -0.03100000 0.09271238 0.00900000
v -0.02855556 0.09466237 0.00900000
v -0.02944549 0.09466213 0.00900000
v -0.03024722 0.09427585 0.00900000
v -0.03080200 0.09358000 0.00900000
v -0.03600000 0.08875133 0.00900000
v -0.03025444 0.09012817 0.00900000
v -0.02945902 0.08973924 0.00900000
v -0.03600000 0.09100000 0.00900000
v -0.03563489 0.09109783 0.00900000
v -0.03080401 0.09082240 0.00900000
v -0.03550000 0.09113398 0.00900000
v -0.02722392 0.08875133 0.00900000
v -0.02566810 0.08769841 0.00900000
v -0.03600000 0.08769841 0.00900000
v -0.03416667 0.08392348 0.00900000
v -0.03509474 0.08424274 0.00900000
v -0.03281554 0.08596699 0.00900000
v -0.03575919 0.08496507 0.00900000
v -0.03294951 0.08646699 0.00900000
v -0.03600000 0.08591652 0.00900000
v -0.03281554 0.08696699 0.00900000
v -0.03244952 0.08560096 0.00900000
v -0.03194952 0.08546699 0.00900000
v -0.02632861 0.08176017 0.00900000
v -0.03144952 0.08560096 0.00900000
v -0.03108349 0.08596699 0.00900000
v -0.03094952 0.08646699 0.00900000
v -0.03108349 0.08696699 0.00900000
v -0.02566810 0.08126733 0.00900000
v -0.03144952 0.08733302 0.00900000
v -0.03194952 0.08746699 0.00900000
v -0.03244952 0.08733302 0.00900000
v -0.02566810 0.08806366 0.00900000
v -0.02484175 0.08769841 0.00900000
v -0.01988912 0.08550935 0.00900000
v -0.02133404 0.07803349 0.00900000
v -0.01606037 0.07803349 0.00900000
v -0.01981169 0.07689760 0.00900000
v -0.01606037 0.07088795 0.00900000
v -0.01148406 0.06770096 0.00900000
v -0.01093502 0.06825000 0.00900000
v -0.00749847 0.06745000 0.00900000
v -0.01223406 0.06750000 0.00900000
v -0.01073406 0.06900000 0.00900000
v -0.01093502 0.06975000 0.00900000
v -0.00826076 0.06854098 0.00900000
v -0.01245645 0.07803349 0.00900000
v -0.01148406 0.07029904 0.00900000
v -0.01223406 0.07050000 0.00900000
v -0.01298406 0.07029904 0.00900000
v -0.01353310 0.06975000 0.00900000
v -0.01550610 0.07000000 0.00900000
v -0.01373406 0.06900000 0.00900000
v -0.01400000 0.06800000 0.00900000
v -0.01353310 0.06825000 0.00900000
v -0.01400000 0.06745000 0.00900000
v -0.01298406 0.06770096 0.00900000
v -0.00787183 0.06774556 0.00900000
v -0.00718266 0.06720000 0.00900000
v -0.01400000 0.06720000 0.00900000
v -0.00528762 0.06700000 0.00900000
v -0.00442000 0.06719800 0.00900000
v -0.00259782 0.06200000 0.00900000
v -0.01400000 0.06400000 0.00900000
v -0.00717760 0.06719599 0.00900000
v -0.01373205 0.06300000 0.00900000
v -0.00631414 0.06700000 0.00900000
v -0.01200000 0.06200000 0.00900000
v -0.01300000 0.06226795 0.00900000
v 0.01340169 0.06261556 0.00900000
v 0.01274289 0.06216032 0.00900000
v 0.01382909 0.06329276 0.00900000
v 0.01195832 0.06200000 0.00900000
v 0.01395658 0.06408333 0.00900000
v 0.00125299 0.08634059 0.00900000
v -0.00010483 0.08769841 0.00900000
v 0.00685052 0.08769841 0.00900000
v -0.00115774 0.08875133 0.00900000
v 0.00579760 0.08875133 0.00900000
v 0.00345110 0.09109783 0.00900000
v -0.00090801 0.09426583 0.00900000
v -0.00140801 0.09413185 0.00900000
v -0.00259782 0.09714674 0.00900000
v -0.00177403 0.09376583 0.00900000
v -0.00190801 0.09326583 0.00900000
v -0.00177403 0.09276583 0.00900000
v -0.00140801 0.09239980 0.00900000
v -0.00090801 0.09226583 0.00900000
v -0.00040801 0.09239980 0.00900000
v -0.00004198 0.09276583 0.00900000
v 0.00009199 0.09326583 0.00900000
v -0.00004198 0.09376583 0.00900000
v -0.00040801 0.09413185 0.00900000
v -0.01606037 0.10097063 0.00900000
v -0.01606037 0.10663610 0.00900000
v -0.01165941 0.09925299 0.00900000
v -0.01040085 0.10494978 0.00900000
v -0.01007343 0.09766702 0.00900000
v -0.00311809 0.09766702 0.00900000
v -0.01938668 0.10496587 0.00900000
v -0.01988668 0.10509984 0.00900000
v -0.02025271 0.10546587 0.00900000
v -0.02566810 0.10949883 0.00900000
v -0.01888668 0.10509984 0.00900000
v -0.01852066 0.10546587 0.00900000
v -0.01838668 0.10596587 0.00900000
v -0.01852066 0.10646587 0.00900000
v -0.01888668 0.10683189 0.00900000
v -0.01938668 0.10696587 0.00900000
v -0.01988668 0.10683189 0.00900000
v -0.03600000 0.10995831 0.00900000
v -0.03600000 0.10970456 0.00900000
v -0.03600000 0.10500000 0.00900000
v -0.03470724 0.11182909 0.00900000
v -0.03391667 0.11195658 0.00900000
v -0.03538444 0.11140169 0.00900000
v -0.03583968 0.11074289 0.00900000
v -0.06950000 0.12189913 0.00900000
v -0.06950000 0.11900000 0.00900000
v -0.07550000 0.11900000 0.00900000
v -0.07457636 0.11537075 0.00900000
v -0.06860591 0.11537075 0.00900000
v -0.06738289 0.11040634 0.00900000
v -0.05124332 0.09353165 0.00900000
v -0.05191407 0.09425509 0.00900000
v -0.05284906 0.09456987 0.00900000
v -0.05532556 0.09766702 0.00900000
v -0.05532556 0.09540364 0.00900000
v -0.06204835 0.09766702 0.00900000
v -0.05100000 0.09257558 0.00900000
v -0.05100000 0.09157282 0.00900000
v -0.05233660 0.08968605 0.00900000
v -0.05314545 0.08957812 0.00900000
v -0.05532556 0.09030654 0.00900000
v -0.05163818 0.09010809 0.00900000
v -0.05116647 0.09077396 0.00900000
v -0.05109898 0.09109783 0.00900000
v -0.07689808 0.10487417 0.00900000
v -0.07747791 0.09766702 0.00900000
v -0.07653460 0.09672371 0.00900000
v -0.06697192 0.09419783 0.00900000
v -0.06622232 0.09394737 0.00900000
v -0.08100692 0.13360088 0.00900000
v -0.08050000 0.12189913 0.00900000
v -0.08100692 0.12189913 0.00900000
v -0.08050000 0.11900000 0.00900000
v -0.07957458 0.11537075 0.00900000
v -0.08100692 0.14502837 0.00900000
v -0.08050000 0.14162925 0.00900000
v -0.08100692 0.14162925 0.00900000
v -0.08050000 0.13360088 0.00900000
v -0.07948005 0.15200000 0.00900000
v -0.08050000 0.14800000 0.00900000
v -0.08050000 0.14502837 0.00900000
v -0.06229788 0.17436387 0.00900000
v -0.06622232 0.17305262 0.00900000
v -0.05191407 0.17274491 0.00900000
v -0.05124332 0.17346834 0.00900000
v -0.05284906 0.17243012 0.00900000
v -0.04500000 0.15600000 0.00900000
v -0.05100000 0.17442442 0.00900000
v -0.05100000 0.17542718 0.00900000
v -0.05100899 0.17547030 0.00900000
v -0.05116647 0.17622604 0.00900000
v -0.06229788 0.16924897 0.00900000
v -0.05532556 0.17159636 0.00900000
v -0.06319813 0.16894588 0.00900000
v -0.06430259 0.16857404 0.00900000
v -0.06622232 0.16650351 0.00900000
v -0.06622232 0.15790457 0.00900000
v -0.07251933 0.15971189 0.00900000
v -0.06738289 0.15659367 0.00900000
v -0.07448200 0.15200000 0.00900000
v -0.06851457 0.15200000 0.00900000
v -0.07550000 0.14800000 0.00900000
v -0.06950000 0.14800000 0.00900000
v -0.07550000 0.14502837 0.00900000
v -0.06950000 0.14502837 0.00900000
v -0.06950000 0.14162925 0.00900000
v -0.07550000 0.14162925 0.00900000
v -0.06950000 0.13360088 0.00900000
v -0.07550000 0.13360088 0.00900000
v -0.07550000 0.12189913 0.00900000
v 0.00694978 0.08759915 0.00900000
v 0.00449515 0.07803349 0.00900000
v 0.00789225 0.06932941 0.00900000
v 0.00784785 0.06846923 0.00900000
v 0.00676069 0.06718547 0.00900000
v 0.00677976 0.06720000 0.00900000
v 0.00710787 0.06745000 0.00900000
v 0.00744581 0.06770749 0.00900000
v 0.00591957 0.06700000 0.00900000
v 0.00877681 0.06200000 0.00900000
v -0.00259782 0.06720000 0.00900000
v 0.00406466 0.06720000 0.00900000
v 0.00490538 0.06700000 0.00900000
v 0.00400477 0.06721425 0.00900000
v 0.00293404 0.06866265 0.00900000
v -0.01040954 0.09109783 0.00900000
v -0.00806304 0.08875133 0.00900000
v -0.01434996 0.09503824 0.00900000
v -0.01606037 0.09571109 0.00900000
v -0.02566810 0.09340328 0.00900000
v -0.00296176 0.08365004 0.00900000
v -0.00708291 0.07803349 0.00900000
v -0.00333763 0.06944444 0.00900000
v -0.00333787 0.06855451 0.00900000
v -0.00441748 0.06720000 0.00900000
v -0.00410392 0.06745000 0.00900000
v -0.00372415 0.06775278 0.00900000
v -0.01249065 0.07811088 0.00900000
v -0.01606037 0.08168060 0.00900000
v -0.06229788 0.15200000 0.00900000
v -0.06229788 0.15500659 0.00900000
v -0.05873217 0.15906633 0.00900000
v -0.06297152 0.15423962 0.00900000
v -0.06352014 0.15200000 0.00900000
v -0.06450000 0.14800000 0.00900000
v -0.06361096 0.11537075 0.00900000
v -0.06028756 0.10970456 0.00900000
v -0.05532556 0.10661384 0.00900000
v -0.05532556 0.10970456 0.00900000
v -0.05274194 0.10561286 0.00900000
v -0.05185449 0.10526903 0.00900000
v -0.05122644 0.10455396 0.00900000
v -0.06622232 0.10049649 0.00900000
v -0.06622232 0.10909543 0.00900000
v -0.06430259 0.09842596 0.00900000
v -0.06229788 0.10466262 0.00900000
v -0.06229788 0.09775103 0.00900000
v -0.06151610 0.10377957 0.00900000
v -0.05532556 0.10142779 0.00900000
v -0.05324242 0.10063641 0.00900000
v -0.05240597 0.10071192 0.00900000
v -0.05167427 0.10112419 0.00900000
v -0.05117634 0.10180052 0.00900000
v -0.05100000 0.10262166 0.00900000
v -0.05100000 0.10362958 0.00900000
v -0.04000000 0.11537075 0.00900000
v -0.04550000 0.11537075 0.00900000
v -0.05873217 0.10793368 0.00900000
v -0.06165111 0.11729825 0.00900000
v -0.06151714 0.11679825 0.00900000
v -0.06115112 0.11643222 0.00900000
v -0.06065112 0.11629825 0.00900000
v -0.06015112 0.11643222 0.00900000
v -0.05978509 0.11679825 0.00900000
v -0.05965112 0.11729825 0.00900000
v -0.05532556 0.12189913 0.00900000
v -0.06115112 0.11816427 0.00900000
v -0.06151714 0.11779825 0.00900000
v -0.05978509 0.11779825 0.00900000
v -0.06015112 0.11816427 0.00900000
v -0.06065112 0.11829825 0.00900000
v -0.06297152 0.11276038 0.00900000
v -0.06450000 0.13360088 0.00900000
v -0.06229788 0.13360088 0.00900000
v -0.05532556 0.13360088 0.00900000
v -0.08475693 0.14162925 0.00900000
v -0.08475693 0.13360088 0.00900000
v -0.05532556 0.14162925 0.00900000
v -0.06165111 0.13970175 0.00900000
v -0.06151714 0.13920175 0.00900000
v -0.06151714 0.14020175 0.00900000
v -0.06229788 0.14162925 0.00900000
v -0.06450000 0.14162925 0.00900000
v -0.06115112 0.13883573 0.00900000
v -0.06065112 0.13870175 0.00900000
v -0.06015112 0.13883573 0.00900000
v -0.05978509 0.13920175 0.00900000
v -0.05965112 0.13970175 0.00900000
v -0.05978509 0.14020175 0.00900000
v -0.06015112 0.14056778 0.00900000
v -0.06065112 0.14070175 0.00900000
v -0.06115112 0.14056778 0.00900000
v -0.06450000 0.14502837 0.00900000
v -0.06229788 0.14502837 0.00900000
v -0.05532556 0.14502837 0.00900000
v -0.08251385 0.14255674 0.00900000
v -0.08201385 0.14269072 0.00900000
v -0.08201385 0.14442277 0.00900000
v -0.08251385 0.14455674 0.00900000
v -0.08301385 0.14269072 0.00900000
v -0.08164782 0.14305674 0.00900000
v -0.08151384 0.14355674 0.00900000
v -0.08164782 0.14405674 0.00900000
v -0.08301385 0.14442277 0.00900000
v -0.08337987 0.14405674 0.00900000
v -0.08475693 0.14502837 0.00900000
v -0.08351385 0.14355674 0.00900000
v -0.08337987 0.14305674 0.00900000
v -0.08600000 0.12189913 0.00900000
v -0.08600000 0.13360088 0.00900000
v -0.08600000 0.14162925 0.00900000
v -0.08600000 0.14502837 0.00900000
v -0.08600000 0.14800000 0.00900000
v -0.08475693 0.15200000 0.00900000
v -0.08496205 0.15200000 0.00900000
v -0.08475693 0.15279048 0.00900000
v -0.08158395 0.16501829 0.00900000
v -0.03700000 0.09200000 0.00900000
v -0.03700000 0.09200000 0.01200000
v -0.03722476 0.09200000 0.00900000
v -0.03722476 0.09200000 0.01200000
v -0.03900000 0.09200000 0.00900000
v -0.03900000 0.09200000 0.01200000
v -0.03600000 0.10500000 0.01200000
v -0.03600000 0.10500000 0.00900000
v -0.03550000 0.10486603 0.01200000
v -0.03550000 0.10486603 0.00900000
v -0.03513397 0.10450000 0.01200000
v -0.03513397 0.10450000 0.00900000
v -0.03500000 0.10400000 0.01200000
v -0.03500000 0.10400000 0.00900000
v -0.03513397 0.10350000 0.01200000
v -0.03513397 0.10350000 0.00900000
v -0.03550000 0.10313397 0.01200000
v -0.03550000 0.10313397 0.00900000
v -0.03600000 0.10300000 0.01200000
v -0.03600000 0.10300000 0.00900000
v -0.03650000 0.10313397 0.01200000
v -0.03650000 0.10313397 0.00900000
v -0.03686602 0.10350000 0.01200000
v -0.03686602 0.10350000 0.00900000
v -0.03700000 0.10400000 0.01200000
v -0.03700000 0.10400000 0.00900000
v -0.05100000 0.10262166 0.01200000
v -0.05100000 0.10262166 0.00900000
v -0.05117634 0.10180052 0.01200000
v -0.05117634 0.10180052 0.00900000
v -0.05167427 0.10112419 0.01200000
v -0.05167427 0.10112419 0.00900000
v -0.05240597 0.10071192 0.01200000
v -0.05240597 0.10071192 0.00900000
v -0.05324242 0.10063641 0.01200000
v -0.05324242 0.10063641 0.00900000
v -0.08151384 0.14355674 0.00900000
v -0.08151384 0.14355674 0.01200000
v -0.08164782 0.14405674 0.00900000
v -0.08164782 0.14405674 0.01200000
v -0.08201385 0.14442277 0.00900000
v -0.08201385 0.14442277 0.01200000
v -0.08251385 0.14455674 0.00900000
v -0.08251385 0.14455674 0.01200000
v -0.08301385 0.14442277 0.00900000
v -0.08301385 0.14442277 0.01200000
v -0.08337987 0.14405674 0.00900000
v -0.08337987 0.14405674 0.01200000
v -0.08351385 0.14355674 0.00900000
v -0.08351385 0.14355674 0.01200000
v -0.08337987 0.14305674 0.00900000
v -0.08337987 0.14305674 0.01200000
v -0.08301385 0.14269072 0.00900000
v -0.08301385 0.14269072 0.01200000
v -0.08251385 0.14255674 0.00900000
v -0.08251385 0.14255674 0.01200000
v -0.08201385 0.14269072 0.00900000
v -0.08201385 0.14269072 0.01200000
v -0.08164782 0.14305674 0.00900000
v -0.08164782 0.14305674 0.01200000
v -0.04500000 0.18200000 0.00900000
v -0.04500000 0.18200000 0.01200000
v -0.04500000 0.17547030 0.00900000
v -0.04500000 0.17547030 0.01200000
v -0.04500000 0.16894588 0.00900000
v -0.04500000 0.16894588 0.01200000
v -0.04500000 0.15600000 0.00900000
v -0.04500000 0.15600000 0.01200000
v 0.00293404 0.06866265 0.01200000
v 0.00293404 0.06866265 0.00900000
v -0.00296176 0.08365004 0.00900000
v -0.00296176 0.08365004 0.01200000
v -0.01434996 0.09503824 0.00900000
v -0.01434996 0.09503824 0.01200000
v -0.01400000 0.06720000 0.00900000
v -0.01400000 0.06720000 0.01200000
v -0.01400000 0.06745000 0.00900000
v -0.01400000 0.06745000 0.01200000
v -0.01400000 0.06800000 0.00900000
v -0.01400000 0.06800000 0.01200000
v -0.05100000 0.16337042 0.01200000
v -0.05100000 0.16337042 0.00900000
v -0.05122644 0.16244604 0.01200000
v -0.05122644 0.16244604 0.00900000
v -0.05185449 0.16173097 0.01200000
v -0.05185449 0.16173097 0.00900000
v 0.00694978 0.08759915 0.01200000
v -0.01040085 0.10494978 0.00900000
v -0.01040085 0.10494978 0.01200000
v -0.03391667 0.11195658 0.00900000
v -0.03391667 0.11195658 0.01200000
v 0.01191812 0.07627774 0.01200000
v 0.01191812 0.07627774 0.00900000
v 0.00694978 0.08759915 0.00900000
v -0.04950000 0.18100000 0.01200000
v -0.04950000 0.18100000 0.00900000
v -0.04929904 0.18175000 0.01200000
v -0.04929904 0.18175000 0.00900000
v -0.04875000 0.18229904 0.01200000
v -0.04875000 0.18229904 0.00900000
v -0.04800000 0.18250000 0.01200000
v -0.04800000 0.18250000 0.00900000
v -0.04725000 0.18229904 0.01200000
v -0.04725000 0.18229904 0.00900000
v -0.04670096 0.18175000 0.01200000
v -0.04670096 0.18175000 0.00900000
v -0.04650000 0.18100000 0.01200000
v -0.04650000 0.18100000 0.00900000
v -0.04670096 0.18025000 0.01200000
v -0.04670096 0.18025000 0.00900000
v -0.04725000 0.17970096 0.01200000
v -0.04725000 0.17970096 0.00900000
v -0.04800000 0.17950000 0.01200000
v -0.04800000 0.17950000 0.00900000
v -0.04875000 0.17970096 0.01200000
v -0.04875000 0.17970096 0.00900000
v -0.04929904 0.18025000 0.01200000
v -0.04929904 0.18025000 0.00900000
v 0.00490538 0.06700000 0.01200000
v 0.00591957 0.06700000 0.01200000
v 0.00490538 0.06700000 0.00900000
v 0.00591957 0.06700000 0.00900000
v -0.01400000 0.06800000 0.01200000
v -0.01550610 0.07000000 0.01200000
v -0.01400000 0.06800000 0.00900000
v -0.01550610 0.07000000 0.00900000
v -0.05324242 0.16636359 0.01200000
v -0.05324242 0.16636359 0.00900000
v -0.05240597 0.16628809 0.01200000
v -0.05240597 0.16628809 0.00900000
v -0.05167427 0.16587581 0.01200000
v -0.05167427 0.16587581 0.00900000
v -0.05117634 0.16519947 0.01200000
v -0.05117634 0.16519947 0.00900000
v -0.05100000 0.16437834 0.01200000
v -0.05100000 0.16437834 0.00900000
v 0.01283406 0.06900000 0.00900000
v 0.01283406 0.06900000 0.01200000
v 0.01261970 0.06980000 0.00900000
v 0.01261970 0.06980000 0.01200000
v 0.01236543 0.07013137 0.00900000
v 0.01236543 0.07013137 0.01200000
v 0.01203406 0.07038564 0.00900000
v 0.01203406 0.07038564 0.01200000
v 0.01123406 0.07060000 0.00900000
v 0.01123406 0.07060000 0.01200000
v 0.01043406 0.07038564 0.00900000
v 0.01043406 0.07038564 0.01200000
v 0.00984842 0.06980000 0.00900000
v 0.00984842 0.06980000 0.01200000
v 0.00963406 0.06900000 0.00900000
v 0.00963406 0.06900000 0.01200000
v 0.00984842 0.06820000 0.00900000
v 0.00984842 0.06820000 0.01200000
v 0.01043406 0.06761436 0.00900000
v 0.01043406 0.06761436 0.01200000
v 0.01123406 0.06740000 0.00900000
v 0.01123406 0.06740000 0.01200000
v 0.01203406 0.06761436 0.00900000
v 0.01203406 0.06761436 0.01200000
v 0.01261970 0.06820000 0.00900000
v 0.01261970 0.06820000 0.01200000
v -0.04950000 0.15700000 0.01200000
v -0.04950000 0.15700000 0.00900000
v -0.04929904 0.15775000 0.01200000
v -0.04929904 0.15775000 0.00900000
v -0.04875000 0.15829904 0.01200000
v -0.04875000 0.15829904 0.00900000
v -0.04800000 0.15850000 0.01200000
v -0.04800000 0.15850000 0.00900000
v -0.04725000 0.15829904 0.01200000
v -0.04725000 0.15829904 0.00900000
v -0.04670096 0.15775000 0.01200000
v -0.04670096 0.15775000 0.00900000
v -0.04650000 0.15700000 0.01200000
v -0.04650000 0.15700000 0.00900000
v -0.04670096 0.15625000 0.01200000
v -0.04670096 0.15625000 0.00900000
v -0.04725000 0.15570096 0.01200000
v -0.04725000 0.15570096 0.00900000
v -0.04800000 0.15550000 0.01200000
v -0.04800000 0.15550000 0.00900000
v -0.04875000 0.15570096 0.01200000
v -0.04875000 0.15570096 0.00900000
v -0.04929904 0.15625000 0.01200000
v -0.04929904 0.15625000 0.00900000
v -0.02867059 0.10589225 0.01200000
v -0.02867059 0.10589225 0.00900000
v -0.01165941 0.09925299 0.01200000
v -0.01165941 0.09925299 0.00900000
v 0.00125299 0.08634059 0.01200000
v 0.00125299 0.08634059 0.00900000
v 0.00789225 0.06932941 0.01200000
v 0.00789225 0.06932941 0.00900000
v -0.04400000 0.15500000 0.01200000
v -0.04400000 0.15500000 0.00900000
v -0.04413398 0.15450000 0.01200000
v -0.04413398 0.15450000 0.00900000
v -0.04450000 0.15413398 0.01200000
v -0.04450000 0.15413398 0.00900000
v -0.04500000 0.15400000 0.01200000
v -0.04500000 0.15400000 0.00900000
v -0.04550000 0.15413398 0.01200000
v -0.04550000 0.15413398 0.00900000
v -0.04586602 0.15450000 0.01200000
v -0.04586602 0.15450000 0.00900000
v -0.04600000 0.15500000 0.01200000
v -0.04600000 0.15500000 0.00900000
v -0.04586602 0.15550000 0.01200000
v -0.04586602 0.15550000 0.00900000
v -0.04550000 0.15586603 0.01200000
v -0.04550000 0.15586603 0.00900000
v -0.04500000 0.15600000 0.01200000
v -0.04500000 0.15600000 0.00900000
v -0.05185449 0.10526903 0.01200000
v -0.05185449 0.10526903 0.00900000
v -0.05122644 0.10455396 0.01200000
v -0.05122644 0.10455396 0.00900000
v -0.05100000 0.10362958 0.01200000
v -0.05100000 0.10362958 0.00900000
v -0.08600000 0.14800000 0.00900000
v -0.08600000 0.14800000 0.01200000
v -0.08158395 0.16501829 0.01200000
v -0.08158395 0.16501829 0.00900000
v -0.06945016 0.17774208 0.01200000
v -0.06945016 0.17774208 0.00900000
v -0.05266056 0.18296059 0.01200000
v -0.05266056 0.18296059 0.00900000
v -0.05965112 0.11729825 0.00900000
v -0.05965112 0.11729825 0.01200000
v -0.05978509 0.11779825 0.00900000
v -0.05978509 0.11779825 0.01200000
v -0.06015112 0.11816427 0.00900000
v -0.06015112 0.11816427 0.01200000
v -0.06065112 0.11829825 0.00900000
v -0.06065112 0.11829825 0.01200000
v -0.06115112 0.11816427 0.00900000
v -0.06115112 0.11816427 0.01200000
v -0.06151714 0.11779825 0.00900000
v -0.06151714 0.11779825 0.01200000
v -0.06165111 0.11729825 0.00900000
v -0.06165111 0.11729825 0.01200000
v -0.06151714 0.11679825 0.00900000
v -0.06151714 0.11679825 0.01200000
v -0.06115112 0.11643222 0.00900000
v -0.06115112 0.11643222 0.01200000
v -0.06065112 0.11629825 0.00900000
v -0.06065112 0.11629825 0.01200000
v -0.06015112 0.11643222 0.00900000
v -0.06015112 0.11643222 0.01200000
v -0.05978509 0.11679825 0.00900000
v -0.05978509 0.11679825 0.01200000
v -0.04700000 0.18400000 0.00900000
v -0.05100000 0.18400000 0.00900000
v -0.04700000 0.18400000 0.01200000
v -0.05100000 0.18400000 0.01200000
v -0.05100000 0.17442442 0.01200000
v -0.05100000 0.17442442 0.00900000
v -0.05124332 0.17346834 0.01200000
v -0.05124332 0.17346834 0.00900000
v -0.05191407 0.17274491 0.01200000
v -0.05191407 0.17274491 0.00900000
v -0.05284906 0.17243012 0.01200000
v -0.05284906 0.17243012 0.00900000
v -0.03600000 0.10995831 0.00900000
v -0.03600000 0.10995831 0.01200000
v -0.03583968 0.11074289 0.01200000
v -0.03583968 0.11074289 0.00900000
v -0.03538444 0.11140169 0.01200000
v -0.03538444 0.11140169 0.00900000
v -0.03470724 0.11182909 0.01200000
v -0.03470724 0.11182909 0.00900000
v -0.08600000 0.14502837 0.01200000
v -0.08600000 0.14502837 0.00900000
v -0.08600000 0.14162925 0.01200000
v -0.08600000 0.14162925 0.00900000
v -0.08600000 0.13360088 0.01200000
v -0.08600000 0.13360088 0.00900000
v -0.08600000 0.12189913 0.01200000
v -0.08600000 0.12189913 0.00900000
v -0.08600000 0.11900000 0.01200000
v -0.08600000 0.11900000 0.00900000
v -0.05965112 0.13970175 0.00900000
v -0.05965112 0.13970175 0.01200000
v -0.05978509 0.14020175 0.00900000
v -0.05978509 0.14020175 0.01200000
v -0.06015112 0.14056778 0.00900000
v -0.06015112 0.14056778 0.01200000
v -0.06065112 0.14070175 0.00900000
v -0.06065112 0.14070175 0.01200000
v -0.06115112 0.14056778 0.00900000
v -0.06115112 0.14056778 0.01200000
v -0.06151714 0.14020175 0.00900000
v -0.06151714 0.14020175 0.01200000
v -0.06165111 0.13970175 0.00900000
v -0.06165111 0.13970175 0.01200000
v -0.06151714 0.13920175 0.00900000
v -0.06151714 0.13920175 0.01200000
v -0.06115112 0.13883573 0.00900000
v -0.06115112 0.13883573 0.01200000
v -0.06065112 0.13870175 0.00900000
v -0.06065112 0.13870175 0.01200000
v -0.06015112 0.13883573 0.00900000
v -0.06015112 0.13883573 0.01200000
v -0.05978509 0.13920175 0.00900000
v -0.05978509 0.13920175 0.01200000
v -0.06950000 0.14800000 0.01200000
v -0.06950000 0.14800000 0.00900000
v -0.06738289 0.15659367 0.01200000
v -0.06738289 0.15659367 0.00900000
v -0.06151610 0.16322044 0.01200000
v -0.06151610 0.16322044 0.00900000
v -0.06430259 0.16857404 0.00900000
v -0.06430259 0.16857404 0.01200000
v -0.07251933 0.15971189 0.00900000
v -0.07251933 0.15971189 0.01200000
v -0.07550000 0.14800000 0.00900000
v -0.07550000 0.14800000 0.01200000
v -0.05314545 0.17742188 0.01200000
v -0.05314545 0.17742188 0.00900000
v -0.05233660 0.17731395 0.01200000
v -0.05233660 0.17731395 0.00900000
v -0.05163818 0.17689192 0.01200000
v -0.05163818 0.17689192 0.00900000
v -0.05116647 0.17622604 0.01200000
v -0.05116647 0.17622604 0.00900000
v -0.05100000 0.17542718 0.01200000
v -0.05100000 0.17542718 0.00900000
v -0.04000000 0.15300000 0.01200000
v -0.04000000 0.15300000 0.00900000
v -0.04026795 0.15400000 0.00900000
v -0.04026795 0.15400000 0.01200000
v -0.04100000 0.15473205 0.00900000
v -0.04100000 0.15473205 0.01200000
v -0.04200000 0.15500000 0.00900000
v -0.04200000 0.15500000 0.01200000
v -0.05100000 0.08400000 0.00900000
v -0.05100000 0.08400000 0.01200000
v -0.06850000 0.08868911 0.01200000
v -0.06850000 0.08868911 0.00900000
v -0.08131089 0.10150000 0.01200000
v -0.08131089 0.10150000 0.00900000
v -0.01838668 0.10596587 0.00900000
v -0.01838668 0.10596587 0.01200000
v -0.01852066 0.10646587 0.00900000
v -0.01852066 0.10646587 0.01200000
v -0.01888668 0.10683189 0.00900000
v -0.01888668 0.10683189 0.01200000
v -0.01938668 0.10696587 0.00900000
v -0.01938668 0.10696587 0.01200000
v -0.01988668 0.10683189 0.00900000
v -0.01988668 0.10683189 0.01200000
v -0.02025271 0.10646587 0.00900000
v -0.02025271 0.10646587 0.01200000
v -0.02038668 0.10596587 0.00900000
v -0.02038668 0.10596587 0.01200000
v -0.02025271 0.10546587 0.00900000
v -0.02025271 0.10546587 0.01200000
v -0.01988668 0.10509984 0.00900000
v -0.01988668 0.10509984 0.01200000
v -0.01938668 0.10496587 0.00900000
v -0.01938668 0.10496587 0.01200000
v -0.01888668 0.10509984 0.00900000
v -0.01888668 0.10509984 0.01200000
v -0.01852066 0.10546587 0.00900000
v -0.01852066 0.10546587 0.01200000
v -0.06950000 0.14502837 0.00900000
v -0.06950000 0.14502837 0.01200000
v -0.06950000 0.14162925 0.00900000
v -0.06950000 0.14162925 0.01200000
v -0.06950000 0.13360088 0.00900000
v -0.06950000 0.13360088 0.01200000
v -0.06950000 0.12189913 0.00900000
v -0.06950000 0.12189913 0.01200000
v -0.06950000 0.11900000 0.00900000
v -0.06950000 0.11900000 0.01200000
v -0.05100000 0.17442442 0.01200000
v -0.05100000 0.17542718 0.01200000
v -0.05100000 0.17442442 0.00900000
v -0.05100000 0.17542718 0.00900000
v -0.05100000 0.09157282 0.01200000
v -0.05100000 0.09157282 0.00900000
v -0.05116647 0.09077396 0.01200000
v -0.05116647 0.09077396 0.00900000
v -0.05163818 0.09010809 0.01200000
v -0.05163818 0.09010809 0.00900000
v -0.05233660 0.08968605 0.01200000
v -0.05233660 0.08968605 0.00900000
v -0.04526795 0.18300000 0.00900000
v -0.04526795 0.18300000 0.01200000
v -0.04600000 0.18373205 0.00900000
v -0.04600000 0.18373205 0.01200000
v -0.04200000 0.08400000 0.00900000
v -0.04200000 0.08400000 0.01200000
v -0.04550000 0.08400000 0.00900000
v -0.04550000 0.08400000 0.01200000
v 0.00009199 0.09326583 0.00900000
v 0.00009199 0.09326583 0.01200000
v -0.00004198 0.09376583 0.00900000
v -0.00004198 0.09376583 0.01200000
v -0.00040801 0.09413185 0.00900000
v -0.00040801 0.09413185 0.01200000
v -0.00090801 0.09426583 0.00900000
v -0.00090801 0.09426583 0.01200000
v -0.00140801 0.09413185 0.00900000
v -0.00140801 0.09413185 0.01200000
v -0.00177403 0.09376583 0.00900000
v -0.00177403 0.09376583 0.01200000
v -0.00190801 0.09326583 0.00900000
v -0.00190801 0.09326583 0.01200000
v -0.00177403 0.09276583 0.00900000
v -0.00177403 0.09276583 0.01200000
v -0.00140801 0.09239980 0.00900000
v -0.00140801 0.09239980 0.01200000
v -0.00090801 0.09226583 0.00900000
v -0.00090801 0.09226583 0.01200000
v -0.00040801 0.09239980 0.00900000
v -0.00040801 0.09239980 0.01200000
v -0.00004198 0.09276583 0.00900000
v -0.00004198 0.09276583 0.01200000
v -0.06151610 0.10377957 0.01200000
v -0.06151610 0.10377957 0.00900000
v -0.06738289 0.11040634 0.01200000
v -0.06738289 0.11040634 0.00900000
v -0.08050000 0.14800000 0.01200000
v -0.08050000 0.14800000 0.00900000
v -0.07689808 0.16212583 0.01200000
v -0.07689808 0.16212583 0.00900000
v -0.06697192 0.17280217 0.01200000
v -0.06697192 0.17280217 0.00900000
v 0.00490538 0.06700000 0.01200000
v 0.00490538 0.06700000 0.00900000
v 0.00400477 0.06721425 0.01200000
v 0.00400477 0.06721425 0.00900000
v 0.00329712 0.06781109 0.01200000
v 0.00329712 0.06781109 0.00900000
v -0.05100000 0.18400000 0.01200000
v -0.05100000 0.18400000 0.00900000
v -0.05169430 0.18326306 0.01200000
v -0.05169430 0.18326306 0.00900000
v -0.05266056 0.18296059 0.01200000
v -0.05266056 0.18296059 0.00900000
v -0.01550610 0.07000000 0.00900000
v -0.01550610 0.07000000 0.01200000
v -0.01981169 0.07689760 0.00900000
v -0.01981169 0.07689760 0.01200000
v -0.02632861 0.08176017 0.00900000
v -0.02632861 0.08176017 0.01200000
v -0.03416667 0.08392348 0.00900000
v -0.03416667 0.08392348 0.01200000
v -0.04000000 0.15200000 0.00900000
v -0.04000000 0.15200000 0.01200000
v -0.04000000 0.14502837 0.00900000
v -0.04000000 0.14502837 0.01200000
v -0.04000000 0.14162925 0.00900000
v -0.04000000 0.14162925 0.01200000
v -0.04000000 0.13360088 0.00900000
v -0.04000000 0.13360088 0.01200000
v -0.04000000 0.12189913 0.00900000
v -0.04000000 0.12189913 0.01200000
v -0.04000000 0.11537075 0.00900000
v -0.04000000 0.11537075 0.01200000
v -0.04000000 0.10970456 0.00900000
v -0.04000000 0.10970456 0.01200000
v -0.04000000 0.10500000 0.00900000
v -0.04000000 0.10500000 0.01200000
v -0.05100000 0.10262166 0.01200000
v -0.05100000 0.10362958 0.01200000
v -0.05100000 0.10262166 0.00900000
v -0.05100000 0.10362958 0.00900000
v -0.08050000 0.14502837 0.00900000
v -0.08050000 0.14502837 0.01200000
v -0.08050000 0.14162925 0.00900000
v -0.08050000 0.14162925 0.01200000
v -0.08050000 0.13360088 0.00900000
v -0.08050000 0.13360088 0.01200000
v -0.08050000 0.12189913 0.00900000
v -0.08050000 0.12189913 0.01200000
v 0.00789225 0.06932941 0.01200000
v 0.00789225 0.06932941 0.00900000
v 0.00784785 0.06846923 0.01200000
v 0.00784785 0.06846923 0.00900000
v 0.00744581 0.06770749 0.01200000
v 0.00744581 0.06770749 0.00900000
v 0.00676069 0.06718547 0.01200000
v 0.00676069 0.06718547 0.00900000
v 0.00591957 0.06700000 0.01200000
v 0.00591957 0.06700000 0.00900000
v -0.04200000 0.08400000 0.01200000
v -0.04200000 0.08400000 0.00900000
v -0.04100000 0.08426795 0.00900000
v -0.04100000 0.08426795 0.01200000
v -0.04026795 0.08500000 0.00900000
v -0.04026795 0.08500000 0.01200000
v -0.03096381 0.25274808 -0.10031888
v -0.03283476 0.25281678 -0.10102233
v -0.03111220 0.25270990 -0.09992796
v -0.03298314 0.25277860 -0.10063141
v -0.03270250 0.25230070 -0.09573827
v -0.03457344 0.25236941 -0.09644172
v -0.03473455 0.25177784 -0.09038478
v -0.03660550 0.25184655 -0.09108823
v -0.03685496 0.25123225 -0.08479853
v -0.03872590 0.25130095 -0.08550198
v -0.03782681 0.25098218 -0.08223816
v -0.03969775 0.25105089 -0.08294161
v -0.03941711 0.25057299 -0.07804847
v -0.04128806 0.25064169 -0.07875192
v -0.04109576 0.25014106 -0.07362602
v -0.04296671 0.25020976 -0.07432948
v -0.04368624 0.24947451 -0.06680137
v -0.04555718 0.24954322 -0.06750482
v -0.04474644 0.24920172 -0.06400824
v -0.04661738 0.24927042 -0.06471169
v -0.04355684 0.24102355 -0.07365712
v -0.04355684 0.23719647 -0.07403090
v -0.04168590 0.24095485 -0.07295366
v -0.04168590 0.23712776 -0.07332744
v -0.04219987 0.22154846 -0.07916826
v -0.04102300 0.22376482 -0.08208186
v -0.04032893 0.22147975 -0.07846481
v -0.03915206 0.22369611 -0.08137841
v -0.03466179 0.22636666 -0.09874636
v -0.03583866 0.22797739 -0.09545898
v -0.03279085 0.22629796 -0.09804291
v -0.03396772 0.22790869 -0.09475553
v -0.03507523 0.24320593 -0.09600213
v -0.03507523 0.23937885 -0.09637591
v -0.03320428 0.24313723 -0.09529867
v -0.03320428 0.23931014 -0.09567245
v -0.03974219 0.23197381 -0.07900039
v -0.04161314 0.23204252 -0.07970385
v -0.03964817 0.23177582 -0.07926979
v -0.04151912 0.23184453 -0.07997325
v -0.03958681 0.23149227 -0.07946070
v -0.04145775 0.23156098 -0.08016416
v -0.03956549 0.23115736 -0.07955010
v -0.04143644 0.23122606 -0.08025355
v -0.03838523 0.23146105 -0.08265954
v -0.04025617 0.23152975 -0.08336299
v -0.03836391 0.23180693 -0.08268244
v -0.04023486 0.23187563 -0.08338590
v -0.03830255 0.23212206 -0.08281488
v -0.04017349 0.23219077 -0.08351833
v -0.03820853 0.23236844 -0.08304088
v -0.04007947 0.23243714 -0.08374433
v -0.03455785 0.21550021 -0.09439788
v -0.03642880 0.21556891 -0.09510134
v -0.03473455 0.21532140 -0.09394538
v -0.03660550 0.21539010 -0.09464884
v -0.03491125 0.21540927 -0.09346684
v -0.03678220 0.21547798 -0.09417029
v -0.04644068 0.24114345 -0.06597540
v -0.04526381 0.24335981 -0.06888899
v -0.04456974 0.24107474 -0.06527194
v -0.04339287 0.24329111 -0.06818554
v -0.04102300 0.21438679 -0.08299779
v -0.04219987 0.21599752 -0.07971041
v -0.03915206 0.21431808 -0.08229433
v -0.04032893 0.21592881 -0.07900695
v -0.04143644 0.23122606 -0.08025355
v -0.04143644 0.22739897 -0.08062733
v -0.03956549 0.23115736 -0.07955010
v -0.03956549 0.22733026 -0.07992388
v -0.03795907 0.24332582 -0.08832040
v -0.03678220 0.24554219 -0.09123400
v -0.03608812 0.24325712 -0.08761695
v -0.03491125 0.24547348 -0.09053055
v -0.04262603 0.23036986 -0.07148704
v -0.04449698 0.23043856 -0.07219049
v -0.04260472 0.23071574 -0.07150994
v -0.04447567 0.23078445 -0.07221339
v -0.04254335 0.23103088 -0.07164238
v -0.04441430 0.23109958 -0.07234583
v -0.04244933 0.23127725 -0.07186837
v -0.04432028 0.23134595 -0.07257183
v -0.03879866 0.21440902 -0.08322538
v -0.04066960 0.21447772 -0.08392883
v -0.03891399 0.21426112 -0.08293308
v -0.04078494 0.21432983 -0.08363653
v -0.03903673 0.21422954 -0.08260973
v -0.04090767 0.21429824 -0.08331318
v -0.03338098 0.22326751 -0.09676933
v -0.03525193 0.22333621 -0.09747279
v -0.03325163 0.22293650 -0.09714570
v -0.03512257 0.22300520 -0.09784915
v -0.03320428 0.22245105 -0.09731904
v -0.03507523 0.22251975 -0.09802249
v -0.04491041 0.24345074 -0.06982003
v -0.04373354 0.24184001 -0.07310741
v -0.04303947 0.24338204 -0.06911658
v -0.04186260 0.24177131 -0.07240396
v -0.04050563 0.22057236 -0.07808347
v -0.04050563 0.21674527 -0.07845725
v -0.04237657 0.22064106 -0.07878692
v -0.04237657 0.21681398 -0.07916071
v -0.04161314 0.22649158 -0.08024599
v -0.04279001 0.22427522 -0.07733240
v -0.03974219 0.22642288 -0.07954254
v -0.04091906 0.22420651 -0.07662894
v -0.03642880 0.24563312 -0.09216504
v -0.03525193 0.24402239 -0.09545242
v -0.03455785 0.24556442 -0.09146159
v -0.03338098 0.24395369 -0.09474897
v -0.04127246 0.23349361 -0.07478197
v -0.04314341 0.23356231 -0.07548543
v -0.04109576 0.23367241 -0.07523447
v -0.04296671 0.23374112 -0.07593792
v -0.04091906 0.23358454 -0.07571301
v -0.04279001 0.23365325 -0.07641647
v -0.04045828 0.21625982 -0.07863059
v -0.04232923 0.21632853 -0.07933404
v -0.03320428 0.21862396 -0.09769282
v -0.03507523 0.21869266 -0.09839627
v -0.03325163 0.21811414 -0.09761668
v -0.03512257 0.21818285 -0.09832014
v -0.03338098 0.21771657 -0.09731148
v -0.03525193 0.21778527 -0.09801493
v -0.03177455 0.25010379 -0.10410707
v -0.02990361 0.25003509 -0.10340362
v -0.03177455 0.24778746 -0.10433330
v -0.02990361 0.24771875 -0.10362985
v -0.03177455 0.23697013 -0.10538980
v -0.02990361 0.23690142 -0.10468635
v -0.03177455 0.22662704 -0.10639999
v -0.02990361 0.22655833 -0.10569653
v -0.03177455 0.21427427 -0.10760645
v -0.02990361 0.21420557 -0.10690299
v -0.04373354 0.23628908 -0.07364956
v -0.04491041 0.23407271 -0.07073596
v -0.04186260 0.23622037 -0.07294610
v -0.04303947 0.23400401 -0.07003251
v -0.04066960 0.22385575 -0.08301290
v -0.03949273 0.22224502 -0.08630028
v -0.03879866 0.22378704 -0.08230945
v -0.03762179 0.22217632 -0.08559683
v -0.03414442 0.23255224 -0.09383204
v -0.03414442 0.22872514 -0.09420583
v -0.03601536 0.23262094 -0.09453550
v -0.03601536 0.22879385 -0.09490928
v -0.03525193 0.23847145 -0.09599457
v -0.03642880 0.23625509 -0.09308097
v -0.03338098 0.23840275 -0.09529111
v -0.03455785 0.23618639 -0.09237752
v -0.03956549 0.22733026 -0.07992388
v -0.04143644 0.22739897 -0.08062733
v -0.03958681 0.22698438 -0.07990097
v -0.04145775 0.22705309 -0.08060443
v -0.03964817 0.22666925 -0.07976854
v -0.04151912 0.22673795 -0.08047199
v -0.03703166 0.23458480 -0.08595448
v -0.03890260 0.23465350 -0.08665793
v -0.03685496 0.23476360 -0.08640697
v -0.03872590 0.23483231 -0.08711043
v -0.03667826 0.23467573 -0.08688552
v -0.03854920 0.23474443 -0.08758897
v -0.03608812 0.21702000 -0.09017946
v -0.03795907 0.21708871 -0.09088291
v -0.03621747 0.21735101 -0.08980310
v -0.03808842 0.21741971 -0.09050655
v -0.03626482 0.21783646 -0.08962976
v -0.03813577 0.21790516 -0.09033321
v -0.04343678 0.20828771 -0.07717367
v -0.04156583 0.20821900 -0.07647022
v -0.04555718 0.20774211 -0.07158742
v -0.04368624 0.20767341 -0.07088397
v -0.04661738 0.20746932 -0.06879430
v -0.04474644 0.20740061 -0.06809084
v -0.04474644 0.24016735 -0.06489060
v -0.04661738 0.24023606 -0.06559406
v -0.04469909 0.24067717 -0.06496673
v -0.04657004 0.24074587 -0.06567019
v -0.03931603 0.22142856 -0.08684998
v -0.03931603 0.21760147 -0.08722377
v -0.03744509 0.22135986 -0.08614653
v -0.03744509 0.21753277 -0.08652031
v -0.03583866 0.23352833 -0.09491684
v -0.03466179 0.23574469 -0.09783044
v -0.03396772 0.23345963 -0.09421338
v -0.03279085 0.23567599 -0.09712698
v -0.04526381 0.21329560 -0.07182528
v -0.04644068 0.21490633 -0.06853790
v -0.04339287 0.21322690 -0.07112183
v -0.04456974 0.21483762 -0.06783445
v -0.04109576 0.22402771 -0.07617644
v -0.04296671 0.22409641 -0.07687990
v -0.04127246 0.22411558 -0.07569790
v -0.04314341 0.22418429 -0.07640135
v -0.03550139 0.23306500 -0.09017290
v -0.03737233 0.23313371 -0.09087635
v -0.03540737 0.23286701 -0.09044230
v -0.03727831 0.23293572 -0.09114575
v -0.03534600 0.23258346 -0.09063321
v -0.03721694 0.23265216 -0.09133666
v -0.03532469 0.23224854 -0.09072260
v -0.03719563 0.23231725 -0.09142606
v -0.03412310 0.23289812 -0.09385495
v -0.03599405 0.23296682 -0.09455840
v -0.03406174 0.23321325 -0.09398738
v -0.03593268 0.23328196 -0.09469084
v -0.04767758 0.21018231 -0.06570956
v -0.04580664 0.21011361 -0.06500610
v -0.04767758 0.22253508 -0.06450309
v -0.04580664 0.22246638 -0.06379964
v -0.04767758 0.23287817 -0.06349291
v -0.04580664 0.23280947 -0.06278946
v -0.04767758 0.24369550 -0.06243641
v -0.04580664 0.24362680 -0.06173296
v -0.04767758 0.24601183 -0.06221018
v -0.04580664 0.24594313 -0.06150673
v -0.04321617 0.24346991 -0.06863804
v -0.04508711 0.24353862 -0.06934149
v -0.03949273 0.21669408 -0.08684243
v -0.03762179 0.21662538 -0.08613897
v -0.03430839 0.23583562 -0.09876148
v -0.03313152 0.23422490 -0.10204886
v -0.03243745 0.23576692 -0.09805802
v -0.03126058 0.23415619 -0.10134540
v -0.04474644 0.21948117 -0.06691097
v -0.04474644 0.21565408 -0.06728475
v -0.04661738 0.21954988 -0.06761442
v -0.04661738 0.21572279 -0.06798820
v -0.04244933 0.22572631 -0.07241052
v -0.04432028 0.22579501 -0.07311397
v -0.04254335 0.22592430 -0.07214112
v -0.04441430 0.22599300 -0.07284458
v -0.04260472 0.22620785 -0.07195021
v -0.04447567 0.22627656 -0.07265367
v -0.04262603 0.22654277 -0.07186082
v -0.04449698 0.22661147 -0.07256427
v -0.03532469 0.22842145 -0.09109638
v -0.03719563 0.22849016 -0.09179984
v -0.03534600 0.22807557 -0.09107348
v -0.03721694 0.22814427 -0.09177693
v -0.03540737 0.22776044 -0.09094104
v -0.03727831 0.22782914 -0.09164450
v -0.03550139 0.22751406 -0.09071504
v -0.03737233 0.22758277 -0.09141850
v -0.03261415 0.23585479 -0.09757948
v -0.03448509 0.23592350 -0.09828293
v -0.03926873 0.24762538 -0.07873101
v -0.04113967 0.24769408 -0.07943446
v -0.03919771 0.24839010 -0.07884520
v -0.04106865 0.24845880 -0.07954866
v -0.03900368 0.24898646 -0.07930301
v -0.04087462 0.24905517 -0.08000647
v -0.03873863 0.24925467 -0.07998176
v -0.04060957 0.24932338 -0.08068521
v -0.03847358 0.24912286 -0.08069958
v -0.04034452 0.24919157 -0.08140303
v -0.03827955 0.24862635 -0.08126412
v -0.04015049 0.24869505 -0.08196758
v -0.03820853 0.24789817 -0.08152413
v -0.04007947 0.24796688 -0.08222759
v -0.03827955 0.24713345 -0.08140993
v -0.04015049 0.24720216 -0.08211339
v -0.03847358 0.24653709 -0.08095212
v -0.04034452 0.24660579 -0.08165558
v -0.03873863 0.24626888 -0.08027337
v -0.04060957 0.24633758 -0.08097683
v -0.03900368 0.24640069 -0.07955556
v -0.04087462 0.24646939 -0.08025901
v -0.03919771 0.24689720 -0.07899101
v -0.04106865 0.24696591 -0.07969447
v -0.04173325 0.24144030 -0.07278032
v -0.04360419 0.24150900 -0.07348378
v -0.04168590 0.24095485 -0.07295366
v -0.04355684 0.24102355 -0.07365712
v -0.04102300 0.23507297 -0.08097742
v -0.04219987 0.23668370 -0.07769004
v -0.03915206 0.23500427 -0.08027397
v -0.04032893 0.23661500 -0.07698659
v -0.03295482 0.23340844 -0.10259856
v -0.03295482 0.22958135 -0.10297234
v -0.03108388 0.23333973 -0.10189510
v -0.03108388 0.22951264 -0.10226889
v -0.04644068 0.22045727 -0.06799576
v -0.04526381 0.22267363 -0.07090936
v -0.04456974 0.22038856 -0.06729231
v -0.04339287 0.22260492 -0.07020590
v -0.04050563 0.24125854 -0.07606311
v -0.04237657 0.24132725 -0.07676656
v -0.04048432 0.24160443 -0.07608601
v -0.04235526 0.24167313 -0.07678946
v -0.04042295 0.24191956 -0.07621845
v -0.04229389 0.24198826 -0.07692190
v -0.04032893 0.24216593 -0.07644444
v -0.04219987 0.24223464 -0.07714790
v -0.03667826 0.22529770 -0.08780145
v -0.03854920 0.22536641 -0.08850490
v -0.03685496 0.22511890 -0.08734895
v -0.03872590 0.22518760 -0.08805240
v -0.03703166 0.22520677 -0.08687040
v -0.03890260 0.22527547 -0.08757386
v -0.03116656 0.23395820 -0.10161480
v -0.03303750 0.23402691 -0.10231825
v -0.03110519 0.23367465 -0.10180571
v -0.03297613 0.23374335 -0.10250917
v -0.03108388 0.23333973 -0.10189510
v -0.03295482 0.23340844 -0.10259856
v -0.04296671 0.24490764 -0.07484732
v -0.04296671 0.25020976 -0.07432948
v -0.04128806 0.25064169 -0.07875192
v -0.04661738 0.24927042 -0.06471169
v -0.04555718 0.24954322 -0.06750482
v -0.04555718 0.24424110 -0.06802266
v -0.03303750 0.22892033 -0.10281700
v -0.03298314 0.22919950 -0.10293432
v -0.03298314 0.22631606 -0.10321594
v -0.04644068 0.23559251 -0.06651754
v -0.04555718 0.23438330 -0.06898545
v -0.04555718 0.23342376 -0.06907916
v -0.04767758 0.23287817 -0.06349291
v -0.04659607 0.23607405 -0.06605723
v -0.04653470 0.23579050 -0.06624814
v -0.04644068 0.24114345 -0.06597540
v -0.04657004 0.24074587 -0.06567019
v -0.04767758 0.24369550 -0.06243641
v -0.04661738 0.24023606 -0.06559406
v -0.04661738 0.23640897 -0.06596784
v -0.04555718 0.24280732 -0.06816270
v -0.04526381 0.24335981 -0.06888899
v -0.04508711 0.24353862 -0.06934149
v -0.04373354 0.23628908 -0.07364956
v -0.04363952 0.23653545 -0.07387556
v -0.04296671 0.23409031 -0.07590382
v -0.04360419 0.24150900 -0.07348378
v -0.04373354 0.24184001 -0.07310741
v -0.04491041 0.24345074 -0.06982003
v -0.04526381 0.23398178 -0.06980492
v -0.04508711 0.23389391 -0.07028346
v -0.04491041 0.23407271 -0.07073596
v -0.04357816 0.23685058 -0.07400800
v -0.04355684 0.23719647 -0.07403090
v -0.04355684 0.24102355 -0.07365712
v -0.04555718 0.22212114 -0.07018306
v -0.04644068 0.22045727 -0.06799576
v -0.04767758 0.22253508 -0.06450309
v -0.04767758 0.21018231 -0.06570956
v -0.04657004 0.21523734 -0.06816154
v -0.04644068 0.21490633 -0.06853790
v -0.04657004 0.22005969 -0.06769055
v -0.04661738 0.21954988 -0.06761442
v -0.04661738 0.21572279 -0.06798820
v -0.04373354 0.21560289 -0.07566992
v -0.04360419 0.21600047 -0.07597513
v -0.04296671 0.21108099 -0.07815108
v -0.04355684 0.21651028 -0.07605126
v -0.04555718 0.21369712 -0.07100581
v -0.04526381 0.21329560 -0.07182528
v -0.04555718 0.21041444 -0.07132642
v -0.04508711 0.21320773 -0.07230383
v -0.04491041 0.21338653 -0.07275633
v -0.04355684 0.22033737 -0.07567748
v -0.04296671 0.22374722 -0.07691400
v -0.04360419 0.22082282 -0.07550414
v -0.04373354 0.22115383 -0.07512778
v -0.04491041 0.22276456 -0.07184040
v -0.04502574 0.22285310 -0.07152501
v -0.04555718 0.22308067 -0.07008935
v -0.04514848 0.22282152 -0.07120166
v -0.04526381 0.22267363 -0.07090936
v -0.03872590 0.23518150 -0.08707632
v -0.03811445 0.23825643 -0.08840224
v -0.03805309 0.23797288 -0.08859315
v -0.03642880 0.24563312 -0.09216504
v -0.03660550 0.24572099 -0.09168650
v -0.03660550 0.24654442 -0.09160608
v -0.03678220 0.24554219 -0.09123400
v -0.03872590 0.24599883 -0.08601982
v -0.03795907 0.24332582 -0.08832040
v -0.03808842 0.24292825 -0.08801520
v -0.03813577 0.24241843 -0.08793907
v -0.03813577 0.23859135 -0.08831285
v -0.03660550 0.23607629 -0.09262847
v -0.03660550 0.23572709 -0.09266258
v -0.03678220 0.23616416 -0.09214993
v -0.03795907 0.23777489 -0.08886255
v -0.03457344 0.24706729 -0.09695957
v -0.03512257 0.24369138 -0.09582879
v -0.03525193 0.24402239 -0.09545242
v -0.03642880 0.23625509 -0.09308097
v -0.03457344 0.23624996 -0.09801607
v -0.03525193 0.23847145 -0.09599457
v -0.03515791 0.23871783 -0.09622057
v -0.03509654 0.23903296 -0.09635300
v -0.03507523 0.23937885 -0.09637591
v -0.03507523 0.24320593 -0.09600213
v -0.03795907 0.22263964 -0.09034077
v -0.03808842 0.22224207 -0.09003556
v -0.03872590 0.22483841 -0.08808651
v -0.03660550 0.22538400 -0.09367276
v -0.03660550 0.22501969 -0.09370834
v -0.03666686 0.22500390 -0.09354667
v -0.03678220 0.21547798 -0.09417029
v -0.03660550 0.21271777 -0.09490984
v -0.03795907 0.21708871 -0.09088291
v -0.03872590 0.21217218 -0.08932358
v -0.03813577 0.22173225 -0.08995943
v -0.03813577 0.21790516 -0.09033321
v -0.03808842 0.21741971 -0.09050655
v -0.03678220 0.22485601 -0.09325436
v -0.03507523 0.22251975 -0.09802249
v -0.03512257 0.22300520 -0.09784915
v -0.03457344 0.22590686 -0.09902625
v -0.03660550 0.21539010 -0.09464884
v -0.03642880 0.21556891 -0.09510134
v -0.03457344 0.21324064 -0.10026333
v -0.03525193 0.21778527 -0.09801493
v -0.03512257 0.21818285 -0.09832014
v -0.03507523 0.21869266 -0.09839627
v -0.03525193 0.22333621 -0.09747279
v -0.03642880 0.22494694 -0.09418541
v -0.03654413 0.22503548 -0.09387001
v -0.03583866 0.23352833 -0.09491684
v -0.03593268 0.23328196 -0.09469084
v -0.03599405 0.23296682 -0.09455840
v -0.03601536 0.23262094 -0.09453550
v -0.03601536 0.22879385 -0.09490928
v -0.03599405 0.22845893 -0.09499868
v -0.03466179 0.22636666 -0.09874636
v -0.03583866 0.22797739 -0.09545898
v -0.03593268 0.22817538 -0.09518958
v -0.03466179 0.23574469 -0.09783044
v -0.03430839 0.23583562 -0.09876148
v -0.03448509 0.23592350 -0.09828293
v -0.03457344 0.23583409 -0.09805668
v -0.03297613 0.23374335 -0.10250917
v -0.03298314 0.23377572 -0.10248737
v -0.03298314 0.23665915 -0.10220576
v -0.03303750 0.23402691 -0.10231825
v -0.03313152 0.23422490 -0.10204886
v -0.03295482 0.23340844 -0.10259856
v -0.03177455 0.23697013 -0.10538980
v -0.03295482 0.22958135 -0.10297234
v -0.03177455 0.22662704 -0.10639999
v -0.03297613 0.22923546 -0.10294944
v -0.03313152 0.22867396 -0.10259100
v -0.03457344 0.22632273 -0.09898563
v -0.03448509 0.22627879 -0.09922491
v -0.03430839 0.22645760 -0.09967740
v -0.04432028 0.23134595 -0.07257183
v -0.04441430 0.23109958 -0.07234583
v -0.04447567 0.22627656 -0.07265367
v -0.04441430 0.22599300 -0.07284458
v -0.04447567 0.23078445 -0.07221339
v -0.04449698 0.23043856 -0.07219049
v -0.04449698 0.22661147 -0.07256427
v -0.04161314 0.22649158 -0.08024599
v -0.04151912 0.22673795 -0.08047199
v -0.04128806 0.22417915 -0.08133645
v -0.04432028 0.22579501 -0.07311397
v -0.04314341 0.22418429 -0.07640135
v -0.04296671 0.22409641 -0.07687990
v -0.04279001 0.22427522 -0.07733240
v -0.04128806 0.23452224 -0.08032627
v -0.04145775 0.23156098 -0.08016416
v -0.04151912 0.23184453 -0.07997325
v -0.04145775 0.22705309 -0.08060443
v -0.04143644 0.22739897 -0.08062733
v -0.04143644 0.23122606 -0.08025355
v -0.04161314 0.23204252 -0.07970385
v -0.04279001 0.23365325 -0.07641647
v -0.04296671 0.23374112 -0.07593792
v -0.04314341 0.23356231 -0.07548543
v -0.04219987 0.24223464 -0.07714790
v -0.04229389 0.24198826 -0.07692190
v -0.04235526 0.24167313 -0.07678946
v -0.04237657 0.24132725 -0.07676656
v -0.04237657 0.23750016 -0.07714034
v -0.04235526 0.23716524 -0.07722974
v -0.04128806 0.24395184 -0.07940531
v -0.04128806 0.24533957 -0.07926977
v -0.04102300 0.24445100 -0.08006150
v -0.04084630 0.24462980 -0.08051399
v -0.04066960 0.24454193 -0.08099254
v -0.03969775 0.24574877 -0.08345946
v -0.03969775 0.24321180 -0.08370724
v -0.03949273 0.24293120 -0.08427992
v -0.03936338 0.24260019 -0.08465628
v -0.03939871 0.23762664 -0.08504806
v -0.03933735 0.23794177 -0.08518050
v -0.03931603 0.23828766 -0.08520340
v -0.03931603 0.24211474 -0.08482962
v -0.04102300 0.23507297 -0.08097742
v -0.04084630 0.23498510 -0.08145597
v -0.04229389 0.23688169 -0.07742065
v -0.04219987 0.23668370 -0.07769004
v -0.04128806 0.23543573 -0.08023705
v -0.04066960 0.23516390 -0.08190846
v -0.03969775 0.23493144 -0.08451596
v -0.03969775 0.23699416 -0.08431450
v -0.03949273 0.23738027 -0.08482206
v -0.04237657 0.21227488 -0.07960403
v -0.04263528 0.21147973 -0.07899362
v -0.04232923 0.22115088 -0.07886306
v -0.04237657 0.22064106 -0.07878692
v -0.04237657 0.21681398 -0.07916071
v -0.04232923 0.21632853 -0.07933404
v -0.04202317 0.21263250 -0.08050902
v -0.04219987 0.21599752 -0.07971041
v -0.04128806 0.21282165 -0.08244571
v -0.04128806 0.21474955 -0.08225742
v -0.04078494 0.22394429 -0.08269751
v -0.04090767 0.22391271 -0.08237416
v -0.04102300 0.22376482 -0.08208186
v -0.04128806 0.22326566 -0.08142567
v -0.04219987 0.22154846 -0.07916826
v -0.03926084 0.21203454 -0.08791428
v -0.03929066 0.21234033 -0.08780509
v -0.03931603 0.22142856 -0.08684998
v -0.03936338 0.22191401 -0.08667665
v -0.03949273 0.22224502 -0.08630028
v -0.03969775 0.22458834 -0.08552614
v -0.03969775 0.22252562 -0.08572760
v -0.04066960 0.22385575 -0.08301290
v -0.03931603 0.21760147 -0.08722377
v -0.03936338 0.21709166 -0.08714763
v -0.03954937 0.21300234 -0.08705236
v -0.04102300 0.21438679 -0.08299779
v -0.04090767 0.21429824 -0.08331318
v -0.03990277 0.21317809 -0.08609528
v -0.04078494 0.21432983 -0.08363653
v -0.04066960 0.21447772 -0.08392883
v -0.03969775 0.21307613 -0.08665051
v -0.03969775 0.21630798 -0.08633486
v -0.03949273 0.21669408 -0.08684243
v -0.04007947 0.23243714 -0.08374433
v -0.04017349 0.23219077 -0.08351833
v -0.03969775 0.23315602 -0.08468936
v -0.04023486 0.22736774 -0.08382617
v -0.04017349 0.22708419 -0.08401708
v -0.04007947 0.22688620 -0.08428648
v -0.04023486 0.23187563 -0.08338590
v -0.04025617 0.23152975 -0.08336299
v -0.04025617 0.22770266 -0.08373678
v -0.03737233 0.22758277 -0.09141850
v -0.03727831 0.22782914 -0.09164450
v -0.03721694 0.23265216 -0.09133666
v -0.03727831 0.23293572 -0.09114575
v -0.03721694 0.22814427 -0.09177693
v -0.03719563 0.22849016 -0.09179984
v -0.03719563 0.23231725 -0.09142606
v -0.03737233 0.23313371 -0.09087635
v -0.03854920 0.23474443 -0.08758897
v -0.03872590 0.23483231 -0.08711043
v -0.03890260 0.23465350 -0.08665793
v -0.03969775 0.22636376 -0.08535274
v -0.03890260 0.22527547 -0.08757386
v -0.03872590 0.22518760 -0.08805240
v -0.03854920 0.22536641 -0.08850490
v -0.03230465 0.21155210 -0.10646243
v -0.03283476 0.21101568 -0.10510493
v -0.03191659 0.21274483 -0.10737805
v -0.03298314 0.21364983 -0.10445302
v -0.03180438 0.21395313 -0.10755849
v -0.03177455 0.21427427 -0.10760645
v -0.03298314 0.25277860 -0.10063141
v -0.03283476 0.25281678 -0.10102233
v -0.03298314 0.24747648 -0.10114926
v -0.03230466 0.25255317 -0.10245796
v -0.04767758 0.24601183 -0.06221018
v -0.04753554 0.24754128 -0.06243858
v -0.04714748 0.24873400 -0.06335420
v -0.04661738 0.20746932 -0.06879430
v -0.04714748 0.20773294 -0.06735866
v -0.04764776 0.20987652 -0.06581874
v -0.04753554 0.20872596 -0.06622957
v -0.04296671 0.20900390 -0.07835394
v -0.04308338 0.20864532 -0.07807867
v -0.04343678 0.20828771 -0.07717367
v -0.04555718 0.20774211 -0.07158742
v -0.04282467 0.20944047 -0.07868908
v -0.04272997 0.21046010 -0.07884135
v -0.04266511 0.21115859 -0.07894566
v -0.03884257 0.20973651 -0.08925118
v -0.03910127 0.21039853 -0.08849845
v -0.03919597 0.21136943 -0.08815177
v -0.04113967 0.24769408 -0.07943446
v -0.04106865 0.24696591 -0.07969447
v -0.04015049 0.24720216 -0.08211339
v -0.04007947 0.24796688 -0.08222759
v -0.04087462 0.24646939 -0.08025901
v -0.04060957 0.24633758 -0.08097683
v -0.04034452 0.24660579 -0.08165558
v -0.04060957 0.24932338 -0.08068521
v -0.04087462 0.24905517 -0.08000647
v -0.04106865 0.24845880 -0.07954866
v -0.04034452 0.24919157 -0.08140303
v -0.03969775 0.25105089 -0.08294161
v -0.04015049 0.24869505 -0.08196758
v -0.03457344 0.25236941 -0.09644172
v -0.03660550 0.25184655 -0.09108823
v -0.03872590 0.25130095 -0.08550198
v -0.03354156 0.24815623 -0.09959767
v -0.03327651 0.24842444 -0.10027642
v -0.03407166 0.24951273 -0.09805530
v -0.03400064 0.24878455 -0.09831531
v -0.03380661 0.24828804 -0.09887986
v -0.03308248 0.25051370 -0.10058842
v -0.03301146 0.24978553 -0.10084842
v -0.03308248 0.24902080 -0.10073423
v -0.03327651 0.25101021 -0.10002387
v -0.03354156 0.25114202 -0.09930605
v -0.03380661 0.25087382 -0.09862731
v -0.03400064 0.25027745 -0.09816950
v -0.03177455 0.24778746 -0.10433330
v -0.03177455 0.25010379 -0.10410707
v -0.03191659 0.25156014 -0.10358706
v -0.03298314 0.21097750 -0.10471401
v -0.03457344 0.21056831 -0.10052433
v -0.03660550 0.21004544 -0.09517084
v -0.03848917 0.20956076 -0.09020826
v -0.03872590 0.20967849 -0.08956713
v -0.04168590 0.23712776 -0.07332744
v -0.04355684 0.23719647 -0.07403090
v -0.04170721 0.23678188 -0.07330454
v -0.04357816 0.23685058 -0.07400800
v -0.04176858 0.23646674 -0.07317210
v -0.04363952 0.23653545 -0.07387556
v -0.04050563 0.23743145 -0.07643689
v -0.04237657 0.23750016 -0.07714034
v -0.03313152 0.22867396 -0.10259100
v -0.03430839 0.22645760 -0.09967740
v -0.03126058 0.22860525 -0.10188755
v -0.03243745 0.22638889 -0.09897395
v -0.04491041 0.22276456 -0.07184040
v -0.04373354 0.22115383 -0.07512778
v -0.04303947 0.22269586 -0.07113694
v -0.04186260 0.22108513 -0.07442432
v -0.03915206 0.24438230 -0.07935804
v -0.04102300 0.24445100 -0.08006150
v -0.03897536 0.24456110 -0.07981054
v -0.04084630 0.24462980 -0.08051399
v -0.03879866 0.24447323 -0.08028908
v -0.04066960 0.24454193 -0.08099254
v -0.03820853 0.22681750 -0.08358303
v -0.04007947 0.22688620 -0.08428648
v -0.03830255 0.22701549 -0.08331363
v -0.04017349 0.22708419 -0.08401708
v -0.03836391 0.22729904 -0.08312272
v -0.04023486 0.22736774 -0.08382617
v -0.03838523 0.22763396 -0.08303332
v -0.04025617 0.22770266 -0.08373678
v -0.03108388 0.22951264 -0.10226889
v -0.03295482 0.22958135 -0.10297234
v -0.03110519 0.22916676 -0.10224599
v -0.03297613 0.22923546 -0.10294944
v -0.03116656 0.22885162 -0.10211355
v -0.03303750 0.22892033 -0.10281700
v -0.04339287 0.21322690 -0.07112183
v -0.04368624 0.21362841 -0.07030236
v -0.04368624 0.21034574 -0.07062297
v -0.04456974 0.24107474 -0.06527194
v -0.04368624 0.24273862 -0.06745924
v -0.04368624 0.24417239 -0.06731921
v -0.03915206 0.21431808 -0.08229433
v -0.03941711 0.21468085 -0.08155396
v -0.03941711 0.21275294 -0.08174225
v -0.02990361 0.21420557 -0.10690299
v -0.02990361 0.22655833 -0.10569653
v -0.03111220 0.22624736 -0.10251248
v -0.04076434 0.21141103 -0.07829016
v -0.04050563 0.21220618 -0.07890057
v -0.04109576 0.22367852 -0.07621055
v -0.04015223 0.21256379 -0.07980557
v -0.04032893 0.21592881 -0.07900695
v -0.03941711 0.22319695 -0.08072222
v -0.03941711 0.22411044 -0.08063300
v -0.04032893 0.22147975 -0.07846481
v -0.04045828 0.22108218 -0.07815960
v -0.04045828 0.21625982 -0.07863059
v -0.04050563 0.21674527 -0.07845725
v -0.04050563 0.22057236 -0.07808347
v -0.04109576 0.20893520 -0.07765049
v -0.04095372 0.20937177 -0.07798563
v -0.04109576 0.21101229 -0.07744762
v -0.04085903 0.21039140 -0.07813789
v -0.04079416 0.21108989 -0.07824220
v -0.04577682 0.20980782 -0.06511529
v -0.04566460 0.20865726 -0.06552612
v -0.04121243 0.20857662 -0.07737522
v -0.04156583 0.20821900 -0.07647022
v -0.04368624 0.20767341 -0.07088397
v -0.04474644 0.20740061 -0.06809084
v -0.04527654 0.20766423 -0.06665521
v -0.04580664 0.22246638 -0.06379964
v -0.04469909 0.21999099 -0.06698710
v -0.04456974 0.22038856 -0.06729231
v -0.04456974 0.21483762 -0.06783445
v -0.04580664 0.21011361 -0.06500610
v -0.04469909 0.21516863 -0.06745809
v -0.04474644 0.21565408 -0.06728475
v -0.04474644 0.21948117 -0.06691097
v -0.04474644 0.24920172 -0.06400824
v -0.04527654 0.24866530 -0.06265074
v -0.02990361 0.24771875 -0.10362985
v -0.02990361 0.25003509 -0.10340362
v -0.03111220 0.24740778 -0.10044580
v -0.03004565 0.25149143 -0.10288360
v -0.03111220 0.21358113 -0.10374956
v -0.03111220 0.21090880 -0.10401056
v -0.03096381 0.21094698 -0.10440148
v -0.03043371 0.21148340 -0.10575897
v -0.03004565 0.21267612 -0.10667459
v -0.02993343 0.21388443 -0.10685504
v -0.03738989 0.21196583 -0.08721082
v -0.03732502 0.21130072 -0.08744831
v -0.03685496 0.21210347 -0.08862013
v -0.03723033 0.21032982 -0.08779499
v -0.03685496 0.22476970 -0.08738305
v -0.03749244 0.22184531 -0.08597319
v -0.03744509 0.22135986 -0.08614653
v -0.03744509 0.21753277 -0.08652031
v -0.03767842 0.21293364 -0.08634891
v -0.03741972 0.21227162 -0.08710164
v -0.03803182 0.21310939 -0.08539182
v -0.03891399 0.21426112 -0.08293308
v -0.03903673 0.21422954 -0.08260973
v -0.03749244 0.21702295 -0.08644418
v -0.03762179 0.21662538 -0.08613897
v -0.03782681 0.21300743 -0.08594705
v -0.03782681 0.21623928 -0.08563141
v -0.03879866 0.21440902 -0.08322538
v -0.04339287 0.24329111 -0.06818554
v -0.04321617 0.24346991 -0.06863804
v -0.04109576 0.24483894 -0.07414387
v -0.04303947 0.24338204 -0.06911658
v -0.04186260 0.24177131 -0.07240396
v -0.04173325 0.24144030 -0.07278032
v -0.04168590 0.24095485 -0.07295366
v -0.04109576 0.23402161 -0.07520037
v -0.04168590 0.23712776 -0.07332744
v -0.04170721 0.23678188 -0.07330454
v -0.04176858 0.23646674 -0.07317210
v -0.04186260 0.23622037 -0.07294610
v -0.04303947 0.23400401 -0.07003251
v -0.04321617 0.23382520 -0.06958001
v -0.04368624 0.23335506 -0.06837571
v -0.04339287 0.23391308 -0.06910146
v -0.04368624 0.23431460 -0.06828199
v -0.04456974 0.23552381 -0.06581409
v -0.04466376 0.23572180 -0.06554469
v -0.04580664 0.23280947 -0.06278946
v -0.04469909 0.24067717 -0.06496673
v -0.04580664 0.24362680 -0.06173296
v -0.04580664 0.24594313 -0.06150673
v -0.04566460 0.24747257 -0.06173513
v -0.04472513 0.23600535 -0.06535378
v -0.04474644 0.23634027 -0.06526438
v -0.04474644 0.24016735 -0.06489060
v -0.04168590 0.21644158 -0.07534781
v -0.04173324 0.21593177 -0.07527167
v -0.04186260 0.22108513 -0.07442432
v -0.04173325 0.22075412 -0.07480069
v -0.04168590 0.22026867 -0.07497403
v -0.04368624 0.22301197 -0.06938589
v -0.04368624 0.22205243 -0.06947961
v -0.04339287 0.22260492 -0.07020590
v -0.04327754 0.22275282 -0.07049820
v -0.04315480 0.22278440 -0.07082155
v -0.04303947 0.22269586 -0.07113694
v -0.04186260 0.21553419 -0.07496647
v -0.04303947 0.21331783 -0.07205287
v -0.04321617 0.21313902 -0.07160037
v -0.03491125 0.24547348 -0.09053055
v -0.03473455 0.24565229 -0.09098304
v -0.03473455 0.24647572 -0.09090262
v -0.03455785 0.24556442 -0.09146159
v -0.03270250 0.24699858 -0.09625611
v -0.03338098 0.24395369 -0.09474897
v -0.03325163 0.24362268 -0.09512533
v -0.03320428 0.24313723 -0.09529867
v -0.03320428 0.23931014 -0.09567245
v -0.03270250 0.23618125 -0.09731261
v -0.03322559 0.23896426 -0.09564955
v -0.03328696 0.23864912 -0.09551711
v -0.03608812 0.23770618 -0.08815909
v -0.03618214 0.23790417 -0.08788970
v -0.03685496 0.23511280 -0.08637287
v -0.03338098 0.23840275 -0.09529111
v -0.03455785 0.23618639 -0.09237752
v -0.03473455 0.23565839 -0.09195912
v -0.03473455 0.23600758 -0.09192502
v -0.03491125 0.23609546 -0.09144647
v -0.03608812 0.24325712 -0.08761695
v -0.03685496 0.24593013 -0.08531637
v -0.03621747 0.24285955 -0.08731174
v -0.03624351 0.23818773 -0.08769879
v -0.03626482 0.23852264 -0.08760939
v -0.03626482 0.24234973 -0.08723561
v -0.03473455 0.22531530 -0.09296930
v -0.03473455 0.22495099 -0.09300489
v -0.03467318 0.22496678 -0.09316656
v -0.03338098 0.22326751 -0.09676933
v -0.03325163 0.22293650 -0.09714570
v -0.03270250 0.22583816 -0.09832280
v -0.03320428 0.22245105 -0.09731904
v -0.03320428 0.21862396 -0.09769282
v -0.03325163 0.21811414 -0.09761668
v -0.03270250 0.21317193 -0.09955987
v -0.03338098 0.21771657 -0.09731148
v -0.03473455 0.21264907 -0.09420638
v -0.03455785 0.21550021 -0.09439788
v -0.03455785 0.22487823 -0.09348195
v -0.03473455 0.21532140 -0.09394538
v -0.03491125 0.21540927 -0.09346684
v -0.03608812 0.21702000 -0.09017946
v -0.03621747 0.21735101 -0.08980310
v -0.03626482 0.21783646 -0.08962976
v -0.03626482 0.22166355 -0.08925598
v -0.03621747 0.22217336 -0.08933211
v -0.03608812 0.22257094 -0.08963731
v -0.03491125 0.22478730 -0.09255091
v -0.03479592 0.22493520 -0.09284321
v -0.03261415 0.22621009 -0.09852145
v -0.03243745 0.22638889 -0.09897395
v -0.03126058 0.22860525 -0.10188755
v -0.03116656 0.22885162 -0.10211355
v -0.02990361 0.23690142 -0.10468635
v -0.03108388 0.23333973 -0.10189510
v -0.03108388 0.22951264 -0.10226889
v -0.03110519 0.22916676 -0.10224599
v -0.03111220 0.22913079 -0.10223087
v -0.03270250 0.23576539 -0.09735323
v -0.03261415 0.23585479 -0.09757948
v -0.03126058 0.23415619 -0.10134540
v -0.03116656 0.23395820 -0.10161480
v -0.03111220 0.23659045 -0.10150230
v -0.03111220 0.23370701 -0.10178392
v -0.03110519 0.23367465 -0.10180571
v -0.03243745 0.23576692 -0.09805802
v -0.03270250 0.22625402 -0.09828218
v -0.03279085 0.22629796 -0.09804291
v -0.03396772 0.22790869 -0.09475553
v -0.03406174 0.22810667 -0.09448613
v -0.03412310 0.22839023 -0.09429522
v -0.03414442 0.22872514 -0.09420583
v -0.03414442 0.23255224 -0.09383204
v -0.03412310 0.23289812 -0.09385495
v -0.03406174 0.23321325 -0.09398738
v -0.03396772 0.23345963 -0.09421338
v -0.03279085 0.23567599 -0.09712698
v -0.03958681 0.22698438 -0.07990097
v -0.03964817 0.22666925 -0.07976854
v -0.04109576 0.23367241 -0.07523447
v -0.04091906 0.23358454 -0.07571301
v -0.03941711 0.23445354 -0.07962281
v -0.03974219 0.23197381 -0.07900039
v -0.03964817 0.23177582 -0.07926979
v -0.03958681 0.23149227 -0.07946070
v -0.03956549 0.23115736 -0.07955010
v -0.03956549 0.22733026 -0.07992388
v -0.04244933 0.22572631 -0.07241052
v -0.04254335 0.22592430 -0.07214112
v -0.04260472 0.23071574 -0.07150994
v -0.04254335 0.23103088 -0.07164238
v -0.03974219 0.22642288 -0.07954254
v -0.04091906 0.22420651 -0.07662894
v -0.04109576 0.22402771 -0.07617644
v -0.04127246 0.22411558 -0.07569790
v -0.04260472 0.22620785 -0.07195021
v -0.04262603 0.22654277 -0.07186082
v -0.04262603 0.23036986 -0.07148704
v -0.04127246 0.23349361 -0.07478197
v -0.04244933 0.23127725 -0.07186837
v -0.03749244 0.24253149 -0.08395283
v -0.03744509 0.24204604 -0.08412617
v -0.03782681 0.23692546 -0.08361104
v -0.03782681 0.23486273 -0.08381250
v -0.03762179 0.23731156 -0.08411861
v -0.03752777 0.23755793 -0.08434461
v -0.03746640 0.23787307 -0.08447705
v -0.03744509 0.23821895 -0.08449995
v -0.03915206 0.24438230 -0.07935804
v -0.03897536 0.24456110 -0.07981054
v -0.03941711 0.24527087 -0.07856631
v -0.03782681 0.24568006 -0.08275600
v -0.03879866 0.24447323 -0.08028908
v -0.03782681 0.24314310 -0.08300378
v -0.03762179 0.24286250 -0.08357646
v -0.04032893 0.23661500 -0.07698659
v -0.04042295 0.23681298 -0.07671719
v -0.03941711 0.23536703 -0.07953360
v -0.04048432 0.23709654 -0.07652628
v -0.04050563 0.23743145 -0.07643689
v -0.04050563 0.24125854 -0.07606311
v -0.04048432 0.24160443 -0.07608601
v -0.04042295 0.24191956 -0.07621845
v -0.04032893 0.24216593 -0.07644444
v -0.03941711 0.24388313 -0.07870185
v -0.03879866 0.23509520 -0.08120501
v -0.03897536 0.23491639 -0.08075251
v -0.03915206 0.23500427 -0.08027397
v -0.03891399 0.22387559 -0.08199406
v -0.03879866 0.22378704 -0.08230945
v -0.03782681 0.22451964 -0.08482269
v -0.03782681 0.22245691 -0.08502415
v -0.03762179 0.22217632 -0.08559683
v -0.03915206 0.22369611 -0.08137841
v -0.03903673 0.22384401 -0.08167071
v -0.03534600 0.22807557 -0.09107348
v -0.03540737 0.22776044 -0.09094104
v -0.03550139 0.23306500 -0.09017290
v -0.03540737 0.23286701 -0.09044230
v -0.03534600 0.23258346 -0.09063321
v -0.03532469 0.23224854 -0.09072260
v -0.03532469 0.22842145 -0.09109638
v -0.03703166 0.23458480 -0.08595448
v -0.03685496 0.23476360 -0.08640697
v -0.03667826 0.23467573 -0.08688552
v -0.03820853 0.22681750 -0.08358303
v -0.03830255 0.22701549 -0.08331363
v -0.03782681 0.22629506 -0.08464929
v -0.03836391 0.22729904 -0.08312272
v -0.03838523 0.22763396 -0.08303332
v -0.03838523 0.23146105 -0.08265954
v -0.03836391 0.23180693 -0.08268244
v -0.03830255 0.23212206 -0.08281488
v -0.03820853 0.23236844 -0.08304088
v -0.03782681 0.23308731 -0.08398590
v -0.03550139 0.22751406 -0.09071504
v -0.03667826 0.22529770 -0.08780145
v -0.03685496 0.22511890 -0.08734895
v -0.03703166 0.22520677 -0.08687040
v -0.03270250 0.21049960 -0.09982087
v -0.03473455 0.20997674 -0.09446738
v -0.03661822 0.20949206 -0.08950481
v -0.03685496 0.20960979 -0.08886368
v -0.03697162 0.20966781 -0.08854772
v -0.03820853 0.24789817 -0.08152413
v -0.03827955 0.24713345 -0.08140993
v -0.03847358 0.24653709 -0.08095212
v -0.03873863 0.24626888 -0.08027337
v -0.03900368 0.24640069 -0.07955556
v -0.03919771 0.24689720 -0.07899101
v -0.03926873 0.24762538 -0.07873101
v -0.03919771 0.24839010 -0.07884520
v -0.03941711 0.25057299 -0.07804847
v -0.04109576 0.25014106 -0.07362602
v -0.04368624 0.24947451 -0.06680137
v -0.03900368 0.24898646 -0.07930301
v -0.03873863 0.24925467 -0.07998176
v -0.03782681 0.25098218 -0.08223816
v -0.03847358 0.24912286 -0.08069958
v -0.03827955 0.24862635 -0.08126412
v -0.03114051 0.24971682 -0.10014497
v -0.03121153 0.24895210 -0.10003077
v -0.03140556 0.24835574 -0.09957296
v -0.03167061 0.24808753 -0.09889421
v -0.03193566 0.24821934 -0.09817640
v -0.03212969 0.24871585 -0.09761185
v -0.03220071 0.24944403 -0.09735185
v -0.03270250 0.25230070 -0.09573827
v -0.03473455 0.25177784 -0.09038478
v -0.03685496 0.25123225 -0.08479853
v -0.03111220 0.25270990 -0.09992796
v -0.03140556 0.25094151 -0.09932042
v -0.03121153 0.25044499 -0.09988496
v -0.03212969 0.25020875 -0.09746604
v -0.03193566 0.25080511 -0.09792386
v -0.03167061 0.25107332 -0.09860260
v -0.03096381 0.25274808 -0.10031888
v -0.03043371 0.25248446 -0.10175451
v -0.04321617 0.23382520 -0.06958001
v -0.04508711 0.23389391 -0.07028346
v -0.04339287 0.23391308 -0.06910146
v -0.04526381 0.23398178 -0.06980492
v -0.04355684 0.22033737 -0.07567748
v -0.04355684 0.21651028 -0.07605126
v -0.04168590 0.22026867 -0.07497403
v -0.04168590 0.21644158 -0.07534781
v -0.03762179 0.24286250 -0.08357646
v -0.03949273 0.24293120 -0.08427992
v -0.03749244 0.24253149 -0.08395283
v -0.03936338 0.24260019 -0.08465628
v -0.03744509 0.24204604 -0.08412617
v -0.03931603 0.24211474 -0.08482962
v -0.03626482 0.24234973 -0.08723561
v -0.03813577 0.24241843 -0.08793907
v -0.03621747 0.24285955 -0.08731174
v -0.03808842 0.24292825 -0.08801520
v -0.03261415 0.22621009 -0.09852145
v -0.03448509 0.22627879 -0.09922491
v -0.03220071 0.24944403 -0.09735185
v -0.03407166 0.24951273 -0.09805530
v -0.03212969 0.25020875 -0.09746604
v -0.03400064 0.25027745 -0.09816950
v -0.03193566 0.25080511 -0.09792386
v -0.03380661 0.25087382 -0.09862731
v -0.03167061 0.25107332 -0.09860260
v -0.03354156 0.25114202 -0.09930605
v -0.03140556 0.25094151 -0.09932042
v -0.03327651 0.25101021 -0.10002387
v -0.03121153 0.25044499 -0.09988496
v -0.03308248 0.25051370 -0.10058842
v -0.03114051 0.24971682 -0.10014497
v -0.03301146 0.24978553 -0.10084842
v -0.03121153 0.24895210 -0.10003077
v -0.03308248 0.24902080 -0.10073423
v -0.03140556 0.24835574 -0.09957296
v -0.03327651 0.24842444 -0.10027642
v -0.03167061 0.24808753 -0.09889421
v -0.03354156 0.24815623 -0.09959767
v -0.03193566 0.24821934 -0.09817640
v -0.03380661 0.24828804 -0.09887986
v -0.03212969 0.24871585 -0.09761185
v -0.03400064 0.24878455 -0.09831531
v -0.04456974 0.23552381 -0.06581409
v -0.04644068 0.23559251 -0.06651754
v -0.04466376 0.23572180 -0.06554469
v -0.04653470 0.23579050 -0.06624814
v -0.04472513 0.23600535 -0.06535378
v -0.04659607 0.23607405 -0.06605723
v -0.04474644 0.23634027 -0.06526438
v -0.04661738 0.23640897 -0.06596784
v -0.03626482 0.22166355 -0.08925598
v -0.03813577 0.22173225 -0.08995943
v -0.04373354 0.21560289 -0.07566992
v -0.04491041 0.21338653 -0.07275633
v -0.04186260 0.21553419 -0.07496647
v -0.04303947 0.21331783 -0.07205287
v -0.03744509 0.23821895 -0.08449995
v -0.03931603 0.23828766 -0.08520340
v -0.03746640 0.23787307 -0.08447705
v -0.03933735 0.23794177 -0.08518050
v -0.03752777 0.23755793 -0.08434461
v -0.03939871 0.23762664 -0.08504806
v -0.03762179 0.23731156 -0.08411861
v -0.03949273 0.23738027 -0.08482206
v -0.03473455 0.24565229 -0.09098304
v -0.03660550 0.24572099 -0.09168650
v -0.03406174 0.22810667 -0.09448613
v -0.03593268 0.22817538 -0.09518958
v -0.03412310 0.22839023 -0.09429522
v -0.03599405 0.22845893 -0.09499868
v -0.03191659 0.25156014 -0.10358706
v -0.03004565 0.25149143 -0.10288360
v -0.03230466 0.25255317 -0.10245796
v -0.03043371 0.25248446 -0.10175451
v -0.03283476 0.25281678 -0.10102233
v -0.03096381 0.25274808 -0.10031888
v -0.03931603 0.24211474 -0.08482962
v -0.03931603 0.23828766 -0.08520340
v -0.03744509 0.24204604 -0.08412617
v -0.03744509 0.23821895 -0.08449995
v -0.03795907 0.22263964 -0.09034077
v -0.03678220 0.22485601 -0.09325436
v -0.03608812 0.22257094 -0.08963731
v -0.03491125 0.22478730 -0.09255091
v -0.04469909 0.21999099 -0.06698710
v -0.04657004 0.22005969 -0.06769055
v -0.03879866 0.23509520 -0.08120501
v -0.04066960 0.23516390 -0.08190846
v -0.03897536 0.23491639 -0.08075251
v -0.04084630 0.23498510 -0.08145597
v -0.03325163 0.24362268 -0.09512533
v -0.03512257 0.24369138 -0.09582879
v -0.03320428 0.24313723 -0.09529867
v -0.03507523 0.24320593 -0.09600213
v -0.03661822 0.20949206 -0.08950481
v -0.03848917 0.20956076 -0.09020826
v -0.03473455 0.20997674 -0.09446738
v -0.03660550 0.21004544 -0.09517084
v -0.03270250 0.21049960 -0.09982087
v -0.03457344 0.21056831 -0.10052433
v -0.03111220 0.21090880 -0.10401056
v -0.03298314 0.21097750 -0.10471401
v -0.03096381 0.21094698 -0.10440148
v -0.03283476 0.21101568 -0.10510493
v -0.03230465 0.21155210 -0.10646243
v -0.03043371 0.21148340 -0.10575897
v -0.03191659 0.21274483 -0.10737805
v -0.03004565 0.21267612 -0.10667459
v -0.03642880 0.22494694 -0.09418541
v -0.03455785 0.22487823 -0.09348195
v -0.04327754 0.22275282 -0.07049820
v -0.04514848 0.22282152 -0.07120166
v -0.04315480 0.22278440 -0.07082155
v -0.04502574 0.22285310 -0.07152501
v -0.04042295 0.23681298 -0.07671719
v -0.04229389 0.23688169 -0.07742065
v -0.04048432 0.23709654 -0.07652628
v -0.04235526 0.23716524 -0.07722974
v -0.03320428 0.23931014 -0.09567245
v -0.03507523 0.23937885 -0.09637591
v -0.03322559 0.23896426 -0.09564955
v -0.03509654 0.23903296 -0.09635300
v -0.03328696 0.23864912 -0.09551711
v -0.03515791 0.23871783 -0.09622057
v -0.03990277 0.21317809 -0.08609528
v -0.03803182 0.21310939 -0.08539182
v -0.04128806 0.21282165 -0.08244571
v -0.03941711 0.21275294 -0.08174225
v -0.04202317 0.21263250 -0.08050902
v -0.04015223 0.21256379 -0.07980557
v -0.04580664 0.21011361 -0.06500610
v -0.04767758 0.21018231 -0.06570956
v -0.04753554 0.20872596 -0.06622957
v -0.04566460 0.20865726 -0.06552612
v -0.04714748 0.20773294 -0.06735866
v -0.04527654 0.20766423 -0.06665521
v -0.03507523 0.22251975 -0.09802249
v -0.03507523 0.21869266 -0.09839627
v -0.03320428 0.22245105 -0.09731904
v -0.03320428 0.21862396 -0.09769282
v -0.04173325 0.22075412 -0.07480069
v -0.04360419 0.22082282 -0.07550414
v -0.04168590 0.22026867 -0.07497403
v -0.04355684 0.22033737 -0.07567748
v -0.04045828 0.22108218 -0.07815960
v -0.04232923 0.22115088 -0.07886306
v -0.03473455 0.23600758 -0.09192502
v -0.03660550 0.23607629 -0.09262847
v -0.03491125 0.23609546 -0.09144647
v -0.03678220 0.23616416 -0.09214993
v -0.03919597 0.21136943 -0.08815177
v -0.03732502 0.21130072 -0.08744831
v -0.03929066 0.21234033 -0.08780509
v -0.03741972 0.21227162 -0.08710164
v -0.03954937 0.21300234 -0.08705236
v -0.03767842 0.21293364 -0.08634891
v -0.03990277 0.21317809 -0.08609528
v -0.03803182 0.21310939 -0.08539182
v -0.04474644 0.24920172 -0.06400824
v -0.04661738 0.24927042 -0.06471169
v -0.04714748 0.24873400 -0.06335420
v -0.04527654 0.24866530 -0.06265074
v -0.04753554 0.24754128 -0.06243858
v -0.04566460 0.24747257 -0.06173513
v -0.04168590 0.21644158 -0.07534781
v -0.04355684 0.21651028 -0.07605126
v -0.04173324 0.21593177 -0.07527167
v -0.04360419 0.21600047 -0.07597513
v -0.03903673 0.22384401 -0.08167071
v -0.04090767 0.22391271 -0.08237416
v -0.03891399 0.22387559 -0.08199406
v -0.04078494 0.22394429 -0.08269751
v -0.03608812 0.23770618 -0.08815909
v -0.03795907 0.23777489 -0.08886255
v -0.03618214 0.23790417 -0.08788970
v -0.03805309 0.23797288 -0.08859315
v -0.03624351 0.23818773 -0.08769879
v -0.03811445 0.23825643 -0.08840224
v -0.03626482 0.23852264 -0.08760939
v -0.03813577 0.23859135 -0.08831285
v -0.03732502 0.21130072 -0.08744831
v -0.03919597 0.21136943 -0.08815177
v -0.03910127 0.21039853 -0.08849845
v -0.03723033 0.21032982 -0.08779499
v -0.03884257 0.20973651 -0.08925118
v -0.03697162 0.20966781 -0.08854772
v -0.03719563 0.23231725 -0.09142606
v -0.03719563 0.22849016 -0.09179984
v -0.03532469 0.23224854 -0.09072260
v -0.03532469 0.22842145 -0.09109638
v -0.04321617 0.21313902 -0.07160037
v -0.04508711 0.21320773 -0.07230383
v -0.03749244 0.22184531 -0.08597319
v -0.03936338 0.22191401 -0.08667665
v -0.03744509 0.22135986 -0.08614653
v -0.03931603 0.22142856 -0.08684998
v -0.03621747 0.22217336 -0.08933211
v -0.03808842 0.22224207 -0.09003556
v -0.04308338 0.20864532 -0.07807867
v -0.04121243 0.20857662 -0.07737522
v -0.04282467 0.20944047 -0.07868908
v -0.04095372 0.20937177 -0.07798563
v -0.04272997 0.21046010 -0.07884135
v -0.04085903 0.21039140 -0.07813789
v -0.04469909 0.21516863 -0.06745809
v -0.04657004 0.21523734 -0.06816154
v -0.03744509 0.21753277 -0.08652031
v -0.03931603 0.21760147 -0.08722377
v -0.03749244 0.21702295 -0.08644418
v -0.03936338 0.21709166 -0.08714763
v -0.03479592 0.22493520 -0.09284321
v -0.03666686 0.22500390 -0.09354667
v -0.03467318 0.22496678 -0.09316656
v -0.03654413 0.22503548 -0.09387001
v -0.04202317 0.21263250 -0.08050902
v -0.04015223 0.21256379 -0.07980557
v -0.04237657 0.21227488 -0.07960403
v -0.04050563 0.21220618 -0.07890057
v -0.04263528 0.21147973 -0.07899362
v -0.04076434 0.21141103 -0.07829016
v -0.04272997 0.21046010 -0.07884135
v -0.04085903 0.21039140 -0.07813789
f 1 2 3
f 2 4 3
f 3 4 5
f 4 6 5
f 5 6 7
f 6 8 7
f 9 10 11
f 10 12 11
f 11 12 13
f 12 14 13
f 13 14 15
f 14 16 15
f 17 18 19
f 18 20 19
f 19 20 21
f 20 22 21
f 21 22 23
f 22 24 23
f 23 24 25
f 24 26 25
f 25 26 27
f 26 28 27
f 27 28 29
f 28 30 29
f 29 30 31
f 30 32 31
f 31 32 33
f 32 34 33
f 33 34 35
f 34 36 35
f 37 38 39
f 38 40 39
f 39 40 41
f 40 42 41
f 43 44 45
f 44 46 45
f 16 47 15
f 47 48 15
f 49 50 51
f 50 52 51
f 53 54 55
f 54 56 55
f 55 56 57
f 56 58 57
f 59 60 61
f 60 62 61
f 61 62 63
f 62 64 63
f 63 64 65
f 64 66 65
f 67 68 69
f 68 70 69
f 69 70 71
f 70 72 71
f 73 74 75
f 74 76 75
f 75 76 77
f 76 78 77
f 77 78 79
f 78 80 79
f 79 80 81
f 80 82 81
f 81 82 83
f 82 84 83
f 83 84 85
f 84 86 85
f 85 86 87
f 86 88 87
f 87 88 89
f 88 90 89
f 89 90 91
f 90 92 91
f 93 94 95
f 94 96 95
f 97 98 99
f 98 100 99
f 101 102 103
f 102 104 103
f 105 106 107
f 106 108 107
f 109 110 111
f 110 112 111
f 111 112 113
f 112 114 113
f 113 114 115
f 114 116 115
f 117 118 119
f 118 120 119
f 119 120 121
f 120 122 121
f 123 124 125
f 124 126 125
f 125 126 127
f 126 128 127
f 129 130 131
f 130 132 131
f 131 132 133
f 132 134 133
f 133 134 135
f 134 136 135
f 135 136 137
f 136 138 137
f 139 140 141
f 140 142 141
f 143 144 145
f 144 146 145
f 9 147 10
f 147 148 10
f 149 150 151
f 150 152 151
f 153 154 155
f 154 156 155
f 155 156 157
f 156 158 157
f 157 158 159
f 158 160 159
f 161 162 163
f 162 164 163
f 163 164 165
f 164 166 165
f 165 166 167
f 166 168 167
f 169 170 171
f 170 172 171
f 171 172 173
f 172 174 173
f 173 174 175
f 174 176 175
f 48 47 177
f 47 178 177
f 177 178 179
f 178 180 179
f 181 182 183
f 182 184 183
f 183 184 185
f 184 186 185
f 185 186 187
f 186 188 187
f 187 188 189
f 188 190 189
f 191 192 193
f 192 194 193
f 193 194 195
f 194 196 195
f 197 198 199
f 198 200 199
f 180 201 179
f 201 202 179
f 203 204 205
f 204 206 205
f 207 208 209
f 208 210 209
f 209 210 211
f 210 212 211
f 213 214 215
f 214 216 215
f 215 216 217
f 216 218 217
f 202 201 219
f 201 220 219
f 219 220 221
f 220 222 221
f 221 222 223
f 222 224 223
f 225 226 227
f 226 228 227
f 227 228 229
f 228 230 229
f 229 230 231
f 230 232 231
f 231 232 233
f 232 234 233
f 233 234 235
f 234 236 235
f 235 236 237
f 236 238 237
f 237 238 239
f 238 240 239
f 239 240 241
f 240 242 241
f 241 242 243
f 242 244 243
f 243 244 245
f 244 246 245
f 245 246 247
f 246 248 247
f 247 248 225
f 248 226 225
f 249 250 251
f 250 252 251
f 251 252 253
f 252 254 253
f 255 256 257
f 256 258 257
f 259 260 261
f 260 262 261
f 263 264 265
f 264 266 265
f 267 268 269
f 268 270 269
f 269 270 271
f 270 272 271
f 273 274 275
f 274 276 275
f 275 276 277
f 276 278 277
f 277 278 279
f 278 280 279
f 281 282 283
f 282 284 283
f 283 284 285
f 284 286 285
f 285 286 287
f 286 288 287
f 289 290 291
f 292 293 294
f 295 296 297
f 297 298 299
f 299 300 297
f 300 301 297
f 297 301 295
f 302 303 304
f 305 306 307
f 303 308 304
f 308 309 304
f 304 309 305
f 309 310 305
f 305 310 306
f 307 311 305
f 311 312 305
f 305 312 313
f 312 314 313
f 313 314 315
f 316 317 318
f 317 319 318
f 318 319 320
f 319 321 320
f 322 323 321
f 324 325 326
f 325 327 326
f 298 328 329
f 330 331 332
f 298 329 330
f 329 333 330
f 330 333 331
f 334 335 297
f 335 336 297
f 297 336 298
f 336 337 298
f 298 337 328
f 338 339 340
f 339 341 340
f 342 343 344
f 345 289 346
f 289 347 346
f 341 348 340
f 348 349 340
f 340 349 344
f 349 350 344
f 344 350 342
f 343 351 344
f 351 352 344
f 344 352 289
f 352 353 289
f 289 353 347
f 311 354 312
f 354 355 312
f 312 355 356
f 355 357 356
f 356 357 358
f 358 359 356
f 359 360 356
f 356 360 361
f 360 362 361
f 362 363 361
f 361 363 364
f 364 365 361
f 365 366 361
f 361 366 367
f 366 368 367
f 367 368 369
f 370 371 372
f 373 374 375
f 374 376 375
f 375 376 377
f 376 378 377
f 378 379 377
f 379 380 377
f 377 380 370
f 380 381 370
f 370 381 371
f 382 383 384
f 383 370 384
f 384 370 385
f 370 372 385
f 382 386 387
f 386 388 387
f 387 388 389
f 390 391 392
f 391 387 392
f 392 387 393
f 387 389 393
f 390 394 391
f 394 395 391
f 391 395 396
f 397 398 399
f 400 401 402
f 400 402 399
f 402 403 399
f 399 403 397
f 398 404 399
f 404 405 399
f 399 405 406
f 407 408 409
f 408 406 409
f 409 406 410
f 406 405 410
f 411 412 413
f 414 415 416
f 407 417 408
f 417 418 408
f 408 418 414
f 418 419 414
f 414 419 415
f 412 420 413
f 420 421 413
f 413 421 400
f 421 422 400
f 400 422 401
f 423 424 383
f 424 425 383
f 425 426 383
f 383 426 400
f 426 427 400
f 400 427 428
f 429 413 430
f 413 400 430
f 430 400 431
f 400 428 431
f 382 387 383
f 387 432 383
f 383 432 423
f 433 434 387
f 434 435 387
f 387 435 432
f 436 437 438
f 437 439 438
f 438 439 440
f 323 441 442
f 441 443 442
f 444 445 322
f 445 446 322
f 322 446 323
f 446 447 323
f 323 447 441
f 429 448 413
f 448 449 413
f 413 449 322
f 449 450 322
f 322 450 444
f 451 452 340
f 367 453 454
f 344 455 456
f 344 456 340
f 456 457 340
f 340 457 451
f 452 458 340
f 458 459 340
f 340 459 367
f 459 460 367
f 367 460 453
f 461 462 463
f 454 464 367
f 464 465 367
f 367 465 361
f 465 466 361
f 361 466 463
f 466 467 463
f 463 467 461
f 468 469 470
f 462 471 463
f 471 472 463
f 463 472 468
f 472 473 468
f 468 473 469
f 470 474 468
f 474 475 468
f 468 475 344
f 475 476 344
f 344 476 455
f 477 478 289
f 478 479 289
f 289 479 344
f 479 480 344
f 344 480 481
f 482 483 294
f 483 484 294
f 294 484 292
f 485 486 370
f 486 487 370
f 370 487 377
f 487 488 377
f 377 488 489
f 489 490 377
f 490 491 377
f 377 491 482
f 491 492 482
f 482 492 483
f 493 494 468
f 481 495 344
f 495 496 344
f 344 496 468
f 496 497 468
f 468 497 493
f 494 498 499
f 498 500 499
f 499 500 370
f 500 501 370
f 370 501 485
f 502 503 504
f 503 356 504
f 505 506 361
f 506 507 361
f 361 507 356
f 507 508 356
f 356 508 504
f 509 510 463
f 510 511 463
f 511 512 463
f 463 512 361
f 512 513 361
f 361 513 505
f 514 515 516
f 517 518 406
f 518 519 406
f 515 514 520
f 514 399 520
f 520 399 521
f 519 522 406
f 522 523 406
f 406 523 399
f 523 524 399
f 399 524 521
f 502 525 503
f 525 526 503
f 503 526 517
f 526 527 517
f 517 527 518
f 528 529 468
f 494 499 468
f 499 530 468
f 468 530 528
f 463 531 532
f 532 533 463
f 533 514 463
f 463 514 509
f 514 516 509
f 529 534 468
f 534 535 468
f 468 535 463
f 535 536 463
f 463 536 531
f 537 538 400
f 383 539 540
f 538 541 400
f 541 542 400
f 400 542 383
f 542 543 383
f 383 543 539
f 540 544 383
f 544 545 383
f 383 545 370
f 545 546 370
f 370 546 499
f 546 547 499
f 499 547 530
f 533 548 514
f 548 549 514
f 514 549 399
f 549 550 399
f 399 550 400
f 550 551 400
f 400 551 537
f 296 290 297
f 290 289 297
f 297 289 334
f 289 345 334
f 294 552 553
f 554 555 482
f 553 556 294
f 556 557 294
f 294 557 482
f 557 558 482
f 482 558 554
f 559 560 291
f 560 561 291
f 559 291 562
f 291 563 562
f 562 563 564
f 561 552 291
f 552 294 291
f 291 294 289
f 294 293 289
f 289 293 477
f 565 375 566
f 375 377 566
f 566 377 567
f 377 482 567
f 567 482 563
f 482 555 563
f 563 555 564
f 326 568 569
f 570 571 391
f 571 572 391
f 573 324 574
f 324 326 574
f 574 326 575
f 326 569 575
f 573 576 324
f 576 577 324
f 324 577 565
f 577 578 565
f 565 578 579
f 579 570 565
f 570 391 565
f 565 391 375
f 391 396 375
f 375 396 373
f 572 568 391
f 568 326 391
f 391 326 387
f 326 438 387
f 387 438 433
f 438 440 433
f 443 436 442
f 436 438 442
f 442 438 580
f 438 326 580
f 580 326 581
f 326 327 581
f 581 327 582
f 332 338 330
f 338 340 330
f 330 340 304
f 340 367 304
f 304 367 302
f 367 369 302
f 321 319 322
f 319 414 322
f 322 414 413
f 414 416 413
f 413 416 411
f 317 583 319
f 583 584 319
f 319 584 414
f 584 585 414
f 414 585 408
f 585 586 408
f 408 586 406
f 586 587 406
f 406 587 517
f 587 588 517
f 517 588 503
f 588 589 503
f 503 589 356
f 589 590 356
f 356 590 312
f 590 591 312
f 312 591 314
f 592 593 594
f 593 595 594
f 594 595 596
f 595 597 596
f 596 597 141
f 597 139 141
f 207 598 208
f 598 599 208
f 288 600 287
f 600 601 287
f 602 603 604
f 603 605 604
f 606 607 608
f 607 609 608
f 608 609 610
f 609 611 610
f 610 611 612
f 611 613 612
f 614 615 616
f 615 617 616
f 616 617 618
f 617 619 618
f 601 600 620
f 600 621 620
f 620 621 103
f 621 101 103
f 622 623 624
f 625 626 627
f 628 629 630
f 631 632 633
f 634 635 636
f 636 637 634
f 637 638 634
f 634 638 639
f 624 640 641
f 642 643 644
f 623 645 624
f 645 646 624
f 624 646 640
f 645 647 646
f 647 648 646
f 646 648 642
f 648 649 642
f 642 649 643
f 627 650 651
f 652 653 654
f 653 655 654
f 626 656 627
f 656 657 627
f 627 657 658
f 657 659 658
f 658 659 660
f 661 662 663
f 661 664 630
f 664 665 630
f 630 665 628
f 660 666 658
f 666 667 658
f 658 667 661
f 667 668 661
f 661 668 662
f 663 669 661
f 669 670 661
f 661 670 664
f 671 672 673
f 674 625 675
f 625 627 675
f 675 627 676
f 627 651 676
f 676 651 677
f 671 673 629
f 672 678 673
f 678 679 673
f 673 679 675
f 679 680 675
f 675 680 674
f 681 682 683
f 684 685 686
f 686 687 684
f 687 688 684
f 684 688 683
f 688 689 683
f 683 689 681
f 682 690 683
f 690 691 683
f 683 691 692
f 691 693 692
f 693 694 692
f 694 695 692
f 692 695 624
f 695 696 624
f 624 696 622
f 697 698 699
f 700 701 702
f 701 703 702
f 702 703 704
f 705 706 707
f 706 708 707
f 707 708 699
f 708 709 699
f 699 709 697
f 710 711 712
f 704 713 702
f 713 714 702
f 702 714 715
f 714 716 715
f 715 716 712
f 716 717 712
f 712 717 710
f 705 707 718
f 707 719 718
f 718 719 720
f 711 721 712
f 721 722 712
f 712 722 719
f 722 723 719
f 719 723 720
f 724 725 726
f 727 728 729
f 728 730 729
f 724 726 729
f 726 731 729
f 729 731 727
f 732 733 734
f 733 735 734
f 734 735 736
f 735 737 736
f 737 738 736
f 738 739 736
f 736 739 740
f 739 741 740
f 741 742 740
f 742 743 740
f 740 743 744
f 743 745 744
f 744 745 746
f 746 747 744
f 747 748 744
f 744 748 724
f 748 749 724
f 724 749 725
f 750 729 751
f 729 633 751
f 751 633 752
f 633 753 752
f 632 754 755
f 755 756 632
f 756 757 632
f 632 757 633
f 757 758 633
f 633 758 753
f 702 759 760
f 761 762 763
f 762 764 763
f 763 764 754
f 764 765 754
f 754 765 755
f 702 760 763
f 760 766 763
f 763 766 761
f 750 767 729
f 767 768 729
f 729 768 724
f 768 769 724
f 724 769 770
f 770 771 724
f 771 772 724
f 724 772 715
f 772 773 715
f 715 773 774
f 774 775 715
f 775 776 715
f 715 776 702
f 776 777 702
f 702 777 759
f 778 779 780
f 661 781 782
f 782 783 784
f 783 785 784
f 784 785 786
f 786 787 784
f 787 788 784
f 784 788 780
f 788 789 780
f 780 789 778
f 790 791 684
f 779 792 780
f 792 793 780
f 780 793 683
f 793 794 683
f 683 794 684
f 794 795 684
f 684 795 790
f 630 796 797
f 791 798 684
f 798 799 684
f 684 799 630
f 799 800 630
f 630 800 796
f 797 801 630
f 801 802 630
f 630 802 661
f 802 803 661
f 661 803 781
f 804 805 719
f 805 806 719
f 719 806 807
f 808 809 810
f 809 712 810
f 810 712 811
f 712 812 811
f 807 813 719
f 813 814 719
f 719 814 712
f 814 815 712
f 712 815 812
f 816 817 818
f 817 819 818
f 818 819 804
f 819 820 804
f 804 820 805
f 821 822 661
f 816 818 823
f 818 658 823
f 823 658 824
f 782 784 661
f 784 825 661
f 661 825 821
f 822 826 661
f 826 827 661
f 661 827 658
f 827 828 658
f 658 828 824
f 808 829 809
f 829 830 809
f 809 830 784
f 830 831 784
f 784 831 825
f 832 740 833
f 834 835 744
f 835 836 744
f 744 836 740
f 836 837 740
f 740 837 833
f 838 839 840
f 839 841 840
f 840 841 744
f 841 842 744
f 744 842 834
f 843 844 780
f 844 845 780
f 780 845 838
f 846 692 847
f 692 848 847
f 847 848 849
f 843 780 850
f 780 683 850
f 850 683 851
f 846 852 692
f 852 853 692
f 692 853 683
f 853 854 683
f 683 854 851
f 833 855 832
f 855 856 832
f 832 856 848
f 856 857 848
f 848 857 849
f 858 859 724
f 860 861 715
f 861 862 715
f 862 863 715
f 715 863 724
f 863 864 724
f 724 864 858
f 809 865 712
f 865 866 712
f 712 866 715
f 866 867 715
f 715 867 860
f 868 869 780
f 838 840 780
f 840 870 780
f 780 870 868
f 869 871 780
f 871 872 780
f 780 872 784
f 872 873 784
f 784 873 874
f 874 875 784
f 875 876 784
f 784 876 809
f 876 877 809
f 809 877 865
f 859 878 724
f 878 879 724
f 724 879 744
f 879 880 744
f 744 880 840
f 880 881 840
f 840 881 870
f 635 634 882
f 634 734 882
f 882 734 883
f 734 736 883
f 883 736 884
f 736 740 884
f 884 740 885
f 740 832 885
f 885 832 886
f 832 848 886
f 886 848 887
f 848 692 887
f 887 692 888
f 692 624 888
f 888 624 889
f 624 641 889
f 889 641 890
f 639 631 634
f 631 633 634
f 634 633 734
f 633 729 734
f 734 729 732
f 729 730 732
f 629 673 630
f 673 642 630
f 630 642 684
f 642 644 684
f 684 644 685
f 754 652 763
f 652 654 763
f 763 654 702
f 654 699 702
f 702 699 700
f 699 698 700
f 804 891 892
f 892 893 804
f 893 894 804
f 804 894 818
f 894 895 818
f 818 895 896
f 897 898 899
f 896 897 818
f 897 899 818
f 818 899 658
f 899 900 658
f 658 900 627
f 900 901 627
f 627 901 650
f 898 902 899
f 902 903 899
f 899 903 904
f 903 905 904
f 904 905 906
f 654 907 908
f 908 909 654
f 909 910 654
f 654 910 699
f 910 911 699
f 699 911 912
f 912 913 699
f 913 914 699
f 699 914 707
f 914 915 707
f 707 915 719
f 915 916 719
f 719 916 804
f 916 904 804
f 804 904 891
f 904 906 891
f 917 918 919
f 913 920 914
f 920 921 914
f 914 921 917
f 921 922 917
f 917 922 918
f 919 907 917
f 907 654 917
f 917 654 923
f 654 655 923
f 923 655 924
f 142 140 925
f 140 926 925
f 925 926 927
f 926 928 927
f 927 928 929
f 928 930 929
f 212 268 211
f 268 267 211
f 72 124 71
f 124 123 71
f 931 932 933
f 932 934 933
f 935 936 937
f 936 938 937
f 937 938 939
f 938 940 939
f 939 940 941
f 940 942 941
f 943 944 945
f 944 946 945
f 945 946 947
f 946 948 947
f 104 102 949
f 102 950 949
f 949 950 951
f 950 952 951
f 951 952 147
f 952 148 147
f 953 954 955
f 954 956 955
f 955 956 957
f 956 958 957
f 957 958 959
f 958 960 959
f 959 960 961
f 960 962 961
f 961 962 963
f 962 964 963
f 963 964 965
f 964 966 965
f 965 966 967
f 966 968 967
f 967 968 969
f 968 970 969
f 969 970 971
f 970 972 971
f 971 972 973
f 972 974 973
f 973 974 975
f 974 976 975
f 975 976 953
f 976 954 953
f 977 978 979
f 978 980 979
f 979 980 981
f 980 982 981
f 981 982 983
f 982 984 983
f 272 607 271
f 607 606 271
f 985 127 986
f 127 128 986
f 987 988 989
f 988 990 989
f 991 992 993
f 992 994 993
f 993 994 257
f 994 255 257
f 995 996 997
f 996 998 997
f 997 998 999
f 998 1000 999
f 999 1000 1001
f 1000 1002 1001
f 130 129 1003
f 130 1003 1004
f 1003 1005 1004
f 1004 1005 1006
f 1005 1007 1006
f 1006 1007 1008
f 218 274 217
f 274 273 217
f 1009 1010 1011
f 1010 1012 1011
f 1013 1014 1015
f 1014 1016 1015
f 203 205 1017
f 205 1018 1017
f 1017 1018 265
f 1018 263 265
f 258 256 1019
f 256 1020 1019
f 1019 1020 1021
f 1020 1022 1021
f 1021 1022 598
f 1022 599 598
f 1023 1024 1025
f 1024 1026 1025
f 1025 1026 1027
f 1026 1028 1027
f 1027 1028 151
f 1028 149 151
f 18 17 1029
f 18 1029 1030
f 1029 1031 1030
f 1030 1031 1032
f 1031 137 1032
f 1032 137 138
f 59 279 60
f 279 280 60
f 942 992 941
f 992 991 941
f 1033 1034 1035
f 1034 1036 1035
f 266 264 1037
f 264 1038 1037
f 1037 1038 1039
f 1038 1040 1039
f 1039 1040 604
f 1040 602 604
f 1041 1042 1043
f 1042 1044 1043
f 1043 1044 99
f 1044 97 99
f 152 150 1045
f 150 1046 1045
f 1045 1046 1047
f 1046 1048 1047
f 1049 1050 1051
f 1049 1051 1052
f 1051 1053 1052
f 1052 1053 1054
f 1053 35 1054
f 1054 35 36
f 66 118 65
f 118 117 65
f 58 162 57
f 162 161 57
f 1055 1056 1057
f 1056 1058 1057
f 605 603 1059
f 603 1060 1059
f 1059 1060 1061
f 1060 1062 1061
f 100 98 1063
f 98 1064 1063
f 1063 1064 1065
f 1064 1066 1065
f 1065 1066 145
f 1066 143 145
f 1067 1068 1069
f 1068 1070 1069
f 1069 1070 1071
f 1070 1072 1071
f 1071 1072 1073
f 1072 1074 1073
f 1075 1076 1077
f 1075 1077 1078
f 1077 1079 1078
f 1078 1079 1080
f 1079 189 1080
f 1080 189 190
f 122 2 121
f 2 1 121
f 1081 167 1082
f 167 168 1082
f 1083 68 1084
f 68 67 1084
f 1085 1086 1087
f 1086 1088 1087
f 1087 1088 989
f 1088 987 989
f 146 144 1089
f 144 1090 1089
f 1089 1090 1091
f 1090 1092 1091
f 985 986 1093
f 986 1094 1093
f 1093 1094 1015
f 1094 1013 1015
f 930 978 929
f 978 977 929
f 1095 1096 1097
f 1096 1098 1097
f 1099 1100 1101
f 1100 1102 1101
f 1048 1068 1047
f 1068 1067 1047
f 990 988 1103
f 988 1104 1103
f 1103 1104 51
f 1104 49 51
f 1105 1106 1107
f 1106 1108 1107
f 1107 1108 199
f 1108 197 199
f 1016 1014 1109
f 1014 1110 1109
f 1109 1110 1111
f 1110 1112 1111
f 1111 1112 1035
f 1112 1033 1035
f 37 983 38
f 983 984 38
f 176 214 175
f 214 213 175
f 1113 110 1114
f 110 109 1114
f 614 1073 615
f 1073 1074 615
f 52 50 1115
f 50 1116 1115
f 1115 1116 204
f 1116 206 204
f 200 198 1117
f 198 1118 1117
f 1117 1118 1119
f 1118 1120 1119
f 1036 1034 1121
f 1034 1122 1121
f 1121 1122 1123
f 1122 1124 1123
f 42 192 41
f 192 191 41
f 1120 1125 1119
f 1125 1126 1119
f 1127 1128 1129
f 1128 1130 1129
f 619 944 618
f 944 943 618
f 1081 1082 1131
f 1082 1132 1131
f 1131 1132 1133
f 1132 1134 1133
f 1133 1134 1101
f 1134 1099 1101
f 1126 1125 1135
f 1125 1136 1135
f 1135 1136 1137
f 1136 1138 1137
f 1139 1140 1141
f 1140 1142 1141
f 1141 1142 1084
f 1142 1083 1084
f 196 250 195
f 250 249 195
f 1041 1137 1042
f 1137 1138 1042
f 160 54 159
f 54 53 159
f 948 996 947
f 996 995 947
f 1102 1100 1143
f 1100 1144 1143
f 1143 1144 1145
f 1144 1146 1145
f 1145 1146 1114
f 1146 1113 1114
f 1147 1148 1149
f 1148 1150 1149
f 1149 1150 1151
f 1150 1152 1151
f 1151 1152 1153
f 1152 1154 1153
f 1153 1154 1155
f 1154 1156 1155
f 1155 1156 1157
f 1156 1158 1157
f 1157 1158 1159
f 1158 1160 1159
f 1159 1160 1161
f 1160 1162 1161
f 1161 1162 1163
f 1162 1164 1163
f 1163 1164 1165
f 1164 1166 1165
f 1165 1166 1167
f 1166 1168 1167
f 1167 1168 1169
f 1168 1170 1169
f 1169 1170 1147
f 1170 1148 1147
f 1171 1172 1173
f 1173 1172 1174
f 1172 1175 1174
f 1174 1175 1176
f 1175 1177 1176
f 1176 1177 1178
f 1177 1179 1178
f 1178 1179 1180
f 1179 1181 1180
f 1180 1181 1182
f 1181 1183 1182
f 1182 1183 1184
f 1173 1185 1171
f 1185 1186 1171
f 1171 1186 1187
f 1186 1188 1187
f 1189 1190 1183
f 1190 1191 1183
f 1192 1193 1188
f 1193 1194 1188
f 1188 1194 1187
f 1194 1195 1187
f 1187 1195 1196
f 1195 1197 1196
f 1196 1197 1198
f 1197 1199 1198
f 1198 1199 1200
f 1199 1201 1200
f 1200 1201 1202
f 1201 1203 1202
f 1202 1203 1204
f 1203 1205 1204
f 1204 1205 1189
f 1205 1206 1189
f 1189 1206 1190
f 1184 1183 1207
f 1183 1191 1207
f 1207 1191 1192
f 1191 1208 1192
f 1192 1208 1193
f 1209 1210 1211
f 1210 1212 1211
f 1211 1212 1213
f 1214 1215 1216
f 1217 1218 1219
f 1209 1211 1220
f 1211 1221 1220
f 1220 1221 1222
f 1222 1216 1220
f 1216 1215 1220
f 1220 1215 1223
f 1215 1224 1223
f 1223 1224 1225
f 1224 1226 1225
f 1225 1226 1227
f 1226 1228 1227
f 1227 1228 1229
f 1228 1230 1229
f 1229 1230 1231
f 1230 1232 1231
f 1231 1232 1233
f 1232 1217 1233
f 1233 1217 1234
f 1217 1219 1234
f 1212 1219 1213
f 1219 1218 1213
f 1213 1218 1235
f 1218 1236 1235
f 1235 1236 1237
f 1236 1238 1237
f 1237 1238 1239
f 1238 1240 1239
f 1239 1240 1241
f 1240 1242 1241
f 1241 1242 1243
f 1242 1244 1243
f 1243 1244 1245
f 1244 1214 1245
f 1245 1214 1246
f 1214 1216 1246
f 1247 1248 1249
f 1248 1250 1249
f 1251 1252 1253
f 1251 1253 1254
f 1253 1255 1254
f 1254 1255 1256
f 1255 1257 1256
f 1256 1257 1258
f 1257 1259 1258
f 1258 1259 1260
f 1259 1261 1260
f 1260 1261 1262
f 1261 1250 1262
f 1262 1250 1248
f 1251 1263 1252
f 1263 1264 1252
f 1247 1249 1265
f 1247 1265 1266
f 1265 1267 1266
f 1266 1267 1268
f 1267 1269 1268
f 1268 1269 1270
f 1269 1271 1270
f 1270 1271 1272
f 1271 1273 1272
f 1272 1273 1274
f 1273 1264 1274
f 1274 1264 1263
f 1275 1276 1277
f 1276 1278 1277
f 1277 1278 1279
f 1278 1280 1279
f 1279 1280 1281
f 1280 1282 1281
f 1281 1282 1283
f 1282 1284 1283
f 1283 1284 1285
f 1284 1286 1285
f 1285 1286 1287
f 1286 1288 1287
f 1287 1288 1289
f 1288 1290 1289
f 1289 1290 1291
f 1290 1292 1291
f 1291 1292 1293
f 1292 1294 1293
f 1293 1294 1295
f 1294 1296 1295
f 1295 1296 1297
f 1296 1298 1297
f 1297 1298 1275
f 1298 1276 1275
f 1299 1300 1301
f 1300 1302 1301
f 1301 1302 1303
f 1302 1304 1303
f 1303 1304 1305
f 1304 1306 1305
f 1305 1306 1307
f 1306 1308 1307
f 1307 1308 1309
f 1308 1310 1309
f 1309 1310 1311
f 1310 1312 1311
f 1311 1312 1313
f 1312 1314 1313
f 1313 1314 1315
f 1314 1316 1315
f 1315 1316 1317
f 1316 1318 1317
f 1317 1318 1319
f 1318 1320 1319
f 1319 1320 1321
f 1320 1322 1321
f 1321 1322 1299
f 1322 1300 1299
f 1323 1324 1325
f 1324 1326 1325
f 1325 1326 1327
f 1326 1328 1327
f 1327 1328 1329
f 1328 1330 1329
f 1329 1330 1331
f 1330 1332 1331
f 1331 1332 1333
f 1332 1334 1333
f 1335 1336 1337
f 1336 1338 1337
f 1337 1338 1339
f 1338 1340 1339
f 1339 1340 1341
f 1340 1342 1341
f 1341 1342 1343
f 1342 1344 1343
f 1343 1344 1345
f 1344 1346 1345
f 1345 1346 1347
f 1346 1348 1347
f 1347 1348 1349
f 1348 1350 1349
f 1349 1350 1351
f 1350 1352 1351
f 1351 1352 1353
f 1352 1354 1353
f 1353 1354 1355
f 1354 1356 1355
f 1355 1356 1357
f 1356 1358 1357
f 1357 1358 1335
f 1358 1336 1335
f 1359 1360 1361
f 1362 1363 1364
f 1365 1366 1367
f 1368 1369 1370
f 1371 1372 1373
f 1374 1375 1376
f 1377 1378 1379
f 1380 1381 1373
f 1373 1382 1380
f 1382 1383 1380
f 1380 1383 1384
f 1383 1385 1384
f 1375 1386 1387
f 1386 1388 1387
f 1387 1388 1385
f 1388 1389 1385
f 1385 1389 1384
f 1374 1376 1390
f 1391 1392 1393
f 1393 1392 1394
f 1392 1390 1394
f 1394 1390 1395
f 1390 1376 1395
f 1395 1376 1396
f 1397 1398 1391
f 1399 1400 1401
f 1400 1402 1401
f 1403 1404 1405
f 1404 1406 1405
f 1407 1408 1396
f 1408 1409 1396
f 1396 1409 1403
f 1409 1410 1403
f 1403 1410 1404
f 1406 1411 1405
f 1411 1412 1405
f 1405 1412 1413
f 1414 1415 1416
f 1414 1416 1417
f 1371 1373 1418
f 1381 1419 1373
f 1419 1420 1373
f 1373 1420 1418
f 1420 1421 1418
f 1422 1423 1424
f 1423 1425 1424
f 1424 1425 1426
f 1422 1427 1423
f 1427 1428 1423
f 1423 1428 1420
f 1428 1429 1420
f 1420 1429 1421
f 1372 1430 1431
f 1431 1430 1432
f 1430 1433 1432
f 1433 1434 1432
f 1432 1434 1425
f 1434 1435 1425
f 1425 1435 1426
f 1436 1437 1397
f 1437 1438 1397
f 1397 1438 1439
f 1439 1440 1397
f 1440 1441 1397
f 1397 1441 1442
f 1369 1443 1370
f 1443 1444 1370
f 1370 1444 1436
f 1444 1445 1436
f 1436 1445 1437
f 1441 1446 1442
f 1446 1447 1442
f 1442 1447 1448
f 1368 1449 1450
f 1449 1448 1450
f 1450 1448 1451
f 1448 1447 1451
f 1366 1365 1452
f 1365 1453 1452
f 1452 1453 1454
f 1453 1455 1454
f 1454 1455 1456
f 1456 1457 1431
f 1457 1458 1431
f 1458 1459 1431
f 1459 1460 1431
f 1431 1460 1461
f 1460 1462 1461
f 1364 1363 1416
f 1463 1464 1465
f 1363 1466 1416
f 1466 1467 1416
f 1416 1467 1464
f 1463 1465 1468
f 1465 1469 1468
f 1468 1469 1470
f 1469 1471 1470
f 1470 1471 1472
f 1471 1473 1472
f 1472 1473 1474
f 1473 1475 1474
f 1474 1475 1367
f 1475 1476 1367
f 1367 1476 1365
f 1477 1478 1364
f 1478 1479 1364
f 1364 1479 1362
f 1462 1480 1461
f 1480 1481 1461
f 1461 1481 1482
f 1481 1483 1482
f 1482 1483 1477
f 1483 1484 1477
f 1477 1484 1478
f 1397 1391 1436
f 1391 1393 1436
f 1436 1393 1485
f 1486 1487 1488
f 1487 1370 1488
f 1488 1370 1489
f 1485 1490 1436
f 1490 1491 1436
f 1436 1491 1370
f 1491 1492 1370
f 1370 1492 1489
f 1493 1494 1495
f 1494 1496 1495
f 1495 1496 1403
f 1496 1497 1403
f 1497 1498 1403
f 1498 1499 1403
f 1403 1499 1396
f 1499 1500 1396
f 1396 1500 1501
f 1501 1502 1396
f 1502 1503 1396
f 1396 1503 1395
f 1504 1505 1506
f 1505 1507 1506
f 1506 1507 1508
f 1493 1495 1506
f 1495 1509 1506
f 1506 1509 1504
f 1419 1510 1420
f 1510 1511 1420
f 1420 1511 1512
f 1511 1513 1512
f 1512 1513 1514
f 1513 1377 1514
f 1514 1377 1515
f 1377 1379 1515
f 1515 1379 1516
f 1379 1517 1516
f 1518 1519 1520
f 1519 1521 1520
f 1520 1521 1379
f 1521 1522 1379
f 1379 1522 1517
f 1523 1524 1525
f 1524 1526 1525
f 1525 1526 1527
f 1526 1528 1527
f 1527 1528 1529
f 1528 1530 1529
f 1529 1530 1531
f 1532 1533 1534
f 1533 1535 1534
f 1534 1535 1536
f 1512 1537 1420
f 1537 1538 1420
f 1420 1538 1423
f 1538 1539 1423
f 1423 1539 1540
f 1412 1417 1413
f 1417 1416 1413
f 1413 1416 1541
f 1416 1542 1541
f 1464 1463 1416
f 1463 1543 1416
f 1416 1543 1542
f 1432 1544 1545
f 1456 1431 1454
f 1431 1432 1454
f 1454 1432 1546
f 1432 1545 1546
f 1546 1545 1547
f 1532 1523 1533
f 1523 1525 1533
f 1533 1525 1548
f 1525 1549 1548
f 1360 1359 1529
f 1359 1550 1529
f 1529 1550 1527
f 1550 1551 1527
f 1527 1551 1525
f 1551 1552 1525
f 1525 1552 1549
f 1553 1554 1555
f 1554 1556 1555
f 1555 1556 1557
f 1556 1558 1557
f 1559 1448 1560
f 1448 1561 1560
f 1562 1563 1449
f 1563 1564 1449
f 1449 1564 1448
f 1564 1565 1448
f 1448 1565 1561
f 1556 1566 1558
f 1566 1567 1558
f 1558 1567 1568
f 1567 1569 1568
f 1568 1569 1570
f 1569 1571 1570
f 1570 1571 1572
f 1571 1573 1572
f 1572 1573 1574
f 1573 1562 1574
f 1562 1449 1574
f 1449 1575 1574
f 1574 1575 1576
f 1575 1577 1576
f 1576 1577 1578
f 1486 1579 1487
f 1579 1508 1487
f 1487 1508 1580
f 1508 1507 1580
f 1580 1507 1581
f 1368 1370 1449
f 1370 1487 1449
f 1449 1487 1575
f 1487 1580 1575
f 1575 1580 1577
f 1580 1581 1577
f 1577 1581 1578
f 1553 1361 1582
f 1361 1360 1582
f 1582 1360 1520
f 1360 1529 1520
f 1520 1529 1518
f 1529 1531 1518
f 1378 1398 1379
f 1398 1397 1379
f 1379 1397 1520
f 1397 1442 1520
f 1520 1442 1582
f 1442 1448 1582
f 1582 1448 1553
f 1448 1559 1553
f 1553 1559 1554
f 1375 1387 1376
f 1387 1401 1376
f 1376 1401 1396
f 1401 1402 1396
f 1396 1402 1407
f 1372 1431 1373
f 1431 1461 1373
f 1373 1461 1382
f 1461 1482 1382
f 1382 1482 1383
f 1482 1477 1383
f 1383 1477 1385
f 1477 1364 1385
f 1385 1364 1387
f 1364 1416 1387
f 1387 1416 1401
f 1416 1415 1401
f 1401 1415 1399
f 1540 1536 1423
f 1536 1535 1423
f 1423 1535 1425
f 1535 1583 1425
f 1425 1583 1432
f 1583 1584 1432
f 1432 1584 1544
f 1585 1586 1587
f 1586 1588 1587
f 1587 1588 1589
f 1588 1590 1589
f 1589 1590 1591
f 1590 1592 1591
f 1591 1592 1593
f 1592 1594 1593
f 1593 1594 1595
f 1594 1596 1595
f 1595 1596 1597
f 1596 1598 1597
f 1597 1598 1599
f 1598 1600 1599
f 1599 1600 1601
f 1600 1602 1601
f 1601 1602 1603
f 1602 1604 1603
f 1603 1604 1605
f 1604 1606 1605
f 1605 1606 1607
f 1606 1608 1607
f 1607 1608 1585
f 1608 1586 1585
f 1609 1610 1611
f 1612 1613 1614
f 1615 1616 1617
f 1618 1619 1620
f 1621 1622 1623
f 1622 1624 1623
f 1623 1624 1625
f 1626 1627 1628
f 1626 1628 1629
f 1630 1631 1632
f 1631 1633 1632
f 1633 1634 1632
f 1632 1634 1635
f 1609 1636 1610
f 1636 1637 1610
f 1610 1637 1632
f 1637 1638 1632
f 1632 1638 1630
f 1633 1639 1634
f 1639 1640 1634
f 1634 1640 1641
f 1640 1642 1641
f 1641 1642 1643
f 1642 1644 1643
f 1643 1644 1645
f 1645 1644 1646
f 1644 1647 1646
f 1646 1647 1648
f 1647 1649 1648
f 1648 1649 1650
f 1649 1651 1650
f 1651 1652 1650
f 1650 1652 1653
f 1652 1654 1653
f 1653 1654 1655
f 1654 1656 1655
f 1655 1656 1657
f 1656 1658 1657
f 1657 1658 1659
f 1660 1655 1661
f 1655 1657 1661
f 1661 1657 1662
f 1657 1663 1662
f 1664 1665 1666
f 1665 1667 1666
f 1667 1668 1666
f 1668 1669 1666
f 1666 1669 1670
f 1669 1671 1670
f 1670 1671 1672
f 1673 1674 1675
f 1676 1677 1678
f 1679 1680 1681
f 1680 1682 1681
f 1676 1678 1674
f 1683 1684 1685
f 1684 1686 1685
f 1685 1686 1687
f 1686 1678 1687
f 1687 1678 1688
f 1678 1677 1688
f 1682 1680 1689
f 1680 1690 1689
f 1689 1690 1691
f 1677 1692 1688
f 1692 1693 1688
f 1688 1693 1694
f 1693 1691 1694
f 1694 1691 1695
f 1691 1690 1695
f 1696 1680 1697
f 1680 1679 1697
f 1697 1679 1698
f 1679 1699 1698
f 1698 1699 1700
f 1619 1701 1620
f 1701 1698 1620
f 1620 1698 1702
f 1698 1700 1702
f 1702 1700 1675
f 1700 1703 1675
f 1675 1703 1673
f 1704 1705 1706
f 1707 1708 1709
f 1710 1711 1712
f 1713 1714 1715
f 1714 1716 1715
f 1715 1716 1717
f 1716 1718 1717
f 1717 1718 1719
f 1718 1720 1719
f 1719 1720 1721
f 1720 1722 1721
f 1721 1722 1711
f 1722 1723 1711
f 1711 1723 1712
f 1724 1725 1726
f 1724 1726 1727
f 1728 1729 1730
f 1729 1731 1730
f 1730 1731 1732
f 1726 1733 1727
f 1733 1734 1727
f 1727 1734 1730
f 1734 1735 1730
f 1730 1735 1728
f 1731 1736 1732
f 1736 1737 1732
f 1732 1737 1657
f 1737 1738 1657
f 1738 1739 1657
f 1657 1739 1663
f 1739 1740 1663
f 1663 1740 1724
f 1740 1741 1724
f 1724 1741 1725
f 1742 1743 1715
f 1743 1744 1715
f 1744 1745 1715
f 1745 1706 1715
f 1715 1706 1713
f 1706 1705 1713
f 1745 1746 1706
f 1746 1747 1706
f 1706 1747 1748
f 1747 1749 1748
f 1748 1749 1750
f 1750 1751 1748
f 1751 1752 1748
f 1748 1752 1753
f 1754 1632 1628
f 1632 1635 1628
f 1628 1635 1629
f 1752 1755 1753
f 1755 1756 1753
f 1753 1756 1628
f 1756 1757 1628
f 1628 1757 1754
f 1613 1758 1614
f 1758 1759 1614
f 1614 1759 1707
f 1759 1760 1707
f 1707 1760 1761
f 1761 1762 1707
f 1762 1617 1707
f 1707 1617 1708
f 1617 1616 1708
f 1762 1763 1617
f 1763 1764 1617
f 1617 1764 1765
f 1764 1766 1765
f 1765 1766 1767
f 1768 1769 1678
f 1674 1678 1675
f 1678 1769 1675
f 1675 1769 1770
f 1771 1772 1773
f 1772 1774 1773
f 1773 1774 1775
f 1774 1776 1775
f 1776 1777 1775
f 1777 1778 1775
f 1775 1778 1611
f 1778 1779 1611
f 1611 1779 1609
f 1730 1780 1781
f 1781 1782 1730
f 1782 1783 1730
f 1730 1783 1727
f 1783 1784 1727
f 1784 1785 1727
f 1785 1786 1727
f 1727 1786 1671
f 1786 1787 1671
f 1671 1787 1672
f 1710 1788 1780
f 1712 1789 1710
f 1789 1790 1710
f 1710 1790 1788
f 1790 1791 1788
f 1788 1791 1792
f 1791 1615 1792
f 1792 1615 1793
f 1615 1617 1793
f 1793 1617 1794
f 1617 1795 1794
f 1765 1796 1797
f 1797 1798 1765
f 1798 1799 1765
f 1765 1799 1617
f 1799 1800 1617
f 1617 1800 1795
f 1666 1801 1664
f 1801 1802 1664
f 1664 1802 1796
f 1802 1803 1796
f 1796 1803 1797
f 1804 1805 1748
f 1805 1806 1748
f 1748 1806 1706
f 1806 1807 1706
f 1808 1809 1810
f 1809 1811 1810
f 1810 1811 1812
f 1621 1623 1811
f 1623 1813 1811
f 1811 1813 1812
f 1814 1815 1816
f 1815 1817 1816
f 1818 1819 1817
f 1819 1820 1817
f 1817 1820 1816
f 1814 1821 1815
f 1821 1822 1815
f 1815 1822 1823
f 1822 1824 1823
f 1824 1825 1823
f 1823 1825 1625
f 1825 1826 1625
f 1625 1826 1623
f 1826 1827 1623
f 1623 1827 1813
f 1754 1742 1632
f 1742 1715 1632
f 1632 1715 1610
f 1715 1717 1610
f 1610 1717 1611
f 1717 1719 1611
f 1611 1719 1775
f 1719 1721 1775
f 1775 1721 1773
f 1721 1711 1773
f 1780 1730 1710
f 1730 1732 1710
f 1710 1732 1711
f 1732 1657 1711
f 1711 1657 1773
f 1657 1659 1773
f 1773 1659 1771
f 1627 1828 1628
f 1828 1829 1628
f 1628 1829 1753
f 1829 1809 1753
f 1753 1809 1748
f 1809 1808 1748
f 1748 1808 1804
f 1807 1830 1706
f 1830 1831 1706
f 1706 1831 1704
f 1831 1832 1704
f 1704 1832 1833
f 1832 1818 1833
f 1833 1818 1709
f 1818 1817 1709
f 1709 1817 1707
f 1817 1815 1707
f 1707 1815 1614
f 1767 1768 1765
f 1768 1678 1765
f 1765 1678 1796
f 1678 1686 1796
f 1796 1686 1664
f 1686 1684 1664
f 1664 1684 1665
f 1684 1683 1665
f 1624 1834 1625
f 1834 1618 1625
f 1625 1618 1823
f 1618 1620 1823
f 1823 1620 1815
f 1620 1702 1815
f 1815 1702 1614
f 1702 1675 1614
f 1614 1675 1612
f 1675 1770 1612
f 1835 1836 1837
f 1836 1838 1837
f 1837 1838 1839
f 1838 1840 1839
f 1839 1840 1841
f 1840 1842 1841
f 1841 1842 1843
f 1842 1844 1843
f 1843 1844 1845
f 1844 1846 1845
f 1845 1846 1847
f 1846 1848 1847
f 1847 1848 1849
f 1848 1850 1849
f 1849 1850 1851
f 1850 1852 1851
f 1851 1852 1853
f 1852 1854 1853
f 1853 1854 1855
f 1854 1856 1855
f 1855 1856 1857
f 1856 1858 1857
f 1857 1858 1835
f 1858 1836 1835
f 1859 1860 1861
f 1860 1862 1861
f 1861 1862 1863
f 1862 1864 1863
f 1863 1864 1865
f 1864 1866 1865
f 1865 1866 1867
f 1866 1868 1867
f 1867 1868 1869
f 1868 1870 1869
f 1871 1872 1873
f 1872 1874 1873
f 1873 1874 1875
f 1874 1876 1875
f 1875 1876 1877
f 1876 1878 1877
f 1877 1878 1879
f 1878 1880 1879
f 1879 1880 1881
f 1880 1882 1881
f 1881 1882 1883
f 1882 1884 1883
f 1885 1886 1887
f 1885 1887 1888
f 1887 1860 1888
f 1888 1860 1859
f 1889 1890 1891
f 1889 1891 1892
f 1891 1872 1892
f 1892 1872 1871
f 1893 1894 1895
f 1893 1895 1896
f 1895 1897 1896
f 1896 1897 1898
f 1899 1900 1901
f 1900 1902 1901
f 1901 1902 1903
f 1902 1904 1903
f 1903 1904 1905
f 1904 1906 1905
f 1905 1906 1907
f 1906 1908 1907
f 1907 1908 1909
f 1908 1910 1909
f 1909 1910 1889
f 1910 1890 1889
f 1911 1912 1913
f 1912 1914 1913
f 1883 1884 1915
f 1884 1916 1915
f 1915 1916 1899
f 1916 1900 1899
f 1917 1918 1919
f 1918 1920 1919
f 1921 1922 1923
f 1922 1924 1923
f 1923 1924 1925
f 1924 1926 1925
f 1925 1926 1927
f 1926 1928 1927
f 1927 1928 1929
f 1928 1930 1929
f 1929 1930 1931
f 1930 1932 1931
f 1931 1932 1933
f 1932 1934 1933
f 1911 1913 1935
f 1911 1935 1936
f 1935 1937 1936
f 1936 1937 1938
f 1937 1939 1938
f 1938 1939 1940
f 1939 1917 1940
f 1940 1917 1919
f 1941 1942 1943
f 1942 1944 1943
f 1943 1944 1921
f 1944 1922 1921
f 1869 1870 1945
f 1869 1945 1946
f 1945 1914 1946
f 1946 1914 1912
f 1947 1948 1949
f 1948 1950 1949
f 1949 1950 1951
f 1950 1952 1951
f 1951 1952 1953
f 1952 1954 1953
f 1953 1954 1955
f 1954 1956 1955
f 1955 1956 1957
f 1956 1958 1957
f 1957 1958 1959
f 1958 1960 1959
f 1959 1960 1941
f 1960 1942 1941
f 1920 1918 1961
f 1920 1961 1962
f 1961 1324 1962
f 1962 1324 1323
f 1933 1934 1963
f 1933 1963 1964
f 1963 1948 1964
f 1964 1948 1947
f 1965 1966 1967
f 1966 1968 1967
f 1967 1968 1969
f 1968 1970 1969
f 1969 1970 1971
f 1970 1972 1971
f 1971 1972 1973
f 1972 1974 1973
f 1973 1974 1975
f 1974 1976 1975
f 1975 1976 1977
f 1976 1978 1977
f 1977 1978 1979
f 1978 1980 1979
f 1979 1980 1981
f 1980 1982 1981
f 1981 1982 1983
f 1982 1984 1983
f 1983 1984 1985
f 1984 1986 1985
f 1985 1986 1987
f 1986 1988 1987
f 1987 1988 1965
f 1988 1966 1965
f 1989 1990 1991
f 1990 1992 1991
f 1991 1992 1993
f 1992 1994 1993
f 1993 1994 1995
f 1994 1996 1995
f 1995 1996 1997
f 1996 1998 1997
f 1997 1998 1999
f 1998 2000 1999
f 1999 2000 2001
f 2000 2002 2001
f 2001 2002 2003
f 2002 2004 2003
f 2005 2006 2007
f 2005 2007 2008
f 2007 2009 2008
f 2008 2009 2010
f 2011 2012 2013
f 2012 2014 2013
f 2013 2014 2015
f 2014 2016 2015
f 2015 2016 2017
f 2016 2018 2017
f 2017 2018 2019
f 2018 2020 2019
f 2019 2020 2021
f 2020 2022 2021
f 2021 2022 2023
f 2022 2024 2023
f 2023 2024 2025
f 2024 2026 2025
f 1898 1897 2027
f 1898 2027 2028
f 2027 2029 2028
f 2028 2029 2030
f 2029 2031 2030
f 2030 2031 2032
f 2031 1886 2032
f 2032 1886 1885
f 2033 2034 2035
f 2034 2036 2035
f 2035 2036 2011
f 2036 2012 2011
f 2037 2038 2039
f 2038 2040 2039
f 2041 2042 2043
f 2042 2044 2043
f 2045 2046 2047
f 2045 2047 2048
f 2047 2049 2048
f 2048 2049 2050
f 2049 2051 2050
f 2050 2051 2052
f 2051 2053 2052
f 2052 2053 2054
f 2053 2044 2054
f 2054 2044 2042
f 2055 2056 2057
f 2056 2058 2057
f 2057 2058 2059
f 2058 2060 2059
f 2059 2060 2061
f 2060 2062 2061
f 2061 2062 2063
f 2062 2064 2063
f 2065 2066 2067
f 2065 2067 2068
f 2067 2056 2068
f 2068 2056 2055
f 2069 2070 2071
f 2070 2072 2071
f 2071 2072 2073
f 2072 2074 2073
f 2073 2074 2075
f 2074 2076 2075
f 2075 2076 2077
f 2076 2078 2077
f 2077 2078 2079
f 2078 2080 2079
f 2079 2080 2081
f 2080 2082 2081
f 2081 2082 2083
f 2082 2084 2083
f 2085 2086 2087
f 2086 2088 2087
f 2089 2090 2091
f 2090 2092 2091
f 2091 2092 2093
f 2092 2094 2093
f 2093 2094 2095
f 2094 2096 2095
f 2095 2096 2097
f 2096 2098 2097
f 2099 2100 2101
f 2100 2102 2101
f 2103 2104 2105
f 2104 2106 2105
f 2105 2106 2107
f 2106 2108 2107
f 2107 2108 2109
f 2108 2110 2109
f 2109 2110 2111
f 2110 2112 2111
f 2111 2112 2113
f 2112 2114 2113
f 2113 2114 2115
f 2114 2116 2115
f 2115 2116 2117
f 2116 2118 2117
f 2117 2118 2119
f 2118 2120 2119
f 2119 2120 2121
f 2120 2122 2121
f 2121 2122 2123
f 2122 2124 2123
f 2123 2124 2125
f 2124 2126 2125
f 2125 2126 2103
f 2126 2104 2103
f 2127 2128 2129
f 2128 2130 2129
f 2129 2130 2131
f 2130 2132 2131
f 2133 2134 2135
f 2134 2136 2135
f 2135 2136 2137
f 2136 2138 2137
f 2137 2138 2139
f 2138 2140 2139
f 2139 2140 2141
f 2140 2142 2141
f 2141 2142 2143
f 2142 2144 2143
f 2143 2144 2145
f 2144 2146 2145
f 2145 2146 2147
f 2146 2148 2147
f 2147 2148 2149
f 2148 2150 2149
f 2149 2150 2151
f 2150 2152 2151
f 2151 2152 2153
f 2152 2154 2153
f 2153 2154 2155
f 2154 2156 2155
f 2155 2156 2133
f 2156 2134 2133
f 2157 2158 2159
f 2158 2160 2159
f 2161 2162 2163
f 2162 2164 2163
f 2163 2164 2165
f 2164 2166 2165
f 2165 2166 2167
f 2166 2168 2167
f 2167 2168 2169
f 2168 2170 2169
f 2169 2170 2171
f 2170 2172 2171
f 2171 2172 2173
f 2172 2174 2173
f 2173 2174 2175
f 2174 2176 2175
f 2175 2176 2177
f 2176 2178 2177
f 2177 2178 2179
f 2178 2180 2179
f 2179 2180 2181
f 2180 2182 2181
f 2181 2182 2183
f 2182 2184 2183
f 2183 2184 2161
f 2184 2162 2161
f 2185 2186 2187
f 2186 2188 2187
f 2187 2188 2189
f 2188 2190 2189
f 2191 2192 2193
f 2192 2194 2193
f 2193 2194 2195
f 2194 2196 2195
f 2195 2196 2197
f 2196 2198 2197
f 2197 2198 2199
f 2198 2200 2199
f 2199 2200 2201
f 2200 2202 2201
f 2201 2202 2203
f 2202 2204 2203
f 2203 2204 2205
f 2204 2206 2205
f 2205 2206 2207
f 2206 2208 2207
f 2207 2208 2209
f 2208 2210 2209
f 2209 2210 2211
f 2210 2212 2211
f 2211 2212 2213
f 2212 2214 2213
f 2213 2214 2191
f 2214 2192 2191
f 2215 2216 2217
f 2216 2218 2217
f 2219 2220 2221
f 2222 2223 2224
f 2225 2226 2227
f 2228 2229 2230
f 2231 2232 2233
f 2234 2235 2236
f 2237 2238 2239
f 2238 2240 2239
f 2241 2242 2227
f 2242 2243 2227
f 2243 2244 2227
f 2227 2244 2245
f 2244 2246 2245
f 2246 2247 2245
f 2245 2247 2236
f 2247 2248 2236
f 2236 2248 2234
f 2249 2221 2250
f 2221 2251 2250
f 2232 2252 2253
f 2253 2252 2254
f 2252 2255 2254
f 2254 2255 2256
f 2257 2258 2259
f 2258 2260 2259
f 2261 2262 2263
f 2262 2264 2263
f 2264 2265 2263
f 2265 2266 2263
f 2263 2266 2233
f 2266 2267 2233
f 2233 2267 2231
f 2268 2269 2270
f 2269 2271 2270
f 2270 2271 2272
f 2271 2273 2272
f 2272 2273 2274
f 2270 2275 2268
f 2275 2276 2268
f 2268 2276 2277
f 2278 2268 2279
f 2268 2277 2279
f 2279 2277 2280
f 2277 2281 2280
f 2280 2281 2282
f 2281 2283 2282
f 2274 2273 2284
f 2273 2285 2284
f 2284 2285 2286
f 2283 2287 2282
f 2287 2288 2282
f 2282 2288 2223
f 2288 2289 2223
f 2223 2289 2224
f 2289 2290 2224
f 2224 2290 2291
f 2290 2292 2291
f 2291 2292 2293
f 2292 2294 2293
f 2293 2294 2295
f 2294 2286 2295
f 2295 2286 2296
f 2286 2285 2296
f 2297 2298 2299
f 2298 2300 2299
f 2230 2229 2301
f 2229 2302 2301
f 2301 2302 2300
f 2302 2303 2300
f 2300 2303 2299
f 2304 2305 2230
f 2305 2306 2230
f 2230 2306 2228
f 2225 2227 2307
f 2307 2227 2308
f 2227 2245 2308
f 2308 2245 2309
f 2245 2310 2309
f 2309 2310 2311
f 2297 2312 2313
f 2312 2314 2313
f 2313 2314 2310
f 2314 2315 2310
f 2310 2315 2311
f 2316 2317 2318
f 2317 2319 2318
f 2320 2316 2321
f 2316 2318 2321
f 2321 2318 2322
f 2318 2323 2322
f 2232 2253 2233
f 2253 2324 2233
f 2233 2324 2325
f 2326 2327 2328
f 2327 2329 2328
f 2328 2329 2330
f 2331 2332 2328
f 2328 2332 2326
f 2332 2333 2326
f 2326 2333 2334
f 2335 2336 2328
f 2336 2337 2328
f 2328 2337 2331
f 2338 2339 2236
f 2340 2341 2342
f 2343 2236 2251
f 2236 2235 2251
f 2251 2235 2250
f 2341 2338 2342
f 2338 2236 2342
f 2342 2236 2344
f 2236 2343 2344
f 2345 2223 2334
f 2223 2222 2334
f 2334 2222 2326
f 2313 2346 2347
f 2282 2348 2349
f 2297 2313 2298
f 2313 2347 2298
f 2298 2347 2335
f 2350 2351 2313
f 2351 2352 2313
f 2313 2352 2346
f 2345 2353 2223
f 2353 2354 2223
f 2223 2354 2282
f 2354 2355 2282
f 2282 2355 2348
f 2339 2356 2236
f 2356 2357 2236
f 2236 2357 2245
f 2357 2358 2245
f 2245 2358 2310
f 2358 2359 2310
f 2342 2278 2340
f 2278 2279 2340
f 2340 2279 2360
f 2279 2361 2360
f 2362 2363 2280
f 2359 2364 2310
f 2364 2365 2310
f 2310 2365 2366
f 2363 2367 2280
f 2367 2368 2280
f 2280 2368 2279
f 2368 2369 2279
f 2279 2369 2361
f 2325 2370 2233
f 2370 2371 2233
f 2233 2371 2263
f 2371 2372 2263
f 2263 2372 2373
f 2372 2374 2373
f 2373 2374 2375
f 2376 2323 2377
f 2323 2318 2377
f 2377 2318 2219
f 2318 2319 2219
f 2219 2319 2220
f 2378 2379 2375
f 2379 2380 2375
f 2381 2382 2373
f 2382 2230 2373
f 2373 2230 2263
f 2230 2301 2263
f 2263 2301 2261
f 2301 2383 2261
f 2380 2384 2375
f 2384 2385 2375
f 2375 2385 2373
f 2385 2386 2373
f 2373 2386 2381
f 2382 2387 2230
f 2387 2388 2230
f 2230 2388 2304
f 2388 2389 2304
f 2304 2389 2390
f 2390 2378 2304
f 2378 2375 2304
f 2304 2375 2391
f 2240 2241 2239
f 2241 2227 2239
f 2239 2227 2391
f 2227 2226 2391
f 2391 2226 2304
f 2226 2392 2304
f 2304 2392 2305
f 2374 2376 2375
f 2376 2377 2375
f 2375 2377 2391
f 2377 2219 2391
f 2391 2219 2239
f 2219 2221 2239
f 2239 2221 2237
f 2221 2249 2237
f 2330 2393 2328
f 2393 2394 2328
f 2328 2394 2395
f 2394 2256 2395
f 2395 2256 2259
f 2256 2255 2259
f 2259 2255 2257
f 2335 2328 2298
f 2328 2395 2298
f 2298 2395 2300
f 2395 2259 2300
f 2300 2259 2301
f 2259 2260 2301
f 2301 2260 2383
f 2366 2362 2310
f 2362 2280 2310
f 2310 2280 2313
f 2280 2282 2313
f 2313 2282 2350
f 2282 2349 2350
f 2215 2217 2396
f 2217 2397 2396
f 2396 2397 2398
f 2397 2399 2398
f 2398 2399 2400
f 2399 2401 2400
f 2400 2401 2402
f 2401 2403 2402
f 2402 2403 2404
f 2403 2405 2404
f 2404 2405 2406
f 2405 2407 2406
f 2408 2409 2410
f 2411 2412 2413
f 2414 2415 2416
f 2417 2418 2419
f 2418 2420 2419
f 2421 2422 2423
f 2422 2418 2423
f 2423 2418 2424
f 2418 2417 2424
f 2415 2425 2416
f 2425 2426 2416
f 2416 2426 2420
f 2426 2427 2420
f 2420 2427 2419
f 2421 2428 2422
f 2428 2429 2422
f 2422 2429 2430
f 2429 2431 2430
f 2431 2432 2430
f 2430 2432 2433
f 2434 2435 2436
f 2435 2437 2436
f 2436 2437 2410
f 2437 2438 2410
f 2410 2438 2439
f 2438 2440 2439
f 2439 2440 2441
f 2442 2443 2418
f 2443 2444 2418
f 2418 2444 2420
f 2444 2445 2420
f 2420 2445 2446
f 2445 2447 2446
f 2446 2447 2448
f 2449 2450 2451
f 2450 2442 2451
f 2452 2453 2454
f 2453 2455 2454
f 2454 2455 2449
f 2455 2456 2449
f 2449 2456 2450
f 2454 2457 2452
f 2457 2439 2452
f 2452 2439 2458
f 2439 2441 2458
f 2459 2460 2461
f 2462 2463 2464
f 2463 2465 2464
f 2464 2465 2466
f 2465 2467 2466
f 2466 2467 2468
f 2467 2469 2468
f 2468 2469 2470
f 2469 2471 2470
f 2470 2471 2472
f 2471 2473 2472
f 2472 2473 2474
f 2473 2475 2474
f 2474 2475 2476
f 2475 2477 2476
f 2476 2477 2478
f 2477 2479 2478
f 2478 2479 2480
f 2479 2481 2480
f 2461 2460 2482
f 2460 2483 2482
f 2482 2483 2484
f 2485 2486 2487
f 2486 2462 2487
f 2487 2462 2488
f 2462 2464 2488
f 2488 2464 2489
f 2490 2491 2492
f 2493 2494 2495
f 2494 2496 2495
f 2495 2496 2497
f 2493 2498 2494
f 2498 2499 2494
f 2494 2499 2492
f 2499 2500 2492
f 2492 2500 2490
f 2491 2501 2457
f 2502 2503 2413
f 2503 2504 2413
f 2413 2504 2411
f 2479 2459 2481
f 2459 2461 2481
f 2481 2461 2505
f 2461 2506 2505
f 2506 2507 2508
f 2507 2509 2508
f 2508 2509 2510
f 2508 2511 2512
f 2512 2513 2508
f 2513 2514 2508
f 2508 2514 2506
f 2515 2516 2517
f 2518 2519 2517
f 2515 2517 2520
f 2517 2519 2520
f 2520 2519 2521
f 2416 2522 2523
f 2432 2414 2433
f 2414 2416 2433
f 2433 2416 2524
f 2416 2523 2524
f 2525 2526 2416
f 2526 2527 2416
f 2416 2527 2522
f 2527 2528 2522
f 2522 2528 2529
f 2530 2531 2436
f 2532 2533 2461
f 2533 2534 2461
f 2534 2535 2461
f 2461 2535 2506
f 2535 2536 2506
f 2506 2536 2507
f 2410 2409 2436
f 2409 2537 2436
f 2436 2537 2530
f 2532 2461 2538
f 2461 2482 2538
f 2538 2482 2539
f 2531 2540 2436
f 2540 2541 2436
f 2436 2541 2482
f 2541 2542 2482
f 2482 2542 2539
f 2543 2544 2446
f 2544 2545 2446
f 2446 2545 2420
f 2545 2546 2420
f 2420 2546 2416
f 2546 2547 2416
f 2416 2547 2525
f 2548 2488 2529
f 2488 2489 2529
f 2529 2489 2522
f 2548 2549 2488
f 2549 2550 2488
f 2488 2550 2487
f 2550 2551 2487
f 2487 2551 2552
f 2552 2553 2487
f 2553 2554 2487
f 2487 2554 2446
f 2554 2555 2446
f 2446 2555 2543
f 2484 2485 2482
f 2485 2487 2482
f 2482 2487 2436
f 2487 2446 2436
f 2436 2446 2434
f 2446 2448 2434
f 2511 2508 2556
f 2508 2557 2556
f 2556 2557 2558
f 2557 2413 2558
f 2558 2413 2559
f 2413 2412 2559
f 2559 2412 2497
f 2412 2560 2497
f 2497 2560 2495
f 2510 2408 2508
f 2408 2410 2508
f 2508 2410 2557
f 2410 2439 2557
f 2557 2439 2413
f 2439 2457 2413
f 2413 2457 2502
f 2457 2501 2502
f 2442 2418 2451
f 2418 2422 2451
f 2451 2422 2561
f 2422 2430 2561
f 2561 2430 2518
f 2562 2563 2564
f 2565 2566 2567
f 2568 2569 2449
f 2569 2570 2449
f 2449 2570 2454
f 2570 2571 2454
f 2454 2571 2572
f 2491 2457 2492
f 2457 2454 2492
f 2492 2454 2565
f 2454 2572 2565
f 2565 2572 2566
f 2567 2573 2565
f 2573 2574 2565
f 2565 2574 2564
f 2574 2575 2564
f 2564 2575 2562
f 2518 2517 2561
f 2517 2576 2561
f 2561 2576 2451
f 2576 2564 2451
f 2451 2564 2449
f 2564 2563 2449
f 2449 2563 2568
f 2516 2577 2517
f 2577 2578 2517
f 2517 2578 2576
f 2578 2579 2576
f 2576 2579 2564
f 2579 2580 2564
f 2564 2580 2565
f 2580 2581 2565
f 2565 2581 2492
f 2581 2582 2492
f 2492 2582 2494
f 2582 2583 2494
f 2494 2583 2496
f 2583 2584 2496
f 2585 2586 2587
f 2586 2588 2587
f 2587 2588 2589
f 2588 2590 2589
f 2589 2590 2591
f 2590 2592 2591
f 2591 2592 2593
f 2592 2594 2593
f 2595 2596 2597
f 2596 2598 2597
f 2597 2598 2599
f 2598 2600 2599
f 2599 2600 2601
f 2600 2602 2601
f 2601 2602 2603
f 2602 2604 2603
f 2603 2604 2605
f 2604 2606 2605
f 2605 2606 2607
f 2606 2608 2607
f 2607 2608 2609
f 2608 2610 2609
f 2609 2610 2611
f 2610 2612 2611
f 2611 2612 2613
f 2612 2614 2613
f 2613 2614 2615
f 2614 2616 2615
f 2615 2616 2617
f 2616 2618 2617
f 2617 2618 2595
f 2618 2596 2595
f 2619 2620 2621
f 2620 2622 2621
f 2621 2622 2623
f 2622 2624 2623
f 2623 2624 2216
f 2624 2218 2216
f 2070 2069 2625
f 2070 2625 2626
f 2625 2627 2626
f 2626 2627 2628
f 2627 2063 2628
f 2628 2063 2064
f 2099 2101 2629
f 2101 2630 2629
f 2629 2630 2631
f 2630 2632 2631
f 2631 2632 2633
f 2632 2634 2633
f 2097 2098 2635
f 2097 2635 2636
f 2635 2637 2636
f 2636 2637 2638
f 2637 2083 2638
f 2638 2083 2084
f 2639 2640 2641
f 2640 2642 2641
f 2641 2642 2643
f 2642 2644 2643
f 2643 2644 2645
f 2644 2646 2645
f 2645 2646 2647
f 2646 2648 2647
f 2647 2648 2649
f 2648 2650 2649
f 2649 2650 2100
f 2650 2102 2100
f 2651 2046 2652
f 2046 2045 2652
f 2653 2654 2655
f 2654 2656 2655
f 2655 2656 2657
f 2656 2658 2657
f 2657 2658 2659
f 2658 2660 2659
f 2659 2660 2661
f 2660 2662 2661
f 2663 2664 2665
f 2664 2666 2665
f 2665 2666 2667
f 2666 2668 2667
f 2667 2668 2669
f 2668 2670 2669
f 2669 2670 2671
f 2670 2672 2671
f 2671 2672 2673
f 2672 2674 2673
f 2673 2674 2675
f 2674 2676 2675
f 2675 2676 2677
f 2676 2678 2677
f 2677 2678 2679
f 2678 2680 2679
f 2679 2680 2681
f 2680 2682 2681
f 2681 2682 2683
f 2682 2684 2683
f 2683 2684 2685
f 2684 2686 2685
f 2685 2686 2663
f 2686 2664 2663
f 2687 2688 2689
f 2687 2689 2690
f 2689 2691 2690
f 2690 2691 2692
f 2691 2693 2692
f 2692 2693 2694
f 2695 2696 2697
f 2696 2698 2697
f 2697 2698 2699
f 2698 2700 2699
f 2699 2700 2701
f 2700 2702 2701
f 2701 2702 2703
f 2702 2704 2703
f 2703 2704 2705
f 2704 2706 2705
f 2705 2706 2707
f 2706 2708 2707
f 2707 2708 2709
f 2708 2710 2709
f 2709 2710 2711
f 2710 2712 2711
f 2711 2712 2713
f 2712 2714 2713
f 2715 2716 2717
f 2715 2717 2718
f 2717 2719 2718
f 2718 2719 2720
f 2719 2721 2720
f 2720 2721 2722
f 2723 2724 2725
f 2724 2726 2725
f 2725 2726 2727
f 2726 2728 2727
f 2727 2728 2729
f 2728 2730 2729
f 2729 2730 2731
f 2730 2732 2731
f 2731 2732 2733
f 2732 2734 2733
f 2733 2734 2735
f 2734 2736 2735
f 2735 2736 2737
f 2736 2738 2737
f 2737 2738 2739
f 2738 2740 2739
f 2739 2740 2741
f 2740 2742 2741
f 2741 2742 2743
f 2742 2744 2743
f 2743 2744 2745
f 2744 2746 2745
f 2745 2746 2723
f 2746 2724 2723
f 2747 2748 2749
f 2747 2749 2750
f 2749 2751 2750
f 2750 2751 2752
f 2751 2753 2752
f 2752 2753 2754
f 2755 2756 2757
f 2756 2758 2757
f 2757 2758 2759
f 2758 2760 2759
f 2759 2760 2761
f 2760 2762 2761
f 2761 2762 2763
f 2762 2764 2763
f 2763 2764 2765
f 2764 2766 2765
f 2765 2766 2767
f 2766 2768 2767
f 2767 2768 2769
f 2768 2770 2769
f 2769 2770 2771
f 2770 2772 2771
f 2771 2772 2773
f 2772 2774 2773
f 2775 2776 2777
f 2775 2777 2778
f 2777 2779 2778
f 2778 2779 2780
f 2779 2781 2780
f 2780 2781 2782
f 2783 2784 2785
f 2784 2786 2785
f 2785 2786 2787
f 2786 2788 2787
f 2787 2788 2789
f 2788 2790 2789
f 2789 2790 2791
f 2790 2792 2791
f 2791 2792 2793
f 2792 2794 2793
f 2793 2794 2795
f 2794 2796 2795
f 2795 2796 2797
f 2796 2798 2797
f 2797 2798 2799
f 2798 2800 2799
f 2799 2800 2801
f 2800 2802 2801
f 2801 2802 2803
f 2802 2804 2803
f 2803 2804 2805
f 2804 2806 2805
f 2805 2806 2783
f 2806 2784 2783
f 2807 2808 2809
f 2807 2809 2810
f 2809 2811 2810
f 2810 2811 2812
f 2811 2813 2812
f 2812 2813 2814
f 2815 2816 2817
f 2816 2818 2817
f 2817 2818 2819
f 2818 2820 2819
f 2819 2820 2821
f 2820 2822 2821
f 2821 2822 2823
f 2822 2824 2823
f 2823 2824 2825
f 2824 2826 2825
f 2825 2826 2827
f 2826 2828 2827
f 2827 2828 2829
f 2828 2830 2829
f 2829 2830 2831
f 2830 2832 2831
f 2831 2832 2833
f 2832 2834 2833
f 2835 2836 2837
f 2835 2837 2838
f 2837 2839 2838
f 2838 2839 2840
f 2839 2841 2840
f 2840 2841 2842
f 2843 2844 2845
f 2844 2846 2845
f 2845 2846 2847
f 2846 2848 2847
f 2847 2848 2849
f 2848 2850 2849
f 2849 2850 2851
f 2850 2852 2851
f 2851 2852 2853
f 2852 2854 2853
f 2853 2854 2855
f 2854 2856 2855
f 2855 2856 2857
f 2856 2858 2857
f 2857 2858 2859
f 2858 2860 2859
f 2859 2860 2861
f 2860 2862 2861
f 2861 2862 2863
f 2862 2864 2863
f 2863 2864 2865
f 2864 2866 2865
f 2865 2866 2843
f 2866 2844 2843
f 2867 2868 2869
f 2868 2870 2869
f 2871 2872 2873
f 2872 2874 2873
f 2873 2874 2875
f 2874 2876 2875
f 2875 2876 2877
f 2876 2878 2877
f 2877 2878 2879
f 2878 2880 2879
f 2879 2880 2881
f 2880 2882 2881
f 2881 2882 2883
f 2882 2884 2883
f 2883 2884 2885
f 2884 2886 2885
f 2885 2886 2887
f 2886 2888 2887
f 2887 2888 2889
f 2888 2890 2889
f 2891 2892 2893
f 2892 2894 2893
f 2893 2894 2895
f 2894 2896 2895
f 2895 2896 2897
f 2896 2898 2897
f 2897 2898 2899
f 2898 2900 2899
f 2899 2900 2901
f 2900 2902 2901
f 2901 2902 2903
f 2902 2904 2903
f 2903 2904 2905
f 2904 2906 2905
f 2905 2906 2907
f 2906 2908 2907
f 2907 2908 2909
f 2908 2910 2909
f 2909 2910 2911
f 2910 2912 2911
f 2911 2912 2913
f 2912 2914 2913
f 2913 2914 2891
f 2914 2892 2891
f 2915 2916 2917
f 2916 2918 2917
f 2917 2918 2919
f 2918 2920 2919
f 2919 2920 2921
f 2920 2922 2921
f 2923 2924 2925
f 2924 2926 2925
f 2925 2926 2927
f 2926 2928 2927
f 2927 2928 2929
f 2928 2930 2929
f 2929 2930 2931
f 2930 2932 2931
f 2931 2932 2933
f 2932 2934 2933
f 2933 2934 2935
f 2934 2936 2935
f 2935 2936 2937
f 2936 2938 2937
f 2937 2938 2939
f 2938 2940 2939
f 2939 2940 2941
f 2940 2942 2941
f 2943 2944 2945
f 2944 2946 2945
f 2945 2946 2947
f 2946 2948 2947
f 2947 2948 2949
f 2948 2950 2949
f 2949 2950 2951
f 2950 2952 2951
f 2951 2952 2953
f 2952 2954 2953
f 2953 2954 2955
f 2954 2956 2955
f 2955 2956 2957
f 2956 2958 2957
f 2957 2958 2959
f 2958 2960 2959
f 2959 2960 2961
f 2960 2962 2961
f 2961 2962 2963
f 2962 2964 2963
f 2963 2964 2965
f 2964 2966 2965
f 2965 2966 2943
f 2966 2944 2943
f 2967 2968 2969
f 2968 2970 2969
f 2971 2972 2973
f 2972 2974 2973
f 2973 2974 2975
f 2974 2976 2975
f 2975 2976 2977
f 2976 2978 2977
f 2977 2978 2979
f 2978 2980 2979
f 2979 2980 2981
f 2980 2982 2981
f 2981 2982 2983
f 2982 2984 2983
f 2983 2984 2985
f 2984 2986 2985
f 2985 2986 2987
f 2986 2988 2987
f 2987 2988 2989
f 2988 2990 2989
f 2991 2992 2993
f 2992 2994 2993
f 2993 2994 2995
f 2994 2996 2995
f 2995 2996 2997
f 2996 2998 2997
f 2997 2998 2999
f 2998 3000 2999
f 2999 3000 3001
f 3000 3002 3001
f 3001 3002 3003
f 3002 3004 3003
f 3003 3004 3005
f 3004 3006 3005
f 3005 3006 3007
f 3006 3008 3007
f 3007 3008 3009
f 3008 3010 3009
f 3009 3010 3011
f 3010 3012 3011
f 3011 3012 3013
f 3012 3014 3013
f 3013 3014 2991
f 3014 2992 2991
f 3015 3016 3017
f 3016 3018 3017
f 3017 3018 3019
f 3018 3020 3019
f 3019 3020 3021
f 3020 3022 3021
f 3023 3024 3025
f 3024 3026 3025
f 3025 3026 3027
f 3026 3028 3027
f 3027 3028 3029
f 3028 3030 3029
f 3029 3030 3031
f 3030 3032 3031
f 3031 3032 3033
f 3032 3034 3033
f 3033 3034 3035
f 3034 3036 3035
f 3035 3036 3037
f 3036 3038 3037
f 3037 3038 3039
f 3038 3040 3039
f 3039 3040 3041
f 3040 3042 3041
f 3043 3044 3045
f 3044 3046 3045
f 3045 3046 3047
f 3046 3048 3047
f 3047 3048 3049
f 3048 3050 3049
f 3049 3050 3051
f 3050 3052 3051
f 3051 3052 3053
f 3052 3054 3053
f 3053 3054 3055
f 3054 3056 3055
f 3055 3056 3057
f 3056 3058 3057
f 3057 3058 3059
f 3058 3060 3059
f 3059 3060 3061
f 3060 3062 3061
f 3061 3062 3063
f 3062 3064 3063
f 3063 3064 3065
f 3064 3066 3065
f 3065 3066 3043
f 3066 3044 3043
f 3067 3068 3069
f 3068 3070 3069
f 3071 3072 3073
f 3072 3074 3073
f 3073 3074 3075
f 3074 3076 3075
f 3075 3076 3077
f 3076 3078 3077
f 3077 3078 3079
f 3078 3080 3079
f 3079 3080 2687
f 3080 2688 2687
f 3081 3082 3083
f 3084 3085 3086
f 3087 3088 3089
f 3090 3091 3092
f 3093 3094 3095
f 3096 3097 3098
f 3099 3100 3101
f 3102 3103 3104
f 3105 3106 3107
f 3108 3109 3110
f 3109 3111 3110
f 3110 3111 3112
f 3112 3113 3110
f 3113 3114 3110
f 3110 3114 3115
f 3116 3117 3118
f 3117 3119 3118
f 3118 3119 3108
f 3119 3120 3108
f 3108 3120 3109
f 3102 3104 3121
f 3107 3122 3123
f 3122 3124 3123
f 3123 3124 3125
f 3126 3127 3128
f 3129 3130 3131
f 3129 3131 3132
f 3131 3133 3132
f 3133 3134 3132
f 3132 3134 3100
f 3134 3135 3100
f 3100 3135 3101
f 3135 3136 3101
f 3101 3136 3137
f 3127 3138 3128
f 3138 3139 3128
f 3128 3139 3129
f 3139 3140 3129
f 3129 3140 3130
f 3141 3142 3143
f 3142 3144 3143
f 3143 3144 3145
f 3144 3146 3145
f 3145 3146 3101
f 3146 3147 3101
f 3101 3147 3099
f 3148 3149 3150
f 3149 3151 3150
f 3150 3151 3152
f 3151 3153 3152
f 3152 3153 3154
f 3155 3148 3156
f 3157 3158 3159
f 3158 3160 3159
f 3159 3160 3161
f 3160 3162 3161
f 3162 3163 3161
f 3161 3163 3164
f 3163 3165 3164
f 3164 3165 3166
f 3165 3167 3166
f 3168 3169 3170
f 3169 3171 3170
f 3165 3172 3167
f 3172 3173 3167
f 3167 3173 3171
f 3173 3174 3171
f 3171 3174 3170
f 3175 3176 3177
f 3177 3176 3170
f 3176 3178 3170
f 3178 3179 3170
f 3170 3179 3168
f 3179 3180 3168
f 3168 3180 3132
f 3180 3181 3132
f 3181 3182 3132
f 3132 3182 3129
f 3182 3183 3129
f 3183 3184 3129
f 3184 3185 3129
f 3129 3185 3186
f 3185 3187 3186
f 3187 3188 3186
f 3186 3188 3189
f 3188 3175 3189
f 3189 3175 3190
f 3175 3177 3190
f 3096 3191 3097
f 3191 3192 3097
f 3097 3192 3193
f 3194 3195 3196
f 3195 3197 3196
f 3198 3199 3200
f 3199 3201 3200
f 3200 3201 3202
f 3203 3204 3205
f 3204 3206 3205
f 3205 3206 3207
f 3208 3209 3210
f 3209 3211 3210
f 3210 3211 3212
f 3211 3213 3212
f 3212 3213 3203
f 3213 3214 3203
f 3203 3214 3204
f 3207 3215 3216
f 3215 3217 3216
f 3217 3218 3216
f 3216 3218 3219
f 3157 3220 3158
f 3220 3221 3158
f 3158 3221 3222
f 3221 3223 3222
f 3222 3223 3224
f 3223 3216 3224
f 3224 3216 3210
f 3216 3219 3210
f 3210 3219 3208
f 3225 3226 3227
f 3226 3203 3227
f 3227 3203 3228
f 3203 3205 3228
f 3228 3205 3229
f 3205 3230 3229
f 3229 3230 3231
f 3230 3232 3231
f 3231 3232 3233
f 3234 3235 3236
f 3235 3237 3236
f 3236 3237 3238
f 3239 3240 3241
f 3240 3242 3241
f 3241 3242 3234
f 3242 3243 3234
f 3234 3243 3235
f 3093 3244 3245
f 3244 3246 3245
f 3245 3246 3239
f 3246 3247 3239
f 3239 3247 3240
f 3095 3094 3248
f 3094 3249 3248
f 3248 3249 3091
f 3090 3092 3250
f 3251 3252 3253
f 3252 3254 3253
f 3253 3254 3255
f 3256 3257 3258
f 3259 3260 3261
f 3260 3262 3261
f 3261 3262 3263
f 3264 3265 3266
f 3259 3267 3260
f 3267 3268 3260
f 3260 3268 3251
f 3251 3253 3260
f 3253 3269 3260
f 3260 3269 3270
f 3269 3271 3270
f 3270 3271 3272
f 3266 3256 3264
f 3256 3258 3264
f 3264 3258 3273
f 3258 3274 3273
f 3273 3274 3254
f 3274 3275 3254
f 3254 3275 3255
f 3276 3277 3262
f 3277 3278 3262
f 3262 3278 3263
f 3279 3280 3281
f 3282 3283 3284
f 3283 3285 3284
f 3284 3285 3286
f 3282 3287 3283
f 3287 3288 3283
f 3283 3288 3289
f 3288 3290 3289
f 3289 3290 3291
f 3292 3293 3294
f 3293 3279 3294
f 3294 3279 3285
f 3279 3281 3285
f 3285 3281 3286
f 3295 3296 3115
f 3296 3297 3115
f 3298 3283 3299
f 3283 3300 3299
f 3299 3300 3301
f 3300 3302 3301
f 3303 3285 3304
f 3285 3283 3304
f 3304 3283 3305
f 3283 3298 3305
f 3306 3307 3308
f 3307 3309 3308
f 3310 3311 3105
f 3309 3312 3308
f 3312 3313 3308
f 3308 3313 3314
f 3311 3315 3105
f 3315 3115 3105
f 3105 3115 3106
f 3115 3114 3106
f 3316 3295 3317
f 3295 3115 3317
f 3317 3115 3318
f 3115 3315 3318
f 3319 3320 3082
f 3321 3322 3323
f 3322 3324 3323
f 3324 3325 3323
f 3325 3326 3323
f 3323 3326 3308
f 3326 3327 3308
f 3327 3087 3308
f 3087 3089 3308
f 3308 3089 3306
f 3089 3328 3306
f 3306 3328 3329
f 3328 3330 3329
f 3331 3332 3333
f 3332 3334 3333
f 3334 3335 3333
f 3335 3336 3333
f 3333 3336 3337
f 3336 3338 3337
f 3339 3081 3340
f 3081 3337 3340
f 3340 3337 3341
f 3337 3338 3341
f 3339 3084 3081
f 3084 3086 3081
f 3081 3086 3082
f 3086 3342 3082
f 3082 3342 3319
f 3272 3343 3270
f 3343 3344 3270
f 3270 3344 3345
f 3345 3346 3270
f 3346 3347 3270
f 3270 3347 3333
f 3347 3348 3333
f 3348 3349 3333
f 3349 3350 3333
f 3333 3350 3331
f 3350 3351 3331
f 3331 3351 3352
f 3351 3353 3352
f 3354 3355 3356
f 3355 3352 3356
f 3356 3352 3357
f 3352 3353 3357
f 3194 3196 3358
f 3196 3359 3358
f 3358 3359 3360
f 3359 3361 3360
f 3360 3361 3362
f 3361 3363 3362
f 3362 3363 3364
f 3363 3365 3364
f 3364 3365 3366
f 3365 3367 3366
f 3366 3367 3368
f 3367 3369 3368
f 3368 3369 3370
f 3369 3201 3370
f 3370 3201 3371
f 3201 3199 3371
f 3371 3199 3372
f 3373 3374 3367
f 3374 3375 3367
f 3376 3377 3289
f 3378 3379 3262
f 3375 3380 3367
f 3380 3381 3367
f 3367 3381 3369
f 3381 3382 3369
f 3369 3382 3383
f 3378 3262 3384
f 3379 3376 3262
f 3376 3289 3262
f 3262 3289 3276
f 3289 3291 3276
f 3276 3291 3385
f 3359 3386 3387
f 3388 3389 3390
f 3387 3391 3359
f 3391 3392 3359
f 3359 3392 3361
f 3392 3393 3361
f 3361 3393 3394
f 3389 3395 3390
f 3395 3396 3390
f 3390 3396 3397
f 3396 3398 3397
f 3397 3398 3399
f 3394 3388 3361
f 3388 3390 3361
f 3361 3390 3363
f 3390 3300 3363
f 3363 3300 3365
f 3300 3283 3365
f 3365 3283 3367
f 3283 3289 3367
f 3367 3289 3373
f 3289 3377 3373
f 3196 3400 3359
f 3400 3397 3359
f 3359 3397 3386
f 3397 3399 3386
f 3400 3118 3397
f 3118 3108 3397
f 3397 3108 3390
f 3108 3110 3390
f 3390 3110 3300
f 3110 3115 3300
f 3300 3115 3302
f 3115 3297 3302
f 3091 3249 3092
f 3249 3104 3092
f 3092 3104 3116
f 3104 3103 3116
f 3116 3103 3117
f 3250 3092 3401
f 3092 3116 3401
f 3401 3116 3402
f 3116 3118 3402
f 3402 3118 3403
f 3118 3400 3403
f 3403 3400 3193
f 3400 3196 3193
f 3193 3196 3097
f 3196 3197 3097
f 3097 3197 3098
f 3404 3250 3405
f 3250 3401 3405
f 3405 3401 3406
f 3401 3402 3406
f 3406 3402 3407
f 3402 3403 3407
f 3407 3403 3408
f 3403 3193 3408
f 3408 3193 3409
f 3193 3192 3409
f 3081 3410 3411
f 3412 3337 3413
f 3337 3081 3413
f 3413 3081 3414
f 3081 3411 3414
f 3412 3415 3337
f 3415 3416 3337
f 3337 3416 3417
f 3418 3419 3420
f 3419 3417 3420
f 3420 3417 3421
f 3417 3416 3421
f 3418 3422 3419
f 3422 3423 3419
f 3419 3423 3410
f 3323 3424 3425
f 3082 3426 3427
f 3428 3429 3083
f 3320 3321 3082
f 3321 3323 3082
f 3082 3323 3426
f 3323 3425 3426
f 3083 3429 3430
f 3427 3431 3082
f 3431 3432 3082
f 3082 3432 3083
f 3432 3433 3083
f 3083 3433 3428
f 3429 3434 3430
f 3434 3435 3430
f 3430 3435 3323
f 3435 3436 3323
f 3323 3436 3424
f 3093 3245 3094
f 3245 3437 3094
f 3094 3437 3249
f 3437 3123 3249
f 3249 3123 3104
f 3123 3125 3104
f 3104 3125 3121
f 3438 3417 3439
f 3417 3419 3439
f 3439 3419 3440
f 3419 3441 3440
f 3442 3143 3443
f 3143 3444 3443
f 3438 3445 3417
f 3445 3446 3417
f 3417 3446 3145
f 3446 3447 3145
f 3447 3448 3145
f 3145 3448 3143
f 3448 3449 3143
f 3143 3449 3444
f 3153 3141 3154
f 3141 3143 3154
f 3154 3143 3419
f 3143 3442 3419
f 3419 3442 3441
f 3450 3083 3451
f 3083 3452 3451
f 3453 3152 3454
f 3152 3154 3454
f 3454 3154 3455
f 3154 3456 3455
f 3453 3457 3152
f 3457 3458 3152
f 3152 3458 3430
f 3458 3459 3430
f 3459 3460 3430
f 3430 3460 3083
f 3460 3461 3083
f 3083 3461 3452
f 3410 3081 3419
f 3081 3083 3419
f 3419 3083 3154
f 3083 3450 3154
f 3154 3450 3456
f 3383 3384 3369
f 3384 3262 3369
f 3369 3262 3201
f 3262 3260 3201
f 3201 3260 3202
f 3260 3270 3202
f 3202 3270 3462
f 3270 3333 3462
f 3462 3333 3463
f 3333 3337 3463
f 3463 3337 3464
f 3337 3417 3464
f 3464 3417 3465
f 3417 3145 3465
f 3465 3145 3466
f 3145 3101 3466
f 3466 3101 3128
f 3101 3137 3128
f 3128 3137 3126
f 3148 3150 3156
f 3150 3152 3156
f 3156 3152 3467
f 3152 3430 3467
f 3467 3430 3468
f 3430 3323 3468
f 3468 3323 3469
f 3323 3308 3469
f 3469 3308 3105
f 3308 3314 3105
f 3105 3314 3310
f 3107 3123 3105
f 3123 3437 3105
f 3105 3437 3469
f 3437 3245 3469
f 3469 3245 3468
f 3245 3239 3468
f 3468 3239 3467
f 3239 3241 3467
f 3467 3241 3156
f 3470 3236 3230
f 3236 3238 3230
f 3230 3238 3232
f 3207 3216 3205
f 3216 3471 3205
f 3205 3471 3472
f 3472 3473 3205
f 3473 3474 3205
f 3205 3474 3230
f 3474 3475 3230
f 3230 3475 3470
f 3470 3476 3236
f 3476 3477 3236
f 3236 3477 3478
f 3479 3480 3216
f 3480 3481 3216
f 3216 3481 3471
f 3157 3155 3220
f 3155 3156 3220
f 3220 3156 3221
f 3156 3241 3221
f 3221 3241 3223
f 3241 3234 3223
f 3223 3234 3216
f 3234 3236 3216
f 3216 3236 3479
f 3236 3478 3479
f 3482 3483 3484
f 3483 3485 3484
f 3486 3487 3488
f 3487 3489 3488
f 3490 3491 3492
f 3491 3493 3492
f 3492 3493 3494
f 3493 3495 3494
f 3496 3497 3498
f 3499 3500 3501
f 3502 3503 3504
f 3505 3506 3507
f 3508 3509 3510
f 3510 3511 3508
f 3511 3512 3508
f 3508 3512 3513
f 3514 3515 3516
f 3516 3515 3517
f 3515 3518 3517
f 3517 3518 3519
f 3518 3520 3519
f 3519 3520 3508
f 3520 3521 3508
f 3508 3521 3509
f 3522 3523 3524
f 3523 3525 3524
f 3524 3525 3526
f 3522 3527 3523
f 3527 3528 3523
f 3523 3528 3529
f 3528 3530 3529
f 3529 3530 3531
f 3532 3533 3534
f 3532 3534 3535
f 3534 3536 3535
f 3536 3537 3535
f 3535 3537 3538
f 3539 3540 3541
f 3540 3542 3541
f 3541 3542 3543
f 3542 3544 3543
f 3543 3544 3545
f 3544 3546 3545
f 3545 3546 3547
f 3546 3548 3547
f 3547 3548 3549
f 3548 3550 3549
f 3549 3550 3532
f 3550 3551 3532
f 3532 3551 3533
f 3537 3539 3538
f 3539 3541 3538
f 3538 3541 3552
f 3541 3553 3552
f 3554 3555 3556
f 3541 3557 3553
f 3557 3558 3553
f 3553 3558 3559
f 3558 3560 3559
f 3559 3560 3561
f 3560 3562 3561
f 3561 3562 3563
f 3562 3564 3563
f 3563 3564 3556
f 3564 3565 3556
f 3556 3565 3554
f 3555 3554 3566
f 3554 3567 3566
f 3566 3567 3568
f 3567 3569 3568
f 3568 3569 3570
f 3569 3571 3570
f 3570 3571 3572
f 3573 3574 3575
f 3574 3576 3575
f 3575 3576 3577
f 3576 3578 3577
f 3577 3578 3579
f 3580 3581 3582
f 3581 3583 3582
f 3582 3583 3584
f 3583 3585 3584
f 3584 3585 3586
f 3585 3587 3586
f 3588 3589 3585
f 3589 3590 3585
f 3585 3590 3587
f 3590 3591 3587
f 3587 3591 3535
f 3591 3592 3535
f 3592 3593 3535
f 3535 3593 3532
f 3593 3594 3532
f 3532 3594 3595
f 3595 3596 3532
f 3596 3597 3532
f 3532 3597 3598
f 3597 3599 3598
f 3598 3599 3600
f 3601 3602 3603
f 3604 3605 3606
f 3607 3608 3609
f 3608 3610 3609
f 3609 3610 3611
f 3610 3612 3611
f 3611 3612 3613
f 3614 3615 3616
f 3615 3608 3616
f 3616 3608 3617
f 3608 3607 3617
f 3612 3618 3613
f 3618 3604 3613
f 3613 3604 3619
f 3604 3606 3619
f 3619 3606 3620
f 3606 3601 3620
f 3620 3601 3621
f 3601 3603 3621
f 3605 3622 3606
f 3622 3623 3606
f 3606 3623 3624
f 3623 3625 3624
f 3624 3625 3626
f 3627 3628 3629
f 3630 3631 3632
f 3632 3627 3630
f 3627 3629 3630
f 3630 3629 3633
f 3629 3634 3633
f 3633 3634 3635
f 3634 3636 3635
f 3635 3636 3637
f 3637 3638 3635
f 3638 3639 3635
f 3635 3639 3601
f 3640 3602 3641
f 3602 3601 3641
f 3641 3601 3642
f 3601 3639 3642
f 3643 3644 3645
f 3644 3646 3645
f 3646 3647 3645
f 3645 3647 3648
f 3649 3635 3650
f 3635 3648 3650
f 3650 3648 3651
f 3648 3647 3651
f 3652 3633 3653
f 3633 3635 3653
f 3653 3635 3654
f 3635 3649 3654
f 3655 3656 3657
f 3656 3658 3657
f 3659 3660 3661
f 3662 3663 3664
f 3663 3665 3664
f 3664 3665 3666
f 3658 3667 3657
f 3667 3668 3657
f 3657 3668 3659
f 3660 3669 3661
f 3669 3670 3661
f 3661 3670 3663
f 3670 3671 3663
f 3663 3671 3665
f 3672 3673 3525
f 3674 3505 3657
f 3505 3507 3657
f 3657 3507 3655
f 3507 3675 3655
f 3655 3675 3676
f 3675 3677 3676
f 3672 3525 3678
f 3512 3526 3513
f 3526 3525 3513
f 3513 3525 3679
f 3525 3673 3679
f 3679 3680 3513
f 3680 3681 3513
f 3513 3681 3657
f 3681 3682 3657
f 3657 3682 3674
f 3503 3683 3684
f 3683 3685 3684
f 3686 3687 3525
f 3687 3688 3525
f 3685 3689 3684
f 3689 3690 3684
f 3684 3690 3691
f 3690 3692 3691
f 3691 3692 3686
f 3688 3693 3525
f 3693 3694 3525
f 3525 3694 3678
f 3695 3696 3697
f 3696 3698 3697
f 3697 3698 3684
f 3698 3699 3684
f 3684 3699 3700
f 3700 3701 3684
f 3701 3702 3684
f 3684 3702 3503
f 3702 3703 3503
f 3503 3703 3504
f 3704 3705 3706
f 3705 3502 3706
f 3706 3502 3707
f 3502 3504 3707
f 3695 3697 3708
f 3697 3624 3708
f 3708 3624 3709
f 3624 3626 3709
f 3709 3626 3710
f 3711 3712 3713
f 3712 3714 3713
f 3713 3714 3499
f 3501 3500 3715
f 3500 3716 3715
f 3715 3716 3717
f 3716 3718 3717
f 3717 3718 3719
f 3720 3721 3722
f 3721 3723 3722
f 3724 3725 3722
f 3725 3726 3722
f 3722 3726 3720
f 3727 3725 3728
f 3725 3724 3728
f 3728 3724 3729
f 3724 3730 3729
f 3731 3732 3733
f 3734 3735 3736
f 3736 3737 3734
f 3737 3738 3734
f 3734 3738 3739
f 3738 3740 3739
f 3739 3740 3741
f 3741 3742 3739
f 3742 3731 3739
f 3739 3731 3743
f 3731 3733 3743
f 3742 3744 3731
f 3744 3745 3731
f 3731 3745 3746
f 3745 3747 3746
f 3746 3747 3748
f 3747 3749 3748
f 3748 3749 3750
f 3751 3752 3748
f 3753 3752 3754
f 3752 3751 3754
f 3754 3751 3755
f 3756 3757 3758
f 3496 3498 3759
f 3760 3761 3762
f 3760 3762 3763
f 3764 3765 3766
f 3765 3767 3766
f 3750 3735 3748
f 3735 3734 3748
f 3748 3734 3751
f 3734 3768 3751
f 3751 3768 3755
f 3734 3722 3768
f 3722 3723 3768
f 3768 3723 3755
f 3723 3769 3755
f 3755 3769 3718
f 3769 3770 3718
f 3718 3770 3719
f 3722 3771 3772
f 3722 3772 3724
f 3772 3773 3724
f 3724 3773 3774
f 3775 3776 3734
f 3776 3777 3734
f 3734 3777 3722
f 3777 3778 3722
f 3722 3778 3771
f 3774 3779 3724
f 3779 3739 3724
f 3724 3739 3730
f 3739 3743 3730
f 3779 3780 3739
f 3780 3781 3739
f 3739 3781 3734
f 3781 3782 3734
f 3734 3782 3775
f 3783 3784 3785
f 3786 3787 3788
f 3787 3583 3788
f 3788 3583 3789
f 3583 3790 3789
f 3790 3583 3791
f 3583 3581 3791
f 3791 3581 3792
f 3783 3785 3793
f 3784 3794 3785
f 3794 3795 3785
f 3785 3795 3581
f 3795 3796 3581
f 3581 3796 3792
f 3580 3579 3581
f 3579 3578 3581
f 3581 3578 3785
f 3578 3797 3785
f 3785 3797 3645
f 3798 3799 3800
f 3801 3797 3802
f 3797 3578 3802
f 3802 3578 3803
f 3578 3804 3803
f 3800 3799 3576
f 3799 3805 3576
f 3805 3806 3576
f 3576 3806 3578
f 3806 3807 3578
f 3578 3807 3804
f 3801 3808 3797
f 3808 3809 3797
f 3797 3809 3800
f 3809 3810 3800
f 3800 3810 3798
f 3573 3572 3574
f 3572 3571 3574
f 3574 3571 3576
f 3571 3811 3576
f 3576 3811 3800
f 3811 3812 3800
f 3567 3753 3569
f 3753 3754 3569
f 3569 3754 3571
f 3754 3755 3571
f 3571 3755 3811
f 3755 3718 3811
f 3811 3718 3812
f 3718 3716 3812
f 3813 3814 3645
f 3815 3816 3785
f 3816 3787 3785
f 3785 3787 3793
f 3787 3786 3793
f 3645 3814 3785
f 3814 3817 3785
f 3785 3817 3815
f 3818 3819 3648
f 3819 3820 3648
f 3648 3820 3645
f 3820 3821 3645
f 3645 3821 3813
f 3816 3822 3787
f 3822 3823 3787
f 3787 3823 3648
f 3823 3824 3648
f 3648 3824 3818
f 3663 3825 3826
f 3827 3828 3661
f 3826 3829 3663
f 3829 3830 3663
f 3663 3830 3661
f 3830 3831 3661
f 3661 3831 3827
f 3832 3833 3797
f 3833 3834 3797
f 3832 3797 3835
f 3797 3800 3835
f 3835 3800 3836
f 3834 3825 3797
f 3825 3663 3797
f 3797 3663 3645
f 3663 3662 3645
f 3645 3662 3643
f 3499 3714 3500
f 3714 3837 3500
f 3500 3837 3716
f 3837 3838 3716
f 3716 3838 3812
f 3838 3661 3812
f 3812 3661 3800
f 3661 3828 3800
f 3800 3828 3836
f 3659 3661 3657
f 3661 3838 3657
f 3657 3838 3513
f 3838 3837 3513
f 3513 3837 3508
f 3837 3714 3508
f 3508 3714 3519
f 3714 3712 3519
f 3519 3712 3517
f 3600 3588 3598
f 3588 3585 3598
f 3598 3585 3839
f 3585 3583 3839
f 3839 3583 3840
f 3583 3787 3840
f 3840 3787 3841
f 3787 3648 3841
f 3841 3648 3842
f 3648 3635 3842
f 3842 3635 3843
f 3635 3601 3843
f 3843 3601 3844
f 3601 3606 3844
f 3844 3606 3757
f 3686 3525 3691
f 3525 3523 3691
f 3691 3523 3845
f 3523 3529 3845
f 3845 3529 3846
f 3767 3847 3766
f 3847 3848 3766
f 3766 3848 3849
f 3848 3850 3849
f 3849 3850 3851
f 3850 3852 3851
f 3851 3852 3853
f 3852 3854 3853
f 3853 3854 3855
f 3854 3856 3855
f 3855 3856 3857
f 3856 3858 3857
f 3859 3860 3861
f 3862 3863 3864
f 3860 3865 3697
f 3865 3866 3697
f 3866 3867 3697
f 3697 3867 3624
f 3867 3868 3624
f 3624 3868 3869
f 3757 3606 3758
f 3606 3624 3758
f 3758 3624 3862
f 3624 3869 3862
f 3862 3869 3863
f 3864 3870 3862
f 3870 3871 3862
f 3862 3871 3861
f 3871 3872 3861
f 3861 3872 3859
f 3860 3697 3861
f 3697 3684 3861
f 3861 3684 3873
f 3684 3691 3873
f 3873 3691 3874
f 3691 3845 3874
f 3874 3845 3875
f 3846 3876 3845
f 3876 3877 3845
f 3845 3877 3878
f 3878 3879 3845
f 3879 3880 3845
f 3845 3880 3875
f 3880 3881 3875
f 3882 3883 3884
f 3883 3875 3884
f 3884 3875 3885
f 3875 3881 3885
f 3882 3886 3883
f 3886 3887 3883
f 3883 3887 3846
f 3887 3888 3846
f 3846 3888 3876
f 3531 3514 3529
f 3514 3516 3529
f 3529 3516 3846
f 3516 3889 3846
f 3846 3889 3883
f 3889 3762 3883
f 3711 3764 3712
f 3764 3766 3712
f 3712 3766 3517
f 3766 3849 3517
f 3517 3849 3516
f 3849 3851 3516
f 3516 3851 3889
f 3851 3853 3889
f 3889 3853 3762
f 3853 3855 3762
f 3762 3855 3763
f 3855 3857 3763
f 3761 3890 3762
f 3890 3891 3762
f 3762 3891 3883
f 3891 3892 3883
f 3883 3892 3875
f 3892 3893 3875
f 3875 3893 3874
f 3893 3894 3874
f 3874 3894 3873
f 3894 3895 3873
f 3873 3895 3861
f 3895 3896 3861
f 3861 3896 3862
f 3896 3759 3862
f 3862 3759 3758
f 3759 3498 3758
f 3758 3498 3756
f 2716 2715 3897
f 2715 3898 3897
f 3897 3898 3899
f 3898 3900 3899
f 3901 3902 3903
f 3902 3904 3903
f 3905 3906 3907
f 3906 3908 3907
f 3907 3908 3909
f 3908 3910 3909
f 3909 3910 3911
f 3910 3912 3911
f 3913 3914 3915
f 3914 3916 3915
f 3915 3916 3917
f 3916 3918 3917
f 3917 3918 3919
f 3918 3920 3919
f 3919 3920 3921
f 3920 3922 3921
f 3921 3922 3923
f 3922 3924 3923
f 3923 3924 3925
f 3924 3926 3925
f 3925 3926 3927
f 3926 3928 3927
f 3927 3928 3929
f 3928 3930 3929
f 3929 3930 3931
f 3930 3932 3931
f 3931 3932 3933
f 3932 3934 3933
f 3933 3934 3935
f 3934 3936 3935
f 3935 3936 3913
f 3936 3914 3913
f 3937 3938 3939
f 3938 3940 3939
f 3939 3940 3941
f 3940 3942 3941
f 3943 3944 3945
f 3944 3946 3945
f 3947 3948 3949
f 3948 3950 3949
f 3949 3950 3951
f 3950 3952 3951
f 3951 3952 3953
f 3952 3954 3953
f 3953 3954 3955
f 3954 3956 3955
f 3955 3956 3957
f 3956 3958 3957
f 3957 3958 3959
f 3958 3960 3959
f 3959 3960 3961
f 3960 3962 3961
f 3961 3962 3963
f 3962 3964 3963
f 3963 3964 2753
f 3964 2754 2753
f 3965 3966 3967
f 3966 3968 3967
f 2776 2775 3969
f 2775 3970 3969
f 3969 3970 3971
f 3970 3972 3971
f 3973 3974 3975
f 3973 3975 3976
f 3975 3977 3976
f 3976 3977 3978
f 2748 2747 3979
f 2747 3980 3979
f 3979 3980 3981
f 3980 3982 3981
f 3981 3982 3983
f 3982 3984 3983
f 3983 3984 3985
f 3984 3986 3985
f 3985 3986 3987
f 3986 3988 3987
f 3987 3988 3989
f 3988 3990 3989
f 3989 3990 3991
f 3990 3992 3991
f 3991 3992 3993
f 3992 3994 3993
f 3993 3994 2693
f 3994 2694 2693
f 3995 3996 3997
f 3996 3998 3997
f 2781 3999 2782
f 3999 4000 2782
f 3486 3488 4001
f 3488 4002 4001
f 4001 4002 4003
f 4002 4004 4003
f 4005 4006 4007
f 4006 4008 4007
f 4007 4008 4009
f 4008 4010 4009
f 4009 4010 4011
f 4010 4012 4011
f 4011 4012 4013
f 4012 4014 4013
f 4013 4014 4015
f 4014 4016 4015
f 4015 4016 4017
f 4016 4018 4017
f 4017 4018 4019
f 4018 4020 4019
f 4019 4020 4021
f 4020 4022 4021
f 4021 4022 4023
f 4022 4024 4023
f 4023 4024 4025
f 4024 4026 4025
f 4025 4026 4027
f 4026 4028 4027
f 4027 4028 4005
f 4028 4006 4005
f 4029 3906 4030
f 3906 3905 4030
f 2842 2841 4031
f 2841 4032 4031
f 4031 4032 4033
f 4032 4034 4033
f 4035 4036 4037
f 4036 4038 4037
f 4037 4038 3487
f 4038 3489 3487
f 4039 4040 4041
f 4040 4042 4041
f 4041 4042 4043
f 4042 4044 4043
f 4043 4044 4045
f 4044 4046 4045
f 4045 4046 4047
f 4046 4048 4047
f 4047 4048 4049
f 4048 4050 4049
f 4049 4050 4051
f 4050 4052 4051
f 4051 4052 4053
f 4052 4054 4053
f 4053 4054 4055
f 4054 4056 4055
f 4055 4056 4057
f 4056 4058 4057
f 4057 4058 4059
f 4058 4060 4059
f 4059 4060 4061
f 4060 4062 4061
f 4061 4062 4039
f 4062 4040 4039
f 3912 4063 3911
f 4063 4064 3911
f 4065 4066 4067
f 4066 4068 4067
f 4069 4070 4071
f 4069 4071 4072
f 4071 3491 4072
f 4072 3491 3490
f 4073 4074 4075
f 4074 4076 4075
f 4075 4076 4077
f 4076 4078 4077
f 4077 4078 4079
f 4078 4080 4079
f 4079 4080 4081
f 4080 4082 4081
f 4081 4082 4083
f 4082 4084 4083
f 4083 4084 4085
f 4084 4086 4085
f 4085 4086 4087
f 4086 4088 4087
f 4087 4088 4089
f 4088 4090 4089
f 4089 4090 4091
f 4090 4092 4091
f 4091 4092 4093
f 4092 4094 4093
f 4093 4094 4095
f 4094 4096 4095
f 4095 4096 4073
f 4096 4074 4073
f 4097 4098 4099
f 4097 4099 4100
f 4099 4101 4100
f 4100 4101 4102
f 4101 3948 4102
f 4102 3948 3947
f 4103 4104 4105
f 4104 4106 4105
f 4105 4106 4107
f 4106 4108 4107
f 4107 4108 4109
f 4108 4110 4109
f 4109 4110 4111
f 4110 4112 4111
f 4111 4112 4113
f 4112 4114 4113
f 4113 4114 4115
f 4114 4116 4115
f 4115 4116 4117
f 4116 4118 4117
f 4117 4118 4119
f 4118 4120 4119
f 4119 4120 4121
f 4120 4122 4121
f 4123 4124 4125
f 4123 4125 4126
f 4125 4127 4126
f 4126 4127 4128
f 4127 3482 4128
f 4128 3482 3484
f 4129 4130 4131
f 4130 4132 4131
f 4131 4132 4133
f 4132 4134 4133
f 4133 4134 4135
f 4134 4136 4135
f 4135 4136 4137
f 4136 4138 4137
f 4137 4138 4139
f 4138 4140 4139
f 4139 4140 4141
f 4140 4142 4141
f 4141 4142 4143
f 4142 4144 4143
f 4143 4144 4145
f 4144 4146 4145
f 4145 4146 4147
f 4146 4148 4147
f 4147 4148 4149
f 4148 4150 4149
f 4149 4150 4151
f 4150 4152 4151
f 4151 4152 4129
f 4152 4130 4129
f 4153 4154 4155
f 4154 4156 4155
f 4155 4156 4157
f 4156 4158 4157
f 4157 4158 4159
f 4158 4160 4159
f 4159 4160 4161
f 4160 4162 4161
f 4161 4162 4163
f 4162 4164 4163
f 4163 4164 4165
f 4164 4166 4165
f 4165 4166 4167
f 4166 4168 4167
f 4167 4168 4169
f 4168 4170 4169
f 4169 4170 4171
f 4170 4172 4171
f 4171 4172 4173
f 4172 4174 4173
f 4173 4174 4175
f 4174 4176 4175
f 4175 4176 4153
f 4176 4154 4153
f 4177 4178 4179
f 4177 4179 4180
f 4179 4181 4180
f 4180 4181 4182
f 4181 4183 4182
f 4182 4183 4184
f 4185 4186 4187
f 4185 4187 4188
f 4187 4189 4188
f 4188 4189 4190
f 4189 4191 4190
f 4190 4191 4192
f 4193 4194 4195
f 4194 4196 4195
f 4195 4196 4197
f 4196 4198 4197
f 4197 4198 4199
f 4198 4200 4199
f 4201 4202 4203
f 4201 4203 4204
f 4203 4205 4204
f 4204 4205 4206
f 4205 4207 4206
f 4206 4207 4208
f 4207 4209 4208
f 4208 4209 4210
f 4211 4212 4213
f 4212 4214 4213
f 4213 4214 4215
f 4214 4216 4215
f 4215 4216 4209
f 4216 4210 4209
f 4217 4218 4219
f 4218 4220 4219
f 4221 4222 4223
f 4221 4223 4224
f 4223 4225 4224
f 4224 4225 4226
f 4225 4227 4226
f 4226 4227 4228
f 4229 4230 4231
f 4230 4232 4231
f 4231 4232 4233
f 4232 4234 4233
f 4233 4234 4235
f 4234 4236 4235
f 4237 4238 4239
f 4238 4240 4239
f 4239 4240 4241
f 4240 4242 4241
f 4241 4242 4243
f 4242 4244 4243
f 4243 4244 4245
f 4244 4246 4245
f 4247 4248 4249
f 4247 4249 4250
f 4249 4251 4250
f 4250 4251 4252
f 4251 4253 4252
f 4252 4253 4254
f 4255 4256 4257
f 4256 4258 4257
f 4257 4258 4259
f 4258 4260 4259
f 4259 4260 4261
f 4260 4262 4261
f 4261 4262 4263
f 4262 4264 4263
f 4263 4264 4265
f 4264 4266 4265
f 4265 4266 4267
f 4266 4268 4267
f 4267 4268 4269
f 4268 4270 4269
f 4269 4270 4271
f 4270 4272 4271
f 4271 4272 4273
f 4272 4274 4273
f 4273 4274 4275
f 4274 4276 4275
f 4275 4276 4277
f 4276 4278 4277
f 4277 4278 4255
f 4278 4256 4255
f 4279 4280 4281
f 4280 4282 4281
f 4281 4282 4283
f 4282 4284 4283
f 4283 4284 4285
f 4284 4286 4285
f 4285 4286 4287
f 4286 4288 4287
f 4287 4288 4289
f 4288 4290 4289
f 4289 4290 4291
f 4290 4292 4291
f 4291 4292 4293
f 4292 4294 4293
f 4293 4294 4295
f 4294 4296 4295
f 4295 4296 4297
f 4296 4298 4297
f 4297 4298 4299
f 4298 4300 4299
f 4299 4300 4301
f 4300 4302 4301
f 4301 4302 4279
f 4302 4280 4279
f 4303 4304 4305
f 4304 4306 4305
f 4305 4306 4307
f 4306 4308 4307
f 4307 4308 4309
f 4308 4310 4309
f 4309 4310 4311
f 4310 4312 4311
f 4311 4312 4313
f 4312 4314 4313
f 4315 4316 4317
f 4316 4318 4317
f 4319 4320 4321
f 4320 4322 4321
f 4321 4322 4323
f 4322 4324 4323
f 4323 4324 4325
f 4324 4326 4325
f 4212 4211 4327
f 4212 4327 4328
f 4327 4329 4328
f 4328 4329 4330
f 4329 4331 4330
f 4330 4331 4332
f 4333 4334 4335
f 4334 4336 4335
f 4335 4336 4337
f 4336 4338 4337
f 4337 4338 4339
f 4338 4340 4339
f 4339 4340 4341
f 4340 4342 4341
f 4341 4342 4343
f 4342 4344 4343
f 4343 4344 4345
f 4344 4346 4345
f 4345 4346 4347
f 4346 4348 4347
f 4347 4348 4349
f 4348 4350 4349
f 4349 4350 4351
f 4350 4352 4351
f 4351 4352 4353
f 4352 4354 4353
f 4353 4354 4355
f 4354 4356 4355
f 4355 4356 4333
f 4356 4334 4333
f 4357 4358 4359
f 4358 4360 4359
f 4359 4360 4361
f 4360 4362 4361
f 4363 4364 4365
f 4364 4366 4365
f 4367 4368 4369
f 4368 4370 4369
f 4369 4370 4371
f 4370 4372 4371
f 4371 4372 4373
f 4372 4374 4373
f 4373 4374 4375
f 4374 4376 4375
f 4375 4376 4377
f 4376 4378 4377
f 4379 4380 4381
f 4380 4382 4381
f 4381 4382 4383
f 4382 4384 4383
f 4383 4384 4385
f 4384 4386 4385
f 4385 4386 4387
f 4386 4388 4387
f 4389 4390 4391
f 4390 4392 4391
f 4391 4392 4393
f 4392 4394 4393
f 4393 4394 4395
f 4394 4396 4395
f 4395 4396 4397
f 4396 4398 4397
f 4397 4398 4399
f 4398 4400 4399
f 4399 4400 4401
f 4400 4402 4401
f 4401 4402 4403
f 4402 4404 4403
f 4403 4404 4405
f 4404 4406 4405
f 4405 4406 4407
f 4406 4408 4407
f 4407 4408 4409
f 4408 4410 4409
f 4409 4410 4411
f 4410 4412 4411
f 4411 4412 4389
f 4412 4390 4389
f 4413 4414 4415
f 4414 4416 4415
f 4415 4416 4417
f 4416 4418 4417
f 4199 4200 4419
f 4199 4419 4420
f 4419 4421 4420
f 4420 4421 4422
f 4421 4423 4422
f 4422 4423 4424
f 4425 4426 4427
f 4426 4428 4427
f 4427 4428 4429
f 4428 4430 4429
f 4429 4430 4431
f 4430 4432 4431
f 4431 4432 4433
f 4432 4434 4433
f 4433 4434 4435
f 4434 4436 4435
f 4435 4436 4437
f 4436 4438 4437
f 4437 4438 4439
f 4438 4440 4439
f 4439 4440 4441
f 4440 4442 4441
f 4441 4442 4443
f 4442 4444 4443
f 4445 4446 4447
f 4446 4448 4447
f 4447 4448 4449
f 4448 4450 4449
f 4449 4450 4451
f 4450 4452 4451
f 4451 4452 4453
f 4452 4454 4453
f 4455 4456 4457
f 4456 4458 4457
f 4457 4458 4459
f 4458 4460 4459
f 4459 4460 4461
f 4460 4462 4461
f 4461 4462 4463
f 4462 4464 4463
f 4463 4464 4465
f 4464 4466 4465
f 4465 4466 4467
f 4466 4468 4467
f 4467 4468 4469
f 4468 4470 4469
f 4469 4470 4471
f 4470 4472 4471
f 4471 4472 4473
f 4472 4474 4473
f 4473 4474 4475
f 4474 4476 4475
f 4475 4476 4477
f 4476 4478 4477
f 4477 4478 4455
f 4478 4456 4455
f 4479 4480 4481
f 4480 4482 4481
f 4481 4482 4483
f 4482 4484 4483
f 4483 4484 4485
f 4484 4486 4485
f 4487 4488 4489
f 4488 4490 4489
f 4491 4492 4493
f 4492 4494 4493
f 4493 4494 4495
f 4494 4496 4495
f 4495 4496 4497
f 4496 4498 4497
f 4497 4498 4499
f 4498 4500 4499
f 4499 4500 4501
f 4500 4502 4501
f 4501 4502 4503
f 4502 4504 4503
f 4503 4504 4505
f 4504 4506 4505
f 4505 4506 4507
f 4506 4508 4507
f 4507 4508 4509
f 4508 4510 4509
f 4424 4423 4511
f 4423 4512 4511
f 4511 4512 4513
f 4512 4514 4513
f 4513 4514 4515
f 4514 4516 4515
f 4517 4518 4519
f 4520 4521 4522
f 4523 4524 4525
f 4526 4527 4528
f 4529 4530 4531
f 4532 4533 4534
f 4535 4536 4537
f 4538 4539 4540
f 4541 4542 4543
f 4542 4541 4544
f 4545 4546 4547
f 4548 4549 4550
f 4551 4552 4553
f 4554 4555 4556
f 4554 4556 4518
f 4557 4558 4559
f 4558 4560 4559
f 4559 4560 4561
f 4560 4562 4561
f 4556 4563 4518
f 4563 4564 4518
f 4518 4564 4519
f 4564 4565 4519
f 4519 4565 4559
f 4565 4566 4559
f 4559 4566 4557
f 4562 4567 4561
f 4567 4568 4561
f 4561 4568 4569
f 4568 4570 4569
f 4569 4570 4571
f 4570 4572 4571
f 4571 4572 4554
f 4572 4573 4554
f 4554 4573 4555
f 4574 4575 4549
f 4576 4577 4578
f 4578 4577 4579
f 4577 4580 4579
f 4579 4580 4581
f 4582 4583 4584
f 4584 4585 4582
f 4585 4586 4582
f 4582 4586 4580
f 4586 4587 4580
f 4580 4587 4581
f 4588 4550 4589
f 4550 4549 4589
f 4589 4549 4590
f 4549 4575 4590
f 4591 4592 4593
f 4592 4550 4593
f 4588 4594 4550
f 4594 4595 4550
f 4550 4595 4593
f 4595 4596 4593
f 4593 4596 4583
f 4596 4597 4583
f 4583 4597 4584
f 4598 4599 4600
f 4525 4601 4602
f 4603 4525 4604
f 4525 4605 4604
f 4604 4605 4606
f 4607 4608 4609
f 4603 4610 4525
f 4610 4611 4525
f 4525 4611 4601
f 4611 4612 4601
f 4601 4612 4613
f 4606 4605 4614
f 4605 4615 4614
f 4614 4615 4616
f 4615 4617 4616
f 4616 4617 4618
f 4617 4619 4618
f 4618 4619 4620
f 4619 4621 4620
f 4620 4621 4608
f 4621 4622 4608
f 4608 4622 4609
f 4607 4623 4612
f 4623 4624 4612
f 4612 4624 4613
f 4625 4626 4627
f 4626 4628 4627
f 4627 4628 4629
f 4628 4630 4629
f 4551 4625 4631
f 4632 4633 4627
f 4633 4634 4627
f 4627 4634 4625
f 4634 4635 4625
f 4625 4635 4631
f 4631 4636 4551
f 4636 4637 4551
f 4551 4637 4552
f 4637 4638 4552
f 4552 4638 4639
f 4640 4641 4642
f 4641 4643 4642
f 4642 4643 4644
f 4643 4639 4644
f 4639 4643 4552
f 4643 4645 4552
f 4552 4645 4553
f 4645 4646 4553
f 4553 4646 4647
f 4648 4649 4650
f 4649 4651 4650
f 4652 4653 4654
f 4653 4655 4654
f 4654 4655 4656
f 4655 4657 4656
f 4656 4657 4658
f 4657 4659 4658
f 4658 4659 4651
f 4659 4660 4651
f 4651 4660 4650
f 4661 4662 4663
f 4662 4664 4663
f 4531 4530 4665
f 4661 4665 4666
f 4665 4530 4666
f 4666 4530 4667
f 4530 4529 4667
f 4667 4529 4668
f 4529 4669 4668
f 4668 4669 4670
f 4578 4574 4576
f 4574 4549 4576
f 4576 4549 4670
f 4549 4548 4670
f 4546 4671 4672
f 4671 4673 4672
f 4672 4673 4674
f 4675 4676 4677
f 4676 4678 4677
f 4677 4678 4547
f 4678 4679 4547
f 4547 4679 4545
f 4680 4681 4682
f 4681 4683 4682
f 4675 4677 4684
f 4677 4685 4684
f 4684 4685 4683
f 4685 4686 4683
f 4683 4686 4682
f 4687 4688 4689
f 4688 4690 4689
f 4689 4690 4691
f 4690 4692 4691
f 4691 4692 4693
f 4692 4694 4693
f 4693 4694 4695
f 4694 4696 4695
f 4695 4696 4697
f 4696 4698 4697
f 4697 4698 4699
f 4698 4700 4699
f 4699 4700 4701
f 4700 4702 4701
f 4701 4702 4703
f 4702 4704 4703
f 4703 4704 4705
f 4704 4706 4705
f 4705 4706 4707
f 4706 4708 4707
f 4707 4708 4709
f 4708 4710 4709
f 4709 4710 4711
f 4710 4712 4711
f 4711 4712 4713
f 4712 4714 4713
f 4713 4714 4680
f 4714 4715 4680
f 4680 4715 4681
f 4599 4716 4600
f 4716 4717 4600
f 4600 4717 4543
f 4717 4718 4543
f 4543 4718 4541
f 4719 4720 4721
f 4722 4723 4554
f 4722 4554 4724
f 4554 4518 4724
f 4724 4518 4725
f 4518 4517 4725
f 4725 4517 4726
f 4517 4727 4726
f 4727 4728 4726
f 4726 4728 4729
f 4728 4730 4729
f 4729 4730 4731
f 4730 4732 4731
f 4731 4732 4733
f 4732 4734 4733
f 4733 4734 4735
f 4734 4736 4735
f 4737 4738 4739
f 4740 4741 4742
f 4738 4743 4739
f 4743 4744 4739
f 4739 4744 4745
f 4744 4746 4745
f 4745 4746 4747
f 4741 4748 4742
f 4748 4749 4742
f 4742 4749 4750
f 4749 4751 4750
f 4750 4751 4752
f 4753 4754 4755
f 4754 4756 4755
f 4757 4758 4759
f 4758 4760 4759
f 4761 4762 4763
f 4762 4759 4763
f 4764 4765 4766
f 4765 4762 4766
f 4766 4762 4767
f 4762 4761 4767
f 4756 4768 4755
f 4768 4769 4755
f 4755 4769 4770
f 4760 4771 4759
f 4771 4772 4759
f 4759 4772 4763
f 4747 4740 4745
f 4740 4742 4745
f 4745 4742 4773
f 4742 4755 4773
f 4773 4755 4774
f 4755 4770 4774
f 4771 4775 4772
f 4775 4776 4772
f 4772 4776 4777
f 4776 4778 4777
f 4777 4778 4769
f 4778 4779 4769
f 4769 4779 4770
f 4780 4781 4782
f 4539 4783 4540
f 4783 4784 4540
f 4540 4784 4785
f 4784 4786 4785
f 4785 4786 4787
f 4720 4788 4721
f 4788 4789 4721
f 4721 4789 4790
f 4789 4791 4790
f 4790 4791 4792
f 4791 4538 4792
f 4538 4540 4792
f 4540 4793 4792
f 4792 4793 4790
f 4793 4794 4790
f 4794 4795 4790
f 4790 4795 4796
f 4795 4797 4796
f 4796 4797 4798
f 4799 4796 4800
f 4796 4798 4800
f 4800 4798 4801
f 4798 4802 4801
f 4803 4804 4540
f 4804 4805 4540
f 4540 4805 4793
f 4803 4540 4806
f 4540 4785 4806
f 4806 4785 4807
f 4785 4787 4807
f 4807 4787 4808
f 4787 4809 4808
f 4808 4809 4810
f 4809 4811 4810
f 4810 4811 4812
f 4537 4536 4813
f 4536 4814 4813
f 4813 4814 4815
f 4816 4817 4762
f 4817 4818 4762
f 4818 4819 4762
f 4819 4820 4762
f 4762 4820 4759
f 4820 4821 4759
f 4759 4821 4822
f 4823 4824 4825
f 4824 4826 4825
f 4825 4826 4822
f 4826 4827 4822
f 4828 4759 4829
f 4759 4822 4829
f 4829 4822 4830
f 4822 4827 4830
f 4828 4831 4759
f 4831 4832 4759
f 4759 4832 4757
f 4832 4815 4757
f 4757 4815 4782
f 4815 4814 4782
f 4782 4814 4780
f 4814 4536 4780
f 4780 4536 4812
f 4536 4535 4812
f 4812 4535 4810
f 4823 4833 4824
f 4833 4532 4824
f 4824 4532 4834
f 4532 4534 4834
f 4834 4534 4835
f 4534 4836 4835
f 4837 4838 4839
f 4838 4840 4839
f 4839 4840 4841
f 4842 4843 4844
f 4845 4846 4847
f 4846 4848 4847
f 4847 4848 4849
f 4848 4850 4849
f 4849 4850 4851
f 4852 4853 4854
f 4839 4855 4837
f 4855 4856 4837
f 4837 4856 4844
f 4856 4854 4844
f 4844 4854 4842
f 4854 4853 4842
f 4853 4857 4842
f 4857 4858 4842
f 4842 4858 4859
f 4858 4860 4859
f 4860 4861 4859
f 4859 4861 4862
f 4861 4863 4862
f 4862 4863 4864
f 4863 4865 4864
f 4864 4865 4866
f 4798 4867 4802
f 4867 4864 4802
f 4802 4864 4845
f 4864 4866 4845
f 4845 4866 4846
f 4868 4869 4870
f 4868 4870 4871
f 4872 4873 4677
f 4873 4874 4677
f 4677 4874 4685
f 4874 4875 4685
f 4685 4875 4686
f 4869 4876 4870
f 4876 4877 4870
f 4870 4877 4677
f 4877 4878 4677
f 4677 4878 4872
f 4879 4880 4881
f 4880 4882 4881
f 4883 4884 4885
f 4884 4886 4885
f 4887 4888 4889
f 4889 4890 4887
f 4890 4891 4887
f 4887 4891 4892
f 4891 4893 4892
f 4892 4893 4894
f 4893 4895 4894
f 4894 4895 4886
f 4895 4896 4886
f 4886 4896 4885
f 4897 4889 4898
f 4889 4888 4898
f 4898 4888 4899
f 4900 4901 4902
f 4903 4904 4905
f 4904 4906 4905
f 4905 4906 4907
f 4907 4908 4905
f 4908 4909 4905
f 4905 4909 4901
f 4909 4910 4901
f 4901 4910 4902
f 4543 4911 4912
f 4913 4914 4600
f 4914 4915 4600
f 4600 4915 4916
f 4915 4917 4916
f 4916 4917 4918
f 4917 4919 4918
f 4918 4919 4906
f 4919 4920 4906
f 4906 4920 4907
f 4543 4912 4600
f 4912 4921 4600
f 4600 4921 4922
f 4922 4923 4600
f 4923 4924 4600
f 4600 4924 4913
f 4924 4925 4913
f 4913 4925 4926
f 4925 4927 4926
f 4926 4927 4902
f 4927 4928 4902
f 4902 4928 4900
f 4911 4543 4929
f 4543 4542 4929
f 4929 4542 4687
f 4542 4544 4687
f 4687 4544 4688
f 4930 4931 4932
f 4723 4933 4554
f 4933 4719 4554
f 4554 4719 4571
f 4719 4721 4571
f 4571 4721 4569
f 4721 4930 4569
f 4569 4930 4934
f 4930 4932 4934
f 4934 4932 4935
f 4850 4852 4851
f 4852 4854 4851
f 4851 4854 4936
f 4854 4856 4936
f 4937 4938 4939
f 4938 4940 4939
f 4939 4940 4941
f 4942 4943 4944
f 4943 4945 4944
f 4944 4945 4946
f 4945 4937 4946
f 4946 4937 4947
f 4937 4939 4947
f 4836 4534 4841
f 4534 4939 4841
f 4841 4939 4839
f 4939 4941 4839
f 4839 4941 4948
f 4948 4949 4839
f 4949 4950 4839
f 4839 4950 4855
f 4950 4951 4855
f 4855 4951 4952
f 4951 4953 4952
f 4952 4953 4942
f 4953 4954 4942
f 4942 4954 4943
f 4546 4672 4547
f 4672 4955 4547
f 4547 4955 4956
f 4956 4957 4547
f 4957 4958 4547
f 4547 4958 4677
f 4958 4959 4677
f 4960 4961 4762
f 4962 4816 4963
f 4816 4762 4963
f 4963 4762 4964
f 4762 4961 4964
f 4965 4966 4967
f 4968 4955 4969
f 4955 4672 4969
f 4969 4672 4970
f 4672 4965 4970
f 4970 4965 4971
f 4965 4967 4971
f 4971 4967 4972
f 4973 4974 4965
f 4974 4975 4965
f 4965 4975 4966
f 4976 4977 4978
f 4670 4669 4576
f 4669 4976 4576
f 4576 4976 4577
f 4976 4978 4577
f 4577 4978 4580
f 4661 4663 4665
f 4663 4979 4665
f 4665 4979 4980
f 4981 4663 4652
f 4663 4664 4652
f 4652 4664 4653
f 4982 4983 4979
f 4984 4985 4652
f 4985 4986 4652
f 4652 4986 4981
f 4979 4983 4987
f 4983 4988 4987
f 4988 4989 4987
f 4987 4989 4990
f 4989 4991 4990
f 4981 4992 4663
f 4992 4993 4663
f 4663 4993 4979
f 4993 4994 4979
f 4979 4994 4982
f 4995 4996 4990
f 4996 4997 4990
f 4990 4997 4987
f 4527 4526 4998
f 4999 4649 4646
f 4649 4648 4646
f 4646 4648 4647
f 5000 5001 4641
f 4640 4632 4641
f 4632 4627 4641
f 4641 4627 5000
f 4627 4629 5000
f 5000 4629 5002
f 4629 4630 5002
f 5002 4630 4609
f 4630 5003 4609
f 4609 5003 4607
f 5003 5004 4607
f 4607 5004 4623
f 4525 4524 4605
f 4524 5005 4605
f 4605 5005 5006
f 4602 4598 4525
f 4598 4600 4525
f 4525 4600 4523
f 4600 4916 4523
f 4523 4916 5007
f 5008 5009 5010
f 5011 5012 5013
f 5014 5008 5015
f 5008 5010 5015
f 5015 5010 5016
f 5010 5017 5016
f 5018 5019 5020
f 5021 5022 5023
f 5022 5024 5023
f 5024 5025 5023
f 5023 5025 5013
f 5025 5026 5013
f 5013 5026 5027
f 5027 5028 5013
f 5028 5009 5013
f 5013 5009 5011
f 5009 5008 5011
f 5028 5029 5009
f 5029 5030 5009
f 5009 5030 5020
f 5030 5031 5020
f 5020 5031 5018
f 5032 5033 5034
f 5032 5034 5035
f 5036 5037 5038
f 5033 5039 5034
f 5039 5040 5034
f 5034 5040 5041
f 5040 5042 5041
f 5041 5042 5043
f 5043 5036 5041
f 5036 5038 5041
f 5041 5038 5044
f 5038 5045 5044
f 5044 5045 5023
f 5045 5020 5023
f 5023 5020 5021
f 5020 5019 5021
f 5037 5046 5038
f 5046 5047 5038
f 5038 5047 5048
f 5047 5049 5048
f 4765 5050 4762
f 5050 5051 4762
f 4762 5051 5052
f 5052 5053 4762
f 5053 4677 4762
f 4762 4677 4960
f 4677 4959 4960
f 5054 4520 4870
f 4520 4522 4870
f 4870 4522 5055
f 4522 5056 5055
f 5055 5056 5034
f 5056 5048 5034
f 5034 5048 5035
f 5048 5049 5035
f 5053 5057 4677
f 5057 5058 4677
f 4677 5058 4870
f 5058 5059 4870
f 4870 5059 5054
f 5060 4753 5061
f 4753 4755 5061
f 5061 4755 5062
f 4755 5063 5062
f 5064 5065 5066
f 5065 5067 5066
f 5066 5067 5068
f 4734 5069 5070
f 5068 5071 5066
f 5071 5072 5066
f 5066 5072 4732
f 5072 5073 4732
f 5073 5074 4732
f 5074 5075 4732
f 4732 5075 4734
f 5075 5076 4734
f 4734 5076 5069
f 5070 5064 4734
f 5064 5066 4734
f 4734 5066 4736
f 5066 5077 4736
f 4736 5077 5078
f 5077 5079 5078
f 5078 5079 4739
f 5079 4750 4739
f 4739 4750 4737
f 4750 4752 4737
f 4651 5080 5081
f 4998 5082 5083
f 5081 5084 4651
f 5084 5085 4651
f 4651 5085 4658
f 5085 5086 4658
f 4658 5086 5087
f 5088 5089 5090
f 5089 5091 5090
f 5090 5091 4998
f 5091 5092 4998
f 4998 5092 5082
f 4999 4528 4649
f 4528 4527 4649
f 4649 4527 4651
f 4527 4998 4651
f 4651 4998 5080
f 4998 5083 5080
f 5093 5094 5095
f 5096 5097 4894
f 5094 5098 5095
f 5098 5099 5095
f 5095 5099 5100
f 5099 5101 5100
f 5102 5093 4892
f 5093 5095 4892
f 4892 5095 4887
f 5095 5103 4887
f 4887 5103 4888
f 5103 4905 4888
f 4888 4905 4899
f 4905 4901 4899
f 5096 4894 5104
f 5097 5105 4894
f 5105 5106 4894
f 4894 5106 4892
f 5106 5107 4892
f 4892 5107 5102
f 4526 5108 4998
f 5108 5109 4998
f 4998 5109 5090
f 5109 5110 5090
f 5090 5110 5111
f 5110 5112 5111
f 5111 5112 4995
f 5112 5113 4995
f 4995 5113 4996
f 4884 5114 5115
f 5116 5117 4886
f 5117 5118 4886
f 4886 5118 4894
f 5118 5100 4894
f 4894 5100 5104
f 5100 5101 5104
f 4882 5119 5120
f 5115 5121 4884
f 5121 5122 4884
f 4884 5122 4886
f 5122 5123 4886
f 4886 5123 5116
f 5120 5114 4882
f 5114 4884 4882
f 4882 4884 4881
f 4884 4883 4881
f 4881 4883 5124
f 5117 5125 5118
f 5125 5126 5118
f 5118 5126 4882
f 5126 5127 4882
f 4882 5127 5119
f 5087 5088 4658
f 5088 5090 4658
f 4658 5090 4656
f 5090 5111 4656
f 4656 5111 4654
f 5111 4995 4654
f 4654 4995 4652
f 4995 4990 4652
f 4652 4990 4984
f 4990 4991 4984
f 5012 4903 5013
f 4903 4905 5013
f 5013 4905 5023
f 4905 5103 5023
f 5023 5103 5044
f 5103 5095 5044
f 5044 5095 5041
f 5095 5100 5041
f 5041 5100 5034
f 5100 5118 5034
f 5034 5118 5055
f 5118 4882 5055
f 5055 4882 4870
f 4882 4880 4870
f 4870 4880 4871
f 4880 4879 4871
f 4871 4879 5128
f 4674 4591 4672
f 4591 4593 4672
f 4672 4593 4965
f 4593 4583 4965
f 4965 4583 4973
f 4583 4582 4973
f 4973 4582 5129
f 4582 4580 5129
f 4254 4253 5130
f 4253 5131 5130
f 5130 5131 5132
f 5131 5133 5132
f 5132 5133 5134
f 5133 5135 5134
f 5136 5137 5138
f 5137 5139 5138
f 5138 5139 5140
f 5139 5141 5140
f 5140 5141 5142
f 5141 5143 5142
f 5144 5145 5146
f 5145 5147 5146
f 5146 5147 5148
f 5147 5149 5148
f 5148 5149 5150
f 5149 5151 5150
f 5150 5151 5152
f 5151 5153 5152
f 5152 5153 5154
f 5153 5155 5154
f 5154 5155 5156
f 5155 5157 5156
f 5156 5157 5158
f 5157 5159 5158
f 5158 5159 5160
f 5159 5161 5160
f 5160 5161 5162
f 5161 5163 5162
f 4192 4191 5164
f 4191 5165 5164
f 5164 5165 5166
f 5165 5167 5166
f 5166 5167 5168
f 5167 5169 5168
f 5170 5171 5172
f 5173 5174 5175
f 5176 5177 5178
f 5179 5180 5181
f 5182 5183 5184
f 5185 5186 5187
f 5181 5180 5188
f 5189 5188 5190
f 5191 5192 5193
f 5194 5195 5196
f 5197 5198 5199
f 5200 5201 5202
f 5203 5204 5205
f 5206 5207 5208
f 5209 5210 5211
f 5212 5213 5214
f 5215 5216 5217
f 5218 5219 5220
f 5221 5222 5223
f 5222 5224 5223
f 5223 5224 5225
f 5226 5210 5227
f 5210 5209 5227
f 5227 5209 5228
f 5209 5222 5228
f 5228 5222 5229
f 5222 5221 5229
f 5226 5230 5210
f 5230 5231 5210
f 5210 5231 5232
f 5231 5233 5232
f 5233 5234 5232
f 5234 5235 5232
f 5232 5235 5236
f 5235 5237 5236
f 5236 5237 5238
f 5237 5239 5238
f 5238 5239 5224
f 5239 5240 5224
f 5224 5240 5225
f 5241 5242 5243
f 5243 5244 5241
f 5244 5245 5241
f 5241 5245 5246
f 5247 5248 5249
f 5248 5250 5249
f 5249 5250 5246
f 5250 5251 5246
f 5251 5252 5246
f 5246 5252 5241
f 5252 5253 5241
f 5241 5253 5242
f 5217 5216 5254
f 5216 5255 5254
f 5254 5255 5256
f 5215 5257 5216
f 5257 5258 5216
f 5216 5258 5255
f 5259 5260 5261
f 5260 5262 5261
f 5261 5262 5263
f 5264 5265 5266
f 5187 5186 5267
f 5266 5268 5264
f 5268 5269 5264
f 5264 5269 5270
f 5270 5271 5186
f 5271 5272 5186
f 5273 5274 5275
f 5267 5186 5276
f 5186 5272 5276
f 5276 5272 5277
f 5278 5279 5273
f 5279 5280 5273
f 5273 5280 5274
f 5280 5281 5274
f 5274 5281 5282
f 5281 5283 5282
f 5282 5283 5272
f 5283 5284 5272
f 5272 5284 5277
f 5285 5286 5264
f 5287 5288 5289
f 5288 5290 5289
f 5290 5291 5289
f 5291 5292 5289
f 5289 5292 5293
f 5292 5294 5293
f 5295 5265 5296
f 5265 5264 5296
f 5296 5264 5297
f 5264 5286 5297
f 5298 5299 5300
f 5301 5302 5303
f 5302 5298 5303
f 5303 5298 5304
f 5298 5300 5304
f 5305 5306 5307
f 5306 5302 5307
f 5307 5302 5308
f 5302 5301 5308
f 5309 5310 5311
f 5310 5312 5311
f 5312 5313 5311
f 5311 5313 5299
f 5314 5315 5306
f 5316 5317 5318
f 5319 5320 5321
f 5320 5316 5321
f 5321 5316 5322
f 5316 5318 5322
f 5319 5323 5320
f 5323 5324 5320
f 5320 5324 5219
f 5325 5326 5327
f 5324 5328 5219
f 5328 5329 5219
f 5219 5329 5325
f 5329 5330 5325
f 5325 5330 5326
f 5331 5332 5325
f 5332 5333 5325
f 5325 5333 5219
f 5333 5334 5219
f 5219 5334 5220
f 5335 5336 5337
f 5336 5218 5337
f 5337 5218 5338
f 5218 5220 5338
f 5339 5340 5341
f 5340 5342 5341
f 5341 5342 5343
f 5344 5345 5346
f 5325 5341 5331
f 5341 5343 5331
f 5331 5343 5347
f 5343 5348 5347
f 5347 5348 5349
f 5348 5350 5349
f 5349 5350 5351
f 5350 5352 5351
f 5351 5352 5344
f 5352 5353 5344
f 5344 5353 5345
f 5354 5355 5344
f 5355 5356 5344
f 5344 5356 5357
f 5356 5358 5357
f 5357 5358 5359
f 5360 5361 5362
f 5361 5363 5362
f 5362 5363 5364
f 5363 5365 5364
f 5364 5365 5346
f 5365 5366 5346
f 5346 5366 5344
f 5366 5367 5344
f 5344 5367 5354
f 5368 5369 5370
f 5369 5368 5371
f 5368 5372 5371
f 5371 5372 5373
f 5374 5375 5376
f 5377 5378 5368
f 5376 5375 5379
f 5377 5368 5380
f 5380 5381 5376
f 5381 5382 5376
f 5376 5382 5374
f 5378 5383 5368
f 5383 5384 5368
f 5368 5384 5372
f 5384 5385 5372
f 5372 5385 5386
f 5385 5387 5386
f 5386 5387 5388
f 5387 5389 5388
f 5388 5389 5390
f 5389 5391 5390
f 5390 5391 5392
f 5391 5393 5392
f 5392 5393 5394
f 5393 5379 5394
f 5394 5379 5395
f 5379 5375 5395
f 5375 5396 5395
f 5395 5396 5397
f 5396 5398 5397
f 5398 5399 5397
f 5397 5399 5400
f 5401 5402 5400
f 5403 5404 5405
f 5404 5406 5405
f 5407 5408 5409
f 5409 5408 5410
f 5408 5411 5410
f 5410 5411 5412
f 5399 5413 5414
f 5400 5399 5401
f 5399 5414 5401
f 5401 5414 5415
f 5415 5416 5401
f 5416 5417 5401
f 5401 5417 5418
f 5417 5403 5418
f 5403 5405 5418
f 5418 5405 5419
f 5405 5420 5419
f 5421 5420 5422
f 5422 5420 5423
f 5420 5405 5423
f 5423 5405 5409
f 5405 5406 5409
f 5409 5406 5407
f 5424 5425 5426
f 5425 5427 5426
f 5426 5427 5428
f 5427 5429 5428
f 5428 5429 5430
f 5430 5431 5432
f 5431 5433 5432
f 5432 5433 5434
f 5434 5435 5436
f 5435 5437 5436
f 5436 5437 5438
f 5439 5440 5441
f 5440 5442 5441
f 5441 5442 5426
f 5442 5443 5426
f 5426 5443 5424
f 5430 5432 5428
f 5432 5444 5428
f 5428 5444 5445
f 5434 5436 5432
f 5436 5446 5432
f 5432 5446 5444
f 5243 5259 5244
f 5259 5261 5244
f 5244 5261 5447
f 5261 5448 5447
f 5449 5448 5450
f 5448 5261 5450
f 5450 5261 5215
f 5261 5263 5215
f 5215 5263 5257
f 5451 5452 5453
f 5452 5454 5453
f 5453 5454 5254
f 5454 5455 5254
f 5254 5455 5217
f 5453 5456 5457
f 5457 5458 5453
f 5458 5459 5453
f 5453 5459 5451
f 5214 5460 5212
f 5460 5461 5212
f 5212 5461 5462
f 5461 5463 5462
f 5464 5465 5264
f 5465 5466 5264
f 5264 5466 5467
f 5467 5468 5264
f 5468 5293 5264
f 5264 5293 5285
f 5293 5294 5285
f 5468 5469 5293
f 5469 5470 5293
f 5293 5470 5461
f 5470 5471 5461
f 5461 5471 5463
f 5472 5473 5186
f 5270 5186 5264
f 5186 5473 5264
f 5264 5473 5474
f 5475 5464 5476
f 5464 5264 5476
f 5476 5264 5477
f 5264 5474 5477
f 5478 5479 5480
f 5479 5481 5480
f 5480 5481 5482
f 5481 5472 5482
f 5483 5484 5186
f 5484 5485 5186
f 5186 5485 5472
f 5485 5486 5472
f 5472 5486 5482
f 5487 5488 5489
f 5487 5490 5491
f 5488 5487 5492
f 5487 5491 5492
f 5492 5491 5478
f 5491 5493 5478
f 5478 5493 5479
f 5489 5494 5487
f 5494 5495 5487
f 5487 5495 5496
f 5497 5498 5499
f 5498 5500 5499
f 5499 5500 5501
f 5500 5502 5501
f 5501 5502 5503
f 5502 5496 5503
f 5499 5504 5497
f 5504 5505 5497
f 5497 5505 5506
f 5505 5507 5506
f 5506 5507 5508
f 5495 5509 5510
f 5509 5495 5508
f 5495 5511 5508
f 5508 5511 5506
f 5510 5512 5495
f 5512 5513 5495
f 5495 5513 5496
f 5513 5514 5496
f 5496 5514 5503
f 5494 5515 5495
f 5515 5516 5495
f 5495 5516 5511
f 5516 5517 5511
f 5518 5519 5520
f 5519 5521 5520
f 5522 5523 5524
f 5522 5524 5525
f 5526 5527 5528
f 5528 5527 5529
f 5527 5530 5529
f 5530 5531 5529
f 5529 5531 5519
f 5531 5532 5519
f 5519 5532 5521
f 5532 5533 5521
f 5521 5533 5534
f 5533 5535 5534
f 5534 5535 5536
f 5535 5537 5536
f 5536 5537 5538
f 5537 5539 5538
f 5538 5539 5525
f 5526 5528 5523
f 5528 5540 5523
f 5523 5540 5524
f 5525 5524 5538
f 5524 5541 5538
f 5538 5541 5542
f 5543 5544 5545
f 5542 5541 5546
f 5541 5547 5546
f 5546 5547 5548
f 5543 5545 5549
f 5545 5550 5549
f 5549 5550 5547
f 5550 5551 5547
f 5547 5551 5548
f 5552 5553 5554
f 5553 5555 5554
f 5554 5555 5556
f 5557 5558 5559
f 5558 5560 5559
f 5559 5560 5561
f 5199 5198 5560
f 5198 5562 5560
f 5560 5562 5561
f 5563 5564 5565
f 5564 5566 5565
f 5565 5566 5567
f 5568 5569 5198
f 5569 5570 5198
f 5198 5570 5562
f 5570 5571 5562
f 5562 5571 5572
f 5572 5573 5562
f 5573 5574 5562
f 5562 5574 5565
f 5574 5575 5565
f 5565 5575 5563
f 5576 5577 5578
f 5577 5579 5578
f 5578 5579 5580
f 5579 5581 5580
f 5580 5581 5197
f 5581 5565 5197
f 5197 5565 5198
f 5565 5567 5198
f 5198 5567 5568
f 5582 5576 5583
f 5576 5208 5583
f 5583 5208 5584
f 5208 5207 5584
f 5278 5273 5208
f 5273 5585 5208
f 5208 5585 5206
f 5582 5586 5576
f 5586 5587 5576
f 5576 5587 5577
f 5587 5588 5577
f 5577 5588 5589
f 5589 5590 5577
f 5590 5591 5577
f 5577 5591 5585
f 5591 5592 5585
f 5585 5592 5206
f 5593 5273 5594
f 5273 5275 5594
f 5594 5275 5595
f 5596 5597 5598
f 5597 5273 5598
f 5598 5273 5599
f 5273 5593 5599
f 5600 5601 5602
f 5602 5601 5603
f 5601 5604 5603
f 5603 5604 5204
f 5604 5605 5204
f 5204 5605 5205
f 5606 5607 5293
f 5607 5608 5293
f 5293 5608 5609
f 5608 5610 5609
f 5609 5610 5611
f 5606 5293 5612
f 5293 5461 5612
f 5612 5461 5613
f 5614 5460 5615
f 5460 5249 5615
f 5615 5249 5616
f 5249 5246 5616
f 5614 5617 5460
f 5617 5618 5460
f 5460 5618 5461
f 5618 5619 5461
f 5461 5619 5613
f 5446 5620 5444
f 5620 5202 5444
f 5444 5202 5621
f 5202 5201 5621
f 5621 5201 5622
f 5201 5200 5622
f 5622 5200 5447
f 5200 5623 5447
f 5447 5623 5244
f 5623 5624 5244
f 5244 5624 5245
f 5625 5626 5627
f 5626 5628 5627
f 5627 5628 5436
f 5628 5629 5436
f 5436 5629 5446
f 5630 5631 5632
f 5631 5633 5632
f 5422 5634 5421
f 5634 5635 5421
f 5421 5635 5630
f 5635 5636 5630
f 5630 5636 5631
f 5396 5637 5398
f 5637 5638 5398
f 5398 5638 5399
f 5638 5410 5399
f 5399 5410 5413
f 5410 5412 5413
f 5639 5640 5344
f 5639 5344 5641
f 5642 5351 5370
f 5351 5344 5370
f 5370 5344 5368
f 5344 5640 5368
f 5368 5640 5643
f 5643 5644 5368
f 5644 5645 5368
f 5368 5645 5380
f 5645 5646 5380
f 5380 5646 5381
f 5172 5647 5648
f 5647 5172 5649
f 5172 5171 5649
f 5649 5171 5650
f 5650 5171 5651
f 5171 5652 5651
f 5651 5652 5653
f 5652 5654 5653
f 5653 5654 5655
f 5654 5656 5655
f 5655 5656 5657
f 5656 5658 5657
f 5657 5658 5659
f 5658 5660 5659
f 5660 5661 5659
f 5659 5661 5662
f 5661 5663 5662
f 5662 5663 5664
f 5663 5600 5664
f 5664 5600 5665
f 5600 5602 5665
f 5559 5666 5557
f 5666 5211 5557
f 5557 5211 5667
f 5211 5210 5667
f 5667 5210 5668
f 5210 5232 5668
f 5668 5232 5669
f 5670 5671 5236
f 5671 5672 5236
f 5236 5672 5232
f 5672 5673 5232
f 5232 5673 5669
f 5674 5670 5675
f 5670 5236 5675
f 5675 5236 5555
f 5236 5238 5555
f 5555 5238 5556
f 5544 5676 5545
f 5676 5677 5545
f 5545 5677 5675
f 5677 5678 5675
f 5675 5678 5674
f 5196 5195 5676
f 5195 5679 5676
f 5676 5679 5677
f 5192 5191 5196
f 5191 5680 5196
f 5196 5680 5194
f 5184 5681 5682
f 5683 5681 5684
f 5681 5184 5684
f 5684 5184 5185
f 5184 5183 5185
f 5185 5183 5186
f 5183 5685 5186
f 5186 5685 5483
f 5190 5188 5682
f 5188 5180 5682
f 5682 5180 5184
f 5180 5179 5184
f 5184 5179 5182
f 5190 5686 5189
f 5686 5193 5189
f 5189 5193 5687
f 5193 5192 5687
f 5687 5192 5688
f 5192 5196 5688
f 5688 5196 5689
f 5544 5690 5676
f 5690 5691 5676
f 5676 5691 5196
f 5691 5692 5196
f 5196 5692 5689
f 5693 5529 5694
f 5529 5519 5694
f 5694 5519 5517
f 5519 5518 5517
f 5517 5518 5511
f 5341 5695 5696
f 5362 5339 5360
f 5339 5341 5360
f 5360 5341 5697
f 5341 5696 5697
f 5698 5696 5699
f 5696 5695 5699
f 5699 5695 5700
f 5176 5178 5701
f 5173 5175 5702
f 5703 5704 5705
f 5704 5289 5705
f 5705 5289 5706
f 5289 5707 5706
f 5203 5205 5708
f 5205 5709 5708
f 5708 5709 5710
f 5709 5711 5710
f 5710 5711 5712
f 5711 5713 5712
f 5712 5713 5611
f 5713 5714 5611
f 5611 5714 5609
f 5714 5715 5609
f 5609 5715 5293
f 5715 5716 5293
f 5293 5716 5717
f 5717 5718 5293
f 5718 5719 5293
f 5293 5719 5289
f 5719 5720 5289
f 5289 5720 5707
f 5641 5344 5648
f 5344 5357 5648
f 5648 5357 5172
f 5357 5359 5172
f 5172 5359 5170
f 5256 5247 5254
f 5247 5249 5254
f 5254 5249 5453
f 5249 5460 5453
f 5453 5460 5456
f 5460 5214 5456
f 5721 5287 5722
f 5287 5289 5722
f 5722 5289 5175
f 5289 5704 5175
f 5175 5704 5702
f 5704 5703 5702
f 5702 5703 5723
f 5174 5724 5725
f 5725 5726 5174
f 5726 5727 5174
f 5174 5727 5175
f 5727 5728 5175
f 5175 5728 5729
f 5729 5730 5175
f 5730 5731 5175
f 5175 5731 5722
f 5731 5298 5722
f 5722 5298 5721
f 5298 5302 5721
f 5178 5732 5733
f 5730 5734 5731
f 5734 5735 5731
f 5731 5735 5178
f 5735 5736 5178
f 5178 5736 5732
f 5733 5724 5178
f 5724 5174 5178
f 5178 5174 5701
f 5174 5173 5701
f 5701 5173 5737
f 5177 5738 5178
f 5738 5739 5178
f 5178 5739 5731
f 5739 5740 5731
f 5731 5740 5298
f 5741 5625 5742
f 5625 5627 5742
f 5742 5627 5440
f 5627 5436 5440
f 5440 5436 5442
f 5436 5438 5442
f 5442 5438 5443
f 5305 5309 5306
f 5309 5311 5306
f 5306 5311 5314
f 5311 5743 5314
f 5744 5745 5739
f 5746 5744 5747
f 5744 5739 5747
f 5747 5739 5748
f 5739 5738 5748
f 5745 5749 5739
f 5749 5750 5739
f 5739 5750 5740
f 5750 5751 5740
f 5740 5751 5752
f 5743 5753 5754
f 5299 5298 5311
f 5298 5740 5311
f 5311 5740 5743
f 5740 5752 5743
f 5743 5752 5753
f 5754 5755 5743
f 5755 5756 5743
f 5743 5756 5747
f 5756 5757 5747
f 5747 5757 5746
f 5748 5758 5747
f 5758 5759 5747
f 5747 5759 5743
f 5759 5760 5743
f 5743 5760 5314
f 5760 5316 5314
f 5314 5316 5315
f 5316 5320 5315
f 5632 5761 5762
f 5763 5764 5630
f 5765 5761 5741
f 5761 5632 5741
f 5741 5632 5625
f 5632 5633 5625
f 5625 5633 5626
f 5762 5766 5632
f 5766 5767 5632
f 5632 5767 5630
f 5767 5768 5630
f 5630 5768 5763
f 5769 5770 5771
f 5770 5772 5771
f 5771 5772 5741
f 5772 5773 5741
f 5741 5773 5765
f 5439 5774 5440
f 5774 5775 5440
f 5440 5775 5742
f 5775 5776 5742
f 5742 5776 5741
f 5776 5777 5741
f 5741 5777 5771
f 5777 5778 5771
f 5771 5778 5779
f 5778 5780 5779
f 5779 5780 5781
f 5758 5700 5759
f 5700 5695 5759
f 5759 5695 5760
f 5695 5341 5760
f 5760 5341 5316
f 5341 5325 5316
f 5316 5325 5317
f 5325 5327 5317
f 5782 5420 5781
f 5420 5421 5781
f 5781 5421 5779
f 5421 5630 5779
f 5779 5630 5771
f 5630 5764 5771
f 5771 5764 5769
f 5783 5784 5785
f 5784 5786 5785
f 5785 5786 5787
f 5786 5788 5787
f 4445 4515 4446
f 4515 4516 4446
f 5789 5790 5791
f 5790 5792 5791
f 5791 5792 5793
f 5792 5794 5793
f 5793 5794 5795
f 5794 5796 5795
f 5795 5796 5797
f 5796 5798 5797
f 5797 5798 5799
f 5798 5800 5799
f 5799 5800 5801
f 5800 5802 5801
f 5801 5802 5803
f 5802 5804 5803
f 5803 5804 5805
f 5804 5806 5805
f 5805 5806 5807
f 5806 5808 5807
f 5809 5810 5811
f 5810 5812 5811
f 5811 5812 5813
f 5812 5814 5813
f 5813 5814 5815
f 5814 5816 5815
f 5815 5816 5817
f 5816 5818 5817
f 5819 5820 5821
f 5820 5822 5821
f 5821 5822 5823
f 5822 5824 5823
f 5823 5824 5825
f 5824 5826 5825
f 5825 5826 5827
f 5826 5828 5827
f 5827 5828 5829
f 5828 5830 5829
f 5829 5830 5831
f 5830 5832 5831
f 5831 5832 5833
f 5832 5834 5833
f 5833 5834 5835
f 5834 5836 5835
f 5835 5836 5837
f 5836 5838 5837
f 5837 5838 5839
f 5838 5840 5839
f 5839 5840 5841
f 5840 5842 5841
f 5841 5842 5819
f 5842 5820 5819
f 5843 5844 5845
f 5844 5846 5845
f 5845 5846 5847
f 5846 5848 5847
f 5847 5848 5849
f 5848 5850 5849
f 5851 5852 5853
f 5851 5853 5854
f 5853 5855 5854
f 5854 5855 5856
f 5855 4320 5856
f 5856 4320 4319
f 4332 4331 5857
f 4331 5858 5857
f 5857 5858 5859
f 5858 5860 5859
f 5859 5860 5861
f 5860 5862 5861
f 5863 5864 5865
f 5864 5866 5865
f 5865 5866 5867
f 5866 5868 5867
f 5867 5868 4177
f 5868 4178 4177
f 5869 5870 5871
f 5870 5872 5871
f 5871 5872 5873
f 4202 4201 5874
f 4201 5875 5874
f 5874 5875 5869
f 5875 5876 5869
f 5869 5876 5870
f 5877 5878 5879
f 5878 5880 5879
f 5879 5880 5881
f 5880 5882 5881
f 5881 5882 5883
f 5882 5884 5883
f 5883 5884 5885
f 5884 5886 5885
f 5885 5886 5887
f 5886 5888 5887
f 5887 5888 5889
f 5888 5890 5889
f 5889 5890 5891
f 5890 5892 5891
f 5891 5892 5893
f 5892 5894 5893
f 5893 5894 5895
f 5894 5896 5895
f 5895 5896 5897
f 5896 5898 5897
f 5897 5898 5899
f 5898 5900 5899
f 5899 5900 5877
f 5900 5878 5877
f 5901 5902 5903
f 5902 5904 5903
f 5905 5906 5907
f 5906 5908 5907
f 5909 5910 5911
f 5910 5912 5911
f 5911 5912 5913
f 5912 5914 5913
f 5913 5914 5915
f 5914 5916 5915
f 5915 5916 5917
f 5916 5918 5917
f 5919 5920 5921
f 5920 5922 5921
f 5921 5922 5923
f 5922 5924 5923
f 5923 5924 5925
f 5924 5926 5925
f 5925 5926 5927
f 5926 5928 5927
f 5927 5928 5929
f 5928 5930 5929
f 5929 5930 5931
f 5930 5932 5931
f 5931 5932 5933
f 5932 5934 5933
f 5933 5934 5935
f 5934 5936 5935
f 5935 5936 5937
f 5936 5938 5937
f 5937 5938 5939
f 5938 5940 5939
f 5939 5940 5941
f 5940 5942 5941
f 5941 5942 5943
f 5942 5944 5943
f 5943 5944 5919
f 5944 5920 5919
f 5945 5946 5947
f 5946 5948 5947
f 5947 5948 5949
f 5948 5950 5949
f 5949 5950 5951
f 5950 5952 5951
f 5951 5952 5953
f 5952 5954 5953
f 5953 5954 5955
f 5954 5956 5955
f 5955 5956 5957
f 5956 5958 5957
f 5957 5958 5959
f 5958 5960 5959
f 5959 5960 5961
f 5960 5962 5961
f 5961 5962 5963
f 5962 5964 5963
f 5963 5964 5965
f 5964 5966 5965
f 5965 5966 5967
f 5966 5968 5967
f 5967 5968 5945
f 5968 5946 5945
f 5969 5970 5971
f 5970 5972 5971
f 5971 5972 5973
f 5972 5974 5973
f 5973 5974 5975
f 5974 5976 5975
f 5977 5978 5979
f 5978 5980 5979
f 5979 5980 5981
f 5980 5982 5981
f 5981 5982 5983
f 5982 5984 5983
f 5983 5984 5985
f 5984 5986 5985
f 5985 5986 5987
f 5986 5988 5987
f 5987 5988 5989
f 5988 5990 5989
f 5989 5990 5991
f 5990 5992 5991
f 5991 5992 5993
f 5992 5994 5993
f 5993 5994 5995
f 5994 5996 5995
f 4228 4227 5997
f 4227 5998 5997
f 5997 5998 5999
f 5998 6000 5999
f 5999 6000 6001
f 6000 6002 6001
f 6003 6004 6005
f 6003 6005 6006
f 6005 6007 6006
f 6006 6007 6008
f 6007 6009 6008
f 6008 6009 6010
f 6011 6012 6013
f 6012 6014 6013
f 6013 6014 6015
f 6014 6016 6015
f 6015 6016 6017
f 6016 6018 6017
f 6017 6018 6019
f 6018 6020 6019
f 6019 6020 6021
f 6020 6022 6021
f 6021 6022 6023
f 6022 6024 6023
f 6023 6024 6025
f 6024 6026 6025
f 6025 6026 6027
f 6026 6028 6027
f 6027 6028 6029
f 6028 6030 6029
f 6029 6030 6031
f 6030 6032 6031
f 6031 6032 6033
f 6032 6034 6033
f 6033 6034 6011
f 6034 6012 6011
f 6035 6036 6037
f 6036 6038 6037
f 4237 4325 4238
f 4325 4326 4238
f 6039 6040 6041
f 6040 6042 6041
f 6041 6042 6043
f 6042 6044 6043
f 6043 6044 6045
f 6044 6046 6045
f 6047 6048 6049
f 6047 6049 6050
f 6049 6051 6050
f 6050 6051 6052
f 6051 6053 6052
f 6052 6053 6054
f 6053 5873 6054
f 6054 5873 5872
f 6004 6003 6055
f 6003 6056 6055
f 6055 6056 6057
f 6056 6058 6057
f 6057 6058 6059
f 6058 6060 6059
f 6059 6060 6061
f 6060 6062 6061
f 6061 6062 6063
f 6062 6064 6063
f 6065 6066 6067
f 6066 6068 6067
f 6067 6068 6069
f 6068 6070 6069
f 6069 6070 6071
f 6070 6072 6071
f 6071 6072 6073
f 6072 6074 6073
f 6073 6074 6075
f 6074 6076 6075
f 6075 6076 6077
f 6076 6078 6077
f 6077 6078 6079
f 6078 6080 6079
f 6079 6080 6081
f 6080 6082 6081
f 6081 6082 6083
f 6082 6084 6083
f 6083 6084 6085
f 6084 6086 6085
f 6085 6086 6087
f 6086 6088 6087
f 6087 6088 6065
f 6088 6066 6065
f 6089 6090 6091
f 6090 6092 6091
f 6091 6092 6093
f 6092 6094 6093
f 6093 6094 5909
f 6094 5910 5909
f 6045 6046 6095
f 6045 6095 6096
f 6095 6097 6096
f 6096 6097 6098
f 6097 6099 6098
f 6098 6099 6100
f 6101 6102 6103
f 6102 6104 6103
f 6103 6104 6105
f 6104 6106 6105
f 6105 6106 6107
f 6106 6108 6107
f 6107 6108 6109
f 6108 6110 6109
f 6111 6112 6113
f 6111 6113 6114
f 6113 6115 6114
f 6114 6115 6116
f 6115 6117 6116
f 6116 6117 6118
f 6119 6120 6121
f 6119 6121 6122
f 6121 6123 6122
f 6122 6123 6124
f 6123 6063 6124
f 6124 6063 6064
f 6125 6126 6127
f 6126 6128 6127
f 6127 6128 6129
f 6128 6130 6129
f 6129 6130 6131
f 6130 6132 6131
f 6131 6132 6133
f 6132 6134 6133
f 6133 6134 6135
f 6134 6136 6135
f 6135 6136 6137
f 6136 6138 6137
f 6137 6138 6139
f 6138 6140 6139
f 6139 6140 6141
f 6140 6142 6141
f 6141 6142 6143
f 6142 6144 6143
f 6143 6144 6145
f 6144 6146 6145
f 6145 6146 6147
f 6146 6148 6147
f 6147 6148 6125
f 6148 6126 6125
f 6090 6089 6149
f 6089 6150 6149
f 6149 6150 6151
f 6150 6152 6151
f 6151 6152 6153
f 6152 6154 6153
f 6153 6154 6155
f 6154 6156 6155
f 6155 6156 6157
f 6156 6158 6157
f 6159 6160 6161
f 6160 6162 6161
f 6163 6164 6165
f 6164 6166 6165
f 6165 6166 6167
f 6166 6168 6167
f 6167 6168 6169
f 6168 6170 6169
f 6169 6170 4229
f 6170 4230 4229
f 5844 5843 6171
f 5844 6171 6172
f 6171 6173 6172
f 6172 6173 6174
f 6173 6035 6174
f 6174 6035 6037
f 6175 6176 6177
f 6176 6178 6177
f 6177 6178 6119
f 6178 6120 6119
f 6179 6180 6181
f 6180 6182 6181
f 6181 6182 6183
f 6182 6184 6183
f 6183 6184 6185
f 6184 6186 6185
f 6185 6186 6187
f 6186 6188 6187
f 6187 6188 6189
f 6188 6190 6189
f 6189 6190 6191
f 6190 6192 6191
f 6191 6192 6193
f 6192 6194 6193
f 6193 6194 6195
f 6194 6196 6195
f 6195 6196 6197
f 6196 6198 6197
f 6197 6198 6199
f 6198 6200 6199
f 6199 6200 6201
f 6200 6202 6201
f 6201 6202 6179
f 6202 6180 6179
f 5817 5818 6203
f 5818 6204 6203
f 6203 6204 6205
f 6204 6206 6205
f 6205 6206 6158
f 6206 6157 6158
f 6207 6208 6209
f 6208 6210 6209
f 6209 6210 6211
f 6210 6212 6211
f 6211 6212 6101
f 6212 6102 6101
f 6213 6214 6215
f 6214 6216 6215
f 6215 6216 6217
f 6216 6218 6217
f 6217 6218 5851
f 6218 5852 5851
f 6219 6220 6221
f 6220 6222 6221
f 6221 6222 6223
f 6222 6224 6223
f 6225 6226 6227
f 6226 6228 6227
f 6227 6228 6229
f 6228 6230 6229
f 6229 6230 6231
f 6230 6232 6231
f 6112 6111 6233
f 6111 6234 6233
f 6233 6234 6235
f 6234 6236 6235
f 6235 6236 6237
f 6236 6238 6237
f 6237 6238 6239
f 6238 6240 6239
f 6239 6240 6241
f 6240 6242 6241
f 6241 6242 6243
f 6242 6244 6243
f 6243 6244 6245
f 6244 6246 6245
f 6245 6246 6247
f 6246 6248 6247
f 6249 6250 6251
f 6250 6252 6251
f 6208 6207 6253
f 6207 6254 6253
f 6253 6254 6255
f 6254 6256 6255
f 6255 6256 6257
f 6256 6258 6257
f 6257 6258 6259
f 6258 6260 6259
f 6259 6260 4236
f 6260 4235 4236
f 6261 6262 6263
f 6262 6264 6263
f 6263 6264 6265
f 6264 6266 6265
f 6265 6266 6267
f 6266 6268 6267
f 6267 6268 6269
f 6268 6270 6269
f 6271 6272 6273
f 6271 6273 6274
f 6273 6275 6274
f 6274 6275 6276
f 6275 4480 6276
f 6276 4480 4479
f 6277 6278 6279
f 6277 6279 6280
f 6279 6281 6280
f 6280 6281 6282
f 6281 6283 6282
f 6282 6283 6284
f 6283 6285 6284
f 6284 6285 6286
f 6285 6287 6286
f 6286 6287 6288
f 6287 6289 6288
f 6288 6289 6290
f 6289 6291 6290
f 6290 6291 6292
f 6291 6293 6292
f 6292 6293 6294
f 6293 6295 6294
f 6294 6295 6296
f 6295 6297 6296
f 6296 6297 6298
f 6299 6300 6301
f 6302 6303 6304
f 6303 6305 6304
f 6304 6305 6306
f 6306 6307 6308
f 6309 6310 6311
f 6310 6312 6311
f 6311 6312 6301
f 6312 6313 6301
f 6301 6313 6314
f 6315 6316 6317
f 6316 6318 6317
f 6317 6318 6319
f 6318 6320 6319
f 6319 6320 6321
f 6320 6322 6321
f 6321 6322 6323
f 6322 6324 6323
f 6323 6324 6325
f 6324 6326 6325
f 6325 6326 6309
f 6326 6327 6309
f 6309 6327 6310
f 6319 6328 6329
f 6299 6301 6330
f 6301 6314 6330
f 6330 6314 6331
f 6314 6332 6331
f 6331 6332 6333
f 6334 6335 6332
f 6335 6336 6332
f 6336 6337 6332
f 6332 6337 6333
f 6335 6338 6336
f 6338 6339 6336
f 6336 6339 6340
f 6339 6341 6340
f 6342 6343 6344
f 6343 6345 6344
f 6344 6345 6346
f 6346 6347 6348
f 6347 6349 6348
f 6348 6349 6332
f 6349 6350 6332
f 6332 6350 6334
f 6351 6352 6340
f 6341 6342 6340
f 6342 6344 6340
f 6340 6344 6351
f 6344 6353 6351
f 6351 6353 6354
f 6346 6348 6344
f 6348 6355 6344
f 6344 6355 6356
f 6357 6358 6359
f 6358 6360 6359
f 6360 6361 6359
f 6359 6361 6348
f 6361 6362 6348
f 6348 6362 6355
f 6353 6363 6364
f 6363 6365 6364
f 6364 6365 6366
f 6365 6357 6366
f 6356 6367 6344
f 6367 6368 6344
f 6344 6368 6353
f 6368 6369 6353
f 6353 6369 6363
f 6357 6359 6366
f 6359 6370 6366
f 6366 6370 6371
f 6372 6373 6374
f 6375 6376 6377
f 6372 6374 6378
f 6374 6379 6378
f 6378 6379 6380
f 6381 6382 6383
f 6382 6384 6383
f 6383 6384 6379
f 6384 6385 6379
f 6379 6385 6380
f 6377 6386 6375
f 6386 6387 6375
f 6375 6387 6381
f 6387 6388 6381
f 6381 6388 6382
f 6389 6390 6391
f 6392 6393 6394
f 6395 6396 6397
f 6396 6398 6397
f 6397 6398 6399
f 6398 6400 6399
f 6396 6401 6398
f 6401 6402 6398
f 6398 6402 6403
f 6402 6404 6403
f 6403 6404 6393
f 6404 6405 6393
f 6393 6405 6394
f 6390 6406 6391
f 6406 6407 6391
f 6391 6407 6397
f 6407 6408 6397
f 6397 6408 6395
f 6409 6410 6411
f 6410 6412 6411
f 6412 6413 6411
f 6411 6413 6391
f 6413 6414 6391
f 6391 6414 6415
f 6415 6416 6391
f 6416 6392 6391
f 6391 6392 6389
f 6392 6394 6389
f 6416 6417 6392
f 6417 6418 6392
f 6392 6418 6419
f 6418 6420 6419
f 6419 6420 6421
f 6420 6422 6421
f 6421 6422 6423
f 6423 6409 6421
f 6409 6411 6421
f 6421 6411 6424
f 6411 6425 6424
f 6319 6329 6317
f 6329 6426 6317
f 6317 6426 6411
f 6426 6427 6411
f 6411 6427 6425
f 6399 6379 6397
f 6379 6374 6397
f 6397 6374 6391
f 6374 6428 6391
f 6391 6428 6411
f 6428 6429 6411
f 6411 6429 6317
f 6429 6308 6317
f 6317 6308 6315
f 6308 6307 6315
f 6430 6431 6304
f 6432 6433 6429
f 6306 6308 6304
f 6308 6434 6304
f 6304 6434 6430
f 6433 6435 6429
f 6435 6436 6429
f 6429 6436 6308
f 6436 6437 6308
f 6308 6437 6434
f 6431 6438 6304
f 6438 6439 6304
f 6304 6439 6440
f 6439 6441 6440
f 6440 6441 6442
f 6373 6376 6374
f 6376 6375 6374
f 6374 6375 6428
f 6375 6443 6428
f 6428 6443 6429
f 6443 6440 6429
f 6429 6440 6432
f 6440 6442 6432
f 6381 6370 6375
f 6370 6359 6375
f 6375 6359 6443
f 6359 6348 6443
f 6443 6348 6440
f 6348 6332 6440
f 6440 6332 6304
f 6332 6314 6304
f 6304 6314 6302
f 6314 6313 6302
f 6444 6445 6446
f 6445 6447 6446
f 6446 6447 6448
f 6447 6449 6448
f 6448 6449 6450
f 6449 6451 6450
f 6450 6451 6452
f 6451 6453 6452
f 6452 6453 6454
f 6453 6455 6454
f 6454 6455 6456
f 6455 6457 6456
f 6456 6457 6458
f 6457 6459 6458
f 6458 6459 6460
f 6459 6461 6460
f 6460 6461 6462
f 6461 6463 6462
f 6462 6463 6464
f 6463 6465 6464
f 6464 6465 6466
f 6465 6467 6466
f 6466 6467 6444
f 6467 6445 6444
f 6468 6469 6470
f 6469 6471 6470
f 6470 6471 6472
f 6471 6473 6472
f 6472 6473 6474
f 6473 6475 6474
f 6474 6475 6476
f 6475 6477 6476
f 6476 6477 6478
f 6477 6479 6478
f 6478 6479 6480
f 6479 6481 6480
f 6480 6481 6482
f 6481 6483 6482
f 6482 6483 6484
f 6483 6485 6484
f 6484 6485 6486
f 6485 6487 6486
f 6486 6487 6488
f 6487 6489 6488
f 6488 6489 6490
f 6489 6491 6490
f 6490 6491 6468
f 6491 6469 6468
f 6492 6493 6494
f 6493 6495 6494
f 6494 6495 6496
f 6495 6497 6496
f 6496 6497 6498
f 6497 6499 6498
f 6498 6499 6500
f 6499 6501 6500
f 6500 6501 6502
f 6501 6503 6502
f 6502 6503 6504
f 6503 6505 6504
f 6504 6505 6506
f 6505 6507 6506
f 6506 6507 6508
f 6507 6509 6508
f 6508 6509 6510
f 6509 6511 6510
f 6510 6511 6512
f 6511 6513 6512
f 6512 6513 6514
f 6513 6515 6514
f 6514 6515 6492
f 6515 6493 6492
f 6516 6517 6518
f 6517 6519 6518
f 6518 6519 6520
f 6519 6521 6520
f 6520 6521 6522
f 6521 6523 6522
f 6522 6523 6524
f 6523 6525 6524
f 6524 6525 6526
f 6525 6527 6526
f 6526 6527 6528
f 6527 6529 6528
f 6528 6529 6530
f 6529 6531 6530
f 6530 6531 6532
f 6531 6533 6532
f 6532 6533 6534
f 6533 6535 6534
f 6534 6535 6536
f 6535 6537 6536
f 6536 6537 6538
f 6537 6539 6538
f 6538 6539 6516
f 6539 6517 6516
f 6540 6541 6542
f 6541 6543 6542
f 6542 6543 6544
f 6543 6545 6544
f 6544 6545 6546
f 6545 6547 6546
f 6546 6547 6548
f 6547 6549 6548
f 6548 6549 6550
f 6549 6551 6550
f 6550 6551 6552
f 6551 6553 6552
f 6552 6553 6554
f 6553 6555 6554
f 6554 6555 6556
f 6555 6557 6556
f 6556 6557 6558
f 6557 6559 6558
f 6558 6559 6560
f 6559 6561 6560
f 6560 6561 6562
f 6561 6563 6562
f 6562 6563 6540
f 6563 6541 6540
f 6564 6565 6566
f 6565 6567 6566
f 6566 6567 6568
f 6567 6569 6568
f 6568 6569 6570
f 6569 6571 6570
f 6570 6571 6572
f 6571 6573 6572
f 6572 6573 6574
f 6573 6575 6574
f 6574 6575 6576
f 6575 6577 6576
f 6576 6577 6578
f 6577 6579 6578
f 6578 6579 6580
f 6579 6581 6580
f 6580 6581 6582
f 6581 6583 6582
f 6582 6583 6584
f 6583 6585 6584
f 6584 6585 6586
f 6585 6587 6586
f 6586 6587 6564
f 6587 6565 6564
f 6588 6589 6590
f 6589 6591 6590
f 6590 6591 6592
f 6591 6593 6592
f 6592 6593 6594
f 6593 6595 6594
f 6594 6595 6596
f 6595 6597 6596
f 6596 6597 6598
f 6597 6599 6598
f 6598 6599 6600
f 6599 6601 6600
f 6600 6601 6602
f 6601 6603 6602
f 6602 6603 6604
f 6603 6605 6604
f 6604 6605 6606
f 6605 6607 6606
f 6606 6607 6608
f 6607 6609 6608
f 6608 6609 6610
f 6609 6611 6610
f 6610 6611 6588
f 6611 6589 6588
f 6298 6297 6612
f 6297 6613 6612
f 6612 6613 6614
f 6613 6615 6614
f 6616 6617 6618
f 6617 6619 6618
f 6618 6619 6277
f 6619 6278 6277
f 6617 6616 6620
f 6616 6621 6620
f 6620 6621 6622
f 6621 6623 6622
f 6624 6625 6626
f 6625 6627 6626
f 6626 6627 6628
f 6627 6629 6628
f 6630 6631 6632
f 6630 6632 6633
f 6632 6634 6633
f 6633 6634 6635
f 6634 6636 6635
f 6635 6636 6637
f 6636 6638 6637
f 6637 6638 6639
f 6638 6640 6639
f 6639 6640 6641
f 6640 6628 6641
f 6641 6628 6629
f 6642 6643 6644
f 6643 6645 6644
f 6644 6645 6646
f 6645 6647 6646
f 6646 6647 6648
f 6647 6649 6648
f 6650 6651 6652
f 6650 6652 6653
f 6652 6654 6653
f 6653 6654 6655
f 6654 6656 6655
f 6655 6656 6657
f 6656 6658 6657
f 6657 6658 6659
f 6658 6660 6659
f 6659 6660 6642
f 6660 6661 6642
f 6642 6661 6643
f 6662 6663 6664
f 6663 6665 6664
f 6665 6663 6666
f 6663 6667 6666
f 6666 6667 6668
f 6653 6669 6670
f 6671 6672 6673
f 6672 6674 6673
f 6673 6674 6648
f 6674 6675 6648
f 6648 6675 6646
f 6675 6676 6646
f 6646 6676 6677
f 6678 6679 6673
f 6671 6673 6680
f 6673 6679 6680
f 6680 6679 6681
f 6682 6683 6684
f 6683 6685 6684
f 6685 6686 6684
f 6686 6687 6684
f 6684 6687 6673
f 6687 6688 6673
f 6673 6688 6678
f 6681 6689 6680
f 6689 6690 6680
f 6680 6690 6691
f 6690 6692 6691
f 6691 6692 6682
f 6692 6693 6682
f 6682 6693 6683
f 6694 6695 6696
f 6695 6697 6696
f 6697 6698 6696
f 6698 6699 6696
f 6696 6699 6684
f 6699 6700 6684
f 6700 6701 6684
f 6701 6702 6684
f 6684 6702 6682
f 6702 6703 6682
f 6682 6703 6704
f 6703 6705 6704
f 6705 6706 6704
f 6704 6706 6707
f 6706 6708 6707
f 6707 6708 6694
f 6708 6709 6694
f 6694 6709 6695
f 6710 6711 6712
f 6713 6714 6715
f 6714 6716 6715
f 6715 6716 6717
f 6717 6718 6710
f 6711 6719 6720
f 6719 6721 6720
f 6720 6721 6722
f 6721 6723 6722
f 6722 6723 6724
f 6718 6725 6710
f 6725 6726 6710
f 6710 6726 6711
f 6726 6727 6711
f 6711 6727 6719
f 6728 6729 6722
f 6730 6731 6728
f 6731 6732 6728
f 6728 6732 6729
f 6732 6733 6729
f 6734 6735 6736
f 6737 6738 6739
f 6738 6740 6739
f 6739 6740 6741
f 6731 6742 6732
f 6742 6734 6732
f 6732 6734 6743
f 6734 6736 6743
f 6741 6744 6745
f 6744 6746 6745
f 6745 6746 6728
f 6746 6747 6728
f 6728 6747 6730
f 6748 6749 6736
f 6735 6737 6736
f 6737 6739 6736
f 6736 6739 6748
f 6739 6750 6748
f 6748 6750 6751
f 6752 6753 6754
f 6753 6750 6754
f 6755 6756 6757
f 6741 6745 6739
f 6745 6758 6739
f 6739 6758 6759
f 6759 6760 6739
f 6760 6761 6739
f 6739 6761 6750
f 6761 6762 6750
f 6750 6762 6754
f 6756 6763 6757
f 6763 6764 6757
f 6757 6764 6745
f 6764 6765 6745
f 6745 6765 6758
f 6752 6755 6753
f 6755 6757 6753
f 6753 6757 6766
f 6757 6767 6766
f 6653 6670 6650
f 6670 6768 6650
f 6650 6768 6757
f 6768 6769 6757
f 6757 6769 6767
f 6770 6771 6772
f 6773 6663 6774
f 6663 6775 6774
f 6774 6775 6776
f 6775 6777 6776
f 6778 6667 6779
f 6667 6663 6779
f 6779 6663 6780
f 6663 6773 6780
f 6778 6781 6667
f 6781 6782 6667
f 6667 6782 6770
f 6782 6783 6770
f 6770 6783 6771
f 6784 6694 6712
f 6694 6696 6712
f 6712 6696 6710
f 6696 6684 6710
f 6710 6684 6785
f 6684 6673 6785
f 6785 6673 6770
f 6673 6648 6770
f 6770 6648 6667
f 6648 6649 6667
f 6667 6649 6668
f 6717 6710 6715
f 6710 6785 6715
f 6715 6785 6786
f 6785 6770 6786
f 6786 6770 6775
f 6770 6772 6775
f 6775 6772 6777
f 6724 6713 6722
f 6713 6715 6722
f 6722 6715 6728
f 6715 6786 6728
f 6728 6786 6745
f 6786 6775 6745
f 6745 6775 6757
f 6775 6663 6757
f 6757 6663 6650
f 6663 6662 6650
f 6650 6662 6651
f 6787 6788 6789
f 6788 6790 6789
f 6789 6790 6791
f 6790 6792 6791
f 6793 6794 6795
f 6794 6796 6795
f 6795 6796 6797
f 6796 6798 6797
f 6797 6798 6799
f 6798 6800 6799
f 6799 6800 6801
f 6800 6802 6801
f 6801 6802 6803
f 6802 6804 6803
f 6803 6804 6805
f 6804 6806 6805
f 6805 6806 6807
f 6806 6808 6807
f 6809 6810 6811
f 6812 6813 6814
f 6815 6816 6817
f 6817 6816 6818
f 6819 6820 6821
f 6822 6823 6824
f 6825 6826 6827
f 6828 6829 6830
f 6831 6832 6833
f 6834 6835 6836
f 6837 6838 6839
f 6838 6840 6839
f 6839 6840 6841
f 6842 6843 6844
f 6843 6845 6844
f 6844 6845 6846
f 6845 6847 6846
f 6848 6849 6850
f 6848 6850 6843
f 6850 6851 6843
f 6843 6851 6845
f 6849 6848 6852
f 6848 6853 6852
f 6852 6853 6854
f 6853 6855 6854
f 6854 6855 6856
f 6855 6857 6856
f 6856 6857 6858
f 6858 6857 6859
f 6857 6860 6859
f 6859 6860 6861
f 6812 6862 6863
f 6864 6865 6812
f 6865 6866 6812
f 6812 6866 6862
f 6866 6867 6862
f 6867 6868 6862
f 6862 6868 6869
f 6868 6870 6869
f 6870 6871 6869
f 6869 6871 6872
f 6871 6873 6872
f 6872 6873 6874
f 6873 6875 6874
f 6876 6877 6878
f 6873 6879 6875
f 6879 6880 6875
f 6875 6880 6881
f 6880 6882 6881
f 6881 6882 6883
f 6882 6884 6883
f 6878 6877 6885
f 6886 6887 6878
f 6887 6888 6878
f 6878 6888 6876
f 6889 6890 6891
f 6890 6892 6891
f 6892 6893 6891
f 6891 6893 6883
f 6894 6895 6896
f 6897 6898 6895
f 6898 6899 6895
f 6895 6899 6896
f 6900 6901 6902
f 6902 6903 6900
f 6903 6904 6900
f 6900 6904 6905
f 6904 6906 6905
f 6905 6906 6907
f 6906 6908 6907
f 6907 6908 6909
f 6910 6911 6912
f 6911 6913 6912
f 6912 6913 6908
f 6913 6914 6908
f 6908 6914 6909
f 6915 6916 6917
f 6916 6918 6917
f 6917 6918 6919
f 6830 6829 6920
f 6829 6921 6920
f 6920 6921 6916
f 6921 6922 6916
f 6916 6922 6918
f 6923 6924 6925
f 6924 6926 6925
f 6925 6926 6927
f 6928 6929 6930
f 6929 6931 6930
f 6930 6931 6925
f 6931 6932 6925
f 6925 6932 6923
f 6933 6934 6928
f 6934 6935 6928
f 6928 6935 6929
f 6936 6937 6832
f 6937 6938 6832
f 6832 6938 6833
f 6863 6939 6812
f 6939 6940 6812
f 6812 6940 6813
f 6940 6941 6813
f 6813 6941 6831
f 6942 6943 6944
f 6943 6945 6944
f 6944 6945 6946
f 6945 6947 6946
f 6942 6948 6943
f 6948 6949 6943
f 6943 6949 6848
f 6949 6950 6848
f 6950 6951 6848
f 6951 6952 6848
f 6848 6952 6853
f 6952 6953 6853
f 6853 6953 6954
f 6947 6945 6955
f 6945 6891 6955
f 6955 6891 6956
f 6884 6886 6883
f 6886 6878 6883
f 6883 6878 6891
f 6878 6957 6891
f 6891 6957 6956
f 6958 6959 6960
f 6959 6961 6960
f 6962 6860 6963
f 6860 6964 6963
f 6962 6965 6860
f 6965 6838 6860
f 6860 6838 6861
f 6838 6837 6861
f 6966 6967 6968
f 6967 6838 6968
f 6968 6838 6969
f 6838 6965 6969
f 6966 6970 6967
f 6970 6971 6967
f 6967 6971 6972
f 6958 6973 6812
f 6973 6827 6812
f 6812 6827 6864
f 6827 6826 6864
f 6919 6974 6917
f 6974 6975 6917
f 6917 6975 6836
f 6975 6976 6836
f 6976 6977 6836
f 6836 6977 6821
f 6977 6978 6821
f 6978 6979 6821
f 6979 6980 6821
f 6821 6980 6830
f 6980 6981 6830
f 6830 6981 6828
f 6825 6827 6982
f 6827 6983 6982
f 6982 6983 6984
f 6877 6985 6885
f 6985 6986 6885
f 6885 6986 6983
f 6986 6987 6983
f 6983 6987 6984
f 6988 6989 6990
f 6989 6991 6990
f 6990 6991 6992
f 6991 6993 6992
f 6992 6993 6994
f 6993 6823 6994
f 6848 6995 6943
f 6995 6996 6943
f 6943 6996 6824
f 6996 6997 6824
f 6824 6997 6822
f 6842 6998 6843
f 6998 6999 6843
f 6843 6999 6848
f 6999 7000 6848
f 6848 7000 6995
f 6912 7001 7002
f 7002 7003 6912
f 7003 6830 6912
f 6912 6830 6910
f 6830 6920 6910
f 7003 7004 6830
f 7004 7005 6830
f 6830 7005 6821
f 7005 7006 6821
f 6821 7006 6819
f 7001 6912 7007
f 6912 6908 7007
f 7007 6908 7008
f 6840 7009 7010
f 7010 7011 6840
f 7011 7012 6840
f 6840 7012 6841
f 7012 6834 6841
f 6841 6834 7013
f 6834 6836 7013
f 7013 6836 7014
f 6836 6821 7014
f 7014 6821 6847
f 6821 6820 6847
f 6847 6820 6846
f 7009 6840 7015
f 6840 6838 7015
f 7015 6838 7016
f 6838 6967 7016
f 7016 6967 7017
f 7018 7019 7020
f 7019 7021 7020
f 7020 7021 7022
f 7021 7023 7022
f 7022 7023 7024
f 7023 7025 7024
f 7026 6925 6915
f 6925 6927 6915
f 6915 6927 6916
f 7027 6917 7028
f 6917 6836 7028
f 7028 6836 7029
f 6836 6835 7029
f 7027 7030 6917
f 7030 7031 6917
f 6917 7031 6915
f 7031 7032 6915
f 6915 7032 7026
f 6973 6964 6827
f 6964 6860 6827
f 6827 6860 6983
f 6860 6857 6983
f 6983 6857 6885
f 6857 6855 6885
f 6885 6855 6878
f 6855 6853 6878
f 6878 6853 6957
f 6853 6954 6957
f 6831 6833 6813
f 6833 7033 6813
f 6813 7033 6814
f 7034 7035 7036
f 7037 7038 7039
f 7038 7040 7039
f 6896 7041 6894
f 7041 7039 6894
f 6894 7039 7042
f 7039 7040 7042
f 7042 7040 7043
f 7043 7044 7042
f 7044 7045 7042
f 7042 7045 7036
f 7045 7046 7036
f 7036 7046 7034
f 7035 7047 7048
f 7047 7049 7048
f 7048 7049 7039
f 7049 7050 7039
f 7039 7050 7037
f 7051 7052 6814
f 7053 6810 7054
f 6810 6809 7054
f 7054 6809 7055
f 7056 7057 7033
f 7057 7058 7033
f 7033 7058 6814
f 7058 7059 6814
f 6814 7059 7051
f 6958 6812 6959
f 6812 6814 6959
f 6959 6814 6809
f 6814 7052 6809
f 6809 7052 7055
f 7053 7060 6810
f 7060 7061 6810
f 6810 7061 7033
f 7061 7062 7033
f 7033 7062 7056
f 6823 6993 6824
f 6993 7048 6824
f 6824 7048 6943
f 7048 7039 6943
f 6943 7039 6945
f 7039 7041 6945
f 6945 7041 6891
f 7041 6896 6891
f 6891 6896 6889
f 7018 6815 7019
f 6815 6817 7019
f 7019 6817 6967
f 6817 6818 6967
f 6967 6818 7017
f 7063 7064 7065
f 7066 7067 6993
f 7067 7068 6993
f 7035 7048 7036
f 7048 6993 7036
f 7036 6993 7069
f 6993 7068 7069
f 7069 7068 7070
f 7065 7064 6991
f 7070 7071 7069
f 7071 7072 7069
f 7069 7072 7065
f 7072 7073 7065
f 7065 7073 7063
f 7064 7074 6991
f 7074 7075 6991
f 6991 7075 6993
f 7075 7076 6993
f 6993 7076 7066
f 7077 7078 6811
f 7079 7080 7019
f 7081 7082 7083
f 7082 7021 7083
f 7078 7079 6811
f 7079 7019 6811
f 6811 7019 6809
f 7019 6967 6809
f 6809 6967 6959
f 6967 6972 6959
f 6959 6972 6961
f 7080 7084 7019
f 7084 7085 7019
f 7019 7085 7021
f 7085 7086 7021
f 7021 7086 7083
f 7081 7087 7082
f 7087 7088 7082
f 7082 7088 6811
f 7088 7089 6811
f 6811 7089 7077
f 6988 7008 6989
f 7008 6908 6989
f 6989 6908 6991
f 6908 6906 6991
f 6991 6906 7065
f 6906 6904 7065
f 7082 6928 7021
f 6928 6930 7021
f 7021 6930 7023
f 6930 6925 7023
f 7023 6925 7025
f 6925 7026 7025
f 6938 7090 6833
f 7090 7091 6833
f 6833 7091 7033
f 7091 7092 7033
f 7033 7092 6810
f 7092 7093 6810
f 6810 7093 6811
f 7093 7094 6811
f 6811 7094 7082
f 7094 7095 7082
f 7082 7095 6928
f 7095 7096 6928
f 6928 7096 6933
f 7097 7098 7099
f 7098 7100 7099
f 7099 7100 7101
f 7100 7102 7101
f 7101 7102 7103
f 7102 7104 7103
f 7103 7104 7105
f 7104 7106 7105
f 7105 7106 7107
f 7106 7108 7107
f 7107 7108 7109
f 7108 7110 7109
f 7111 7112 7113
f 7112 7114 7113
f 7113 7114 7115
f 7114 7116 7115
f 7115 7116 7117
f 7116 7118 7117
f 7117 7118 7119
f 7118 7120 7119
f 7119 7120 7121
f 7120 7122 7121
f 7121 7122 7123
f 7122 7124 7123
f 7123 7124 7125
f 7124 7126 7125
f 7125 7126 7127
f 7126 7128 7127
f 7127 7128 7129
f 7128 7130 7129
f 7129 7130 7131
f 7130 7132 7131
f 7131 7132 7133
f 7132 7134 7133
f 7133 7134 7111
f 7134 7112 7111
f 6807 6808 7135
f 6808 7136 7135
f 7135 7136 7097
f 7136 7098 7097
f 7137 7138 7139
f 7138 7140 7139
f 7139 7140 7141
f 7140 7142 7141
f 7109 7110 7143
f 7109 7143 7144
f 7143 6794 7144
f 7144 6794 6793
f 7145 7146 7147
f 7146 7148 7147
f 7147 7148 7149
f 7148 7150 7149
f 7151 7152 7153
f 7152 7154 7153
f 7153 7154 7155
f 7154 7156 7155
f 7155 7156 7157
f 7156 7158 7157
f 7157 7158 7159
f 7158 7160 7159
f 7159 7160 7161
f 7160 7162 7161
f 7161 7162 7163
f 7162 7164 7163
f 7163 7164 7165
f 7164 7166 7165
f 7167 7168 7169
f 7168 7170 7169
f 7169 7170 7171
f 7170 7172 7171
f 7173 7174 7175
f 7173 7175 7176
f 7175 7177 7176
f 7176 7177 7178
f 7179 7180 7181
f 7180 7182 7181
f 7181 7182 7183
f 7182 7184 7183
f 7183 7184 7185
f 7184 7186 7185
f 7185 7186 7187
f 7186 7188 7187
f 7187 7188 7189
f 7188 7190 7189
f 7189 7190 7191
f 7190 7192 7191
f 7191 7192 7193
f 7192 7194 7193
f 7193 7194 7195
f 7194 7196 7195
f 7195 7196 7197
f 7196 7198 7197
f 7197 7198 7199
f 7198 7200 7199
f 7199 7200 7201
f 7200 7202 7201
f 7201 7202 7179
f 7202 7180 7179
f 7203 7204 7205
f 7204 7206 7205
f 7205 7206 7207
f 7206 7208 7207
f 7207 7208 7209
f 7208 7210 7209
f 7209 7210 7211
f 7210 7212 7211
f 7211 7212 7213
f 7212 7214 7213
f 7213 7214 7215
f 7214 7216 7215
f 7215 7216 7217
f 7216 7218 7217
f 7219 7220 7221
f 7220 7222 7221
f 7221 7222 6792
f 7222 6791 6792
f 7223 7224 7225
f 7224 7226 7225
f 7225 7226 7227
f 7226 7228 7227
f 7227 7228 7229
f 7228 7230 7229
f 7229 7230 7231
f 7230 7232 7231
f 7231 7232 7233
f 7232 7234 7233
f 7233 7234 7235
f 7234 7236 7235
f 7235 7236 7237
f 7236 7238 7237
f 7237 7238 7239
f 7238 7240 7239
f 7239 7240 7241
f 7240 7242 7241
f 7241 7242 7243
f 7242 7244 7243
f 7243 7244 7245
f 7244 7246 7245
f 7245 7246 7223
f 7246 7224 7223
f 7247 7248 7249
f 7248 7250 7249
f 7249 7250 7203
f 7250 7204 7203
f 7251 7252 7253
f 7251 7253 7254
f 7253 7255 7254
f 7254 7255 7256
f 7255 6788 7256
f 7256 6788 6787
f 7257 7258 7259
f 7258 7260 7259
f 7259 7260 7261
f 7260 7262 7261
f 7261 7262 7263
f 7262 7264 7263
f 7263 7264 7265
f 7264 7266 7265
f 7265 7266 7267
f 7266 7268 7267
f 7267 7268 7269
f 7268 7270 7269
f 7269 7270 7271
f 7270 7272 7271
f 7271 7272 7273
f 7272 7274 7273
f 7273 7274 7275
f 7274 7276 7275
f 7275 7276 7277
f 7276 7278 7277
f 7277 7278 7279
f 7278 7280 7279
f 7279 7280 7257
f 7280 7258 7257
f 7281 7282 7283
f 7282 7284 7283
f 7283 7284 7285
f 7284 7286 7285
f 7285 7286 7287
f 7286 7288 7287
f 7287 7288 7289
f 7288 7290 7289
f 7289 7290 7291
f 7290 7292 7291
f 7291 7292 7293
f 7292 7294 7293
f 7293 7294 7295
f 7294 7296 7295
f 7295 7296 7297
f 7296 7298 7297
f 7297 7298 7299
f 7298 7300 7299
f 7299 7300 7301
f 7300 7302 7301
f 7301 7302 7303
f 7302 7304 7303
f 7303 7304 7281
f 7304 7282 7281
f 7305 7306 7307
f 7306 7308 7307
f 7307 7308 7137
f 7308 7138 7137
f 7309 7310 7311
f 7310 7312 7311
f 7311 7312 7313
f 7312 7314 7313
f 7313 7314 7315
f 7314 7316 7315
f 7315 7316 7317
f 7316 7318 7317
f 7317 7318 7319
f 7318 7320 7319
f 7319 7320 7321
f 7320 7322 7321
f 7220 7219 7323
f 7220 7323 7324
f 7323 7325 7324
f 7324 7325 7326
f 7325 7327 7326
f 7326 7327 7328
f 7329 7330 7331
f 7330 7332 7331
f 7331 7332 7333
f 7332 7334 7333
f 7333 7334 7335
f 7334 7336 7335
f 7335 7336 7337
f 7336 7338 7337
f 7337 7338 7339
f 7338 7340 7339
f 7339 7340 7341
f 7340 7342 7341
f 7341 7342 7343
f 7342 7344 7343
f 7345 7346 7347
f 7345 7347 7348
f 7347 7310 7348
f 7348 7310 7309
f 7349 7350 7351
f 7349 7351 7352
f 7351 7353 7352
f 7352 7353 7354
f 7353 7306 7354
f 7354 7306 7305
f 7355 7356 7357
f 7356 7358 7357
f 7357 7358 7359
f 7358 7360 7359
f 7361 7362 7363
f 7362 7364 7363
f 7363 7364 7365
f 7364 7366 7365
f 7365 7366 7367
f 7366 7368 7367
f 7367 7368 7369
f 7368 7370 7369
f 7369 7370 7371
f 7370 7372 7371
f 7371 7372 7345
f 7372 7346 7345
f 7373 7374 7375
f 7373 7375 7376
f 7375 7377 7376
f 7376 7377 7378
f 7377 7379 7378
f 7378 7379 7380
f 7171 7172 7381
f 7171 7381 7382
f 7381 7383 7382
f 7382 7383 7384
f 7383 7146 7384
f 7384 7146 7145
f 7321 7322 7385
f 7322 7386 7385
f 7385 7386 7361
f 7386 7362 7361
f 7387 7388 7389
f 7387 7389 7390
f 7389 7391 7390
f 7390 7391 7392
f 7391 7343 7392
f 7392 7343 7344
f 7393 7394 7395
f 7394 7396 7395
f 7395 7396 7397
f 7396 7398 7397
f 7399 7400 7401
f 7400 7402 7401
f 7401 7402 7403
f 7402 7404 7403
f 7403 7404 7405
f 7404 7406 7405
f 7405 7406 7407
f 7406 7408 7407
f 7407 7408 7409
f 7408 7410 7409
f 7409 7410 7411
f 7410 7412 7411
f 7411 7412 7413
f 7412 7414 7413
f 7413 7414 7415
f 7414 7416 7415
f 7415 7416 7417
f 7416 7418 7417
f 7417 7418 7419
f 7418 7420 7419
f 7419 7420 7421
f 7420 7422 7421
f 7421 7422 7399
f 7422 7400 7399
f 7328 7327 7423
f 7327 7424 7423
f 7423 7424 7425
f 7424 7426 7425
f 7425 7426 7427
f 7426 7428 7427
f 7427 7428 7429
f 7428 7430 7429
f 7429 7430 7431
f 7430 7432 7431
f 7431 7432 7433
f 7432 7434 7433
f 7433 7434 7373
f 7434 7374 7373
f 7435 7436 7437
f 7436 7438 7437
f 7437 7438 7439
f 7438 7440 7439
f 7439 7440 7441
f 7440 7442 7441
f 7441 7442 7443
f 7442 7444 7443
f 7443 7444 7445
f 7444 7446 7445
f 7445 7446 7447
f 7446 7448 7447
f 7447 7448 7449
f 7448 7450 7449
f 7449 7450 7451
f 7450 7452 7451
f 7451 7452 7453
f 7452 7454 7453
f 7453 7454 7455
f 7454 7456 7455
f 7455 7456 7457
f 7456 7458 7457
f 7457 7458 7435
f 7458 7436 7435
f 7459 7460 7461
f 7462 7463 7464
f 7465 7466 7467
f 7468 7469 7470
f 7469 7471 7470
f 7470 7471 7472
f 7471 7473 7472
f 7472 7473 7474
f 7473 7475 7474
f 7474 7475 7476
f 7476 7475 7477
f 7475 7478 7477
f 7477 7478 7479
f 7480 7481 7482
f 7483 7484 7480
f 7485 7486 7487
f 7486 7488 7487
f 7487 7488 7489
f 7490 7491 7492
f 7493 7494 7495
f 7494 7496 7495
f 7495 7496 7497
f 7498 7499 7500
f 7498 7500 7501
f 7500 7502 7501
f 7501 7502 7503
f 7502 7504 7503
f 7503 7504 7505
f 7506 7464 7507
f 7464 7463 7507
f 7507 7463 7508
f 7463 7505 7508
f 7509 7510 7511
f 7510 7512 7511
f 7511 7512 7513
f 7514 7515 7511
f 7515 7516 7511
f 7511 7516 7509
f 7517 7518 7519
f 7518 7520 7519
f 7519 7520 7521
f 7522 7523 7524
f 7525 7526 7523
f 7526 7527 7523
f 7523 7527 7524
f 7528 7529 7530
f 7529 7531 7530
f 7530 7531 7532
f 7533 7534 7535
f 7534 7536 7535
f 7535 7536 7528
f 7536 7537 7528
f 7537 7538 7528
f 7528 7538 7539
f 7539 7540 7528
f 7540 7541 7528
f 7528 7541 7529
f 7540 7542 7541
f 7542 7543 7541
f 7541 7543 7544
f 7543 7545 7544
f 7544 7545 7546
f 7545 7547 7546
f 7548 7549 7550
f 7549 7551 7550
f 7545 7552 7547
f 7552 7553 7547
f 7547 7553 7554
f 7553 7555 7554
f 7554 7555 7556
f 7555 7557 7556
f 7556 7557 7549
f 7557 7558 7549
f 7549 7558 7551
f 7559 7560 7561
f 7560 7550 7561
f 7561 7550 7562
f 7550 7551 7562
f 7563 7564 7550
f 7564 7565 7550
f 7550 7565 7548
f 7566 7567 7478
f 7568 7569 7570
f 7569 7571 7570
f 7570 7571 7572
f 7571 7573 7572
f 7567 7574 7478
f 7574 7482 7478
f 7478 7482 7479
f 7482 7481 7479
f 7574 7575 7482
f 7575 7576 7482
f 7482 7576 7570
f 7576 7577 7570
f 7570 7577 7568
f 7573 7578 7572
f 7578 7579 7572
f 7572 7579 7530
f 7579 7580 7530
f 7530 7580 7528
f 7580 7581 7528
f 7582 7471 7583
f 7471 7584 7583
f 7585 7586 7587
f 7586 7588 7587
f 7587 7588 7589
f 7588 7590 7589
f 7589 7590 7591
f 7592 7593 7469
f 7593 7594 7469
f 7469 7594 7471
f 7594 7595 7471
f 7471 7595 7584
f 7585 7587 7596
f 7587 7550 7596
f 7596 7550 7597
f 7598 7599 7504
f 7485 7600 7598
f 7599 7601 7504
f 7601 7602 7504
f 7504 7602 7505
f 7602 7603 7505
f 7505 7603 7508
f 7600 7485 7604
f 7485 7487 7604
f 7604 7487 7605
f 7506 7606 7464
f 7606 7607 7464
f 7464 7607 7487
f 7607 7608 7487
f 7487 7608 7605
f 7533 7535 7609
f 7535 7610 7609
f 7609 7610 7611
f 7559 7612 7560
f 7612 7613 7560
f 7560 7613 7610
f 7613 7614 7610
f 7610 7614 7611
f 7615 7487 7616
f 7487 7489 7616
f 7616 7489 7617
f 7489 7484 7617
f 7617 7484 7618
f 7484 7483 7618
f 7618 7483 7619
f 7483 7620 7619
f 7480 7482 7483
f 7482 7621 7483
f 7483 7621 7620
f 7460 7622 7461
f 7622 7623 7461
f 7461 7623 7570
f 7623 7624 7570
f 7570 7624 7482
f 7624 7625 7482
f 7482 7625 7621
f 7626 7627 7628
f 7627 7629 7628
f 7628 7629 7630
f 7512 7462 7513
f 7462 7464 7513
f 7513 7464 7631
f 7464 7632 7631
f 7633 7634 7635
f 7634 7511 7635
f 7635 7511 7636
f 7511 7513 7636
f 7636 7513 7637
f 7513 7631 7637
f 7615 7638 7487
f 7638 7639 7487
f 7487 7639 7464
f 7639 7640 7464
f 7464 7640 7632
f 7641 7502 7642
f 7502 7500 7642
f 7642 7500 7643
f 7500 7644 7643
f 7643 7644 7645
f 7644 7646 7645
f 7647 7648 7649
f 7648 7650 7649
f 7649 7650 7651
f 7468 7652 7469
f 7652 7492 7469
f 7469 7492 7653
f 7653 7654 7469
f 7654 7589 7469
f 7469 7589 7592
f 7589 7591 7592
f 7655 7656 7657
f 7656 7589 7657
f 7657 7589 7658
f 7589 7654 7658
f 7491 7659 7492
f 7659 7660 7492
f 7492 7660 7653
f 7652 7661 7492
f 7661 7662 7492
f 7492 7662 7490
f 7662 7486 7490
f 7490 7486 7663
f 7486 7485 7663
f 7663 7485 7664
f 7485 7665 7664
f 7598 7504 7485
f 7504 7666 7485
f 7485 7666 7665
f 7641 7667 7502
f 7667 7668 7502
f 7502 7668 7504
f 7668 7669 7504
f 7504 7669 7666
f 7520 7514 7521
f 7514 7511 7521
f 7521 7511 7629
f 7511 7634 7629
f 7629 7634 7630
f 7634 7633 7630
f 7499 7465 7500
f 7465 7467 7500
f 7500 7467 7644
f 7467 7651 7644
f 7644 7651 7646
f 7651 7650 7646
f 7670 7671 7627
f 7672 7673 7674
f 7675 7676 7629
f 7676 7677 7629
f 7629 7677 7521
f 7677 7678 7521
f 7521 7678 7519
f 7671 7679 7627
f 7679 7680 7627
f 7627 7680 7629
f 7680 7681 7629
f 7629 7681 7675
f 7676 7682 7677
f 7682 7683 7677
f 7677 7683 7674
f 7683 7684 7674
f 7674 7684 7672
f 7685 7686 7687
f 7688 7689 7690
f 7689 7651 7690
f 7690 7651 7495
f 7651 7467 7495
f 7495 7467 7493
f 7467 7466 7493
f 7691 7692 7649
f 7686 7693 7687
f 7693 7694 7687
f 7687 7694 7690
f 7694 7695 7690
f 7690 7695 7688
f 7689 7696 7651
f 7696 7697 7651
f 7651 7697 7649
f 7697 7698 7649
f 7649 7698 7691
f 7699 7700 7701
f 7702 7703 7704
f 7705 7706 7707
f 7673 7670 7674
f 7670 7627 7674
f 7674 7627 7704
f 7627 7708 7704
f 7704 7708 7702
f 7700 7709 7701
f 7709 7710 7701
f 7701 7710 7708
f 7710 7711 7708
f 7708 7711 7702
f 7703 7712 7704
f 7712 7713 7704
f 7704 7713 7707
f 7713 7714 7707
f 7707 7714 7705
f 7715 7716 7717
f 7718 7719 7720
f 7719 7721 7720
f 7720 7721 7687
f 7721 7649 7687
f 7687 7649 7685
f 7649 7692 7685
f 7722 7723 7724
f 7716 7725 7717
f 7725 7726 7717
f 7717 7726 7720
f 7726 7727 7720
f 7720 7727 7718
f 7719 7728 7721
f 7728 7729 7721
f 7721 7729 7724
f 7729 7730 7724
f 7724 7730 7722
f 7706 7699 7707
f 7699 7701 7707
f 7707 7701 7524
f 7701 7731 7524
f 7524 7731 7522
f 7731 7732 7522
f 7626 7459 7627
f 7459 7461 7627
f 7627 7461 7708
f 7461 7570 7708
f 7708 7570 7701
f 7570 7572 7701
f 7701 7572 7731
f 7572 7530 7731
f 7731 7530 7732
f 7530 7532 7732
f 7597 7550 7582
f 7550 7560 7582
f 7582 7560 7471
f 7560 7610 7471
f 7471 7610 7473
f 7610 7535 7473
f 7473 7535 7475
f 7535 7528 7475
f 7475 7528 7478
f 7528 7581 7478
f 7478 7581 7566
f 7655 7647 7656
f 7647 7649 7656
f 7656 7649 7589
f 7649 7721 7589
f 7589 7721 7587
f 7721 7724 7587
f 7587 7724 7550
f 7724 7733 7550
f 7550 7733 7563
f 7733 7734 7563
f 7723 7715 7724
f 7715 7717 7724
f 7724 7717 7733
f 7717 7735 7733
f 7733 7735 7734
f 7735 7736 7734
f 7497 7737 7495
f 7737 7738 7495
f 7495 7738 7690
f 7738 7739 7690
f 7690 7739 7687
f 7739 7740 7687
f 7687 7740 7720
f 7740 7741 7720
f 7720 7741 7717
f 7741 7742 7717
f 7717 7742 7735
f 7742 7743 7735
f 7735 7743 7736
f 7743 7744 7736
f 7736 7744 7745
f 7744 7746 7745
f 7747 7748 7749
f 7748 7750 7749
f 7749 7750 7751
f 7750 7752 7751
f 7751 7752 7753
f 7752 7754 7753
f 7753 7754 7755
f 7754 7756 7755
f 7755 7756 7757
f 7756 7758 7757
f 7757 7758 7759
f 7758 7760 7759
f 7759 7760 7761
f 7760 7762 7761
f 7761 7762 7763
f 7762 7764 7763
f 7763 7764 7765
f 7764 7766 7765
f 7765 7766 7767
f 7766 7768 7767
f 7767 7768 7769
f 7768 7770 7769
f 7769 7770 7747
f 7770 7748 7747
f 7771 7772 7773
f 7772 7774 7773
f 7773 7774 7775
f 7774 7776 7775
f 7775 7776 7777
f 7776 7778 7777
f 7777 7778 7779
f 7778 7780 7779
f 7779 7780 7781
f 7780 7782 7781
f 7781 7782 7783
f 7782 7784 7783
f 7783 7784 7785
f 7784 7786 7785
f 7785 7786 7787
f 7786 7788 7787
f 7787 7788 7789
f 7788 7790 7789
f 7789 7790 7791
f 7790 7792 7791
f 7791 7792 7793
f 7792 7794 7793
f 7793 7794 7771
f 7794 7772 7771
f 7795 7796 7797
f 7796 7798 7797
f 7797 7798 7799
f 7798 7800 7799
f 7799 7800 7801
f 7800 7802 7801
f 7801 7802 7803
f 7802 7804 7803
f 7803 7804 7805
f 7804 7806 7805
f 7805 7806 7807
f 7806 7808 7807
f 7807 7808 7809
f 7808 7810 7809
f 7809 7810 7811
f 7810 7812 7811
f 7811 7812 7813
f 7812 7814 7813
f 7813 7814 7815
f 7814 7816 7815
f 7815 7816 7817
f 7816 7818 7817
f 7817 7818 7795
f 7818 7796 7795
f 7819 7820 7821
f 7819 7821 7822
f 7821 7823 7822
f 7822 7823 7824
f 7823 7825 7824
f 7824 7825 7826
f 7827 7828 7829
f 7827 7829 7830
f 7829 7831 7830
f 7830 7831 7832
f 7831 7833 7832
f 7832 7833 7834
f 7835 7836 7837
f 7836 7838 7837
f 7837 7838 7839
f 7838 7840 7839
f 7839 7840 7841
f 7840 7842 7841
f 7843 7844 7845
f 7843 7845 7846
f 7845 7847 7846
f 7846 7847 7848
f 7847 7849 7848
f 7848 7849 7850
f 7849 7851 7850
f 7850 7851 7852
f 7853 7854 7855
f 7854 7856 7855
f 7855 7856 7857
f 7856 7858 7857
f 7857 7858 7851
f 7858 7852 7851
f 7859 7860 7861
f 7860 7862 7861
f 7863 7864 7865
f 7863 7865 7866
f 7865 7867 7866
f 7866 7867 7868
f 7867 7869 7868
f 7868 7869 7870
f 7871 7872 7873
f 7872 7874 7873
f 7873 7874 7875
f 7874 7876 7875
f 7875 7876 7877
f 7876 7878 7877
f 7879 7880 7881
f 7880 7882 7881
f 7881 7882 7883
f 7882 7884 7883
f 7883 7884 7885
f 7884 7886 7885
f 7885 7886 7887
f 7886 7888 7887
f 7889 7890 7891
f 7889 7891 7892
f 7891 7893 7892
f 7892 7893 7894
f 7893 7895 7894
f 7894 7895 7896
f 7897 7898 7899
f 7898 7900 7899
f 7899 7900 7901
f 7900 7902 7901
f 7901 7902 7903
f 7902 7904 7903
f 7903 7904 7905
f 7904 7906 7905
f 7905 7906 7907
f 7906 7908 7907
f 7907 7908 7909
f 7908 7910 7909
f 7909 7910 7911
f 7910 7912 7911
f 7911 7912 7913
f 7912 7914 7913
f 7913 7914 7915
f 7914 7916 7915
f 7915 7916 7917
f 7916 7918 7917
f 7917 7918 7919
f 7918 7920 7919
f 7919 7920 7897
f 7920 7898 7897
f 7921 7922 7923
f 7922 7924 7923
f 7923 7924 7925
f 7924 7926 7925
f 7925 7926 7927
f 7926 7928 7927
f 7927 7928 7929
f 7928 7930 7929
f 7929 7930 7931
f 7930 7932 7931
f 7931 7932 7933
f 7932 7934 7933
f 7933 7934 7935
f 7934 7936 7935
f 7935 7936 7937
f 7936 7938 7937
f 7937 7938 7939
f 7938 7940 7939
f 7939 7940 7941
f 7940 7942 7941
f 7941 7942 7943
f 7942 7944 7943
f 7943 7944 7921
f 7944 7922 7921
f 7945 7946 7947
f 7946 7948 7947
f 7947 7948 7949
f 7948 7950 7949
f 7949 7950 7951
f 7950 7952 7951
f 7951 7952 7953
f 7952 7954 7953
f 7953 7954 7955
f 7954 7956 7955
f 7957 7958 7959
f 7958 7960 7959
f 7961 7962 7963
f 7962 7964 7963
f 7963 7964 7965
f 7964 7966 7965
f 7965 7966 7967
f 7966 7968 7967
f 7854 7853 7969
f 7854 7969 7970
f 7969 7971 7970
f 7970 7971 7972
f 7971 7973 7972
f 7972 7973 7974
f 7975 7976 7977
f 7976 7978 7977
f 7977 7978 7979
f 7978 7980 7979
f 7979 7980 7981
f 7980 7982 7981
f 7981 7982 7983
f 7982 7984 7983
f 7983 7984 7985
f 7984 7986 7985
f 7985 7986 7987
f 7986 7988 7987
f 7987 7988 7989
f 7988 7990 7989
f 7989 7990 7991
f 7990 7992 7991
f 7991 7992 7993
f 7992 7994 7993
f 7993 7994 7995
f 7994 7996 7995
f 7995 7996 7997
f 7996 7998 7997
f 7997 7998 7975
f 7998 7976 7975
f 7999 8000 8001
f 8000 8002 8001
f 8001 8002 8003
f 8002 8004 8003
f 8005 8006 8007
f 8006 8008 8007
f 8009 8010 8011
f 8010 8012 8011
f 8011 8012 8013
f 8012 8014 8013
f 8013 8014 8015
f 8014 8016 8015
f 8015 8016 8017
f 8016 8018 8017
f 8017 8018 8019
f 8018 8020 8019
f 8021 8022 8023
f 8022 8024 8023
f 8023 8024 8025
f 8024 8026 8025
f 8025 8026 8027
f 8026 8028 8027
f 8027 8028 8029
f 8028 8030 8029
f 8031 8032 8033
f 8032 8034 8033
f 8033 8034 8035
f 8034 8036 8035
f 8035 8036 8037
f 8036 8038 8037
f 8037 8038 8039
f 8038 8040 8039
f 8039 8040 8041
f 8040 8042 8041
f 8041 8042 8043
f 8042 8044 8043
f 8043 8044 8045
f 8044 8046 8045
f 8045 8046 8047
f 8046 8048 8047
f 8047 8048 8049
f 8048 8050 8049
f 8049 8050 8051
f 8050 8052 8051
f 8051 8052 8053
f 8052 8054 8053
f 8053 8054 8031
f 8054 8032 8031
f 8055 8056 8057
f 8056 8058 8057
f 8057 8058 8059
f 8058 8060 8059
f 7841 7842 8061
f 7841 8061 8062
f 8061 8063 8062
f 8062 8063 8064
f 8063 8065 8064
f 8064 8065 8066
f 8067 8068 8069
f 8068 8070 8069
f 8069 8070 8071
f 8070 8072 8071
f 8071 8072 8073
f 8072 8074 8073
f 8073 8074 8075
f 8074 8076 8075
f 8075 8076 8077
f 8076 8078 8077
f 8077 8078 8079
f 8078 8080 8079
f 8079 8080 8081
f 8080 8082 8081
f 8081 8082 8083
f 8082 8084 8083
f 8083 8084 8085
f 8084 8086 8085
f 8087 8088 8089
f 8088 8090 8089
f 8089 8090 8091
f 8090 8092 8091
f 8091 8092 8093
f 8092 8094 8093
f 8093 8094 8095
f 8094 8096 8095
f 8097 8098 8099
f 8098 8100 8099
f 8099 8100 8101
f 8100 8102 8101
f 8101 8102 8103
f 8102 8104 8103
f 8103 8104 8105
f 8104 8106 8105
f 8105 8106 8107
f 8106 8108 8107
f 8107 8108 8109
f 8108 8110 8109
f 8109 8110 8111
f 8110 8112 8111
f 8111 8112 8113
f 8112 8114 8113
f 8113 8114 8115
f 8114 8116 8115
f 8115 8116 8117
f 8116 8118 8117
f 8117 8118 8119
f 8118 8120 8119
f 8119 8120 8097
f 8120 8098 8097
f 8121 8122 8123
f 8122 8124 8123
f 8123 8124 8125
f 8124 8126 8125
f 8125 8126 8127
f 8126 8128 8127
f 8129 8130 8131
f 8130 8132 8131
f 8133 8134 8135
f 8134 8136 8135
f 8135 8136 8137
f 8136 8138 8137
f 8137 8138 8139
f 8138 8140 8139
f 8139 8140 8141
f 8140 8142 8141
f 8141 8142 8143
f 8142 8144 8143
f 8143 8144 8145
f 8144 8146 8145
f 8145 8146 8147
f 8146 8148 8147
f 8147 8148 8149
f 8148 8150 8149
f 8149 8150 8151
f 8150 8152 8151
f 8066 8065 8153
f 8065 8154 8153
f 8153 8154 8155
f 8154 8156 8155
f 8155 8156 8157
f 8156 8158 8157
f 8159 8160 8161
f 8162 8163 8164
f 8165 8166 8167
f 8168 8169 8170
f 8171 8172 8173
f 8174 8175 8176
f 8177 8178 8179
f 8180 8181 8182
f 8183 8184 8185
f 8184 8183 8186
f 8187 8188 8189
f 8190 8191 8192
f 8193 8194 8195
f 8196 8197 8198
f 8196 8198 8160
f 8199 8200 8201
f 8200 8202 8201
f 8201 8202 8203
f 8202 8204 8203
f 8198 8205 8160
f 8205 8206 8160
f 8160 8206 8161
f 8206 8207 8161
f 8161 8207 8201
f 8207 8208 8201
f 8201 8208 8199
f 8204 8209 8203
f 8209 8210 8203
f 8203 8210 8211
f 8210 8212 8211
f 8211 8212 8213
f 8212 8214 8213
f 8213 8214 8196
f 8214 8215 8196
f 8196 8215 8197
f 8216 8217 8191
f 8218 8219 8220
f 8220 8219 8221
f 8219 8222 8221
f 8221 8222 8223
f 8224 8225 8226
f 8226 8227 8224
f 8227 8228 8224
f 8224 8228 8222
f 8228 8229 8222
f 8222 8229 8223
f 8230 8192 8231
f 8192 8191 8231
f 8231 8191 8232
f 8191 8217 8232
f 8233 8234 8235
f 8234 8192 8235
f 8230 8236 8192
f 8236 8237 8192
f 8192 8237 8235
f 8237 8238 8235
f 8235 8238 8225
f 8238 8239 8225
f 8225 8239 8226
f 8240 8241 8242
f 8167 8243 8244
f 8245 8167 8246
f 8167 8247 8246
f 8246 8247 8248
f 8249 8250 8251
f 8245 8252 8167
f 8252 8253 8167
f 8167 8253 8243
f 8253 8254 8243
f 8243 8254 8255
f 8248 8247 8256
f 8247 8257 8256
f 8256 8257 8258
f 8257 8259 8258
f 8258 8259 8260
f 8259 8261 8260
f 8260 8261 8262
f 8261 8263 8262
f 8262 8263 8250
f 8263 8264 8250
f 8250 8264 8251
f 8249 8265 8254
f 8265 8266 8254
f 8254 8266 8255
f 8267 8268 8269
f 8268 8270 8269
f 8269 8270 8271
f 8270 8272 8271
f 8193 8267 8273
f 8274 8275 8269
f 8275 8276 8269
f 8269 8276 8267
f 8276 8277 8267
f 8267 8277 8273
f 8273 8278 8193
f 8278 8279 8193
f 8193 8279 8194
f 8279 8280 8194
f 8194 8280 8281
f 8282 8283 8284
f 8283 8285 8284
f 8284 8285 8286
f 8285 8281 8286
f 8281 8285 8194
f 8285 8287 8194
f 8194 8287 8195
f 8287 8288 8195
f 8195 8288 8289
f 8290 8291 8292
f 8291 8293 8292
f 8294 8295 8296
f 8295 8297 8296
f 8296 8297 8298
f 8297 8299 8298
f 8298 8299 8300
f 8299 8301 8300
f 8300 8301 8293
f 8301 8302 8293
f 8293 8302 8292
f 8303 8304 8305
f 8304 8306 8305
f 8173 8172 8307
f 8303 8307 8308
f 8307 8172 8308
f 8308 8172 8309
f 8172 8171 8309
f 8309 8171 8310
f 8171 8311 8310
f 8310 8311 8312
f 8220 8216 8218
f 8216 8191 8218
f 8218 8191 8312
f 8191 8190 8312
f 8188 8313 8314
f 8313 8315 8314
f 8314 8315 8316
f 8317 8318 8319
f 8318 8320 8319
f 8319 8320 8189
f 8320 8321 8189
f 8189 8321 8187
f 8322 8323 8324
f 8323 8325 8324
f 8317 8319 8326
f 8319 8327 8326
f 8326 8327 8325
f 8327 8328 8325
f 8325 8328 8324
f 8329 8330 8331
f 8330 8332 8331
f 8331 8332 8333
f 8332 8334 8333
f 8333 8334 8335
f 8334 8336 8335
f 8335 8336 8337
f 8336 8338 8337
f 8337 8338 8339
f 8338 8340 8339
f 8339 8340 8341
f 8340 8342 8341
f 8341 8342 8343
f 8342 8344 8343
f 8343 8344 8345
f 8344 8346 8345
f 8345 8346 8347
f 8346 8348 8347
f 8347 8348 8349
f 8348 8350 8349
f 8349 8350 8351
f 8350 8352 8351
f 8351 8352 8353
f 8352 8354 8353
f 8353 8354 8355
f 8354 8356 8355
f 8355 8356 8322
f 8356 8357 8322
f 8322 8357 8323
f 8241 8358 8242
f 8358 8359 8242
f 8242 8359 8185
f 8359 8360 8185
f 8185 8360 8183
f 8361 8362 8363
f 8364 8365 8196
f 8364 8196 8366
f 8196 8160 8366
f 8366 8160 8367
f 8160 8159 8367
f 8367 8159 8368
f 8159 8369 8368
f 8369 8370 8368
f 8368 8370 8371
f 8370 8372 8371
f 8371 8372 8373
f 8372 8374 8373
f 8373 8374 8375
f 8374 8376 8375
f 8375 8376 8377
f 8376 8378 8377
f 8379 8380 8381
f 8382 8383 8384
f 8380 8385 8381
f 8385 8386 8381
f 8381 8386 8387
f 8386 8388 8387
f 8387 8388 8389
f 8383 8390 8384
f 8390 8391 8384
f 8384 8391 8392
f 8391 8393 8392
f 8392 8393 8394
f 8395 8396 8397
f 8396 8398 8397
f 8399 8400 8401
f 8400 8402 8401
f 8403 8404 8405
f 8404 8401 8405
f 8406 8407 8408
f 8407 8404 8408
f 8408 8404 8409
f 8404 8403 8409
f 8398 8410 8397
f 8410 8411 8397
f 8397 8411 8412
f 8402 8413 8401
f 8413 8414 8401
f 8401 8414 8405
f 8389 8382 8387
f 8382 8384 8387
f 8387 8384 8415
f 8384 8397 8415
f 8415 8397 8416
f 8397 8412 8416
f 8413 8417 8414
f 8417 8418 8414
f 8414 8418 8419
f 8418 8420 8419
f 8419 8420 8411
f 8420 8421 8411
f 8411 8421 8412
f 8422 8423 8424
f 8181 8425 8182
f 8425 8426 8182
f 8182 8426 8427
f 8426 8428 8427
f 8427 8428 8429
f 8362 8430 8363
f 8430 8431 8363
f 8363 8431 8432
f 8431 8433 8432
f 8432 8433 8434
f 8433 8180 8434
f 8180 8182 8434
f 8182 8435 8434
f 8434 8435 8432
f 8435 8436 8432
f 8436 8437 8432
f 8432 8437 8438
f 8437 8439 8438
f 8438 8439 8440
f 8441 8438 8442
f 8438 8440 8442
f 8442 8440 8443
f 8440 8444 8443
f 8445 8446 8182
f 8446 8447 8182
f 8182 8447 8435
f 8445 8182 8448
f 8182 8427 8448
f 8448 8427 8449
f 8427 8429 8449
f 8449 8429 8450
f 8429 8451 8450
f 8450 8451 8452
f 8451 8453 8452
f 8452 8453 8454
f 8179 8178 8455
f 8178 8456 8455
f 8455 8456 8457
f 8458 8459 8404
f 8459 8460 8404
f 8460 8461 8404
f 8461 8462 8404
f 8404 8462 8401
f 8462 8463 8401
f 8401 8463 8464
f 8465 8466 8467
f 8466 8468 8467
f 8467 8468 8464
f 8468 8469 8464
f 8470 8401 8471
f 8401 8464 8471
f 8471 8464 8472
f 8464 8469 8472
f 8470 8473 8401
f 8473 8474 8401
f 8401 8474 8399
f 8474 8457 8399
f 8399 8457 8424
f 8457 8456 8424
f 8424 8456 8422
f 8456 8178 8422
f 8422 8178 8454
f 8178 8177 8454
f 8454 8177 8452
f 8465 8475 8466
f 8475 8174 8466
f 8466 8174 8476
f 8174 8176 8476
f 8476 8176 8477
f 8176 8478 8477
f 8479 8480 8481
f 8480 8482 8481
f 8481 8482 8483
f 8484 8485 8486
f 8487 8488 8489
f 8488 8490 8489
f 8489 8490 8491
f 8490 8492 8491
f 8491 8492 8493
f 8494 8495 8496
f 8481 8497 8479
f 8497 8498 8479
f 8479 8498 8486
f 8498 8496 8486
f 8486 8496 8484
f 8496 8495 8484
f 8495 8499 8484
f 8499 8500 8484
f 8484 8500 8501
f 8500 8502 8501
f 8502 8503 8501
f 8501 8503 8504
f 8503 8505 8504
f 8504 8505 8506
f 8505 8507 8506
f 8506 8507 8508
f 8440 8509 8444
f 8509 8506 8444
f 8444 8506 8487
f 8506 8508 8487
f 8487 8508 8488
f 8510 8511 8512
f 8510 8512 8513
f 8514 8515 8319
f 8515 8516 8319
f 8319 8516 8327
f 8516 8517 8327
f 8327 8517 8328
f 8511 8518 8512
f 8518 8519 8512
f 8512 8519 8319
f 8519 8520 8319
f 8319 8520 8514
f 8521 8522 8523
f 8522 8524 8523
f 8525 8526 8527
f 8526 8528 8527
f 8529 8530 8531
f 8531 8532 8529
f 8532 8533 8529
f 8529 8533 8534
f 8533 8535 8534
f 8534 8535 8536
f 8535 8537 8536
f 8536 8537 8528
f 8537 8538 8528
f 8528 8538 8527
f 8539 8531 8540
f 8531 8530 8540
f 8540 8530 8541
f 8542 8543 8544
f 8545 8546 8547
f 8546 8548 8547
f 8547 8548 8549
f 8549 8550 8547
f 8550 8551 8547
f 8547 8551 8543
f 8551 8552 8543
f 8543 8552 8544
f 8185 8553 8554
f 8555 8556 8242
f 8556 8557 8242
f 8242 8557 8558
f 8557 8559 8558
f 8558 8559 8560
f 8559 8561 8560
f 8560 8561 8548
f 8561 8562 8548
f 8548 8562 8549
f 8185 8554 8242
f 8554 8563 8242
f 8242 8563 8564
f 8564 8565 8242
f 8565 8566 8242
f 8242 8566 8555
f 8566 8567 8555
f 8555 8567 8568
f 8567 8569 8568
f 8568 8569 8544
f 8569 8570 8544
f 8544 8570 8542
f 8553 8185 8571
f 8185 8184 8571
f 8571 8184 8329
f 8184 8186 8329
f 8329 8186 8330
f 8572 8573 8574
f 8365 8575 8196
f 8575 8361 8196
f 8196 8361 8213
f 8361 8363 8213
f 8213 8363 8211
f 8363 8572 8211
f 8211 8572 8576
f 8572 8574 8576
f 8576 8574 8577
f 8492 8494 8493
f 8494 8496 8493
f 8493 8496 8578
f 8496 8498 8578
f 8579 8580 8581
f 8580 8582 8581
f 8581 8582 8583
f 8584 8585 8586
f 8585 8587 8586
f 8586 8587 8588
f 8587 8579 8588
f 8588 8579 8589
f 8579 8581 8589
f 8478 8176 8483
f 8176 8581 8483
f 8483 8581 8481
f 8581 8583 8481
f 8481 8583 8590
f 8590 8591 8481
f 8591 8592 8481
f 8481 8592 8497
f 8592 8593 8497
f 8497 8593 8594
f 8593 8595 8594
f 8594 8595 8584
f 8595 8596 8584
f 8584 8596 8585
f 8188 8314 8189
f 8314 8597 8189
f 8189 8597 8598
f 8598 8599 8189
f 8599 8600 8189
f 8189 8600 8319
f 8600 8601 8319
f 8602 8603 8404
f 8604 8458 8605
f 8458 8404 8605
f 8605 8404 8606
f 8404 8603 8606
f 8607 8608 8609
f 8610 8597 8611
f 8597 8314 8611
f 8611 8314 8612
f 8314 8607 8612
f 8612 8607 8613
f 8607 8609 8613
f 8613 8609 8614
f 8615 8616 8607
f 8616 8617 8607
f 8607 8617 8608
f 8618 8619 8620
f 8312 8311 8218
f 8311 8618 8218
f 8218 8618 8219
f 8618 8620 8219
f 8219 8620 8222
f 8303 8305 8307
f 8305 8621 8307
f 8307 8621 8622
f 8623 8305 8294
f 8305 8306 8294
f 8294 8306 8295
f 8624 8625 8621
f 8626 8627 8294
f 8627 8628 8294
f 8294 8628 8623
f 8621 8625 8629
f 8625 8630 8629
f 8630 8631 8629
f 8629 8631 8632
f 8631 8633 8632
f 8623 8634 8305
f 8634 8635 8305
f 8305 8635 8621
f 8635 8636 8621
f 8621 8636 8624
f 8637 8638 8632
f 8638 8639 8632
f 8632 8639 8629
f 8169 8168 8640
f 8641 8291 8288
f 8291 8290 8288
f 8288 8290 8289
f 8642 8643 8283
f 8282 8274 8283
f 8274 8269 8283
f 8283 8269 8642
f 8269 8271 8642
f 8642 8271 8644
f 8271 8272 8644
f 8644 8272 8251
f 8272 8645 8251
f 8251 8645 8249
f 8645 8646 8249
f 8249 8646 8265
f 8167 8166 8247
f 8166 8647 8247
f 8247 8647 8648
f 8244 8240 8167
f 8240 8242 8167
f 8167 8242 8165
f 8242 8558 8165
f 8165 8558 8649
f 8650 8651 8652
f 8653 8654 8655
f 8656 8650 8657
f 8650 8652 8657
f 8657 8652 8658
f 8652 8659 8658
f 8660 8661 8662
f 8663 8664 8665
f 8664 8666 8665
f 8666 8667 8665
f 8665 8667 8655
f 8667 8668 8655
f 8655 8668 8669
f 8669 8670 8655
f 8670 8651 8655
f 8655 8651 8653
f 8651 8650 8653
f 8670 8671 8651
f 8671 8672 8651
f 8651 8672 8662
f 8672 8673 8662
f 8662 8673 8660
f 8674 8675 8676
f 8674 8676 8677
f 8678 8679 8680
f 8675 8681 8676
f 8681 8682 8676
f 8676 8682 8683
f 8682 8684 8683
f 8683 8684 8685
f 8685 8678 8683
f 8678 8680 8683
f 8683 8680 8686
f 8680 8687 8686
f 8686 8687 8665
f 8687 8662 8665
f 8665 8662 8663
f 8662 8661 8663
f 8679 8688 8680
f 8688 8689 8680
f 8680 8689 8690
f 8689 8691 8690
f 8407 8692 8404
f 8692 8693 8404
f 8404 8693 8694
f 8694 8695 8404
f 8695 8319 8404
f 8404 8319 8602
f 8319 8601 8602
f 8696 8162 8512
f 8162 8164 8512
f 8512 8164 8697
f 8164 8698 8697
f 8697 8698 8676
f 8698 8690 8676
f 8676 8690 8677
f 8690 8691 8677
f 8695 8699 8319
f 8699 8700 8319
f 8319 8700 8512
f 8700 8701 8512
f 8512 8701 8696
f 8702 8395 8703
f 8395 8397 8703
f 8703 8397 8704
f 8397 8705 8704
f 8706 8707 8708
f 8707 8709 8708
f 8708 8709 8710
f 8376 8711 8712
f 8710 8713 8708
f 8713 8714 8708
f 8708 8714 8374
f 8714 8715 8374
f 8715 8716 8374
f 8716 8717 8374
f 8374 8717 8376
f 8717 8718 8376
f 8376 8718 8711
f 8712 8706 8376
f 8706 8708 8376
f 8376 8708 8378
f 8708 8719 8378
f 8378 8719 8720
f 8719 8721 8720
f 8720 8721 8381
f 8721 8392 8381
f 8381 8392 8379
f 8392 8394 8379
f 8293 8722 8723
f 8640 8724 8725
f 8723 8726 8293
f 8726 8727 8293
f 8293 8727 8300
f 8727 8728 8300
f 8300 8728 8729
f 8730 8731 8732
f 8731 8733 8732
f 8732 8733 8640
f 8733 8734 8640
f 8640 8734 8724
f 8641 8170 8291
f 8170 8169 8291
f 8291 8169 8293
f 8169 8640 8293
f 8293 8640 8722
f 8640 8725 8722
f 8735 8736 8737
f 8738 8739 8536
f 8736 8740 8737
f 8740 8741 8737
f 8737 8741 8742
f 8741 8743 8742
f 8744 8735 8534
f 8735 8737 8534
f 8534 8737 8529
f 8737 8745 8529
f 8529 8745 8530
f 8745 8547 8530
f 8530 8547 8541
f 8547 8543 8541
f 8738 8536 8746
f 8739 8747 8536
f 8747 8748 8536
f 8536 8748 8534
f 8748 8749 8534
f 8534 8749 8744
f 8168 8750 8640
f 8750 8751 8640
f 8640 8751 8732
f 8751 8752 8732
f 8732 8752 8753
f 8752 8754 8753
f 8753 8754 8637
f 8754 8755 8637
f 8637 8755 8638
f 8526 8756 8757
f 8758 8759 8528
f 8759 8760 8528
f 8528 8760 8536
f 8760 8742 8536
f 8536 8742 8746
f 8742 8743 8746
f 8524 8761 8762
f 8757 8763 8526
f 8763 8764 8526
f 8526 8764 8528
f 8764 8765 8528
f 8528 8765 8758
f 8762 8756 8524
f 8756 8526 8524
f 8524 8526 8523
f 8526 8525 8523
f 8523 8525 8766
f 8759 8767 8760
f 8767 8768 8760
f 8760 8768 8524
f 8768 8769 8524
f 8524 8769 8761
f 8729 8730 8300
f 8730 8732 8300
f 8300 8732 8298
f 8732 8753 8298
f 8298 8753 8296
f 8753 8637 8296
f 8296 8637 8294
f 8637 8632 8294
f 8294 8632 8626
f 8632 8633 8626
f 8654 8545 8655
f 8545 8547 8655
f 8655 8547 8665
f 8547 8745 8665
f 8665 8745 8686
f 8745 8737 8686
f 8686 8737 8683
f 8737 8742 8683
f 8683 8742 8676
f 8742 8760 8676
f 8676 8760 8697
f 8760 8524 8697
f 8697 8524 8512
f 8524 8522 8512
f 8512 8522 8513
f 8522 8521 8513
f 8513 8521 8770
f 8316 8233 8314
f 8233 8235 8314
f 8314 8235 8607
f 8235 8225 8607
f 8607 8225 8615
f 8225 8224 8615
f 8615 8224 8771
f 8224 8222 8771
f 7896 7895 8772
f 7895 8773 8772
f 8772 8773 8774
f 8773 8775 8774
f 8774 8775 8776
f 8775 8777 8776
f 8778 8779 8780
f 8779 8781 8780
f 8780 8781 8782
f 8781 8783 8782
f 8782 8783 8784
f 8783 8785 8784
f 8786 8787 8788
f 8787 8789 8788
f 8788 8789 8790
f 8789 8791 8790
f 8790 8791 8792
f 8791 8793 8792
f 8792 8793 8794
f 8793 8795 8794
f 8794 8795 8796
f 8795 8797 8796
f 8796 8797 8798
f 8797 8799 8798
f 8798 8799 8800
f 8799 8801 8800
f 8800 8801 8802
f 8801 8803 8802
f 8802 8803 8804
f 8803 8805 8804
f 7834 7833 8806
f 7833 8807 8806
f 8806 8807 8808
f 8807 8809 8808
f 8808 8809 8810
f 8809 8811 8810
f 8812 8813 8814
f 8815 8816 8817
f 8818 8819 8820
f 8821 8822 8823
f 8824 8825 8826
f 8827 8828 8829
f 8823 8822 8830
f 8831 8830 8832
f 8833 8834 8835
f 8836 8837 8838
f 8839 8840 8841
f 8842 8843 8844
f 8845 8846 8847
f 8848 8849 8850
f 8851 8852 8853
f 8854 8855 8856
f 8857 8858 8859
f 8860 8861 8862
f 8863 8864 8865
f 8864 8866 8865
f 8865 8866 8867
f 8868 8852 8869
f 8852 8851 8869
f 8869 8851 8870
f 8851 8864 8870
f 8870 8864 8871
f 8864 8863 8871
f 8868 8872 8852
f 8872 8873 8852
f 8852 8873 8874
f 8873 8875 8874
f 8875 8876 8874
f 8876 8877 8874
f 8874 8877 8878
f 8877 8879 8878
f 8878 8879 8880
f 8879 8881 8880
f 8880 8881 8866
f 8881 8882 8866
f 8866 8882 8867
f 8883 8884 8885
f 8885 8886 8883
f 8886 8887 8883
f 8883 8887 8888
f 8889 8890 8891
f 8890 8892 8891
f 8891 8892 8888
f 8892 8893 8888
f 8893 8894 8888
f 8888 8894 8883
f 8894 8895 8883
f 8883 8895 8884
f 8859 8858 8896
f 8858 8897 8896
f 8896 8897 8898
f 8857 8899 8858
f 8899 8900 8858
f 8858 8900 8897
f 8901 8902 8903
f 8902 8904 8903
f 8903 8904 8905
f 8906 8907 8908
f 8829 8828 8909
f 8908 8910 8906
f 8910 8911 8906
f 8906 8911 8912
f 8912 8913 8828
f 8913 8914 8828
f 8915 8916 8917
f 8909 8828 8918
f 8828 8914 8918
f 8918 8914 8919
f 8920 8921 8915
f 8921 8922 8915
f 8915 8922 8916
f 8922 8923 8916
f 8916 8923 8924
f 8923 8925 8924
f 8924 8925 8914
f 8925 8926 8914
f 8914 8926 8919
f 8927 8928 8906
f 8929 8930 8931
f 8930 8932 8931
f 8932 8933 8931
f 8933 8934 8931
f 8931 8934 8935
f 8934 8936 8935
f 8937 8907 8938
f 8907 8906 8938
f 8938 8906 8939
f 8906 8928 8939
f 8940 8941 8942
f 8943 8944 8945
f 8944 8940 8945
f 8945 8940 8946
f 8940 8942 8946
f 8947 8948 8949
f 8948 8944 8949
f 8949 8944 8950
f 8944 8943 8950
f 8951 8952 8953
f 8952 8954 8953
f 8954 8955 8953
f 8953 8955 8941
f 8956 8957 8948
f 8958 8959 8960
f 8961 8962 8963
f 8962 8958 8963
f 8963 8958 8964
f 8958 8960 8964
f 8961 8965 8962
f 8965 8966 8962
f 8962 8966 8861
f 8967 8968 8969
f 8966 8970 8861
f 8970 8971 8861
f 8861 8971 8967
f 8971 8972 8967
f 8967 8972 8968
f 8973 8974 8967
f 8974 8975 8967
f 8967 8975 8861
f 8975 8976 8861
f 8861 8976 8862
f 8977 8978 8979
f 8978 8860 8979
f 8979 8860 8980
f 8860 8862 8980
f 8981 8982 8983
f 8982 8984 8983
f 8983 8984 8985
f 8986 8987 8988
f 8967 8983 8973
f 8983 8985 8973
f 8973 8985 8989
f 8985 8990 8989
f 8989 8990 8991
f 8990 8992 8991
f 8991 8992 8993
f 8992 8994 8993
f 8993 8994 8986
f 8994 8995 8986
f 8986 8995 8987
f 8996 8997 8986
f 8997 8998 8986
f 8986 8998 8999
f 8998 9000 8999
f 8999 9000 9001
f 9002 9003 9004
f 9003 9005 9004
f 9004 9005 9006
f 9005 9007 9006
f 9006 9007 8988
f 9007 9008 8988
f 8988 9008 8986
f 9008 9009 8986
f 8986 9009 8996
f 9010 9011 9012
f 9011 9010 9013
f 9010 9014 9013
f 9013 9014 9015
f 9016 9017 9018
f 9019 9020 9010
f 9018 9017 9021
f 9019 9010 9022
f 9022 9023 9018
f 9023 9024 9018
f 9018 9024 9016
f 9020 9025 9010
f 9025 9026 9010
f 9010 9026 9014
f 9026 9027 9014
f 9014 9027 9028
f 9027 9029 9028
f 9028 9029 9030
f 9029 9031 9030
f 9030 9031 9032
f 9031 9033 9032
f 9032 9033 9034
f 9033 9035 9034
f 9034 9035 9036
f 9035 9021 9036
f 9036 9021 9037
f 9021 9017 9037
f 9017 9038 9037
f 9037 9038 9039
f 9038 9040 9039
f 9040 9041 9039
f 9039 9041 9042
f 9043 9044 9042
f 9045 9046 9047
f 9046 9048 9047
f 9049 9050 9051
f 9051 9050 9052
f 9050 9053 9052
f 9052 9053 9054
f 9041 9055 9056
f 9042 9041 9043
f 9041 9056 9043
f 9043 9056 9057
f 9057 9058 9043
f 9058 9059 9043
f 9043 9059 9060
f 9059 9045 9060
f 9045 9047 9060
f 9060 9047 9061
f 9047 9062 9061
f 9063 9062 9064
f 9064 9062 9065
f 9062 9047 9065
f 9065 9047 9051
f 9047 9048 9051
f 9051 9048 9049
f 9066 9067 9068
f 9067 9069 9068
f 9068 9069 9070
f 9069 9071 9070
f 9070 9071 9072
f 9072 9073 9074
f 9073 9075 9074
f 9074 9075 9076
f 9076 9077 9078
f 9077 9079 9078
f 9078 9079 9080
f 9081 9082 9083
f 9082 9084 9083
f 9083 9084 9068
f 9084 9085 9068
f 9068 9085 9066
f 9072 9074 9070
f 9074 9086 9070
f 9070 9086 9087
f 9076 9078 9074
f 9078 9088 9074
f 9074 9088 9086
f 8885 8901 8886
f 8901 8903 8886
f 8886 8903 9089
f 8903 9090 9089
f 9091 9090 9092
f 9090 8903 9092
f 9092 8903 8857
f 8903 8905 8857
f 8857 8905 8899
f 9093 9094 9095
f 9094 9096 9095
f 9095 9096 8896
f 9096 9097 8896
f 8896 9097 8859
f 9095 9098 9099
f 9099 9100 9095
f 9100 9101 9095
f 9095 9101 9093
f 8856 9102 8854
f 9102 9103 8854
f 8854 9103 9104
f 9103 9105 9104
f 9106 9107 8906
f 9107 9108 8906
f 8906 9108 9109
f 9109 9110 8906
f 9110 8935 8906
f 8906 8935 8927
f 8935 8936 8927
f 9110 9111 8935
f 9111 9112 8935
f 8935 9112 9103
f 9112 9113 9103
f 9103 9113 9105
f 9114 9115 8828
f 8912 8828 8906
f 8828 9115 8906
f 8906 9115 9116
f 9117 9106 9118
f 9106 8906 9118
f 9118 8906 9119
f 8906 9116 9119
f 9120 9121 9122
f 9121 9123 9122
f 9122 9123 9124
f 9123 9114 9124
f 9125 9126 8828
f 9126 9127 8828
f 8828 9127 9114
f 9127 9128 9114
f 9114 9128 9124
f 9129 9130 9131
f 9129 9132 9133
f 9130 9129 9134
f 9129 9133 9134
f 9134 9133 9120
f 9133 9135 9120
f 9120 9135 9121
f 9131 9136 9129
f 9136 9137 9129
f 9129 9137 9138
f 9139 9140 9141
f 9140 9142 9141
f 9141 9142 9143
f 9142 9144 9143
f 9143 9144 9145
f 9144 9138 9145
f 9141 9146 9139
f 9146 9147 9139
f 9139 9147 9148
f 9147 9149 9148
f 9148 9149 9150
f 9137 9151 9152
f 9151 9137 9150
f 9137 9153 9150
f 9150 9153 9148
f 9152 9154 9137
f 9154 9155 9137
f 9137 9155 9138
f 9155 9156 9138
f 9138 9156 9145
f 9136 9157 9137
f 9157 9158 9137
f 9137 9158 9153
f 9158 9159 9153
f 9160 9161 9162
f 9161 9163 9162
f 9164 9165 9166
f 9164 9166 9167
f 9168 9169 9170
f 9170 9169 9171
f 9169 9172 9171
f 9172 9173 9171
f 9171 9173 9161
f 9173 9174 9161
f 9161 9174 9163
f 9174 9175 9163
f 9163 9175 9176
f 9175 9177 9176
f 9176 9177 9178
f 9177 9179 9178
f 9178 9179 9180
f 9179 9181 9180
f 9180 9181 9167
f 9168 9170 9165
f 9170 9182 9165
f 9165 9182 9166
f 9167 9166 9180
f 9166 9183 9180
f 9180 9183 9184
f 9185 9186 9187
f 9184 9183 9188
f 9183 9189 9188
f 9188 9189 9190
f 9185 9187 9191
f 9187 9192 9191
f 9191 9192 9189
f 9192 9193 9189
f 9189 9193 9190
f 9194 9195 9196
f 9195 9197 9196
f 9196 9197 9198
f 9199 9200 9201
f 9200 9202 9201
f 9201 9202 9203
f 8841 8840 9202
f 8840 9204 9202
f 9202 9204 9203
f 9205 9206 9207
f 9206 9208 9207
f 9207 9208 9209
f 9210 9211 8840
f 9211 9212 8840
f 8840 9212 9204
f 9212 9213 9204
f 9204 9213 9214
f 9214 9215 9204
f 9215 9216 9204
f 9204 9216 9207
f 9216 9217 9207
f 9207 9217 9205
f 9218 9219 9220
f 9219 9221 9220
f 9220 9221 9222
f 9221 9223 9222
f 9222 9223 8839
f 9223 9207 8839
f 8839 9207 8840
f 9207 9209 8840
f 8840 9209 9210
f 9224 9218 9225
f 9218 8850 9225
f 9225 8850 9226
f 8850 8849 9226
f 8920 8915 8850
f 8915 9227 8850
f 8850 9227 8848
f 9224 9228 9218
f 9228 9229 9218
f 9218 9229 9219
f 9229 9230 9219
f 9219 9230 9231
f 9231 9232 9219
f 9232 9233 9219
f 9219 9233 9227
f 9233 9234 9227
f 9227 9234 8848
f 9235 8915 9236
f 8915 8917 9236
f 9236 8917 9237
f 9238 9239 9240
f 9239 8915 9240
f 9240 8915 9241
f 8915 9235 9241
f 9242 9243 9244
f 9244 9243 9245
f 9243 9246 9245
f 9245 9246 8846
f 9246 9247 8846
f 8846 9247 8847
f 9248 9249 8935
f 9249 9250 8935
f 8935 9250 9251
f 9250 9252 9251
f 9251 9252 9253
f 9248 8935 9254
f 8935 9103 9254
f 9254 9103 9255
f 9256 9102 9257
f 9102 8891 9257
f 9257 8891 9258
f 8891 8888 9258
f 9256 9259 9102
f 9259 9260 9102
f 9102 9260 9103
f 9260 9261 9103
f 9103 9261 9255
f 9088 9262 9086
f 9262 8844 9086
f 9086 8844 9263
f 8844 8843 9263
f 9263 8843 9264
f 8843 8842 9264
f 9264 8842 9089
f 8842 9265 9089
f 9089 9265 8886
f 9265 9266 8886
f 8886 9266 8887
f 9267 9268 9269
f 9268 9270 9269
f 9269 9270 9078
f 9270 9271 9078
f 9078 9271 9088
f 9272 9273 9274
f 9273 9275 9274
f 9064 9276 9063
f 9276 9277 9063
f 9063 9277 9272
f 9277 9278 9272
f 9272 9278 9273
f 9038 9279 9040
f 9279 9280 9040
f 9040 9280 9041
f 9280 9052 9041
f 9041 9052 9055
f 9052 9054 9055
f 9281 9282 8986
f 9281 8986 9283
f 9284 8993 9012
f 8993 8986 9012
f 9012 8986 9010
f 8986 9282 9010
f 9010 9282 9285
f 9285 9286 9010
f 9286 9287 9010
f 9010 9287 9022
f 9287 9288 9022
f 9022 9288 9023
f 8814 9289 9290
f 9289 8814 9291
f 8814 8813 9291
f 9291 8813 9292
f 9292 8813 9293
f 8813 9294 9293
f 9293 9294 9295
f 9294 9296 9295
f 9295 9296 9297
f 9296 9298 9297
f 9297 9298 9299
f 9298 9300 9299
f 9299 9300 9301
f 9300 9302 9301
f 9302 9303 9301
f 9301 9303 9304
f 9303 9305 9304
f 9304 9305 9306
f 9305 9242 9306
f 9306 9242 9307
f 9242 9244 9307
f 9201 9308 9199
f 9308 8853 9199
f 9199 8853 9309
f 8853 8852 9309
f 9309 8852 9310
f 8852 8874 9310
f 9310 8874 9311
f 9312 9313 8878
f 9313 9314 8878
f 8878 9314 8874
f 9314 9315 8874
f 8874 9315 9311
f 9316 9312 9317
f 9312 8878 9317
f 9317 8878 9197
f 8878 8880 9197
f 9197 8880 9198
f 9186 9318 9187
f 9318 9319 9187
f 9187 9319 9317
f 9319 9320 9317
f 9317 9320 9316
f 8838 8837 9318
f 8837 9321 9318
f 9318 9321 9319
f 8834 8833 8838
f 8833 9322 8838
f 8838 9322 8836
f 8826 9323 9324
f 9325 9323 9326
f 9323 8826 9326
f 9326 8826 8827
f 8826 8825 8827
f 8827 8825 8828
f 8825 9327 8828
f 8828 9327 9125
f 8832 8830 9324
f 8830 8822 9324
f 9324 8822 8826
f 8822 8821 8826
f 8826 8821 8824
f 8832 9328 8831
f 9328 8835 8831
f 8831 8835 9329
f 8835 8834 9329
f 9329 8834 9330
f 8834 8838 9330
f 9330 8838 9331
f 9186 9332 9318
f 9332 9333 9318
f 9318 9333 8838
f 9333 9334 8838
f 8838 9334 9331
f 9335 9171 9336
f 9171 9161 9336
f 9336 9161 9159
f 9161 9160 9159
f 9159 9160 9153
f 8983 9337 9338
f 9004 8981 9002
f 8981 8983 9002
f 9002 8983 9339
f 8983 9338 9339
f 9340 9338 9341
f 9338 9337 9341
f 9341 9337 9342
f 8818 8820 9343
f 8815 8817 9344
f 9345 9346 9347
f 9346 8931 9347
f 9347 8931 9348
f 8931 9349 9348
f 8845 8847 9350
f 8847 9351 9350
f 9350 9351 9352
f 9351 9353 9352
f 9352 9353 9354
f 9353 9355 9354
f 9354 9355 9253
f 9355 9356 9253
f 9253 9356 9251
f 9356 9357 9251
f 9251 9357 8935
f 9357 9358 8935
f 8935 9358 9359
f 9359 9360 8935
f 9360 9361 8935
f 8935 9361 8931
f 9361 9362 8931
f 8931 9362 9349
f 9283 8986 9290
f 8986 8999 9290
f 9290 8999 8814
f 8999 9001 8814
f 8814 9001 8812
f 8898 8889 8896
f 8889 8891 8896
f 8896 8891 9095
f 8891 9102 9095
f 9095 9102 9098
f 9102 8856 9098
f 9363 8929 9364
f 8929 8931 9364
f 9364 8931 8817
f 8931 9346 8817
f 8817 9346 9344
f 9346 9345 9344
f 9344 9345 9365
f 8816 9366 9367
f 9367 9368 8816
f 9368 9369 8816
f 8816 9369 8817
f 9369 9370 8817
f 8817 9370 9371
f 9371 9372 8817
f 9372 9373 8817
f 8817 9373 9364
f 9373 8940 9364
f 9364 8940 9363
f 8940 8944 9363
f 8820 9374 9375
f 9372 9376 9373
f 9376 9377 9373
f 9373 9377 8820
f 9377 9378 8820
f 8820 9378 9374
f 9375 9366 8820
f 9366 8816 8820
f 8820 8816 9343
f 8816 8815 9343
f 9343 8815 9379
f 8819 9380 8820
f 9380 9381 8820
f 8820 9381 9373
f 9381 9382 9373
f 9373 9382 8940
f 9383 9267 9384
f 9267 9269 9384
f 9384 9269 9082
f 9269 9078 9082
f 9082 9078 9084
f 9078 9080 9084
f 9084 9080 9085
f 8947 8951 8948
f 8951 8953 8948
f 8948 8953 8956
f 8953 9385 8956
f 9386 9387 9381
f 9388 9386 9389
f 9386 9381 9389
f 9389 9381 9390
f 9381 9380 9390
f 9387 9391 9381
f 9391 9392 9381
f 9381 9392 9382
f 9392 9393 9382
f 9382 9393 9394
f 9385 9395 9396
f 8941 8940 8953
f 8940 9382 8953
f 8953 9382 9385
f 9382 9394 9385
f 9385 9394 9395
f 9396 9397 9385
f 9397 9398 9385
f 9385 9398 9389
f 9398 9399 9389
f 9389 9399 9388
f 9390 9400 9389
f 9400 9401 9389
f 9389 9401 9385
f 9401 9402 9385
f 9385 9402 8956
f 9402 8958 8956
f 8956 8958 8957
f 8958 8962 8957
f 9274 9403 9404
f 9405 9406 9272
f 9407 9403 9383
f 9403 9274 9383
f 9383 9274 9267
f 9274 9275 9267
f 9267 9275 9268
f 9404 9408 9274
f 9408 9409 9274
f 9274 9409 9272
f 9409 9410 9272
f 9272 9410 9405
f 9411 9412 9413
f 9412 9414 9413
f 9413 9414 9383
f 9414 9415 9383
f 9383 9415 9407
f 9081 9416 9082
f 9416 9417 9082
f 9082 9417 9384
f 9417 9418 9384
f 9384 9418 9383
f 9418 9419 9383
f 9383 9419 9413
f 9419 9420 9413
f 9413 9420 9421
f 9420 9422 9421
f 9421 9422 9423
f 9400 9342 9401
f 9342 9337 9401
f 9401 9337 9402
f 9337 8983 9402
f 9402 8983 8958
f 8983 8967 8958
f 8958 8967 8959
f 8967 8969 8959
f 9424 9062 9423
f 9062 9063 9423
f 9423 9063 9421
f 9063 9272 9421
f 9421 9272 9413
f 9272 9406 9413
f 9413 9406 9411
f 9425 9426 9427
f 9426 9428 9427
f 9427 9428 9429
f 9428 9430 9429
f 8087 8157 8088
f 8157 8158 8088
f 9431 9432 9433
f 9432 9434 9433
f 9433 9434 9435
f 9434 9436 9435
f 9435 9436 9437
f 9436 9438 9437
f 9437 9438 9439
f 9438 9440 9439
f 9439 9440 9441
f 9440 9442 9441
f 9441 9442 9443
f 9442 9444 9443
f 9443 9444 9445
f 9444 9446 9445
f 9445 9446 9447
f 9446 9448 9447
f 9447 9448 9449
f 9448 9450 9449
f 9451 9452 9453
f 9452 9454 9453
f 9453 9454 9455
f 9454 9456 9455
f 9455 9456 9457
f 9456 9458 9457
f 9457 9458 9459
f 9458 9460 9459
f 9461 9462 9463
f 9462 9464 9463
f 9463 9464 9465
f 9464 9466 9465
f 9465 9466 9467
f 9466 9468 9467
f 9467 9468 9469
f 9468 9470 9469
f 9469 9470 9471
f 9470 9472 9471
f 9471 9472 9473
f 9472 9474 9473
f 9473 9474 9475
f 9474 9476 9475
f 9475 9476 9477
f 9476 9478 9477
f 9477 9478 9479
f 9478 9480 9479
f 9479 9480 9481
f 9480 9482 9481
f 9481 9482 9483
f 9482 9484 9483
f 9483 9484 9461
f 9484 9462 9461
f 9485 9486 9487
f 9486 9488 9487
f 9487 9488 9489
f 9488 9490 9489
f 9489 9490 9491
f 9490 9492 9491
f 9493 9494 9495
f 9493 9495 9496
f 9495 9497 9496
f 9496 9497 9498
f 9497 7962 9498
f 9498 7962 7961
f 7974 7973 9499
f 7973 9500 9499
f 9499 9500 9501
f 9500 9502 9501
f 9501 9502 9503
f 9502 9504 9503
f 9505 9506 9507
f 9506 9508 9507
f 9507 9508 9509
f 9508 9510 9509
f 9509 9510 7819
f 9510 7820 7819
f 9511 9512 9513
f 9512 9514 9513
f 9513 9514 9515
f 7844 7843 9516
f 7843 9517 9516
f 9516 9517 9511
f 9517 9518 9511
f 9511 9518 9512
f 9519 9520 9521
f 9520 9522 9521
f 9521 9522 9523
f 9522 9524 9523
f 9523 9524 9525
f 9524 9526 9525
f 9525 9526 9527
f 9526 9528 9527
f 9527 9528 9529
f 9528 9530 9529
f 9529 9530 9531
f 9530 9532 9531
f 9531 9532 9533
f 9532 9534 9533
f 9533 9534 9535
f 9534 9536 9535
f 9535 9536 9537
f 9536 9538 9537
f 9537 9538 9539
f 9538 9540 9539
f 9539 9540 9541
f 9540 9542 9541
f 9541 9542 9519
f 9542 9520 9519
f 9543 9544 9545
f 9544 9546 9545
f 9547 9548 9549
f 9548 9550 9549
f 9551 9552 9553
f 9552 9554 9553
f 9553 9554 9555
f 9554 9556 9555
f 9555 9556 9557
f 9556 9558 9557
f 9557 9558 9559
f 9558 9560 9559
f 9561 9562 9563
f 9562 9564 9563
f 9563 9564 9565
f 9564 9566 9565
f 9565 9566 9567
f 9566 9568 9567
f 9567 9568 9569
f 9568 9570 9569
f 9569 9570 9571
f 9570 9572 9571
f 9571 9572 9573
f 9572 9574 9573
f 9573 9574 9575
f 9574 9576 9575
f 9575 9576 9577
f 9576 9578 9577
f 9577 9578 9579
f 9578 9580 9579
f 9579 9580 9581
f 9580 9582 9581
f 9581 9582 9583
f 9582 9584 9583
f 9583 9584 9585
f 9584 9586 9585
f 9585 9586 9561
f 9586 9562 9561
f 9587 9588 9589
f 9588 9590 9589
f 9589 9590 9591
f 9590 9592 9591
f 9591 9592 9593
f 9592 9594 9593
f 9593 9594 9595
f 9594 9596 9595
f 9595 9596 9597
f 9596 9598 9597
f 9597 9598 9599
f 9598 9600 9599
f 9599 9600 9601
f 9600 9602 9601
f 9601 9602 9603
f 9602 9604 9603
f 9603 9604 9605
f 9604 9606 9605
f 9605 9606 9607
f 9606 9608 9607
f 9607 9608 9609
f 9608 9610 9609
f 9609 9610 9587
f 9610 9588 9587
f 9611 9612 9613
f 9612 9614 9613
f 9613 9614 9615
f 9614 9616 9615
f 9615 9616 9617
f 9616 9618 9617
f 9619 9620 9621
f 9620 9622 9621
f 9621 9622 9623
f 9622 9624 9623
f 9623 9624 9625
f 9624 9626 9625
f 9625 9626 9627
f 9626 9628 9627
f 9627 9628 9629
f 9628 9630 9629
f 9629 9630 9631
f 9630 9632 9631
f 9631 9632 9633
f 9632 9634 9633
f 9633 9634 9635
f 9634 9636 9635
f 9635 9636 9637
f 9636 9638 9637
f 7870 7869 9639
f 7869 9640 9639
f 9639 9640 9641
f 9640 9642 9641
f 9641 9642 9643
f 9642 9644 9643
f 9645 9646 9647
f 9645 9647 9648
f 9647 9649 9648
f 9648 9649 9650
f 9649 9651 9650
f 9650 9651 9652
f 9653 9654 9655
f 9654 9656 9655
f 9655 9656 9657
f 9656 9658 9657
f 9657 9658 9659
f 9658 9660 9659
f 9659 9660 9661
f 9660 9662 9661
f 9661 9662 9663
f 9662 9664 9663
f 9663 9664 9665
f 9664 9666 9665
f 9665 9666 9667
f 9666 9668 9667
f 9667 9668 9669
f 9668 9670 9669
f 9669 9670 9671
f 9670 9672 9671
f 9671 9672 9673
f 9672 9674 9673
f 9673 9674 9675
f 9674 9676 9675
f 9675 9676 9653
f 9676 9654 9653
f 9677 9678 9679
f 9678 9680 9679
f 7879 7967 7880
f 7967 7968 7880
f 9681 9682 9683
f 9682 9684 9683
f 9683 9684 9685
f 9684 9686 9685
f 9685 9686 9687
f 9686 9688 9687
f 9689 9690 9691
f 9689 9691 9692
f 9691 9693 9692
f 9692 9693 9694
f 9693 9695 9694
f 9694 9695 9696
f 9695 9515 9696
f 9696 9515 9514
f 9646 9645 9697
f 9645 9698 9697
f 9697 9698 9699
f 9698 9700 9699
f 9699 9700 9701
f 9700 9702 9701
f 9701 9702 9703
f 9702 9704 9703
f 9703 9704 9705
f 9704 9706 9705
f 9707 9708 9709
f 9708 9710 9709
f 9709 9710 9711
f 9710 9712 9711
f 9711 9712 9713
f 9712 9714 9713
f 9713 9714 9715
f 9714 9716 9715
f 9715 9716 9717
f 9716 9718 9717
f 9717 9718 9719
f 9718 9720 9719
f 9719 9720 9721
f 9720 9722 9721
f 9721 9722 9723
f 9722 9724 9723
f 9723 9724 9725
f 9724 9726 9725
f 9725 9726 9727
f 9726 9728 9727
f 9727 9728 9729
f 9728 9730 9729
f 9729 9730 9707
f 9730 9708 9707
f 9731 9732 9733
f 9732 9734 9733
f 9733 9734 9735
f 9734 9736 9735
f 9735 9736 9551
f 9736 9552 9551
f 9687 9688 9737
f 9687 9737 9738
f 9737 9739 9738
f 9738 9739 9740
f 9739 9741 9740
f 9740 9741 9742
f 9743 9744 9745
f 9744 9746 9745
f 9745 9746 9747
f 9746 9748 9747
f 9747 9748 9749
f 9748 9750 9749
f 9749 9750 9751
f 9750 9752 9751
f 9753 9754 9755
f 9753 9755 9756
f 9755 9757 9756
f 9756 9757 9758
f 9757 9759 9758
f 9758 9759 9760
f 9761 9762 9763
f 9761 9763 9764
f 9763 9765 9764
f 9764 9765 9766
f 9765 9705 9766
f 9766 9705 9706
f 9767 9768 9769
f 9768 9770 9769
f 9769 9770 9771
f 9770 9772 9771
f 9771 9772 9773
f 9772 9774 9773
f 9773 9774 9775
f 9774 9776 9775
f 9775 9776 9777
f 9776 9778 9777
f 9777 9778 9779
f 9778 9780 9779
f 9779 9780 9781
f 9780 9782 9781
f 9781 9782 9783
f 9782 9784 9783
f 9783 9784 9785
f 9784 9786 9785
f 9785 9786 9787
f 9786 9788 9787
f 9787 9788 9789
f 9788 9790 9789
f 9789 9790 9767
f 9790 9768 9767
f 9732 9731 9791
f 9731 9792 9791
f 9791 9792 9793
f 9792 9794 9793
f 9793 9794 9795
f 9794 9796 9795
f 9795 9796 9797
f 9796 9798 9797
f 9797 9798 9799
f 9798 9800 9799
f 9801 9802 9803
f 9802 9804 9803
f 9805 9806 9807
f 9806 9808 9807
f 9807 9808 9809
f 9808 9810 9809
f 9809 9810 9811
f 9810 9812 9811
f 9811 9812 7871
f 9812 7872 7871
f 9486 9485 9813
f 9486 9813 9814
f 9813 9815 9814
f 9814 9815 9816
f 9815 9677 9816
f 9816 9677 9679
f 9817 9818 9819
f 9818 9820 9819
f 9819 9820 9761
f 9820 9762 9761
f 9821 9822 9823
f 9822 9824 9823
f 9823 9824 9825
f 9824 9826 9825
f 9825 9826 9827
f 9826 9828 9827
f 9827 9828 9829
f 9828 9830 9829
f 9829 9830 9831
f 9830 9832 9831
f 9831 9832 9833
f 9832 9834 9833
f 9833 9834 9835
f 9834 9836 9835
f 9835 9836 9837
f 9836 9838 9837
f 9837 9838 9839
f 9838 9840 9839
f 9839 9840 9841
f 9840 9842 9841
f 9841 9842 9843
f 9842 9844 9843
f 9843 9844 9821
f 9844 9822 9821
f 9459 9460 9845
f 9460 9846 9845
f 9845 9846 9847
f 9846 9848 9847
f 9847 9848 9800
f 9848 9799 9800
f 9849 9850 9851
f 9850 9852 9851
f 9851 9852 9853
f 9852 9854 9853
f 9853 9854 9743
f 9854 9744 9743
f 9855 9856 9857
f 9856 9858 9857
f 9857 9858 9859
f 9858 9860 9859
f 9859 9860 9493
f 9860 9494 9493
f 9861 9862 9863
f 9862 9864 9863
f 9863 9864 9865
f 9864 9866 9865
f 9867 9868 9869
f 9868 9870 9869
f 9869 9870 9871
f 9870 9872 9871
f 9871 9872 9873
f 9872 9874 9873
f 9754 9753 9875
f 9753 9876 9875
f 9875 9876 9877
f 9876 9878 9877
f 9877 9878 9879
f 9878 9880 9879
f 9879 9880 9881
f 9880 9882 9881
f 9881 9882 9883
f 9882 9884 9883
f 9883 9884 9885
f 9884 9886 9885
f 9885 9886 9887
f 9886 9888 9887
f 9887 9888 9889
f 9888 9890 9889
f 9891 9892 9893
f 9892 9894 9893
f 9850 9849 9895
f 9849 9896 9895
f 9895 9896 9897
f 9896 9898 9897
f 9897 9898 9899
f 9898 9900 9899
f 9899 9900 9901
f 9900 9902 9901
f 9901 9902 7878
f 9902 7877 7878
f 9903 9904 9905
f 9904 9906 9905
f 9905 9906 9907
f 9906 9908 9907
f 9907 9908 9909
f 9908 9910 9909
f 9909 9910 9911
f 9910 9912 9911
f 9913 9914 9915
f 9913 9915 9916
f 9915 9917 9916
f 9916 9917 9918
f 9917 8122 9918
f 9918 8122 8121
f 9919 9920 9921
f 9920 9922 9921
f 9921 9922 9923
f 9922 9924 9923
f 9923 9924 9925
f 9924 9926 9925
f 9925 9926 9927
f 9926 9928 9927
f 9927 9928 9929
f 9928 9930 9929
f 9929 9930 9931
f 9930 9932 9931
f 9931 9932 9933
f 9932 9934 9933
f 9933 9934 9935
f 9934 9936 9935
f 9935 9936 9937
f 9936 9938 9937
f 9939 9940 9941
f 9940 9942 9941
f 9943 9944 9945
f 9944 9946 9945
f 9947 9948 9949
f 9948 9950 9949
f 9951 9952 9953
f 9952 9954 9953
f 9955 9956 9957
f 9956 9958 9957
f 9957 9958 9959
f 9958 9960 9959
f 9959 9960 9961
f 9960 9962 9961
f 9963 9964 9965
f 9964 9966 9965
f 9965 9966 9967
f 9966 9968 9967
f 9967 9968 9969
f 9968 9970 9969
f 9971 9972 9973
f 9972 9974 9973
f 9973 9974 9975
f 9974 9976 9975
f 9977 9978 9979
f 9978 9980 9979
f 9981 9982 9983
f 9982 9984 9983
f 9985 9986 9987
f 9986 9988 9987
f 9989 9990 9991
f 9990 9992 9991
f 9993 9994 9995
f 9994 9996 9995
f 9995 9996 9997
f 9996 9998 9997
f 9997 9998 9999
f 9998 10000 9999
f 10001 10002 10003
f 10002 10004 10003
f 10003 10004 10005
f 10004 10006 10005
f 10005 10006 9983
f 10006 9981 9983
f 10007 10008 10009
f 10008 10010 10009
f 10009 10010 10011
f 10010 10012 10011
f 10013 10014 10015
f 10014 10016 10015
f 10017 10018 10019
f 10018 10020 10019
f 10021 10022 10023
f 10022 10024 10023
f 10025 10026 10027
f 10026 10028 10027
f 10029 10030 10031
f 10030 10032 10031
f 10031 10032 10033
f 10032 10034 10033
f 9984 9982 10035
f 9982 10036 10035
f 10035 10036 10018
f 10036 10020 10018
f 10037 10038 10039
f 10038 10040 10039
f 10039 10040 10041
f 10040 10042 10041
f 10043 10044 10045
f 10044 10046 10045
f 10045 10046 10047
f 10046 10048 10047
f 10047 10048 10049
f 10048 10050 10049
f 10049 10050 10051
f 10050 10052 10051
f 10053 10054 10055
f 10054 10056 10055
f 10057 10058 10059
f 10058 10060 10059
f 10061 10062 10063
f 10062 10064 10063
f 10065 10066 10067
f 10066 10068 10067
f 10069 10070 10071
f 10070 10072 10071
f 10071 10072 10073
f 10072 10074 10073
f 10073 10074 10023
f 10074 10021 10023
f 10075 10076 10077
f 10076 10078 10077
f 10077 10078 10079
f 10078 10080 10079
f 10081 10082 10083
f 10082 10084 10083
f 10083 10084 10085
f 10084 10086 10085
f 10087 10088 10089
f 10088 10090 10089
f 10089 10090 10091
f 10090 10092 10091
f 10093 10094 10095
f 10094 10096 10095
f 10095 10096 9979
f 10096 9977 9979
f 10097 10098 10099
f 10098 10100 10099
f 10101 10102 10103
f 10102 10104 10103
f 10105 10106 10107
f 10106 10108 10107
f 10024 10022 10109
f 10022 10110 10109
f 10109 10110 10111
f 10110 10112 10111
f 10113 10114 10115
f 10114 10116 10115
f 10115 10116 10117
f 10116 10118 10117
f 10117 10118 10119
f 10118 10120 10119
f 10061 10063 10121
f 10063 10122 10121
f 10121 10122 10123
f 10122 10124 10123
f 10123 10124 10103
f 10124 10101 10103
f 10125 10126 10127
f 10126 10128 10127
f 10127 10128 10129
f 10128 10130 10129
f 10129 10130 10131
f 10130 10132 10131
f 10131 10132 10133
f 10132 10134 10133
f 9980 9978 10135
f 9978 10136 10135
f 10135 10136 10015
f 10136 10013 10015
f 10137 10002 10138
f 10002 10001 10138
f 10139 10140 10141
f 10140 10142 10141
f 10143 10144 10145
f 10144 10146 10145
f 10147 10148 10149
f 10148 10150 10149
f 10149 10150 10151
f 10150 10152 10151
f 10151 10152 10153
f 10152 10154 10153
f 10155 10156 10157
f 10156 10158 10157
f 10157 10158 10159
f 10158 10160 10159
f 10159 10160 10161
f 10160 10162 10161
f 10104 10102 10163
f 10102 10164 10163
f 10163 10164 10141
f 10164 10139 10141
f 10165 10166 10167
f 10166 10168 10167
f 10167 10168 10169
f 10168 10170 10169
f 10169 10170 10171
f 10170 10172 10171
f 10171 10172 10173
f 10172 10174 10173
f 10173 10174 10175
f 10174 10176 10175
f 10175 10176 10177
f 10176 10178 10177
f 10177 10178 10179
f 10178 10180 10179
f 10179 10180 10181
f 10180 10182 10181
f 10181 10182 10183
f 10182 10184 10183
f 10183 10184 10185
f 10184 10186 10185
f 10185 10186 10187
f 10186 10188 10187
f 10187 10188 10165
f 10188 10166 10165
f 10016 10014 10189
f 10014 10190 10189
f 10189 10190 10191
f 10190 10192 10191
f 10193 10194 10195
f 10194 10196 10195
f 10197 10198 10199
f 10198 10200 10199
f 10201 10202 10203
f 10202 10204 10203
f 10205 10206 10207
f 10206 10208 10207
f 10207 10208 10209
f 10208 10210 10209
f 10209 10210 10211
f 10210 10212 10211
f 10213 10214 10215
f 10214 10216 10215
f 10215 10216 10217
f 10216 10218 10217
f 10142 10140 10219
f 10140 10220 10219
f 10219 10220 10221
f 10220 10222 10221
f 10221 10222 10223
f 10222 10224 10223
f 10225 10226 10227
f 10228 10229 10230
f 10231 10232 10233
f 10234 10235 10236
f 10237 10238 10239
f 10240 10241 10242
f 10241 10243 10242
f 10242 10243 10237
f 10243 10244 10237
f 10237 10244 10238
f 10245 10230 10246
f 10230 10247 10246
f 10248 10249 10250
f 10251 10252 10225
f 10252 10253 10225
f 10235 10254 10236
f 10254 10255 10236
f 10236 10255 10250
f 10255 10256 10250
f 10250 10256 10248
f 10249 10257 10250
f 10257 10258 10250
f 10250 10258 10225
f 10258 10259 10225
f 10225 10259 10251
f 10260 10261 10262
f 10263 10264 10265
f 10261 10266 10262
f 10266 10267 10262
f 10262 10267 10263
f 10267 10268 10263
f 10263 10268 10264
f 10269 10270 10271
f 10270 10272 10271
f 10273 10274 10275
f 10274 10276 10275
f 10275 10276 10271
f 10276 10277 10271
f 10271 10277 10269
f 10272 10278 10279
f 10278 10280 10279
f 10279 10280 10281
f 10281 10282 10279
f 10282 10283 10279
f 10279 10283 10284
f 10283 10285 10284
f 10284 10285 10286
f 10287 10288 10289
f 10290 10291 10292
f 10291 10293 10292
f 10292 10293 10294
f 10293 10295 10294
f 10295 10296 10294
f 10296 10297 10294
f 10294 10297 10287
f 10297 10298 10287
f 10287 10298 10288
f 10299 10300 10301
f 10300 10287 10301
f 10301 10287 10302
f 10287 10289 10302
f 10303 10304 10305
f 10299 10306 10307
f 10306 10308 10307
f 10307 10308 10309
f 10309 10310 10307
f 10310 10311 10307
f 10307 10311 10303
f 10311 10312 10303
f 10303 10312 10304
f 10313 10314 10315
f 10316 10317 10318
f 10319 10320 10321
f 10320 10322 10321
f 10314 10323 10315
f 10323 10324 10315
f 10315 10324 10322
f 10324 10325 10322
f 10322 10325 10321
f 10316 10318 10315
f 10318 10326 10315
f 10315 10326 10313
f 10327 10328 10329
f 10319 10330 10320
f 10330 10331 10320
f 10320 10331 10332
f 10331 10333 10332
f 10333 10334 10332
f 10332 10334 10335
f 10328 10336 10329
f 10336 10337 10329
f 10329 10337 10316
f 10337 10338 10316
f 10316 10338 10317
f 10339 10340 10300
f 10340 10341 10300
f 10341 10342 10300
f 10300 10342 10316
f 10342 10343 10316
f 10316 10343 10344
f 10345 10329 10346
f 10329 10316 10346
f 10346 10316 10347
f 10316 10344 10347
f 10299 10307 10300
f 10307 10348 10300
f 10300 10348 10339
f 10349 10350 10307
f 10350 10351 10307
f 10307 10351 10348
f 10352 10353 10354
f 10353 10355 10354
f 10354 10355 10356
f 10357 10358 10359
f 10358 10360 10359
f 10359 10360 10361
f 10231 10233 10362
f 10345 10363 10329
f 10363 10364 10329
f 10329 10364 10233
f 10364 10365 10233
f 10233 10365 10362
f 10366 10367 10236
f 10284 10368 10369
f 10367 10370 10236
f 10370 10371 10236
f 10236 10371 10284
f 10371 10372 10284
f 10284 10372 10368
f 10373 10374 10375
f 10369 10376 10284
f 10376 10377 10284
f 10284 10377 10279
f 10377 10378 10279
f 10279 10378 10375
f 10378 10379 10375
f 10375 10379 10373
f 10380 10381 10382
f 10374 10383 10375
f 10383 10384 10375
f 10375 10384 10380
f 10384 10385 10380
f 10380 10385 10381
f 10382 10386 10380
f 10386 10387 10380
f 10380 10387 10250
f 10387 10388 10250
f 10250 10388 10236
f 10388 10389 10236
f 10236 10389 10366
f 10390 10391 10225
f 10391 10392 10225
f 10392 10393 10225
f 10225 10393 10250
f 10393 10394 10250
f 10250 10394 10395
f 10396 10397 10398
f 10397 10399 10398
f 10399 10397 10400
f 10397 10401 10400
f 10400 10401 10402
f 10402 10401 10403
f 10401 10294 10403
f 10403 10294 10404
f 10405 10406 10287
f 10406 10407 10287
f 10287 10407 10294
f 10407 10408 10294
f 10294 10408 10404
f 10409 10410 10380
f 10395 10411 10250
f 10411 10412 10250
f 10250 10412 10380
f 10412 10413 10380
f 10380 10413 10409
f 10410 10414 10415
f 10414 10416 10415
f 10415 10416 10287
f 10416 10417 10287
f 10287 10417 10405
f 10272 10279 10271
f 10279 10418 10271
f 10271 10418 10419
f 10420 10421 10279
f 10421 10422 10279
f 10279 10422 10418
f 10422 10423 10418
f 10418 10423 10424
f 10423 10425 10424
f 10424 10425 10426
f 10425 10427 10426
f 10428 10429 10375
f 10429 10430 10375
f 10430 10431 10375
f 10375 10431 10279
f 10431 10432 10279
f 10279 10432 10420
f 10322 10433 10434
f 10435 10436 10315
f 10436 10437 10315
f 10315 10437 10438
f 10437 10439 10438
f 10438 10439 10440
f 10435 10315 10441
f 10315 10322 10441
f 10441 10322 10442
f 10322 10434 10442
f 10442 10434 10443
f 10427 10444 10426
f 10444 10445 10426
f 10426 10445 10446
f 10445 10447 10446
f 10447 10448 10446
f 10446 10448 10449
f 10448 10450 10449
f 10449 10450 10443
f 10450 10451 10443
f 10443 10451 10442
f 10452 10453 10380
f 10410 10415 10380
f 10415 10454 10380
f 10380 10454 10452
f 10375 10455 10456
f 10456 10457 10375
f 10457 10438 10375
f 10375 10438 10428
f 10438 10440 10428
f 10453 10458 10380
f 10458 10459 10380
f 10380 10459 10375
f 10459 10460 10375
f 10375 10460 10455
f 10461 10462 10316
f 10300 10463 10464
f 10462 10465 10316
f 10465 10466 10316
f 10316 10466 10300
f 10466 10467 10300
f 10300 10467 10463
f 10464 10468 10300
f 10468 10469 10300
f 10300 10469 10287
f 10469 10470 10287
f 10287 10470 10415
f 10470 10471 10415
f 10415 10471 10454
f 10457 10472 10438
f 10472 10473 10438
f 10438 10473 10315
f 10473 10474 10315
f 10315 10474 10316
f 10474 10475 10316
f 10316 10475 10461
f 10476 10477 10478
f 10477 10479 10478
f 10478 10479 10480
f 10479 10481 10480
f 10481 10233 10360
f 10233 10232 10360
f 10360 10232 10361
f 10482 10483 10484
f 10483 10485 10484
f 10486 10230 10242
f 10230 10245 10242
f 10242 10245 10240
f 10486 10487 10230
f 10487 10488 10230
f 10230 10488 10228
f 10275 10489 10490
f 10265 10273 10263
f 10273 10275 10263
f 10263 10275 10491
f 10275 10490 10491
f 10491 10490 10492
f 10493 10494 10271
f 10494 10495 10271
f 10271 10495 10275
f 10495 10496 10275
f 10275 10496 10489
f 10497 10493 10498
f 10493 10271 10498
f 10498 10271 10499
f 10271 10419 10499
f 10500 10501 10322
f 10501 10502 10322
f 10322 10502 10433
f 10229 10226 10230
f 10226 10225 10230
f 10230 10225 10247
f 10225 10253 10247
f 10397 10503 10504
f 10505 10506 10401
f 10504 10507 10397
f 10507 10508 10397
f 10397 10508 10401
f 10508 10509 10401
f 10401 10509 10505
f 10510 10511 10227
f 10511 10512 10227
f 10510 10227 10513
f 10227 10514 10513
f 10513 10514 10515
f 10512 10503 10227
f 10503 10397 10227
f 10227 10397 10225
f 10397 10396 10225
f 10225 10396 10390
f 10516 10292 10517
f 10292 10294 10517
f 10517 10294 10518
f 10294 10401 10518
f 10518 10401 10514
f 10401 10506 10514
f 10514 10506 10515
f 10484 10519 10520
f 10521 10522 10303
f 10522 10523 10303
f 10524 10482 10525
f 10482 10484 10525
f 10525 10484 10526
f 10484 10520 10526
f 10524 10527 10482
f 10527 10528 10482
f 10482 10528 10516
f 10528 10529 10516
f 10516 10529 10530
f 10530 10521 10516
f 10521 10303 10516
f 10516 10303 10292
f 10303 10305 10292
f 10292 10305 10290
f 10523 10519 10303
f 10519 10484 10303
f 10303 10484 10307
f 10484 10354 10307
f 10307 10354 10349
f 10354 10356 10349
f 10357 10352 10358
f 10352 10354 10358
f 10358 10354 10531
f 10354 10484 10531
f 10531 10484 10532
f 10484 10485 10532
f 10532 10485 10533
f 10239 10234 10237
f 10234 10236 10237
f 10237 10236 10262
f 10236 10284 10262
f 10262 10284 10260
f 10284 10286 10260
f 10481 10479 10233
f 10479 10332 10233
f 10233 10332 10329
f 10332 10335 10329
f 10329 10335 10327
f 10477 10534 10479
f 10534 10535 10479
f 10479 10535 10332
f 10535 10536 10332
f 10332 10536 10320
f 10536 10537 10320
f 10320 10537 10322
f 10537 10538 10322
f 10322 10538 10500
f 10539 10540 10541
f 10540 10542 10541
f 10541 10542 10543
f 10542 10544 10543
f 10543 10544 10055
f 10544 10053 10055
f 10205 10545 10206
f 10545 10546 10206
f 10547 10548 10549
f 10548 10550 10549
f 10551 10552 10553
f 10552 10554 10553
f 10555 10556 10557
f 10556 10558 10557
f 10557 10558 10559
f 10558 10560 10559
f 10561 10562 10563
f 10562 10564 10563
f 10563 10564 10565
f 10564 10566 10565
f 10565 10566 10567
f 10566 10568 10567
f 10569 10570 10571
f 10570 10572 10571
f 10571 10572 10573
f 10572 10574 10573
f 10573 10574 10549
f 10574 10547 10549
f 10575 10576 10577
f 10578 10579 10580
f 10581 10582 10583
f 10584 10585 10586
f 10587 10588 10589
f 10583 10582 10590
f 10582 10591 10590
f 10590 10591 10588
f 10592 10593 10594
f 10593 10589 10594
f 10594 10589 10595
f 10591 10596 10588
f 10596 10597 10588
f 10588 10597 10589
f 10597 10598 10589
f 10589 10598 10595
f 10599 10600 10601
f 10600 10602 10601
f 10601 10602 10603
f 10577 10604 10605
f 10606 10599 10607
f 10599 10601 10607
f 10607 10601 10608
f 10601 10577 10608
f 10608 10577 10609
f 10577 10605 10609
f 10609 10605 10610
f 10611 10612 10613
f 10576 10614 10577
f 10614 10615 10577
f 10577 10615 10604
f 10614 10616 10615
f 10616 10617 10615
f 10615 10617 10611
f 10617 10618 10611
f 10611 10618 10612
f 10580 10619 10620
f 10621 10622 10623
f 10622 10624 10623
f 10625 10626 10627
f 10627 10628 10625
f 10628 10629 10625
f 10625 10629 10630
f 10631 10632 10633
f 10632 10634 10633
f 10635 10636 10637
f 10637 10638 10635
f 10638 10639 10635
f 10635 10639 10633
f 10639 10640 10633
f 10633 10640 10631
f 10641 10642 10583
f 10642 10643 10583
f 10583 10643 10581
f 10638 10644 10639
f 10644 10645 10639
f 10639 10645 10646
f 10645 10647 10646
f 10646 10647 10641
f 10647 10648 10641
f 10641 10648 10642
f 10579 10649 10580
f 10649 10650 10580
f 10580 10650 10651
f 10650 10652 10651
f 10651 10652 10653
f 10653 10654 10651
f 10654 10655 10651
f 10651 10655 10656
f 10655 10657 10656
f 10657 10658 10656
f 10658 10659 10656
f 10656 10659 10660
f 10660 10661 10656
f 10661 10662 10656
f 10656 10662 10663
f 10662 10664 10663
f 10663 10664 10665
f 10666 10667 10668
f 10669 10578 10670
f 10578 10580 10670
f 10670 10580 10671
f 10580 10620 10671
f 10671 10620 10672
f 10666 10668 10665
f 10667 10673 10668
f 10673 10674 10668
f 10668 10674 10670
f 10674 10675 10670
f 10670 10675 10669
f 10676 10677 10601
f 10678 10679 10589
f 10679 10680 10589
f 10681 10682 10683
f 10683 10684 10681
f 10684 10685 10681
f 10681 10685 10589
f 10685 10686 10589
f 10589 10686 10678
f 10603 10587 10601
f 10587 10589 10601
f 10601 10589 10676
f 10589 10680 10676
f 10677 10687 10601
f 10687 10688 10601
f 10601 10688 10577
f 10688 10689 10577
f 10577 10689 10575
f 10690 10691 10692
f 10691 10693 10692
f 10692 10693 10694
f 10693 10695 10694
f 10694 10695 10696
f 10697 10698 10699
f 10698 10700 10699
f 10699 10700 10701
f 10702 10703 10704
f 10701 10705 10699
f 10705 10706 10699
f 10699 10706 10707
f 10706 10708 10707
f 10707 10708 10704
f 10708 10709 10704
f 10704 10709 10702
f 10690 10692 10710
f 10692 10711 10710
f 10710 10711 10712
f 10703 10713 10704
f 10713 10714 10704
f 10704 10714 10711
f 10714 10715 10711
f 10711 10715 10712
f 10716 10717 10718
f 10719 10720 10721
f 10720 10722 10721
f 10723 10724 10725
f 10724 10726 10725
f 10725 10726 10727
f 10726 10728 10727
f 10716 10718 10721
f 10718 10729 10721
f 10721 10729 10719
f 10728 10730 10727
f 10730 10731 10727
f 10727 10731 10633
f 10731 10732 10633
f 10732 10733 10633
f 10733 10734 10633
f 10633 10734 10635
f 10734 10735 10635
f 10635 10735 10736
f 10736 10737 10635
f 10737 10738 10635
f 10635 10738 10716
f 10738 10739 10716
f 10716 10739 10717
f 10740 10721 10741
f 10721 10586 10741
f 10741 10586 10742
f 10586 10743 10742
f 10585 10744 10745
f 10745 10746 10585
f 10746 10747 10585
f 10585 10747 10586
f 10747 10748 10586
f 10586 10748 10743
f 10699 10749 10750
f 10751 10752 10753
f 10752 10754 10753
f 10753 10754 10744
f 10754 10755 10744
f 10744 10755 10745
f 10699 10750 10753
f 10750 10756 10753
f 10753 10756 10751
f 10740 10757 10721
f 10757 10758 10721
f 10721 10758 10716
f 10758 10759 10716
f 10716 10759 10760
f 10760 10761 10716
f 10761 10762 10716
f 10716 10762 10707
f 10762 10763 10707
f 10707 10763 10764
f 10764 10765 10707
f 10765 10766 10707
f 10707 10766 10699
f 10766 10767 10699
f 10699 10767 10749
f 10768 10769 10593
f 10770 10771 10772
f 10771 10773 10772
f 10772 10773 10774
f 10774 10775 10772
f 10775 10776 10772
f 10772 10776 10593
f 10776 10777 10593
f 10593 10777 10768
f 10778 10779 10681
f 10663 10780 10781
f 10769 10782 10593
f 10782 10783 10593
f 10593 10783 10589
f 10783 10784 10589
f 10589 10784 10681
f 10784 10785 10681
f 10681 10785 10778
f 10779 10786 10681
f 10786 10787 10681
f 10681 10787 10663
f 10787 10788 10663
f 10663 10788 10780
f 10770 10656 10789
f 10656 10663 10789
f 10789 10663 10790
f 10663 10781 10790
f 10711 10791 10792
f 10793 10794 10795
f 10794 10704 10795
f 10795 10704 10796
f 10704 10797 10796
f 10711 10792 10704
f 10792 10798 10704
f 10704 10798 10797
f 10799 10800 10801
f 10801 10800 10802
f 10800 10803 10802
f 10803 10804 10802
f 10802 10804 10711
f 10804 10805 10711
f 10711 10805 10791
f 10806 10807 10656
f 10770 10772 10656
f 10772 10808 10656
f 10656 10808 10806
f 10807 10809 10656
f 10809 10810 10656
f 10656 10810 10651
f 10810 10811 10651
f 10651 10811 10812
f 10812 10813 10651
f 10813 10814 10651
f 10651 10814 10801
f 10814 10815 10801
f 10801 10815 10799
f 10793 10816 10794
f 10816 10817 10794
f 10794 10817 10772
f 10817 10818 10772
f 10772 10818 10808
f 10819 10820 10821
f 10820 10822 10821
f 10821 10822 10635
f 10822 10823 10635
f 10635 10823 10636
f 10592 10824 10593
f 10824 10825 10593
f 10593 10825 10819
f 10826 10827 10716
f 10828 10829 10707
f 10829 10830 10707
f 10830 10831 10707
f 10707 10831 10716
f 10831 10832 10716
f 10716 10832 10826
f 10794 10833 10704
f 10833 10834 10704
f 10704 10834 10707
f 10834 10835 10707
f 10707 10835 10828
f 10836 10837 10593
f 10819 10821 10593
f 10821 10838 10593
f 10593 10838 10836
f 10837 10839 10593
f 10839 10840 10593
f 10593 10840 10772
f 10840 10841 10772
f 10772 10841 10842
f 10842 10843 10772
f 10843 10844 10772
f 10772 10844 10794
f 10844 10845 10794
f 10794 10845 10833
f 10827 10846 10716
f 10846 10847 10716
f 10716 10847 10635
f 10847 10848 10635
f 10635 10848 10821
f 10848 10849 10821
f 10821 10849 10838
f 10626 10625 10850
f 10625 10725 10850
f 10850 10725 10851
f 10725 10727 10851
f 10851 10727 10852
f 10727 10633 10852
f 10852 10633 10853
f 10633 10634 10853
f 10853 10634 10854
f 10630 10584 10625
f 10584 10586 10625
f 10625 10586 10725
f 10586 10721 10725
f 10725 10721 10723
f 10721 10722 10723
f 10665 10668 10663
f 10668 10611 10663
f 10663 10611 10681
f 10611 10613 10681
f 10681 10613 10682
f 10744 10621 10753
f 10621 10623 10753
f 10753 10623 10699
f 10623 10694 10699
f 10699 10694 10697
f 10694 10696 10697
f 10802 10855 10856
f 10856 10857 10802
f 10857 10858 10802
f 10802 10858 10801
f 10858 10859 10801
f 10801 10859 10860
f 10861 10862 10863
f 10860 10861 10801
f 10861 10863 10801
f 10801 10863 10651
f 10863 10864 10651
f 10651 10864 10580
f 10864 10865 10580
f 10580 10865 10619
f 10862 10866 10863
f 10866 10867 10863
f 10863 10867 10868
f 10867 10869 10868
f 10868 10869 10870
f 10623 10871 10872
f 10872 10873 10623
f 10873 10874 10623
f 10623 10874 10694
f 10874 10875 10694
f 10694 10875 10876
f 10876 10877 10694
f 10877 10878 10694
f 10694 10878 10692
f 10878 10879 10692
f 10692 10879 10711
f 10879 10880 10711
f 10711 10880 10802
f 10880 10868 10802
f 10802 10868 10855
f 10868 10870 10855
f 10881 10882 10883
f 10877 10884 10878
f 10884 10885 10878
f 10878 10885 10881
f 10885 10886 10881
f 10881 10886 10882
f 10883 10871 10881
f 10871 10623 10881
f 10881 10623 10887
f 10623 10624 10887
f 10887 10624 10888
f 10056 10054 10889
f 10054 10890 10889
f 10889 10890 10891
f 10890 10892 10891
f 10212 10556 10211
f 10556 10555 10211
f 9976 10082 9975
f 10082 10081 9975
f 10893 10894 10895
f 10894 10896 10895
f 10897 10898 10899
f 10898 10900 10899
f 10899 10900 10901
f 10900 10902 10901
f 10903 10904 10905
f 10904 10906 10905
f 10905 10906 9991
f 10906 9989 9991
f 10550 10548 10907
f 10548 10908 10907
f 10907 10908 9949
f 10908 9947 9949
f 10909 10910 10911
f 10910 10912 10911
f 10911 10912 10913
f 10912 10914 10913
f 10913 10914 10915
f 10914 10916 10915
f 10915 10916 10917
f 10916 10918 10917
f 10917 10918 10919
f 10918 10920 10919
f 10919 10920 10921
f 10920 10922 10921
f 10921 10922 10923
f 10922 10924 10923
f 10923 10924 10925
f 10924 10926 10925
f 10925 10926 10927
f 10926 10928 10927
f 10927 10928 10929
f 10928 10930 10929
f 10929 10930 10931
f 10930 10932 10931
f 10931 10932 10909
f 10932 10910 10909
f 10933 10934 10935
f 10934 10936 10935
f 10935 10936 10937
f 10936 10938 10937
f 10937 10938 10939
f 10938 10940 10939
f 10560 10898 10559
f 10898 10897 10559
f 10941 10085 10942
f 10085 10086 10942
f 10943 10944 10945
f 10944 10946 10945
f 10947 10948 10949
f 10948 10950 10949
f 10949 10950 10951
f 10950 10952 10951
f 10951 10952 10953
f 10952 10954 10953
f 9992 9990 10955
f 9990 10956 10955
f 10955 10956 10027
f 10956 10025 10027
f 9950 9948 10957
f 9948 10958 10957
f 10957 10958 10959
f 10958 10960 10959
f 10959 10960 10062
f 10960 10064 10062
f 10044 10043 10961
f 10044 10961 10962
f 10961 10963 10962
f 10962 10963 10964
f 10963 10965 10964
f 10964 10965 10966
f 10218 10562 10217
f 10562 10561 10217
f 10967 10968 10969
f 10968 10970 10969
f 10971 10972 10973
f 10972 10974 10973
f 10143 10145 10975
f 10145 10976 10975
f 10975 10976 10203
f 10976 10201 10203
f 10977 10978 10979
f 10978 10980 10979
f 10979 10980 10195
f 10980 10193 10195
f 10028 10026 10981
f 10026 10982 10981
f 10981 10982 10983
f 10982 10984 10983
f 10985 10986 10987
f 10986 10988 10987
f 10987 10988 10989
f 10988 10990 10989
f 10989 10990 10991
f 10990 10992 10991
f 10991 10992 10993
f 10992 10994 10993
f 10993 10994 10995
f 10993 10995 10996
f 10995 10997 10996
f 10996 10997 10998
f 10997 10051 10998
f 10998 10051 10052
f 9963 10567 9964
f 10567 10568 9964
f 10954 10978 10953
f 10978 10977 10953
f 10999 10008 11000
f 10008 10007 11000
f 10204 10202 11001
f 10202 11002 11001
f 11001 11002 11003
f 11002 11004 11003
f 11003 11004 10553
f 11004 10551 10553
f 10196 10194 11005
f 10194 11006 11005
f 11005 11006 11007
f 11006 11008 11007
f 11007 11008 10545
f 11008 10546 10545
f 11009 11010 11011
f 11010 11012 11011
f 11011 11012 11013
f 11012 11014 11013
f 11013 11014 10067
f 11014 10065 10067
f 11015 11016 11017
f 11016 11018 11017
f 11017 11018 11019
f 11018 11020 11019
f 11021 11022 11023
f 11021 11023 11024
f 11023 11025 11024
f 11024 11025 11026
f 11025 10091 11026
f 11026 10091 10092
f 9970 10076 9969
f 10076 10075 9969
f 10112 10148 10111
f 10148 10147 10111
f 11027 11028 11029
f 11028 11030 11029
f 10554 10552 11031
f 10552 11032 11031
f 11031 11032 11033
f 11032 11034 11033
f 10017 10019 11035
f 10019 11036 11035
f 11035 11036 9945
f 11036 9943 9945
f 10068 10066 11037
f 10066 11038 11037
f 11037 11038 11039
f 11038 11040 11039
f 11041 11042 11043
f 11042 11044 11043
f 11043 11044 11045
f 11044 11046 11045
f 11045 11046 11047
f 11046 11048 11047
f 11049 11050 11051
f 11049 11051 11052
f 11051 11053 11052
f 11052 11053 11054
f 11053 10133 11054
f 11054 10133 10134
f 10080 10114 10079
f 10114 10113 10079
f 9993 10153 9994
f 10153 10154 9994
f 10042 9972 10041
f 9972 9971 10041
f 11055 11056 11057
f 11056 11058 11057
f 11057 11058 10945
f 11058 10943 10945
f 9946 9944 11059
f 9944 11060 11059
f 11059 11060 11061
f 11060 11062 11061
f 11061 11062 10059
f 11062 10057 10059
f 11063 11064 11065
f 11064 11066 11065
f 11065 11066 11067
f 11066 11068 11067
f 11067 11068 11069
f 11068 11070 11069
f 11071 11072 11073
f 11071 11073 11074
f 11073 11075 11074
f 11074 11075 11076
f 11075 10986 11076
f 11076 10986 10985
f 10892 10934 10891
f 10934 10933 10891
f 11077 11078 11079
f 11078 11080 11079
f 10000 10030 9999
f 10030 10029 9999
f 11040 11064 11039
f 11064 11063 11039
f 10946 10944 11081
f 10944 11082 11081
f 11081 11082 10107
f 11082 10105 10107
f 10060 10058 11083
f 10058 11084 11083
f 11083 11084 11085
f 11084 11086 11085
f 10941 10942 11087
f 10942 11088 11087
f 11087 11088 10973
f 11088 10971 10973
f 10088 10087 11089
f 10088 11089 11090
f 11089 11091 11090
f 11090 11091 11092
f 11091 11093 11092
f 11092 11093 11094
f 10093 10939 10094
f 10939 10940 10094
f 10162 10214 10161
f 10214 10213 10161
f 10034 9956 10033
f 9956 9955 10033
f 10903 11069 10904
f 11069 11070 10904
f 10108 10106 11095
f 10106 11096 11095
f 11095 11096 10144
f 11096 10146 10144
f 11097 11098 11099
f 11098 11100 11099
f 11099 11100 10138
f 11100 10137 10138
f 10974 10972 11101
f 10972 11102 11101
f 11101 11102 11103
f 11102 11104 11103
f 11103 11104 11000
f 11104 10999 11000
f 11105 11106 11107
f 11106 11108 11107
f 11107 11108 11109
f 11108 11110 11109
f 11109 11110 11111
f 11110 11112 11111

