# https://github.com/mikedh/trimesh
v 0.03600000 0.16574529 0.00379564
v 0.04000000 0.16807916 0.00491447
v 0.03600000 0.16807916 0.00491447
v 0.04000000 0.17065976 0.00471648
v 0.03600000 0.17065976 0.00471648
v 0.04000000 0.17279564 0.00325471
v 0.03600000 0.17279564 0.00325471
v 0.04000000 0.17391447 0.00092084
v 0.03600000 0.17391447 0.00092084
v 0.04000000 0.17371648 -0.00165976
v 0.03600000 0.17371648 -0.00165976
v 0.04000000 0.17225471 -0.00379564
v 0.03600000 0.17225471 -0.00379564
v 0.04000000 0.16992084 -0.00491447
v 0.03600000 0.16992084 -0.00491447
v 0.04000000 0.16734024 -0.00471648
v 0.03600000 0.16734024 -0.00471648
v 0.04000000 0.16520436 -0.00325471
v 0.03600000 0.16520436 -0.00325471
v 0.04000000 0.16408553 -0.00092084
v 0.03600000 0.16408553 -0.00092084
v 0.04000000 0.16428352 0.00165976
v 0.03600000 0.16428352 0.00165976
v 0.04000000 0.16574529 0.00379564
v 0.03600000 0.16853958 0.00245724
v 0.03600000 0.16807916 0.00491447
v 0.03600000 0.16982988 0.00235824
v 0.03600000 0.17065976 0.00471648
v 0.03600000 0.17089782 0.00162735
v 0.03600000 0.17279564 0.00325471
v 0.03600000 0.17145724 0.00046042
v 0.03600000 0.17391447 0.00092084
v 0.03600000 0.17135824 -0.00082988
v 0.03600000 0.17371648 -0.00165976
v 0.03600000 0.17062735 -0.00189782
v 0.03600000 0.17225471 -0.00379564
v 0.03600000 0.16946042 -0.00245724
v 0.03600000 0.16992084 -0.00491447
v 0.03600000 0.16817012 -0.00235824
v 0.03600000 0.16734024 -0.00471648
v 0.03600000 0.16710218 -0.00162735
v 0.03600000 0.16520436 -0.00325471
v 0.03600000 0.16654276 -0.00046042
v 0.03600000 0.16408553 -0.00092084
v 0.03600000 0.16664176 0.00082988
v 0.03600000 0.16428352 0.00165976
v 0.03600000 0.16737265 0.00189782
v 0.03600000 0.16574529 0.00379564
v 0.04080000 0.16737265 0.00189782
v 0.03600000 0.16737265 0.00189782
v 0.04080000 0.16853958 0.00245724
v 0.03600000 0.16853958 0.00245724
v 0.04080000 0.16982988 0.00235824
v 0.03600000 0.16982988 0.00235824
v 0.04080000 0.17089782 0.00162735
v 0.03600000 0.17089782 0.00162735
v 0.04080000 0.17145724 0.00046042
v 0.03600000 0.17145724 0.00046042
v 0.04080000 0.17135824 -0.00082988
v 0.03600000 0.17135824 -0.00082988
v 0.04080000 0.17062735 -0.00189782
v 0.03600000 0.17062735 -0.00189782
v 0.04080000 0.16946042 -0.00245724
v 0.03600000 0.16946042 -0.00245724
v 0.04080000 0.16817012 -0.00235824
v 0.03600000 0.16817012 -0.00235824
v 0.04080000 0.16710218 -0.00162735
v 0.03600000 0.16710218 -0.00162735
v 0.04080000 0.16654276 -0.00046042
v 0.03600000 0.16654276 -0.00046042
v 0.04080000 0.16664176 0.00082988
v 0.03600000 0.16664176 0.00082988
v 0.04080000 0.17145724 0.00046042
v 0.04080000 0.17470079 0.00106818
v 0.04080000 0.17089782 0.00162735
v 0.04080000 0.17340294 0.00377546
v 0.04080000 0.16982988 0.00235824
v 0.04080000 0.17092533 0.00547112
v 0.04080000 0.16853958 0.00245724
v 0.04080000 0.16793182 0.00570079
v 0.04080000 0.16737265 0.00189782
v 0.04080000 0.16522454 0.00440294
v 0.04080000 0.16664176 0.00082988
v 0.04080000 0.16352888 0.00192533
v 0.04080000 0.16654276 -0.00046042
v 0.04080000 0.16329921 -0.00106818
v 0.04080000 0.16710218 -0.00162735
v 0.04080000 0.16459706 -0.00377546
v 0.04080000 0.16817012 -0.00235824
v 0.04080000 0.16707467 -0.00547112
v 0.04080000 0.16946042 -0.00245724
v 0.04080000 0.17006818 -0.00570079
v 0.04080000 0.17062735 -0.00189782
v 0.04080000 0.17277546 -0.00440294
v 0.04080000 0.17135824 -0.00082988
v 0.04080000 0.17447112 -0.00192533
v 0.04000000 0.16807916 0.00491447
v 0.04000000 0.16793182 0.00570079
v 0.04000000 0.17065976 0.00471648
v 0.04000000 0.17092533 0.00547112
v 0.04000000 0.17279564 0.00325471
v 0.04000000 0.17340294 0.00377546
v 0.04000000 0.17391447 0.00092084
v 0.04000000 0.17470079 0.00106818
v 0.04000000 0.17371648 -0.00165976
v 0.04000000 0.17447112 -0.00192533
v 0.04000000 0.17225471 -0.00379564
v 0.04000000 0.17277546 -0.00440294
v 0.04000000 0.16992084 -0.00491447
v 0.04000000 0.17006818 -0.00570079
v 0.04000000 0.16734024 -0.00471648
v 0.04000000 0.16707467 -0.00547112
v 0.04000000 0.16520436 -0.00325471
v 0.04000000 0.16459706 -0.00377546
v 0.04000000 0.16408553 -0.00092084
v 0.04000000 0.16329921 -0.00106818
v 0.04000000 0.16428352 0.00165976
v 0.04000000 0.16352888 0.00192533
v 0.04000000 0.16574529 0.00379564
v 0.04000000 0.16522454 0.00440294
v 0.04000000 0.16522454 0.00440294
v 0.04080000 0.16793182 0.00570079
v 0.04000000 0.16793182 0.00570079
v 0.04080000 0.17092533 0.00547112
v 0.04000000 0.17092533 0.00547112
v 0.04080000 0.17340294 0.00377546
v 0.04000000 0.17340294 0.00377546
v 0.04080000 0.17470079 0.00106818
v 0.04000000 0.17470079 0.00106818
v 0.04080000 0.17447112 -0.00192533
v 0.04000000 0.17447112 -0.00192533
v 0.04080000 0.17277546 -0.00440294
v 0.04000000 0.17277546 -0.00440294
v 0.04080000 0.17006818 -0.00570079
v 0.04000000 0.17006818 -0.00570079
v 0.04080000 0.16707467 -0.00547112
v 0.04000000 0.16707467 -0.00547112
v 0.04080000 0.16459706 -0.00377546
v 0.04000000 0.16459706 -0.00377546
v 0.04080000 0.16329921 -0.00106818
v 0.04000000 0.16329921 -0.00106818
v 0.04080000 0.16352888 0.00192533
v 0.04000000 0.16352888 0.00192533
v 0.04080000 0.16522454 0.00440294
v 0.03600000 0.10150030 -0.00003886
v 0.03600000 0.09900060 -0.00007771
v 0.03600000 0.10181577 0.00121620
v 0.03600000 0.09963154 0.00243240
v 0.03600000 0.10271650 0.00214537
v 0.03600000 0.10143300 0.00429075
v 0.03600000 0.10396114 0.00249970
v 0.03600000 0.10392229 0.00499940
v 0.03600000 0.10521620 0.00218423
v 0.03600000 0.10643240 0.00436846
v 0.03600000 0.10614537 0.00128350
v 0.03600000 0.10829075 0.00256700
v 0.03600000 0.10649970 0.00003886
v 0.03600000 0.10899940 0.00007771
v 0.03600000 0.10618423 -0.00121620
v 0.03600000 0.10836846 -0.00243240
v 0.03600000 0.10528350 -0.00214537
v 0.03600000 0.10656700 -0.00429075
v 0.03600000 0.10403886 -0.00249970
v 0.03600000 0.10407771 -0.00499940
v 0.03600000 0.10278380 -0.00218423
v 0.03600000 0.10156760 -0.00436846
v 0.03600000 0.10185463 -0.00128350
v 0.03600000 0.09970925 -0.00256700
v 0.03600000 0.09970925 -0.00256700
v 0.04000000 0.09900060 -0.00007771
v 0.03600000 0.09900060 -0.00007771
v 0.04000000 0.09963154 0.00243240
v 0.03600000 0.09963154 0.00243240
v 0.04000000 0.10143300 0.00429075
v 0.03600000 0.10143300 0.00429075
v 0.04000000 0.10392229 0.00499940
v 0.03600000 0.10392229 0.00499940
v 0.04000000 0.10643240 0.00436846
v 0.03600000 0.10643240 0.00436846
v 0.04000000 0.10829075 0.00256700
v 0.03600000 0.10829075 0.00256700
v 0.04000000 0.10899940 0.00007771
v 0.03600000 0.10899940 0.00007771
v 0.04000000 0.10836846 -0.00243240
v 0.03600000 0.10836846 -0.00243240
v 0.04000000 0.10656700 -0.00429075
v 0.03600000 0.10656700 -0.00429075
v 0.04000000 0.10407771 -0.00499940
v 0.03600000 0.10407771 -0.00499940
v 0.04000000 0.10156760 -0.00436846
v 0.03600000 0.10156760 -0.00436846
v 0.04000000 0.09970925 -0.00256700
v 0.04080000 0.10185463 -0.00128350
v 0.03600000 0.10185463 -0.00128350
v 0.04080000 0.10150030 -0.00003886
v 0.03600000 0.10150030 -0.00003886
v 0.04080000 0.10181577 0.00121620
v 0.03600000 0.10181577 0.00121620
v 0.04080000 0.10271650 0.00214537
v 0.03600000 0.10271650 0.00214537
v 0.04080000 0.10396114 0.00249970
v 0.03600000 0.10396114 0.00249970
v 0.04080000 0.10521620 0.00218423
v 0.03600000 0.10521620 0.00218423
v 0.04080000 0.10614537 0.00128350
v 0.03600000 0.10614537 0.00128350
v 0.04080000 0.10649970 0.00003886
v 0.03600000 0.10649970 0.00003886
v 0.04080000 0.10618423 -0.00121620
v 0.03600000 0.10618423 -0.00121620
v 0.04080000 0.10528350 -0.00214537
v 0.03600000 0.10528350 -0.00214537
v 0.04080000 0.10403886 -0.00249970
v 0.03600000 0.10403886 -0.00249970
v 0.04080000 0.10278380 -0.00218423
v 0.03600000 0.10278380 -0.00218423
v 0.04080000 0.10396114 0.00249970
v 0.04080000 0.10390985 0.00579930
v 0.04080000 0.10271650 0.00214537
v 0.04080000 0.10102228 0.00497727
v 0.04080000 0.10181577 0.00121620
v 0.04080000 0.09893259 0.00282158
v 0.04080000 0.10150030 -0.00003886
v 0.04080000 0.09820070 -0.00009015
v 0.04080000 0.10185463 -0.00128350
v 0.04080000 0.09902273 -0.00297772
v 0.04080000 0.10278380 -0.00218423
v 0.04080000 0.10117842 -0.00506741
v 0.04080000 0.10403886 -0.00249970
v 0.04080000 0.10409015 -0.00579930
v 0.04080000 0.10528350 -0.00214537
v 0.04080000 0.10697772 -0.00497727
v 0.04080000 0.10618423 -0.00121620
v 0.04080000 0.10906741 -0.00282158
v 0.04080000 0.10649970 0.00003886
v 0.04080000 0.10979930 0.00009015
v 0.04080000 0.10614537 0.00128350
v 0.04080000 0.10897727 0.00297772
v 0.04080000 0.10521620 0.00218423
v 0.04080000 0.10682158 0.00506741
v 0.04000000 0.09900060 -0.00007771
v 0.04000000 0.09820070 -0.00009015
v 0.04000000 0.09963154 0.00243240
v 0.04000000 0.09893259 0.00282158
v 0.04000000 0.10143300 0.00429075
v 0.04000000 0.10102228 0.00497727
v 0.04000000 0.10392229 0.00499940
v 0.04000000 0.10390985 0.00579930
v 0.04000000 0.10643240 0.00436846
v 0.04000000 0.10682158 0.00506741
v 0.04000000 0.10829075 0.00256700
v 0.04000000 0.10897727 0.00297772
v 0.04000000 0.10899940 0.00007771
v 0.04000000 0.10979930 0.00009015
v 0.04000000 0.10836846 -0.00243240
v 0.04000000 0.10906741 -0.00282158
v 0.04000000 0.10656700 -0.00429075
v 0.04000000 0.10697772 -0.00497727
v 0.04000000 0.10407771 -0.00499940
v 0.04000000 0.10409015 -0.00579930
v 0.04000000 0.10156760 -0.00436846
v 0.04000000 0.10117842 -0.00506741
v 0.04000000 0.09970925 -0.00256700
v 0.04000000 0.09902273 -0.00297772
v 0.04000000 0.09902273 -0.00297772
v 0.04080000 0.09820070 -0.00009015
v 0.04000000 0.09820070 -0.00009015
v 0.04080000 0.09893259 0.00282158
v 0.04000000 0.09893259 0.00282158
v 0.04080000 0.10102228 0.00497727
v 0.04000000 0.10102228 0.00497727
v 0.04080000 0.10390985 0.00579930
v 0.04000000 0.10390985 0.00579930
v 0.04080000 0.10682158 0.00506741
v 0.04000000 0.10682158 0.00506741
v 0.04080000 0.10897727 0.00297772
v 0.04000000 0.10897727 0.00297772
v 0.04080000 0.10979930 0.00009015
v 0.04000000 0.10979930 0.00009015
v 0.04080000 0.10906741 -0.00282158
v 0.04000000 0.10906741 -0.00282158
v 0.04080000 0.10697772 -0.00497727
v 0.04000000 0.10697772 -0.00497727
v 0.04080000 0.10409015 -0.00579930
v 0.04000000 0.10409015 -0.00579930
v 0.04080000 0.10117842 -0.00506741
v 0.04000000 0.10117842 -0.00506741
v 0.04080000 0.09902273 -0.00297772
v -0.05090000 0.16400000 0.02250000
v -0.04300000 0.16400000 0.02250000
v -0.05090000 0.16475000 0.02270096
v -0.04300000 0.16475000 0.02270096
v -0.05090000 0.16529904 0.02325000
v -0.04300000 0.16529904 0.02325000
v -0.05090000 0.16550000 0.02400000
v -0.04300000 0.16550000 0.02400000
v -0.05090000 0.16529904 0.02475000
v -0.04300000 0.16529904 0.02475000
v -0.05090000 0.16475000 0.02529904
v -0.04300000 0.16475000 0.02529904
v -0.05090000 0.16400000 0.02550000
v -0.04300000 0.16400000 0.02550000
v -0.05090000 0.16325000 0.02529904
v -0.04300000 0.16325000 0.02529904
v -0.05090000 0.16270096 0.02475000
v -0.04300000 0.16270096 0.02475000
v -0.05090000 0.16250000 0.02400000
v -0.04300000 0.16250000 0.02400000
v -0.05090000 0.16270096 0.02325000
v -0.04300000 0.16270096 0.02325000
v -0.05090000 0.16325000 0.02270096
v -0.04300000 0.16325000 0.02270096
v -0.04420711 0.17789611 -0.00150000
v -0.04400000 0.17787412 -0.00150000
v -0.04990000 0.17787412 -0.00150000
v -0.04665766 0.18177500 -0.00150000
v -0.04500000 0.18420000 -0.00150000
v -0.04645000 0.18100000 -0.00150000
v -0.04500000 0.17888686 -0.00150000
v -0.04665766 0.18022500 -0.00150000
v -0.05051831 0.17809115 -0.00150000
v -0.05074161 0.17834023 -0.00150000
v -0.04877500 0.17965766 -0.00150000
v -0.05087284 0.17865265 -0.00150000
v -0.04934234 0.18022500 -0.00150000
v -0.05090000 0.17888686 -0.00150000
v -0.04955000 0.18100000 -0.00150000
v -0.05090000 0.18420000 -0.00150000
v -0.04934234 0.18177500 -0.00150000
v -0.04800000 0.17945000 -0.00150000
v -0.04722500 0.17965766 -0.00150000
v -0.04452029 0.17802217 -0.00150000
v -0.04477612 0.17824857 -0.00150000
v -0.04494248 0.17854865 -0.00150000
v -0.04722500 0.18234234 -0.00150000
v -0.04800000 0.18255000 -0.00150000
v -0.04877500 0.18234234 -0.00150000
v -0.05022764 0.17793010 -0.00150000
v -0.04645000 0.15700000 -0.00895000
v -0.04645000 0.15700000 -0.00470000
v -0.04665766 0.15777500 -0.00895000
v -0.04665766 0.15777500 -0.00470000
v -0.04722500 0.15834234 -0.00895000
v -0.04722500 0.15834234 -0.00470000
v -0.04800000 0.15855000 -0.00895000
v -0.04800000 0.15855000 -0.00470000
v -0.04877500 0.15834234 -0.00895000
v -0.04877500 0.15834234 -0.00470000
v -0.04934234 0.15777500 -0.00895000
v -0.04934234 0.15777500 -0.00470000
v -0.04955000 0.15700000 -0.00895000
v -0.04955000 0.15700000 -0.00470000
v -0.04934234 0.15622500 -0.00895000
v -0.04934234 0.15622500 -0.00470000
v -0.04877500 0.15565766 -0.00895000
v -0.04877500 0.15565766 -0.00470000
v -0.04800000 0.15545000 -0.00895000
v -0.04800000 0.15545000 -0.00470000
v -0.04722500 0.15565766 -0.00895000
v -0.04722500 0.15565766 -0.00470000
v -0.04665766 0.15622500 -0.00895000
v -0.04665766 0.15622500 -0.00470000
v -0.04665766 0.18177500 0.01600000
v -0.04645000 0.18100000 0.01600000
v -0.04450000 0.18336364 0.01600000
v -0.04450000 0.17750000 0.01600000
v -0.04665766 0.18022500 0.01600000
v -0.04722500 0.17965766 0.01600000
v -0.05090000 0.17750000 0.01600000
v -0.04800000 0.17945000 0.01600000
v -0.04877500 0.17965766 0.01600000
v -0.04934234 0.18022500 0.01600000
v -0.04955000 0.18100000 0.01600000
v -0.05090000 0.18336364 0.01600000
v -0.04934234 0.18177500 0.01600000
v -0.04877500 0.18234234 0.01600000
v -0.04800000 0.18255000 0.01600000
v -0.04722500 0.18234234 0.01600000
v -0.05090000 0.17888686 0.00150000
v -0.05090000 0.17888686 -0.00150000
v -0.05084248 0.17854865 0.00150000
v -0.05087284 0.17865265 -0.00150000
v -0.05075340 0.17838795 0.00150000
v -0.05075978 0.17838350 -0.00150000
v -0.05074161 0.17834023 -0.00150000
v -0.05067612 0.17824857 0.00150000
v -0.05051831 0.17809115 -0.00150000
v -0.04990000 0.17787412 -0.00150000
v -0.04990000 0.17787412 0.00150000
v -0.05022764 0.17793010 -0.00150000
v -0.05010711 0.17789611 0.00150000
v -0.05039350 0.17802200 -0.00150000
v -0.05039863 0.17801345 0.00150000
v -0.05042029 0.17802217 0.00150000
v -0.05090000 0.15570043 0.01600000
v -0.05090000 0.15516021 0.01451439
v -0.05076603 0.15469031 0.01468526
v -0.05076603 0.15516840 0.01600000
v -0.05040000 0.15434632 0.01481035
v -0.05040000 0.15477892 0.01600000
v -0.04990000 0.15422041 0.01485613
v -0.04990000 0.15463636 0.01600000
v -0.05015882 0.15467262 0.01600000
v -0.04990000 0.15410000 0.00875000
v -0.04500000 0.15410000 0.00875000
v -0.04990000 0.15411522 0.00882654
v -0.04500000 0.15412680 0.00885000
v -0.04990000 0.15412963 0.00884810
v -0.04990000 0.15415858 0.00889142
v -0.04500000 0.15420000 0.00892320
v -0.04990000 0.15420190 0.00892036
v -0.04990000 0.15422346 0.00893477
v -0.04500000 0.15430000 0.00895000
v -0.04990000 0.15430000 0.00895000
v -0.05090000 0.17400000 -0.02550000
v -0.04300000 0.17400000 -0.02550000
v -0.05090000 0.17475000 -0.02529904
v -0.04300000 0.17475000 -0.02529904
v -0.05090000 0.17529904 -0.02475000
v -0.04300000 0.17529904 -0.02475000
v -0.05090000 0.17550000 -0.02400000
v -0.04300000 0.17550000 -0.02400000
v -0.05090000 0.17529904 -0.02325000
v -0.04300000 0.17529904 -0.02325000
v -0.05090000 0.17475000 -0.02270096
v -0.04300000 0.17475000 -0.02270096
v -0.05090000 0.17400000 -0.02250000
v -0.04300000 0.17400000 -0.02250000
v -0.05090000 0.17325000 -0.02270096
v -0.04300000 0.17325000 -0.02270096
v -0.05090000 0.17270096 -0.02325000
v -0.04300000 0.17270096 -0.02325000
v -0.05090000 0.17250000 -0.02400000
v -0.04300000 0.17250000 -0.02400000
v -0.05090000 0.17270096 -0.02475000
v -0.04300000 0.17270096 -0.02475000
v -0.05090000 0.17325000 -0.02529904
v -0.04300000 0.17325000 -0.02529904
v -0.04645000 0.15700000 -0.00470000
v -0.04500000 0.15410000 -0.00470000
v -0.04500000 0.16017334 -0.00470000
v -0.04440366 0.16122511 -0.00470000
v -0.04400000 0.16132472 -0.00470000
v -0.04990000 0.16132472 -0.00470000
v -0.04471735 0.16097124 -0.00470000
v -0.05076603 0.15460000 -0.00470000
v -0.05040000 0.15423397 -0.00470000
v -0.04990000 0.15410000 -0.00470000
v -0.04492841 0.16059661 -0.00470000
v -0.04722500 0.15834234 -0.00470000
v -0.04665766 0.15777500 -0.00470000
v -0.04665766 0.15622500 -0.00470000
v -0.04722500 0.15565766 -0.00470000
v -0.05090000 0.15510000 -0.00470000
v -0.04877500 0.15565766 -0.00470000
v -0.04800000 0.15545000 -0.00470000
v -0.05045837 0.16112558 -0.00470000
v -0.04877500 0.15834234 -0.00470000
v -0.05019632 0.16127210 -0.00470000
v -0.04800000 0.15855000 -0.00470000
v -0.04934234 0.15622500 -0.00470000
v -0.04955000 0.15700000 -0.00470000
v -0.05090000 0.16017334 -0.00470000
v -0.04934234 0.15777500 -0.00470000
v -0.05083811 0.16056772 -0.00470000
v -0.05067692 0.16089355 -0.00470000
v -0.04645000 0.18100000 0.00470000
v -0.04645000 0.18100000 0.00895000
v -0.04665766 0.18177500 0.00470000
v -0.04665766 0.18177500 0.00895000
v -0.04722500 0.18234234 0.00470000
v -0.04722500 0.18234234 0.00895000
v -0.04800000 0.18255000 0.00470000
v -0.04800000 0.18255000 0.00895000
v -0.04877500 0.18234234 0.00470000
v -0.04877500 0.18234234 0.00895000
v -0.04934234 0.18177500 0.00470000
v -0.04934234 0.18177500 0.00895000
v -0.04955000 0.18100000 0.00470000
v -0.04955000 0.18100000 0.00895000
v -0.04934234 0.18022500 0.00470000
v -0.04934234 0.18022500 0.00895000
v -0.04877500 0.17965766 0.00470000
v -0.04877500 0.17965766 0.00895000
v -0.04800000 0.17945000 0.00470000
v -0.04800000 0.17945000 0.00895000
v -0.04722500 0.17965766 0.00470000
v -0.04722500 0.17965766 0.00895000
v -0.04665766 0.18022500 0.00470000
v -0.04665766 0.18022500 0.00895000
v -0.04645000 0.18100000 0.01215000
v -0.04645000 0.18100000 0.01600000
v -0.04665766 0.18177500 0.01215000
v -0.04665766 0.18177500 0.01600000
v -0.04722500 0.18234234 0.01215000
v -0.04722500 0.18234234 0.01600000
v -0.04800000 0.18255000 0.01215000
v -0.04800000 0.18255000 0.01600000
v -0.04877500 0.18234234 0.01215000
v -0.04877500 0.18234234 0.01600000
v -0.04934234 0.18177500 0.01215000
v -0.04934234 0.18177500 0.01600000
v -0.04955000 0.18100000 0.01215000
v -0.04955000 0.18100000 0.01600000
v -0.04934234 0.18022500 0.01215000
v -0.04934234 0.18022500 0.01600000
v -0.04877500 0.17965766 0.01215000
v -0.04877500 0.17965766 0.01600000
v -0.04800000 0.17945000 0.01215000
v -0.04800000 0.17945000 0.01600000
v -0.04722500 0.17965766 0.01215000
v -0.04722500 0.17965766 0.01600000
v -0.04665766 0.18022500 0.01215000
v -0.04665766 0.18022500 0.01600000
v -0.04990000 0.16132472 -0.00470000
v -0.04990000 0.16321731 -0.00689642
v -0.05019632 0.16127210 -0.00470000
v -0.05028268 0.16316841 -0.00695475
v -0.05027872 0.16122603 -0.00470000
v -0.05045837 0.16112558 -0.00470000
v -0.05083811 0.16056772 -0.00470000
v -0.05081893 0.16060650 -0.00470000
v -0.05082388 0.16282068 -0.00736945
v -0.05067692 0.16089355 -0.00470000
v -0.05060711 0.16302912 -0.00712085
v -0.05090000 0.16017334 -0.00470000
v -0.05090000 0.16257479 -0.00766268
v -0.05090000 0.16415877 -0.00875000
v -0.05077587 0.16485932 -0.00868211
v -0.05069686 0.16530525 -0.00863890
v -0.05059178 0.16549949 -0.00862173
v -0.05034158 0.16596197 -0.00858084
v -0.04990000 0.16621969 -0.00855978
v -0.05002011 0.16620092 -0.00856128
v -0.05015305 0.16613607 -0.00856649
v -0.05028105 0.16601786 -0.00857624
v -0.04450000 0.16050000 -0.02600000
v -0.05090000 0.16050000 -0.02600000
v -0.05090000 0.16076795 -0.02700000
v -0.04450000 0.16076795 -0.02700000
v -0.05090000 0.16150000 -0.02773205
v -0.04450000 0.16150000 -0.02773205
v -0.05090000 0.16250000 -0.02800000
v -0.04450000 0.16250000 -0.02800000
v -0.05090000 0.16415877 0.00875000
v -0.05090000 0.15510000 0.00875000
v -0.05089319 0.16415877 0.00880176
v -0.05088478 0.15510000 0.00882654
v -0.05087321 0.16415877 0.00885000
v -0.05087037 0.15510000 0.00884810
v -0.05084142 0.16415877 0.00889142
v -0.05084142 0.15510000 0.00889142
v -0.05080000 0.16415877 0.00892320
v -0.05079810 0.15510000 0.00892036
v -0.05075176 0.16415877 0.00894319
v -0.05077654 0.15510000 0.00893477
v -0.05070000 0.16415877 0.00895000
v -0.05070000 0.15510000 0.00895000
v -0.05090000 0.16400000 -0.02550000
v -0.04300000 0.16400000 -0.02550000
v -0.05090000 0.16475000 -0.02529904
v -0.04300000 0.16475000 -0.02529904
v -0.05090000 0.16529904 -0.02475000
v -0.04300000 0.16529904 -0.02475000
v -0.05090000 0.16550000 -0.02400000
v -0.04300000 0.16550000 -0.02400000
v -0.05090000 0.16529904 -0.02325000
v -0.04300000 0.16529904 -0.02325000
v -0.05090000 0.16475000 -0.02270096
v -0.04300000 0.16475000 -0.02270096
v -0.05090000 0.16400000 -0.02250000
v -0.04300000 0.16400000 -0.02250000
v -0.05090000 0.16325000 -0.02270096
v -0.04300000 0.16325000 -0.02270096
v -0.05090000 0.16270096 -0.02325000
v -0.04300000 0.16270096 -0.02325000
v -0.05090000 0.16250000 -0.02400000
v -0.04300000 0.16250000 -0.02400000
v -0.05090000 0.16270096 -0.02475000
v -0.04300000 0.16270096 -0.02475000
v -0.05090000 0.16325000 -0.02529904
v -0.04300000 0.16325000 -0.02529904
v -0.04500000 0.16017334 -0.00470000
v -0.04500000 0.15410000 -0.00470000
v -0.04500000 0.15911314 -0.00150000
v -0.04500000 0.15410000 -0.00150000
v -0.04645000 0.18100000 -0.00150000
v -0.04645000 0.18100000 0.00150000
v -0.04665766 0.18177500 -0.00150000
v -0.04665766 0.18177500 0.00150000
v -0.04722500 0.18234234 -0.00150000
v -0.04722500 0.18234234 0.00150000
v -0.04800000 0.18255000 -0.00150000
v -0.04800000 0.18255000 0.00150000
v -0.04877500 0.18234234 -0.00150000
v -0.04877500 0.18234234 0.00150000
v -0.04934234 0.18177500 -0.00150000
v -0.04934234 0.18177500 0.00150000
v -0.04955000 0.18100000 -0.00150000
v -0.04955000 0.18100000 0.00150000
v -0.04934234 0.18022500 -0.00150000
v -0.04934234 0.18022500 0.00150000
v -0.04877500 0.17965766 -0.00150000
v -0.04877500 0.17965766 0.00150000
v -0.04800000 0.17945000 -0.00150000
v -0.04800000 0.17945000 0.00150000
v -0.04722500 0.17965766 -0.00150000
v -0.04722500 0.17965766 0.00150000
v -0.04665766 0.18022500 -0.00150000
v -0.04665766 0.18022500 0.00150000
v -0.04645000 0.15700000 0.01215000
v -0.04645000 0.15700000 0.01600000
v -0.04665766 0.15777500 0.01215000
v -0.04665766 0.15777500 0.01600000
v -0.04722500 0.15834234 0.01215000
v -0.04722500 0.15834234 0.01600000
v -0.04800000 0.15855000 0.01215000
v -0.04800000 0.15855000 0.01600000
v -0.04877500 0.15834234 0.01215000
v -0.04877500 0.15834234 0.01600000
v -0.04934234 0.15777500 0.01215000
v -0.04934234 0.15777500 0.01600000
v -0.04955000 0.15700000 0.01215000
v -0.04955000 0.15700000 0.01600000
v -0.04934234 0.15622500 0.01215000
v -0.04934234 0.15622500 0.01600000
v -0.04877500 0.15565766 0.01215000
v -0.04877500 0.15565766 0.01600000
v -0.04800000 0.15545000 0.01215000
v -0.04800000 0.15545000 0.01600000
v -0.04722500 0.15565766 0.01215000
v -0.04722500 0.15565766 0.01600000
v -0.04665766 0.15622500 0.01215000
v -0.04665766 0.15622500 0.01600000
v -0.05082195 0.17739192 -0.00470000
v -0.05082388 0.17517932 -0.00736945
v -0.05060711 0.17497087 -0.00712085
v -0.05090000 0.17542521 -0.00766268
v -0.05082841 0.17740339 -0.00470000
v -0.05090000 0.17782666 -0.00470000
v -0.05028176 0.17676948 -0.00470000
v -0.05030366 0.17677489 -0.00470000
v -0.05061735 0.17702876 -0.00470000
v -0.04990000 0.17478269 -0.00689642
v -0.04990000 0.17667528 -0.00470000
v -0.04990000 0.17178031 -0.00855978
v -0.04997480 0.17178759 -0.00856036
v -0.05012635 0.17184715 -0.00856514
v -0.05062564 0.17251613 -0.00862257
v -0.05047517 0.17222540 -0.00859682
v -0.05028268 0.17483159 -0.00695475
v -0.05028075 0.17198049 -0.00857613
v -0.05024791 0.17193912 -0.00857263
v -0.05075627 0.17314706 -0.00868324
v -0.05090000 0.17384123 -0.00875000
v -0.05090000 0.17750000 -0.02600000
v -0.04450000 0.17750000 -0.02600000
v -0.04450000 0.17723205 -0.02700000
v -0.05090000 0.17723205 -0.02700000
v -0.04450000 0.17650000 -0.02773205
v -0.05090000 0.17650000 -0.02773205
v -0.04450000 0.17550000 -0.02800000
v -0.05090000 0.17550000 -0.02800000
v -0.05076603 0.15460000 0.00875000
v -0.05075284 0.15460761 0.00882654
v -0.05071529 0.15462929 0.00889142
v -0.05065910 0.15466173 0.00893477
v -0.05059282 0.15470000 0.00895000
v -0.05040000 0.15423397 0.00875000
v -0.05039239 0.15424716 0.00882654
v -0.05037071 0.15428470 0.00889142
v -0.05033827 0.15434090 0.00893477
v -0.05030000 0.15440718 0.00895000
v -0.04990000 0.15410000 0.00875000
v -0.04990000 0.15411522 0.00882654
v -0.04990000 0.15415858 0.00889142
v -0.04990000 0.15422346 0.00893477
v -0.05090000 0.17400000 0.02250000
v -0.04300000 0.17400000 0.02250000
v -0.05090000 0.17475000 0.02270096
v -0.04300000 0.17475000 0.02270096
v -0.05090000 0.17529904 0.02325000
v -0.04300000 0.17529904 0.02325000
v -0.05090000 0.17550000 0.02400000
v -0.04300000 0.17550000 0.02400000
v -0.05090000 0.17529904 0.02475000
v -0.04300000 0.17529904 0.02475000
v -0.05090000 0.17475000 0.02529904
v -0.04300000 0.17475000 0.02529904
v -0.05090000 0.17400000 0.02550000
v -0.04300000 0.17400000 0.02550000
v -0.05090000 0.17325000 0.02529904
v -0.04300000 0.17325000 0.02529904
v -0.05090000 0.17270096 0.02475000
v -0.04300000 0.17270096 0.02475000
v -0.05090000 0.17250000 0.02400000
v -0.04300000 0.17250000 0.02400000
v -0.05090000 0.17270096 0.02325000
v -0.04300000 0.17270096 0.02325000
v -0.05090000 0.17325000 0.02270096
v -0.04300000 0.17325000 0.02270096
v -0.04877500 0.18234234 -0.00470000
v -0.04800000 0.18255000 -0.00470000
v -0.05090000 0.18420000 -0.00470000
v -0.04500000 0.18420000 -0.00470000
v -0.04722500 0.18234234 -0.00470000
v -0.04665766 0.18177500 -0.00470000
v -0.04645000 0.18100000 -0.00470000
v -0.04800000 0.17945000 -0.00470000
v -0.04455837 0.17687442 -0.00470000
v -0.04722500 0.17965766 -0.00470000
v -0.04477692 0.17710645 -0.00470000
v -0.04665766 0.18022500 -0.00470000
v -0.04493811 0.17743229 -0.00470000
v -0.04500000 0.17782666 -0.00470000
v -0.04990000 0.17667528 -0.00470000
v -0.04400000 0.17667528 -0.00470000
v -0.04429632 0.17672790 -0.00470000
v -0.05082841 0.17740339 -0.00470000
v -0.05061735 0.17702876 -0.00470000
v -0.05030366 0.17677489 -0.00470000
v -0.04877500 0.17965766 -0.00470000
v -0.04934234 0.18022500 -0.00470000
v -0.05090000 0.17782666 -0.00470000
v -0.04955000 0.18100000 -0.00470000
v -0.04934234 0.18177500 -0.00470000
v -0.04645000 0.15700000 0.00470000
v -0.04645000 0.15700000 0.00895000
v -0.04665766 0.15777500 0.00470000
v -0.04665766 0.15777500 0.00895000
v -0.04722500 0.15834234 0.00470000
v -0.04722500 0.15834234 0.00895000
v -0.04800000 0.15855000 0.00470000
v -0.04800000 0.15855000 0.00895000
v -0.04877500 0.15834234 0.00470000
v -0.04877500 0.15834234 0.00895000
v -0.04934234 0.15777500 0.00470000
v -0.04934234 0.15777500 0.00895000
v -0.04955000 0.15700000 0.00470000
v -0.04955000 0.15700000 0.00895000
v -0.04934234 0.15622500 0.00470000
v -0.04934234 0.15622500 0.00895000
v -0.04877500 0.15565766 0.00470000
v -0.04877500 0.15565766 0.00895000
v -0.04800000 0.15545000 0.00470000
v -0.04800000 0.15545000 0.00895000
v -0.04722500 0.15565766 0.00470000
v -0.04722500 0.15565766 0.00895000
v -0.04665766 0.15622500 0.00470000
v -0.04665766 0.15622500 0.00895000
v -0.04450000 0.16050000 0.01600000
v -0.04665766 0.15777500 0.01600000
v -0.04450000 0.15463636 0.01600000
v -0.04645000 0.15700000 0.01600000
v -0.04665766 0.15622500 0.01600000
v -0.05076603 0.15516840 0.01600000
v -0.04934234 0.15622500 0.01600000
v -0.05090000 0.15570043 0.01600000
v -0.04955000 0.15700000 0.01600000
v -0.05090000 0.16050000 0.01600000
v -0.04934234 0.15777500 0.01600000
v -0.04722500 0.15565766 0.01600000
v -0.04800000 0.15545000 0.01600000
v -0.04990000 0.15463636 0.01600000
v -0.04877500 0.15565766 0.01600000
v -0.05015882 0.15467262 0.01600000
v -0.05040000 0.15477892 0.01600000
v -0.04877500 0.15834234 0.01600000
v -0.04800000 0.15855000 0.01600000
v -0.04722500 0.15834234 0.01600000
v -0.05069416 0.17714130 0.00470000
v -0.05076603 0.17722724 0.00475000
v -0.05075431 0.17726288 0.00470000
v -0.04990000 0.17667528 0.00470000
v -0.04990000 0.17350000 0.00779423
v -0.05019632 0.17672790 0.00470000
v -0.05040000 0.17356699 0.00791025
v -0.05039666 0.17683991 0.00470000
v -0.05045837 0.17687442 0.00470000
v -0.05076603 0.17375000 0.00822724
v -0.05067692 0.17710645 0.00470000
v -0.05090000 0.17766025 0.00500000
v -0.05090000 0.17782666 0.00470000
v -0.05083811 0.17743229 0.00470000
v -0.05073518 0.17291098 0.00865986
v -0.05090000 0.17384123 0.00875000
v -0.05069686 0.17269475 0.00863890
v -0.04990000 0.17178031 0.00855978
v -0.05002011 0.17179908 0.00856128
v -0.05015305 0.17186393 0.00856649
v -0.05034158 0.17203803 0.00858085
v -0.05039166 0.17213061 0.00858903
v -0.05090000 0.17400000 0.00866025
v -0.04990000 0.15410000 0.01417265
v -0.05040000 0.15423397 0.01417265
v -0.05076603 0.15460000 0.01417265
v -0.05090000 0.15510000 0.01417265
v -0.05090000 0.15516021 0.01451439
v -0.04990000 0.16621969 -0.00855978
v -0.04500000 0.16621969 -0.00855978
v -0.04500000 0.16629932 -0.00860857
v -0.04990000 0.16629932 -0.00860857
v -0.04500000 0.16634811 -0.00868818
v -0.04990000 0.16634811 -0.00868818
v -0.04500000 0.16635545 -0.00878128
v -0.04990000 0.16635545 -0.00878128
v -0.04500000 0.16631971 -0.00886755
v -0.04990000 0.16631971 -0.00886755
v -0.04500000 0.16624871 -0.00892820
v -0.04990000 0.16624871 -0.00892820
v -0.04500000 0.16615791 -0.00895000
v -0.04990000 0.16615791 -0.00895000
v -0.04300000 0.16529904 -0.02325000
v -0.04300000 0.16550000 -0.02400000
v -0.04300000 0.16900000 -0.02800000
v -0.04300000 0.16040085 -0.02800000
v -0.04300000 0.16325000 -0.02529904
v -0.04300000 0.15960851 -0.02783635
v -0.04300000 0.16270096 -0.02475000
v -0.04300000 0.15894584 -0.02737220
v -0.04300000 0.16529904 -0.02475000
v -0.04300000 0.16475000 -0.02529904
v -0.04300000 0.16400000 -0.02550000
v -0.04300000 0.15852127 -0.02668349
v -0.04300000 0.16250000 -0.02400000
v -0.04300000 0.15422041 -0.01485614
v -0.04300000 0.16270096 -0.02325000
v -0.04300000 0.15410000 -0.01417265
v -0.04300000 0.16325000 -0.02270096
v -0.04300000 0.15410000 0.01417265
v -0.04300000 0.16475000 -0.02270096
v -0.04300000 0.16900000 -0.00900000
v -0.04300000 0.16400000 -0.02250000
v -0.04300000 0.16450000 -0.00779423
v -0.04300000 0.17529904 -0.02475000
v -0.04300000 0.17475000 -0.02529904
v -0.04300000 0.17759915 -0.02800000
v -0.04300000 0.17400000 -0.02550000
v -0.04300000 0.17325000 -0.02529904
v -0.04300000 0.17270096 -0.02475000
v -0.04300000 0.17839148 -0.02783635
v -0.04300000 0.17905416 -0.02737220
v -0.04300000 0.17550000 -0.02400000
v -0.04300000 0.17947873 -0.02668349
v -0.04300000 0.17529904 -0.02325000
v -0.04300000 0.17250000 -0.02400000
v -0.04300000 0.17679423 0.00450000
v -0.04300000 0.18687959 0.00633114
v -0.04300000 0.17350000 0.00779423
v -0.04300000 0.18345455 0.01575000
v -0.04300000 0.16900000 0.00900000
v -0.04300000 0.16900000 0.01575000
v -0.04300000 0.16450000 0.00779423
v -0.04300000 0.17270096 -0.02325000
v -0.04300000 0.17325000 -0.02270096
v -0.04300000 0.17350000 -0.00779423
v -0.04300000 0.17400000 -0.02250000
v -0.04300000 0.17475000 -0.02270096
v -0.04300000 0.17679423 -0.00450000
v -0.04300000 0.18687959 -0.00633114
v -0.04300000 0.17800000 0.00000000
v -0.04300000 0.18700000 -0.00564765
v -0.04300000 0.18700000 0.00564765
v -0.04300000 0.16475000 0.02270096
v -0.04300000 0.16400000 0.02250000
v -0.04300000 0.15454545 0.01575000
v -0.04300000 0.15422041 0.01485613
v -0.04300000 0.16120577 0.00450000
v -0.04300000 0.16000000 0.00000000
v -0.04300000 0.16120577 -0.00450000
v -0.04300000 0.16270096 0.02475000
v -0.04300000 0.16325000 0.02529904
v -0.04300000 0.16040085 0.02800000
v -0.04300000 0.16400000 0.02550000
v -0.04300000 0.16900000 0.02800000
v -0.04300000 0.16475000 0.02529904
v -0.04300000 0.16529904 0.02475000
v -0.04300000 0.16550000 0.02400000
v -0.04300000 0.16529904 0.02325000
v -0.04300000 0.16325000 0.02270096
v -0.04300000 0.16270096 0.02325000
v -0.04300000 0.15852127 0.02668349
v -0.04300000 0.16250000 0.02400000
v -0.04300000 0.15894584 0.02737220
v -0.04300000 0.15960851 0.02783635
v -0.04300000 0.17529904 0.02475000
v -0.04300000 0.17550000 0.02400000
v -0.04300000 0.17947873 0.02668349
v -0.04300000 0.17250000 0.02400000
v -0.04300000 0.17270096 0.02475000
v -0.04300000 0.17325000 0.02529904
v -0.04300000 0.17759915 0.02800000
v -0.04300000 0.17270096 0.02325000
v -0.04300000 0.17325000 0.02270096
v -0.04300000 0.17529904 0.02325000
v -0.04300000 0.17475000 0.02270096
v -0.04300000 0.17400000 0.02250000
v -0.04300000 0.17400000 0.02550000
v -0.04300000 0.17475000 0.02529904
v -0.04300000 0.17839148 0.02783635
v -0.04300000 0.17905416 0.02737220
v -0.05090000 0.18420000 -0.00470000
v -0.04500000 0.18420000 -0.00470000
v -0.05090000 0.18420000 -0.00150000
v -0.04500000 0.18420000 -0.00150000
v -0.04645000 0.15700000 -0.00150000
v -0.04645000 0.15700000 0.00150000
v -0.04665766 0.15777500 -0.00150000
v -0.04665766 0.15777500 0.00150000
v -0.04722500 0.15834234 -0.00150000
v -0.04722500 0.15834234 0.00150000
v -0.04800000 0.15855000 -0.00150000
v -0.04800000 0.15855000 0.00150000
v -0.04877500 0.15834234 -0.00150000
v -0.04877500 0.15834234 0.00150000
v -0.04934234 0.15777500 -0.00150000
v -0.04934234 0.15777500 0.00150000
v -0.04955000 0.15700000 -0.00150000
v -0.04955000 0.15700000 0.00150000
v -0.04934234 0.15622500 -0.00150000
v -0.04934234 0.15622500 0.00150000
v -0.04877500 0.15565766 -0.00150000
v -0.04877500 0.15565766 0.00150000
v -0.04800000 0.15545000 -0.00150000
v -0.04800000 0.15545000 0.00150000
v -0.04722500 0.15565766 -0.00150000
v -0.04722500 0.15565766 0.00150000
v -0.04665766 0.15622500 -0.00150000
v -0.04665766 0.15622500 0.00150000
v -0.04990000 0.15463636 0.01600000
v -0.04990000 0.15422041 0.01485613
v -0.04450000 0.15463636 0.01600000
v -0.04300000 0.15422041 0.01485613
v -0.04450000 0.15852127 0.02668349
v -0.04300000 0.15852127 0.02668349
v -0.05082841 0.16059661 0.00470000
v -0.05090000 0.16017334 0.00470000
v -0.05090000 0.16033975 0.00500000
v -0.05040000 0.16443301 0.00791025
v -0.04990000 0.16450000 0.00779423
v -0.04990000 0.16132472 0.00470000
v -0.05030366 0.16122511 0.00470000
v -0.05039147 0.16115404 0.00470000
v -0.05076603 0.16425000 0.00822724
v -0.05061735 0.16097124 0.00470000
v -0.05076603 0.16077276 0.00475000
v -0.05068159 0.16085721 0.00470000
v -0.05075106 0.16073389 0.00470000
v -0.04990000 0.16621969 0.00855978
v -0.04997480 0.16621241 0.00856036
v -0.05012635 0.16615285 0.00856514
v -0.05062564 0.16548387 0.00862257
v -0.05047517 0.16577460 0.00859682
v -0.05039628 0.16587397 0.00858842
v -0.05024791 0.16606088 0.00857263
v -0.05090000 0.16400000 0.00866025
v -0.05090000 0.16415877 0.00875000
v -0.05070896 0.16508146 0.00866127
v -0.05090000 0.15510000 0.01215000
v -0.05076603 0.15460000 0.01215000
v -0.05076603 0.15460000 0.01417265
v -0.05040000 0.15423397 0.01215000
v -0.05040000 0.15423397 0.01417265
v -0.04990000 0.15410000 0.01215000
v -0.05053749 0.16525774 -0.00895000
v -0.05070000 0.16415877 -0.00895000
v -0.05060500 0.16527786 -0.00893718
v -0.05075176 0.16415877 -0.00894318
v -0.05066386 0.16529541 -0.00890037
v -0.05080000 0.16415877 -0.00892321
v -0.05070652 0.16530813 -0.00884429
v -0.05084142 0.16415877 -0.00889142
v -0.05072751 0.16531439 -0.00877612
v -0.05087321 0.16415877 -0.00885000
v -0.05072415 0.16531339 -0.00870460
v -0.05089319 0.16415877 -0.00880176
v -0.05090000 0.16415877 -0.00875000
v -0.05025326 0.16590208 -0.00895000
v -0.05032224 0.16594885 -0.00893181
v -0.05037866 0.16598712 -0.00888055
v -0.05041228 0.16600991 -0.00880554
v -0.05041697 0.16601309 -0.00872043
v -0.05039188 0.16599608 -0.00864069
v -0.05010244 0.16607472 -0.00895000
v -0.05015842 0.16614258 -0.00892961
v -0.05020299 0.16619661 -0.00887261
v -0.05022706 0.16622579 -0.00879061
v -0.05022572 0.16622417 -0.00870033
v -0.05019925 0.16619208 -0.00862018
v -0.04999608 0.16613922 -0.00895000
v -0.05002877 0.16622318 -0.00892855
v -0.05005445 0.16628914 -0.00886881
v -0.05006761 0.16632294 -0.00878358
v -0.05006543 0.16631734 -0.00869116
v -0.05004838 0.16627353 -0.00861135
v -0.04400000 0.16132472 0.00470000
v -0.04990000 0.16132472 0.00470000
v -0.04990000 0.16450000 0.00779423
v -0.04990000 0.16012588 0.00000000
v -0.04990000 0.16012588 0.00150000
v -0.04300000 0.16000000 0.00000000
v -0.04400000 0.16012588 0.00150000
v -0.04300000 0.16120577 0.00450000
v -0.04990000 0.16321731 -0.00689642
v -0.04990000 0.16132472 -0.00470000
v -0.04400000 0.16132472 -0.00470000
v -0.04990000 0.16012588 -0.00150000
v -0.04400000 0.16012588 -0.00150000
v -0.04400000 0.16124437 -0.00448554
v -0.04300000 0.16120577 -0.00450000
v -0.04300000 0.16450000 -0.00779423
v -0.04990000 0.16457935 -0.00765101
v -0.04500000 0.16900000 -0.00900000
v -0.04300000 0.16900000 -0.00900000
v -0.04500000 0.17178031 -0.00855978
v -0.04300000 0.17350000 -0.00779423
v -0.04990000 0.17342065 -0.00765101
v -0.04400000 0.17667528 -0.00470000
v -0.04300000 0.17679423 -0.00450000
v -0.04990000 0.17478269 -0.00689642
v -0.04990000 0.17787412 0.00000000
v -0.04300000 0.17800000 0.00000000
v -0.04400000 0.17787412 -0.00150000
v -0.04400000 0.17675563 -0.00448554
v -0.04990000 0.17787412 0.00150000
v -0.04400000 0.17787412 0.00150000
v -0.04400000 0.17675563 0.00448554
v -0.04300000 0.17679423 0.00450000
v -0.04400000 0.17667528 0.00470000
v -0.04300000 0.17350000 0.00779423
v -0.04990000 0.17350000 0.00779423
v -0.04990000 0.17178031 0.00855978
v -0.04500000 0.17178031 0.00855978
v -0.04500000 0.16900000 0.00900000
v -0.04300000 0.16900000 0.00900000
v -0.04500000 0.16621969 0.00855978
v -0.04300000 0.16450000 0.00779423
v -0.04400000 0.16124437 0.00448554
v -0.04500000 0.17888686 -0.00150000
v -0.04500000 0.18420000 -0.00150000
v -0.04500000 0.17782666 -0.00470000
v -0.04500000 0.18420000 -0.00470000
v -0.04645000 0.18100000 -0.01600000
v -0.04645000 0.18100000 -0.01215000
v -0.04665766 0.18177500 -0.01600000
v -0.04665766 0.18177500 -0.01215000
v -0.04722500 0.18234234 -0.01600000
v -0.04722500 0.18234234 -0.01215000
v -0.04800000 0.18255000 -0.01600000
v -0.04800000 0.18255000 -0.01215000
v -0.04877500 0.18234234 -0.01600000
v -0.04877500 0.18234234 -0.01215000
v -0.04934234 0.18177500 -0.01600000
v -0.04934234 0.18177500 -0.01215000
v -0.04955000 0.18100000 -0.01600000
v -0.04955000 0.18100000 -0.01215000
v -0.04934234 0.18022500 -0.01600000
v -0.04934234 0.18022500 -0.01215000
v -0.04877500 0.17965766 -0.01600000
v -0.04877500 0.17965766 -0.01215000
v -0.04800000 0.17945000 -0.01600000
v -0.04800000 0.17945000 -0.01215000
v -0.04722500 0.17965766 -0.01600000
v -0.04722500 0.17965766 -0.01215000
v -0.04665766 0.18022500 -0.01600000
v -0.04665766 0.18022500 -0.01215000
v -0.04450000 0.17947873 0.02668349
v -0.04300000 0.17947873 0.02668349
v -0.04450000 0.18336364 0.01600000
v -0.04300000 0.18687959 0.00633114
v -0.05090000 0.18336364 0.01600000
v -0.05090000 0.18687959 0.00633114
v -0.05090000 0.15911314 -0.00150000
v -0.05090000 0.15911314 0.00150000
v -0.05084248 0.15945135 -0.00150000
v -0.05087284 0.15934735 0.00150000
v -0.05075340 0.15961205 -0.00150000
v -0.05075978 0.15961650 0.00150000
v -0.05074161 0.15965977 0.00150000
v -0.05067612 0.15975143 -0.00150000
v -0.05051831 0.15990885 0.00150000
v -0.05022764 0.16006990 0.00150000
v -0.05010711 0.16010389 -0.00150000
v -0.05039350 0.15997800 0.00150000
v -0.05039863 0.15998655 -0.00150000
v -0.05042029 0.15997783 -0.00150000
v -0.05090000 0.15510000 -0.01215000
v -0.05090000 0.15510000 -0.01417265
v -0.05076603 0.15460000 -0.01417265
v -0.05076603 0.15460000 -0.01215000
v -0.05040000 0.15423397 -0.01417265
v -0.05040000 0.15423397 -0.01215000
v -0.04990000 0.15410000 -0.01417265
v -0.04990000 0.15410000 -0.01215000
v -0.05090000 0.15510000 -0.00875000
v -0.05090000 0.16415877 -0.00875000
v -0.05087321 0.15510000 -0.00885000
v -0.05080000 0.15510000 -0.00892321
v -0.05070000 0.16415877 -0.00895000
v -0.05070000 0.15510000 -0.00895000
v -0.04300000 0.18700000 0.00564765
v -0.04300000 0.18700000 -0.00564765
v -0.05090000 0.18700000 0.00564765
v -0.05090000 0.18700000 -0.00564765
v -0.04665766 0.15622500 -0.00895000
v -0.04645000 0.15700000 -0.00895000
v -0.04500000 0.15430000 -0.00895000
v -0.05030000 0.15440718 -0.00895000
v -0.05059282 0.15470000 -0.00895000
v -0.05070000 0.15510000 -0.00895000
v -0.04877500 0.15834234 -0.00895000
v -0.04934234 0.15777500 -0.00895000
v -0.04955000 0.15700000 -0.00895000
v -0.04934234 0.15622500 -0.00895000
v -0.04990000 0.15430000 -0.00895000
v -0.04877500 0.15565766 -0.00895000
v -0.04800000 0.15545000 -0.00895000
v -0.04722500 0.15565766 -0.00895000
v -0.04800000 0.15855000 -0.00895000
v -0.04722500 0.15834234 -0.00895000
v -0.04665766 0.15777500 -0.00895000
v -0.04645000 0.15700000 -0.01600000
v -0.04645000 0.15700000 -0.01215000
v -0.04665766 0.15777500 -0.01600000
v -0.04665766 0.15777500 -0.01215000
v -0.04722500 0.15834234 -0.01600000
v -0.04722500 0.15834234 -0.01215000
v -0.04800000 0.15855000 -0.01600000
v -0.04800000 0.15855000 -0.01215000
v -0.04877500 0.15834234 -0.01600000
v -0.04877500 0.15834234 -0.01215000
v -0.04934234 0.15777500 -0.01600000
v -0.04934234 0.15777500 -0.01215000
v -0.04955000 0.15700000 -0.01600000
v -0.04955000 0.15700000 -0.01215000
v -0.04934234 0.15622500 -0.01600000
v -0.04934234 0.15622500 -0.01215000
v -0.04877500 0.15565766 -0.01600000
v -0.04877500 0.15565766 -0.01215000
v -0.04800000 0.15545000 -0.01600000
v -0.04800000 0.15545000 -0.01215000
v -0.04722500 0.15565766 -0.01600000
v -0.04722500 0.15565766 -0.01215000
v -0.04665766 0.15622500 -0.01600000
v -0.04665766 0.15622500 -0.01215000
v -0.05090000 0.17550000 0.02800000
v -0.04300000 0.16900000 0.02800000
v -0.04450000 0.17550000 0.02800000
v -0.04300000 0.17759915 0.02800000
v -0.04450000 0.17759915 0.02800000
v -0.04450000 0.16040085 0.02800000
v -0.04300000 0.16040085 0.02800000
v -0.04450000 0.16250000 0.02800000
v -0.05090000 0.16250000 0.02800000
v -0.04990000 0.15422041 -0.01485614
v -0.05040000 0.15434632 -0.01481035
v -0.05040000 0.15423397 -0.01417265
v -0.05076603 0.15469031 -0.01468526
v -0.05076603 0.15460000 -0.01417265
v -0.05090000 0.15516021 -0.01451439
v -0.05090000 0.15510000 -0.01417265
v -0.04990000 0.15410000 -0.00875000
v -0.05040000 0.15423397 -0.00875000
v -0.04990000 0.15412680 -0.00885000
v -0.05038660 0.15425718 -0.00885000
v -0.04990000 0.15420000 -0.00892321
v -0.05035000 0.15432058 -0.00892321
v -0.05076603 0.15460000 -0.00875000
v -0.05074282 0.15461340 -0.00885000
v -0.05067942 0.15465000 -0.00892321
v -0.05059282 0.15470000 -0.00895000
v -0.05090000 0.15510000 -0.00875000
v -0.05087321 0.15510000 -0.00885000
v -0.05080000 0.15510000 -0.00892321
v -0.05070000 0.15510000 -0.00895000
v -0.04722500 0.18234234 0.00895000
v -0.04665766 0.18177500 0.00895000
v -0.04500000 0.18420000 0.00895000
v -0.04645000 0.18100000 0.00895000
v -0.04500000 0.17184209 0.00895000
v -0.05010244 0.17192528 0.00895000
v -0.04999608 0.17186079 0.00895000
v -0.04990000 0.17184209 0.00895000
v -0.04800000 0.18255000 0.00895000
v -0.05070000 0.18420000 0.00895000
v -0.04877500 0.18234234 0.00895000
v -0.04877500 0.17965766 0.00895000
v -0.04934234 0.18022500 0.00895000
v -0.05070000 0.17384123 0.00895000
v -0.04955000 0.18100000 0.00895000
v -0.04934234 0.18177500 0.00895000
v -0.04800000 0.17945000 0.00895000
v -0.05053749 0.17274226 0.00895000
v -0.05025326 0.17209792 0.00895000
v -0.04722500 0.17965766 0.00895000
v -0.04665766 0.18022500 0.00895000
v -0.04934234 0.18177500 -0.00895000
v -0.04955000 0.18100000 -0.00895000
v -0.05070000 0.18420000 -0.00895000
v -0.05070000 0.17384123 -0.00895000
v -0.04722500 0.17965766 -0.00895000
v -0.04500000 0.17184209 -0.00895000
v -0.04800000 0.17945000 -0.00895000
v -0.04990000 0.17184209 -0.00895000
v -0.04665766 0.18022500 -0.00895000
v -0.04645000 0.18100000 -0.00895000
v -0.04500000 0.18420000 -0.00895000
v -0.04665766 0.18177500 -0.00895000
v -0.04934234 0.18022500 -0.00895000
v -0.04877500 0.17965766 -0.00895000
v -0.05048051 0.17256809 -0.00895000
v -0.05036014 0.17228287 -0.00895000
v -0.05017833 0.17199993 -0.00895000
v -0.04722500 0.18234234 -0.00895000
v -0.04800000 0.18255000 -0.00895000
v -0.04877500 0.18234234 -0.00895000
v -0.04995984 0.17184934 -0.00895000
v -0.05008108 0.17190860 -0.00895000
v -0.04450000 0.15852127 -0.02668349
v -0.04300000 0.15852127 -0.02668349
v -0.04450000 0.15463636 -0.01600000
v -0.04300000 0.15422041 -0.01485614
v -0.04990000 0.15463636 -0.01600000
v -0.04990000 0.15422041 -0.01485614
v -0.04450000 0.17750000 0.02600000
v -0.04450000 0.17750000 0.01600000
v -0.05090000 0.17750000 0.02600000
v -0.05090000 0.17750000 0.01600000
v -0.05090000 0.18687959 -0.00633114
v -0.04300000 0.18687959 -0.00633114
v -0.05015882 0.15467262 -0.01600000
v -0.05040000 0.15477892 -0.01600000
v -0.05076603 0.15516840 -0.01600000
v -0.05090000 0.15516021 -0.01451439
v -0.05090000 0.15570043 -0.01600000
v -0.04500000 0.15410000 -0.00875000
v -0.04990000 0.15410000 -0.00875000
v -0.04500000 0.15412680 -0.00885000
v -0.04500000 0.15420000 -0.00892321
v -0.04665766 0.15622500 0.01215000
v -0.04645000 0.15700000 0.01215000
v -0.04500000 0.15410000 0.01215000
v -0.04645000 0.18100000 0.01215000
v -0.04500000 0.18420000 0.01215000
v -0.04665766 0.18177500 0.01215000
v -0.04722500 0.17965766 0.01215000
v -0.04665766 0.18022500 0.01215000
v -0.05090000 0.15510000 0.01215000
v -0.04934234 0.15622500 0.01215000
v -0.05076603 0.15460000 0.01215000
v -0.04877500 0.15565766 0.01215000
v -0.05040000 0.15423397 0.01215000
v -0.05090000 0.18420000 0.01215000
v -0.04934234 0.15777500 0.01215000
v -0.04955000 0.15700000 0.01215000
v -0.04722500 0.18234234 0.01215000
v -0.04800000 0.18255000 0.01215000
v -0.04877500 0.18234234 0.01215000
v -0.04990000 0.15410000 0.01215000
v -0.04800000 0.15545000 0.01215000
v -0.04722500 0.15565766 0.01215000
v -0.04934234 0.18177500 0.01215000
v -0.04955000 0.18100000 0.01215000
v -0.04934234 0.18022500 0.01215000
v -0.04877500 0.17965766 0.01215000
v -0.04665766 0.15777500 0.01215000
v -0.04722500 0.15834234 0.01215000
v -0.04800000 0.17945000 0.01215000
v -0.04800000 0.15855000 0.01215000
v -0.04877500 0.15834234 0.01215000
v -0.04665766 0.18177500 -0.01215000
v -0.04645000 0.18100000 -0.01215000
v -0.04500000 0.18420000 -0.01215000
v -0.04645000 0.15700000 -0.01215000
v -0.04500000 0.15410000 -0.01215000
v -0.04722500 0.17965766 -0.01215000
v -0.04955000 0.15700000 -0.01215000
v -0.04934234 0.15777500 -0.01215000
v -0.05090000 0.15510000 -0.01215000
v -0.04955000 0.18100000 -0.01215000
v -0.05090000 0.18420000 -0.01215000
v -0.04934234 0.18177500 -0.01215000
v -0.04877500 0.18234234 -0.01215000
v -0.04800000 0.18255000 -0.01215000
v -0.04722500 0.18234234 -0.01215000
v -0.04877500 0.15834234 -0.01215000
v -0.04800000 0.15855000 -0.01215000
v -0.04665766 0.18022500 -0.01215000
v -0.04722500 0.15834234 -0.01215000
v -0.04665766 0.15777500 -0.01215000
v -0.04665766 0.15622500 -0.01215000
v -0.04722500 0.15565766 -0.01215000
v -0.04990000 0.15410000 -0.01215000
v -0.04800000 0.15545000 -0.01215000
v -0.04877500 0.15565766 -0.01215000
v -0.05040000 0.15423397 -0.01215000
v -0.05076603 0.15460000 -0.01215000
v -0.04934234 0.15622500 -0.01215000
v -0.04800000 0.17945000 -0.01215000
v -0.04877500 0.17965766 -0.01215000
v -0.04934234 0.18022500 -0.01215000
v -0.04300000 0.17947873 -0.02668349
v -0.04450000 0.17947873 -0.02668349
v -0.04450000 0.18336364 -0.01600000
v -0.05090000 0.18336364 -0.01600000
v -0.04450000 0.18336364 0.01600000
v -0.04450000 0.17750000 0.01600000
v -0.04450000 0.17947873 0.02668349
v -0.04450000 0.17750000 0.02600000
v -0.04450000 0.17905416 0.02737220
v -0.04450000 0.17723205 0.02700000
v -0.04450000 0.17839148 0.02783635
v -0.04450000 0.17759915 0.02800000
v -0.04450000 0.17650000 0.02773205
v -0.04450000 0.17550000 0.02800000
v -0.04300000 0.15410000 -0.01417265
v -0.04990000 0.15410000 -0.01417265
v -0.05090000 0.15510000 0.00875000
v -0.05090000 0.15510000 0.00470000
v -0.05076603 0.15460000 0.00470000
v -0.05076603 0.15460000 0.00875000
v -0.05040000 0.15423397 0.00470000
v -0.05040000 0.15423397 0.00875000
v -0.04990000 0.15410000 0.00470000
v -0.04500000 0.17175129 -0.00892820
v -0.04990000 0.17175129 -0.00892820
v -0.04500000 0.17168029 -0.00886755
v -0.04990000 0.17168029 -0.00886755
v -0.04500000 0.17164456 -0.00878128
v -0.04990000 0.17164456 -0.00878128
v -0.04500000 0.17165189 -0.00868818
v -0.04990000 0.17165189 -0.00868818
v -0.04500000 0.17170068 -0.00860857
v -0.04990000 0.17170068 -0.00860857
v -0.04877500 0.15565766 0.00895000
v -0.04800000 0.15545000 0.00895000
v -0.04722500 0.15565766 0.00895000
v -0.05070000 0.16415877 0.00895000
v -0.05070000 0.15510000 0.00895000
v -0.04955000 0.15700000 0.00895000
v -0.04990000 0.16615791 0.00895000
v -0.04800000 0.15855000 0.00895000
v -0.04500000 0.16615791 0.00895000
v -0.04722500 0.15834234 0.00895000
v -0.05030000 0.15440718 0.00895000
v -0.05059282 0.15470000 0.00895000
v -0.04934234 0.15622500 0.00895000
v -0.04665766 0.15777500 0.00895000
v -0.04645000 0.15700000 0.00895000
v -0.04665766 0.15622500 0.00895000
v -0.04934234 0.15777500 0.00895000
v -0.04877500 0.15834234 0.00895000
v -0.05048051 0.16543191 0.00895000
v -0.05036014 0.16571713 0.00895000
v -0.05017833 0.16600007 0.00895000
v -0.04995984 0.16615066 0.00895000
v -0.05008108 0.16609140 0.00895000
v -0.05090000 0.18420000 -0.00875000
v -0.05090000 0.18420000 -0.01215000
v -0.05087321 0.18420000 -0.00885000
v -0.05080000 0.18420000 -0.00892321
v -0.04500000 0.18420000 -0.01215000
v -0.04500000 0.18420000 -0.00895000
v -0.05070000 0.18420000 -0.00895000
v -0.05090000 0.16250000 -0.02800000
v -0.04300000 0.16900000 -0.02800000
v -0.04450000 0.16250000 -0.02800000
v -0.04300000 0.16040085 -0.02800000
v -0.04450000 0.16040085 -0.02800000
v -0.04450000 0.17759915 -0.02800000
v -0.04300000 0.17759915 -0.02800000
v -0.04450000 0.17550000 -0.02800000
v -0.05090000 0.17550000 -0.02800000
v -0.04450000 0.16050000 0.02600000
v -0.04450000 0.16050000 0.01600000
v -0.04450000 0.15463636 0.01600000
v -0.04450000 0.15852127 0.02668349
v -0.04450000 0.15894584 0.02737220
v -0.04450000 0.16076795 0.02700000
v -0.04450000 0.15960851 0.02783635
v -0.04450000 0.16150000 0.02773205
v -0.04450000 0.16040085 0.02800000
v -0.04450000 0.16250000 0.02800000
v -0.04300000 0.15410000 0.01417265
v -0.04990000 0.15410000 0.01417265
v -0.05090000 0.15510000 0.00150000
v -0.05090000 0.15510000 -0.00150000
v -0.05076603 0.15460000 -0.00150000
v -0.05076603 0.15460000 0.00150000
v -0.05040000 0.15423397 -0.00150000
v -0.05040000 0.15423397 0.00150000
v -0.04990000 0.15410000 -0.00150000
v -0.04990000 0.15410000 0.00150000
v -0.04998116 0.17176136 -0.00892834
v -0.04999785 0.17169244 -0.00886805
v -0.05000632 0.17165750 -0.00878219
v -0.05000471 0.17166411 -0.00868936
v -0.04999339 0.17171085 -0.00860966
v -0.05013357 0.17183736 -0.00892936
v -0.05017522 0.17178082 -0.00887169
v -0.05019744 0.17175066 -0.00878891
v -0.05019564 0.17175310 -0.00869809
v -0.05017019 0.17178764 -0.00861799
v -0.05024295 0.17194345 -0.00893065
v -0.05029507 0.17189790 -0.00887633
v -0.05032460 0.17187209 -0.00879757
v -0.05032582 0.17187103 -0.00870960
v -0.05029849 0.17189491 -0.00862945
v -0.05043099 0.17224747 -0.00893365
v -0.05049026 0.17221786 -0.00888726
v -0.05052825 0.17219888 -0.00881842
v -0.05053875 0.17219363 -0.00873840
v -0.05052003 0.17220298 -0.00866027
v -0.05054982 0.17254328 -0.00893596
v -0.05060939 0.17252195 -0.00889581
v -0.05065087 0.17250710 -0.00883519
v -0.05066843 0.17250081 -0.00876261
v -0.05065961 0.17250397 -0.00868826
v -0.05075176 0.17384123 -0.00894318
v -0.05080000 0.17384123 -0.00892321
v -0.05084142 0.17384123 -0.00889142
v -0.05087321 0.17384123 -0.00885000
v -0.05089319 0.17384123 -0.00880176
v -0.05090000 0.17384123 -0.00875000
v -0.05090000 0.18420000 0.01215000
v -0.05090000 0.18420000 0.00875000
v -0.05087321 0.18420000 0.00885000
v -0.04500000 0.18420000 0.00895000
v -0.04500000 0.18420000 0.01215000
v -0.05070000 0.18420000 0.00895000
v -0.05080000 0.18420000 0.00892320
v -0.04500000 0.15410000 -0.00875000
v -0.04500000 0.15412680 -0.00885000
v -0.04500000 0.15410000 -0.01215000
v -0.04500000 0.15420000 -0.00892321
v -0.04500000 0.16900000 -0.00900000
v -0.04500000 0.17178031 -0.00855978
v -0.04500000 0.17170068 -0.00860857
v -0.04500000 0.17175129 -0.00892820
v -0.04500000 0.18420000 -0.01215000
v -0.04500000 0.17184209 -0.00895000
v -0.04500000 0.18420000 -0.00895000
v -0.04500000 0.16631971 -0.00886755
v -0.04500000 0.16635545 -0.00878128
v -0.04500000 0.16634811 -0.00868818
v -0.04500000 0.16629932 -0.00860857
v -0.04500000 0.16621969 -0.00855978
v -0.04500000 0.15430000 -0.00895000
v -0.04500000 0.16615791 -0.00895000
v -0.04500000 0.16624871 -0.00892820
v -0.04500000 0.17165189 -0.00868818
v -0.04500000 0.17164456 -0.00878128
v -0.04500000 0.17168029 -0.00886755
v -0.05090000 0.17750000 -0.01600000
v -0.04450000 0.17750000 -0.01600000
v -0.05090000 0.16050000 0.02600000
v -0.05090000 0.16050000 0.01600000
v -0.04450000 0.16050000 0.02600000
v -0.04450000 0.16050000 0.01600000
v -0.04300000 0.16040085 0.02800000
v -0.04450000 0.16040085 0.02800000
v -0.04450000 0.15960851 0.02783635
v -0.04300000 0.15960851 0.02783635
v -0.04450000 0.15894584 0.02737220
v -0.04300000 0.15894584 0.02737220
v -0.05090000 0.15510000 -0.00470000
v -0.05090000 0.15510000 -0.00875000
v -0.05076603 0.15460000 -0.00875000
v -0.05076603 0.15460000 -0.00470000
v -0.05040000 0.15423397 -0.00875000
v -0.05040000 0.15423397 -0.00470000
v -0.04990000 0.15410000 -0.00875000
v -0.04990000 0.15410000 -0.00470000
v -0.05090000 0.18420000 -0.00875000
v -0.05087321 0.18420000 -0.00885000
v -0.05080000 0.18420000 -0.00892321
v -0.05070000 0.18420000 -0.00895000
v -0.05070000 0.17384123 -0.00895000
v -0.04500000 0.17170068 0.00860857
v -0.04500000 0.17178031 0.00855978
v -0.04500000 0.16900000 0.00900000
v -0.04500000 0.15430000 0.00895000
v -0.04500000 0.15420000 0.00892320
v -0.04500000 0.15410000 0.01215000
v -0.04500000 0.15412680 0.00885000
v -0.04500000 0.15410000 0.00875000
v -0.04500000 0.17175129 0.00892820
v -0.04500000 0.17168029 0.00886755
v -0.04500000 0.16615791 0.00895000
v -0.04500000 0.18420000 0.01215000
v -0.04500000 0.16624871 0.00892820
v -0.04500000 0.16621969 0.00855978
v -0.04500000 0.16629932 0.00860857
v -0.04500000 0.17164456 0.00878128
v -0.04500000 0.17165189 0.00868818
v -0.04500000 0.17184209 0.00895000
v -0.04500000 0.18420000 0.00895000
v -0.04500000 0.16634811 0.00868818
v -0.04500000 0.16635545 0.00878128
v -0.04500000 0.16631971 0.00886755
v -0.05090000 0.18420000 0.00150000
v -0.04877500 0.18234234 0.00150000
v -0.04800000 0.18255000 0.00150000
v -0.04500000 0.18420000 0.00150000
v -0.04722500 0.18234234 0.00150000
v -0.04665766 0.18177500 0.00150000
v -0.04500000 0.17888686 0.00150000
v -0.04645000 0.18100000 0.00150000
v -0.04497284 0.17865265 0.00150000
v -0.04484161 0.17834023 0.00150000
v -0.05067612 0.17824857 0.00150000
v -0.05042029 0.17802217 0.00150000
v -0.05010711 0.17789611 0.00150000
v -0.04400000 0.17787412 0.00150000
v -0.04432764 0.17793010 0.00150000
v -0.04990000 0.17787412 0.00150000
v -0.04461831 0.17809115 0.00150000
v -0.05084248 0.17854865 0.00150000
v -0.04934234 0.18022500 0.00150000
v -0.05090000 0.17888686 0.00150000
v -0.04955000 0.18100000 0.00150000
v -0.04934234 0.18177500 0.00150000
v -0.04877500 0.17965766 0.00150000
v -0.04800000 0.17945000 0.00150000
v -0.04722500 0.17965766 0.00150000
v -0.04665766 0.18022500 0.00150000
v -0.04450000 0.17750000 -0.02600000
v -0.04450000 0.17750000 -0.01600000
v -0.04450000 0.18336364 -0.01600000
v -0.04450000 0.17947873 -0.02668349
v -0.04450000 0.17905416 -0.02737220
v -0.04450000 0.17723205 -0.02700000
v -0.04450000 0.17839148 -0.02783635
v -0.04450000 0.17650000 -0.02773205
v -0.04450000 0.17759915 -0.02800000
v -0.04450000 0.17550000 -0.02800000
v -0.04990000 0.15410000 0.01215000
v -0.04500000 0.15410000 0.01215000
v -0.04500000 0.15410000 0.00150000
v -0.04990000 0.15410000 0.00150000
v -0.04990000 0.15410000 -0.00150000
v -0.04500000 0.15410000 -0.00150000
v -0.04500000 0.15410000 -0.00470000
v -0.04500000 0.15410000 0.00470000
v -0.04990000 0.15410000 0.00470000
v -0.04990000 0.15410000 -0.01215000
v -0.04500000 0.15410000 -0.01215000
v -0.04500000 0.15410000 -0.00875000
v -0.04990000 0.15410000 -0.00470000
v -0.04450000 0.16076795 0.02700000
v -0.05090000 0.16076795 0.02700000
v -0.04450000 0.16150000 0.02773205
v -0.05090000 0.16150000 0.02773205
v -0.04500000 0.17170068 0.00860857
v -0.04990000 0.17170068 0.00860857
v -0.04500000 0.17165189 0.00868818
v -0.04990000 0.17165189 0.00868818
v -0.04500000 0.17164456 0.00878128
v -0.04990000 0.17164456 0.00878128
v -0.04500000 0.17168029 0.00886755
v -0.04990000 0.17168029 0.00886755
v -0.04500000 0.17175129 0.00892820
v -0.04990000 0.17175129 0.00892820
v -0.04400000 0.16132472 0.00470000
v -0.04400000 0.16012588 0.00150000
v -0.04429632 0.16127210 0.00470000
v -0.04420711 0.16010389 0.00150000
v -0.04449666 0.16116009 0.00470000
v -0.04449863 0.15998655 0.00150000
v -0.04455837 0.16112558 0.00470000
v -0.04477692 0.16089355 0.00470000
v -0.04452029 0.15997783 0.00150000
v -0.04485431 0.16073712 0.00470000
v -0.04477612 0.15975143 0.00150000
v -0.04485340 0.15961205 0.00150000
v -0.04493811 0.16056772 0.00470000
v -0.04494248 0.15945135 0.00150000
v -0.04500000 0.16017334 0.00470000
v -0.04500000 0.15911314 0.00150000
v -0.04500000 0.15410000 0.00150000
v -0.04665766 0.15622500 0.00150000
v -0.04722500 0.15565766 0.00150000
v -0.04990000 0.15410000 0.00150000
v -0.04420711 0.16010389 0.00150000
v -0.04400000 0.16012588 0.00150000
v -0.04990000 0.16012588 0.00150000
v -0.05076603 0.15460000 0.00150000
v -0.05040000 0.15423397 0.00150000
v -0.04645000 0.15700000 0.00150000
v -0.04500000 0.15911314 0.00150000
v -0.04665766 0.15777500 0.00150000
v -0.05090000 0.15510000 0.00150000
v -0.04877500 0.15565766 0.00150000
v -0.04800000 0.15545000 0.00150000
v -0.04800000 0.15855000 0.00150000
v -0.04722500 0.15834234 0.00150000
v -0.04934234 0.15622500 0.00150000
v -0.04955000 0.15700000 0.00150000
v -0.05090000 0.15911314 0.00150000
v -0.04934234 0.15777500 0.00150000
v -0.05087284 0.15934735 0.00150000
v -0.04877500 0.15834234 0.00150000
v -0.05074161 0.15965977 0.00150000
v -0.05051831 0.15990885 0.00150000
v -0.04452029 0.15997783 0.00150000
v -0.04477612 0.15975143 0.00150000
v -0.04494248 0.15945135 0.00150000
v -0.05022764 0.16006990 0.00150000
v -0.05090000 0.18420000 0.00150000
v -0.04500000 0.18420000 0.00150000
v -0.05090000 0.18420000 0.00470000
v -0.04500000 0.18420000 0.00470000
v -0.04934234 0.18022500 -0.01600000
v -0.04877500 0.17965766 -0.01600000
v -0.05090000 0.17750000 -0.01600000
v -0.04800000 0.17945000 -0.01600000
v -0.04450000 0.17750000 -0.01600000
v -0.04722500 0.17965766 -0.01600000
v -0.04665766 0.18022500 -0.01600000
v -0.04450000 0.18336364 -0.01600000
v -0.04645000 0.18100000 -0.01600000
v -0.04665766 0.18177500 -0.01600000
v -0.04955000 0.18100000 -0.01600000
v -0.05090000 0.18336364 -0.01600000
v -0.04934234 0.18177500 -0.01600000
v -0.04722500 0.18234234 -0.01600000
v -0.04800000 0.18255000 -0.01600000
v -0.04877500 0.18234234 -0.01600000
v -0.05090000 0.18420000 -0.01215000
v -0.05090000 0.18687959 -0.00633114
v -0.05090000 0.17888686 -0.00150000
v -0.05090000 0.17888686 0.00150000
v -0.05090000 0.18420000 -0.00150000
v -0.05090000 0.18420000 0.00150000
v -0.05090000 0.15510000 -0.01215000
v -0.05090000 0.16050000 -0.01600000
v -0.05090000 0.18420000 0.00875000
v -0.05090000 0.17542521 -0.00766268
v -0.05090000 0.18420000 0.00470000
v -0.05090000 0.18700000 0.00564765
v -0.05090000 0.18700000 -0.00564765
v -0.05090000 0.18420000 -0.00470000
v -0.05090000 0.15570043 -0.01600000
v -0.05090000 0.18687959 0.00633114
v -0.05090000 0.18420000 0.01215000
v -0.05090000 0.16050000 0.01600000
v -0.05090000 0.15510000 0.01215000
v -0.05090000 0.17782666 -0.00470000
v -0.05090000 0.17475000 0.02529904
v -0.05090000 0.17400000 0.02550000
v -0.05090000 0.17550000 0.02800000
v -0.05090000 0.17750000 0.01600000
v -0.05090000 0.18336364 0.01600000
v -0.05090000 0.15510000 0.01417265
v -0.05090000 0.15516021 0.01451439
v -0.05090000 0.15570043 0.01600000
v -0.05090000 0.16529904 0.02325000
v -0.05090000 0.16550000 0.02400000
v -0.05090000 0.17250000 0.02400000
v -0.05090000 0.18336364 -0.01600000
v -0.05090000 0.17750000 -0.01600000
v -0.05090000 0.16475000 -0.02270096
v -0.05090000 0.16400000 -0.02250000
v -0.05090000 0.16325000 -0.02270096
v -0.05090000 0.16270096 -0.02325000
v -0.05090000 0.16050000 -0.02600000
v -0.05090000 0.16250000 -0.02400000
v -0.05090000 0.16270096 -0.02475000
v -0.05090000 0.16076795 -0.02700000
v -0.05090000 0.16325000 -0.02529904
v -0.05090000 0.16400000 -0.02550000
v -0.05090000 0.16250000 -0.02800000
v -0.05090000 0.16150000 -0.02773205
v -0.05090000 0.16475000 -0.02529904
v -0.05090000 0.17250000 -0.02400000
v -0.05090000 0.17270096 -0.02475000
v -0.05090000 0.17325000 -0.02529904
v -0.05090000 0.17550000 -0.02800000
v -0.05090000 0.17400000 -0.02550000
v -0.05090000 0.17650000 -0.02773205
v -0.05090000 0.17475000 -0.02529904
v -0.05090000 0.17723205 -0.02700000
v -0.05090000 0.17529904 -0.02475000
v -0.05090000 0.17750000 -0.02600000
v -0.05090000 0.17550000 -0.02400000
v -0.05090000 0.17529904 -0.02325000
v -0.05090000 0.17475000 -0.02270096
v -0.05090000 0.16529904 -0.02475000
v -0.05090000 0.16550000 -0.02400000
v -0.05090000 0.17270096 -0.02325000
v -0.05090000 0.17400000 -0.02250000
v -0.05090000 0.17325000 -0.02270096
v -0.05090000 0.16529904 -0.02325000
v -0.05090000 0.17270096 0.02475000
v -0.05090000 0.16325000 0.02270096
v -0.05090000 0.16400000 0.02250000
v -0.05090000 0.17400000 0.02250000
v -0.05090000 0.17475000 0.02270096
v -0.05090000 0.17529904 0.02325000
v -0.05090000 0.17750000 0.02600000
v -0.05090000 0.16250000 0.02800000
v -0.05090000 0.17325000 0.02529904
v -0.05090000 0.17325000 0.02270096
v -0.05090000 0.17270096 0.02325000
v -0.05090000 0.16475000 0.02270096
v -0.05090000 0.17550000 0.02400000
v -0.05090000 0.17529904 0.02475000
v -0.05090000 0.17723205 0.02700000
v -0.05090000 0.17650000 0.02773205
v -0.05090000 0.16529904 0.02475000
v -0.05090000 0.16475000 0.02529904
v -0.05090000 0.16400000 0.02550000
v -0.05090000 0.16150000 0.02773205
v -0.05090000 0.16325000 0.02529904
v -0.05090000 0.16076795 0.02700000
v -0.05090000 0.16270096 0.02475000
v -0.05090000 0.16050000 0.02600000
v -0.05090000 0.16250000 0.02400000
v -0.05090000 0.16270096 0.02325000
v -0.04450000 0.17905416 0.02737220
v -0.04300000 0.17905416 0.02737220
v -0.04450000 0.17839148 0.02783635
v -0.04300000 0.17839148 0.02783635
v -0.05060500 0.17272214 0.00893718
v -0.05075176 0.17384123 0.00894319
v -0.05066386 0.17270459 0.00890037
v -0.05080000 0.17384123 0.00892320
v -0.05070652 0.17269187 0.00884429
v -0.05084142 0.17384123 0.00889142
v -0.05072751 0.17268561 0.00877612
v -0.05087321 0.17384123 0.00885000
v -0.05072415 0.17268661 0.00870460
v -0.05089319 0.17384123 0.00880176
v -0.05032224 0.17205115 0.00893181
v -0.05037866 0.17201288 0.00888055
v -0.05041228 0.17199009 0.00880554
v -0.05041697 0.17198691 0.00872042
v -0.05039188 0.17200392 0.00864069
v -0.05015842 0.17185742 0.00892961
v -0.05020299 0.17180339 0.00887261
v -0.05022706 0.17177421 0.00879061
v -0.05022572 0.17177583 0.00870033
v -0.05019925 0.17180792 0.00862018
v -0.05002877 0.17177682 0.00892855
v -0.05005445 0.17171086 0.00886881
v -0.05006761 0.17167706 0.00878358
v -0.05006543 0.17168266 0.00869116
v -0.05004838 0.17172647 0.00861135
v -0.04485107 0.16073389 -0.00470000
v -0.04461831 0.15990885 -0.00150000
v -0.04471735 0.16097124 -0.00470000
v -0.04449350 0.15997800 -0.00150000
v -0.04449147 0.16115404 -0.00470000
v -0.04432764 0.16006990 -0.00150000
v -0.04440366 0.16122511 -0.00470000
v -0.04400000 0.16012588 -0.00150000
v -0.04400000 0.16132472 -0.00470000
v -0.04500000 0.16017334 -0.00470000
v -0.04500000 0.15911314 -0.00150000
v -0.04497284 0.15934735 -0.00150000
v -0.04492841 0.16059661 -0.00470000
v -0.04485978 0.15961650 -0.00150000
v -0.04484161 0.15965977 -0.00150000
v -0.04877500 0.15565766 0.00470000
v -0.04800000 0.15545000 0.00470000
v -0.04990000 0.15410000 0.00470000
v -0.04500000 0.15410000 0.00470000
v -0.04722500 0.15565766 0.00470000
v -0.04665766 0.15622500 0.00470000
v -0.04645000 0.15700000 0.00470000
v -0.04800000 0.15855000 0.00470000
v -0.04455837 0.16112558 0.00470000
v -0.04722500 0.15834234 0.00470000
v -0.04477692 0.16089355 0.00470000
v -0.04665766 0.15777500 0.00470000
v -0.04493811 0.16056772 0.00470000
v -0.04500000 0.16017334 0.00470000
v -0.04990000 0.16132472 0.00470000
v -0.04400000 0.16132472 0.00470000
v -0.04429632 0.16127210 0.00470000
v -0.05082841 0.16059661 0.00470000
v -0.05061735 0.16097124 0.00470000
v -0.05030366 0.16122511 0.00470000
v -0.04877500 0.15834234 0.00470000
v -0.04934234 0.15777500 0.00470000
v -0.05090000 0.16017334 0.00470000
v -0.05090000 0.15510000 0.00470000
v -0.04955000 0.15700000 0.00470000
v -0.04934234 0.15622500 0.00470000
v -0.05076603 0.15460000 0.00470000
v -0.05040000 0.15423397 0.00470000
v -0.05045837 0.17687442 0.00470000
v -0.04877500 0.17965766 0.00470000
v -0.05019632 0.17672790 0.00470000
v -0.04800000 0.17945000 0.00470000
v -0.04990000 0.17667528 0.00470000
v -0.04722500 0.17965766 0.00470000
v -0.04665766 0.18177500 0.00470000
v -0.04500000 0.18420000 0.00470000
v -0.04645000 0.18100000 0.00470000
v -0.04500000 0.17782666 0.00470000
v -0.04665766 0.18022500 0.00470000
v -0.04492841 0.17740339 0.00470000
v -0.04471735 0.17702876 0.00470000
v -0.04440366 0.17677489 0.00470000
v -0.04400000 0.17667528 0.00470000
v -0.04722500 0.18234234 0.00470000
v -0.04800000 0.18255000 0.00470000
v -0.05090000 0.18420000 0.00470000
v -0.04877500 0.18234234 0.00470000
v -0.04934234 0.18177500 0.00470000
v -0.04955000 0.18100000 0.00470000
v -0.05090000 0.17782666 0.00470000
v -0.04934234 0.18022500 0.00470000
v -0.05083811 0.17743229 0.00470000
v -0.05067692 0.17710645 0.00470000
v -0.04450000 0.16050000 -0.02600000
v -0.04450000 0.16050000 -0.01600000
v -0.05090000 0.16050000 -0.02600000
v -0.05090000 0.16050000 -0.01600000
v -0.05090000 0.15510000 -0.00470000
v -0.05090000 0.16017334 -0.00470000
v -0.05090000 0.15510000 -0.00875000
v -0.05090000 0.16257479 -0.00766268
v -0.05090000 0.17723205 0.02700000
v -0.04450000 0.17723205 0.02700000
v -0.05090000 0.17650000 0.02773205
v -0.04450000 0.17650000 0.02773205
v -0.05090000 0.17550000 0.02800000
v -0.04450000 0.17550000 0.02800000
v -0.05087321 0.18420000 0.00885000
v -0.05080000 0.18420000 0.00892320
v -0.04485107 0.17726611 0.00470000
v -0.04461831 0.17809115 0.00150000
v -0.04471735 0.17702876 0.00470000
v -0.04449350 0.17802200 0.00150000
v -0.04449147 0.17684595 0.00470000
v -0.04432764 0.17793010 0.00150000
v -0.04440366 0.17677489 0.00470000
v -0.04500000 0.17782666 0.00470000
v -0.04500000 0.17888686 0.00150000
v -0.04497284 0.17865265 0.00150000
v -0.04492841 0.17740339 0.00470000
v -0.04485978 0.17838350 0.00150000
v -0.04484161 0.17834023 0.00150000
v -0.04500000 0.15911314 0.00150000
v -0.04500000 0.15410000 0.00150000
v -0.04500000 0.16017334 0.00470000
v -0.04500000 0.15410000 0.00470000
v -0.04500000 0.18420000 0.00470000
v -0.04500000 0.18420000 0.00150000
v -0.04450000 0.16150000 -0.02773205
v -0.04450000 0.16250000 -0.02800000
v -0.04450000 0.16040085 -0.02800000
v -0.04450000 0.16076795 -0.02700000
v -0.04450000 0.15463636 -0.01600000
v -0.04450000 0.16050000 -0.01600000
v -0.04450000 0.15852127 -0.02668349
v -0.04450000 0.16050000 -0.02600000
v -0.04450000 0.15894584 -0.02737220
v -0.04450000 0.15960851 -0.02783635
v -0.05090000 0.15510000 0.00150000
v -0.05090000 0.15911314 0.00150000
v -0.05090000 0.15510000 -0.00150000
v -0.05090000 0.15911314 -0.00150000
v -0.04450000 0.15894584 -0.02737220
v -0.04300000 0.15894584 -0.02737220
v -0.04450000 0.15960851 -0.02783635
v -0.04300000 0.15960851 -0.02783635
v -0.04500000 0.16624871 0.00892820
v -0.04990000 0.16624871 0.00892820
v -0.04500000 0.16631971 0.00886755
v -0.04990000 0.16631971 0.00886755
v -0.04500000 0.16635545 0.00878128
v -0.04990000 0.16635545 0.00878128
v -0.04500000 0.16634811 0.00868818
v -0.04990000 0.16634811 0.00868818
v -0.04500000 0.16629932 0.00860857
v -0.04990000 0.16629932 0.00860857
v -0.04400000 0.17667528 -0.00470000
v -0.04400000 0.17787412 -0.00150000
v -0.04429632 0.17672790 -0.00470000
v -0.04420711 0.17789611 -0.00150000
v -0.04449666 0.17683991 -0.00470000
v -0.04449863 0.17801345 -0.00150000
v -0.04455837 0.17687442 -0.00470000
v -0.04477692 0.17710645 -0.00470000
v -0.04452029 0.17802217 -0.00150000
v -0.04485431 0.17726288 -0.00470000
v -0.04477612 0.17824857 -0.00150000
v -0.04485340 0.17838795 -0.00150000
v -0.04493811 0.17743229 -0.00470000
v -0.04494248 0.17854865 -0.00150000
v -0.04500000 0.17782666 -0.00470000
v -0.04500000 0.17888686 -0.00150000
v -0.05090000 0.15510000 -0.00150000
v -0.04955000 0.15700000 -0.00150000
v -0.04934234 0.15622500 -0.00150000
v -0.05076603 0.15460000 -0.00150000
v -0.04877500 0.15565766 -0.00150000
v -0.05040000 0.15423397 -0.00150000
v -0.04990000 0.15410000 -0.00150000
v -0.04800000 0.15545000 -0.00150000
v -0.04500000 0.15410000 -0.00150000
v -0.04400000 0.16012588 -0.00150000
v -0.04432764 0.16006990 -0.00150000
v -0.04990000 0.16012588 -0.00150000
v -0.04461831 0.15990885 -0.00150000
v -0.05067612 0.15975143 -0.00150000
v -0.05042029 0.15997783 -0.00150000
v -0.05010711 0.16010389 -0.00150000
v -0.04722500 0.15565766 -0.00150000
v -0.04665766 0.15622500 -0.00150000
v -0.04500000 0.15911314 -0.00150000
v -0.04645000 0.15700000 -0.00150000
v -0.04497284 0.15934735 -0.00150000
v -0.04484161 0.15965977 -0.00150000
v -0.04934234 0.15777500 -0.00150000
v -0.05090000 0.15911314 -0.00150000
v -0.05084248 0.15945135 -0.00150000
v -0.04877500 0.15834234 -0.00150000
v -0.04800000 0.15855000 -0.00150000
v -0.04722500 0.15834234 -0.00150000
v -0.04665766 0.15777500 -0.00150000
v -0.04645000 0.18100000 -0.00895000
v -0.04645000 0.18100000 -0.00470000
v -0.04665766 0.18177500 -0.00895000
v -0.04665766 0.18177500 -0.00470000
v -0.04722500 0.18234234 -0.00895000
v -0.04722500 0.18234234 -0.00470000
v -0.04800000 0.18255000 -0.00895000
v -0.04800000 0.18255000 -0.00470000
v -0.04877500 0.18234234 -0.00895000
v -0.04877500 0.18234234 -0.00470000
v -0.04934234 0.18177500 -0.00895000
v -0.04934234 0.18177500 -0.00470000
v -0.04955000 0.18100000 -0.00895000
v -0.04955000 0.18100000 -0.00470000
v -0.04934234 0.18022500 -0.00895000
v -0.04934234 0.18022500 -0.00470000
v -0.04877500 0.17965766 -0.00895000
v -0.04877500 0.17965766 -0.00470000
v -0.04800000 0.17945000 -0.00895000
v -0.04800000 0.17945000 -0.00470000
v -0.04722500 0.17965766 -0.00895000
v -0.04722500 0.17965766 -0.00470000
v -0.04665766 0.18022500 -0.00895000
v -0.04665766 0.18022500 -0.00470000
v -0.04665766 0.15622500 -0.01600000
v -0.04645000 0.15700000 -0.01600000
v -0.04450000 0.15463636 -0.01600000
v -0.04450000 0.16050000 -0.01600000
v -0.05015882 0.15467262 -0.01600000
v -0.05040000 0.15477892 -0.01600000
v -0.05076603 0.15516840 -0.01600000
v -0.04665766 0.15777500 -0.01600000
v -0.04722500 0.15834234 -0.01600000
v -0.05090000 0.16050000 -0.01600000
v -0.04800000 0.15855000 -0.01600000
v -0.04934234 0.15622500 -0.01600000
v -0.04877500 0.15565766 -0.01600000
v -0.04990000 0.15463636 -0.01600000
v -0.04800000 0.15545000 -0.01600000
v -0.04722500 0.15565766 -0.01600000
v -0.04955000 0.15700000 -0.01600000
v -0.05090000 0.15570043 -0.01600000
v -0.04934234 0.15777500 -0.01600000
v -0.04877500 0.15834234 -0.01600000
v -0.05090000 0.15510000 0.00470000
v -0.05090000 0.16400000 0.00866025
v -0.04450000 0.17839148 -0.02783635
v -0.04300000 0.17839148 -0.02783635
v -0.04450000 0.17905416 -0.02737220
v -0.04300000 0.17905416 -0.02737220
v -0.04998116 0.16623864 0.00892834
v -0.04999785 0.16630756 0.00886805
v -0.05000632 0.16634250 0.00878219
v -0.05000471 0.16633589 0.00868936
v -0.04999339 0.16628915 0.00860966
v -0.05013357 0.16616264 0.00892936
v -0.05017522 0.16621918 0.00887169
v -0.05019744 0.16624934 0.00878891
v -0.05019564 0.16624690 0.00869809
v -0.05017019 0.16621236 0.00861799
v -0.05024295 0.16605655 0.00893065
v -0.05029507 0.16610210 0.00887633
v -0.05032460 0.16612791 0.00879757
v -0.05032582 0.16612897 0.00870960
v -0.05029849 0.16610509 0.00862945
v -0.05043099 0.16575253 0.00893365
v -0.05049026 0.16578214 0.00888726
v -0.05052825 0.16580112 0.00881843
v -0.05053875 0.16580637 0.00873840
v -0.05052003 0.16579702 0.00866027
v -0.05054982 0.16545672 0.00893596
v -0.05060939 0.16547805 0.00889581
v -0.05065087 0.16549290 0.00883519
v -0.05066843 0.16549919 0.00876261
v -0.05065961 0.16549603 0.00868826
v -0.01473406 0.07000000 0.01200000
v -0.01473406 0.07000000 0.01500000
v -0.01446611 0.07100000 0.01500000
v -0.01446611 0.07100000 0.01200000
v -0.01373406 0.07173205 0.01500000
v -0.01373406 0.07173205 0.01200000
v -0.01273406 0.07200000 0.01500000
v -0.01273406 0.07200000 0.01200000
v -0.01573406 0.06500000 -0.00671280
v -0.01573406 0.06500000 -0.00460000
v -0.01535137 0.06507612 -0.00460000
v -0.01535137 0.06507612 -0.00692673
v -0.01502695 0.06529289 -0.00460000
v -0.01502695 0.06529289 -0.00716062
v -0.01481018 0.06561732 -0.00460000
v -0.01481018 0.06561732 -0.00735033
v -0.01473406 0.06600000 -0.00460000
v -0.01473406 0.06600000 -0.00742458
v -0.00889044 0.06200000 -0.00140000
v -0.00889044 0.06500000 -0.00140000
v -0.00889044 0.06200000 0.00140000
v -0.00889044 0.06500000 0.00140000
v -0.01473406 0.06500000 0.00460000
v -0.01573406 0.06500000 0.00460000
v -0.01523406 0.06513397 0.00460000
v -0.01383406 0.06900000 0.00460000
v -0.01361970 0.06820000 0.00460000
v -0.01303406 0.06761436 0.00460000
v -0.01473406 0.06200000 0.00460000
v -0.01223406 0.06740000 0.00460000
v -0.00773563 0.06200000 0.00460000
v -0.01143406 0.06761436 0.00460000
v -0.00773563 0.06500000 0.00460000
v -0.01084842 0.06820000 0.00460000
v -0.00856160 0.06869327 0.00460000
v -0.01063406 0.06900000 0.00460000
v -0.01040224 0.07200000 0.00460000
v -0.01303406 0.07038564 0.00460000
v -0.01361970 0.06980000 0.00460000
v -0.01473406 0.07000000 0.00460000
v -0.01473406 0.06600000 0.00460000
v -0.01486803 0.06550000 0.00460000
v -0.01446611 0.07100000 0.00460000
v -0.01373406 0.07173205 0.00460000
v -0.01223406 0.07060000 0.00460000
v -0.01273406 0.07200000 0.00460000
v -0.01143406 0.07038564 0.00460000
v -0.01084842 0.06980000 0.00460000
v 0.01423406 0.06600000 0.01200000
v 0.01423406 0.07000000 0.01200000
v 0.01423406 0.06600000 0.01500000
v 0.01423406 0.07000000 0.01500000
v 0.01123406 0.07060000 -0.00460000
v 0.01123406 0.07060000 -0.00880000
v 0.01203406 0.07038564 -0.00460000
v 0.01203406 0.07038564 -0.00880000
v 0.01261970 0.06980000 -0.00460000
v 0.01261970 0.06980000 -0.00880000
v 0.01283406 0.06900000 -0.00460000
v 0.01283406 0.06900000 -0.00880000
v 0.01261970 0.06820000 -0.00460000
v 0.01261970 0.06820000 -0.00880000
v 0.01203406 0.06761436 -0.00460000
v 0.01203406 0.06761436 -0.00880000
v 0.01123406 0.06740000 -0.00460000
v 0.01123406 0.06740000 -0.00880000
v 0.01043406 0.06761436 -0.00460000
v 0.01043406 0.06761436 -0.00880000
v 0.00984842 0.06820000 -0.00460000
v 0.00984842 0.06820000 -0.00880000
v 0.00963406 0.06900000 -0.00460000
v 0.00963406 0.06900000 -0.00880000
v 0.00984842 0.06980000 -0.00460000
v 0.00984842 0.06980000 -0.00880000
v 0.01043406 0.07038564 -0.00460000
v 0.01043406 0.07038564 -0.00880000
v -0.01473406 0.06600000 -0.01500000
v 0.01423406 0.06600000 -0.01500000
v -0.01475327 0.06580491 -0.01501921
v 0.01426813 0.06574118 -0.01503407
v -0.01481018 0.06561732 -0.01507612
v -0.01486803 0.06550000 -0.01513397
v 0.01436803 0.06550000 -0.01513397
v 0.01473406 0.06513397 -0.01550000
v -0.01523406 0.06513397 -0.01550000
v 0.01523406 0.06500000 -0.01600000
v -0.01573406 0.06500000 -0.01600000
v 0.01473406 0.06513397 -0.00742458
v 0.01441598 0.06542489 -0.00778952
v 0.01436803 0.06550000 -0.00460000
v 0.01437791 0.06550479 -0.00784325
v 0.01423406 0.06600000 -0.00460000
v 0.01427205 0.06572698 -0.00799267
v 0.01423406 0.06600000 -0.00805158
v 0.01473406 0.06513397 -0.00460000
v 0.01523406 0.06500000 -0.00460000
v 0.01523406 0.06500000 -0.00700513
v -0.01473406 0.06200000 -0.00460000
v -0.01473406 0.06200000 -0.00140000
v -0.02400000 0.06200000 0.01205197
v 0.01589157 0.06200000 -0.00917500
v 0.01423406 0.06200000 0.00880000
v 0.01567051 0.06200000 -0.01000000
v 0.01423406 0.06200000 0.00460000
v 0.01423406 0.06200000 0.00140000
v -0.00353712 0.06200000 0.00868461
v -0.00364203 0.06200000 0.00876961
v -0.00377359 0.06200000 0.00880000
v 0.00773563 0.06200000 0.00460000
v 0.00597540 0.06200000 0.00673013
v 0.00365186 0.06200000 0.00822581
v 0.00377359 0.06200000 0.00880000
v 0.00354395 0.06200000 0.00830696
v -0.00889044 0.06200000 -0.00140000
v -0.00889044 0.06200000 0.00140000
v -0.01473406 0.06200000 0.00140000
v -0.02380162 0.06200000 0.01344640
v 0.00353712 0.06200000 -0.00868461
v 0.00364203 0.06200000 -0.00876961
v 0.00377359 0.06200000 -0.00880000
v 0.01649551 0.06200000 -0.00857106
v 0.01732051 0.06200000 -0.00835000
v 0.01423406 0.06200000 0.01200000
v 0.02400000 0.06200000 0.01205197
v 0.00348011 0.06200000 0.00856222
v 0.00348256 0.06200000 0.00842722
v 0.00353712 0.06200000 0.00868461
v 0.00364203 0.06200000 0.00876961
v -0.01473406 0.06200000 0.01200000
v -0.02322222 0.06200000 0.01473019
v -0.01473406 0.06200000 0.00880000
v -0.01473406 0.06200000 0.00460000
v 0.00165000 0.06200000 0.02000000
v 0.00142894 0.06200000 0.01917500
v -0.00354395 0.06200000 0.00830696
v -0.00348256 0.06200000 0.00842722
v -0.00365186 0.06200000 0.00822581
v -0.00348011 0.06200000 0.00856222
v 0.01423406 0.06200000 -0.00880000
v 0.01423406 0.06200000 -0.01200000
v 0.01589157 0.06200000 -0.01082500
v -0.00597540 0.06200000 0.00673013
v -0.00773563 0.06200000 0.00460000
v 0.00354395 0.06200000 -0.00830696
v 0.00348256 0.06200000 -0.00842722
v 0.00365186 0.06200000 -0.00822581
v 0.00348011 0.06200000 -0.00856222
v 0.00889044 0.06200000 0.00140000
v 0.00889044 0.06200000 -0.00140000
v 0.01423406 0.06200000 -0.00140000
v 0.01423406 0.06200000 -0.00460000
v -0.01473406 0.06200000 -0.00880000
v -0.01732051 0.06200000 -0.00835000
v -0.01649551 0.06200000 -0.00857106
v 0.01325085 0.06200000 -0.02409699
v 0.02322222 0.06200000 -0.01473019
v 0.00082500 0.06200000 0.01857106
v 0.00000000 0.06200000 0.01835000
v 0.00597540 0.06200000 -0.00673013
v 0.00773563 0.06200000 -0.00460000
v 0.01814551 0.06200000 -0.00857106
v 0.01874945 0.06200000 -0.00917500
v 0.02400000 0.06200000 -0.01205197
v 0.01897051 0.06200000 -0.01000000
v 0.02380162 0.06200000 -0.01344640
v 0.01874945 0.06200000 -0.01082500
v 0.00000000 0.06200000 -0.02750000
v -0.01473406 0.06200000 -0.01200000
v -0.01325085 0.06200000 -0.02409699
v -0.01897051 0.06200000 -0.01000000
v -0.01874945 0.06200000 -0.00917500
v -0.02380162 0.06200000 -0.01344640
v -0.00082500 0.06200000 0.02142894
v -0.00000000 0.06200000 0.02750000
v -0.00142894 0.06200000 0.02082500
v -0.01325085 0.06200000 0.02409699
v -0.00165000 0.06200000 0.02000000
v -0.00142894 0.06200000 0.01917500
v -0.00082500 0.06200000 0.01857106
v -0.00000000 0.06200000 0.02165000
v 0.00082500 0.06200000 0.02142894
v 0.01325085 0.06200000 0.02409699
v 0.01814551 0.06200000 -0.01142894
v 0.01732051 0.06200000 -0.01165000
v 0.01649551 0.06200000 -0.01142894
v -0.01589157 0.06200000 -0.00917500
v -0.01567051 0.06200000 -0.01000000
v -0.01589157 0.06200000 -0.01082500
v -0.02400000 0.06200000 -0.01205197
v -0.01814551 0.06200000 -0.00857106
v 0.02380162 0.06200000 0.01344640
v 0.02322222 0.06200000 0.01473019
v 0.00142894 0.06200000 0.02082500
v -0.01649551 0.06200000 -0.01142894
v -0.01732051 0.06200000 -0.01165000
v -0.02322222 0.06200000 -0.01473019
v -0.01814551 0.06200000 -0.01142894
v -0.01874945 0.06200000 -0.01082500
v -0.00597540 0.06200000 -0.00673013
v -0.00773563 0.06200000 -0.00460000
v -0.00364203 0.06200000 -0.00876961
v -0.00353712 0.06200000 -0.00868461
v -0.00377359 0.06200000 -0.00880000
v -0.00348011 0.06200000 -0.00856222
v -0.00365186 0.06200000 -0.00822581
v -0.00354395 0.06200000 -0.00830696
v -0.00348256 0.06200000 -0.00842722
v 0.01423406 0.06500000 0.00460000
v 0.01423406 0.06500000 0.00140000
v 0.01423406 0.06200000 0.00460000
v 0.01423406 0.06200000 0.00140000
v -0.01303406 0.07038564 -0.01500000
v -0.01361970 0.06980000 -0.01500000
v -0.01473406 0.07000000 -0.01500000
v -0.01383406 0.06900000 -0.01500000
v -0.01446611 0.07100000 -0.01500000
v -0.01373406 0.07173205 -0.01500000
v -0.01223406 0.07060000 -0.01500000
v -0.01273406 0.07200000 -0.01500000
v -0.01143406 0.07038564 -0.01500000
v 0.01223406 0.07200000 -0.01500000
v -0.01084842 0.06980000 -0.01500000
v -0.01361970 0.06820000 -0.01500000
v -0.01303406 0.06761436 -0.01500000
v -0.01223406 0.06740000 -0.01500000
v 0.01123406 0.06740000 -0.01500000
v -0.01143406 0.06761436 -0.01500000
v -0.01084842 0.06820000 -0.01500000
v 0.00963406 0.06900000 -0.01500000
v -0.01063406 0.06900000 -0.01500000
v 0.00984842 0.06980000 -0.01500000
v 0.01043406 0.07038564 -0.01500000
v 0.00984842 0.06820000 -0.01500000
v 0.01043406 0.06761436 -0.01500000
v 0.01203406 0.06761436 -0.01500000
v 0.01261970 0.06820000 -0.01500000
v 0.01423406 0.07000000 -0.01500000
v 0.01283406 0.06900000 -0.01500000
v 0.01396611 0.07100000 -0.01500000
v 0.01261970 0.06980000 -0.01500000
v 0.01323406 0.07173205 -0.01500000
v 0.01203406 0.07038564 -0.01500000
v 0.01123406 0.07060000 -0.01500000
v -0.01223406 0.07060000 0.01500000
v -0.01223406 0.07060000 0.01200000
v -0.01143406 0.07038564 0.01500000
v -0.01143406 0.07038564 0.01200000
v -0.01084842 0.06980000 0.01500000
v -0.01084842 0.06980000 0.01200000
v -0.01063406 0.06900000 0.01500000
v -0.01063406 0.06900000 0.01200000
v -0.01084842 0.06820000 0.01500000
v -0.01084842 0.06820000 0.01200000
v -0.01143406 0.06761436 0.01500000
v -0.01143406 0.06761436 0.01200000
v -0.01223406 0.06740000 0.01500000
v -0.01223406 0.06740000 0.01200000
v -0.01303406 0.06761436 0.01500000
v -0.01303406 0.06761436 0.01200000
v -0.01361970 0.06820000 0.01500000
v -0.01361970 0.06820000 0.01200000
v -0.01383406 0.06900000 0.01500000
v -0.01383406 0.06900000 0.01200000
v -0.01361970 0.06980000 0.01500000
v -0.01361970 0.06980000 0.01200000
v -0.01303406 0.07038564 0.01500000
v -0.01303406 0.07038564 0.01200000
v 0.01426813 0.06574118 0.01503407
v 0.01423406 0.06600000 0.01500000
v -0.01473406 0.06600000 0.01500000
v -0.01476813 0.06574118 0.01503407
v -0.01486803 0.06550000 0.01513397
v 0.01436803 0.06550000 0.01513397
v -0.01523406 0.06513397 0.01550000
v 0.01473406 0.06513397 0.01550000
v -0.01573406 0.06500000 0.01600000
v 0.01523406 0.06500000 0.01600000
v -0.01481018 0.06561732 -0.01264967
v -0.01473406 0.06600000 -0.01257542
v -0.01473406 0.06600000 -0.01500000
v -0.01475327 0.06580491 -0.01501921
v -0.01481018 0.06561732 -0.01507612
v -0.01502695 0.06529289 -0.01283938
v -0.01486803 0.06550000 -0.01513397
v -0.01505105 0.06531699 -0.01531699
v -0.01535137 0.06507612 -0.01307327
v -0.01523406 0.06513397 -0.01550000
v -0.01535850 0.06510063 -0.01562444
v -0.01573406 0.06500000 -0.01600000
v -0.01573406 0.06500000 -0.01328720
v 0.01423406 0.06200000 -0.01200000
v 0.01423406 0.06200000 -0.00880000
v 0.01423406 0.06500000 -0.01200000
v 0.01423406 0.06500000 -0.00880000
v 0.01423406 0.06200000 0.00140000
v 0.01423406 0.06500000 0.00140000
v 0.00889044 0.06200000 0.00140000
v 0.00889044 0.06500000 0.00140000
v 0.01223406 0.07200000 -0.01500000
v -0.01273406 0.07200000 -0.01500000
v 0.01223406 0.07200000 -0.01200000
v -0.01273406 0.07200000 -0.01200000
v -0.01223406 0.07060000 -0.01200000
v -0.01223406 0.07060000 -0.01500000
v -0.01143406 0.07038564 -0.01200000
v -0.01143406 0.07038564 -0.01500000
v -0.01084842 0.06980000 -0.01200000
v -0.01084842 0.06980000 -0.01500000
v -0.01063406 0.06900000 -0.01200000
v -0.01063406 0.06900000 -0.01500000
v -0.01084842 0.06820000 -0.01200000
v -0.01084842 0.06820000 -0.01500000
v -0.01143406 0.06761436 -0.01200000
v -0.01143406 0.06761436 -0.01500000
v -0.01223406 0.06740000 -0.01200000
v -0.01223406 0.06740000 -0.01500000
v -0.01303406 0.06761436 -0.01200000
v -0.01303406 0.06761436 -0.01500000
v -0.01361970 0.06820000 -0.01200000
v -0.01361970 0.06820000 -0.01500000
v -0.01383406 0.06900000 -0.01200000
v -0.01383406 0.06900000 -0.01500000
v -0.01361970 0.06980000 -0.01200000
v -0.01361970 0.06980000 -0.01500000
v -0.01303406 0.07038564 -0.01200000
v -0.01303406 0.07038564 -0.01500000
v 0.01123406 0.07060000 0.00880000
v 0.01123406 0.07060000 0.00460000
v 0.01203406 0.07038564 0.00880000
v 0.01203406 0.07038564 0.00460000
v 0.01261970 0.06980000 0.00880000
v 0.01261970 0.06980000 0.00460000
v 0.01283406 0.06900000 0.00880000
v 0.01283406 0.06900000 0.00460000
v 0.01261970 0.06820000 0.00880000
v 0.01261970 0.06820000 0.00460000
v 0.01203406 0.06761436 0.00880000
v 0.01203406 0.06761436 0.00460000
v 0.01123406 0.06740000 0.00880000
v 0.01123406 0.06740000 0.00460000
v 0.01043406 0.06761436 0.00880000
v 0.01043406 0.06761436 0.00460000
v 0.00984842 0.06820000 0.00880000
v 0.00984842 0.06820000 0.00460000
v 0.00963406 0.06900000 0.00880000
v 0.00963406 0.06900000 0.00460000
v 0.00984842 0.06980000 0.00880000
v 0.00984842 0.06980000 0.00460000
v 0.01043406 0.07038564 0.00880000
v 0.01043406 0.07038564 0.00460000
v 0.01423406 0.07000000 0.01500000
v 0.01423406 0.07000000 0.01200000
v 0.01396611 0.07100000 0.01200000
v 0.01396611 0.07100000 0.01500000
v 0.01323406 0.07173205 0.01200000
v 0.01323406 0.07173205 0.01500000
v 0.01223406 0.07200000 0.01200000
v 0.01223406 0.07200000 0.01500000
v 0.00889044 0.06200000 0.00140000
v 0.00889044 0.06500000 0.00140000
v 0.00889044 0.06200000 -0.00140000
v 0.00889044 0.06500000 -0.00140000
v -0.02322222 0.06200000 -0.01473019
v -0.02322222 0.06500000 -0.01473019
v -0.01325085 0.06500000 -0.02409699
v -0.01325085 0.06200000 -0.02409699
v 0.00000000 0.06500000 -0.02750000
v 0.00000000 0.06200000 -0.02750000
v 0.01325085 0.06500000 -0.02409699
v 0.01325085 0.06200000 -0.02409699
v 0.02322222 0.06500000 -0.01473019
v 0.02322222 0.06200000 -0.01473019
v -0.01473406 0.06600000 0.01500000
v -0.01473406 0.07000000 0.01500000
v -0.01473406 0.06600000 0.01200000
v -0.01473406 0.07000000 0.01200000
v -0.01473406 0.06600000 0.00880000
v -0.01473406 0.06600000 0.00460000
v -0.01486803 0.06550000 0.00880000
v -0.01486803 0.06550000 0.00460000
v -0.01523406 0.06513397 0.00880000
v -0.01523406 0.06513397 0.00460000
v -0.01573406 0.06500000 0.00880000
v -0.01573406 0.06500000 0.00460000
v 0.01123406 0.07060000 0.01500000
v 0.01123406 0.07060000 0.01200000
v 0.01203406 0.07038564 0.01500000
v 0.01203406 0.07038564 0.01200000
v 0.01261970 0.06980000 0.01500000
v 0.01261970 0.06980000 0.01200000
v 0.01283406 0.06900000 0.01500000
v 0.01283406 0.06900000 0.01200000
v 0.01261970 0.06820000 0.01500000
v 0.01261970 0.06820000 0.01200000
v 0.01203406 0.06761436 0.01500000
v 0.01203406 0.06761436 0.01200000
v 0.01123406 0.06740000 0.01500000
v 0.01123406 0.06740000 0.01200000
v 0.01043406 0.06761436 0.01500000
v 0.01043406 0.06761436 0.01200000
v 0.00984842 0.06820000 0.01500000
v 0.00984842 0.06820000 0.01200000
v 0.00963406 0.06900000 0.01500000
v 0.00963406 0.06900000 0.01200000
v 0.00984842 0.06980000 0.01500000
v 0.00984842 0.06980000 0.01200000
v 0.01043406 0.07038564 0.01500000
v 0.01043406 0.07038564 0.01200000
v 0.01223406 0.07200000 0.00460000
v 0.01223406 0.07200000 0.00880000
v 0.01323406 0.07173205 0.00880000
v 0.01323406 0.07173205 0.00460000
v 0.01396611 0.07100000 0.00880000
v 0.01396611 0.07100000 0.00460000
v 0.01423406 0.07000000 0.00880000
v 0.01423406 0.07000000 0.00460000
v -0.00365186 0.06200000 -0.00822581
v -0.00365186 0.06500000 -0.00822581
v -0.00597540 0.06200000 -0.00673013
v -0.00597540 0.06500000 -0.00673013
v -0.00773563 0.06200000 -0.00460000
v -0.00773563 0.06500000 -0.00460000
v -0.02400000 0.06200000 -0.01205197
v -0.02400000 0.06200000 0.01205197
v -0.02400000 0.06500000 -0.01205197
v -0.02400000 0.06500000 0.01205197
v 0.01203406 0.06761436 0.01500000
v 0.01123406 0.06740000 0.01500000
v -0.01473406 0.07000000 0.01500000
v -0.01361970 0.06820000 0.01500000
v -0.01143406 0.07038564 0.01500000
v -0.01084842 0.06980000 0.01500000
v 0.01043406 0.07038564 0.01500000
v -0.01084842 0.06820000 0.01500000
v -0.01143406 0.06761436 0.01500000
v -0.01223406 0.06740000 0.01500000
v -0.01303406 0.06761436 0.01500000
v -0.01383406 0.06900000 0.01500000
v -0.01361970 0.06980000 0.01500000
v -0.01446611 0.07100000 0.01500000
v -0.01303406 0.07038564 0.01500000
v 0.01043406 0.06761436 0.01500000
v 0.00984842 0.06820000 0.01500000
v -0.01063406 0.06900000 0.01500000
v 0.00963406 0.06900000 0.01500000
v 0.00984842 0.06980000 0.01500000
v -0.01223406 0.07060000 0.01500000
v -0.01273406 0.07200000 0.01500000
v -0.01373406 0.07173205 0.01500000
v 0.01223406 0.07200000 0.01500000
v 0.01123406 0.07060000 0.01500000
v 0.01323406 0.07173205 0.01500000
v 0.01203406 0.07038564 0.01500000
v 0.01396611 0.07100000 0.01500000
v 0.01261970 0.06980000 0.01500000
v 0.01423406 0.07000000 0.01500000
v 0.01283406 0.06900000 0.01500000
v 0.01261970 0.06820000 0.01500000
v -0.01476813 0.06574118 0.01503407
v -0.01486803 0.06550000 0.01200000
v -0.01486803 0.06550000 0.01513397
v -0.01523406 0.06513397 0.01200000
v -0.01523406 0.06513397 0.01550000
v -0.01573406 0.06500000 0.01200000
v -0.01573406 0.06500000 0.01600000
v 0.01123406 0.07060000 -0.01200000
v 0.01123406 0.07060000 -0.01500000
v 0.01203406 0.07038564 -0.01200000
v 0.01203406 0.07038564 -0.01500000
v 0.01261970 0.06980000 -0.01200000
v 0.01261970 0.06980000 -0.01500000
v 0.01283406 0.06900000 -0.01200000
v 0.01283406 0.06900000 -0.01500000
v 0.01261970 0.06820000 -0.01200000
v 0.01261970 0.06820000 -0.01500000
v 0.01203406 0.06761436 -0.01200000
v 0.01203406 0.06761436 -0.01500000
v 0.01123406 0.06740000 -0.01200000
v 0.01123406 0.06740000 -0.01500000
v 0.01043406 0.06761436 -0.01200000
v 0.01043406 0.06761436 -0.01500000
v 0.00984842 0.06820000 -0.01200000
v 0.00984842 0.06820000 -0.01500000
v 0.00963406 0.06900000 -0.01200000
v 0.00963406 0.06900000 -0.01500000
v 0.00984842 0.06980000 -0.01200000
v 0.00984842 0.06980000 -0.01500000
v 0.01043406 0.07038564 -0.01200000
v 0.01043406 0.07038564 -0.01500000
v 0.01415052 0.07057200 -0.00819068
v 0.01396611 0.07100000 -0.00856107
v 0.01396611 0.07100000 -0.00460000
v 0.01387341 0.07114566 -0.00880000
v 0.01323406 0.07173205 -0.00880000
v 0.01323406 0.07173205 -0.00460000
v 0.01423406 0.07000000 -0.00460000
v 0.01423406 0.07000000 -0.00805158
v 0.01421181 0.07029747 -0.00808728
v 0.01223406 0.07200000 -0.00880000
v 0.01223406 0.07200000 -0.00460000
v 0.00765951 0.06561732 -0.00472566
v 0.00773563 0.06200000 -0.00460000
v 0.00771463 0.06579615 -0.00463513
v 0.00773563 0.06600000 -0.00460000
v 0.00744274 0.06529289 -0.00506020
v 0.00711832 0.06507612 -0.00550723
v 0.00597540 0.06200000 -0.00673013
v 0.00673563 0.06500000 -0.00596919
v 0.00597540 0.06500000 -0.00673013
v 0.00365186 0.06200000 -0.00822581
v 0.00365186 0.06500000 -0.00822581
v 0.02400000 0.06500000 -0.01205197
v 0.02400000 0.06500000 0.01205197
v 0.02400000 0.06200000 -0.01205197
v 0.02400000 0.06200000 0.01205197
v 0.01423406 0.06600000 -0.01500000
v 0.01423406 0.06600000 -0.01200000
v 0.01426723 0.06574457 -0.01200000
v 0.01426813 0.06574118 -0.01503407
v 0.01436803 0.06550000 -0.01214602
v 0.01436803 0.06550000 -0.01513397
v 0.01473406 0.06513397 -0.01257542
v 0.01473406 0.06513397 -0.01550000
v 0.01523406 0.06500000 -0.01299487
v 0.01523406 0.06500000 -0.01600000
v -0.01040224 0.07200000 0.00460000
v -0.01040224 0.07200000 0.00880000
v -0.00856160 0.06869327 0.00880000
v -0.00856160 0.06869327 0.00460000
v -0.00773563 0.06500000 0.00880000
v -0.00773563 0.06500000 0.00460000
v 0.01323406 0.07173205 -0.01200000
v 0.01323406 0.07173205 -0.01500000
v 0.01396611 0.07100000 -0.01200000
v 0.01396611 0.07100000 -0.01500000
v 0.01423406 0.07000000 -0.01200000
v 0.01423406 0.07000000 -0.01500000
v -0.00773563 0.06200000 0.00460000
v -0.00773563 0.06500000 0.00460000
v -0.00597540 0.06200000 0.00673013
v -0.00597540 0.06500000 0.00673013
v -0.00365186 0.06200000 0.00822581
v -0.00365186 0.06500000 0.00822581
v -0.01473406 0.06200000 0.01200000
v -0.01473406 0.06200000 0.00880000
v -0.01473406 0.06500000 0.01200000
v -0.01473406 0.06500000 0.00880000
v 0.01423406 0.06600000 0.00460000
v 0.01423406 0.06600000 0.00880000
v -0.01426723 0.06500000 -0.01200000
v -0.01473406 0.06500000 -0.01200000
v -0.01473406 0.06200000 -0.01200000
v 0.01423406 0.06500000 -0.01200000
v 0.01283406 0.06900000 -0.01200000
v 0.01261970 0.06820000 -0.01200000
v 0.01423406 0.06200000 -0.01200000
v 0.01203406 0.06761436 -0.01200000
v 0.01123406 0.06740000 -0.01200000
v 0.01043406 0.06761436 -0.01200000
v -0.01303406 0.06761436 -0.01200000
v -0.01223406 0.06740000 -0.01200000
v -0.01143406 0.06761436 -0.01200000
v -0.01084842 0.06820000 -0.01200000
v 0.00984842 0.06820000 -0.01200000
v -0.01063406 0.06900000 -0.01200000
v 0.00963406 0.06900000 -0.01200000
v -0.01084842 0.06980000 -0.01200000
v -0.01361970 0.06820000 -0.01200000
v -0.01383406 0.06900000 -0.01200000
v -0.01426723 0.07128428 -0.01200000
v -0.01361970 0.06980000 -0.01200000
v -0.01373406 0.07173205 -0.01200000
v -0.01303406 0.07038564 -0.01200000
v -0.01273406 0.07200000 -0.01200000
v -0.01223406 0.07060000 -0.01200000
v 0.01426723 0.06574457 -0.01200000
v 0.01423406 0.06600000 -0.01200000
v 0.01261970 0.06980000 -0.01200000
v 0.01423406 0.07000000 -0.01200000
v 0.01396611 0.07100000 -0.01200000
v 0.01203406 0.07038564 -0.01200000
v 0.01323406 0.07173205 -0.01200000
v 0.01123406 0.07060000 -0.01200000
v 0.01223406 0.07200000 -0.01200000
v 0.01043406 0.07038564 -0.01200000
v 0.00984842 0.06980000 -0.01200000
v -0.01143406 0.07038564 -0.01200000
v 0.01426723 0.06500000 -0.01200000
v -0.01040224 0.07200000 -0.00880000
v -0.01040224 0.07200000 -0.00460000
v -0.00856160 0.06869327 -0.00460000
v -0.00856160 0.06869327 -0.00880000
v -0.00773563 0.06500000 -0.00460000
v -0.00773563 0.06500000 -0.00880000
v -0.01473406 0.07000000 0.00460000
v -0.01473406 0.07000000 0.00880000
v -0.01446611 0.07100000 0.00880000
v -0.01446611 0.07100000 0.00460000
v -0.01373406 0.07173205 0.00880000
v -0.01373406 0.07173205 0.00460000
v -0.01273406 0.07200000 0.00880000
v -0.01273406 0.07200000 0.00460000
v -0.00377359 0.06200000 0.00880000
v -0.00377359 0.06500000 0.00880000
v -0.01473406 0.06200000 0.00880000
v -0.00773563 0.06500000 0.00880000
v -0.01473406 0.06600000 0.00880000
v -0.01486803 0.06550000 0.00880000
v -0.01473406 0.06500000 0.00880000
v -0.01523406 0.06513397 0.00880000
v -0.01573406 0.06500000 0.00880000
v -0.01473406 0.07000000 0.00880000
v -0.01361970 0.06980000 0.00880000
v -0.01446611 0.07100000 0.00880000
v -0.01303406 0.07038564 0.00880000
v -0.01373406 0.07173205 0.00880000
v -0.01273406 0.07200000 0.00880000
v -0.01223406 0.07060000 0.00880000
v -0.01040224 0.07200000 0.00880000
v -0.01143406 0.07038564 0.00880000
v -0.01084842 0.06980000 0.00880000
v -0.00856160 0.06869327 0.00880000
v -0.01063406 0.06900000 0.00880000
v -0.01084842 0.06820000 0.00880000
v -0.01143406 0.06761436 0.00880000
v -0.01223406 0.06740000 0.00880000
v -0.01303406 0.06761436 0.00880000
v -0.01361970 0.06820000 0.00880000
v -0.01383406 0.06900000 0.00880000
v -0.01473406 0.06200000 0.00460000
v -0.01473406 0.06200000 0.00140000
v -0.01473406 0.06500000 0.00460000
v -0.01473406 0.06500000 0.00140000
v 0.00773563 0.06600000 0.00880000
v 0.00773563 0.07200000 0.00880000
v 0.00773563 0.06600000 0.00460000
v 0.00773563 0.07200000 0.00460000
v 0.01523406 0.06500000 -0.01299487
v 0.01473406 0.06513397 -0.01257542
v 0.01426723 0.06500000 -0.01200000
v 0.01436803 0.06550000 -0.01214602
v 0.01426723 0.06574457 -0.01200000
v -0.01473406 0.07000000 -0.01257542
v -0.01473406 0.07000000 -0.01500000
v -0.01473406 0.07000000 -0.00742458
v -0.01473406 0.07000000 -0.00460000
v -0.01460168 0.07071554 -0.00756475
v -0.01446611 0.07100000 -0.00460000
v -0.01446611 0.07100000 -0.00772516
v -0.01414854 0.07141394 -0.00819414
v -0.01373406 0.07173205 -0.00460000
v -0.01387341 0.07164374 -0.00880000
v -0.01373406 0.07173205 -0.00880000
v -0.01273406 0.07200000 -0.00460000
v -0.01273406 0.07200000 -0.00880000
v 0.01436803 0.06550000 0.00880000
v 0.01423406 0.06500000 0.00880000
v 0.01473406 0.06513397 0.00880000
v 0.01523406 0.06500000 0.00880000
v 0.01283406 0.06900000 0.00880000
v 0.01261970 0.06820000 0.00880000
v 0.01423406 0.06200000 0.00880000
v 0.00773563 0.07200000 0.00880000
v 0.00773563 0.06600000 0.00880000
v 0.00963406 0.06900000 0.00880000
v 0.00744274 0.06529289 0.00880000
v 0.00711832 0.06507612 0.00880000
v 0.00377359 0.06200000 0.00880000
v 0.00673563 0.06500000 0.00880000
v 0.00377359 0.06500000 0.00880000
v 0.01423406 0.06600000 0.00880000
v 0.01261970 0.06980000 0.00880000
v 0.00765951 0.06561732 0.00880000
v 0.01043406 0.06761436 0.00880000
v 0.00984842 0.06820000 0.00880000
v 0.01423406 0.07000000 0.00880000
v 0.01396611 0.07100000 0.00880000
v 0.01203406 0.07038564 0.00880000
v 0.01323406 0.07173205 0.00880000
v 0.01123406 0.07060000 0.00880000
v 0.01223406 0.07200000 0.00880000
v 0.01043406 0.07038564 0.00880000
v 0.00984842 0.06980000 0.00880000
v 0.01123406 0.06740000 0.00880000
v 0.01203406 0.06761436 0.00880000
v -0.01473406 0.06200000 -0.00140000
v -0.01473406 0.06200000 -0.00460000
v -0.01473406 0.06500000 -0.00140000
v -0.01473406 0.06500000 -0.00460000
v 0.00773563 0.07200000 0.00460000
v 0.00773563 0.07200000 0.00880000
v -0.00377359 0.06200000 -0.00880000
v -0.00377359 0.06500000 -0.00880000
v -0.00364203 0.06500000 -0.00876961
v -0.00364203 0.06200000 -0.00876961
v -0.00353712 0.06500000 -0.00868461
v -0.00353712 0.06200000 -0.00868461
v -0.00348011 0.06500000 -0.00856222
v -0.00348011 0.06200000 -0.00856222
v -0.00348256 0.06500000 -0.00842722
v -0.00348256 0.06200000 -0.00842722
v -0.00354395 0.06500000 -0.00830696
v -0.00354395 0.06200000 -0.00830696
v -0.01446611 0.07100000 -0.01500000
v -0.01426723 0.07128428 -0.01200000
v -0.01373406 0.07173205 -0.01500000
v -0.01446611 0.07100000 -0.01227484
v -0.01466004 0.07053908 -0.01249888
v -0.01373406 0.07173205 -0.01200000
v -0.01273406 0.07200000 -0.01200000
v -0.01273406 0.07200000 -0.01500000
v 0.02322222 0.06200000 0.01473019
v 0.02322222 0.06500000 0.01473019
v 0.01325085 0.06500000 0.02409699
v 0.01325085 0.06200000 0.02409699
v -0.00000000 0.06500000 0.02750000
v -0.00000000 0.06200000 0.02750000
v -0.01325085 0.06500000 0.02409699
v -0.01325085 0.06200000 0.02409699
v -0.02322222 0.06500000 0.01473019
v -0.02322222 0.06200000 0.01473019
v -0.01143406 0.06761436 -0.00460000
v -0.01223406 0.06740000 -0.00460000
v -0.01473406 0.06500000 -0.00460000
v -0.01303406 0.06761436 -0.00460000
v -0.01361970 0.06820000 -0.00460000
v -0.01481018 0.06561732 -0.00460000
v -0.01502695 0.06529289 -0.00460000
v -0.01535137 0.06507612 -0.00460000
v -0.01573406 0.06500000 -0.00460000
v -0.01473406 0.07000000 -0.00460000
v -0.01361970 0.06980000 -0.00460000
v -0.01446611 0.07100000 -0.00460000
v -0.01303406 0.07038564 -0.00460000
v -0.01473406 0.06600000 -0.00460000
v -0.01383406 0.06900000 -0.00460000
v -0.01473406 0.06200000 -0.00460000
v -0.00773563 0.06200000 -0.00460000
v -0.01084842 0.06820000 -0.00460000
v -0.00773563 0.06500000 -0.00460000
v -0.01063406 0.06900000 -0.00460000
v -0.00856160 0.06869327 -0.00460000
v -0.01084842 0.06980000 -0.00460000
v -0.01040224 0.07200000 -0.00460000
v -0.01143406 0.07038564 -0.00460000
v -0.01223406 0.07060000 -0.00460000
v -0.01273406 0.07200000 -0.00460000
v -0.01373406 0.07173205 -0.00460000
v -0.01473406 0.06200000 -0.00880000
v -0.01473406 0.06200000 -0.01200000
v -0.01473406 0.06500000 -0.00880000
v -0.01473406 0.06500000 -0.01200000
v 0.00773563 0.06600000 -0.00460000
v 0.00773563 0.07200000 -0.00460000
v 0.00773563 0.06600000 -0.00880000
v 0.00773563 0.07200000 -0.00880000
v 0.00365186 0.06200000 -0.00822581
v 0.00365186 0.06500000 -0.00822581
v 0.00354395 0.06500000 -0.00830696
v 0.00354395 0.06200000 -0.00830696
v 0.00348256 0.06500000 -0.00842722
v 0.00348256 0.06200000 -0.00842722
v 0.00348011 0.06500000 -0.00856222
v 0.00348011 0.06200000 -0.00856222
v 0.00353712 0.06500000 -0.00868461
v 0.00353712 0.06200000 -0.00868461
v 0.00364203 0.06500000 -0.00876961
v 0.00364203 0.06200000 -0.00876961
v 0.00377359 0.06500000 -0.00880000
v 0.00377359 0.06200000 -0.00880000
v 0.01423406 0.07000000 -0.00805158
v 0.01423406 0.07000000 -0.00460000
v 0.02380162 0.06500000 -0.01344640
v 0.02380162 0.06200000 -0.01344640
v 0.00597540 0.06200000 0.00673013
v 0.00365186 0.06200000 0.00822581
v 0.00365186 0.06500000 0.00822581
v 0.00744274 0.06529289 0.00506020
v 0.00765951 0.06561732 0.00472566
v 0.00773563 0.06200000 0.00460000
v 0.00771471 0.06579652 0.00463500
v 0.00773563 0.06600000 0.00460000
v 0.00597540 0.06500000 0.00673013
v 0.00673563 0.06500000 0.00596919
v 0.00711832 0.06507612 0.00550723
v 0.01423406 0.06500000 -0.00140000
v 0.01423406 0.06200000 -0.00140000
v 0.00889044 0.06500000 -0.00140000
v 0.00889044 0.06200000 -0.00140000
v -0.00597540 0.06500000 0.00673013
v -0.00773563 0.06500000 0.00460000
v -0.00773563 0.06500000 0.00880000
v -0.00364203 0.06500000 0.00876961
v -0.00353712 0.06500000 0.00868461
v -0.00377359 0.06500000 0.00880000
v -0.00348011 0.06500000 0.00856222
v -0.00365186 0.06500000 0.00822581
v -0.00354395 0.06500000 0.00830696
v -0.00348256 0.06500000 0.00842722
v 0.00773563 0.07200000 -0.00880000
v 0.00773563 0.07200000 -0.00460000
v -0.00365186 0.06200000 0.00822581
v -0.00365186 0.06500000 0.00822581
v -0.00354395 0.06500000 0.00830696
v -0.00354395 0.06200000 0.00830696
v -0.00348256 0.06500000 0.00842722
v -0.00348256 0.06200000 0.00842722
v -0.00348011 0.06500000 0.00856222
v -0.00348011 0.06200000 0.00856222
v -0.00353712 0.06500000 0.00868461
v -0.00353712 0.06200000 0.00868461
v -0.00364203 0.06500000 0.00876961
v -0.00364203 0.06200000 0.00876961
v -0.00377359 0.06500000 0.00880000
v -0.00377359 0.06200000 0.00880000
v -0.01473406 0.06200000 -0.00880000
v -0.01387341 0.06500000 -0.00880000
v -0.01473406 0.06500000 -0.00880000
v -0.01040224 0.07200000 -0.00880000
v -0.01143406 0.07038564 -0.00880000
v -0.01273406 0.07200000 -0.00880000
v -0.01223406 0.07060000 -0.00880000
v -0.01373406 0.07173205 -0.00880000
v -0.01303406 0.07038564 -0.00880000
v -0.01387341 0.07164374 -0.00880000
v -0.01361970 0.06980000 -0.00880000
v -0.01383406 0.06900000 -0.00880000
v -0.01361970 0.06820000 -0.00880000
v -0.01303406 0.06761436 -0.00880000
v -0.01223406 0.06740000 -0.00880000
v -0.00773563 0.06500000 -0.00880000
v -0.01143406 0.06761436 -0.00880000
v -0.01084842 0.06820000 -0.00880000
v -0.00856160 0.06869327 -0.00880000
v -0.01063406 0.06900000 -0.00880000
v -0.01084842 0.06980000 -0.00880000
v -0.02400000 0.06200000 -0.01205197
v -0.02400000 0.06500000 -0.01205197
v -0.02380162 0.06500000 -0.01344640
v -0.02380162 0.06200000 -0.01344640
v -0.00165000 0.06200000 0.02000000
v -0.00165000 0.06500000 0.02000000
v -0.00142894 0.06200000 0.02082500
v -0.00142894 0.06500000 0.02082500
v -0.00082500 0.06200000 0.02142894
v -0.00082500 0.06500000 0.02142894
v -0.00000000 0.06200000 0.02165000
v -0.00000000 0.06500000 0.02165000
v 0.00082500 0.06200000 0.02142894
v 0.00082500 0.06500000 0.02142894
v 0.00142894 0.06200000 0.02082500
v 0.00142894 0.06500000 0.02082500
v 0.00165000 0.06200000 0.02000000
v 0.00165000 0.06500000 0.02000000
v 0.00142894 0.06200000 0.01917500
v 0.00142894 0.06500000 0.01917500
v 0.00082500 0.06200000 0.01857106
v 0.00082500 0.06500000 0.01857106
v 0.00000000 0.06200000 0.01835000
v 0.00000000 0.06500000 0.01835000
v -0.00082500 0.06200000 0.01857106
v -0.00082500 0.06500000 0.01857106
v -0.00142894 0.06200000 0.01917500
v -0.00142894 0.06500000 0.01917500
v 0.01423406 0.06500000 -0.00140000
v 0.01423406 0.06500000 -0.00460000
v 0.01423406 0.06200000 -0.00140000
v 0.01423406 0.06200000 -0.00460000
v -0.00353712 0.06500000 -0.00868461
v -0.00364203 0.06500000 -0.00876961
v -0.00377359 0.06500000 -0.00880000
v -0.00354395 0.06500000 -0.00830696
v -0.00348256 0.06500000 -0.00842722
v -0.00365186 0.06500000 -0.00822581
v -0.00348011 0.06500000 -0.00856222
v -0.00597540 0.06500000 -0.00673013
v -0.00773563 0.06500000 -0.00880000
v -0.00773563 0.06500000 -0.00460000
v -0.01273406 0.07200000 -0.00460000
v -0.01040224 0.07200000 -0.00460000
v -0.01273406 0.07200000 -0.00880000
v -0.01040224 0.07200000 -0.00880000
v 0.00377359 0.06200000 0.00880000
v 0.00377359 0.06500000 0.00880000
v 0.00364203 0.06500000 0.00876961
v 0.00364203 0.06200000 0.00876961
v 0.00353712 0.06500000 0.00868461
v 0.00353712 0.06200000 0.00868461
v 0.00348011 0.06500000 0.00856222
v 0.00348011 0.06200000 0.00856222
v 0.00348256 0.06500000 0.00842722
v 0.00348256 0.06200000 0.00842722
v 0.00354395 0.06500000 0.00830696
v 0.00354395 0.06200000 0.00830696
v 0.00365186 0.06500000 0.00822581
v 0.00365186 0.06200000 0.00822581
v 0.01423406 0.06500000 -0.00880000
v 0.01423406 0.06200000 -0.00880000
v 0.01387341 0.06500000 -0.00880000
v 0.00773563 0.07200000 -0.00880000
v 0.00984842 0.06980000 -0.00880000
v 0.00963406 0.06900000 -0.00880000
v 0.01043406 0.06761436 -0.00880000
v 0.00744274 0.06529289 -0.00880000
v 0.00984842 0.06820000 -0.00880000
v 0.00765951 0.06561732 -0.00880000
v 0.00773563 0.06600000 -0.00880000
v 0.00711832 0.06507612 -0.00880000
v 0.00673563 0.06500000 -0.00880000
v 0.01123406 0.06740000 -0.00880000
v 0.01203406 0.06761436 -0.00880000
v 0.01261970 0.06820000 -0.00880000
v 0.01283406 0.06900000 -0.00880000
v 0.01387341 0.07114566 -0.00880000
v 0.01261970 0.06980000 -0.00880000
v 0.01323406 0.07173205 -0.00880000
v 0.01203406 0.07038564 -0.00880000
v 0.01223406 0.07200000 -0.00880000
v 0.01123406 0.07060000 -0.00880000
v 0.01043406 0.07038564 -0.00880000
v 0.02380162 0.06500000 0.01344640
v 0.02380162 0.06200000 0.01344640
v 0.01567051 0.06200000 -0.01000000
v 0.01567051 0.06500000 -0.01000000
v 0.01589157 0.06200000 -0.00917500
v 0.01589157 0.06500000 -0.00917500
v 0.01649551 0.06200000 -0.00857106
v 0.01649551 0.06500000 -0.00857106
v 0.01732051 0.06200000 -0.00835000
v 0.01732051 0.06500000 -0.00835000
v 0.01814551 0.06200000 -0.00857106
v 0.01814551 0.06500000 -0.00857106
v 0.01874945 0.06200000 -0.00917500
v 0.01874945 0.06500000 -0.00917500
v 0.01897051 0.06200000 -0.01000000
v 0.01897051 0.06500000 -0.01000000
v 0.01874945 0.06200000 -0.01082500
v 0.01874945 0.06500000 -0.01082500
v 0.01814551 0.06200000 -0.01142894
v 0.01814551 0.06500000 -0.01142894
v 0.01732051 0.06200000 -0.01165000
v 0.01732051 0.06500000 -0.01165000
v 0.01649551 0.06200000 -0.01142894
v 0.01649551 0.06500000 -0.01142894
v 0.01589157 0.06200000 -0.01082500
v 0.01589157 0.06500000 -0.01082500
v 0.01423406 0.06500000 -0.00460000
v 0.01283406 0.06900000 -0.00460000
v 0.01261970 0.06820000 -0.00460000
v 0.00773563 0.07200000 -0.00460000
v 0.00773563 0.06600000 -0.00460000
v 0.00963406 0.06900000 -0.00460000
v 0.01423406 0.06200000 -0.00460000
v 0.01523406 0.06500000 -0.00460000
v 0.01473406 0.06513397 -0.00460000
v 0.01436803 0.06550000 -0.00460000
v 0.01203406 0.06761436 -0.00460000
v 0.01123406 0.06740000 -0.00460000
v 0.00773563 0.06200000 -0.00460000
v 0.01043406 0.06761436 -0.00460000
v 0.00984842 0.06820000 -0.00460000
v 0.01423406 0.06600000 -0.00460000
v 0.01261970 0.06980000 -0.00460000
v 0.00984842 0.06980000 -0.00460000
v 0.01043406 0.07038564 -0.00460000
v 0.01223406 0.07200000 -0.00460000
v 0.01123406 0.07060000 -0.00460000
v 0.01323406 0.07173205 -0.00460000
v 0.01203406 0.07038564 -0.00460000
v 0.01396611 0.07100000 -0.00460000
v 0.01423406 0.07000000 -0.00460000
v 0.00597540 0.06500000 -0.00673013
v 0.00673563 0.06500000 -0.00596919
v 0.00673563 0.06500000 -0.00880000
v 0.00365186 0.06500000 -0.00822581
v 0.00377359 0.06500000 -0.00880000
v 0.00364203 0.06500000 -0.00876961
v 0.00348256 0.06500000 -0.00842722
v 0.00354395 0.06500000 -0.00830696
v 0.00348011 0.06500000 -0.00856222
v 0.00353712 0.06500000 -0.00868461
v -0.01473406 0.07000000 0.00880000
v -0.01473406 0.07000000 0.00460000
v 0.00771463 0.06579615 -0.00463513
v 0.00765951 0.06561732 -0.00880000
v 0.00765951 0.06561732 -0.00472566
v 0.00744274 0.06529289 -0.00880000
v 0.00744274 0.06529289 -0.00506020
v 0.00711832 0.06507612 -0.00880000
v 0.00711832 0.06507612 -0.00550723
v 0.01473406 0.06513397 -0.00742458
v 0.01523406 0.06500000 -0.00700513
v 0.01441598 0.06500000 -0.00778952
v 0.01396611 0.07100000 -0.00856107
v 0.01415052 0.07057200 -0.00819068
v 0.01421181 0.07029747 -0.00808728
v 0.01387341 0.07114566 -0.00880000
v 0.01423406 0.07000000 -0.00805158
v 0.01387341 0.06500000 -0.00880000
v 0.01423406 0.06600000 -0.00805158
v 0.01427205 0.06572698 -0.00799267
v 0.01441598 0.06542489 -0.00778952
v -0.02380162 0.06500000 0.01344640
v -0.02380162 0.06200000 0.01344640
v -0.01897051 0.06200000 -0.01000000
v -0.01897051 0.06500000 -0.01000000
v -0.01874945 0.06200000 -0.00917500
v -0.01874945 0.06500000 -0.00917500
v -0.01814551 0.06200000 -0.00857106
v -0.01814551 0.06500000 -0.00857106
v -0.01732051 0.06200000 -0.00835000
v -0.01732051 0.06500000 -0.00835000
v -0.01649551 0.06200000 -0.00857106
v -0.01649551 0.06500000 -0.00857106
v -0.01589157 0.06200000 -0.00917500
v -0.01589157 0.06500000 -0.00917500
v -0.01567051 0.06200000 -0.01000000
v -0.01567051 0.06500000 -0.01000000
v -0.01589157 0.06200000 -0.01082500
v -0.01589157 0.06500000 -0.01082500
v -0.01649551 0.06200000 -0.01142894
v -0.01649551 0.06500000 -0.01142894
v -0.01732051 0.06200000 -0.01165000
v -0.01732051 0.06500000 -0.01165000
v -0.01814551 0.06200000 -0.01142894
v -0.01814551 0.06500000 -0.01142894
v -0.01874945 0.06200000 -0.01082500
v -0.01874945 0.06500000 -0.01082500
v -0.01473406 0.06200000 -0.00140000
v -0.01473406 0.06500000 -0.00140000
v -0.00889044 0.06200000 -0.00140000
v -0.00889044 0.06500000 -0.00140000
v 0.00365186 0.06500000 0.00822581
v 0.00377359 0.06500000 0.00880000
v 0.00597540 0.06500000 0.00673013
v 0.00673563 0.06500000 0.00880000
v 0.00673563 0.06500000 0.00596919
v 0.00354395 0.06500000 0.00830696
v 0.00348256 0.06500000 0.00842722
v 0.00364203 0.06500000 0.00876961
v 0.00353712 0.06500000 0.00868461
v 0.00348011 0.06500000 0.00856222
v -0.01040224 0.07200000 0.00880000
v -0.01040224 0.07200000 0.00460000
v 0.00711832 0.06507612 0.00880000
v 0.00711832 0.06507612 0.00550723
v 0.00744274 0.06529289 0.00880000
v 0.00744274 0.06529289 0.00506020
v 0.00765951 0.06561732 0.00880000
v 0.00765951 0.06561732 0.00472566
v 0.00771471 0.06579652 0.00463500
v -0.01473406 0.06600000 -0.00742458
v -0.01473406 0.07000000 -0.00742458
v -0.01460168 0.07071554 -0.00756475
v -0.01414854 0.07141394 -0.00819414
v -0.01387341 0.07164374 -0.00880000
v -0.01387341 0.06500000 -0.00880000
v -0.01573406 0.06500000 -0.00671280
v -0.01535137 0.06507612 -0.00692673
v -0.01460168 0.06500000 -0.00756475
v -0.01502695 0.06529289 -0.00716062
v -0.01481018 0.06561732 -0.00735033
v -0.01446611 0.07100000 -0.00772516
v 0.01523406 0.06500000 0.01200000
v 0.01473406 0.06513397 0.01200000
v 0.01473406 0.06513397 0.01550000
v 0.01436803 0.06550000 0.01200000
v 0.01436803 0.06550000 0.01513397
v 0.01426813 0.06574118 0.01503407
v 0.01423406 0.06200000 0.00880000
v 0.01423406 0.06200000 0.01200000
v 0.01423406 0.06500000 0.00880000
v 0.01423406 0.06500000 0.01200000
v -0.01473406 0.06500000 0.00140000
v -0.01473406 0.06200000 0.00140000
v -0.00889044 0.06500000 0.00140000
v -0.00889044 0.06200000 0.00140000
v -0.02322222 0.06500000 0.01473019
v -0.01325085 0.06500000 0.02409699
v -0.01573406 0.06500000 0.01200000
v -0.01473406 0.06500000 0.01200000
v -0.01473406 0.06500000 0.00880000
v -0.01473406 0.06500000 -0.00140000
v -0.01473406 0.06500000 -0.00460000
v -0.01573406 0.06500000 -0.00460000
v 0.01423406 0.06500000 -0.00460000
v 0.01423406 0.06500000 -0.00140000
v 0.00889044 0.06500000 -0.00140000
v 0.00889044 0.06500000 0.00140000
v 0.01423406 0.06500000 0.00140000
v -0.01460168 0.06500000 -0.00756475
v -0.01387341 0.06500000 -0.00880000
v -0.01573406 0.06500000 -0.00671280
v -0.01473406 0.06500000 -0.00880000
v -0.01573406 0.06500000 0.00460000
v -0.01473406 0.06500000 0.00460000
v -0.01473406 0.06500000 0.00140000
v -0.00889044 0.06500000 0.00140000
v -0.00889044 0.06500000 -0.00140000
v 0.01423406 0.06500000 0.00880000
v 0.01423406 0.06500000 0.01200000
v 0.01523406 0.06500000 0.00880000
v -0.01573406 0.06500000 -0.01328720
v -0.01473406 0.06500000 -0.01200000
v -0.01491748 0.06500000 -0.01274735
v -0.01426723 0.06500000 -0.01200000
v 0.01423406 0.06500000 -0.00880000
v 0.01441598 0.06500000 -0.00778952
v 0.01387341 0.06500000 -0.00880000
v 0.02400000 0.06500000 0.01205197
v 0.01523406 0.06500000 0.00460000
v 0.02380162 0.06500000 0.01344640
v 0.02322222 0.06500000 0.01473019
v -0.01573406 0.06500000 -0.01600000
v -0.02322222 0.06500000 -0.01473019
v -0.00000000 0.06500000 0.02165000
v -0.00082500 0.06500000 0.02142894
v -0.00000000 0.06500000 0.02750000
v 0.01567051 0.06500000 -0.01000000
v 0.01589157 0.06500000 -0.01082500
v 0.00142894 0.06500000 0.01917500
v 0.00165000 0.06500000 0.02000000
v -0.01874945 0.06500000 -0.01082500
v -0.01814551 0.06500000 -0.01142894
v -0.02400000 0.06500000 -0.01205197
v -0.02380162 0.06500000 -0.01344640
v 0.02322222 0.06500000 -0.01473019
v 0.01325085 0.06500000 -0.02409699
v 0.00000000 0.06500000 -0.02750000
v -0.01325085 0.06500000 -0.02409699
v 0.01423406 0.06500000 -0.01200000
v 0.01426723 0.06500000 -0.01200000
v 0.01423406 0.06500000 0.00460000
v -0.00082500 0.06500000 0.01857106
v 0.00000000 0.06500000 0.01835000
v 0.00082500 0.06500000 0.01857106
v -0.02380162 0.06500000 0.01344640
v 0.01325085 0.06500000 0.02409699
v 0.00142894 0.06500000 0.02082500
v 0.00082500 0.06500000 0.02142894
v -0.00142894 0.06500000 0.02082500
v -0.00165000 0.06500000 0.02000000
v -0.00142894 0.06500000 0.01917500
v -0.01732051 0.06500000 -0.01165000
v -0.01649551 0.06500000 -0.01142894
v -0.01589157 0.06500000 -0.01082500
v -0.01732051 0.06500000 -0.00835000
v -0.01814551 0.06500000 -0.00857106
v -0.02400000 0.06500000 0.01205197
v -0.01874945 0.06500000 -0.00917500
v -0.01897051 0.06500000 -0.01000000
v -0.01573406 0.06500000 0.00880000
v 0.01814551 0.06500000 -0.00857106
v 0.01732051 0.06500000 -0.00835000
v 0.01589157 0.06500000 -0.00917500
v 0.01649551 0.06500000 -0.00857106
v 0.01649551 0.06500000 -0.01142894
v 0.01732051 0.06500000 -0.01165000
v 0.01814551 0.06500000 -0.01142894
v 0.02380162 0.06500000 -0.01344640
v 0.01874945 0.06500000 -0.01082500
v 0.02400000 0.06500000 -0.01205197
v 0.01897051 0.06500000 -0.01000000
v 0.01874945 0.06500000 -0.00917500
v -0.01567051 0.06500000 -0.01000000
v -0.01589157 0.06500000 -0.00917500
v -0.01649551 0.06500000 -0.00857106
v -0.01223406 0.07060000 -0.00460000
v -0.01223406 0.07060000 -0.00880000
v -0.01143406 0.07038564 -0.00460000
v -0.01143406 0.07038564 -0.00880000
v -0.01084842 0.06980000 -0.00460000
v -0.01084842 0.06980000 -0.00880000
v -0.01063406 0.06900000 -0.00460000
v -0.01063406 0.06900000 -0.00880000
v -0.01084842 0.06820000 -0.00460000
v -0.01084842 0.06820000 -0.00880000
v -0.01143406 0.06761436 -0.00460000
v -0.01143406 0.06761436 -0.00880000
v -0.01223406 0.06740000 -0.00460000
v -0.01223406 0.06740000 -0.00880000
v -0.01303406 0.06761436 -0.00460000
v -0.01303406 0.06761436 -0.00880000
v -0.01361970 0.06820000 -0.00460000
v -0.01361970 0.06820000 -0.00880000
v -0.01383406 0.06900000 -0.00460000
v -0.01383406 0.06900000 -0.00880000
v -0.01361970 0.06980000 -0.00460000
v -0.01361970 0.06980000 -0.00880000
v -0.01303406 0.07038564 -0.00460000
v -0.01303406 0.07038564 -0.00880000
v -0.01573406 0.06500000 -0.01328720
v -0.01491748 0.06500000 -0.01274735
v -0.01535137 0.06507612 -0.01307327
v -0.01502695 0.06529289 -0.01283938
v -0.01426723 0.06500000 -0.01200000
v -0.01426723 0.07128428 -0.01200000
v -0.01473406 0.07000000 -0.01257542
v -0.01446611 0.07100000 -0.01227484
v -0.01466004 0.07053908 -0.01249888
v -0.01473406 0.06600000 -0.01257542
v -0.01481018 0.06561732 -0.01264967
v -0.01491935 0.06545393 -0.01274522
v 0.01436803 0.06550000 0.00460000
v 0.01436803 0.06550000 0.00880000
v 0.01473406 0.06513397 0.00460000
v 0.01473406 0.06513397 0.00880000
v -0.01473406 0.06200000 0.01200000
v -0.01473406 0.06500000 0.01200000
v 0.00963406 0.06900000 0.01200000
v 0.01423406 0.06600000 0.01200000
v 0.01436803 0.06550000 0.01200000
v 0.01423406 0.06500000 0.01200000
v 0.01473406 0.06513397 0.01200000
v 0.01523406 0.06500000 0.01200000
v 0.01223406 0.07200000 0.01200000
v 0.01043406 0.07038564 0.01200000
v 0.00984842 0.06980000 0.01200000
v 0.01423406 0.06200000 0.01200000
v 0.01043406 0.06761436 0.01200000
v 0.00984842 0.06820000 0.01200000
v 0.01123406 0.06740000 0.01200000
v 0.01203406 0.06761436 0.01200000
v 0.01261970 0.06820000 0.01200000
v 0.01423406 0.07000000 0.01200000
v 0.01283406 0.06900000 0.01200000
v 0.01396611 0.07100000 0.01200000
v 0.01261970 0.06980000 0.01200000
v 0.01323406 0.07173205 0.01200000
v 0.01203406 0.07038564 0.01200000
v 0.01123406 0.07060000 0.01200000
v -0.01303406 0.07038564 0.01200000
v -0.01361970 0.06980000 0.01200000
v -0.01473406 0.07000000 0.01200000
v -0.01383406 0.06900000 0.01200000
v -0.01473406 0.06600000 0.01200000
v -0.01446611 0.07100000 0.01200000
v -0.01373406 0.07173205 0.01200000
v -0.01223406 0.07060000 0.01200000
v -0.01273406 0.07200000 0.01200000
v -0.01143406 0.07038564 0.01200000
v -0.01084842 0.06980000 0.01200000
v -0.01063406 0.06900000 0.01200000
v -0.01573406 0.06500000 0.01200000
v -0.01523406 0.06513397 0.01200000
v -0.01486803 0.06550000 0.01200000
v -0.01303406 0.06761436 0.01200000
v -0.01361970 0.06820000 0.01200000
v -0.01223406 0.06740000 0.01200000
v -0.01143406 0.06761436 0.01200000
v -0.01084842 0.06820000 0.01200000
v 0.01473406 0.06513397 0.00460000
v 0.01523406 0.06500000 0.00460000
v 0.01423406 0.06500000 0.00460000
v 0.01043406 0.06761436 0.00460000
v 0.01123406 0.06740000 0.00460000
v 0.01203406 0.06761436 0.00460000
v 0.01261970 0.06820000 0.00460000
v 0.01043406 0.07038564 0.00460000
v 0.00773563 0.07200000 0.00460000
v 0.01123406 0.07060000 0.00460000
v 0.01223406 0.07200000 0.00460000
v 0.01203406 0.07038564 0.00460000
v 0.01323406 0.07173205 0.00460000
v 0.01261970 0.06980000 0.00460000
v 0.01396611 0.07100000 0.00460000
v 0.01283406 0.06900000 0.00460000
v 0.01423406 0.07000000 0.00460000
v 0.01423406 0.06600000 0.00460000
v 0.01436803 0.06550000 0.00460000
v 0.00984842 0.06980000 0.00460000
v 0.00963406 0.06900000 0.00460000
v 0.00773563 0.06600000 0.00460000
v 0.00984842 0.06820000 0.00460000
v 0.00773563 0.06200000 0.00460000
v 0.01423406 0.06200000 0.00460000
v -0.01223406 0.07060000 0.00880000
v -0.01223406 0.07060000 0.00460000
v -0.01143406 0.07038564 0.00880000
v -0.01143406 0.07038564 0.00460000
v -0.01084842 0.06980000 0.00880000
v -0.01084842 0.06980000 0.00460000
v -0.01063406 0.06900000 0.00880000
v -0.01063406 0.06900000 0.00460000
v -0.01084842 0.06820000 0.00880000
v -0.01084842 0.06820000 0.00460000
v -0.01143406 0.06761436 0.00880000
v -0.01143406 0.06761436 0.00460000
v -0.01223406 0.06740000 0.00880000
v -0.01223406 0.06740000 0.00460000
v -0.01303406 0.06761436 0.00880000
v -0.01303406 0.06761436 0.00460000
v -0.01361970 0.06820000 0.00880000
v -0.01361970 0.06820000 0.00460000
v -0.01383406 0.06900000 0.00880000
v -0.01383406 0.06900000 0.00460000
v -0.01361970 0.06980000 0.00880000
v -0.01361970 0.06980000 0.00460000
v -0.01303406 0.07038564 0.00880000
v -0.01303406 0.07038564 0.00460000
v 0.01048778 0.25637901 -0.13749537
v 0.00852033 0.25047014 -0.13872079
v 0.00852033 0.25644173 -0.13813756
v 0.00649385 0.25042884 -0.13829789
v 0.00649385 0.25640042 -0.13771466
v 0.00495132 0.25029458 -0.13692320
v 0.00495132 0.25626616 -0.13633997
v 0.00430607 0.25010333 -0.13496507
v 0.00430607 0.25607492 -0.13438184
v 0.00473099 0.24990635 -0.13294818
v 0.00473099 0.25587793 -0.13236495
v 0.00611222 0.24975641 -0.13141296
v 0.00611222 0.25572799 -0.13082973
v 0.00807967 0.24969368 -0.13077077
v 0.00807967 0.25566527 -0.13018754
v 0.01010615 0.24973499 -0.13119367
v 0.01010615 0.25570658 -0.13061044
v 0.01164868 0.24986925 -0.13256836
v 0.01164868 0.25584084 -0.13198513
v 0.01229393 0.25006050 -0.13452649
v 0.01229393 0.25603208 -0.13394326
v 0.01186901 0.25025748 -0.13654338
v 0.01186901 0.25622907 -0.13596015
v 0.01048778 0.25040742 -0.13807860
v 0.00838813 0.25620879 -0.13575256
v 0.00852033 0.25644173 -0.13813756
v 0.00757754 0.25619227 -0.13558339
v 0.00649385 0.25640042 -0.13771466
v 0.00696053 0.25613856 -0.13503352
v 0.00495132 0.25626616 -0.13633997
v 0.00670243 0.25606207 -0.13425027
v 0.00430607 0.25607492 -0.13438184
v 0.00687240 0.25598327 -0.13344351
v 0.00473099 0.25587793 -0.13236495
v 0.00742489 0.25592330 -0.13282942
v 0.00611222 0.25572799 -0.13082973
v 0.00821187 0.25589821 -0.13257254
v 0.00807967 0.25566527 -0.13018754
v 0.00902246 0.25591473 -0.13274171
v 0.01010615 0.25570658 -0.13061044
v 0.00963947 0.25596844 -0.13329158
v 0.01164868 0.25584084 -0.13198513
v 0.00989757 0.25604493 -0.13407483
v 0.01229393 0.25603208 -0.13394326
v 0.00972760 0.25612373 -0.13488159
v 0.01186901 0.25622907 -0.13596015
v 0.00917511 0.25618370 -0.13549568
v 0.01048778 0.25637901 -0.13749537
v 0.00687240 0.25001169 -0.13402674
v 0.00473099 0.24990635 -0.13294818
v 0.00670243 0.25009048 -0.13483349
v 0.00430607 0.25010333 -0.13496507
v 0.00696053 0.25016698 -0.13561675
v 0.00495132 0.25029458 -0.13692320
v 0.00757754 0.25022068 -0.13616662
v 0.00649385 0.25042884 -0.13829789
v 0.00838813 0.25023721 -0.13633578
v 0.00852033 0.25047014 -0.13872079
v 0.00917511 0.25021212 -0.13607891
v 0.01048778 0.25040742 -0.13807860
v 0.00972760 0.25015214 -0.13546482
v 0.01186901 0.25025748 -0.13654338
v 0.00989757 0.25007335 -0.13465806
v 0.01229393 0.25006050 -0.13452649
v 0.00963947 0.24999685 -0.13387481
v 0.01164868 0.24986925 -0.13256836
v 0.00902246 0.24994314 -0.13332494
v 0.01010615 0.24973499 -0.13119367
v 0.00821187 0.24992662 -0.13315577
v 0.00807967 0.24969368 -0.13077077
v 0.00742489 0.24995171 -0.13341265
v 0.00611222 0.24975641 -0.13141296
v 0.00917511 0.25021212 -0.13607891
v 0.00917511 0.25618370 -0.13549568
v 0.00838813 0.25023721 -0.13633578
v 0.00838813 0.25620879 -0.13575256
v 0.00757754 0.25022068 -0.13616662
v 0.00757754 0.25619227 -0.13558339
v 0.00696053 0.25016698 -0.13561675
v 0.00696053 0.25613856 -0.13503352
v 0.00670243 0.25009048 -0.13483349
v 0.00670243 0.25606207 -0.13425027
v 0.00687240 0.25001169 -0.13402674
v 0.00687240 0.25598327 -0.13344351
v 0.00742489 0.24995171 -0.13341265
v 0.00742489 0.25592330 -0.13282942
v 0.00821187 0.24992662 -0.13315577
v 0.00821187 0.25589821 -0.13257254
v 0.00902246 0.24994314 -0.13332494
v 0.00902246 0.25591473 -0.13274171
v 0.00963947 0.24999685 -0.13387481
v 0.00963947 0.25596844 -0.13329158
v 0.00989757 0.25007335 -0.13465806
v 0.00989757 0.25604493 -0.13407483
v 0.00972760 0.25015214 -0.13546482
v 0.00972760 0.25612373 -0.13488159
v 0.02680000 0.15958898 0.07730154
v 0.02680000 0.15909485 0.07779568
v 0.02680000 0.15841985 0.07662654
v 0.02680000 0.15841985 0.07797654
v 0.02680000 0.15774485 0.07779568
v 0.02680000 0.15909485 0.07545741
v 0.02680000 0.15958898 0.07595154
v 0.02680000 0.15976985 0.07662654
v 0.02680000 0.15725072 0.07595154
v 0.02680000 0.15774485 0.07545741
v 0.02680000 0.15841985 0.07527654
v 0.02680000 0.15725072 0.07730154
v 0.02680000 0.15706985 0.07662654
v 0.01680000 0.17739244 0.07907023
v 0.01680000 0.17790488 0.07958266
v 0.01680000 0.17860488 0.07837023
v 0.01680000 0.17860488 0.07977023
v 0.01680000 0.17930488 0.07958266
v 0.01680000 0.17790488 0.07715779
v 0.01680000 0.17739244 0.07767023
v 0.01680000 0.17720488 0.07837023
v 0.01680000 0.17981731 0.07767023
v 0.01680000 0.17930488 0.07715779
v 0.01680000 0.17860488 0.07697023
v 0.01680000 0.17981731 0.07907023
v 0.01680000 0.18000488 0.07837023
v 0.02680000 0.17983898 0.06561020
v 0.02680000 0.17934485 0.06610433
v 0.02680000 0.17866985 0.06493520
v 0.02680000 0.17866985 0.06628520
v 0.02680000 0.17799485 0.06610433
v 0.02680000 0.17934485 0.06376607
v 0.02680000 0.17983898 0.06426020
v 0.02680000 0.18001985 0.06493520
v 0.02680000 0.17750072 0.06426020
v 0.02680000 0.17799485 0.06376607
v 0.02680000 0.17866985 0.06358520
v 0.02680000 0.17750072 0.06561020
v 0.02680000 0.17731985 0.06493520
v 0.01680000 0.15052239 0.05220017
v 0.01680000 0.15103482 0.05271261
v 0.01680000 0.15173482 0.05150017
v 0.01680000 0.15173482 0.05290017
v 0.01680000 0.15243482 0.05271261
v 0.01680000 0.15103482 0.05028774
v 0.01680000 0.15052239 0.05080017
v 0.01680000 0.15033482 0.05150017
v 0.01680000 0.15294726 0.05080017
v 0.01680000 0.15243482 0.05028774
v 0.01680000 0.15173482 0.05010017
v 0.01680000 0.15294726 0.05220017
v 0.01680000 0.15313482 0.05150017
v 0.02680000 0.17308898 0.07730154
v 0.02680000 0.17259485 0.07779568
v 0.02680000 0.17191985 0.07662654
v 0.02680000 0.17191985 0.07797654
v 0.02680000 0.17124485 0.07779568
v 0.02680000 0.17259485 0.07545741
v 0.02680000 0.17308898 0.07595154
v 0.02680000 0.17326985 0.07662654
v 0.02680000 0.17075072 0.07595154
v 0.02680000 0.17124485 0.07545741
v 0.02680000 0.17191985 0.07527654
v 0.02680000 0.17075072 0.07730154
v 0.02680000 0.17056985 0.07662654
v 0.01680000 0.15052239 0.07907023
v 0.01680000 0.15103482 0.07958266
v 0.01680000 0.15173482 0.07837023
v 0.01680000 0.15173482 0.07977023
v 0.01680000 0.15243482 0.07958266
v 0.01680000 0.15103482 0.07715779
v 0.01680000 0.15052239 0.07767023
v 0.01680000 0.15033482 0.07837023
v 0.01680000 0.15294726 0.07767023
v 0.01680000 0.15243482 0.07715779
v 0.01680000 0.15173482 0.07697023
v 0.01680000 0.15294726 0.07907023
v 0.01680000 0.15313482 0.07837023
v 0.02680000 0.15283898 0.06561020
v 0.02680000 0.15234485 0.06610433
v 0.02680000 0.15166985 0.06493520
v 0.02680000 0.15166985 0.06628520
v 0.02680000 0.15099485 0.06610433
v 0.02680000 0.15234485 0.06376607
v 0.02680000 0.15283898 0.06426020
v 0.02680000 0.15301985 0.06493520
v 0.02680000 0.15050072 0.06426020
v 0.02680000 0.15099485 0.06376607
v 0.02680000 0.15166985 0.06358520
v 0.02680000 0.15050072 0.06561020
v 0.02680000 0.15031985 0.06493520
v 0.01680000 0.17739244 0.05220017
v 0.01680000 0.17790488 0.05271261
v 0.01680000 0.17860488 0.05150017
v 0.01680000 0.17860488 0.05290017
v 0.01680000 0.17930488 0.05271261
v 0.01680000 0.17790488 0.05028774
v 0.01680000 0.17739244 0.05080017
v 0.01680000 0.17720488 0.05150017
v 0.01680000 0.17981731 0.05080017
v 0.01680000 0.17930488 0.05028774
v 0.01680000 0.17860488 0.05010017
v 0.01680000 0.17981731 0.05220017
v 0.01680000 0.18000488 0.05150017
v 0.02730000 0.16516985 0.04743520
v 0.02730000 0.16516985 0.04966453
v 0.02730000 0.15684988 0.04966453
v 0.02730000 0.17348982 0.04966453
v 0.02730000 0.17326985 0.07662654
v 0.02730000 0.17308898 0.07595154
v 0.02730000 0.17529485 0.07078087
v 0.02730000 0.17391985 0.08009064
v 0.02730000 0.17259485 0.07779568
v 0.02730000 0.17529485 0.07871564
v 0.02730000 0.17308898 0.07730154
v 0.02730000 0.17259485 0.07545741
v 0.02730000 0.17191985 0.07527654
v 0.02730000 0.16516985 0.07078087
v 0.02730000 0.17124485 0.07545741
v 0.02730000 0.17075072 0.07595154
v 0.02730000 0.16516985 0.08243520
v 0.02730000 0.17056985 0.07662654
v 0.02730000 0.17075072 0.07730154
v 0.02730000 0.17124485 0.07779568
v 0.02730000 0.17191985 0.07797654
v 0.02730000 0.18110351 0.07078087
v 0.02730000 0.18032529 0.07368520
v 0.02730000 0.17983898 0.06561020
v 0.02730000 0.18001985 0.06493520
v 0.02730000 0.18134485 0.06988017
v 0.02730000 0.18134485 0.05999023
v 0.02730000 0.18266985 0.06493520
v 0.02730000 0.17731985 0.06493520
v 0.02730000 0.17750072 0.06561020
v 0.02730000 0.17799485 0.06610433
v 0.02730000 0.17866985 0.06628520
v 0.02730000 0.17934485 0.06610433
v 0.02730000 0.17983898 0.06426020
v 0.02730000 0.17934485 0.06376607
v 0.02730000 0.18110351 0.05908953
v 0.02730000 0.17866985 0.06358520
v 0.02730000 0.17799485 0.06376607
v 0.02730000 0.17529485 0.05908953
v 0.02730000 0.17750072 0.06426020
v 0.02730000 0.17529485 0.05115476
v 0.02730000 0.18032529 0.05618520
v 0.02730000 0.17075072 0.05256886
v 0.02730000 0.17056985 0.05324386
v 0.02730000 0.16516985 0.05908953
v 0.02730000 0.17259485 0.05441299
v 0.02730000 0.17308898 0.05391886
v 0.02730000 0.17075072 0.05391886
v 0.02730000 0.17124485 0.05441299
v 0.02730000 0.17191985 0.05459386
v 0.02730000 0.17326985 0.05324386
v 0.02730000 0.17308898 0.05256886
v 0.02730000 0.17391985 0.04977976
v 0.02730000 0.17259485 0.05207472
v 0.02730000 0.17191985 0.05189386
v 0.02730000 0.17124485 0.05207472
v 0.02730000 0.15706985 0.05324386
v 0.02730000 0.15725072 0.05391886
v 0.02730000 0.15504485 0.05908953
v 0.02730000 0.15774485 0.05441299
v 0.02730000 0.15841985 0.05459386
v 0.02730000 0.15976985 0.05324386
v 0.02730000 0.15958898 0.05391886
v 0.02730000 0.15909485 0.05441299
v 0.02730000 0.15958898 0.05256886
v 0.02730000 0.15909485 0.05207472
v 0.02730000 0.15841985 0.05189386
v 0.02730000 0.15641985 0.04977976
v 0.02730000 0.15774485 0.05207472
v 0.02730000 0.15504485 0.05115476
v 0.02730000 0.15725072 0.05256886
v 0.02730000 0.14923619 0.05908953
v 0.02730000 0.15001441 0.05618520
v 0.02730000 0.15234485 0.06610433
v 0.02730000 0.15283898 0.06561020
v 0.02730000 0.15504485 0.07078087
v 0.02730000 0.15166985 0.06628520
v 0.02730000 0.15099485 0.06610433
v 0.02730000 0.14923619 0.07078087
v 0.02730000 0.15050072 0.06561020
v 0.02730000 0.14766985 0.06493520
v 0.02730000 0.15031985 0.06493520
v 0.02730000 0.15301985 0.06493520
v 0.02730000 0.15283898 0.06426020
v 0.02730000 0.15234485 0.06376607
v 0.02730000 0.15166985 0.06358520
v 0.02730000 0.15099485 0.06376607
v 0.02730000 0.15050072 0.06426020
v 0.02730000 0.15504485 0.07871564
v 0.02730000 0.15001441 0.07368520
v 0.02730000 0.15909485 0.07545741
v 0.02730000 0.15841985 0.07527654
v 0.02730000 0.15774485 0.07545741
v 0.02730000 0.15725072 0.07595154
v 0.02730000 0.15641985 0.08009064
v 0.02730000 0.15841985 0.07797654
v 0.02730000 0.15909485 0.07779568
v 0.02730000 0.15706985 0.07662654
v 0.02730000 0.15725072 0.07730154
v 0.02730000 0.15774485 0.07779568
v 0.02730000 0.15958898 0.07730154
v 0.02730000 0.15976985 0.07662654
v 0.02730000 0.15958898 0.07595154
v 0.01680000 0.14016985 0.06618520
v 0.02680000 0.14016985 0.06618520
v 0.01680000 0.13954485 0.06601773
v 0.02680000 0.13954485 0.06601773
v 0.01680000 0.13908732 0.06556020
v 0.02680000 0.13908732 0.06556020
v 0.01680000 0.13891985 0.06493520
v 0.02680000 0.13891985 0.06493520
v 0.01680000 0.13908732 0.06431020
v 0.02680000 0.13908732 0.06431020
v 0.01680000 0.13954485 0.06385267
v 0.02680000 0.13954485 0.06385267
v 0.01680000 0.14016985 0.06368520
v 0.02680000 0.14016985 0.06368520
v 0.01680000 0.14079485 0.06385267
v 0.02680000 0.14079485 0.06385267
v 0.01680000 0.14125238 0.06431020
v 0.02680000 0.14125238 0.06431020
v 0.01680000 0.14141985 0.06493520
v 0.02680000 0.14141985 0.06493520
v 0.01680000 0.14125238 0.06556020
v 0.02680000 0.14125238 0.06556020
v 0.01680000 0.14079485 0.06601773
v 0.02680000 0.14079485 0.06601773
v 0.02680000 0.16516985 0.04743520
v 0.02730000 0.15641985 0.04977976
v 0.02680000 0.15641985 0.04977976
v 0.02730000 0.15001441 0.05618520
v 0.02680000 0.15001441 0.05618520
v 0.02730000 0.14766985 0.06493520
v 0.02680000 0.14766985 0.06493520
v 0.02730000 0.15001441 0.07368520
v 0.02680000 0.15001441 0.07368520
v 0.02730000 0.15641985 0.08009064
v 0.02680000 0.15641985 0.08009064
v 0.02730000 0.16516985 0.08243520
v 0.02680000 0.16516985 0.08243520
v 0.02730000 0.17391985 0.08009064
v 0.02680000 0.17391985 0.08009064
v 0.02730000 0.18032529 0.07368520
v 0.02680000 0.18032529 0.07368520
v 0.02730000 0.18266985 0.06493520
v 0.02680000 0.18266985 0.06493520
v 0.02730000 0.18032529 0.05618520
v 0.02680000 0.18032529 0.05618520
v 0.02730000 0.17391985 0.04977976
v 0.02680000 0.17391985 0.04977976
v 0.02730000 0.16516985 0.04743520
v 0.01680000 0.14125238 0.06556020
v 0.01680000 0.14079485 0.06601773
v 0.01680000 0.14016985 0.06493520
v 0.01680000 0.14016985 0.06618520
v 0.01680000 0.13954485 0.06601773
v 0.01680000 0.14079485 0.06385267
v 0.01680000 0.14125238 0.06431020
v 0.01680000 0.14141985 0.06493520
v 0.01680000 0.13908732 0.06431020
v 0.01680000 0.13954485 0.06385267
v 0.01680000 0.14016985 0.06368520
v 0.01680000 0.13908732 0.06556020
v 0.01680000 0.13891985 0.06493520
v 0.02730000 0.15166985 0.06358520
v 0.02680000 0.15166985 0.06358520
v 0.02730000 0.15099485 0.06376607
v 0.02680000 0.15099485 0.06376607
v 0.02730000 0.15050072 0.06426020
v 0.02680000 0.15050072 0.06426020
v 0.02730000 0.15031985 0.06493520
v 0.02680000 0.15031985 0.06493520
v 0.02730000 0.15050072 0.06561020
v 0.02680000 0.15050072 0.06561020
v 0.02730000 0.15099485 0.06610433
v 0.02680000 0.15099485 0.06610433
v 0.02730000 0.15166985 0.06628520
v 0.02680000 0.15166985 0.06628520
v 0.02730000 0.15234485 0.06610433
v 0.02680000 0.15234485 0.06610433
v 0.02730000 0.15283898 0.06561020
v 0.02680000 0.15283898 0.06561020
v 0.02730000 0.15301985 0.06493520
v 0.02680000 0.15301985 0.06493520
v 0.02730000 0.15283898 0.06426020
v 0.02680000 0.15283898 0.06426020
v 0.02730000 0.15234485 0.06376607
v 0.02680000 0.15234485 0.06376607
v 0.01680000 0.15266985 0.04453456
v 0.02680000 0.15266985 0.04453456
v 0.01680000 0.15204485 0.04436710
v 0.02680000 0.15204485 0.04436710
v 0.01680000 0.15158732 0.04390956
v 0.02680000 0.15158732 0.04390956
v 0.01680000 0.15141985 0.04328457
v 0.02680000 0.15141985 0.04328457
v 0.01680000 0.15158732 0.04265956
v 0.02680000 0.15158732 0.04265956
v 0.01680000 0.15204485 0.04220203
v 0.02680000 0.15204485 0.04220203
v 0.01680000 0.15266985 0.04203456
v 0.02680000 0.15266985 0.04203456
v 0.01680000 0.15329485 0.04220203
v 0.02680000 0.15329485 0.04220203
v 0.01680000 0.15375238 0.04265956
v 0.02680000 0.15375238 0.04265956
v 0.01680000 0.15391985 0.04328457
v 0.02680000 0.15391985 0.04328457
v 0.01680000 0.15375238 0.04390956
v 0.02680000 0.15375238 0.04390956
v 0.01680000 0.15329485 0.04436710
v 0.02680000 0.15329485 0.04436710
v 0.02730000 0.15841985 0.07527654
v 0.02680000 0.15841985 0.07527654
v 0.02730000 0.15774485 0.07545741
v 0.02680000 0.15774485 0.07545741
v 0.02730000 0.15725072 0.07595154
v 0.02680000 0.15725072 0.07595154
v 0.02730000 0.15706985 0.07662654
v 0.02680000 0.15706985 0.07662654
v 0.02730000 0.15725072 0.07730154
v 0.02680000 0.15725072 0.07730154
v 0.02730000 0.15774485 0.07779568
v 0.02680000 0.15774485 0.07779568
v 0.02730000 0.15841985 0.07797654
v 0.02680000 0.15841985 0.07797654
v 0.02730000 0.15909485 0.07779568
v 0.02680000 0.15909485 0.07779568
v 0.02730000 0.15958898 0.07730154
v 0.02680000 0.15958898 0.07730154
v 0.02730000 0.15976985 0.07662654
v 0.02680000 0.15976985 0.07662654
v 0.02730000 0.15958898 0.07595154
v 0.02680000 0.15958898 0.07595154
v 0.02730000 0.15909485 0.07545741
v 0.02680000 0.15909485 0.07545741
v 0.01680000 0.15375238 0.04390956
v 0.01680000 0.15329485 0.04436710
v 0.01680000 0.15266985 0.04328457
v 0.01680000 0.15266985 0.04453456
v 0.01680000 0.15204485 0.04436710
v 0.01680000 0.15329485 0.04220203
v 0.01680000 0.15375238 0.04265956
v 0.01680000 0.15391985 0.04328457
v 0.01680000 0.15158732 0.04265956
v 0.01680000 0.15204485 0.04220203
v 0.01680000 0.15266985 0.04203456
v 0.01680000 0.15158732 0.04390956
v 0.01680000 0.15141985 0.04328457
v 0.02730000 0.17191985 0.07527654
v 0.02680000 0.17191985 0.07527654
v 0.02730000 0.17124485 0.07545741
v 0.02680000 0.17124485 0.07545741
v 0.02730000 0.17075072 0.07595154
v 0.02680000 0.17075072 0.07595154
v 0.02730000 0.17056985 0.07662654
v 0.02680000 0.17056985 0.07662654
v 0.02730000 0.17075072 0.07730154
v 0.02680000 0.17075072 0.07730154
v 0.02730000 0.17124485 0.07779568
v 0.02680000 0.17124485 0.07779568
v 0.02730000 0.17191985 0.07797654
v 0.02680000 0.17191985 0.07797654
v 0.02730000 0.17259485 0.07779568
v 0.02680000 0.17259485 0.07779568
v 0.02730000 0.17308898 0.07730154
v 0.02680000 0.17308898 0.07730154
v 0.02730000 0.17326985 0.07662654
v 0.02680000 0.17326985 0.07662654
v 0.02730000 0.17308898 0.07595154
v 0.02680000 0.17308898 0.07595154
v 0.02730000 0.17259485 0.07545741
v 0.02680000 0.17259485 0.07545741
v 0.01680000 0.17766985 0.04453456
v 0.02680000 0.17766985 0.04453456
v 0.01680000 0.17704485 0.04436710
v 0.02680000 0.17704485 0.04436710
v 0.01680000 0.17658732 0.04390956
v 0.02680000 0.17658732 0.04390956
v 0.01680000 0.17641985 0.04328457
v 0.02680000 0.17641985 0.04328457
v 0.01680000 0.17658732 0.04265956
v 0.02680000 0.17658732 0.04265956
v 0.01680000 0.17704485 0.04220203
v 0.02680000 0.17704485 0.04220203
v 0.01680000 0.17766985 0.04203456
v 0.02680000 0.17766985 0.04203456
v 0.01680000 0.17829485 0.04220203
v 0.02680000 0.17829485 0.04220203
v 0.01680000 0.17875238 0.04265956
v 0.02680000 0.17875238 0.04265956
v 0.01680000 0.17891985 0.04328457
v 0.02680000 0.17891985 0.04328457
v 0.01680000 0.17875238 0.04390956
v 0.02680000 0.17875238 0.04390956
v 0.01680000 0.17829485 0.04436710
v 0.02680000 0.17829485 0.04436710
v 0.02730000 0.17866985 0.06358520
v 0.02680000 0.17866985 0.06358520
v 0.02730000 0.17799485 0.06376607
v 0.02680000 0.17799485 0.06376607
v 0.02730000 0.17750072 0.06426020
v 0.02680000 0.17750072 0.06426020
v 0.02730000 0.17731985 0.06493520
v 0.02680000 0.17731985 0.06493520
v 0.02730000 0.17750072 0.06561020
v 0.02680000 0.17750072 0.06561020
v 0.02730000 0.17799485 0.06610433
v 0.02680000 0.17799485 0.06610433
v 0.02730000 0.17866985 0.06628520
v 0.02680000 0.17866985 0.06628520
v 0.02730000 0.17934485 0.06610433
v 0.02680000 0.17934485 0.06610433
v 0.02730000 0.17983898 0.06561020
v 0.02680000 0.17983898 0.06561020
v 0.02730000 0.18001985 0.06493520
v 0.02680000 0.18001985 0.06493520
v 0.02730000 0.17983898 0.06426020
v 0.02680000 0.17983898 0.06426020
v 0.02730000 0.17934485 0.06376607
v 0.02680000 0.17934485 0.06376607
v 0.01680000 0.17875238 0.04390956
v 0.01680000 0.17829485 0.04436710
v 0.01680000 0.17766985 0.04328457
v 0.01680000 0.17766985 0.04453456
v 0.01680000 0.17704485 0.04436710
v 0.01680000 0.17829485 0.04220203
v 0.01680000 0.17875238 0.04265956
v 0.01680000 0.17891985 0.04328457
v 0.01680000 0.17658732 0.04265956
v 0.01680000 0.17704485 0.04220203
v 0.01680000 0.17766985 0.04203456
v 0.01680000 0.17658732 0.04390956
v 0.01680000 0.17641985 0.04328457
v 0.02730000 0.17191985 0.05189386
v 0.02680000 0.17191985 0.05189386
v 0.02730000 0.17124485 0.05207472
v 0.02680000 0.17124485 0.05207472
v 0.02730000 0.17075072 0.05256886
v 0.02680000 0.17075072 0.05256886
v 0.02730000 0.17056985 0.05324386
v 0.02680000 0.17056985 0.05324386
v 0.02730000 0.17075072 0.05391886
v 0.02680000 0.17075072 0.05391886
v 0.02730000 0.17124485 0.05441299
v 0.02680000 0.17124485 0.05441299
v 0.02730000 0.17191985 0.05459386
v 0.02680000 0.17191985 0.05459386
v 0.02730000 0.17259485 0.05441299
v 0.02680000 0.17259485 0.05441299
v 0.02730000 0.17308898 0.05391886
v 0.02680000 0.17308898 0.05391886
v 0.02730000 0.17326985 0.05324386
v 0.02680000 0.17326985 0.05324386
v 0.02730000 0.17308898 0.05256886
v 0.02680000 0.17308898 0.05256886
v 0.02730000 0.17259485 0.05207472
v 0.02680000 0.17259485 0.05207472
v 0.01680000 0.19016985 0.06618520
v 0.02680000 0.19016985 0.06618520
v 0.01680000 0.18954485 0.06601773
v 0.02680000 0.18954485 0.06601773
v 0.01680000 0.18908732 0.06556020
v 0.02680000 0.18908732 0.06556020
v 0.01680000 0.18891985 0.06493520
v 0.02680000 0.18891985 0.06493520
v 0.01680000 0.18908732 0.06431020
v 0.02680000 0.18908732 0.06431020
v 0.01680000 0.18954485 0.06385267
v 0.02680000 0.18954485 0.06385267
v 0.01680000 0.19016985 0.06368520
v 0.02680000 0.19016985 0.06368520
v 0.01680000 0.19079485 0.06385267
v 0.02680000 0.19079485 0.06385267
v 0.01680000 0.19125238 0.06431020
v 0.02680000 0.19125238 0.06431020
v 0.01680000 0.19141985 0.06493520
v 0.02680000 0.19141985 0.06493520
v 0.01680000 0.19125238 0.06556020
v 0.02680000 0.19125238 0.06556020
v 0.01680000 0.19079485 0.06601773
v 0.02680000 0.19079485 0.06601773
v -0.01870000 0.16516985 0.03653520
v 0.02680000 0.15096985 0.04034008
v -0.01870000 0.15096985 0.04034008
v 0.02680000 0.14057473 0.05073520
v -0.01870000 0.14057473 0.05073520
v 0.02680000 0.13676985 0.06493520
v -0.01870000 0.13676985 0.06493520
v 0.02680000 0.14057473 0.07913520
v -0.01870000 0.14057473 0.07913520
v 0.02680000 0.15096985 0.08953032
v -0.01870000 0.15096985 0.08953032
v 0.02680000 0.16516985 0.09333520
v -0.01870000 0.16516985 0.09333520
v 0.02680000 0.17936985 0.08953032
v -0.01870000 0.17936985 0.08953032
v 0.02680000 0.18976497 0.07913520
v -0.01870000 0.18976497 0.07913520
v 0.02680000 0.19356985 0.06493520
v -0.01870000 0.19356985 0.06493520
v 0.02680000 0.18976497 0.05073520
v -0.01870000 0.18976497 0.05073520
v 0.02680000 0.17936985 0.04034008
v -0.01870000 0.17936985 0.04034008
v 0.02680000 0.16516985 0.03653520
v 0.02730000 0.15841985 0.05189386
v 0.02680000 0.15841985 0.05189386
v 0.02730000 0.15774485 0.05207472
v 0.02680000 0.15774485 0.05207472
v 0.02730000 0.15725072 0.05256886
v 0.02680000 0.15725072 0.05256886
v 0.02730000 0.15706985 0.05324386
v 0.02680000 0.15706985 0.05324386
v 0.02730000 0.15725072 0.05391886
v 0.02680000 0.15725072 0.05391886
v 0.02730000 0.15774485 0.05441299
v 0.02680000 0.15774485 0.05441299
v 0.02730000 0.15841985 0.05459386
v 0.02680000 0.15841985 0.05459386
v 0.02730000 0.15909485 0.05441299
v 0.02680000 0.15909485 0.05441299
v 0.02730000 0.15958898 0.05391886
v 0.02680000 0.15958898 0.05391886
v 0.02730000 0.15976985 0.05324386
v 0.02680000 0.15976985 0.05324386
v 0.02730000 0.15958898 0.05256886
v 0.02680000 0.15958898 0.05256886
v 0.02730000 0.15909485 0.05207472
v 0.02680000 0.15909485 0.05207472
v 0.01680000 0.19125238 0.06556020
v 0.01680000 0.19079485 0.06601773
v 0.01680000 0.19016985 0.06493520
v 0.01680000 0.19016985 0.06618520
v 0.01680000 0.18954485 0.06601773
v 0.01680000 0.19079485 0.06385267
v 0.01680000 0.19125238 0.06431020
v 0.01680000 0.19141985 0.06493520
v 0.01680000 0.18908732 0.06431020
v 0.01680000 0.18954485 0.06385267
v 0.01680000 0.19016985 0.06368520
v 0.01680000 0.18908732 0.06556020
v 0.01680000 0.18891985 0.06493520
v -0.01870000 0.15294726 0.07767023
v -0.01870000 0.15313482 0.07837023
v -0.01870000 0.17720488 0.07837023
v -0.01870000 0.17739244 0.07907023
v -0.01870000 0.14057473 0.07913520
v -0.01870000 0.15096985 0.08953032
v -0.01870000 0.15103482 0.07958266
v -0.01870000 0.15033482 0.05150017
v -0.01870000 0.15052239 0.05080017
v -0.01870000 0.14057473 0.05073520
v -0.01870000 0.15096985 0.04034008
v -0.01870000 0.15173482 0.05010017
v -0.01870000 0.15243482 0.05028774
v -0.01870000 0.17981731 0.05080017
v -0.01870000 0.18976497 0.05073520
v -0.01870000 0.17930488 0.05028774
v -0.01870000 0.17936985 0.04034008
v -0.01870000 0.17860488 0.05010017
v -0.01870000 0.15052239 0.07907023
v -0.01870000 0.15033482 0.07837023
v -0.01870000 0.13676985 0.06493520
v -0.01870000 0.15052239 0.07767023
v -0.01870000 0.15103482 0.07715779
v -0.01870000 0.17930488 0.07715779
v -0.01870000 0.18000488 0.05150017
v -0.01870000 0.17860488 0.07697023
v -0.01870000 0.17981731 0.05220017
v -0.01870000 0.17790488 0.05028774
v -0.01870000 0.16516985 0.03653520
v -0.01870000 0.17739244 0.05080017
v -0.01870000 0.19356985 0.06493520
v -0.01870000 0.17981731 0.07767023
v -0.01870000 0.18976497 0.07913520
v -0.01870000 0.15173482 0.07697023
v -0.01870000 0.15313482 0.05150017
v -0.01870000 0.15294726 0.05220017
v -0.01870000 0.15243482 0.05271261
v -0.01870000 0.15173482 0.05290017
v -0.01870000 0.15103482 0.05271261
v -0.01870000 0.15103482 0.05028774
v -0.01870000 0.17739244 0.07767023
v -0.01870000 0.15243482 0.07715779
v -0.01870000 0.17930488 0.05271261
v -0.01870000 0.17860488 0.05290017
v -0.01870000 0.17790488 0.07715779
v -0.01870000 0.17790488 0.05271261
v -0.01870000 0.15294726 0.05080017
v -0.01870000 0.15052239 0.05220017
v -0.01870000 0.17739244 0.05220017
v -0.01870000 0.17720488 0.05150017
v -0.01870000 0.18000488 0.07837023
v -0.01870000 0.17981731 0.07907023
v -0.01870000 0.17936985 0.08953032
v -0.01870000 0.17930488 0.07958266
v -0.01870000 0.15294726 0.07907023
v -0.01870000 0.17860488 0.07977023
v -0.01870000 0.17790488 0.07958266
v -0.01870000 0.16516985 0.09333520
v -0.01870000 0.15243482 0.07958266
v -0.01870000 0.15173482 0.07977023
v 0.01680000 0.17860488 0.05010017
v -0.01870000 0.17860488 0.05010017
v 0.01680000 0.17790488 0.05028774
v -0.01870000 0.17790488 0.05028774
v 0.01680000 0.17739244 0.05080017
v -0.01870000 0.17739244 0.05080017
v 0.01680000 0.17720488 0.05150017
v -0.01870000 0.17720488 0.05150017
v 0.01680000 0.17739244 0.05220017
v -0.01870000 0.17739244 0.05220017
v 0.01680000 0.17790488 0.05271261
v -0.01870000 0.17790488 0.05271261
v 0.01680000 0.17860488 0.05290017
v -0.01870000 0.17860488 0.05290017
v 0.01680000 0.17930488 0.05271261
v -0.01870000 0.17930488 0.05271261
v 0.01680000 0.17981731 0.05220017
v -0.01870000 0.17981731 0.05220017
v 0.01680000 0.18000488 0.05150017
v -0.01870000 0.18000488 0.05150017
v 0.01680000 0.17981731 0.05080017
v -0.01870000 0.17981731 0.05080017
v 0.01680000 0.17930488 0.05028774
v -0.01870000 0.17930488 0.05028774
v 0.01680000 0.17766985 0.08783584
v 0.02680000 0.17766985 0.08783584
v 0.01680000 0.17704485 0.08766837
v 0.02680000 0.17704485 0.08766837
v 0.01680000 0.17658732 0.08721084
v 0.02680000 0.17658732 0.08721084
v 0.01680000 0.17641985 0.08658583
v 0.02680000 0.17641985 0.08658583
v 0.01680000 0.17658732 0.08596084
v 0.02680000 0.17658732 0.08596084
v 0.01680000 0.17704485 0.08550330
v 0.02680000 0.17704485 0.08550330
v 0.01680000 0.17766985 0.08533584
v 0.02680000 0.17766985 0.08533584
v 0.01680000 0.17829485 0.08550330
v 0.02680000 0.17829485 0.08550330
v 0.01680000 0.17875238 0.08596084
v 0.02680000 0.17875238 0.08596084
v 0.01680000 0.17891985 0.08658583
v 0.02680000 0.17891985 0.08658583
v 0.01680000 0.17875238 0.08721084
v 0.02680000 0.17875238 0.08721084
v 0.01680000 0.17829485 0.08766837
v 0.02680000 0.17829485 0.08766837
v 0.02680000 0.18032529 0.07368520
v 0.02680000 0.18079485 0.07193280
v 0.02680000 0.18079485 0.07431020
v 0.02680000 0.15001441 0.05618520
v 0.02680000 0.14954485 0.05793760
v 0.02680000 0.14954485 0.05556020
v 0.02680000 0.13954485 0.06601773
v 0.02680000 0.14016985 0.06618520
v 0.02680000 0.13928187 0.07431020
v 0.02680000 0.16516985 0.03653520
v 0.02680000 0.16516985 0.03928488
v 0.02680000 0.15490790 0.03928488
v 0.02680000 0.17543180 0.03928488
v 0.02680000 0.18501465 0.04598488
v 0.02680000 0.18579485 0.04676508
v 0.02680000 0.18579485 0.05556020
v 0.02680000 0.18579485 0.08310532
v 0.02680000 0.18501465 0.08388552
v 0.02680000 0.18079485 0.08388552
v 0.02680000 0.18079485 0.08810532
v 0.02680000 0.17936985 0.08953032
v 0.02680000 0.17829485 0.08766837
v 0.02680000 0.17704485 0.08550330
v 0.02680000 0.16516985 0.08388552
v 0.02680000 0.17766985 0.08533584
v 0.02680000 0.17829485 0.08550330
v 0.02680000 0.16516985 0.09333520
v 0.02680000 0.17704485 0.08766837
v 0.02680000 0.17766985 0.08783584
v 0.02680000 0.17875238 0.08721084
v 0.02680000 0.17891985 0.08658583
v 0.02680000 0.17875238 0.08596084
v 0.02680000 0.17658732 0.08596084
v 0.02680000 0.17641985 0.08658583
v 0.02680000 0.17658732 0.08721084
v 0.02680000 0.19105783 0.07431020
v 0.02680000 0.18976497 0.07913520
v 0.02680000 0.19125238 0.06556020
v 0.02680000 0.19356985 0.06493520
v 0.02680000 0.19079485 0.06601773
v 0.02680000 0.19016985 0.06618520
v 0.02680000 0.18579485 0.07431020
v 0.02680000 0.18954485 0.06601773
v 0.02680000 0.19141985 0.06493520
v 0.02680000 0.19125238 0.06431020
v 0.02680000 0.19105783 0.05556020
v 0.02680000 0.19079485 0.06385267
v 0.02680000 0.19016985 0.06368520
v 0.02680000 0.18891985 0.06493520
v 0.02680000 0.18908732 0.06556020
v 0.02680000 0.18954485 0.06385267
v 0.02680000 0.18908732 0.06431020
v 0.02680000 0.18976497 0.05073520
v 0.02680000 0.18079485 0.05556020
v 0.02680000 0.18079485 0.04598488
v 0.02680000 0.18079485 0.04176508
v 0.02680000 0.17875238 0.04390956
v 0.02680000 0.17658732 0.04390956
v 0.02680000 0.17704485 0.04436710
v 0.02680000 0.16516985 0.04598488
v 0.02680000 0.17766985 0.04453456
v 0.02680000 0.17829485 0.04436710
v 0.02680000 0.17891985 0.04328457
v 0.02680000 0.17875238 0.04265956
v 0.02680000 0.17936985 0.04034008
v 0.02680000 0.17829485 0.04220203
v 0.02680000 0.17766985 0.04203456
v 0.02680000 0.17704485 0.04220203
v 0.02680000 0.17658732 0.04265956
v 0.02680000 0.17641985 0.04328457
v 0.02680000 0.15141985 0.04328457
v 0.02680000 0.15158732 0.04390956
v 0.02680000 0.14954485 0.04598488
v 0.02680000 0.15158732 0.04265956
v 0.02680000 0.14954485 0.04176508
v 0.02680000 0.15204485 0.04220203
v 0.02680000 0.15096985 0.04034008
v 0.02680000 0.15266985 0.04203456
v 0.02680000 0.15329485 0.04436710
v 0.02680000 0.15266985 0.04453456
v 0.02680000 0.15204485 0.04436710
v 0.02680000 0.15375238 0.04390956
v 0.02680000 0.15391985 0.04328457
v 0.02680000 0.15375238 0.04265956
v 0.02680000 0.15329485 0.04220203
v 0.02680000 0.13928187 0.05556020
v 0.02680000 0.14057473 0.05073520
v 0.02680000 0.14454485 0.04676508
v 0.02680000 0.14079485 0.06601773
v 0.02680000 0.14454485 0.07431020
v 0.02680000 0.14125238 0.06556020
v 0.02680000 0.14141985 0.06493520
v 0.02680000 0.14454485 0.05556020
v 0.02680000 0.14125238 0.06431020
v 0.02680000 0.14079485 0.06385267
v 0.02680000 0.14532505 0.04598488
v 0.02680000 0.13908732 0.06556020
v 0.02680000 0.13676985 0.06493520
v 0.02680000 0.13891985 0.06493520
v 0.02680000 0.14016985 0.06368520
v 0.02680000 0.13954485 0.06385267
v 0.02680000 0.13908732 0.06431020
v 0.02680000 0.14454485 0.08310532
v 0.02680000 0.14057473 0.07913520
v 0.02680000 0.15096985 0.08953032
v 0.02680000 0.15266985 0.08783584
v 0.02680000 0.14954485 0.08810532
v 0.02680000 0.14954485 0.08388552
v 0.02680000 0.15158732 0.08596084
v 0.02680000 0.15329485 0.08766837
v 0.02680000 0.15375238 0.08721084
v 0.02680000 0.15391985 0.08658583
v 0.02680000 0.15375238 0.08596084
v 0.02680000 0.15329485 0.08550330
v 0.02680000 0.15266985 0.08533584
v 0.02680000 0.15204485 0.08550330
v 0.02680000 0.15141985 0.08658583
v 0.02680000 0.15158732 0.08721084
v 0.02680000 0.15204485 0.08766837
v 0.02680000 0.14766985 0.06493520
v 0.02680000 0.14532505 0.08388552
v 0.02680000 0.14954485 0.07431020
v 0.02680000 0.14954485 0.07193280
v 0.02680000 0.17970029 0.05556020
v 0.02680000 0.17391985 0.04977976
v 0.02680000 0.16516985 0.04743520
v 0.02680000 0.15641985 0.04977976
v 0.02680000 0.15063941 0.05556020
v 0.02680000 0.18266985 0.06493520
v 0.02680000 0.18079485 0.05793760
v 0.02680000 0.18032529 0.05618520
v 0.02680000 0.15001441 0.07368520
v 0.02680000 0.15063941 0.07431020
v 0.02680000 0.15641985 0.08009064
v 0.02680000 0.16516985 0.08243520
v 0.02680000 0.17391985 0.08009064
v 0.02680000 0.17970029 0.07431020
v 0.01680000 0.17860488 0.07697023
v -0.01870000 0.17860488 0.07697023
v 0.01680000 0.17790488 0.07715779
v -0.01870000 0.17790488 0.07715779
v 0.01680000 0.17739244 0.07767023
v -0.01870000 0.17739244 0.07767023
v 0.01680000 0.17720488 0.07837023
v -0.01870000 0.17720488 0.07837023
v 0.01680000 0.17739244 0.07907023
v -0.01870000 0.17739244 0.07907023
v 0.01680000 0.17790488 0.07958266
v -0.01870000 0.17790488 0.07958266
v 0.01680000 0.17860488 0.07977023
v -0.01870000 0.17860488 0.07977023
v 0.01680000 0.17930488 0.07958266
v -0.01870000 0.17930488 0.07958266
v 0.01680000 0.17981731 0.07907023
v -0.01870000 0.17981731 0.07907023
v 0.01680000 0.18000488 0.07837023
v -0.01870000 0.18000488 0.07837023
v 0.01680000 0.17981731 0.07767023
v -0.01870000 0.17981731 0.07767023
v 0.01680000 0.17930488 0.07715779
v -0.01870000 0.17930488 0.07715779
v 0.01680000 0.17875238 0.08721084
v 0.01680000 0.17829485 0.08766837
v 0.01680000 0.17766985 0.08658583
v 0.01680000 0.17766985 0.08783584
v 0.01680000 0.17704485 0.08766837
v 0.01680000 0.17829485 0.08550330
v 0.01680000 0.17875238 0.08596084
v 0.01680000 0.17891985 0.08658583
v 0.01680000 0.17658732 0.08596084
v 0.01680000 0.17704485 0.08550330
v 0.01680000 0.17766985 0.08533584
v 0.01680000 0.17658732 0.08721084
v 0.01680000 0.17641985 0.08658583
v 0.02680000 0.15958898 0.05391886
v 0.02680000 0.15909485 0.05441299
v 0.02680000 0.15841985 0.05324386
v 0.02680000 0.15841985 0.05459386
v 0.02680000 0.15774485 0.05441299
v 0.02680000 0.15909485 0.05207472
v 0.02680000 0.15958898 0.05256886
v 0.02680000 0.15976985 0.05324386
v 0.02680000 0.15725072 0.05256886
v 0.02680000 0.15774485 0.05207472
v 0.02680000 0.15841985 0.05189386
v 0.02680000 0.15725072 0.05391886
v 0.02680000 0.15706985 0.05324386
v 0.01680000 0.15173482 0.07697023
v -0.01870000 0.15173482 0.07697023
v 0.01680000 0.15103482 0.07715779
v -0.01870000 0.15103482 0.07715779
v 0.01680000 0.15052239 0.07767023
v -0.01870000 0.15052239 0.07767023
v 0.01680000 0.15033482 0.07837023
v -0.01870000 0.15033482 0.07837023
v 0.01680000 0.15052239 0.07907023
v -0.01870000 0.15052239 0.07907023
v 0.01680000 0.15103482 0.07958266
v -0.01870000 0.15103482 0.07958266
v 0.01680000 0.15173482 0.07977023
v -0.01870000 0.15173482 0.07977023
v 0.01680000 0.15243482 0.07958266
v -0.01870000 0.15243482 0.07958266
v 0.01680000 0.15294726 0.07907023
v -0.01870000 0.15294726 0.07907023
v 0.01680000 0.15313482 0.07837023
v -0.01870000 0.15313482 0.07837023
v 0.01680000 0.15294726 0.07767023
v -0.01870000 0.15294726 0.07767023
v 0.01680000 0.15243482 0.07715779
v -0.01870000 0.15243482 0.07715779
v 0.01680000 0.15266985 0.08783584
v 0.02680000 0.15266985 0.08783584
v 0.01680000 0.15204485 0.08766837
v 0.02680000 0.15204485 0.08766837
v 0.01680000 0.15158732 0.08721084
v 0.02680000 0.15158732 0.08721084
v 0.01680000 0.15141985 0.08658583
v 0.02680000 0.15141985 0.08658583
v 0.01680000 0.15158732 0.08596084
v 0.02680000 0.15158732 0.08596084
v 0.01680000 0.15204485 0.08550330
v 0.02680000 0.15204485 0.08550330
v 0.01680000 0.15266985 0.08533584
v 0.02680000 0.15266985 0.08533584
v 0.01680000 0.15329485 0.08550330
v 0.02680000 0.15329485 0.08550330
v 0.01680000 0.15375238 0.08596084
v 0.02680000 0.15375238 0.08596084
v 0.01680000 0.15391985 0.08658583
v 0.02680000 0.15391985 0.08658583
v 0.01680000 0.15375238 0.08721084
v 0.02680000 0.15375238 0.08721084
v 0.01680000 0.15329485 0.08766837
v 0.02680000 0.15329485 0.08766837
v 0.02680000 0.17308898 0.05391886
v 0.02680000 0.17259485 0.05441299
v 0.02680000 0.17191985 0.05324386
v 0.02680000 0.17191985 0.05459386
v 0.02680000 0.17124485 0.05441299
v 0.02680000 0.17259485 0.05207472
v 0.02680000 0.17308898 0.05256886
v 0.02680000 0.17326985 0.05324386
v 0.02680000 0.17075072 0.05256886
v 0.02680000 0.17124485 0.05207472
v 0.02680000 0.17191985 0.05189386
v 0.02680000 0.17075072 0.05391886
v 0.02680000 0.17056985 0.05324386
v 0.01680000 0.15173482 0.05010017
v -0.01870000 0.15173482 0.05010017
v 0.01680000 0.15103482 0.05028774
v -0.01870000 0.15103482 0.05028774
v 0.01680000 0.15052239 0.05080017
v -0.01870000 0.15052239 0.05080017
v 0.01680000 0.15033482 0.05150017
v -0.01870000 0.15033482 0.05150017
v 0.01680000 0.15052239 0.05220017
v -0.01870000 0.15052239 0.05220017
v 0.01680000 0.15103482 0.05271261
v -0.01870000 0.15103482 0.05271261
v 0.01680000 0.15173482 0.05290017
v -0.01870000 0.15173482 0.05290017
v 0.01680000 0.15243482 0.05271261
v -0.01870000 0.15243482 0.05271261
v 0.01680000 0.15294726 0.05220017
v -0.01870000 0.15294726 0.05220017
v 0.01680000 0.15313482 0.05150017
v -0.01870000 0.15313482 0.05150017
v 0.01680000 0.15294726 0.05080017
v -0.01870000 0.15294726 0.05080017
v 0.01680000 0.15243482 0.05028774
v -0.01870000 0.15243482 0.05028774
v 0.01680000 0.15375238 0.08721084
v 0.01680000 0.15329485 0.08766837
v 0.01680000 0.15266985 0.08658583
v 0.01680000 0.15266985 0.08783584
v 0.01680000 0.15204485 0.08766837
v 0.01680000 0.15329485 0.08550330
v 0.01680000 0.15375238 0.08596084
v 0.01680000 0.15391985 0.08658583
v 0.01680000 0.15158732 0.08596084
v 0.01680000 0.15204485 0.08550330
v 0.01680000 0.15266985 0.08533584
v 0.01680000 0.15158732 0.08721084
v 0.01680000 0.15141985 0.08658583
v 0.03080000 0.16564022 -0.00370295
v 0.02680000 0.16794182 -0.00488674
v 0.03080000 0.16794182 -0.00488674
v 0.02680000 0.17052696 -0.00476113
v 0.03080000 0.17052696 -0.00476113
v 0.02680000 0.17270295 -0.00335978
v 0.03080000 0.17270295 -0.00335978
v 0.02680000 0.17388674 -0.00105818
v 0.03080000 0.17388674 -0.00105818
v 0.02680000 0.17376113 0.00152696
v 0.03080000 0.17376113 0.00152696
v 0.02680000 0.17235978 0.00370295
v 0.03080000 0.17235978 0.00370295
v 0.02680000 0.17005818 0.00488674
v 0.03080000 0.17005818 0.00488674
v 0.02680000 0.16747304 0.00476113
v 0.03080000 0.16747304 0.00476113
v 0.02680000 0.16529705 0.00335978
v 0.03080000 0.16529705 0.00335978
v 0.02680000 0.16411326 0.00105818
v 0.03080000 0.16411326 0.00105818
v 0.02680000 0.16423887 -0.00152696
v 0.03080000 0.16423887 -0.00152696
v 0.02680000 0.16564022 -0.00370295
v 0.03080000 0.16847091 -0.00244337
v 0.03080000 0.16794182 -0.00488674
v 0.03080000 0.16976348 -0.00238057
v 0.03080000 0.17052696 -0.00476113
v 0.03080000 0.17085148 -0.00167989
v 0.03080000 0.17270295 -0.00335978
v 0.03080000 0.17144337 -0.00052909
v 0.03080000 0.17388674 -0.00105818
v 0.03080000 0.17138057 0.00076348
v 0.03080000 0.17376113 0.00152696
v 0.03080000 0.17067989 0.00185148
v 0.03080000 0.17235978 0.00370295
v 0.03080000 0.16952909 0.00244337
v 0.03080000 0.17005818 0.00488674
v 0.03080000 0.16823652 0.00238057
v 0.03080000 0.16747304 0.00476113
v 0.03080000 0.16714852 0.00167989
v 0.03080000 0.16529705 0.00335978
v 0.03080000 0.16655663 0.00052909
v 0.03080000 0.16411326 0.00105818
v 0.03080000 0.16661943 -0.00076348
v 0.03080000 0.16423887 -0.00152696
v 0.03080000 0.16732011 -0.00185148
v 0.03080000 0.16564022 -0.00370295
v 0.02600000 0.16732011 -0.00185148
v 0.03080000 0.16732011 -0.00185148
v 0.02600000 0.16847091 -0.00244337
v 0.03080000 0.16847091 -0.00244337
v 0.02600000 0.16976348 -0.00238057
v 0.03080000 0.16976348 -0.00238057
v 0.02600000 0.17085148 -0.00167989
v 0.03080000 0.17085148 -0.00167989
v 0.02600000 0.17144337 -0.00052909
v 0.03080000 0.17144337 -0.00052909
v 0.02600000 0.17138057 0.00076348
v 0.03080000 0.17138057 0.00076348
v 0.02600000 0.17067989 0.00185148
v 0.03080000 0.17067989 0.00185148
v 0.02600000 0.16952909 0.00244337
v 0.03080000 0.16952909 0.00244337
v 0.02600000 0.16823652 0.00238057
v 0.03080000 0.16823652 0.00238057
v 0.02600000 0.16714852 0.00167989
v 0.03080000 0.16714852 0.00167989
v 0.02600000 0.16655663 0.00052909
v 0.03080000 0.16655663 0.00052909
v 0.02600000 0.16661943 -0.00076348
v 0.03080000 0.16661943 -0.00076348
v 0.02600000 0.17144337 -0.00052909
v 0.02600000 0.17466862 -0.00122749
v 0.02600000 0.17085148 -0.00167989
v 0.02600000 0.17329543 -0.00389735
v 0.02600000 0.16976348 -0.00238057
v 0.02600000 0.17077128 -0.00552291
v 0.02600000 0.16847091 -0.00244337
v 0.02600000 0.16777251 -0.00566862
v 0.02600000 0.16732011 -0.00185148
v 0.02600000 0.16510265 -0.00429543
v 0.02600000 0.16661943 -0.00076348
v 0.02600000 0.16347709 -0.00177128
v 0.02600000 0.16655663 0.00052909
v 0.02600000 0.16333138 0.00122749
v 0.02600000 0.16714852 0.00167989
v 0.02600000 0.16470457 0.00389735
v 0.02600000 0.16823652 0.00238057
v 0.02600000 0.16722872 0.00552291
v 0.02600000 0.16952909 0.00244337
v 0.02600000 0.17022749 0.00566862
v 0.02600000 0.17067989 0.00185148
v 0.02600000 0.17289735 0.00429543
v 0.02600000 0.17138057 0.00076348
v 0.02600000 0.17452291 0.00177128
v 0.02680000 0.16794182 -0.00488674
v 0.02680000 0.16777251 -0.00566862
v 0.02680000 0.17052696 -0.00476113
v 0.02680000 0.17077128 -0.00552291
v 0.02680000 0.17270295 -0.00335978
v 0.02680000 0.17329543 -0.00389735
v 0.02680000 0.17388674 -0.00105818
v 0.02680000 0.17466862 -0.00122749
v 0.02680000 0.17376113 0.00152696
v 0.02680000 0.17452291 0.00177128
v 0.02680000 0.17235978 0.00370295
v 0.02680000 0.17289735 0.00429543
v 0.02680000 0.17005818 0.00488674
v 0.02680000 0.17022749 0.00566862
v 0.02680000 0.16747304 0.00476113
v 0.02680000 0.16722872 0.00552291
v 0.02680000 0.16529705 0.00335978
v 0.02680000 0.16470457 0.00389735
v 0.02680000 0.16411326 0.00105818
v 0.02680000 0.16333138 0.00122749
v 0.02680000 0.16423887 -0.00152696
v 0.02680000 0.16347709 -0.00177128
v 0.02680000 0.16564022 -0.00370295
v 0.02680000 0.16510265 -0.00429543
v 0.02680000 0.16510265 -0.00429543
v 0.02600000 0.16777251 -0.00566862
v 0.02680000 0.16777251 -0.00566862
v 0.02600000 0.17077128 -0.00552291
v 0.02680000 0.17077128 -0.00552291
v 0.02600000 0.17329543 -0.00389735
v 0.02680000 0.17329543 -0.00389735
v 0.02600000 0.17466862 -0.00122749
v 0.02680000 0.17466862 -0.00122749
v 0.02600000 0.17452291 0.00177128
v 0.02680000 0.17452291 0.00177128
v 0.02600000 0.17289735 0.00429543
v 0.02680000 0.17289735 0.00429543
v 0.02600000 0.17022749 0.00566862
v 0.02680000 0.17022749 0.00566862
v 0.02600000 0.16722872 0.00552291
v 0.02680000 0.16722872 0.00552291
v 0.02600000 0.16470457 0.00389735
v 0.02680000 0.16470457 0.00389735
v 0.02600000 0.16333138 0.00122749
v 0.02680000 0.16333138 0.00122749
v 0.02600000 0.16347709 -0.00177128
v 0.02680000 0.16347709 -0.00177128
v 0.02600000 0.16510265 -0.00429543
v 0.03200000 0.09937176 0.06725624
v 0.03600000 0.09937176 0.06725624
v 0.03200000 0.09829410 0.06653977
v 0.03600000 0.09829410 0.06653977
v 0.03200000 0.09771904 0.06538046
v 0.03600000 0.09771904 0.06538046
v 0.03200000 0.09780069 0.06408894
v 0.03600000 0.09780069 0.06408894
v 0.03200000 0.09851715 0.06301128
v 0.03600000 0.09851715 0.06301128
v 0.03200000 0.09967646 0.06243623
v 0.03600000 0.09967646 0.06243623
v 0.03200000 0.10096798 0.06251787
v 0.03600000 0.10096798 0.06251787
v 0.03200000 0.10204564 0.06323434
v 0.03600000 0.10204564 0.06323434
v 0.03200000 0.10262070 0.06439365
v 0.03600000 0.10262070 0.06439365
v 0.03200000 0.10253905 0.06568516
v 0.03600000 0.10253905 0.06568516
v 0.03200000 0.10182259 0.06676283
v 0.03600000 0.10182259 0.06676283
v 0.03200000 0.10066328 0.06733788
v 0.03600000 0.10066328 0.06733788
v 0.03600000 0.09825440 0.07057309
v 0.03200000 0.09566801 0.06885357
v 0.03600000 0.09566801 0.06885357
v 0.03200000 0.09428789 0.06607123
v 0.03600000 0.09428789 0.06607123
v 0.03200000 0.09448384 0.06297159
v 0.03600000 0.09448384 0.06297159
v 0.03200000 0.09620335 0.06038519
v 0.03600000 0.09620335 0.06038519
v 0.03200000 0.09898569 0.05900507
v 0.03600000 0.09898569 0.05900507
v 0.03200000 0.10208534 0.05920102
v 0.03600000 0.10208534 0.05920102
v 0.03200000 0.10467173 0.06092054
v 0.03600000 0.10467173 0.06092054
v 0.03200000 0.10605185 0.06370288
v 0.03600000 0.10605185 0.06370288
v 0.03200000 0.10585590 0.06680252
v 0.03600000 0.10585590 0.06680252
v 0.03200000 0.10413639 0.06938891
v 0.03600000 0.10413639 0.06938891
v 0.03200000 0.10135405 0.07076904
v 0.03600000 0.10135405 0.07076904
v 0.03200000 0.09825440 0.07057309
v 0.03600000 0.09829410 0.06653977
v 0.03600000 0.09566801 0.06885357
v 0.03600000 0.09771904 0.06538046
v 0.03600000 0.09428789 0.06607123
v 0.03600000 0.09780069 0.06408894
v 0.03600000 0.09448384 0.06297159
v 0.03600000 0.09851715 0.06301128
v 0.03600000 0.09620335 0.06038519
v 0.03600000 0.09967646 0.06243623
v 0.03600000 0.09898569 0.05900507
v 0.03600000 0.10096798 0.06251787
v 0.03600000 0.10208534 0.05920102
v 0.03600000 0.10204564 0.06323434
v 0.03600000 0.10467173 0.06092054
v 0.03600000 0.10262070 0.06439365
v 0.03600000 0.10605185 0.06370288
v 0.03600000 0.10253905 0.06568516
v 0.03600000 0.10585590 0.06680252
v 0.03600000 0.10182259 0.06676283
v 0.03600000 0.10413639 0.06938891
v 0.03600000 0.10066328 0.06733788
v 0.03600000 0.10135405 0.07076904
v 0.03600000 0.09937176 0.06725624
v 0.03600000 0.09825440 0.07057309
v 0.03200000 0.09851715 0.06301128
v 0.03200000 0.09620335 0.06038519
v 0.03200000 0.09780069 0.06408894
v 0.03200000 0.09448384 0.06297159
v 0.03200000 0.09771904 0.06538046
v 0.03200000 0.09428789 0.06607123
v 0.03200000 0.09829410 0.06653977
v 0.03200000 0.09566801 0.06885357
v 0.03200000 0.09937176 0.06725624
v 0.03200000 0.09825440 0.07057309
v 0.03200000 0.10066328 0.06733788
v 0.03200000 0.10135405 0.07076904
v 0.03200000 0.10182259 0.06676283
v 0.03200000 0.10413639 0.06938891
v 0.03200000 0.10253905 0.06568516
v 0.03200000 0.10585590 0.06680252
v 0.03200000 0.10262070 0.06439365
v 0.03200000 0.10605185 0.06370288
v 0.03200000 0.10204564 0.06323434
v 0.03200000 0.10467173 0.06092054
v 0.03200000 0.10096798 0.06251787
v 0.03200000 0.10208534 0.05920102
v 0.03200000 0.09967646 0.06243623
v 0.03200000 0.09898569 0.05900507
v 0.03600000 0.10568067 -0.00185077
v 0.03200000 0.10568067 -0.00185077
v 0.03600000 0.10453012 -0.00244315
v 0.03200000 0.10453012 -0.00244315
v 0.03600000 0.10323752 -0.00238089
v 0.03200000 0.10323752 -0.00238089
v 0.03600000 0.10214923 -0.00168067
v 0.03200000 0.10214923 -0.00168067
v 0.03600000 0.10155685 -0.00053012
v 0.03200000 0.10155685 -0.00053012
v 0.03600000 0.10161911 0.00076248
v 0.03200000 0.10161911 0.00076248
v 0.03600000 0.10231933 0.00185077
v 0.03200000 0.10231933 0.00185077
v 0.03600000 0.10346988 0.00244315
v 0.03200000 0.10346988 0.00244315
v 0.03600000 0.10476248 0.00238089
v 0.03200000 0.10476248 0.00238089
v 0.03600000 0.10585077 0.00168067
v 0.03200000 0.10585077 0.00168067
v 0.03600000 0.10644315 0.00053012
v 0.03200000 0.10644315 0.00053012
v 0.03600000 0.10638089 -0.00076248
v 0.03200000 0.10638089 -0.00076248
v 0.03200000 0.10803361 -0.00444184
v 0.03600000 0.10527229 -0.00586356
v 0.03200000 0.10527229 -0.00586356
v 0.03600000 0.10217006 -0.00571413
v 0.03200000 0.10217006 -0.00571413
v 0.03600000 0.09955816 -0.00403361
v 0.03200000 0.09955816 -0.00403361
v 0.03600000 0.09813644 -0.00127229
v 0.03200000 0.09813644 -0.00127229
v 0.03600000 0.09828587 0.00182994
v 0.03200000 0.09828587 0.00182994
v 0.03600000 0.09996639 0.00444184
v 0.03200000 0.09996639 0.00444184
v 0.03600000 0.10272771 0.00586356
v 0.03200000 0.10272771 0.00586356
v 0.03600000 0.10582994 0.00571413
v 0.03200000 0.10582994 0.00571413
v 0.03600000 0.10844184 0.00403361
v 0.03200000 0.10844184 0.00403361
v 0.03600000 0.10986356 0.00127229
v 0.03200000 0.10986356 0.00127229
v 0.03600000 0.10971413 -0.00182994
v 0.03200000 0.10971413 -0.00182994
v 0.03600000 0.10803361 -0.00444184
v 0.03200000 0.10453012 -0.00244315
v 0.03200000 0.10527229 -0.00586356
v 0.03200000 0.10323752 -0.00238089
v 0.03200000 0.10217006 -0.00571413
v 0.03200000 0.10214923 -0.00168067
v 0.03200000 0.09955816 -0.00403361
v 0.03200000 0.10155685 -0.00053012
v 0.03200000 0.09813644 -0.00127229
v 0.03200000 0.10161911 0.00076248
v 0.03200000 0.09828587 0.00182994
v 0.03200000 0.10231933 0.00185077
v 0.03200000 0.09996639 0.00444184
v 0.03200000 0.10346988 0.00244315
v 0.03200000 0.10272771 0.00586356
v 0.03200000 0.10476248 0.00238089
v 0.03200000 0.10582994 0.00571413
v 0.03200000 0.10585077 0.00168067
v 0.03200000 0.10844184 0.00403361
v 0.03200000 0.10644315 0.00053012
v 0.03200000 0.10986356 0.00127229
v 0.03200000 0.10638089 -0.00076248
v 0.03200000 0.10971413 -0.00182994
v 0.03200000 0.10568067 -0.00185077
v 0.03200000 0.10803361 -0.00444184
v 0.03600000 0.10155685 -0.00053012
v 0.03600000 0.09813644 -0.00127229
v 0.03600000 0.10214923 -0.00168067
v 0.03600000 0.09955816 -0.00403361
v 0.03600000 0.10323752 -0.00238089
v 0.03600000 0.10217006 -0.00571413
v 0.03600000 0.10453012 -0.00244315
v 0.03600000 0.10527229 -0.00586356
v 0.03600000 0.10568067 -0.00185077
v 0.03600000 0.10803361 -0.00444184
v 0.03600000 0.10638089 -0.00076248
v 0.03600000 0.10971413 -0.00182994
v 0.03600000 0.10644315 0.00053012
v 0.03600000 0.10986356 0.00127229
v 0.03600000 0.10585077 0.00168067
v 0.03600000 0.10844184 0.00403361
v 0.03600000 0.10476248 0.00238089
v 0.03600000 0.10582994 0.00571413
v 0.03600000 0.10346988 0.00244315
v 0.03600000 0.10272771 0.00586356
v 0.03600000 0.10231933 0.00185077
v 0.03600000 0.09996639 0.00444184
v 0.03600000 0.10161911 0.00076248
v 0.03600000 0.09828587 0.00182994
v 0.03835411 0.27564040 -0.02114655
v -0.04164589 0.27564040 -0.02114655
v 0.03835411 0.27405527 -0.01992697
v -0.04164589 0.27405527 -0.01992697
v 0.04335411 0.27100633 -0.02388980
v 0.04335411 0.25210291 -0.04845930
v 0.04335411 0.27259146 -0.02510937
v 0.04335411 0.25368804 -0.04967888
v 0.03835411 0.24905397 -0.05242213
v -0.04164589 0.24905397 -0.05242213
v 0.03835411 0.25063910 -0.05364170
v -0.04164589 0.25063910 -0.05364170
v -0.04664589 0.25210291 -0.04845930
v -0.04664589 0.27100633 -0.02388980
v -0.04664589 0.25368804 -0.04967888
v -0.04664589 0.27259146 -0.02510937
v -0.04114589 0.26155462 -0.03617455
v -0.04114589 0.26313975 -0.03739412
v -0.04094493 0.26201196 -0.03558013
v -0.04094493 0.26359709 -0.03679970
v -0.04039589 0.26234676 -0.03514498
v -0.04039589 0.26393188 -0.03636455
v -0.03964589 0.26246930 -0.03498570
v -0.03964589 0.26405443 -0.03620528
v -0.03889589 0.26234676 -0.03514498
v -0.03889589 0.26393188 -0.03636455
v -0.03834685 0.26201196 -0.03558013
v -0.03834685 0.26359709 -0.03679970
v -0.03814589 0.26155462 -0.03617455
v -0.03814589 0.26313975 -0.03739412
v -0.03834685 0.26109728 -0.03676897
v -0.03834685 0.26268241 -0.03798855
v -0.03889589 0.26076248 -0.03720412
v -0.03889589 0.26234761 -0.03842370
v -0.03964589 0.26063994 -0.03736340
v -0.03964589 0.26222507 -0.03858297
v -0.04039589 0.26076248 -0.03720412
v -0.04039589 0.26234761 -0.03842370
v -0.04094493 0.26109728 -0.03676897
v -0.04094493 0.26268241 -0.03798855
v 0.03505507 0.26268241 -0.03798855
v 0.03560411 0.26234761 -0.03842370
v 0.03835411 0.25063910 -0.05364170
v 0.03635411 0.26222507 -0.03858297
v 0.04085411 0.25104758 -0.05311079
v 0.03710411 0.26234761 -0.03842370
v 0.03765315 0.26268241 -0.03798855
v 0.04335411 0.25368804 -0.04967888
v 0.03785411 0.26313975 -0.03739412
v 0.04335411 0.27259146 -0.02510937
v 0.04268424 0.25216357 -0.05166029
v 0.03505507 0.26359709 -0.03679970
v -0.04164589 0.27564040 -0.02114655
v 0.03560411 0.26393188 -0.03636455
v 0.03835411 0.27564040 -0.02114655
v 0.03635411 0.26405443 -0.03620528
v -0.03834685 0.26268241 -0.03798855
v -0.03814589 0.26313975 -0.03739412
v 0.03485411 0.26313975 -0.03739412
v -0.04664589 0.25368804 -0.04967888
v -0.04664589 0.27259146 -0.02510937
v -0.04114589 0.26313975 -0.03739412
v -0.04094493 0.26359709 -0.03679970
v -0.03834685 0.26359709 -0.03679970
v -0.03889589 0.26393188 -0.03636455
v -0.03964589 0.26405443 -0.03620528
v 0.03765315 0.26359709 -0.03679970
v 0.03710411 0.26393188 -0.03636455
v 0.04268424 0.27411593 -0.02312796
v 0.04085411 0.27523192 -0.02167746
v -0.04164589 0.25063910 -0.05364170
v -0.03964589 0.26222507 -0.03858297
v -0.03889589 0.26234761 -0.03842370
v -0.04414589 0.27523192 -0.02167746
v -0.04597602 0.27411593 -0.02312796
v -0.04039589 0.26393188 -0.03636455
v -0.04094493 0.26268241 -0.03798855
v -0.04039589 0.26234761 -0.03842370
v -0.04597602 0.25216357 -0.05166029
v -0.04414589 0.25104758 -0.05311079
v 0.03710411 0.26234676 -0.03514498
v 0.03765315 0.26201196 -0.03558013
v 0.04335411 0.27100633 -0.02388980
v 0.03785411 0.26155462 -0.03617455
v 0.04335411 0.25210291 -0.04845930
v 0.04085411 0.27364679 -0.02045789
v 0.03835411 0.27405527 -0.01992697
v 0.03635411 0.26246930 -0.03498570
v -0.04164589 0.27405527 -0.01992697
v 0.03505507 0.26201196 -0.03558013
v 0.03560411 0.26234676 -0.03514498
v -0.03834685 0.26109728 -0.03676897
v -0.03889589 0.26076248 -0.03720412
v -0.04164589 0.24905397 -0.05242213
v -0.03964589 0.26063994 -0.03736340
v -0.04414589 0.24946245 -0.05189121
v -0.04039589 0.26076248 -0.03720412
v -0.04094493 0.26109728 -0.03676897
v -0.04664589 0.25210291 -0.04845930
v -0.04114589 0.26155462 -0.03617455
v -0.04664589 0.27100633 -0.02388980
v 0.03835411 0.24905397 -0.05242213
v 0.03635411 0.26063994 -0.03736340
v -0.03814589 0.26155462 -0.03617455
v 0.03560411 0.26076248 -0.03720412
v 0.04268424 0.27253080 -0.02190838
v 0.03505507 0.26109728 -0.03676897
v 0.03485411 0.26155462 -0.03617455
v -0.03834685 0.26201196 -0.03558013
v -0.03889589 0.26234676 -0.03514498
v -0.03964589 0.26246930 -0.03498570
v 0.03765315 0.26109728 -0.03676897
v 0.03710411 0.26076248 -0.03720412
v 0.04268424 0.25057844 -0.05044072
v 0.04085411 0.24946245 -0.05189121
v -0.04094493 0.26201196 -0.03558013
v -0.04039589 0.26234676 -0.03514498
v -0.04597602 0.27253080 -0.02190838
v -0.04414589 0.27364679 -0.02045789
v -0.04597602 0.25057844 -0.05044072
v 0.03485411 0.26155462 -0.03617455
v 0.03485411 0.26313975 -0.03739412
v 0.03505507 0.26201196 -0.03558013
v 0.03505507 0.26359709 -0.03679970
v 0.03560411 0.26234676 -0.03514498
v 0.03560411 0.26393188 -0.03636455
v 0.03635411 0.26246930 -0.03498570
v 0.03635411 0.26405443 -0.03620528
v 0.03710411 0.26234676 -0.03514498
v 0.03710411 0.26393188 -0.03636455
v 0.03765315 0.26201196 -0.03558013
v 0.03765315 0.26359709 -0.03679970
v 0.03785411 0.26155462 -0.03617455
v 0.03785411 0.26313975 -0.03739412
v 0.03765315 0.26109728 -0.03676897
v 0.03765315 0.26268241 -0.03798855
v 0.03710411 0.26076248 -0.03720412
v 0.03710411 0.26234761 -0.03842370
v 0.03635411 0.26063994 -0.03736340
v 0.03635411 0.26222507 -0.03858297
v 0.03560411 0.26076248 -0.03720412
v 0.03560411 0.26234761 -0.03842370
v 0.03505507 0.26109728 -0.03676897
v 0.03505507 0.26268241 -0.03798855
v 0.04268424 0.27411593 -0.02312796
v 0.04268424 0.27253080 -0.02190838
v 0.04085411 0.27523192 -0.02167746
v 0.04085411 0.27364679 -0.02045789
v 0.03835411 0.27564040 -0.02114655
v 0.03835411 0.27405527 -0.01992697
v 0.04085411 0.25104758 -0.05311079
v 0.04085411 0.24946245 -0.05189121
v 0.04268424 0.25216357 -0.05166029
v 0.04268424 0.25057844 -0.05044072
v -0.04664589 0.25210291 -0.04845930
v -0.04664589 0.25368804 -0.04967888
v -0.04597602 0.25216357 -0.05166029
v -0.04597602 0.25057844 -0.05044072
v -0.04414589 0.25104758 -0.05311079
v -0.04414589 0.24946245 -0.05189121
v -0.04164589 0.27405527 -0.01992697
v -0.04164589 0.27564040 -0.02114655
v -0.04414589 0.27523192 -0.02167746
v -0.04414589 0.27364679 -0.02045789
v -0.04597602 0.27411593 -0.02312796
v -0.04597602 0.27253080 -0.02190838
v 0.00160000 0.18847670 -0.04786422
v 0.00165000 0.19172000 -0.04874666
v 0.00160000 0.19172670 -0.04873505
v 0.00165000 0.19409426 -0.05112092
v 0.00160000 0.19410587 -0.05111422
v 0.00165000 0.19496330 -0.05436422
v 0.00160000 0.19497670 -0.05436422
v 0.00165000 0.19409426 -0.05760752
v 0.00160000 0.19410587 -0.05761422
v 0.00165000 0.19172000 -0.05998178
v 0.00160000 0.19172670 -0.05999339
v 0.00165000 0.18847670 -0.06085082
v 0.00160000 0.18847670 -0.06086422
v 0.00165000 0.18523340 -0.05998178
v 0.00160000 0.18522670 -0.05999339
v 0.00165000 0.18285914 -0.05760752
v 0.00160000 0.18284753 -0.05761422
v 0.00165000 0.18199010 -0.05436422
v 0.00160000 0.18197670 -0.05436422
v 0.00165000 0.18285914 -0.05112092
v 0.00160000 0.18284753 -0.05111422
v 0.00165000 0.18523340 -0.04874666
v 0.00160000 0.18522670 -0.04873505
v 0.00165000 0.18847670 -0.04787762
v 0.00168660 0.19170170 -0.04877836
v 0.00168660 0.19406256 -0.05113922
v 0.00168660 0.19492670 -0.05436422
v 0.00168660 0.19406256 -0.05758922
v 0.00168660 0.19170170 -0.05995008
v 0.00168660 0.18847670 -0.06081422
v 0.00168660 0.18525170 -0.05995008
v 0.00168660 0.18289084 -0.05758922
v 0.00168660 0.18202670 -0.05436422
v 0.00168660 0.18289084 -0.05113922
v 0.00168660 0.18525170 -0.04877836
v 0.00168660 0.18847670 -0.04791422
v 0.00170000 0.19167670 -0.04882166
v 0.00170000 0.19401926 -0.05116422
v 0.00170000 0.19487670 -0.05436422
v 0.00170000 0.19401926 -0.05756422
v 0.00170000 0.19167670 -0.05990678
v 0.00170000 0.18847670 -0.06076422
v 0.00170000 0.18527670 -0.05990678
v 0.00170000 0.18293414 -0.05756422
v 0.00170000 0.18207670 -0.05436422
v 0.00170000 0.18293414 -0.05116422
v 0.00170000 0.18527670 -0.04882166
v 0.00170000 0.18847670 -0.04796422
v 0.00170000 0.18847670 -0.05226422
v 0.00168660 0.18950170 -0.05258887
v 0.00170000 0.18952670 -0.05254557
v 0.00168660 0.19025205 -0.05333922
v 0.00170000 0.19029535 -0.05331422
v 0.00168660 0.19052670 -0.05436422
v 0.00170000 0.19057670 -0.05436422
v 0.00168660 0.19025205 -0.05538922
v 0.00170000 0.19029535 -0.05541422
v 0.00168660 0.18950170 -0.05613957
v 0.00170000 0.18952670 -0.05618287
v 0.00168660 0.18847670 -0.05641422
v 0.00170000 0.18847670 -0.05646422
v 0.00168660 0.18745170 -0.05613957
v 0.00170000 0.18742670 -0.05618287
v 0.00168660 0.18670135 -0.05538922
v 0.00170000 0.18665805 -0.05541422
v 0.00168660 0.18642670 -0.05436422
v 0.00170000 0.18637670 -0.05436422
v 0.00168660 0.18670135 -0.05333922
v 0.00170000 0.18665805 -0.05331422
v 0.00168660 0.18745170 -0.05258887
v 0.00170000 0.18742670 -0.05254557
v 0.00168660 0.18847670 -0.05231422
v 0.00165000 0.18948340 -0.05262057
v 0.00165000 0.19022035 -0.05335752
v 0.00165000 0.19049010 -0.05436422
v 0.00165000 0.19022035 -0.05537092
v 0.00165000 0.18948340 -0.05610787
v 0.00165000 0.18847670 -0.05637762
v 0.00165000 0.18747000 -0.05610787
v 0.00165000 0.18673305 -0.05537092
v 0.00165000 0.18646330 -0.05436422
v 0.00165000 0.18673305 -0.05335752
v 0.00165000 0.18747000 -0.05262057
v 0.00165000 0.18847670 -0.05235082
v 0.00160000 0.18947670 -0.05263217
v 0.00160000 0.19020875 -0.05336422
v 0.00160000 0.19047670 -0.05436422
v 0.00160000 0.19020875 -0.05536422
v 0.00160000 0.18947670 -0.05609627
v 0.00160000 0.18847670 -0.05636422
v 0.00160000 0.18747670 -0.05609627
v 0.00160000 0.18674465 -0.05536422
v 0.00160000 0.18647670 -0.05436422
v 0.00160000 0.18674465 -0.05336422
v 0.00160000 0.18747670 -0.05263217
v 0.00160000 0.18847670 -0.05236422
v -0.00520000 0.18847670 -0.05236422
v -0.00525000 0.18948340 -0.05262057
v -0.00520000 0.18947670 -0.05263217
v -0.00525000 0.19022035 -0.05335752
v -0.00520000 0.19020875 -0.05336422
v -0.00525000 0.19049010 -0.05436422
v -0.00520000 0.19047670 -0.05436422
v -0.00525000 0.19022035 -0.05537092
v -0.00520000 0.19020875 -0.05536422
v -0.00525000 0.18948340 -0.05610787
v -0.00520000 0.18947670 -0.05609627
v -0.00525000 0.18847670 -0.05637762
v -0.00520000 0.18847670 -0.05636422
v -0.00525000 0.18747000 -0.05610787
v -0.00520000 0.18747670 -0.05609627
v -0.00525000 0.18673305 -0.05537092
v -0.00520000 0.18674465 -0.05536422
v -0.00525000 0.18646330 -0.05436422
v -0.00520000 0.18647670 -0.05436422
v -0.00525000 0.18673305 -0.05335752
v -0.00520000 0.18674465 -0.05336422
v -0.00525000 0.18747000 -0.05262057
v -0.00520000 0.18747670 -0.05263217
v -0.00525000 0.18847670 -0.05235082
v -0.00528660 0.18950170 -0.05258887
v -0.00528660 0.19025205 -0.05333922
v -0.00528660 0.19052670 -0.05436422
v -0.00528660 0.19025205 -0.05538922
v -0.00528660 0.18950170 -0.05613957
v -0.00528660 0.18847670 -0.05641422
v -0.00528660 0.18745170 -0.05613957
v -0.00528660 0.18670135 -0.05538922
v -0.00528660 0.18642670 -0.05436422
v -0.00528660 0.18670135 -0.05333922
v -0.00528660 0.18745170 -0.05258887
v -0.00528660 0.18847670 -0.05231422
v -0.00530000 0.18952670 -0.05254557
v -0.00530000 0.19029535 -0.05331422
v -0.00530000 0.19057670 -0.05436422
v -0.00530000 0.19029535 -0.05541422
v -0.00530000 0.18952670 -0.05618287
v -0.00530000 0.18847670 -0.05646422
v -0.00530000 0.18742670 -0.05618287
v -0.00530000 0.18665805 -0.05541422
v -0.00530000 0.18637670 -0.05436422
v -0.00530000 0.18665805 -0.05331422
v -0.00530000 0.18742670 -0.05254557
v -0.00530000 0.18847670 -0.05226422
v -0.00530000 0.18847670 -0.04796422
v -0.00528660 0.19170170 -0.04877836
v -0.00530000 0.19167670 -0.04882166
v -0.00528660 0.19406256 -0.05113922
v -0.00530000 0.19401926 -0.05116422
v -0.00528660 0.19492670 -0.05436422
v -0.00530000 0.19487670 -0.05436422
v -0.00528660 0.19406256 -0.05758922
v -0.00530000 0.19401926 -0.05756422
v -0.00528660 0.19170170 -0.05995008
v -0.00530000 0.19167670 -0.05990678
v -0.00528660 0.18847670 -0.06081422
v -0.00530000 0.18847670 -0.06076422
v -0.00528660 0.18525170 -0.05995008
v -0.00530000 0.18527670 -0.05990678
v -0.00528660 0.18289084 -0.05758922
v -0.00530000 0.18293414 -0.05756422
v -0.00528660 0.18202670 -0.05436422
v -0.00530000 0.18207670 -0.05436422
v -0.00528660 0.18289084 -0.05113922
v -0.00530000 0.18293414 -0.05116422
v -0.00528660 0.18525170 -0.04877836
v -0.00530000 0.18527670 -0.04882166
v -0.00528660 0.18847670 -0.04791422
v -0.00525000 0.19172000 -0.04874666
v -0.00525000 0.19409426 -0.05112092
v -0.00525000 0.19496330 -0.05436422
v -0.00525000 0.19409426 -0.05760752
v -0.00525000 0.19172000 -0.05998178
v -0.00525000 0.18847670 -0.06085082
v -0.00525000 0.18523340 -0.05998178
v -0.00525000 0.18285914 -0.05760752
v -0.00525000 0.18199010 -0.05436422
v -0.00525000 0.18285914 -0.05112092
v -0.00525000 0.18523340 -0.04874666
v -0.00525000 0.18847670 -0.04787762
v -0.00520000 0.19172670 -0.04873505
v -0.00520000 0.19410587 -0.05111422
v -0.00520000 0.19497670 -0.05436422
v -0.00520000 0.19410587 -0.05761422
v -0.00520000 0.19172670 -0.05999339
v -0.00520000 0.18847670 -0.06086422
v -0.00520000 0.18522670 -0.05999339
v -0.00520000 0.18284753 -0.05761422
v -0.00520000 0.18197670 -0.05436422
v -0.00520000 0.18284753 -0.05111422
v -0.00520000 0.18522670 -0.04873505
v -0.00520000 0.18847670 -0.04786422
v 0.00095000 0.18847670 -0.04786422
v 0.00095000 0.19172670 -0.04873505
v 0.00095000 0.19410587 -0.05111422
v 0.00095000 0.19497670 -0.05436422
v 0.00095000 0.19410587 -0.05761422
v 0.00095000 0.19172670 -0.05999339
v 0.00095000 0.18847670 -0.06086422
v 0.00095000 0.18522670 -0.05999339
v 0.00095000 0.18284753 -0.05761422
v 0.00095000 0.18197670 -0.05436422
v 0.00095000 0.18284753 -0.05111422
v 0.00095000 0.18522670 -0.04873505
v 0.00170000 0.18742670 -0.05254557
v 0.00170000 0.18665805 -0.05331422
v 0.00170000 0.18637670 -0.05436422
v 0.00170000 0.18665805 -0.05541422
v 0.00170000 0.18742670 -0.05618287
v 0.00170000 0.18847670 -0.05646422
v 0.00170000 0.18952670 -0.05618287
v 0.00160000 0.18847670 -0.05236422
v 0.00160000 0.18947670 -0.05263217
v 0.00160000 0.19020875 -0.05336422
v 0.00160000 0.19047670 -0.05436422
v 0.00160000 0.19020875 -0.05536422
v 0.00160000 0.18947670 -0.05609627
v 0.00160000 0.18847670 -0.05636422
v 0.00160000 0.18747670 -0.05609627
v 0.00160000 0.18674465 -0.05536422
v 0.00160000 0.18647670 -0.05436422
v 0.00160000 0.18674465 -0.05336422
v 0.00160000 0.18747670 -0.05263217
v -0.00530000 0.19167670 -0.05990678
v -0.00530000 0.18847670 -0.06076422
v -0.00530000 0.18527670 -0.05990678
v -0.00530000 0.18293414 -0.05756422
v -0.00530000 0.18207670 -0.05436422
v -0.00530000 0.18293414 -0.05116422
v -0.00530000 0.18527670 -0.04882166
v -0.00455000 0.19172670 -0.04873505
v -0.00455000 0.19410587 -0.05111422
v -0.00455000 0.19497670 -0.05436422
v -0.00455000 0.19410587 -0.05761422
v -0.00455000 0.19172670 -0.05999339
v -0.00455000 0.18847670 -0.06086422
v -0.00455000 0.18522670 -0.05999339
v -0.00455000 0.18284753 -0.05761422
v -0.00455000 0.18197670 -0.05436422
v -0.00455000 0.18284753 -0.05111422
v -0.00455000 0.18522670 -0.04873505
v -0.00455000 0.18847670 -0.04786422
v -0.00455000 0.19172670 -0.04873505
v -0.00377998 0.19111899 -0.04978764
v -0.00455000 0.19410587 -0.05111422
v -0.00377998 0.19305328 -0.05172193
v -0.00455000 0.19497670 -0.05436422
v -0.00377998 0.19376129 -0.05436422
v -0.00455000 0.19410587 -0.05761422
v -0.00377998 0.19305328 -0.05700651
v -0.00455000 0.19172670 -0.05999339
v -0.00377998 0.19111899 -0.05894080
v -0.00455000 0.18847670 -0.06086422
v -0.00377998 0.18847670 -0.05964881
v -0.00455000 0.18522670 -0.05999339
v -0.00377998 0.18583441 -0.05894080
v -0.00455000 0.18284753 -0.05761422
v -0.00377998 0.18390012 -0.05700651
v -0.00455000 0.18197670 -0.05436422
v -0.00377998 0.18319211 -0.05436422
v -0.00455000 0.18284753 -0.05111422
v -0.00377998 0.18390012 -0.05172193
v -0.00455000 0.18522670 -0.04873505
v -0.00377998 0.18583441 -0.04978764
v -0.00455000 0.18847670 -0.04786422
v -0.00377998 0.18847670 -0.04907963
v -0.00251940 0.19077218 -0.05038834
v -0.00251940 0.19245258 -0.05206874
v -0.00251940 0.19306765 -0.05436422
v -0.00251940 0.19245258 -0.05665970
v -0.00251940 0.19077218 -0.05834010
v -0.00251940 0.18847670 -0.05895517
v -0.00251940 0.18618122 -0.05834010
v -0.00251940 0.18450082 -0.05665970
v -0.00251940 0.18388575 -0.05436422
v -0.00251940 0.18450082 -0.05206874
v -0.00251940 0.18618122 -0.05038834
v -0.00251940 0.18847670 -0.04977327
v -0.00108060 0.19077218 -0.05038834
v -0.00108060 0.19245258 -0.05206874
v -0.00108060 0.19306765 -0.05436422
v -0.00108060 0.19245258 -0.05665970
v -0.00108060 0.19077218 -0.05834010
v -0.00108060 0.18847670 -0.05895517
v -0.00108060 0.18618122 -0.05834010
v -0.00108060 0.18450082 -0.05665970
v -0.00108060 0.18388575 -0.05436422
v -0.00108060 0.18450082 -0.05206874
v -0.00108060 0.18618122 -0.05038834
v -0.00108060 0.18847670 -0.04977327
v 0.00017998 0.19111899 -0.04978764
v 0.00017998 0.19305328 -0.05172193
v 0.00017998 0.19376129 -0.05436422
v 0.00017998 0.19305328 -0.05700651
v 0.00017998 0.19111899 -0.05894080
v 0.00017998 0.18847670 -0.05964881
v 0.00017998 0.18583441 -0.05894080
v 0.00017998 0.18390012 -0.05700651
v 0.00017998 0.18319211 -0.05436422
v 0.00017998 0.18390012 -0.05172193
v 0.00017998 0.18583441 -0.04978764
v 0.00017998 0.18847670 -0.04907963
v 0.00095000 0.19172670 -0.04873505
v 0.00095000 0.19410587 -0.05111422
v 0.00095000 0.19497670 -0.05436422
v 0.00095000 0.19410587 -0.05761422
v 0.00095000 0.19172670 -0.05999339
v 0.00095000 0.18847670 -0.06086422
v 0.00095000 0.18522670 -0.05999339
v 0.00095000 0.18284753 -0.05761422
v 0.00095000 0.18197670 -0.05436422
v 0.00095000 0.18284753 -0.05111422
v 0.00095000 0.18522670 -0.04873505
v 0.00095000 0.18847670 -0.04786422
v -0.02500000 0.20335315 0.00810625
v -0.02500000 0.19735315 0.00810625
v -0.02400000 0.19735315 0.00783830
v -0.02400000 0.20335315 0.00783830
v -0.02326795 0.19735315 0.00710625
v -0.02326795 0.20335315 0.00710625
v -0.02300000 0.19735315 0.00610625
v -0.02300000 0.20335315 0.00610625
v -0.04270000 0.19735315 0.00810625
v -0.04270000 0.20335315 0.00810625
v -0.04370000 0.20335315 0.00783830
v -0.04370000 0.19735315 0.00783830
v -0.04443205 0.20335315 0.00710625
v -0.04443205 0.19735315 0.00710625
v -0.04470000 0.20335315 0.00610625
v -0.04470000 0.19735315 0.00610625
v -0.04270000 0.20335315 -0.00093306
v -0.04370000 0.20335315 -0.00066511
v -0.04443205 0.20335315 0.00006694
v -0.02500000 0.20335315 0.00810625
v -0.02400000 0.20335315 0.00783830
v -0.02326795 0.20335315 0.00710625
v -0.02326795 0.20335315 0.00006694
v -0.02400000 0.20335315 -0.00066511
v -0.02300000 0.20335315 0.00106694
v -0.02500000 0.20335315 -0.00093306
v -0.04470000 0.20335315 0.00610625
v -0.04470000 0.20335315 0.00106694
v -0.04443205 0.20335315 0.00710625
v -0.04370000 0.20335315 0.00783830
v -0.04270000 0.20335315 0.00810625
v -0.02300000 0.20335315 0.00610625
v -0.02300000 0.19735315 0.00106694
v -0.02300000 0.19735315 0.00610625
v -0.04470000 0.19735315 0.00106694
v -0.04270000 0.19735315 0.00810625
v -0.04370000 0.19735315 0.00783830
v -0.04443205 0.19735315 0.00710625
v -0.02326795 0.19735315 0.00710625
v -0.02400000 0.19735315 0.00783830
v -0.02500000 0.19735315 0.00810625
v -0.04470000 0.19735315 0.00610625
v -0.02400000 0.19735315 -0.00066511
v -0.02326795 0.19735315 0.00006694
v -0.02500000 0.19735315 -0.00093306
v -0.04270000 0.19735315 -0.00093306
v -0.04370000 0.19735315 -0.00066511
v -0.04443205 0.19735315 0.00006694
v -0.04270000 0.20335315 -0.00093306
v -0.02500000 0.20335315 -0.00093306
v -0.04270000 0.19735315 -0.00093306
v -0.02500000 0.19735315 -0.00093306
v -0.02300000 0.19892421 0.00489194
v -0.02300000 0.19952815 0.00549588
v -0.02300000 0.20035315 0.00571694
v -0.02300000 0.20117815 0.00549588
v -0.02300000 0.19735315 0.00106694
v -0.02300000 0.19892421 0.00324194
v -0.02300000 0.19870315 0.00406694
v -0.02300000 0.20178209 0.00489194
v -0.02300000 0.20200315 0.00406694
v -0.02300000 0.20335315 0.00106694
v -0.02300000 0.20178209 0.00324194
v -0.02300000 0.20117815 0.00263800
v -0.02300000 0.20035315 0.00241694
v -0.02300000 0.19952815 0.00263800
v -0.04470000 0.20178209 0.00489194
v -0.04470000 0.20117815 0.00549588
v -0.04470000 0.20035315 0.00571694
v -0.04470000 0.19952815 0.00549588
v -0.04470000 0.19892421 0.00324194
v -0.04470000 0.19735315 0.00106694
v -0.04470000 0.19870315 0.00406694
v -0.04470000 0.19892421 0.00489194
v -0.04470000 0.20335315 0.00106694
v -0.04470000 0.20178209 0.00324194
v -0.04470000 0.20200315 0.00406694
v -0.04470000 0.19952815 0.00263800
v -0.04470000 0.20035315 0.00241694
v -0.04470000 0.20117815 0.00263800
v -0.02300000 0.20200315 0.00406694
v -0.04470000 0.20200315 0.00406694
v -0.02300000 0.20178209 0.00324194
v -0.04470000 0.20178209 0.00324194
v -0.02300000 0.20117815 0.00263800
v -0.04470000 0.20117815 0.00263800
v -0.02300000 0.20035315 0.00241694
v -0.04470000 0.20035315 0.00241694
v -0.02300000 0.19952815 0.00263800
v -0.04470000 0.19952815 0.00263800
v -0.02300000 0.19892421 0.00324194
v -0.04470000 0.19892421 0.00324194
v -0.02300000 0.19870315 0.00406694
v -0.04470000 0.19870315 0.00406694
v -0.02300000 0.19892421 0.00489194
v -0.04470000 0.19892421 0.00489194
v -0.02300000 0.19952815 0.00549588
v -0.04470000 0.19952815 0.00549588
v -0.02300000 0.20035315 0.00571694
v -0.04470000 0.20035315 0.00571694
v -0.02300000 0.20117815 0.00549588
v -0.04470000 0.20117815 0.00549588
v -0.02300000 0.20178209 0.00489194
v -0.04470000 0.20178209 0.00489194
v -0.04270000 0.20335315 -0.00093306
v -0.04270000 0.19735315 -0.00093306
v -0.04370000 0.19735315 -0.00066511
v -0.04370000 0.20335315 -0.00066511
v -0.04443205 0.19735315 0.00006694
v -0.04443205 0.20335315 0.00006694
v -0.02326795 0.19735315 0.00006694
v -0.02326795 0.20335315 0.00006694
v -0.02400000 0.19735315 -0.00066511
v -0.02400000 0.20335315 -0.00066511
v -0.02500000 0.19735315 -0.00093306
v -0.02500000 0.20335315 -0.00093306
v -0.04270000 0.20335315 0.00810625
v -0.04270000 0.19735315 0.00810625
v 0.03200000 0.10693941 -0.00404474
v 0.02800000 0.10856797 -0.00203314
v 0.03200000 0.10856797 -0.00203314
v 0.02800000 0.10897255 0.00052323
v 0.03200000 0.10897255 0.00052323
v 0.02800000 0.10804474 0.00293941
v 0.03200000 0.10804474 0.00293941
v 0.02800000 0.10603314 0.00456797
v 0.03200000 0.10603314 0.00456797
v 0.02800000 0.10347677 0.00497255
v 0.03200000 0.10347677 0.00497255
v 0.02800000 0.10106059 0.00404474
v 0.03200000 0.10106059 0.00404474
v 0.02800000 0.09943203 0.00203314
v 0.03200000 0.09943203 0.00203314
v 0.02800000 0.09902745 -0.00052323
v 0.03200000 0.09902745 -0.00052323
v 0.02800000 0.09995526 -0.00293941
v 0.03200000 0.09995526 -0.00293941
v 0.02800000 0.10196686 -0.00456797
v 0.03200000 0.10196686 -0.00456797
v 0.02800000 0.10452323 -0.00497255
v 0.03200000 0.10452323 -0.00497255
v 0.02800000 0.10693941 -0.00404474
v 0.03200000 0.10628398 -0.00101657
v 0.03200000 0.10856797 -0.00203314
v 0.03200000 0.10648627 0.00026162
v 0.03200000 0.10897255 0.00052323
v 0.03200000 0.10602237 0.00146970
v 0.03200000 0.10804474 0.00293941
v 0.03200000 0.10501657 0.00228398
v 0.03200000 0.10603314 0.00456797
v 0.03200000 0.10373838 0.00248627
v 0.03200000 0.10347677 0.00497255
v 0.03200000 0.10253030 0.00202237
v 0.03200000 0.10106059 0.00404474
v 0.03200000 0.10171602 0.00101657
v 0.03200000 0.09943203 0.00203314
v 0.03200000 0.10151373 -0.00026162
v 0.03200000 0.09902745 -0.00052323
v 0.03200000 0.10197763 -0.00146970
v 0.03200000 0.09995526 -0.00293941
v 0.03200000 0.10298343 -0.00228398
v 0.03200000 0.10196686 -0.00456797
v 0.03200000 0.10426162 -0.00248627
v 0.03200000 0.10452323 -0.00497255
v 0.03200000 0.10546970 -0.00202237
v 0.03200000 0.10693941 -0.00404474
v 0.02720000 0.10546970 -0.00202237
v 0.03200000 0.10546970 -0.00202237
v 0.02720000 0.10628398 -0.00101657
v 0.03200000 0.10628398 -0.00101657
v 0.02720000 0.10648627 0.00026162
v 0.03200000 0.10648627 0.00026162
v 0.02720000 0.10602237 0.00146970
v 0.03200000 0.10602237 0.00146970
v 0.02720000 0.10501657 0.00228398
v 0.03200000 0.10501657 0.00228398
v 0.02720000 0.10373838 0.00248627
v 0.03200000 0.10373838 0.00248627
v 0.02720000 0.10253030 0.00202237
v 0.03200000 0.10253030 0.00202237
v 0.02720000 0.10171602 0.00101657
v 0.03200000 0.10171602 0.00101657
v 0.02720000 0.10151373 -0.00026162
v 0.03200000 0.10151373 -0.00026162
v 0.02720000 0.10197763 -0.00146970
v 0.03200000 0.10197763 -0.00146970
v 0.02720000 0.10298343 -0.00228398
v 0.03200000 0.10298343 -0.00228398
v 0.02720000 0.10426162 -0.00248627
v 0.03200000 0.10426162 -0.00248627
v 0.02720000 0.10501657 0.00228398
v 0.02720000 0.10635844 0.00529884
v 0.02720000 0.10602237 0.00146970
v 0.02720000 0.10869189 0.00340971
v 0.02720000 0.10648627 0.00026162
v 0.02720000 0.10976815 0.00060695
v 0.02720000 0.10628398 -0.00101657
v 0.02720000 0.10929884 -0.00235844
v 0.02720000 0.10546970 -0.00202237
v 0.02720000 0.10740971 -0.00469189
v 0.02720000 0.10426162 -0.00248627
v 0.02720000 0.10460695 -0.00576815
v 0.02720000 0.10298343 -0.00228398
v 0.02720000 0.10164156 -0.00529884
v 0.02720000 0.10197763 -0.00146970
v 0.02720000 0.09930811 -0.00340971
v 0.02720000 0.10151373 -0.00026162
v 0.02720000 0.09823185 -0.00060695
v 0.02720000 0.10171602 0.00101657
v 0.02720000 0.09870116 0.00235844
v 0.02720000 0.10253030 0.00202237
v 0.02720000 0.10059029 0.00469189
v 0.02720000 0.10373838 0.00248627
v 0.02720000 0.10339305 0.00576815
v 0.02800000 0.10856797 -0.00203314
v 0.02800000 0.10929884 -0.00235844
v 0.02800000 0.10897255 0.00052323
v 0.02800000 0.10976815 0.00060695
v 0.02800000 0.10804474 0.00293941
v 0.02800000 0.10869189 0.00340971
v 0.02800000 0.10603314 0.00456797
v 0.02800000 0.10635844 0.00529884
v 0.02800000 0.10347677 0.00497255
v 0.02800000 0.10339305 0.00576815
v 0.02800000 0.10106059 0.00404474
v 0.02800000 0.10059029 0.00469189
v 0.02800000 0.09943203 0.00203314
v 0.02800000 0.09870116 0.00235844
v 0.02800000 0.09902745 -0.00052323
v 0.02800000 0.09823185 -0.00060695
v 0.02800000 0.09995526 -0.00293941
v 0.02800000 0.09930811 -0.00340971
v 0.02800000 0.10196686 -0.00456797
v 0.02800000 0.10164156 -0.00529884
v 0.02800000 0.10452323 -0.00497255
v 0.02800000 0.10460695 -0.00576815
v 0.02800000 0.10693941 -0.00404474
v 0.02800000 0.10740971 -0.00469189
v 0.02800000 0.10740971 -0.00469189
v 0.02720000 0.10929884 -0.00235844
v 0.02800000 0.10929884 -0.00235844
v 0.02720000 0.10976815 0.00060695
v 0.02800000 0.10976815 0.00060695
v 0.02720000 0.10869189 0.00340971
v 0.02800000 0.10869189 0.00340971
v 0.02720000 0.10635844 0.00529884
v 0.02800000 0.10635844 0.00529884
v 0.02720000 0.10339305 0.00576815
v 0.02800000 0.10339305 0.00576815
v 0.02720000 0.10059029 0.00469189
v 0.02800000 0.10059029 0.00469189
v 0.02720000 0.09870116 0.00235844
v 0.02800000 0.09870116 0.00235844
v 0.02720000 0.09823185 -0.00060695
v 0.02800000 0.09823185 -0.00060695
v 0.02720000 0.09930811 -0.00340971
v 0.02800000 0.09930811 -0.00340971
v 0.02720000 0.10164156 -0.00529884
v 0.02800000 0.10164156 -0.00529884
v 0.02720000 0.10460695 -0.00576815
v 0.02800000 0.10460695 -0.00576815
v 0.02720000 0.10740971 -0.00469189
v 0.03600000 0.17092790 0.05265035
v 0.02730000 0.17092790 0.05265035
v 0.03600000 0.17098154 0.05195361
v 0.02730000 0.17098154 0.05195361
v 0.03600000 0.17067962 0.05132338
v 0.02730000 0.17067962 0.05132338
v 0.03600000 0.17010303 0.05092855
v 0.02730000 0.17010303 0.05092855
v 0.03600000 0.16940628 0.05087491
v 0.02730000 0.16940628 0.05087491
v 0.03600000 0.16877606 0.05117683
v 0.02730000 0.16877606 0.05117683
v 0.03600000 0.16838123 0.05175341
v 0.02730000 0.16838123 0.05175341
v 0.03600000 0.16832759 0.05245016
v 0.02730000 0.16832759 0.05245016
v 0.03600000 0.16862951 0.05308039
v 0.02730000 0.16862951 0.05308039
v 0.03600000 0.16920609 0.05347522
v 0.02730000 0.16920609 0.05347522
v 0.03600000 0.16990284 0.05352886
v 0.02730000 0.16990284 0.05352886
v 0.03600000 0.17053307 0.05322694
v 0.02730000 0.17053307 0.05322694
v 0.02730000 0.18120440 0.07058262
v 0.03600000 0.18187988 0.06180873
v 0.02730000 0.18187988 0.06180873
v 0.03600000 0.17807793 0.05387258
v 0.02730000 0.17807793 0.05387258
v 0.03600000 0.17081727 0.04890065
v 0.02730000 0.17081727 0.04890065
v 0.03600000 0.16204338 0.04822517
v 0.02730000 0.16204338 0.04822517
v 0.03600000 0.15410723 0.05202712
v 0.02730000 0.15410723 0.05202712
v 0.03600000 0.14913530 0.05928778
v 0.02730000 0.14913530 0.05928778
v 0.03600000 0.14845982 0.06806167
v 0.02730000 0.14845982 0.06806167
v 0.03600000 0.15226177 0.07599782
v 0.02730000 0.15226177 0.07599782
v 0.03600000 0.15952243 0.08096975
v 0.02730000 0.15952243 0.08096975
v 0.03600000 0.16829632 0.08164523
v 0.02730000 0.16829632 0.08164523
v 0.03600000 0.17623247 0.07784328
v 0.02730000 0.17623247 0.07784328
v 0.03600000 0.18120440 0.07058262
v 0.03600000 0.15765816 0.05513314
v 0.02730000 0.15765816 0.05513314
v 0.03600000 0.15771180 0.05443639
v 0.02730000 0.15771180 0.05443639
v 0.03600000 0.15740988 0.05380616
v 0.02730000 0.15740988 0.05380616
v 0.03600000 0.15683330 0.05341133
v 0.02730000 0.15683330 0.05341133
v 0.03600000 0.15613655 0.05335769
v 0.02730000 0.15613655 0.05335769
v 0.03600000 0.15550633 0.05365961
v 0.02730000 0.15550633 0.05365961
v 0.03600000 0.15511150 0.05423619
v 0.02730000 0.15511150 0.05423619
v 0.03600000 0.15505786 0.05493294
v 0.02730000 0.15505786 0.05493294
v 0.03600000 0.15535978 0.05556317
v 0.02730000 0.15535978 0.05556317
v 0.03600000 0.15593636 0.05595800
v 0.02730000 0.15593636 0.05595800
v 0.03600000 0.15663311 0.05601164
v 0.02730000 0.15663311 0.05601164
v 0.03600000 0.15726333 0.05570972
v 0.02730000 0.15726333 0.05570972
v 0.03600000 0.15317345 0.06786645
v 0.02730000 0.15317345 0.06786645
v 0.03600000 0.15322709 0.06716970
v 0.02730000 0.15322709 0.06716970
v 0.03600000 0.15292517 0.06653948
v 0.02730000 0.15292517 0.06653948
v 0.03600000 0.15234859 0.06614465
v 0.02730000 0.15234859 0.06614465
v 0.03600000 0.15165184 0.06609101
v 0.02730000 0.15165184 0.06609101
v 0.03600000 0.15102162 0.06639293
v 0.02730000 0.15102162 0.06639293
v 0.03600000 0.15062679 0.06696951
v 0.02730000 0.15062679 0.06696951
v 0.03600000 0.15057314 0.06766626
v 0.02730000 0.15057314 0.06766626
v 0.03600000 0.15087506 0.06829648
v 0.02730000 0.15087506 0.06829648
v 0.03600000 0.15145165 0.06869131
v 0.02730000 0.15145165 0.06869131
v 0.03600000 0.15214840 0.06874496
v 0.02730000 0.15214840 0.06874496
v 0.03600000 0.15277862 0.06844304
v 0.02730000 0.15277862 0.06844304
v 0.03600000 0.16195847 0.07811699
v 0.02730000 0.16195847 0.07811699
v 0.03600000 0.16201211 0.07742024
v 0.02730000 0.16201211 0.07742024
v 0.03600000 0.16171019 0.07679001
v 0.02730000 0.16171019 0.07679001
v 0.03600000 0.16113361 0.07639518
v 0.02730000 0.16113361 0.07639518
v 0.03600000 0.16043686 0.07634154
v 0.02730000 0.16043686 0.07634154
v 0.03600000 0.15980663 0.07664346
v 0.02730000 0.15980663 0.07664346
v 0.03600000 0.15941180 0.07722005
v 0.02730000 0.15941180 0.07722005
v 0.03600000 0.15935816 0.07791679
v 0.02730000 0.15935816 0.07791679
v 0.03600000 0.15966008 0.07854702
v 0.02730000 0.15966008 0.07854702
v 0.03600000 0.16023667 0.07894185
v 0.02730000 0.16023667 0.07894185
v 0.03600000 0.16093342 0.07899549
v 0.02730000 0.16093342 0.07899549
v 0.03600000 0.16156364 0.07869357
v 0.02730000 0.16156364 0.07869357
v 0.03600000 0.17522820 0.07563421
v 0.02730000 0.17522820 0.07563421
v 0.03600000 0.17528184 0.07493746
v 0.02730000 0.17528184 0.07493746
v 0.03600000 0.17497992 0.07430723
v 0.02730000 0.17497992 0.07430723
v 0.03600000 0.17440334 0.07391240
v 0.02730000 0.17440334 0.07391240
v 0.03600000 0.17370659 0.07385876
v 0.02730000 0.17370659 0.07385876
v 0.03600000 0.17307637 0.07416068
v 0.02730000 0.17307637 0.07416068
v 0.03600000 0.17268154 0.07473726
v 0.02730000 0.17268154 0.07473726
v 0.03600000 0.17262790 0.07543401
v 0.02730000 0.17262790 0.07543401
v 0.03600000 0.17292982 0.07606424
v 0.02730000 0.17292982 0.07606424
v 0.03600000 0.17350640 0.07645907
v 0.02730000 0.17350640 0.07645907
v 0.03600000 0.17420315 0.07651271
v 0.02730000 0.17420315 0.07651271
v 0.03600000 0.17483337 0.07621079
v 0.02730000 0.17483337 0.07621079
v 0.02730000 0.16366366 0.08128857
v 0.02730000 0.15609544 0.07862302
v 0.02730000 0.15952243 0.08096975
v 0.02730000 0.18120440 0.07058262
v 0.02730000 0.17933748 0.06992508
v 0.02730000 0.17688352 0.07689252
v 0.02730000 0.18179143 0.06295764
v 0.02730000 0.15683330 0.05341133
v 0.02730000 0.15740988 0.05380616
v 0.02730000 0.16301970 0.05344327
v 0.02730000 0.15726333 0.05570972
v 0.02730000 0.15965616 0.06299326
v 0.02730000 0.15765816 0.05513314
v 0.02730000 0.15771180 0.05443639
v 0.02730000 0.15663311 0.05601164
v 0.02730000 0.15593636 0.05595800
v 0.02730000 0.14913530 0.05928778
v 0.02730000 0.15535978 0.05556317
v 0.02730000 0.15505786 0.05493294
v 0.02730000 0.15410723 0.05202712
v 0.02730000 0.15613655 0.05335769
v 0.02730000 0.15617977 0.05103423
v 0.02730000 0.15550633 0.05365961
v 0.02730000 0.15511150 0.05423619
v 0.02730000 0.16478324 0.04843610
v 0.02730000 0.16204338 0.04822517
v 0.02730000 0.17092790 0.05265035
v 0.02730000 0.17053307 0.05322694
v 0.02730000 0.17404707 0.05732715
v 0.02730000 0.16990284 0.05352886
v 0.02730000 0.16920609 0.05347522
v 0.02730000 0.17098154 0.05195361
v 0.02730000 0.17581061 0.05231998
v 0.02730000 0.17067962 0.05132338
v 0.02730000 0.17081727 0.04890065
v 0.02730000 0.17010303 0.05092855
v 0.02730000 0.16862951 0.05308039
v 0.02730000 0.16832759 0.05245016
v 0.02730000 0.16838123 0.05175341
v 0.02730000 0.16877606 0.05117683
v 0.02730000 0.16940628 0.05087491
v 0.02730000 0.18088700 0.05973619
v 0.02730000 0.17807793 0.05387258
v 0.02730000 0.17756108 0.06142736
v 0.02730000 0.17819130 0.06112544
v 0.02730000 0.17068354 0.06687714
v 0.02730000 0.17711261 0.06270070
v 0.02730000 0.17716625 0.06200395
v 0.02730000 0.17931808 0.06347747
v 0.02730000 0.17971291 0.06290089
v 0.02730000 0.17976656 0.06220414
v 0.02730000 0.18187988 0.06180873
v 0.02730000 0.17946464 0.06157392
v 0.02730000 0.17888805 0.06117909
v 0.02730000 0.17868786 0.06377939
v 0.02730000 0.17799111 0.06372575
v 0.02730000 0.17741453 0.06333092
v 0.02730000 0.17497992 0.07430723
v 0.02730000 0.17528184 0.07493746
v 0.02730000 0.16732000 0.07642713
v 0.02730000 0.17268154 0.07473726
v 0.02730000 0.17522820 0.07563421
v 0.02730000 0.17623247 0.07784328
v 0.02730000 0.17483337 0.07621079
v 0.02730000 0.17415993 0.07883617
v 0.02730000 0.17420315 0.07651271
v 0.02730000 0.17350640 0.07645907
v 0.02730000 0.17292982 0.07606424
v 0.02730000 0.17262790 0.07543401
v 0.02730000 0.17307637 0.07416068
v 0.02730000 0.17370659 0.07385876
v 0.02730000 0.17440334 0.07391240
v 0.02730000 0.16555646 0.08143430
v 0.02730000 0.16829632 0.08164523
v 0.02730000 0.16156364 0.07869357
v 0.02730000 0.16195847 0.07811699
v 0.02730000 0.16201211 0.07742024
v 0.02730000 0.16171019 0.07679001
v 0.02730000 0.16093342 0.07899549
v 0.02730000 0.16023667 0.07894185
v 0.02730000 0.15966008 0.07854702
v 0.02730000 0.15935816 0.07791679
v 0.02730000 0.15452909 0.07755042
v 0.02730000 0.15941180 0.07722005
v 0.02730000 0.15980663 0.07664346
v 0.02730000 0.15629263 0.07254325
v 0.02730000 0.16043686 0.07634154
v 0.02730000 0.16113361 0.07639518
v 0.02730000 0.14945270 0.07013421
v 0.02730000 0.15226177 0.07599782
v 0.02730000 0.15145165 0.06869131
v 0.02730000 0.15087506 0.06829648
v 0.02730000 0.15277862 0.06844304
v 0.02730000 0.15214840 0.06874496
v 0.02730000 0.14845982 0.06806167
v 0.02730000 0.15057314 0.06766626
v 0.02730000 0.15062679 0.06696951
v 0.02730000 0.15102162 0.06639293
v 0.02730000 0.15165184 0.06609101
v 0.02730000 0.15234859 0.06614465
v 0.02730000 0.15292517 0.06653948
v 0.02730000 0.15322709 0.06716970
v 0.02730000 0.15317345 0.06786645
v 0.03600000 0.18120440 0.07058262
v 0.03600000 0.17933748 0.06992508
v 0.03600000 0.18179143 0.06295764
v 0.03600000 0.17688352 0.07689252
v 0.03600000 0.15145165 0.06869131
v 0.03600000 0.15214840 0.06874496
v 0.03600000 0.15629263 0.07254325
v 0.03600000 0.14845982 0.06806167
v 0.03600000 0.15057314 0.06766626
v 0.03600000 0.14945270 0.07013421
v 0.03600000 0.15087506 0.06829648
v 0.03600000 0.15277862 0.06844304
v 0.03600000 0.15317345 0.06786645
v 0.03600000 0.15965616 0.06299326
v 0.03600000 0.15322709 0.06716970
v 0.03600000 0.15292517 0.06653948
v 0.03600000 0.14913530 0.05928778
v 0.03600000 0.15234859 0.06614465
v 0.03600000 0.15165184 0.06609101
v 0.03600000 0.15102162 0.06639293
v 0.03600000 0.15062679 0.06696951
v 0.03600000 0.15452909 0.07755042
v 0.03600000 0.15226177 0.07599782
v 0.03600000 0.16113361 0.07639518
v 0.03600000 0.16043686 0.07634154
v 0.03600000 0.15980663 0.07664346
v 0.03600000 0.15941180 0.07722005
v 0.03600000 0.15609544 0.07862302
v 0.03600000 0.15935816 0.07791679
v 0.03600000 0.15966008 0.07854702
v 0.03600000 0.16023667 0.07894185
v 0.03600000 0.16366366 0.08128857
v 0.03600000 0.15952243 0.08096975
v 0.03600000 0.16093342 0.07899549
v 0.03600000 0.16156364 0.07869357
v 0.03600000 0.16555646 0.08143430
v 0.03600000 0.16195847 0.07811699
v 0.03600000 0.16201211 0.07742024
v 0.03600000 0.16732000 0.07642713
v 0.03600000 0.16171019 0.07679001
v 0.03600000 0.17415993 0.07883617
v 0.03600000 0.16829632 0.08164523
v 0.03600000 0.17497992 0.07430723
v 0.03600000 0.17440334 0.07391240
v 0.03600000 0.17068354 0.06687714
v 0.03600000 0.17262790 0.07543401
v 0.03600000 0.17292982 0.07606424
v 0.03600000 0.17370659 0.07385876
v 0.03600000 0.17307637 0.07416068
v 0.03600000 0.17268154 0.07473726
v 0.03600000 0.17350640 0.07645907
v 0.03600000 0.17420315 0.07651271
v 0.03600000 0.17623247 0.07784328
v 0.03600000 0.17483337 0.07621079
v 0.03600000 0.17522820 0.07563421
v 0.03600000 0.17528184 0.07493746
v 0.03600000 0.17888805 0.06117909
v 0.03600000 0.17819130 0.06112544
v 0.03600000 0.17404707 0.05732715
v 0.03600000 0.17756108 0.06142736
v 0.03600000 0.17716625 0.06200395
v 0.03600000 0.17799111 0.06372575
v 0.03600000 0.17741453 0.06333092
v 0.03600000 0.17711261 0.06270070
v 0.03600000 0.17868786 0.06377939
v 0.03600000 0.17931808 0.06347747
v 0.03600000 0.17971291 0.06290089
v 0.03600000 0.18187988 0.06180873
v 0.03600000 0.17976656 0.06220414
v 0.03600000 0.18088700 0.05973619
v 0.03600000 0.17946464 0.06157392
v 0.03600000 0.17581061 0.05231998
v 0.03600000 0.17807793 0.05387258
v 0.03600000 0.16832759 0.05245016
v 0.03600000 0.16862951 0.05308039
v 0.03600000 0.16301970 0.05344327
v 0.03600000 0.16838123 0.05175341
v 0.03600000 0.16877606 0.05117683
v 0.03600000 0.16478324 0.04843610
v 0.03600000 0.16940628 0.05087491
v 0.03600000 0.17081727 0.04890065
v 0.03600000 0.17010303 0.05092855
v 0.03600000 0.16920609 0.05347522
v 0.03600000 0.16990284 0.05352886
v 0.03600000 0.17053307 0.05322694
v 0.03600000 0.17092790 0.05265035
v 0.03600000 0.17098154 0.05195361
v 0.03600000 0.17067962 0.05132338
v 0.03600000 0.15617977 0.05103423
v 0.03600000 0.16204338 0.04822517
v 0.03600000 0.15726333 0.05570972
v 0.03600000 0.15765816 0.05513314
v 0.03600000 0.15771180 0.05443639
v 0.03600000 0.15740988 0.05380616
v 0.03600000 0.15410723 0.05202712
v 0.03600000 0.15511150 0.05423619
v 0.03600000 0.15505786 0.05493294
v 0.03600000 0.15683330 0.05341133
v 0.03600000 0.15613655 0.05335769
v 0.03600000 0.15550633 0.05365961
v 0.03600000 0.15535978 0.05556317
v 0.03600000 0.15593636 0.05595800
v 0.03600000 0.15663311 0.05601164
v 0.03600000 0.17971291 0.06290089
v 0.02730000 0.17971291 0.06290089
v 0.03600000 0.17976656 0.06220414
v 0.02730000 0.17976656 0.06220414
v 0.03600000 0.17946464 0.06157392
v 0.02730000 0.17946464 0.06157392
v 0.03600000 0.17888805 0.06117909
v 0.02730000 0.17888805 0.06117909
v 0.03600000 0.17819130 0.06112544
v 0.02730000 0.17819130 0.06112544
v 0.03600000 0.17756108 0.06142736
v 0.02730000 0.17756108 0.06142736
v 0.03600000 0.17716625 0.06200395
v 0.02730000 0.17716625 0.06200395
v 0.03600000 0.17711261 0.06270070
v 0.02730000 0.17711261 0.06270070
v 0.03600000 0.17741453 0.06333092
v 0.02730000 0.17741453 0.06333092
v 0.03600000 0.17799111 0.06372575
v 0.02730000 0.17799111 0.06372575
v 0.03600000 0.17868786 0.06377939
v 0.02730000 0.17868786 0.06377939
v 0.03600000 0.17931808 0.06347747
v 0.02730000 0.17931808 0.06347747
v -0.00951222 0.25637901 -0.13749537
v -0.01147967 0.25047014 -0.13872079
v -0.01147967 0.25644173 -0.13813756
v -0.01350615 0.25042884 -0.13829789
v -0.01350615 0.25640042 -0.13771466
v -0.01504868 0.25029458 -0.13692320
v -0.01504868 0.25626616 -0.13633997
v -0.01569393 0.25010333 -0.13496507
v -0.01569393 0.25607492 -0.13438184
v -0.01526901 0.24990635 -0.13294818
v -0.01526901 0.25587793 -0.13236495
v -0.01388778 0.24975641 -0.13141296
v -0.01388778 0.25572799 -0.13082973
v -0.01192033 0.24969368 -0.13077077
v -0.01192033 0.25566527 -0.13018754
v -0.00989385 0.24973499 -0.13119367
v -0.00989385 0.25570658 -0.13061044
v -0.00835132 0.24986925 -0.13256836
v -0.00835132 0.25584084 -0.13198513
v -0.00770607 0.25006050 -0.13452649
v -0.00770607 0.25603208 -0.13394326
v -0.00813099 0.25025748 -0.13654338
v -0.00813099 0.25622907 -0.13596015
v -0.00951222 0.25040742 -0.13807860
v -0.01161187 0.25620879 -0.13575256
v -0.01147967 0.25644173 -0.13813756
v -0.01242246 0.25619227 -0.13558339
v -0.01350615 0.25640042 -0.13771466
v -0.01303947 0.25613856 -0.13503352
v -0.01504868 0.25626616 -0.13633997
v -0.01329757 0.25606207 -0.13425027
v -0.01569393 0.25607492 -0.13438184
v -0.01312760 0.25598327 -0.13344351
v -0.01526901 0.25587793 -0.13236495
v -0.01257511 0.25592330 -0.13282942
v -0.01388778 0.25572799 -0.13082973
v -0.01178813 0.25589821 -0.13257254
v -0.01192033 0.25566527 -0.13018754
v -0.01097754 0.25591473 -0.13274171
v -0.00989385 0.25570658 -0.13061044
v -0.01036053 0.25596844 -0.13329158
v -0.00835132 0.25584084 -0.13198513
v -0.01010243 0.25604493 -0.13407483
v -0.00770607 0.25603208 -0.13394326
v -0.01027240 0.25612373 -0.13488159
v -0.00813099 0.25622907 -0.13596015
v -0.01082489 0.25618370 -0.13549568
v -0.00951222 0.25637901 -0.13749537
v -0.01312760 0.25001169 -0.13402674
v -0.01526901 0.24990635 -0.13294818
v -0.01329757 0.25009048 -0.13483349
v -0.01569393 0.25010333 -0.13496507
v -0.01303947 0.25016698 -0.13561675
v -0.01504868 0.25029458 -0.13692320
v -0.01242246 0.25022068 -0.13616662
v -0.01350615 0.25042884 -0.13829789
v -0.01161187 0.25023721 -0.13633578
v -0.01147967 0.25047014 -0.13872079
v -0.01082489 0.25021212 -0.13607891
v -0.00951222 0.25040742 -0.13807860
v -0.01027240 0.25015214 -0.13546482
v -0.00813099 0.25025748 -0.13654338
v -0.01010243 0.25007335 -0.13465806
v -0.00770607 0.25006050 -0.13452649
v -0.01036053 0.24999685 -0.13387481
v -0.00835132 0.24986925 -0.13256836
v -0.01097754 0.24994314 -0.13332494
v -0.00989385 0.24973499 -0.13119367
v -0.01178813 0.24992662 -0.13315577
v -0.01192033 0.24969368 -0.13077077
v -0.01257511 0.24995171 -0.13341265
v -0.01388778 0.24975641 -0.13141296
v -0.01082489 0.25021212 -0.13607891
v -0.01082489 0.25618370 -0.13549568
v -0.01161187 0.25023721 -0.13633578
v -0.01161187 0.25620879 -0.13575256
v -0.01242246 0.25022068 -0.13616662
v -0.01242246 0.25619227 -0.13558339
v -0.01303947 0.25016698 -0.13561675
v -0.01303947 0.25613856 -0.13503352
v -0.01329757 0.25009048 -0.13483349
v -0.01329757 0.25606207 -0.13425027
v -0.01312760 0.25001169 -0.13402674
v -0.01312760 0.25598327 -0.13344351
v -0.01257511 0.24995171 -0.13341265
v -0.01257511 0.25592330 -0.13282942
v -0.01178813 0.24992662 -0.13315577
v -0.01178813 0.25589821 -0.13257254
v -0.01097754 0.24994314 -0.13332494
v -0.01097754 0.25591473 -0.13274171
v -0.01036053 0.24999685 -0.13387481
v -0.01036053 0.25596844 -0.13329158
v -0.01010243 0.25007335 -0.13465806
v -0.01010243 0.25604493 -0.13407483
v -0.01027240 0.25015214 -0.13546482
v -0.01027240 0.25612373 -0.13488159
v -0.05520000 0.15360000 -0.00450000
v -0.05520000 0.15360000 -0.00150000
v -0.05726099 0.15113050 -0.00450000
v -0.05726099 0.15113050 -0.00150000
v -0.05800000 0.14800000 -0.00450000
v -0.05800000 0.14800000 -0.00150000
v -0.02038668 0.10596587 -0.00150000
v -0.02038668 0.10596587 -0.00450000
v -0.02025271 0.10646587 -0.00150000
v -0.02025271 0.10646587 -0.00450000
v -0.01988668 0.10683189 -0.00150000
v -0.01988668 0.10683189 -0.00450000
v -0.01938668 0.10696587 -0.00150000
v -0.01938668 0.10696587 -0.00450000
v -0.01888668 0.10683189 -0.00150000
v -0.01888668 0.10683189 -0.00450000
v -0.01852066 0.10646587 -0.00150000
v -0.01852066 0.10646587 -0.00450000
v -0.01838668 0.10596587 -0.00150000
v -0.01838668 0.10596587 -0.00450000
v -0.01852066 0.10546587 -0.00150000
v -0.01852066 0.10546587 -0.00450000
v -0.01888668 0.10509984 -0.00150000
v -0.01888668 0.10509984 -0.00450000
v -0.01938668 0.10496587 -0.00150000
v -0.01938668 0.10496587 -0.00450000
v -0.01988668 0.10509984 -0.00150000
v -0.01988668 0.10509984 -0.00450000
v -0.02025271 0.10546587 -0.00150000
v -0.02025271 0.10546587 -0.00450000
v -0.06165111 0.11729825 -0.00150000
v -0.06165111 0.11729825 -0.00450000
v -0.06151714 0.11779825 -0.00150000
v -0.06151714 0.11779825 -0.00450000
v -0.06115112 0.11816427 -0.00150000
v -0.06115112 0.11816427 -0.00450000
v -0.06065112 0.11829825 -0.00150000
v -0.06065112 0.11829825 -0.00450000
v -0.06015112 0.11816427 -0.00150000
v -0.06015112 0.11816427 -0.00450000
v -0.05978509 0.11779825 -0.00150000
v -0.05978509 0.11779825 -0.00450000
v -0.05965112 0.11729825 -0.00150000
v -0.05965112 0.11729825 -0.00450000
v -0.05978509 0.11679825 -0.00150000
v -0.05978509 0.11679825 -0.00450000
v -0.06015112 0.11643222 -0.00150000
v -0.06015112 0.11643222 -0.00450000
v -0.06065112 0.11629825 -0.00150000
v -0.06065112 0.11629825 -0.00450000
v -0.06115112 0.11643222 -0.00150000
v -0.06115112 0.11643222 -0.00450000
v -0.06151714 0.11679825 -0.00150000
v -0.06151714 0.11679825 -0.00450000
v -0.06300000 0.14800000 -0.00150000
v -0.06300000 0.14800000 -0.00450000
v -0.06300000 0.14697588 -0.00150000
v -0.06300000 0.14697588 -0.00450000
v -0.06300000 0.14140000 -0.00150000
v -0.06300000 0.14140000 -0.00450000
v -0.06300000 0.13570000 -0.00150000
v -0.06300000 0.13570000 -0.00450000
v -0.06300000 0.12057413 -0.00150000
v -0.06300000 0.12057413 -0.00450000
v -0.06300000 0.11900000 -0.00150000
v -0.06300000 0.11900000 -0.00450000
v -0.03135357 0.10865960 -0.00150000
v -0.03135357 0.10865960 -0.00450000
v -0.03121959 0.10915959 -0.00150000
v -0.03121959 0.10915959 -0.00450000
v -0.03085357 0.10952562 -0.00150000
v -0.03085357 0.10952562 -0.00450000
v -0.03035357 0.10965959 -0.00150000
v -0.03035357 0.10965959 -0.00450000
v -0.02985357 0.10952562 -0.00150000
v -0.02985357 0.10952562 -0.00450000
v -0.02948754 0.10915959 -0.00150000
v -0.02948754 0.10915959 -0.00450000
v -0.02935357 0.10865960 -0.00150000
v -0.02935357 0.10865960 -0.00450000
v -0.02948754 0.10815960 -0.00150000
v -0.02948754 0.10815960 -0.00450000
v -0.02985357 0.10779357 -0.00150000
v -0.02985357 0.10779357 -0.00450000
v -0.03035357 0.10765959 -0.00150000
v -0.03035357 0.10765959 -0.00450000
v -0.03085357 0.10779357 -0.00150000
v -0.03085357 0.10779357 -0.00450000
v -0.03121959 0.10815960 -0.00150000
v -0.03121959 0.10815960 -0.00450000
v -0.05928282 0.15455748 -0.00150000
v -0.05928282 0.15455748 -0.00450000
v -0.05914884 0.15505748 -0.00150000
v -0.05914884 0.15505748 -0.00450000
v -0.05878282 0.15542351 -0.00150000
v -0.05878282 0.15542351 -0.00450000
v -0.05828282 0.15555748 -0.00150000
v -0.05828282 0.15555748 -0.00450000
v -0.05778282 0.15542351 -0.00150000
v -0.05778282 0.15542351 -0.00450000
v -0.05741679 0.15505748 -0.00150000
v -0.05741679 0.15505748 -0.00450000
v -0.05728282 0.15455748 -0.00150000
v -0.05728282 0.15455748 -0.00450000
v -0.05741679 0.15405748 -0.00150000
v -0.05741679 0.15405748 -0.00450000
v -0.05778282 0.15369146 -0.00150000
v -0.05778282 0.15369146 -0.00450000
v -0.05828282 0.15355748 -0.00150000
v -0.05828282 0.15355748 -0.00450000
v -0.05878282 0.15369146 -0.00150000
v -0.05878282 0.15369146 -0.00450000
v -0.05914884 0.15405748 -0.00150000
v -0.05914884 0.15405748 -0.00450000
v -0.06139230 0.15400000 -0.00150000
v -0.06139230 0.15400000 -0.00450000
v -0.05700000 0.15839230 -0.00150000
v -0.05700000 0.15839230 -0.00450000
v -0.05100000 0.16000000 -0.00150000
v -0.05100000 0.16000000 -0.00450000
v -0.01522509 0.10365157 -0.00150000
v -0.01522509 0.10365157 -0.00450000
v -0.01509111 0.10415157 -0.00150000
v -0.01509111 0.10415157 -0.00450000
v -0.01472509 0.10451759 -0.00150000
v -0.01472509 0.10451759 -0.00450000
v -0.01422509 0.10465157 -0.00150000
v -0.01422509 0.10465157 -0.00450000
v -0.01372509 0.10451759 -0.00150000
v -0.01372509 0.10451759 -0.00450000
v -0.01335906 0.10415157 -0.00150000
v -0.01335906 0.10415157 -0.00450000
v -0.01322509 0.10365157 -0.00150000
v -0.01322509 0.10365157 -0.00450000
v -0.01335906 0.10315157 -0.00150000
v -0.01335906 0.10315157 -0.00450000
v -0.01372509 0.10278554 -0.00150000
v -0.01372509 0.10278554 -0.00450000
v -0.01422509 0.10265157 -0.00150000
v -0.01422509 0.10265157 -0.00450000
v -0.01472509 0.10278554 -0.00150000
v -0.01472509 0.10278554 -0.00450000
v -0.01509111 0.10315157 -0.00150000
v -0.01509111 0.10315157 -0.00450000
v -0.05928282 0.11244252 -0.00150000
v -0.05928282 0.11244252 -0.00450000
v -0.05914884 0.11294252 -0.00150000
v -0.05914884 0.11294252 -0.00450000
v -0.05878282 0.11330855 -0.00150000
v -0.05878282 0.11330855 -0.00450000
v -0.05828282 0.11344252 -0.00150000
v -0.05828282 0.11344252 -0.00450000
v -0.05778282 0.11330855 -0.00150000
v -0.05778282 0.11330855 -0.00450000
v -0.05741679 0.11294252 -0.00150000
v -0.05741679 0.11294252 -0.00450000
v -0.05728282 0.11244252 -0.00150000
v -0.05728282 0.11244252 -0.00450000
v -0.05741679 0.11194252 -0.00150000
v -0.05741679 0.11194252 -0.00450000
v -0.05778282 0.11157649 -0.00150000
v -0.05778282 0.11157649 -0.00450000
v -0.05828282 0.11144252 -0.00150000
v -0.05828282 0.11144252 -0.00450000
v -0.05878282 0.11157649 -0.00150000
v -0.05878282 0.11157649 -0.00450000
v -0.05914884 0.11194252 -0.00150000
v -0.05914884 0.11194252 -0.00450000
v -0.05800000 0.11900000 -0.00150000
v -0.05800000 0.11900000 -0.00450000
v -0.05800000 0.12057413 -0.00150000
v -0.05800000 0.12057413 -0.00450000
v -0.05800000 0.13570000 -0.00150000
v -0.05800000 0.13570000 -0.00450000
v -0.05800000 0.14140000 -0.00150000
v -0.05800000 0.14140000 -0.00450000
v -0.05800000 0.14697588 -0.00150000
v -0.05800000 0.14697588 -0.00450000
v 0.00687828 0.07884329 -0.00150000
v 0.00687828 0.07884329 -0.00450000
v 0.00701225 0.07934329 -0.00150000
v 0.00701225 0.07934329 -0.00450000
v 0.00737828 0.07970932 -0.00150000
v 0.00737828 0.07970932 -0.00450000
v 0.00787828 0.07984329 -0.00150000
v 0.00787828 0.07984329 -0.00450000
v 0.00837828 0.07970932 -0.00150000
v 0.00837828 0.07970932 -0.00450000
v 0.00874430 0.07934329 -0.00150000
v 0.00874430 0.07934329 -0.00450000
v 0.00887828 0.07884329 -0.00150000
v 0.00887828 0.07884329 -0.00450000
v 0.00874430 0.07834329 -0.00150000
v 0.00874430 0.07834329 -0.00450000
v 0.00837828 0.07797727 -0.00150000
v 0.00837828 0.07797727 -0.00450000
v 0.00787828 0.07784329 -0.00150000
v 0.00787828 0.07784329 -0.00450000
v 0.00737828 0.07797727 -0.00150000
v 0.00737828 0.07797727 -0.00450000
v 0.00701225 0.07834329 -0.00150000
v 0.00701225 0.07834329 -0.00450000
v -0.06180000 0.13285000 -0.00150000
v -0.06180000 0.13285000 -0.00450000
v -0.06166603 0.13335000 -0.00150000
v -0.06166603 0.13335000 -0.00450000
v -0.06130000 0.13371603 -0.00150000
v -0.06130000 0.13371603 -0.00450000
v -0.06080000 0.13385000 -0.00150000
v -0.06080000 0.13385000 -0.00450000
v -0.06030000 0.13371603 -0.00150000
v -0.06030000 0.13371603 -0.00450000
v -0.05993398 0.13335000 -0.00150000
v -0.05993398 0.13335000 -0.00450000
v -0.05980000 0.13285000 -0.00150000
v -0.05980000 0.13285000 -0.00450000
v -0.05993398 0.13235000 -0.00150000
v -0.05993398 0.13235000 -0.00450000
v -0.06030000 0.13198397 -0.00150000
v -0.06030000 0.13198397 -0.00450000
v -0.06080000 0.13185000 -0.00150000
v -0.06080000 0.13185000 -0.00450000
v -0.06130000 0.13198397 -0.00150000
v -0.06130000 0.13198397 -0.00450000
v -0.06166603 0.13235000 -0.00150000
v -0.06166603 0.13235000 -0.00450000
v -0.05706218 0.11550000 -0.00450000
v -0.05706218 0.11550000 -0.00150000
v -0.05450000 0.11293782 -0.00450000
v -0.05450000 0.11293782 -0.00150000
v -0.05100000 0.11200000 -0.00450000
v -0.05100000 0.11200000 -0.00150000
v 0.00453698 0.08399270 -0.00150000
v 0.00453698 0.08399270 -0.00450000
v 0.00467096 0.08449270 -0.00150000
v 0.00467096 0.08449270 -0.00450000
v 0.00503698 0.08485873 -0.00150000
v 0.00503698 0.08485873 -0.00450000
v 0.00553698 0.08499270 -0.00150000
v 0.00553698 0.08499270 -0.00450000
v 0.00603698 0.08485873 -0.00150000
v 0.00603698 0.08485873 -0.00450000
v 0.00640301 0.08449270 -0.00150000
v 0.00640301 0.08449270 -0.00450000
v 0.00653698 0.08399270 -0.00150000
v 0.00653698 0.08399270 -0.00450000
v 0.00640301 0.08349270 -0.00150000
v 0.00640301 0.08349270 -0.00450000
v 0.00603698 0.08312668 -0.00150000
v 0.00603698 0.08312668 -0.00450000
v 0.00553698 0.08299270 -0.00150000
v 0.00553698 0.08299270 -0.00450000
v 0.00503698 0.08312668 -0.00150000
v 0.00503698 0.08312668 -0.00450000
v 0.00467096 0.08349270 -0.00150000
v 0.00467096 0.08349270 -0.00450000
v -0.04350000 0.10900000 -0.00150000
v -0.04350000 0.10900000 -0.00450000
v -0.04336603 0.10950000 -0.00150000
v -0.04336603 0.10950000 -0.00450000
v -0.04300000 0.10986602 -0.00150000
v -0.04300000 0.10986602 -0.00450000
v -0.04250000 0.11000000 -0.00150000
v -0.04250000 0.11000000 -0.00450000
v -0.04200000 0.10986602 -0.00150000
v -0.04200000 0.10986602 -0.00450000
v -0.04163397 0.10950000 -0.00150000
v -0.04163397 0.10950000 -0.00450000
v -0.04150000 0.10900000 -0.00150000
v -0.04150000 0.10900000 -0.00450000
v -0.04163397 0.10850000 -0.00150000
v -0.04163397 0.10850000 -0.00450000
v -0.04200000 0.10813398 -0.00150000
v -0.04200000 0.10813398 -0.00450000
v -0.04250000 0.10800000 -0.00150000
v -0.04250000 0.10800000 -0.00450000
v -0.04300000 0.10813398 -0.00150000
v -0.04300000 0.10813398 -0.00450000
v -0.04336603 0.10850000 -0.00150000
v -0.04336603 0.10850000 -0.00450000
v -0.03600000 0.11200000 -0.00150000
v -0.03600000 0.11200000 -0.00450000
v -0.03925000 0.11200000 -0.00150000
v -0.03925000 0.11200000 -0.00450000
v -0.04500000 0.11200000 -0.00150000
v -0.04500000 0.11200000 -0.00450000
v -0.04685000 0.11200000 -0.00150000
v -0.04685000 0.11200000 -0.00450000
v -0.06165111 0.14970175 -0.00150000
v -0.06165111 0.14970175 -0.00450000
v -0.06151714 0.15020175 -0.00150000
v -0.06151714 0.15020175 -0.00450000
v -0.06115112 0.15056778 -0.00150000
v -0.06115112 0.15056778 -0.00450000
v -0.06065112 0.15070175 -0.00150000
v -0.06065112 0.15070175 -0.00450000
v -0.06015112 0.15056778 -0.00150000
v -0.06015112 0.15056778 -0.00450000
v -0.05978509 0.15020175 -0.00150000
v -0.05978509 0.15020175 -0.00450000
v -0.05965112 0.14970175 -0.00150000
v -0.05965112 0.14970175 -0.00450000
v -0.05978509 0.14920175 -0.00150000
v -0.05978509 0.14920175 -0.00450000
v -0.06015112 0.14883573 -0.00150000
v -0.06015112 0.14883573 -0.00450000
v -0.06065112 0.14870175 -0.00150000
v -0.06065112 0.14870175 -0.00450000
v -0.06115112 0.14883573 -0.00150000
v -0.06115112 0.14883573 -0.00450000
v -0.06151714 0.14920175 -0.00150000
v -0.06151714 0.14920175 -0.00450000
v -0.06180000 0.13855000 -0.00150000
v -0.06180000 0.13855000 -0.00450000
v -0.06166603 0.13905000 -0.00150000
v -0.06166603 0.13905000 -0.00450000
v -0.06130000 0.13941603 -0.00150000
v -0.06130000 0.13941603 -0.00450000
v -0.06080000 0.13955000 -0.00150000
v -0.06080000 0.13955000 -0.00450000
v -0.06030000 0.13941603 -0.00150000
v -0.06030000 0.13941603 -0.00450000
v -0.05993398 0.13905000 -0.00150000
v -0.05993398 0.13905000 -0.00450000
v -0.05980000 0.13855000 -0.00150000
v -0.05980000 0.13855000 -0.00450000
v -0.05993398 0.13805000 -0.00150000
v -0.05993398 0.13805000 -0.00450000
v -0.06030000 0.13768397 -0.00150000
v -0.06030000 0.13768397 -0.00450000
v -0.06080000 0.13755000 -0.00150000
v -0.06080000 0.13755000 -0.00450000
v -0.06130000 0.13768397 -0.00150000
v -0.06130000 0.13768397 -0.00450000
v -0.06166603 0.13805000 -0.00150000
v -0.06166603 0.13805000 -0.00450000
v 0.00659000 0.08819336 -0.00150000
v -0.01160397 0.10564440 -0.00450000
v -0.01160397 0.10564440 -0.00150000
v 0.01395658 0.06408333 -0.00150000
v 0.01395658 0.06408333 -0.00450000
v 0.01181778 0.07661025 -0.00150000
v 0.01181778 0.07661025 -0.00450000
v 0.00659000 0.08819336 -0.00450000
v 0.00858398 0.07344991 -0.00150000
v 0.00858398 0.07344991 -0.00450000
v 0.00871796 0.07394991 -0.00150000
v 0.00871796 0.07394991 -0.00450000
v 0.00908398 0.07431593 -0.00150000
v 0.00908398 0.07431593 -0.00450000
v 0.00958398 0.07444991 -0.00150000
v 0.00958398 0.07444991 -0.00450000
v 0.01008398 0.07431593 -0.00150000
v 0.01008398 0.07431593 -0.00450000
v 0.01045001 0.07394991 -0.00150000
v 0.01045001 0.07394991 -0.00450000
v 0.01058398 0.07344991 -0.00150000
v 0.01058398 0.07344991 -0.00450000
v 0.01045001 0.07294991 -0.00150000
v 0.01045001 0.07294991 -0.00450000
v 0.01008398 0.07258388 -0.00150000
v 0.01008398 0.07258388 -0.00450000
v 0.00958398 0.07244991 -0.00150000
v 0.00958398 0.07244991 -0.00450000
v 0.00908398 0.07258388 -0.00150000
v 0.00908398 0.07258388 -0.00450000
v 0.00871796 0.07294991 -0.00150000
v 0.00871796 0.07294991 -0.00450000
v -0.06180000 0.14425000 -0.00150000
v -0.06180000 0.14425000 -0.00450000
v -0.06166603 0.14475000 -0.00150000
v -0.06166603 0.14475000 -0.00450000
v -0.06130000 0.14511602 -0.00150000
v -0.06130000 0.14511602 -0.00450000
v -0.06080000 0.14525000 -0.00150000
v -0.06080000 0.14525000 -0.00450000
v -0.06030000 0.14511602 -0.00150000
v -0.06030000 0.14511602 -0.00450000
v -0.05993398 0.14475000 -0.00150000
v -0.05993398 0.14475000 -0.00450000
v -0.05980000 0.14425000 -0.00150000
v -0.05980000 0.14425000 -0.00450000
v -0.05993398 0.14375000 -0.00150000
v -0.05993398 0.14375000 -0.00450000
v -0.06030000 0.14338397 -0.00150000
v -0.06030000 0.14338397 -0.00450000
v -0.06080000 0.14325000 -0.00150000
v -0.06080000 0.14325000 -0.00450000
v -0.06130000 0.14338397 -0.00150000
v -0.06130000 0.14338397 -0.00450000
v -0.06166603 0.14375000 -0.00150000
v -0.06166603 0.14375000 -0.00450000
v 0.01095743 0.06200000 -0.00150000
v 0.01095743 0.06200000 -0.00450000
v 0.01170902 0.06200000 -0.00150000
v 0.01170902 0.06200000 -0.00450000
v 0.01195832 0.06200000 -0.00150000
v 0.01195832 0.06200000 -0.00450000
v -0.00591834 0.09725522 -0.00150000
v -0.00591834 0.09725522 -0.00450000
v -0.00578437 0.09775522 -0.00150000
v -0.00578437 0.09775522 -0.00450000
v -0.00541834 0.09812125 -0.00150000
v -0.00541834 0.09812125 -0.00450000
v -0.00491834 0.09825522 -0.00150000
v -0.00491834 0.09825522 -0.00450000
v -0.00441834 0.09812125 -0.00150000
v -0.00441834 0.09812125 -0.00450000
v -0.00405232 0.09775522 -0.00150000
v -0.00405232 0.09775522 -0.00450000
v -0.00391834 0.09725522 -0.00150000
v -0.00391834 0.09725522 -0.00450000
v -0.00405232 0.09675522 -0.00150000
v -0.00405232 0.09675522 -0.00450000
v -0.00441834 0.09638919 -0.00150000
v -0.00441834 0.09638919 -0.00450000
v -0.00491834 0.09625522 -0.00150000
v -0.00491834 0.09625522 -0.00450000
v -0.00541834 0.09638919 -0.00150000
v -0.00541834 0.09638919 -0.00450000
v -0.00578437 0.09675522 -0.00150000
v -0.00578437 0.09675522 -0.00450000
v -0.04700000 0.15400000 -0.00150000
v -0.04700000 0.15400000 -0.00450000
v -0.04600000 0.15426795 -0.00450000
v -0.04600000 0.15426795 -0.00150000
v -0.04526795 0.15500000 -0.00450000
v -0.04526795 0.15500000 -0.00150000
v -0.04500000 0.15600000 -0.00450000
v -0.04500000 0.15600000 -0.00150000
v 0.00895924 0.06391489 -0.00450000
v 0.00895924 0.06391489 -0.00150000
v 0.00231705 0.08559669 -0.00450000
v 0.00231705 0.08559669 -0.00150000
v -0.01405520 0.10128645 -0.00450000
v -0.01405520 0.10128645 -0.00150000
v -0.03600000 0.10700000 -0.00450000
v -0.03600000 0.10700000 -0.00150000
v -0.01037891 0.10073393 -0.00150000
v -0.01037891 0.10073393 -0.00450000
v -0.01024493 0.10123393 -0.00150000
v -0.01024493 0.10123393 -0.00450000
v -0.00987891 0.10159996 -0.00150000
v -0.00987891 0.10159996 -0.00450000
v -0.00937891 0.10173393 -0.00150000
v -0.00937891 0.10173393 -0.00450000
v -0.00887891 0.10159996 -0.00150000
v -0.00887891 0.10159996 -0.00450000
v -0.00851288 0.10123393 -0.00150000
v -0.00851288 0.10123393 -0.00450000
v -0.00837891 0.10073393 -0.00150000
v -0.00837891 0.10073393 -0.00450000
v -0.00851288 0.10023393 -0.00150000
v -0.00851288 0.10023393 -0.00450000
v -0.00887891 0.09986790 -0.00150000
v -0.00887891 0.09986790 -0.00450000
v -0.00937891 0.09973393 -0.00150000
v -0.00937891 0.09973393 -0.00450000
v -0.00987891 0.09986790 -0.00150000
v -0.00987891 0.09986790 -0.00450000
v -0.01024493 0.10023393 -0.00150000
v -0.01024493 0.10023393 -0.00450000
v -0.04500000 0.15800000 -0.00150000
v -0.04500000 0.15800000 -0.00450000
v -0.04526795 0.15900000 -0.00450000
v -0.04526795 0.15900000 -0.00150000
v -0.04600000 0.15973205 -0.00450000
v -0.04600000 0.15973205 -0.00150000
v -0.04700000 0.16000000 -0.00450000
v -0.04700000 0.16000000 -0.00150000
v -0.05100000 0.10700000 -0.00150000
v -0.05100000 0.10700000 -0.00450000
v -0.04685000 0.10700000 -0.00150000
v -0.04685000 0.10700000 -0.00450000
v -0.04500000 0.10700000 -0.00150000
v -0.04500000 0.10700000 -0.00450000
v -0.03925000 0.10700000 -0.00150000
v -0.03925000 0.10700000 -0.00450000
v 0.00159401 0.08882354 -0.00150000
v 0.00159401 0.08882354 -0.00450000
v 0.00172799 0.08932354 -0.00150000
v 0.00172799 0.08932354 -0.00450000
v 0.00209401 0.08968956 -0.00150000
v 0.00209401 0.08968956 -0.00450000
v 0.00259401 0.08982354 -0.00150000
v 0.00259401 0.08982354 -0.00450000
v 0.00309401 0.08968956 -0.00150000
v 0.00309401 0.08968956 -0.00450000
v 0.00346004 0.08932354 -0.00150000
v 0.00346004 0.08932354 -0.00450000
v 0.00359401 0.08882354 -0.00150000
v 0.00359401 0.08882354 -0.00450000
v 0.00346004 0.08832354 -0.00150000
v 0.00346004 0.08832354 -0.00450000
v 0.00309401 0.08795751 -0.00150000
v 0.00309401 0.08795751 -0.00450000
v 0.00259401 0.08782354 -0.00150000
v 0.00259401 0.08782354 -0.00450000
v 0.00209401 0.08795751 -0.00150000
v 0.00209401 0.08795751 -0.00450000
v 0.00172799 0.08832354 -0.00150000
v 0.00172799 0.08832354 -0.00450000
v 0.00998210 0.06225394 -0.00150000
v 0.00998210 0.06225394 -0.00450000
v 0.00925445 0.06295126 -0.00150000
v 0.00925445 0.06295126 -0.00450000
v 0.01283406 0.06900000 -0.00450000
v 0.01283406 0.06900000 -0.00150000
v 0.01261970 0.06980000 -0.00450000
v 0.01261970 0.06980000 -0.00150000
v 0.01203406 0.07038564 -0.00450000
v 0.01203406 0.07038564 -0.00150000
v 0.01164817 0.07054548 -0.00450000
v 0.01164817 0.07054548 -0.00150000
v 0.01123406 0.07060000 -0.00450000
v 0.01123406 0.07060000 -0.00150000
v 0.01043406 0.07038564 -0.00450000
v 0.01043406 0.07038564 -0.00150000
v 0.00984842 0.06980000 -0.00450000
v 0.00984842 0.06980000 -0.00150000
v 0.00963406 0.06900000 -0.00450000
v 0.00963406 0.06900000 -0.00150000
v 0.00984842 0.06820000 -0.00450000
v 0.00984842 0.06820000 -0.00150000
v 0.01043406 0.06761436 -0.00450000
v 0.01043406 0.06761436 -0.00150000
v 0.01123406 0.06740000 -0.00450000
v 0.01123406 0.06740000 -0.00150000
v 0.01203406 0.06761436 -0.00450000
v 0.01203406 0.06761436 -0.00150000
v 0.01261970 0.06820000 -0.00450000
v 0.01261970 0.06820000 -0.00150000
v -0.00190801 0.09326583 -0.00150000
v -0.00190801 0.09326583 -0.00450000
v -0.00177403 0.09376583 -0.00150000
v -0.00177403 0.09376583 -0.00450000
v -0.00140801 0.09413185 -0.00150000
v -0.00140801 0.09413185 -0.00450000
v -0.00090801 0.09426583 -0.00150000
v -0.00090801 0.09426583 -0.00450000
v -0.00040801 0.09413185 -0.00150000
v -0.00040801 0.09413185 -0.00450000
v -0.00004198 0.09376583 -0.00150000
v -0.00004198 0.09376583 -0.00450000
v 0.00009199 0.09326583 -0.00150000
v 0.00009199 0.09326583 -0.00450000
v -0.00004198 0.09276583 -0.00150000
v -0.00004198 0.09276583 -0.00450000
v -0.00040801 0.09239980 -0.00150000
v -0.00040801 0.09239980 -0.00450000
v -0.00090801 0.09226583 -0.00150000
v -0.00090801 0.09226583 -0.00450000
v -0.00140801 0.09239980 -0.00150000
v -0.00140801 0.09239980 -0.00450000
v -0.00177403 0.09276583 -0.00150000
v -0.00177403 0.09276583 -0.00450000
v -0.05400000 0.15400000 -0.00450000
v -0.05400000 0.15400000 -0.00150000
v -0.05463246 0.15389737 -0.00450000
v -0.05463246 0.15389737 -0.00150000
v -0.04700000 0.16000000 -0.00450000
v -0.05100000 0.16000000 -0.00450000
v -0.04700000 0.16000000 -0.00150000
v -0.05100000 0.16000000 -0.00150000
v -0.03700000 0.10900000 -0.00150000
v -0.03700000 0.10900000 -0.00450000
v -0.03686602 0.10950000 -0.00150000
v -0.03686602 0.10950000 -0.00450000
v -0.03650000 0.10986602 -0.00150000
v -0.03650000 0.10986602 -0.00450000
v -0.03600000 0.11000000 -0.00150000
v -0.03600000 0.11000000 -0.00450000
v -0.03550000 0.10986602 -0.00150000
v -0.03550000 0.10986602 -0.00450000
v -0.03513397 0.10950000 -0.00150000
v -0.03513397 0.10950000 -0.00450000
v -0.03500000 0.10900000 -0.00150000
v -0.03500000 0.10900000 -0.00450000
v -0.03513397 0.10850000 -0.00150000
v -0.03513397 0.10850000 -0.00450000
v -0.03550000 0.10813398 -0.00150000
v -0.03550000 0.10813398 -0.00450000
v -0.03600000 0.10800000 -0.00150000
v -0.03600000 0.10800000 -0.00450000
v -0.03650000 0.10813398 -0.00150000
v -0.03650000 0.10813398 -0.00450000
v -0.03686602 0.10850000 -0.00150000
v -0.03686602 0.10850000 -0.00450000
v 0.01382909 0.06329276 -0.00150000
v 0.01382909 0.06329276 -0.00450000
v 0.01340169 0.06261556 -0.00150000
v 0.01340169 0.06261556 -0.00450000
v 0.01274289 0.06216032 -0.00150000
v 0.01274289 0.06216032 -0.00450000
v -0.04920000 0.10900000 -0.00150000
v -0.04920000 0.10900000 -0.00450000
v -0.04906603 0.10950000 -0.00150000
v -0.04906603 0.10950000 -0.00450000
v -0.04870000 0.10986602 -0.00150000
v -0.04870000 0.10986602 -0.00450000
v -0.04820000 0.11000000 -0.00150000
v -0.04820000 0.11000000 -0.00450000
v -0.04770000 0.10986602 -0.00150000
v -0.04770000 0.10986602 -0.00450000
v -0.04733397 0.10950000 -0.00150000
v -0.04733397 0.10950000 -0.00450000
v -0.04720000 0.10900000 -0.00150000
v -0.04720000 0.10900000 -0.00450000
v -0.04733397 0.10850000 -0.00150000
v -0.04733397 0.10850000 -0.00450000
v -0.04770000 0.10813398 -0.00150000
v -0.04770000 0.10813398 -0.00450000
v -0.04820000 0.10800000 -0.00150000
v -0.04820000 0.10800000 -0.00450000
v -0.04870000 0.10813398 -0.00150000
v -0.04870000 0.10813398 -0.00450000
v -0.04906603 0.10850000 -0.00150000
v -0.04906603 0.10850000 -0.00450000
v -0.03600000 0.11200000 -0.00450000
v -0.03220401 0.11101108 -0.00450000
v -0.03925000 0.11101108 -0.00450000
v -0.03650000 0.10986602 -0.00450000
v -0.03653623 0.10982980 -0.00450000
v -0.03925000 0.10982980 -0.00450000
v 0.00739573 0.08640812 -0.00450000
v 0.00670763 0.08640812 -0.00450000
v 0.00670763 0.08793272 -0.00450000
v 0.00925617 0.08228598 -0.00450000
v 0.00925617 0.08141800 -0.00450000
v 0.00670763 0.08141800 -0.00450000
v 0.00964791 0.08141800 -0.00450000
v 0.01170902 0.07685124 -0.00450000
v 0.01170902 0.07614660 -0.00450000
v 0.00925617 0.07614660 -0.00450000
v 0.00359719 0.08141800 -0.00450000
v 0.00406550 0.08141800 -0.00450000
v 0.00406550 0.07988930 -0.00450000
v -0.00336792 0.09104468 -0.00450000
v -0.00291317 0.09104468 -0.00450000
v -0.00291317 0.09060889 -0.00450000
v -0.00776715 0.09526052 -0.00450000
v -0.00714862 0.09526052 -0.00450000
v -0.00714862 0.09466779 -0.00450000
v -0.05100000 0.10700000 -0.00450000
v -0.05110062 0.10702696 -0.00450000
v -0.05110062 0.10782980 -0.00450000
v -0.05409685 0.10782980 -0.00450000
v -0.06172556 0.11424372 -0.00450000
v -0.06172556 0.11487039 -0.00450000
v -0.05972556 0.11487039 -0.00450000
v -0.06300000 0.11900000 -0.00450000
v -0.06300000 0.12057413 -0.00450000
v -0.06172556 0.12057413 -0.00450000
v -0.05972556 0.15566675 -0.00450000
v -0.05972556 0.15452874 -0.00450000
v -0.06086357 0.15452874 -0.00450000
v -0.05456727 0.15792036 -0.00450000
v -0.05470125 0.15742037 -0.00450000
v -0.05599203 0.15866239 -0.00450000
v 0.01203406 0.07038564 -0.00450000
v 0.01170902 0.07052028 -0.00450000
v 0.01170902 0.07152495 -0.00450000
v 0.01123406 0.06740000 -0.00450000
v 0.01170902 0.06752727 -0.00450000
v 0.01170902 0.06200000 -0.00450000
v 0.00984842 0.06980000 -0.00450000
v 0.00963406 0.06900000 -0.00450000
v 0.00925617 0.07152495 -0.00450000
v 0.01164817 0.07054548 -0.00450000
v 0.01123406 0.07060000 -0.00450000
v 0.01043406 0.07038564 -0.00450000
v 0.00984842 0.06820000 -0.00450000
v 0.00925617 0.06294961 -0.00450000
v 0.01043406 0.06761436 -0.00450000
v 0.00998210 0.06225394 -0.00450000
v 0.01095743 0.06200000 -0.00450000
v 0.01340169 0.06261556 -0.00450000
v 0.01274289 0.06216032 -0.00450000
v 0.01195832 0.06200000 -0.00450000
v 0.01261970 0.06980000 -0.00450000
v 0.01268603 0.07152495 -0.00450000
v 0.01283406 0.06900000 -0.00450000
v 0.01395658 0.06408333 -0.00450000
v 0.01261970 0.06820000 -0.00450000
v 0.01203406 0.06761436 -0.00450000
v 0.01382909 0.06329276 -0.00450000
v -0.04500297 0.15598893 -0.00450000
v -0.04670096 0.15625000 -0.00450000
v -0.04500000 0.15600000 -0.00450000
v -0.04650000 0.15700000 -0.00450000
v -0.04500000 0.15800000 -0.00450000
v -0.04670096 0.15775000 -0.00450000
v -0.04950000 0.15700000 -0.00450000
v -0.05110062 0.15598893 -0.00450000
v -0.04929904 0.15775000 -0.00450000
v -0.05110062 0.15997304 -0.00450000
v -0.04875000 0.15829904 -0.00450000
v -0.05100000 0.16000000 -0.00450000
v -0.04800000 0.15850000 -0.00450000
v -0.04700000 0.16000000 -0.00450000
v -0.04725000 0.15829904 -0.00450000
v -0.04685000 0.15995981 -0.00450000
v -0.04685000 0.15789904 -0.00450000
v -0.04600000 0.15973205 -0.00450000
v -0.04526795 0.15900000 -0.00450000
v -0.04929904 0.15625000 -0.00450000
v -0.04903796 0.15598893 -0.00450000
v -0.05110062 0.15452874 -0.00450000
v -0.04875000 0.15570096 -0.00450000
v -0.04800000 0.15550000 -0.00450000
v -0.04685000 0.15452874 -0.00450000
v -0.04725000 0.15570096 -0.00450000
v -0.04685000 0.15598893 -0.00450000
v -0.04696204 0.15598893 -0.00450000
v -0.04685000 0.15610096 -0.00450000
v -0.05456727 0.15692037 -0.00450000
v -0.05420125 0.15655434 -0.00450000
v -0.05599203 0.15598893 -0.00450000
v -0.05370124 0.15642037 -0.00450000
v -0.05320125 0.15655434 -0.00450000
v -0.05283522 0.15692037 -0.00450000
v -0.05270125 0.15742037 -0.00450000
v -0.05283522 0.15792036 -0.00450000
v -0.05320125 0.15828639 -0.00450000
v -0.05370124 0.15842036 -0.00450000
v -0.05420125 0.15828639 -0.00450000
v -0.05940338 0.15598893 -0.00450000
v -0.05700000 0.15839230 -0.00450000
v -0.05599203 0.15452874 -0.00450000
v -0.05728282 0.15455748 -0.00450000
v -0.05741679 0.15505748 -0.00450000
v -0.05778282 0.15542351 -0.00450000
v -0.05828282 0.15555748 -0.00450000
v -0.05878282 0.15542351 -0.00450000
v -0.05946697 0.15592533 -0.00450000
v -0.05914884 0.15505748 -0.00450000
v -0.05946697 0.15452874 -0.00450000
v -0.06139230 0.15400000 -0.00450000
v -0.05972556 0.15212961 -0.00450000
v -0.06172556 0.15275628 -0.00450000
v -0.06172556 0.15212961 -0.00450000
v -0.06189347 0.15212961 -0.00450000
v -0.06300000 0.14800000 -0.00450000
v -0.06172556 0.14697588 -0.00450000
v -0.06300000 0.14697588 -0.00450000
v -0.06189347 0.11487039 -0.00450000
v -0.06139230 0.11300000 -0.00450000
v -0.05972556 0.11133325 -0.00450000
v -0.05946697 0.11487039 -0.00450000
v -0.05946697 0.11107466 -0.00450000
v -0.05828282 0.11144252 -0.00450000
v -0.05778282 0.11157649 -0.00450000
v -0.05599203 0.11101108 -0.00450000
v -0.05741679 0.11194252 -0.00450000
v -0.05728282 0.11244252 -0.00450000
v -0.05599203 0.11442985 -0.00450000
v -0.05741679 0.11294252 -0.00450000
v -0.05643256 0.11487039 -0.00450000
v -0.05778282 0.11330855 -0.00450000
v -0.05828282 0.11344252 -0.00450000
v -0.05878282 0.11330855 -0.00450000
v -0.05914884 0.11294252 -0.00450000
v -0.05928282 0.11244252 -0.00450000
v -0.05914884 0.11194252 -0.00450000
v -0.05940338 0.11101108 -0.00450000
v -0.05878282 0.11157649 -0.00450000
v -0.05599203 0.10982980 -0.00450000
v -0.05822210 0.10982980 -0.00450000
v -0.05599203 0.10833761 -0.00450000
v -0.05700000 0.10860770 -0.00450000
v -0.05110062 0.10982980 -0.00450000
v -0.05283522 0.10907963 -0.00450000
v -0.05470125 0.10957963 -0.00450000
v -0.05456727 0.10907963 -0.00450000
v -0.05420125 0.10871361 -0.00450000
v -0.05370124 0.10857964 -0.00450000
v -0.05320125 0.10871361 -0.00450000
v -0.03600000 0.10700000 -0.00450000
v -0.03925000 0.10700000 -0.00450000
v -0.03925000 0.10782980 -0.00450000
v -0.03140862 0.10580459 -0.00450000
v -0.02757125 0.10580459 -0.00450000
v -0.02758364 0.10480872 -0.00450000
v -0.02757125 0.10480872 -0.00450000
v -0.02757125 0.10480549 -0.00450000
v -0.01037891 0.10073393 -0.00450000
v -0.01180200 0.09912718 -0.00450000
v -0.01180200 0.10219275 -0.00450000
v -0.01405520 0.10128645 -0.00450000
v -0.01680588 0.10219275 -0.00450000
v -0.01680588 0.10200263 -0.00450000
v -0.01753613 0.10219275 -0.00450000
v -0.00714862 0.10137098 -0.00450000
v -0.00851288 0.10023393 -0.00450000
v -0.01024493 0.10023393 -0.00450000
v -0.00987891 0.09986790 -0.00450000
v -0.00937891 0.09973393 -0.00450000
v -0.00887891 0.09986790 -0.00450000
v -0.00837891 0.10073393 -0.00450000
v -0.00851288 0.10123393 -0.00450000
v -0.00800538 0.10219275 -0.00450000
v -0.00887891 0.10159996 -0.00450000
v -0.00937891 0.10173393 -0.00450000
v -0.00987891 0.10159996 -0.00450000
v -0.01024493 0.10123393 -0.00450000
v 0.00209401 0.08795751 -0.00450000
v 0.00259401 0.08782354 -0.00450000
v 0.00147032 0.08640812 -0.00450000
v 0.00361729 0.09104468 -0.00450000
v 0.00259401 0.08982354 -0.00450000
v 0.00406550 0.08640812 -0.00450000
v 0.00406550 0.09061477 -0.00450000
v 0.00346004 0.08932354 -0.00450000
v 0.00309401 0.08968956 -0.00450000
v 0.00209401 0.08968956 -0.00450000
v 0.00172799 0.08932354 -0.00450000
v 0.00159401 0.08882354 -0.00450000
v 0.00172799 0.08832354 -0.00450000
v 0.00309401 0.08795751 -0.00450000
v 0.00346004 0.08832354 -0.00450000
v 0.00359401 0.08882354 -0.00450000
v 0.00231705 0.08559669 -0.00450000
v 0.00925445 0.06295126 -0.00450000
v 0.00895924 0.06391489 -0.00450000
v 0.01181778 0.07661025 -0.00450000
v 0.01189695 0.07614660 -0.00450000
v 0.00659000 0.08819336 -0.00450000
v -0.00291317 0.09526052 -0.00450000
v -0.00190801 0.09326583 -0.00450000
v -0.00177403 0.09276583 -0.00450000
v -0.00090801 0.09426583 -0.00450000
v -0.00140801 0.09413185 -0.00450000
v -0.00177403 0.09376583 -0.00450000
v -0.00140801 0.09239980 -0.00450000
v -0.00090801 0.09226583 -0.00450000
v -0.00040801 0.09239980 -0.00450000
v -0.00004198 0.09276583 -0.00450000
v -0.00040801 0.09413185 -0.00450000
v -0.00077803 0.09526052 -0.00450000
v -0.00004198 0.09376583 -0.00450000
v 0.00009199 0.09326583 -0.00450000
v -0.00541834 0.09638919 -0.00450000
v -0.00491834 0.09625522 -0.00450000
v -0.00441834 0.09638919 -0.00450000
v -0.00405232 0.09675522 -0.00450000
v -0.00291317 0.09730848 -0.00450000
v -0.00391834 0.09725522 -0.00450000
v -0.00405232 0.09775522 -0.00450000
v -0.00441834 0.09812125 -0.00450000
v -0.00491834 0.09825522 -0.00450000
v -0.00541834 0.09812125 -0.00450000
v -0.00578437 0.09775522 -0.00450000
v -0.00591834 0.09725522 -0.00450000
v -0.00578437 0.09675522 -0.00450000
v -0.01180200 0.10480872 -0.00450000
v -0.01073271 0.10480872 -0.00450000
v -0.01160397 0.10564440 -0.00450000
v -0.01180200 0.10569599 -0.00450000
v -0.01221885 0.10580459 -0.00450000
v -0.01988668 0.10683189 -0.00450000
v -0.02025271 0.10646587 -0.00450000
v -0.02208780 0.10782980 -0.00450000
v -0.02208780 0.10580459 -0.00450000
v -0.01938668 0.10696587 -0.00450000
v -0.01999263 0.10782980 -0.00450000
v -0.01888668 0.10683189 -0.00450000
v -0.01680588 0.10699959 -0.00450000
v -0.01852066 0.10646587 -0.00450000
v -0.02208780 0.10837563 -0.00450000
v -0.02383890 0.10782980 -0.00450000
v -0.02392290 0.10814331 -0.00450000
v -0.02428893 0.10850934 -0.00450000
v -0.02478893 0.10864331 -0.00450000
v -0.02757125 0.10980416 -0.00450000
v -0.02528893 0.10850934 -0.00450000
v -0.03088980 0.10782980 -0.00450000
v -0.03085357 0.10779357 -0.00450000
v -0.03035357 0.10765959 -0.00450000
v -0.02985357 0.10779357 -0.00450000
v -0.02757125 0.10782980 -0.00450000
v -0.02981734 0.10782980 -0.00450000
v -0.02948754 0.10815960 -0.00450000
v -0.02565495 0.10814331 -0.00450000
v -0.02766966 0.10982980 -0.00450000
v -0.03121959 0.10815960 -0.00450000
v -0.03686602 0.10950000 -0.00450000
v -0.03700000 0.10900000 -0.00450000
v -0.03686602 0.10850000 -0.00450000
v -0.02935357 0.10865960 -0.00450000
v -0.02948754 0.10915959 -0.00450000
v -0.02985357 0.10952562 -0.00450000
v -0.03035357 0.10965959 -0.00450000
v -0.03650000 0.10813398 -0.00450000
v -0.03600000 0.10800000 -0.00450000
v -0.03550000 0.10813398 -0.00450000
v -0.03135357 0.10865960 -0.00450000
v -0.03513397 0.10850000 -0.00450000
v -0.03121959 0.10915959 -0.00450000
v -0.03500000 0.10900000 -0.00450000
v -0.03085357 0.10952562 -0.00450000
v -0.03513397 0.10950000 -0.00450000
v -0.03600000 0.11000000 -0.00450000
v -0.03546377 0.10982980 -0.00450000
v -0.03550000 0.10986602 -0.00450000
v -0.03925000 0.11200000 -0.00450000
v -0.04500000 0.11101108 -0.00450000
v -0.04500000 0.11200000 -0.00450000
v -0.04685000 0.11200000 -0.00450000
v -0.04685000 0.11101108 -0.00450000
v -0.05100000 0.11200000 -0.00450000
v -0.05110062 0.11101108 -0.00450000
v -0.05110062 0.11202696 -0.00450000
v -0.05450000 0.11293782 -0.00450000
v -0.05946697 0.12057413 -0.00450000
v -0.05800000 0.11900000 -0.00450000
v -0.05706218 0.11550000 -0.00450000
v -0.05726099 0.15113050 -0.00450000
v -0.05800000 0.14800000 -0.00450000
v -0.05946697 0.14697588 -0.00450000
v -0.05800000 0.14697588 -0.00450000
v -0.05946697 0.14140000 -0.00450000
v -0.05800000 0.14140000 -0.00450000
v -0.05946697 0.13570000 -0.00450000
v -0.05800000 0.13570000 -0.00450000
v -0.05800000 0.12057413 -0.00450000
v -0.05928282 0.15455748 -0.00450000
v -0.05927512 0.15452874 -0.00450000
v -0.05946697 0.15212961 -0.00450000
v -0.05914884 0.15405748 -0.00450000
v -0.05878282 0.15369146 -0.00450000
v -0.05828282 0.15355748 -0.00450000
v -0.05642715 0.15212961 -0.00450000
v -0.05778282 0.15369146 -0.00450000
v -0.05599203 0.15265098 -0.00450000
v -0.05741679 0.15405748 -0.00450000
v -0.05729052 0.15452874 -0.00450000
v -0.05400000 0.15400000 -0.00450000
v -0.05463246 0.15389737 -0.00450000
v -0.05520000 0.15360000 -0.00450000
v -0.04685000 0.15404020 -0.00450000
v -0.04700000 0.15400000 -0.00450000
v -0.05110062 0.15400000 -0.00450000
v -0.04600000 0.15426795 -0.00450000
v -0.04573921 0.15452874 -0.00450000
v -0.04526795 0.15500000 -0.00450000
v -0.06166603 0.14375000 -0.00450000
v -0.06172556 0.14140000 -0.00450000
v -0.06172556 0.14397218 -0.00450000
v -0.06300000 0.14140000 -0.00450000
v -0.06180000 0.14425000 -0.00450000
v -0.06172556 0.14452782 -0.00450000
v -0.06166603 0.14475000 -0.00450000
v -0.06030000 0.14338397 -0.00450000
v -0.05972556 0.14140000 -0.00450000
v -0.06080000 0.14325000 -0.00450000
v -0.06130000 0.14338397 -0.00450000
v -0.05993398 0.14375000 -0.00450000
v -0.05980000 0.14425000 -0.00450000
v -0.05972556 0.14697588 -0.00450000
v -0.05993398 0.14475000 -0.00450000
v -0.06030000 0.14511602 -0.00450000
v -0.06080000 0.14525000 -0.00450000
v -0.06130000 0.14511602 -0.00450000
v -0.06030000 0.13768397 -0.00450000
v -0.05972556 0.13570000 -0.00450000
v -0.06080000 0.13755000 -0.00450000
v -0.06172556 0.13570000 -0.00450000
v -0.06130000 0.13768397 -0.00450000
v -0.06130000 0.13941603 -0.00450000
v -0.06166603 0.13905000 -0.00450000
v -0.06172556 0.13882782 -0.00450000
v -0.06180000 0.13855000 -0.00450000
v -0.06300000 0.13570000 -0.00450000
v -0.06172556 0.13827218 -0.00450000
v -0.06166603 0.13805000 -0.00450000
v -0.05993398 0.13805000 -0.00450000
v -0.05980000 0.13855000 -0.00450000
v -0.05993398 0.13905000 -0.00450000
v -0.06030000 0.13941603 -0.00450000
v -0.06080000 0.13955000 -0.00450000
v -0.04336603 0.10950000 -0.00450000
v -0.04350000 0.10900000 -0.00450000
v -0.04500000 0.10982980 -0.00450000
v -0.04500000 0.10782980 -0.00450000
v -0.04336603 0.10850000 -0.00450000
v -0.04300000 0.10813398 -0.00450000
v -0.04250000 0.10800000 -0.00450000
v -0.04500000 0.10700000 -0.00450000
v -0.04200000 0.10813398 -0.00450000
v -0.04163397 0.10850000 -0.00450000
v -0.04150000 0.10900000 -0.00450000
v -0.04163397 0.10950000 -0.00450000
v -0.04196377 0.10982980 -0.00450000
v -0.04200000 0.10986602 -0.00450000
v -0.04250000 0.11000000 -0.00450000
v -0.04300000 0.10986602 -0.00450000
v -0.04303623 0.10982980 -0.00450000
v -0.06180000 0.12385000 -0.00450000
v -0.06180000 0.13285000 -0.00450000
v -0.06172556 0.12412782 -0.00450000
v -0.06172556 0.13257218 -0.00450000
v -0.06166603 0.12435000 -0.00450000
v -0.06130000 0.12471602 -0.00450000
v -0.06130000 0.13371603 -0.00450000
v -0.06166603 0.13335000 -0.00450000
v -0.06172556 0.13312782 -0.00450000
v -0.06172556 0.12357218 -0.00450000
v -0.06166603 0.12335000 -0.00450000
v -0.06130000 0.12298397 -0.00450000
v -0.06080000 0.12285000 -0.00450000
v -0.05972556 0.12057413 -0.00450000
v -0.06030000 0.12298397 -0.00450000
v -0.05980000 0.13285000 -0.00450000
v -0.05993398 0.13335000 -0.00450000
v -0.06030000 0.13371603 -0.00450000
v -0.06080000 0.13385000 -0.00450000
v -0.06166603 0.13235000 -0.00450000
v -0.06130000 0.13198397 -0.00450000
v -0.06080000 0.12485000 -0.00450000
v -0.06080000 0.13185000 -0.00450000
v -0.06030000 0.12471602 -0.00450000
v -0.06030000 0.13198397 -0.00450000
v -0.05993398 0.12335000 -0.00450000
v -0.05980000 0.12385000 -0.00450000
v -0.05993398 0.12435000 -0.00450000
v -0.05993398 0.13235000 -0.00450000
v -0.05972556 0.11757607 -0.00450000
v -0.05978509 0.11779825 -0.00450000
v -0.06015112 0.11816427 -0.00450000
v -0.06065112 0.11829825 -0.00450000
v -0.06115112 0.11816427 -0.00450000
v -0.06151714 0.11779825 -0.00450000
v -0.06165111 0.11729825 -0.00450000
v -0.06015112 0.11643222 -0.00450000
v -0.05978509 0.11679825 -0.00450000
v -0.05972556 0.11702043 -0.00450000
v -0.05965112 0.11729825 -0.00450000
v -0.06151714 0.11679825 -0.00450000
v -0.06115112 0.11643222 -0.00450000
v -0.06065112 0.11629825 -0.00450000
v -0.05270125 0.10957963 -0.00450000
v -0.05276828 0.10982980 -0.00450000
v -0.05283522 0.11007964 -0.00450000
v -0.05320125 0.11044566 -0.00450000
v -0.05370124 0.11057964 -0.00450000
v -0.05420125 0.11044566 -0.00450000
v -0.05456727 0.11007964 -0.00450000
v -0.05463422 0.10982980 -0.00450000
v -0.04906603 0.10950000 -0.00450000
v -0.04920000 0.10900000 -0.00450000
v -0.04906603 0.10850000 -0.00450000
v -0.04870000 0.10813398 -0.00450000
v -0.04685000 0.10782980 -0.00450000
v -0.04820000 0.10800000 -0.00450000
v -0.04770000 0.10813398 -0.00450000
v -0.04685000 0.10700000 -0.00450000
v -0.04733397 0.10850000 -0.00450000
v -0.04720000 0.10900000 -0.00450000
v -0.04685000 0.10982980 -0.00450000
v -0.04733397 0.10950000 -0.00450000
v -0.04766377 0.10982980 -0.00450000
v -0.04770000 0.10986602 -0.00450000
v -0.04820000 0.11000000 -0.00450000
v -0.04870000 0.10986602 -0.00450000
v -0.04873623 0.10982980 -0.00450000
v 0.00670763 0.07614660 -0.00450000
v 0.00925617 0.07436207 -0.00450000
v 0.00871796 0.07294991 -0.00450000
v 0.00908398 0.07258388 -0.00450000
v 0.00670763 0.07152495 -0.00450000
v 0.00670763 0.07126471 -0.00450000
v 0.00908398 0.07431593 -0.00450000
v 0.00871796 0.07394991 -0.00450000
v 0.00858398 0.07344991 -0.00450000
v 0.01045001 0.07294991 -0.00450000
v 0.01058398 0.07344991 -0.00450000
v 0.00925617 0.07253774 -0.00450000
v 0.00958398 0.07244991 -0.00450000
v 0.01008398 0.07258388 -0.00450000
v 0.01045001 0.07394991 -0.00450000
v 0.01008398 0.07431593 -0.00450000
v 0.00958398 0.07444991 -0.00450000
v -0.05972556 0.14997957 -0.00450000
v -0.05978509 0.15020175 -0.00450000
v -0.06065112 0.14870175 -0.00450000
v -0.06015112 0.14883573 -0.00450000
v -0.05978509 0.14920175 -0.00450000
v -0.06115112 0.14883573 -0.00450000
v -0.06115112 0.15056778 -0.00450000
v -0.06065112 0.15070175 -0.00450000
v -0.06015112 0.15056778 -0.00450000
v -0.06151714 0.15020175 -0.00450000
v -0.06165111 0.14970175 -0.00450000
v -0.06151714 0.14920175 -0.00450000
v -0.05965112 0.14970175 -0.00450000
v -0.05972556 0.14942393 -0.00450000
v -0.02038668 0.10596587 -0.00450000
v -0.02034347 0.10580459 -0.00450000
v -0.02208780 0.10480872 -0.00450000
v -0.02025271 0.10546587 -0.00450000
v -0.01988668 0.10509984 -0.00450000
v -0.01938668 0.10496587 -0.00450000
v -0.01680588 0.10480872 -0.00450000
v -0.01888668 0.10509984 -0.00450000
v -0.01852066 0.10546587 -0.00450000
v -0.01680588 0.10580459 -0.00450000
v -0.01842990 0.10580459 -0.00450000
v -0.01838668 0.10596587 -0.00450000
v -0.02573896 0.10782980 -0.00450000
v -0.02578893 0.10764331 -0.00450000
v -0.02565495 0.10714331 -0.00450000
v -0.02528893 0.10677729 -0.00450000
v -0.02478893 0.10664331 -0.00450000
v -0.02428893 0.10677729 -0.00450000
v -0.02392290 0.10714331 -0.00450000
v -0.02378893 0.10764331 -0.00450000
v -0.02208780 0.10337782 -0.00450000
v -0.01522509 0.10365157 -0.00450000
v -0.01509111 0.10315157 -0.00450000
v -0.01472509 0.10278554 -0.00450000
v -0.01422509 0.10265157 -0.00450000
v -0.01372509 0.10278554 -0.00450000
v -0.01335906 0.10315157 -0.00450000
v -0.01322509 0.10365157 -0.00450000
v -0.01335906 0.10415157 -0.00450000
v -0.01372509 0.10451759 -0.00450000
v -0.01422509 0.10465157 -0.00450000
v -0.01472509 0.10451759 -0.00450000
v -0.01509111 0.10415157 -0.00450000
v 0.00662791 0.07152495 -0.00450000
v 0.00521207 0.07614660 -0.00450000
v 0.00503698 0.08312668 -0.00450000
v 0.00553698 0.08299270 -0.00450000
v 0.00603698 0.08312668 -0.00450000
v 0.00640301 0.08349270 -0.00450000
v 0.00653698 0.08399270 -0.00450000
v 0.00640301 0.08449270 -0.00450000
v 0.00603698 0.08485873 -0.00450000
v 0.00553698 0.08499270 -0.00450000
v 0.00503698 0.08485873 -0.00450000
v 0.00467096 0.08449270 -0.00450000
v 0.00453698 0.08399270 -0.00450000
v 0.00467096 0.08349270 -0.00450000
v 0.00737828 0.07797727 -0.00450000
v 0.00787828 0.07784329 -0.00450000
v 0.00837828 0.07797727 -0.00450000
v 0.00874430 0.07834329 -0.00450000
v 0.00737828 0.07970932 -0.00450000
v 0.00701225 0.07934329 -0.00450000
v 0.00687828 0.07884329 -0.00450000
v 0.00701225 0.07834329 -0.00450000
v 0.00887828 0.07884329 -0.00450000
v 0.00874430 0.07934329 -0.00450000
v 0.00837828 0.07970932 -0.00450000
v 0.00787828 0.07984329 -0.00450000
v -0.04950000 0.15700000 -0.00150000
v -0.04950000 0.15700000 -0.00450000
v -0.04929904 0.15775000 -0.00150000
v -0.04929904 0.15775000 -0.00450000
v -0.04875000 0.15829904 -0.00150000
v -0.04875000 0.15829904 -0.00450000
v -0.04800000 0.15850000 -0.00150000
v -0.04800000 0.15850000 -0.00450000
v -0.04725000 0.15829904 -0.00150000
v -0.04725000 0.15829904 -0.00450000
v -0.04670096 0.15775000 -0.00150000
v -0.04670096 0.15775000 -0.00450000
v -0.04650000 0.15700000 -0.00150000
v -0.04650000 0.15700000 -0.00450000
v -0.04670096 0.15625000 -0.00150000
v -0.04670096 0.15625000 -0.00450000
v -0.04725000 0.15570096 -0.00150000
v -0.04725000 0.15570096 -0.00450000
v -0.04800000 0.15550000 -0.00150000
v -0.04800000 0.15550000 -0.00450000
v -0.04875000 0.15570096 -0.00150000
v -0.04875000 0.15570096 -0.00450000
v -0.04929904 0.15625000 -0.00150000
v -0.04929904 0.15625000 -0.00450000
v -0.06180000 0.12385000 -0.00150000
v -0.06180000 0.12385000 -0.00450000
v -0.06166603 0.12435000 -0.00150000
v -0.06166603 0.12435000 -0.00450000
v -0.06130000 0.12471602 -0.00150000
v -0.06130000 0.12471602 -0.00450000
v -0.06080000 0.12485000 -0.00150000
v -0.06080000 0.12485000 -0.00450000
v -0.06030000 0.12471602 -0.00150000
v -0.06030000 0.12471602 -0.00450000
v -0.05993398 0.12435000 -0.00150000
v -0.05993398 0.12435000 -0.00450000
v -0.05980000 0.12385000 -0.00150000
v -0.05980000 0.12385000 -0.00450000
v -0.05993398 0.12335000 -0.00150000
v -0.05993398 0.12335000 -0.00450000
v -0.06030000 0.12298397 -0.00150000
v -0.06030000 0.12298397 -0.00450000
v -0.06080000 0.12285000 -0.00150000
v -0.06080000 0.12285000 -0.00450000
v -0.06130000 0.12298397 -0.00150000
v -0.06130000 0.12298397 -0.00450000
v -0.06166603 0.12335000 -0.00150000
v -0.06166603 0.12335000 -0.00450000
v -0.01335906 0.10415157 -0.00150000
v -0.01322509 0.10365157 -0.00150000
v -0.01180200 0.10480872 -0.00150000
v -0.06166603 0.13805000 -0.00150000
v -0.06172556 0.13827218 -0.00150000
v -0.06172556 0.13570000 -0.00150000
v -0.06172556 0.11424372 -0.00150000
v -0.06139230 0.11300000 -0.00150000
v -0.05972556 0.11133325 -0.00150000
v -0.05110062 0.10702696 -0.00150000
v -0.05110062 0.10782980 -0.00150000
v -0.05409685 0.10782980 -0.00150000
v -0.05100000 0.10700000 -0.00150000
v -0.04685000 0.10700000 -0.00150000
v -0.04685000 0.10782980 -0.00150000
v 0.01170902 0.07685124 -0.00150000
v 0.00964791 0.08141800 -0.00150000
v 0.00925617 0.08141800 -0.00150000
v 0.00925617 0.08228598 -0.00150000
v 0.00670763 0.08793272 -0.00150000
v 0.00670763 0.08640812 -0.00150000
v 0.00739573 0.08640812 -0.00150000
v -0.03686602 0.10950000 -0.00150000
v -0.03653623 0.10982980 -0.00150000
v -0.03925000 0.10982980 -0.00150000
v -0.05741679 0.11294252 -0.00150000
v -0.05728282 0.11244252 -0.00150000
v -0.05599203 0.11101108 -0.00150000
v -0.04670096 0.15625000 -0.00150000
v -0.04685000 0.15610096 -0.00150000
v -0.04685000 0.15598893 -0.00150000
v -0.04696204 0.15598893 -0.00150000
v -0.04875000 0.15570096 -0.00150000
v -0.04903796 0.15598893 -0.00150000
v -0.05110062 0.15598893 -0.00150000
v 0.01170902 0.06752727 -0.00150000
v 0.01123406 0.06740000 -0.00150000
v 0.01095743 0.06200000 -0.00150000
v 0.01123406 0.07060000 -0.00150000
v 0.01170902 0.07152495 -0.00150000
v 0.01043406 0.07038564 -0.00150000
v 0.00925617 0.07152495 -0.00150000
v 0.00984842 0.06980000 -0.00150000
v 0.00963406 0.06900000 -0.00150000
v 0.00998210 0.06225394 -0.00150000
v 0.01043406 0.06761436 -0.00150000
v 0.00925617 0.06294961 -0.00150000
v 0.00984842 0.06820000 -0.00150000
v 0.01170902 0.06200000 -0.00150000
v 0.01195832 0.06200000 -0.00150000
v 0.01274289 0.06216032 -0.00150000
v 0.01395658 0.06408333 -0.00150000
v 0.01268603 0.07152495 -0.00150000
v 0.01283406 0.06900000 -0.00150000
v 0.01261970 0.06980000 -0.00150000
v 0.01164817 0.07054548 -0.00150000
v 0.01170902 0.07052028 -0.00150000
v 0.01203406 0.07038564 -0.00150000
v 0.01261970 0.06820000 -0.00150000
v 0.01203406 0.06761436 -0.00150000
v 0.01382909 0.06329276 -0.00150000
v 0.01340169 0.06261556 -0.00150000
v -0.04929904 0.15625000 -0.00150000
v -0.04950000 0.15700000 -0.00150000
v -0.05110062 0.15997304 -0.00150000
v -0.04929904 0.15775000 -0.00150000
v -0.05100000 0.16000000 -0.00150000
v -0.04875000 0.15829904 -0.00150000
v -0.04700000 0.16000000 -0.00150000
v -0.04800000 0.15850000 -0.00150000
v -0.04685000 0.15995981 -0.00150000
v -0.04685000 0.15452874 -0.00150000
v -0.04725000 0.15570096 -0.00150000
v -0.04800000 0.15550000 -0.00150000
v -0.05110062 0.15452874 -0.00150000
v -0.04725000 0.15829904 -0.00150000
v -0.04685000 0.15789904 -0.00150000
v -0.04600000 0.15973205 -0.00150000
v -0.04670096 0.15775000 -0.00150000
v -0.05599203 0.15452874 -0.00150000
v -0.05599203 0.15265098 -0.00150000
v -0.05520000 0.15360000 -0.00150000
v -0.05463246 0.15389737 -0.00150000
v -0.05400000 0.15400000 -0.00150000
v -0.05946697 0.12057413 -0.00150000
v -0.05800000 0.13570000 -0.00150000
v -0.05946697 0.13570000 -0.00150000
v -0.05800000 0.14140000 -0.00150000
v -0.05946697 0.14140000 -0.00150000
v -0.05800000 0.14697588 -0.00150000
v -0.05946697 0.14697588 -0.00150000
v -0.05800000 0.14800000 -0.00150000
v -0.05946697 0.15212961 -0.00150000
v -0.05726099 0.15113050 -0.00150000
v -0.05642715 0.15212961 -0.00150000
v -0.05946697 0.11487039 -0.00150000
v -0.05643256 0.11487039 -0.00150000
v -0.05706218 0.11550000 -0.00150000
v -0.05800000 0.11900000 -0.00150000
v -0.05800000 0.12057413 -0.00150000
v -0.05741679 0.11194252 -0.00150000
v -0.05778282 0.11157649 -0.00150000
v -0.05828282 0.11144252 -0.00150000
v -0.05928282 0.11244252 -0.00150000
v -0.05914884 0.11294252 -0.00150000
v -0.05940338 0.11101108 -0.00150000
v -0.05878282 0.11157649 -0.00150000
v -0.05946697 0.11107466 -0.00150000
v -0.05914884 0.11194252 -0.00150000
v -0.05878282 0.11330855 -0.00150000
v -0.05828282 0.11344252 -0.00150000
v -0.05778282 0.11330855 -0.00150000
v -0.05599203 0.11442985 -0.00150000
v -0.05450000 0.11293782 -0.00150000
v -0.05110062 0.11202696 -0.00150000
v -0.05100000 0.11200000 -0.00150000
v -0.05110062 0.11101108 -0.00150000
v -0.04685000 0.11200000 -0.00150000
v -0.04685000 0.11101108 -0.00150000
v -0.04500000 0.11200000 -0.00150000
v -0.04500000 0.11101108 -0.00150000
v -0.03925000 0.11200000 -0.00150000
v -0.03925000 0.11101108 -0.00150000
v -0.03600000 0.11200000 -0.00150000
v -0.03220401 0.11101108 -0.00150000
v -0.03546377 0.10982980 -0.00150000
v -0.02766966 0.10982980 -0.00150000
v -0.03550000 0.10986602 -0.00150000
v -0.03600000 0.11000000 -0.00150000
v -0.03650000 0.10986602 -0.00150000
v -0.03085357 0.10952562 -0.00150000
v -0.03035357 0.10965959 -0.00150000
v -0.02985357 0.10952562 -0.00150000
v -0.02948754 0.10915959 -0.00150000
v -0.03121959 0.10915959 -0.00150000
v -0.03513397 0.10950000 -0.00150000
v -0.03135357 0.10865960 -0.00150000
v -0.03500000 0.10900000 -0.00150000
v -0.03121959 0.10815960 -0.00150000
v -0.03513397 0.10850000 -0.00150000
v -0.03550000 0.10813398 -0.00150000
v -0.03600000 0.10800000 -0.00150000
v -0.03650000 0.10813398 -0.00150000
v -0.03925000 0.10782980 -0.00150000
v -0.03686602 0.10850000 -0.00150000
v -0.03700000 0.10900000 -0.00150000
v -0.02935357 0.10865960 -0.00150000
v -0.02757125 0.10782980 -0.00150000
v -0.02757125 0.10980416 -0.00150000
v -0.02573896 0.10782980 -0.00150000
v -0.02565495 0.10814331 -0.00150000
v -0.01999263 0.10782980 -0.00150000
v -0.02208780 0.10837563 -0.00150000
v -0.02208780 0.10782980 -0.00150000
v -0.02392290 0.10814331 -0.00150000
v -0.02528893 0.10850934 -0.00150000
v -0.02478893 0.10864331 -0.00150000
v -0.02428893 0.10850934 -0.00150000
v -0.01938668 0.10696587 -0.00150000
v -0.01680588 0.10699959 -0.00150000
v -0.01888668 0.10683189 -0.00150000
v -0.02025271 0.10546587 -0.00150000
v -0.02034347 0.10580459 -0.00150000
v -0.02208780 0.10580459 -0.00150000
v -0.02038668 0.10596587 -0.00150000
v -0.02025271 0.10646587 -0.00150000
v -0.01988668 0.10683189 -0.00150000
v -0.01180200 0.10569599 -0.00150000
v -0.01221885 0.10580459 -0.00150000
v -0.01852066 0.10646587 -0.00150000
v -0.01680588 0.10580459 -0.00150000
v -0.01680588 0.10480872 -0.00150000
v -0.01073271 0.10480872 -0.00150000
v -0.01160397 0.10564440 -0.00150000
v -0.01180200 0.10219275 -0.00150000
v -0.00800538 0.10219275 -0.00150000
v -0.00714862 0.10137098 -0.00150000
v -0.00837891 0.10073393 -0.00150000
v -0.00714862 0.09526052 -0.00150000
v -0.00851288 0.10023393 -0.00150000
v -0.00887891 0.09986790 -0.00150000
v -0.01024493 0.10023393 -0.00150000
v -0.01037891 0.10073393 -0.00150000
v -0.01024493 0.10123393 -0.00150000
v -0.00776715 0.09526052 -0.00150000
v -0.00937891 0.09973393 -0.00150000
v -0.01180200 0.09912718 -0.00150000
v -0.00987891 0.09986790 -0.00150000
v -0.00987891 0.10159996 -0.00150000
v -0.00937891 0.10173393 -0.00150000
v -0.00887891 0.10159996 -0.00150000
v -0.00851288 0.10123393 -0.00150000
v -0.00077803 0.09526052 -0.00150000
v -0.00291317 0.09730848 -0.00150000
v -0.00291317 0.09526052 -0.00150000
v -0.00391834 0.09725522 -0.00150000
v -0.00405232 0.09675522 -0.00150000
v -0.00541834 0.09638919 -0.00150000
v -0.00491834 0.09625522 -0.00150000
v -0.00441834 0.09638919 -0.00150000
v -0.00578437 0.09675522 -0.00150000
v -0.00591834 0.09725522 -0.00150000
v -0.00578437 0.09775522 -0.00150000
v -0.00541834 0.09812125 -0.00150000
v -0.00491834 0.09825522 -0.00150000
v -0.00441834 0.09812125 -0.00150000
v -0.00405232 0.09775522 -0.00150000
v -0.00040801 0.09239980 -0.00150000
v 0.00361729 0.09104468 -0.00150000
v -0.00004198 0.09276583 -0.00150000
v 0.00009199 0.09326583 -0.00150000
v -0.00004198 0.09376583 -0.00150000
v -0.00040801 0.09413185 -0.00150000
v -0.00291317 0.09104468 -0.00150000
v -0.00090801 0.09226583 -0.00150000
v -0.00140801 0.09239980 -0.00150000
v -0.00177403 0.09276583 -0.00150000
v -0.00190801 0.09326583 -0.00150000
v -0.00177403 0.09376583 -0.00150000
v -0.00140801 0.09413185 -0.00150000
v -0.00090801 0.09426583 -0.00150000
v 0.00209401 0.08795751 -0.00150000
v 0.00172799 0.08832354 -0.00150000
v 0.00147032 0.08640812 -0.00150000
v 0.00159401 0.08882354 -0.00150000
v 0.00172799 0.08932354 -0.00150000
v -0.00291317 0.09060889 -0.00150000
v 0.00406550 0.08640812 -0.00150000
v 0.00406550 0.09061477 -0.00150000
v 0.00359401 0.08882354 -0.00150000
v 0.00346004 0.08832354 -0.00150000
v 0.00309401 0.08795751 -0.00150000
v 0.00259401 0.08782354 -0.00150000
v 0.00209401 0.08968956 -0.00150000
v 0.00259401 0.08982354 -0.00150000
v 0.00309401 0.08968956 -0.00150000
v 0.00346004 0.08932354 -0.00150000
v 0.00659000 0.08819336 -0.00150000
v 0.00670763 0.07126471 -0.00150000
v 0.00895924 0.06391489 -0.00150000
v 0.00925445 0.06295126 -0.00150000
v 0.00406550 0.07988930 -0.00150000
v 0.00521207 0.07614660 -0.00150000
v 0.00670763 0.07614660 -0.00150000
v 0.00662791 0.07152495 -0.00150000
v 0.00670763 0.07152495 -0.00150000
v -0.00336792 0.09104468 -0.00150000
v -0.00714862 0.09466779 -0.00150000
v -0.01405520 0.10128645 -0.00150000
v -0.01680588 0.10200263 -0.00150000
v -0.02758364 0.10480872 -0.00150000
v -0.02757125 0.10480549 -0.00150000
v -0.02757125 0.10480872 -0.00150000
v -0.02208780 0.10337782 -0.00150000
v -0.02208780 0.10480872 -0.00150000
v -0.01753613 0.10219275 -0.00150000
v -0.01680588 0.10219275 -0.00150000
v -0.02948754 0.10815960 -0.00150000
v -0.02981734 0.10782980 -0.00150000
v -0.02757125 0.10580459 -0.00150000
v -0.02985357 0.10779357 -0.00150000
v -0.03140862 0.10580459 -0.00150000
v -0.04500000 0.10700000 -0.00150000
v -0.03925000 0.10700000 -0.00150000
v -0.03600000 0.10700000 -0.00150000
v -0.03035357 0.10765959 -0.00150000
v -0.03085357 0.10779357 -0.00150000
v -0.03088980 0.10782980 -0.00150000
v -0.05110062 0.10982980 -0.00150000
v -0.05270125 0.10957963 -0.00150000
v -0.05599203 0.10833761 -0.00150000
v -0.05420125 0.10871361 -0.00150000
v -0.05283522 0.10907963 -0.00150000
v -0.05320125 0.10871361 -0.00150000
v -0.05370124 0.10857964 -0.00150000
v -0.05822210 0.10982980 -0.00150000
v -0.05700000 0.10860770 -0.00150000
v -0.05456727 0.10907963 -0.00150000
v -0.05599203 0.10982980 -0.00150000
v -0.06300000 0.11900000 -0.00150000
v -0.06189347 0.11487039 -0.00150000
v -0.06172556 0.11487039 -0.00150000
v -0.05972556 0.11487039 -0.00150000
v -0.06300000 0.14697588 -0.00150000
v -0.06172556 0.14697588 -0.00150000
v -0.06300000 0.14800000 -0.00150000
v -0.06172556 0.15212961 -0.00150000
v -0.06189347 0.15212961 -0.00150000
v -0.06172556 0.15275628 -0.00150000
v -0.06139230 0.15400000 -0.00150000
v -0.05972556 0.15212961 -0.00150000
v -0.06086357 0.15452874 -0.00150000
v -0.05972556 0.15452874 -0.00150000
v -0.05946697 0.15452874 -0.00150000
v -0.05972556 0.15566675 -0.00150000
v -0.05946697 0.15592533 -0.00150000
v -0.05741679 0.15505748 -0.00150000
v -0.05728282 0.15455748 -0.00150000
v -0.05729052 0.15452874 -0.00150000
v -0.05741679 0.15405748 -0.00150000
v -0.05778282 0.15369146 -0.00150000
v -0.05828282 0.15355748 -0.00150000
v -0.05878282 0.15369146 -0.00150000
v -0.05828282 0.15555748 -0.00150000
v -0.05778282 0.15542351 -0.00150000
v -0.05599203 0.15598893 -0.00150000
v -0.05914884 0.15405748 -0.00150000
v -0.05927512 0.15452874 -0.00150000
v -0.05928282 0.15455748 -0.00150000
v -0.05914884 0.15505748 -0.00150000
v -0.05940338 0.15598893 -0.00150000
v -0.05878282 0.15542351 -0.00150000
v -0.05599203 0.15866239 -0.00150000
v -0.05700000 0.15839230 -0.00150000
v -0.05456727 0.15792036 -0.00150000
v -0.05420125 0.15828639 -0.00150000
v -0.05370124 0.15842036 -0.00150000
v -0.05320125 0.15828639 -0.00150000
v -0.05283522 0.15792036 -0.00150000
v -0.05270125 0.15742037 -0.00150000
v -0.05283522 0.15692037 -0.00150000
v -0.05320125 0.15655434 -0.00150000
v -0.05370124 0.15642037 -0.00150000
v -0.05420125 0.15655434 -0.00150000
v -0.05456727 0.15692037 -0.00150000
v -0.05470125 0.15742037 -0.00150000
v -0.04573921 0.15452874 -0.00150000
v -0.04526795 0.15500000 -0.00150000
v -0.04500297 0.15598893 -0.00150000
v -0.04500000 0.15600000 -0.00150000
v -0.04650000 0.15700000 -0.00150000
v -0.04500000 0.15800000 -0.00150000
v -0.04526795 0.15900000 -0.00150000
v -0.04600000 0.15426795 -0.00150000
v -0.04685000 0.15404020 -0.00150000
v -0.04700000 0.15400000 -0.00150000
v -0.05110062 0.15400000 -0.00150000
v -0.06030000 0.14511602 -0.00150000
v -0.05972556 0.14697588 -0.00150000
v -0.06080000 0.14525000 -0.00150000
v -0.06130000 0.14511602 -0.00150000
v -0.06130000 0.14338397 -0.00150000
v -0.06166603 0.14375000 -0.00150000
v -0.06172556 0.14140000 -0.00150000
v -0.06172556 0.14397218 -0.00150000
v -0.06300000 0.14140000 -0.00150000
v -0.06180000 0.14425000 -0.00150000
v -0.06172556 0.14452782 -0.00150000
v -0.06166603 0.14475000 -0.00150000
v -0.05993398 0.14475000 -0.00150000
v -0.05980000 0.14425000 -0.00150000
v -0.05972556 0.14140000 -0.00150000
v -0.05993398 0.14375000 -0.00150000
v -0.06030000 0.14338397 -0.00150000
v -0.06080000 0.14325000 -0.00150000
v -0.06166603 0.13905000 -0.00150000
v -0.06172556 0.13882782 -0.00150000
v -0.06180000 0.13855000 -0.00150000
v -0.06300000 0.13570000 -0.00150000
v -0.06030000 0.13941603 -0.00150000
v -0.06080000 0.13955000 -0.00150000
v -0.06130000 0.13941603 -0.00150000
v -0.05993398 0.13905000 -0.00150000
v -0.05980000 0.13855000 -0.00150000
v -0.05972556 0.13570000 -0.00150000
v -0.05993398 0.13805000 -0.00150000
v -0.06030000 0.13768397 -0.00150000
v -0.06080000 0.13755000 -0.00150000
v -0.06130000 0.13768397 -0.00150000
v -0.04163397 0.10950000 -0.00150000
v -0.04150000 0.10900000 -0.00150000
v -0.04163397 0.10850000 -0.00150000
v -0.04200000 0.10813398 -0.00150000
v -0.04250000 0.10800000 -0.00150000
v -0.04500000 0.10782980 -0.00150000
v -0.04350000 0.10900000 -0.00150000
v -0.04500000 0.10982980 -0.00150000
v -0.04336603 0.10850000 -0.00150000
v -0.04300000 0.10813398 -0.00150000
v -0.04336603 0.10950000 -0.00150000
v -0.04303623 0.10982980 -0.00150000
v -0.04300000 0.10986602 -0.00150000
v -0.04250000 0.11000000 -0.00150000
v -0.04200000 0.10986602 -0.00150000
v -0.04196377 0.10982980 -0.00150000
v -0.06172556 0.13257218 -0.00150000
v -0.06180000 0.13285000 -0.00150000
v -0.06172556 0.12412782 -0.00150000
v -0.06180000 0.12385000 -0.00150000
v -0.06166603 0.12435000 -0.00150000
v -0.06130000 0.12471602 -0.00150000
v -0.06166603 0.13235000 -0.00150000
v -0.06166603 0.13335000 -0.00150000
v -0.06130000 0.13371603 -0.00150000
v -0.06172556 0.13312782 -0.00150000
v -0.05980000 0.12385000 -0.00150000
v -0.05972556 0.12057413 -0.00150000
v -0.06030000 0.12471602 -0.00150000
v -0.06030000 0.13198397 -0.00150000
v -0.06080000 0.12485000 -0.00150000
v -0.06080000 0.13185000 -0.00150000
v -0.06130000 0.13198397 -0.00150000
v -0.06080000 0.13385000 -0.00150000
v -0.06030000 0.13371603 -0.00150000
v -0.05993398 0.13335000 -0.00150000
v -0.05980000 0.13285000 -0.00150000
v -0.06130000 0.12298397 -0.00150000
v -0.06166603 0.12335000 -0.00150000
v -0.06172556 0.12057413 -0.00150000
v -0.06172556 0.12357218 -0.00150000
v -0.06300000 0.12057413 -0.00150000
v -0.05993398 0.12435000 -0.00150000
v -0.05993398 0.13235000 -0.00150000
v -0.05993398 0.12335000 -0.00150000
v -0.06030000 0.12298397 -0.00150000
v -0.06080000 0.12285000 -0.00150000
v -0.05965112 0.11729825 -0.00150000
v -0.05972556 0.11702043 -0.00150000
v -0.05978509 0.11679825 -0.00150000
v -0.06015112 0.11643222 -0.00150000
v -0.06065112 0.11629825 -0.00150000
v -0.06115112 0.11643222 -0.00150000
v -0.06151714 0.11679825 -0.00150000
v -0.06165111 0.11729825 -0.00150000
v -0.05972556 0.11757607 -0.00150000
v -0.05978509 0.11779825 -0.00150000
v -0.06015112 0.11816427 -0.00150000
v -0.06151714 0.11779825 -0.00150000
v -0.06115112 0.11816427 -0.00150000
v -0.06065112 0.11829825 -0.00150000
v -0.05470125 0.10957963 -0.00150000
v -0.05463422 0.10982980 -0.00150000
v -0.05456727 0.11007964 -0.00150000
v -0.05420125 0.11044566 -0.00150000
v -0.05370124 0.11057964 -0.00150000
v -0.05320125 0.11044566 -0.00150000
v -0.05283522 0.11007964 -0.00150000
v -0.05276828 0.10982980 -0.00150000
v -0.04733397 0.10950000 -0.00150000
v -0.04720000 0.10900000 -0.00150000
v -0.04685000 0.10982980 -0.00150000
v -0.04733397 0.10850000 -0.00150000
v -0.04770000 0.10813398 -0.00150000
v -0.04820000 0.10800000 -0.00150000
v -0.04920000 0.10900000 -0.00150000
v -0.04906603 0.10850000 -0.00150000
v -0.04870000 0.10813398 -0.00150000
v -0.04906603 0.10950000 -0.00150000
v -0.04873623 0.10982980 -0.00150000
v -0.04870000 0.10986602 -0.00150000
v -0.04820000 0.11000000 -0.00150000
v -0.04770000 0.10986602 -0.00150000
v -0.04766377 0.10982980 -0.00150000
v 0.00925617 0.07253774 -0.00150000
v 0.00908398 0.07258388 -0.00150000
v 0.00871796 0.07294991 -0.00150000
v 0.00858398 0.07344991 -0.00150000
v 0.00871796 0.07394991 -0.00150000
v 0.00908398 0.07431593 -0.00150000
v 0.00925617 0.07436207 -0.00150000
v 0.00925617 0.07614660 -0.00150000
v 0.00958398 0.07444991 -0.00150000
v 0.01170902 0.07614660 -0.00150000
v 0.01008398 0.07431593 -0.00150000
v 0.01045001 0.07394991 -0.00150000
v 0.01189695 0.07614660 -0.00150000
v 0.01058398 0.07344991 -0.00150000
v 0.01045001 0.07294991 -0.00150000
v 0.01008398 0.07258388 -0.00150000
v 0.00958398 0.07244991 -0.00150000
v -0.06065112 0.15070175 -0.00150000
v -0.06015112 0.15056778 -0.00150000
v -0.05972556 0.14942393 -0.00150000
v -0.05978509 0.14920175 -0.00150000
v -0.06115112 0.15056778 -0.00150000
v -0.06115112 0.14883573 -0.00150000
v -0.06065112 0.14870175 -0.00150000
v -0.06015112 0.14883573 -0.00150000
v -0.06151714 0.14920175 -0.00150000
v -0.06165111 0.14970175 -0.00150000
v -0.06151714 0.15020175 -0.00150000
v -0.05978509 0.15020175 -0.00150000
v -0.05972556 0.14997957 -0.00150000
v -0.05965112 0.14970175 -0.00150000
v -0.01838668 0.10596587 -0.00150000
v -0.01842990 0.10580459 -0.00150000
v -0.01852066 0.10546587 -0.00150000
v -0.01988668 0.10509984 -0.00150000
v -0.01938668 0.10496587 -0.00150000
v -0.01888668 0.10509984 -0.00150000
v -0.02392290 0.10714331 -0.00150000
v -0.02378893 0.10764331 -0.00150000
v -0.02383890 0.10782980 -0.00150000
v -0.02428893 0.10677729 -0.00150000
v -0.02478893 0.10664331 -0.00150000
v -0.02528893 0.10677729 -0.00150000
v -0.02565495 0.10714331 -0.00150000
v -0.02578893 0.10764331 -0.00150000
v 0.00887828 0.07884329 -0.00150000
v 0.00874430 0.07834329 -0.00150000
v 0.00837828 0.07970932 -0.00150000
v 0.00874430 0.07934329 -0.00150000
v 0.01181778 0.07661025 -0.00150000
v 0.00837828 0.07797727 -0.00150000
v 0.00670763 0.08141800 -0.00150000
v 0.00787828 0.07984329 -0.00150000
v 0.00787828 0.07784329 -0.00150000
v 0.00737828 0.07797727 -0.00150000
v 0.00701225 0.07834329 -0.00150000
v 0.00687828 0.07884329 -0.00150000
v 0.00701225 0.07934329 -0.00150000
v 0.00737828 0.07970932 -0.00150000
v 0.00231705 0.08559669 -0.00150000
v 0.00359719 0.08141800 -0.00150000
v 0.00406550 0.08141800 -0.00150000
v 0.00603698 0.08312668 -0.00150000
v 0.00553698 0.08299270 -0.00150000
v 0.00503698 0.08312668 -0.00150000
v 0.00467096 0.08349270 -0.00150000
v 0.00603698 0.08485873 -0.00150000
v 0.00640301 0.08449270 -0.00150000
v 0.00653698 0.08399270 -0.00150000
v 0.00640301 0.08349270 -0.00150000
v 0.00453698 0.08399270 -0.00150000
v 0.00467096 0.08449270 -0.00150000
v 0.00503698 0.08485873 -0.00150000
v 0.00553698 0.08499270 -0.00150000
v -0.01335906 0.10315157 -0.00150000
v -0.01372509 0.10278554 -0.00150000
v -0.01422509 0.10265157 -0.00150000
v -0.01472509 0.10278554 -0.00150000
v -0.01509111 0.10315157 -0.00150000
v -0.01522509 0.10365157 -0.00150000
v -0.01509111 0.10415157 -0.00150000
v -0.01472509 0.10451759 -0.00150000
v -0.01422509 0.10465157 -0.00150000
v -0.01372509 0.10451759 -0.00150000
v -0.05110062 0.15400000 -0.00150000
v -0.05110062 0.15400000 -0.00450000
v -0.05470125 0.10957963 -0.00150000
v -0.05470125 0.10957963 -0.00450000
v -0.05456727 0.11007964 -0.00150000
v -0.05456727 0.11007964 -0.00450000
v -0.05420125 0.11044566 -0.00150000
v -0.05420125 0.11044566 -0.00450000
v -0.05370124 0.11057964 -0.00150000
v -0.05370124 0.11057964 -0.00450000
v -0.05320125 0.11044566 -0.00150000
v -0.05320125 0.11044566 -0.00450000
v -0.05283522 0.11007964 -0.00150000
v -0.05283522 0.11007964 -0.00450000
v -0.05270125 0.10957963 -0.00150000
v -0.05270125 0.10957963 -0.00450000
v -0.05283522 0.10907963 -0.00150000
v -0.05283522 0.10907963 -0.00450000
v -0.05320125 0.10871361 -0.00150000
v -0.05320125 0.10871361 -0.00450000
v -0.05370124 0.10857964 -0.00150000
v -0.05370124 0.10857964 -0.00450000
v -0.05420125 0.10871361 -0.00150000
v -0.05420125 0.10871361 -0.00450000
v -0.05456727 0.10907963 -0.00150000
v -0.05456727 0.10907963 -0.00450000
v -0.05700000 0.10860770 -0.00150000
v -0.05700000 0.10860770 -0.00450000
v -0.06139230 0.11300000 -0.00150000
v -0.06139230 0.11300000 -0.00450000
v -0.02578893 0.10764331 -0.00150000
v -0.02578893 0.10764331 -0.00450000
v -0.02565495 0.10814331 -0.00150000
v -0.02565495 0.10814331 -0.00450000
v -0.02528893 0.10850934 -0.00150000
v -0.02528893 0.10850934 -0.00450000
v -0.02478893 0.10864331 -0.00150000
v -0.02478893 0.10864331 -0.00450000
v -0.02428893 0.10850934 -0.00150000
v -0.02428893 0.10850934 -0.00450000
v -0.02392290 0.10814331 -0.00150000
v -0.02392290 0.10814331 -0.00450000
v -0.02378893 0.10764331 -0.00150000
v -0.02378893 0.10764331 -0.00450000
v -0.02392290 0.10714331 -0.00150000
v -0.02392290 0.10714331 -0.00450000
v -0.02428893 0.10677729 -0.00150000
v -0.02428893 0.10677729 -0.00450000
v -0.02478893 0.10664331 -0.00150000
v -0.02478893 0.10664331 -0.00450000
v -0.02528893 0.10677729 -0.00150000
v -0.02528893 0.10677729 -0.00450000
v -0.02565495 0.10714331 -0.00150000
v -0.02565495 0.10714331 -0.00450000
v -0.05470125 0.15742037 -0.00150000
v -0.05470125 0.15742037 -0.00450000
v -0.05456727 0.15792036 -0.00150000
v -0.05456727 0.15792036 -0.00450000
v -0.05420125 0.15828639 -0.00150000
v -0.05420125 0.15828639 -0.00450000
v -0.05370124 0.15842036 -0.00150000
v -0.05370124 0.15842036 -0.00450000
v -0.05320125 0.15828639 -0.00150000
v -0.05320125 0.15828639 -0.00450000
v -0.05283522 0.15792036 -0.00150000
v -0.05283522 0.15792036 -0.00450000
v -0.05270125 0.15742037 -0.00150000
v -0.05270125 0.15742037 -0.00450000
v -0.05283522 0.15692037 -0.00150000
v -0.05283522 0.15692037 -0.00450000
v -0.05320125 0.15655434 -0.00150000
v -0.05320125 0.15655434 -0.00450000
v -0.05370124 0.15642037 -0.00150000
v -0.05370124 0.15642037 -0.00450000
v -0.05420125 0.15655434 -0.00150000
v -0.05420125 0.15655434 -0.00450000
v -0.05456727 0.15692037 -0.00150000
v -0.05456727 0.15692037 -0.00450000
v -0.02263383 0.08221517 -0.00150000
v -0.02263383 0.08221517 -0.00450000
v -0.02249985 0.08271517 -0.00150000
v -0.02249985 0.08271517 -0.00450000
v -0.02213383 0.08308119 -0.00150000
v -0.02213383 0.08308119 -0.00450000
v -0.02163383 0.08321517 -0.00150000
v -0.02163383 0.08321517 -0.00450000
v -0.02113383 0.08308119 -0.00150000
v -0.02113383 0.08308119 -0.00450000
v -0.02076780 0.08271517 -0.00150000
v -0.02076780 0.08271517 -0.00450000
v -0.02063383 0.08221517 -0.00150000
v -0.02063383 0.08221517 -0.00450000
v -0.02076780 0.08171517 -0.00150000
v -0.02076780 0.08171517 -0.00450000
v -0.02113383 0.08134914 -0.00150000
v -0.02113383 0.08134914 -0.00450000
v -0.02163383 0.08121517 -0.00150000
v -0.02163383 0.08121517 -0.00450000
v -0.02213383 0.08134914 -0.00150000
v -0.02213383 0.08134914 -0.00450000
v -0.02249985 0.08171517 -0.00150000
v -0.02249985 0.08171517 -0.00450000
v -0.01337106 0.07672858 -0.00150000
v -0.02312894 0.08573470 -0.00450000
v -0.02312894 0.08573470 -0.00150000
v -0.03600000 0.08900000 -0.00450000
v -0.03600000 0.08900000 -0.00150000
v -0.00908654 0.06416000 -0.00150000
v -0.00908654 0.06416000 -0.00450000
v -0.01044409 0.07071179 -0.00150000
v -0.01044409 0.07071179 -0.00450000
v -0.01337106 0.07672858 -0.00450000
v -0.07971282 0.16400000 -0.00150000
v -0.07971282 0.16400000 -0.00450000
v -0.07957884 0.16450000 -0.00150000
v -0.07957884 0.16450000 -0.00450000
v -0.07921281 0.16486602 -0.00150000
v -0.07921281 0.16486602 -0.00450000
v -0.07871281 0.16500000 -0.00150000
v -0.07871281 0.16500000 -0.00450000
v -0.07821281 0.16486602 -0.00150000
v -0.07821281 0.16486602 -0.00450000
v -0.07784679 0.16450000 -0.00150000
v -0.07784679 0.16450000 -0.00450000
v -0.07771281 0.16400000 -0.00150000
v -0.07771281 0.16400000 -0.00450000
v -0.07784679 0.16350000 -0.00150000
v -0.07784679 0.16350000 -0.00450000
v -0.07821281 0.16313397 -0.00150000
v -0.07821281 0.16313397 -0.00450000
v -0.07871281 0.16300000 -0.00150000
v -0.07871281 0.16300000 -0.00450000
v -0.07921281 0.16313397 -0.00150000
v -0.07921281 0.16313397 -0.00450000
v -0.07957884 0.16350000 -0.00150000
v -0.07957884 0.16350000 -0.00450000
v -0.04650000 0.08680000 -0.00150000
v -0.04650000 0.08680000 -0.00450000
v -0.04636602 0.08730000 -0.00150000
v -0.04636602 0.08730000 -0.00450000
v -0.04600000 0.08766602 -0.00150000
v -0.04600000 0.08766602 -0.00450000
v -0.04550000 0.08780000 -0.00150000
v -0.04550000 0.08780000 -0.00450000
v -0.04500000 0.08766602 -0.00150000
v -0.04500000 0.08766602 -0.00450000
v -0.04463397 0.08730000 -0.00150000
v -0.04463397 0.08730000 -0.00450000
v -0.04450000 0.08680000 -0.00150000
v -0.04450000 0.08680000 -0.00450000
v -0.04463397 0.08630000 -0.00150000
v -0.04463397 0.08630000 -0.00450000
v -0.04500000 0.08593398 -0.00150000
v -0.04500000 0.08593398 -0.00450000
v -0.04550000 0.08580000 -0.00150000
v -0.04550000 0.08580000 -0.00450000
v -0.04600000 0.08593398 -0.00150000
v -0.04600000 0.08593398 -0.00450000
v -0.04636602 0.08630000 -0.00150000
v -0.04636602 0.08630000 -0.00450000
v -0.01407652 0.06383333 -0.00450000
v -0.01407652 0.06383333 -0.00150000
v -0.01758841 0.07404215 -0.00450000
v -0.01758841 0.07404215 -0.00150000
v -0.02553404 0.08135106 -0.00450000
v -0.02553404 0.08135106 -0.00150000
v -0.03600000 0.08400000 -0.00450000
v -0.03600000 0.08400000 -0.00150000
v -0.07256921 0.17251342 -0.00150000
v -0.07256921 0.17251342 -0.00450000
v -0.07243523 0.17301342 -0.00150000
v -0.07243523 0.17301342 -0.00450000
v -0.07206921 0.17337944 -0.00150000
v -0.07206921 0.17337944 -0.00450000
v -0.07156920 0.17351342 -0.00150000
v -0.07156920 0.17351342 -0.00450000
v -0.07106920 0.17337944 -0.00150000
v -0.07106920 0.17337944 -0.00450000
v -0.07070318 0.17301342 -0.00150000
v -0.07070318 0.17301342 -0.00450000
v -0.07056920 0.17251342 -0.00150000
v -0.07056920 0.17251342 -0.00450000
v -0.07070318 0.17201343 -0.00150000
v -0.07070318 0.17201343 -0.00450000
v -0.07106920 0.17164739 -0.00150000
v -0.07106920 0.17164739 -0.00450000
v -0.07156920 0.17151342 -0.00150000
v -0.07156920 0.17151342 -0.00450000
v -0.07206921 0.17164739 -0.00150000
v -0.07206921 0.17164739 -0.00450000
v -0.07243523 0.17201343 -0.00150000
v -0.07243523 0.17201343 -0.00450000
v -0.01522602 0.07387156 -0.00150000
v -0.01522602 0.07387156 -0.00450000
v -0.01509205 0.07437156 -0.00150000
v -0.01509205 0.07437156 -0.00450000
v -0.01472602 0.07473758 -0.00150000
v -0.01472602 0.07473758 -0.00450000
v -0.01422602 0.07487156 -0.00150000
v -0.01422602 0.07487156 -0.00450000
v -0.01372602 0.07473758 -0.00150000
v -0.01372602 0.07473758 -0.00450000
v -0.01336000 0.07437156 -0.00150000
v -0.01336000 0.07437156 -0.00450000
v -0.01322602 0.07387156 -0.00150000
v -0.01322602 0.07387156 -0.00450000
v -0.01336000 0.07337156 -0.00150000
v -0.01336000 0.07337156 -0.00450000
v -0.01372602 0.07300553 -0.00150000
v -0.01372602 0.07300553 -0.00450000
v -0.01422602 0.07287156 -0.00150000
v -0.01422602 0.07287156 -0.00450000
v -0.01472602 0.07300553 -0.00150000
v -0.01472602 0.07300553 -0.00450000
v -0.01509205 0.07337156 -0.00150000
v -0.01509205 0.07337156 -0.00450000
v -0.01108013 0.06200000 -0.00150000
v -0.01208348 0.06200000 -0.00150000
v -0.01108013 0.06200000 -0.00450000
v -0.01208348 0.06200000 -0.00450000
v -0.08207016 0.15894465 -0.00150000
v -0.08207016 0.15894465 -0.00450000
v -0.08193619 0.15944465 -0.00150000
v -0.08193619 0.15944465 -0.00450000
v -0.08157016 0.15981067 -0.00150000
v -0.08157016 0.15981067 -0.00450000
v -0.08107016 0.15994465 -0.00150000
v -0.08107016 0.15994465 -0.00450000
v -0.08057016 0.15981067 -0.00150000
v -0.08057016 0.15981067 -0.00450000
v -0.08020414 0.15944465 -0.00150000
v -0.08020414 0.15944465 -0.00450000
v -0.08007016 0.15894465 -0.00150000
v -0.08007016 0.15894465 -0.00450000
v -0.08020414 0.15844464 -0.00150000
v -0.08020414 0.15844464 -0.00450000
v -0.08057016 0.15807862 -0.00150000
v -0.08057016 0.15807862 -0.00450000
v -0.08107016 0.15794464 -0.00150000
v -0.08107016 0.15794464 -0.00450000
v -0.08157016 0.15807862 -0.00150000
v -0.08157016 0.15807862 -0.00450000
v -0.08193619 0.15844464 -0.00150000
v -0.08193619 0.15844464 -0.00450000
v -0.08400000 0.11900000 -0.00150000
v -0.08400000 0.11900000 -0.00450000
v -0.08386602 0.11950000 -0.00150000
v -0.08386602 0.11950000 -0.00450000
v -0.08350000 0.11986603 -0.00150000
v -0.08350000 0.11986603 -0.00450000
v -0.08300000 0.12000000 -0.00150000
v -0.08300000 0.12000000 -0.00450000
v -0.08250000 0.11986603 -0.00150000
v -0.08250000 0.11986603 -0.00450000
v -0.08213397 0.11950000 -0.00150000
v -0.08213397 0.11950000 -0.00450000
v -0.08200000 0.11900000 -0.00150000
v -0.08200000 0.11900000 -0.00450000
v -0.08213397 0.11850000 -0.00150000
v -0.08213397 0.11850000 -0.00450000
v -0.08250000 0.11813397 -0.00150000
v -0.08250000 0.11813397 -0.00450000
v -0.08300000 0.11800000 -0.00150000
v -0.08300000 0.11800000 -0.00450000
v -0.08350000 0.11813397 -0.00150000
v -0.08350000 0.11813397 -0.00450000
v -0.08386602 0.11850000 -0.00150000
v -0.08386602 0.11850000 -0.00450000
v -0.01845461 0.07846537 -0.00150000
v -0.01845461 0.07846537 -0.00450000
v -0.01832063 0.07896537 -0.00150000
v -0.01832063 0.07896537 -0.00450000
v -0.01795461 0.07933140 -0.00150000
v -0.01795461 0.07933140 -0.00450000
v -0.01745461 0.07946537 -0.00150000
v -0.01745461 0.07946537 -0.00450000
v -0.01695461 0.07933140 -0.00150000
v -0.01695461 0.07933140 -0.00450000
v -0.01658858 0.07896537 -0.00150000
v -0.01658858 0.07896537 -0.00450000
v -0.01645461 0.07846537 -0.00150000
v -0.01645461 0.07846537 -0.00450000
v -0.01658858 0.07796537 -0.00150000
v -0.01658858 0.07796537 -0.00450000
v -0.01695461 0.07759934 -0.00150000
v -0.01695461 0.07759934 -0.00450000
v -0.01745461 0.07746537 -0.00150000
v -0.01745461 0.07746537 -0.00450000
v -0.01795461 0.07759934 -0.00150000
v -0.01795461 0.07759934 -0.00450000
v -0.01832063 0.07796537 -0.00150000
v -0.01832063 0.07796537 -0.00450000
v -0.05050000 0.08786603 -0.00150000
v -0.05049889 0.08786492 -0.00150000
v -0.04800000 0.08786492 -0.00150000
v -0.05742277 0.08798615 -0.00150000
v -0.05716584 0.08824308 -0.00150000
v -0.05925069 0.08824308 -0.00150000
v -0.08386602 0.12600000 -0.00150000
v -0.08375692 0.12610910 -0.00150000
v -0.08375692 0.12812500 -0.00150000
v -0.08107016 0.10905536 -0.00150000
v -0.08079200 0.10898082 -0.00150000
v -0.08079200 0.11074931 -0.00150000
v -0.08079200 0.10098112 -0.00150000
v -0.08052628 0.10071540 -0.00150000
v -0.07989149 0.10071540 -0.00150000
v -0.06928460 0.08947371 -0.00150000
v -0.06928460 0.09288688 -0.00150000
v -0.07269777 0.09288688 -0.00150000
v -0.06542407 0.08786492 -0.00150000
v -0.06447233 0.08786492 -0.00150000
v -0.06447233 0.08824308 -0.00150000
v -0.05755674 0.08748615 -0.00150000
v -0.05745525 0.08786492 -0.00150000
v -0.05925069 0.08786492 -0.00150000
v -0.02741548 0.08442874 -0.00150000
v -0.02748759 0.08469787 -0.00150000
v -0.02924949 0.08469787 -0.00150000
v -0.08079200 0.11822376 -0.00150000
v -0.08079200 0.11622163 -0.00150000
v -0.08025554 0.11622163 -0.00150000
v -0.08350000 0.14063397 -0.00150000
v -0.08375692 0.14089090 -0.00150000
v -0.08375692 0.13887500 -0.00150000
v -0.04800000 0.17800000 -0.00150000
v -0.04800000 0.17928508 -0.00150000
v -0.05100000 0.17800000 -0.00150000
v -0.05377837 0.17928508 -0.00150000
v -0.05177625 0.17779201 -0.00150000
v -0.05377837 0.17779201 -0.00150000
v -0.05377837 0.17725553 -0.00150000
v -0.05513702 0.17689149 -0.00150000
v -0.05925069 0.17689149 -0.00150000
v -0.05925069 0.17578923 -0.00150000
v -0.06800000 0.17571281 -0.00150000
v -0.06786603 0.17621281 -0.00150000
v -0.06928460 0.17689149 -0.00150000
v -0.06750000 0.17657884 -0.00150000
v -0.06700000 0.17671281 -0.00150000
v -0.06650000 0.17657884 -0.00150000
v -0.06447233 0.17689149 -0.00150000
v -0.06650000 0.17484678 -0.00150000
v -0.06550604 0.17411312 -0.00150000
v -0.06613398 0.17521282 -0.00150000
v -0.06447233 0.17439010 -0.00150000
v -0.06600000 0.17571281 -0.00150000
v -0.06613398 0.17621281 -0.00150000
v -0.06700000 0.17471282 -0.00150000
v -0.06750000 0.17484678 -0.00150000
v -0.06928460 0.17411312 -0.00150000
v -0.06786603 0.17521282 -0.00150000
v -0.06600000 0.17398076 -0.00150000
v -0.06928460 0.17069616 -0.00150000
v -0.07156920 0.17351342 -0.00150000
v -0.07106920 0.17337944 -0.00150000
v -0.07070318 0.17301342 -0.00150000
v -0.07056920 0.17251342 -0.00150000
v -0.07070318 0.17201343 -0.00150000
v -0.06943945 0.17054131 -0.00150000
v -0.07206921 0.17164739 -0.00150000
v -0.07631703 0.17054131 -0.00150000
v -0.07156920 0.17151342 -0.00150000
v -0.07106920 0.17164739 -0.00150000
v -0.07243523 0.17201343 -0.00150000
v -0.07256921 0.17251342 -0.00150000
v -0.07291085 0.17411312 -0.00150000
v -0.07243523 0.17301342 -0.00150000
v -0.07206921 0.17337944 -0.00150000
v -0.07501342 0.16770318 -0.00150000
v -0.07551342 0.16756921 -0.00150000
v -0.07711311 0.16628460 -0.00150000
v -0.07711311 0.16970652 -0.00150000
v -0.07651342 0.16856920 -0.00150000
v -0.07637945 0.16906920 -0.00150000
v -0.07464740 0.16806921 -0.00150000
v -0.07369616 0.16628460 -0.00150000
v -0.07451342 0.16856920 -0.00150000
v -0.07464740 0.16906920 -0.00150000
v -0.07601342 0.16770318 -0.00150000
v -0.07637945 0.16806921 -0.00150000
v -0.07601342 0.16943523 -0.00150000
v -0.07551342 0.16956920 -0.00150000
v -0.07501342 0.16943523 -0.00150000
v -0.07698076 0.16300000 -0.00150000
v -0.07711311 0.16250604 -0.00150000
v -0.07957884 0.16450000 -0.00150000
v -0.07921281 0.16486602 -0.00150000
v -0.07989149 0.16628460 -0.00150000
v -0.07871281 0.16500000 -0.00150000
v -0.07821281 0.16486602 -0.00150000
v -0.07871281 0.16300000 -0.00150000
v -0.07921281 0.16313397 -0.00150000
v -0.07989149 0.16147232 -0.00150000
v -0.07957884 0.16350000 -0.00150000
v -0.07971282 0.16400000 -0.00150000
v -0.07784679 0.16450000 -0.00150000
v -0.07771281 0.16400000 -0.00150000
v -0.07784679 0.16350000 -0.00150000
v -0.07739010 0.16147232 -0.00150000
v -0.07821281 0.16313397 -0.00150000
v -0.07989149 0.15213702 -0.00150000
v -0.07878923 0.15625069 -0.00150000
v -0.07989149 0.15625069 -0.00150000
v -0.08079200 0.15625069 -0.00150000
v -0.08079200 0.14877624 -0.00150000
v -0.08250000 0.14886603 -0.00150000
v -0.08213397 0.14850000 -0.00150000
v -0.08250000 0.14713398 -0.00150000
v -0.08300000 0.14700000 -0.00150000
v -0.08375692 0.14475000 -0.00150000
v -0.08100000 0.14800000 -0.00150000
v -0.08200000 0.14800000 -0.00150000
v -0.08100000 0.14475000 -0.00150000
v -0.08213397 0.14750000 -0.00150000
v -0.08164782 0.15305674 -0.00150000
v -0.08201385 0.15269072 -0.00150000
v -0.08300000 0.14900000 -0.00150000
v -0.08251385 0.15255674 -0.00150000
v -0.08350000 0.14886603 -0.00150000
v -0.08301385 0.15269072 -0.00150000
v -0.08337987 0.15305674 -0.00150000
v -0.08375692 0.15625069 -0.00150000
v -0.08351385 0.15355674 -0.00150000
v -0.08337987 0.15405674 -0.00150000
v -0.08386602 0.14850000 -0.00150000
v -0.08375692 0.14860910 -0.00150000
v -0.08301385 0.15442277 -0.00150000
v -0.08251385 0.15455674 -0.00150000
v -0.08201385 0.15442277 -0.00150000
v -0.08151384 0.15355674 -0.00150000
v -0.08164782 0.15405674 -0.00150000
v -0.08350000 0.14236602 -0.00150000
v -0.08300000 0.14250000 -0.00150000
v -0.08250000 0.14236602 -0.00150000
v -0.08213397 0.14200000 -0.00150000
v -0.08200000 0.14150000 -0.00150000
v -0.08100000 0.13887500 -0.00150000
v -0.08213397 0.14100000 -0.00150000
v -0.08250000 0.14063397 -0.00150000
v -0.08300000 0.14050000 -0.00150000
v -0.08250000 0.13711602 -0.00150000
v -0.08300000 0.13725000 -0.00150000
v -0.08350000 0.13711602 -0.00150000
v -0.08375692 0.13685911 -0.00150000
v -0.08213397 0.13675000 -0.00150000
v -0.08200000 0.13625000 -0.00150000
v -0.08100000 0.13350000 -0.00150000
v -0.08213397 0.13575000 -0.00150000
v -0.08250000 0.13538397 -0.00150000
v -0.08300000 0.13525000 -0.00150000
v -0.08375692 0.13350000 -0.00150000
v -0.08350000 0.13161603 -0.00150000
v -0.08300000 0.13175000 -0.00150000
v -0.08250000 0.13161603 -0.00150000
v -0.08213397 0.13125000 -0.00150000
v -0.08200000 0.13075000 -0.00150000
v -0.08100000 0.12812500 -0.00150000
v -0.08213397 0.13025000 -0.00150000
v -0.08250000 0.12988398 -0.00150000
v -0.08300000 0.12975000 -0.00150000
v -0.08350000 0.12988398 -0.00150000
v -0.08250000 0.12636603 -0.00150000
v -0.08300000 0.12650000 -0.00150000
v -0.08350000 0.12636603 -0.00150000
v -0.08213397 0.12500000 -0.00150000
v -0.08100000 0.12225000 -0.00150000
v -0.08200000 0.12550000 -0.00150000
v -0.08213397 0.12600000 -0.00150000
v -0.08250000 0.12463398 -0.00150000
v -0.08300000 0.12450000 -0.00150000
v -0.08375692 0.12225000 -0.00150000
v -0.08350000 0.11986603 -0.00150000
v -0.08300000 0.12000000 -0.00150000
v -0.08300000 0.11800000 -0.00150000
v -0.08375692 0.11622163 -0.00150000
v -0.08250000 0.11813397 -0.00150000
v -0.08213397 0.11850000 -0.00150000
v -0.08200000 0.11900000 -0.00150000
v -0.08100000 0.11900000 -0.00150000
v -0.08213397 0.11950000 -0.00150000
v -0.08250000 0.11986603 -0.00150000
v -0.07989149 0.11486298 -0.00150000
v -0.07989149 0.11074931 -0.00150000
v -0.07878923 0.11074931 -0.00150000
v -0.07921281 0.10213398 -0.00150000
v -0.07957884 0.10250000 -0.00150000
v -0.07971282 0.10300000 -0.00150000
v -0.07957884 0.10350000 -0.00150000
v -0.07921281 0.10386603 -0.00150000
v -0.07871281 0.10400000 -0.00150000
v -0.07711311 0.10449396 -0.00150000
v -0.07821281 0.10386603 -0.00150000
v -0.07784679 0.10350000 -0.00150000
v -0.07771281 0.10300000 -0.00150000
v -0.07784679 0.10250000 -0.00150000
v -0.07711311 0.10071540 -0.00150000
v -0.07821281 0.10213398 -0.00150000
v -0.07871281 0.10200000 -0.00150000
v -0.07698076 0.10400000 -0.00150000
v -0.07369616 0.10071540 -0.00150000
v -0.07451342 0.09843079 -0.00150000
v -0.06943945 0.09645869 -0.00150000
v -0.07464740 0.09893080 -0.00150000
v -0.07637945 0.09893080 -0.00150000
v -0.07601342 0.09929682 -0.00150000
v -0.07551342 0.09943080 -0.00150000
v -0.07501342 0.09929682 -0.00150000
v -0.07464740 0.09793080 -0.00150000
v -0.07501342 0.09756477 -0.00150000
v -0.07626957 0.09645869 -0.00150000
v -0.07551342 0.09743080 -0.00150000
v -0.07601342 0.09756477 -0.00150000
v -0.07711311 0.09730223 -0.00150000
v -0.07637945 0.09793080 -0.00150000
v -0.07651342 0.09843079 -0.00150000
v -0.07070318 0.09498658 -0.00150000
v -0.07056920 0.09448658 -0.00150000
v -0.07070318 0.09398658 -0.00150000
v -0.07243523 0.09398658 -0.00150000
v -0.07256921 0.09448658 -0.00150000
v -0.07243523 0.09498658 -0.00150000
v -0.07206921 0.09535260 -0.00150000
v -0.07156920 0.09548658 -0.00150000
v -0.07106920 0.09535260 -0.00150000
v -0.06928460 0.09630384 -0.00150000
v -0.07106920 0.09362055 -0.00150000
v -0.07156920 0.09348658 -0.00150000
v -0.07206921 0.09362055 -0.00150000
v -0.06600000 0.09301924 -0.00150000
v -0.06550604 0.09288688 -0.00150000
v -0.06447233 0.08920799 -0.00150000
v -0.06447233 0.09260990 -0.00150000
v -0.06600000 0.09128719 -0.00150000
v -0.06800000 0.09128719 -0.00150000
v -0.06786603 0.09178719 -0.00150000
v -0.06613398 0.09078719 -0.00150000
v -0.06650000 0.09042116 -0.00150000
v -0.06700000 0.09028719 -0.00150000
v -0.06786603 0.09078719 -0.00150000
v -0.06750000 0.09042116 -0.00150000
v -0.06901889 0.08920799 -0.00150000
v -0.06750000 0.09215321 -0.00150000
v -0.06700000 0.09228719 -0.00150000
v -0.06650000 0.09215321 -0.00150000
v -0.06613398 0.09178719 -0.00150000
v -0.05925069 0.09121077 -0.00150000
v -0.06144464 0.08979586 -0.00150000
v -0.06107862 0.08942984 -0.00150000
v -0.06194464 0.08992984 -0.00150000
v -0.06244465 0.08979586 -0.00150000
v -0.05925069 0.08920799 -0.00150000
v -0.05377837 0.08920799 -0.00150000
v -0.05377837 0.08974446 -0.00150000
v -0.05177625 0.08920799 -0.00150000
v -0.05377837 0.08824308 -0.00150000
v -0.05100000 0.08900000 -0.00150000
v -0.04800000 0.08824308 -0.00150000
v -0.04800000 0.08900000 -0.00150000
v -0.04275000 0.08824308 -0.00150000
v -0.04275000 0.08900000 -0.00150000
v -0.03600000 0.08900000 -0.00150000
v -0.03597476 0.08824308 -0.00150000
v -0.03597476 0.08899360 -0.00150000
v -0.03301638 0.08824308 -0.00150000
v -0.03597476 0.08786492 -0.00150000
v -0.03152577 0.08786492 -0.00150000
v -0.03244952 0.08733302 -0.00150000
v -0.03281292 0.08596437 -0.00150000
v -0.03281554 0.08596699 -0.00150000
v -0.03597476 0.08596437 -0.00150000
v -0.03294951 0.08646699 -0.00150000
v -0.03281554 0.08696699 -0.00150000
v -0.03108349 0.08696699 -0.00150000
v -0.03094952 0.08646699 -0.00150000
v -0.02924949 0.08596437 -0.00150000
v -0.03108349 0.08596699 -0.00150000
v -0.03194952 0.08746699 -0.00150000
v -0.03144952 0.08733302 -0.00150000
v -0.02924949 0.08728744 -0.00150000
v -0.02409164 0.08596437 -0.00150000
v -0.02409164 0.08597893 -0.00150000
v -0.02403426 0.08596437 -0.00150000
v -0.02409164 0.08563349 -0.00150000
v -0.02312894 0.08573470 -0.00150000
v -0.02409164 0.08469787 -0.00150000
v -0.02200556 0.08469787 -0.00150000
v -0.02063383 0.08221517 -0.00150000
v -0.02076780 0.08171517 -0.00150000
v -0.01954422 0.08034027 -0.00150000
v -0.02113383 0.08134914 -0.00150000
v -0.02163383 0.08121517 -0.00150000
v -0.02409164 0.08034027 -0.00150000
v -0.02213383 0.08134914 -0.00150000
v -0.02249985 0.08171517 -0.00150000
v -0.02263383 0.08221517 -0.00150000
v -0.02249985 0.08271517 -0.00150000
v -0.02213383 0.08308119 -0.00150000
v -0.02076780 0.08271517 -0.00150000
v -0.01954422 0.08242615 -0.00150000
v -0.02113383 0.08308119 -0.00150000
v -0.02163383 0.08321517 -0.00150000
v -0.01645461 0.07846537 -0.00150000
v -0.01658858 0.07796537 -0.00150000
v -0.01584031 0.07616846 -0.00150000
v -0.01695461 0.07759934 -0.00150000
v -0.01745461 0.07746537 -0.00150000
v -0.01954422 0.07616846 -0.00150000
v -0.01795461 0.07759934 -0.00150000
v -0.01832063 0.07796537 -0.00150000
v -0.01845461 0.07846537 -0.00150000
v -0.01832063 0.07896537 -0.00150000
v -0.01795461 0.07933140 -0.00150000
v -0.01728423 0.08034027 -0.00150000
v -0.01745461 0.07946537 -0.00150000
v -0.01695461 0.07933140 -0.00150000
v -0.01584031 0.07900760 -0.00150000
v -0.01658858 0.07896537 -0.00150000
v -0.01309858 0.07616846 -0.00150000
v -0.01337106 0.07672858 -0.00150000
v -0.01422602 0.07287156 -0.00150000
v -0.01472602 0.07300553 -0.00150000
v -0.01584031 0.07168578 -0.00150000
v -0.01372602 0.07300553 -0.00150000
v -0.01509205 0.07337156 -0.00150000
v -0.01522602 0.07387156 -0.00150000
v -0.01509205 0.07437156 -0.00150000
v -0.01472602 0.07473758 -0.00150000
v -0.01422602 0.07487156 -0.00150000
v -0.01372602 0.07473758 -0.00150000
v -0.01336000 0.07437156 -0.00150000
v -0.01091790 0.07168578 -0.00150000
v -0.01322602 0.07387156 -0.00150000
v -0.01336000 0.07337156 -0.00150000
v -0.01027792 0.06216793 -0.00150000
v -0.00961043 0.06264353 -0.00150000
v -0.00918976 0.06334693 -0.00150000
v -0.01223406 0.06750000 -0.00150000
v -0.01208348 0.06200000 -0.00150000
v -0.01148406 0.06770096 -0.00150000
v -0.01108013 0.06200000 -0.00150000
v -0.01303493 0.06224081 -0.00150000
v -0.01375726 0.06290526 -0.00150000
v -0.01407652 0.06383333 -0.00150000
v -0.01298406 0.06770096 -0.00150000
v -0.01584031 0.06896056 -0.00150000
v -0.01353310 0.06975000 -0.00150000
v -0.01373406 0.06900000 -0.00150000
v -0.01353310 0.06825000 -0.00150000
v -0.01298406 0.07029904 -0.00150000
v -0.01093502 0.06825000 -0.00150000
v -0.00908654 0.06416000 -0.00150000
v -0.01073406 0.06900000 -0.00150000
v -0.01044409 0.07071179 -0.00150000
v -0.01093502 0.06975000 -0.00150000
v -0.01223406 0.07050000 -0.00150000
v -0.01148406 0.07029904 -0.00150000
v -0.01117340 0.07006066 -0.00150000
v -0.02554945 0.08492874 -0.00150000
v -0.02561132 0.08469787 -0.00150000
v -0.02553404 0.08135106 -0.00150000
v -0.02443519 0.08034027 -0.00150000
v -0.02409164 0.08002425 -0.00150000
v -0.01989996 0.07616846 -0.00150000
v -0.01954422 0.07584123 -0.00150000
v -0.01758841 0.07404215 -0.00150000
v -0.01677781 0.07168578 -0.00150000
v -0.02704945 0.08406272 -0.00150000
v -0.02924949 0.08229144 -0.00150000
v -0.02654945 0.08392874 -0.00150000
v -0.02604945 0.08406272 -0.00150000
v -0.02568343 0.08442874 -0.00150000
v -0.03597476 0.08469787 -0.00150000
v -0.03597476 0.08399361 -0.00150000
v -0.05360447 0.08469787 -0.00150000
v -0.05100000 0.08400000 -0.00150000
v -0.04800000 0.08469787 -0.00150000
v -0.04800000 0.08400000 -0.00150000
v -0.04275000 0.08400000 -0.00150000
v -0.05377837 0.08596437 -0.00150000
v -0.05833113 0.08596437 -0.00150000
v -0.05709628 0.08563349 -0.00150000
v -0.05569072 0.08798615 -0.00150000
v -0.05565823 0.08786492 -0.00150000
v -0.05377837 0.08786492 -0.00150000
v -0.05555674 0.08748615 -0.00150000
v -0.05569072 0.08698615 -0.00150000
v -0.05605674 0.08662013 -0.00150000
v -0.05655674 0.08648615 -0.00150000
v -0.05705674 0.08662013 -0.00150000
v -0.05925069 0.08621077 -0.00150000
v -0.05742277 0.08698615 -0.00150000
v -0.06447233 0.08760990 -0.00150000
v -0.06850000 0.08868911 -0.00150000
v -0.06683537 0.08824308 -0.00150000
v -0.07989149 0.10008060 -0.00150000
v -0.08057016 0.10892138 -0.00150000
v -0.08020414 0.10855536 -0.00150000
v -0.08007016 0.10805535 -0.00150000
v -0.08020414 0.10755536 -0.00150000
v -0.08057016 0.10718933 -0.00150000
v -0.08079200 0.10712989 -0.00150000
v -0.08131089 0.10150000 -0.00150000
v -0.08107016 0.10705536 -0.00150000
v -0.08207016 0.10805535 -0.00150000
v -0.08375692 0.11062873 -0.00150000
v -0.08193619 0.10755536 -0.00150000
v -0.08157016 0.10718933 -0.00150000
v -0.08157016 0.10892138 -0.00150000
v -0.08375692 0.11074931 -0.00150000
v -0.08193619 0.10855536 -0.00150000
v -0.08378924 0.11074931 -0.00150000
v -0.08525554 0.11622163 -0.00150000
v -0.08350000 0.11813397 -0.00150000
v -0.08375692 0.11839090 -0.00150000
v -0.08386602 0.11850000 -0.00150000
v -0.08600000 0.11900000 -0.00150000
v -0.08400000 0.11900000 -0.00150000
v -0.08600000 0.12225000 -0.00150000
v -0.08386602 0.11950000 -0.00150000
v -0.08375692 0.11960910 -0.00150000
v -0.08350000 0.14713398 -0.00150000
v -0.08375692 0.14739090 -0.00150000
v -0.08600000 0.14475000 -0.00150000
v -0.08386602 0.14750000 -0.00150000
v -0.08600000 0.14800000 -0.00150000
v -0.08400000 0.14800000 -0.00150000
v -0.08385904 0.15625069 -0.00150000
v -0.08375692 0.15664422 -0.00150000
v -0.08157016 0.15807862 -0.00150000
v -0.08107016 0.15794464 -0.00150000
v -0.08079200 0.15801918 -0.00150000
v -0.08193619 0.15844464 -0.00150000
v -0.08207016 0.15894465 -0.00150000
v -0.08250409 0.16147232 -0.00150000
v -0.08193619 0.15944465 -0.00150000
v -0.08157016 0.15981067 -0.00150000
v -0.08079200 0.16147232 -0.00150000
v -0.08107016 0.15994465 -0.00150000
v -0.08079200 0.15987011 -0.00150000
v -0.08079200 0.16584874 -0.00150000
v -0.07989149 0.16679304 -0.00150000
v -0.08037636 0.16628460 -0.00150000
v -0.06448583 0.17928508 -0.00150000
v -0.06928460 0.17779354 -0.00150000
v -0.06928460 0.17779201 -0.00150000
v -0.06928954 0.17779201 -0.00150000
v -0.06945016 0.17774208 -0.00150000
v -0.05655674 0.18051384 -0.00150000
v -0.05377837 0.18261315 -0.00150000
v -0.05705674 0.18037988 -0.00150000
v -0.05925069 0.18091226 -0.00150000
v -0.05742277 0.18001385 -0.00150000
v -0.05605674 0.18037988 -0.00150000
v -0.05569072 0.18001385 -0.00150000
v -0.04929904 0.18025000 -0.00150000
v -0.04950000 0.18100000 -0.00150000
v -0.05266056 0.18296059 -0.00150000
v -0.05169430 0.18326306 -0.00150000
v -0.04929904 0.18175000 -0.00150000
v -0.05100000 0.18400000 -0.00150000
v -0.04875000 0.18229904 -0.00150000
v -0.04800000 0.18400000 -0.00150000
v -0.04800000 0.18250000 -0.00150000
v -0.04700000 0.18400000 -0.00150000
v -0.04725000 0.18229904 -0.00150000
v -0.04600000 0.18373205 -0.00150000
v -0.04526795 0.18300000 -0.00150000
v -0.04670096 0.18175000 -0.00150000
v -0.04500000 0.18200000 -0.00150000
v -0.04650000 0.18100000 -0.00150000
v -0.04500000 0.18000000 -0.00150000
v -0.04670096 0.18025000 -0.00150000
v -0.04519156 0.17928508 -0.00150000
v -0.04725000 0.17970096 -0.00150000
v -0.04800000 0.17950000 -0.00150000
v -0.04875000 0.17970096 -0.00150000
v -0.04526795 0.17900000 -0.00150000
v -0.04600000 0.17826795 -0.00150000
v -0.04700000 0.17800000 -0.00150000
v -0.02568343 0.08542874 -0.00150000
v -0.02754945 0.08492874 -0.00150000
v -0.02741548 0.08542874 -0.00150000
v -0.02924949 0.08563349 -0.00150000
v -0.02721073 0.08563349 -0.00150000
v -0.02704945 0.08579477 -0.00150000
v -0.02654945 0.08592874 -0.00150000
v -0.02604945 0.08579477 -0.00150000
v -0.02588818 0.08563349 -0.00150000
v -0.03141699 0.08563349 -0.00150000
v -0.03144952 0.08560096 -0.00150000
v -0.03194952 0.08546699 -0.00150000
v -0.03244952 0.08560096 -0.00150000
v -0.03108611 0.08596437 -0.00150000
v -0.08386602 0.14100000 -0.00150000
v -0.08600000 0.13887500 -0.00150000
v -0.08400000 0.14150000 -0.00150000
v -0.08386602 0.14200000 -0.00150000
v -0.08375692 0.14210910 -0.00150000
v -0.08350000 0.12463398 -0.00150000
v -0.08375692 0.12489090 -0.00150000
v -0.08386602 0.12500000 -0.00150000
v -0.08600000 0.12812500 -0.00150000
v -0.08400000 0.12550000 -0.00150000
v -0.04463397 0.08730000 -0.00150000
v -0.04450000 0.08680000 -0.00150000
v -0.04275000 0.08596437 -0.00150000
v -0.04603039 0.08596437 -0.00150000
v -0.04636602 0.08630000 -0.00150000
v -0.04800000 0.08596437 -0.00150000
v -0.04650000 0.08680000 -0.00150000
v -0.04636602 0.08730000 -0.00150000
v -0.04600000 0.08766602 -0.00150000
v -0.04550000 0.08780000 -0.00150000
v -0.04275000 0.08786492 -0.00150000
v -0.04500000 0.08766602 -0.00150000
v -0.04275000 0.08563349 -0.00150000
v -0.04550000 0.08580000 -0.00150000
v -0.04800000 0.08563349 -0.00150000
v -0.04600000 0.08593398 -0.00150000
v -0.04463397 0.08630000 -0.00150000
v -0.04496960 0.08596437 -0.00150000
v -0.04500000 0.08593398 -0.00150000
v -0.04086602 0.08630000 -0.00150000
v -0.04100000 0.08680000 -0.00150000
v -0.04086602 0.08730000 -0.00150000
v -0.04050000 0.08766602 -0.00150000
v -0.04000000 0.08780000 -0.00150000
v -0.03950000 0.08766602 -0.00150000
v -0.03913397 0.08730000 -0.00150000
v -0.03900000 0.08680000 -0.00150000
v -0.03913397 0.08630000 -0.00150000
v -0.03946960 0.08596437 -0.00150000
v -0.03597476 0.08563349 -0.00150000
v -0.03248205 0.08563349 -0.00150000
v -0.03950000 0.08593398 -0.00150000
v -0.04000000 0.08580000 -0.00150000
v -0.04050000 0.08593398 -0.00150000
v -0.04053039 0.08596437 -0.00150000
v -0.08386602 0.13675000 -0.00150000
v -0.08350000 0.13538397 -0.00150000
v -0.08375692 0.13564090 -0.00150000
v -0.08600000 0.13350000 -0.00150000
v -0.08386602 0.13575000 -0.00150000
v -0.08400000 0.13625000 -0.00150000
v -0.08375692 0.13014090 -0.00150000
v -0.08386602 0.13025000 -0.00150000
v -0.08400000 0.13075000 -0.00150000
v -0.08386602 0.13125000 -0.00150000
v -0.08375692 0.13135910 -0.00150000
v -0.06281067 0.17857017 -0.00150000
v -0.06447233 0.17928508 -0.00150000
v -0.06294464 0.17807017 -0.00150000
v -0.06447233 0.17779201 -0.00150000
v -0.06244465 0.17893619 -0.00150000
v -0.06194464 0.17907016 -0.00150000
v -0.05925069 0.17928508 -0.00150000
v -0.06144464 0.17893619 -0.00150000
v -0.06107862 0.17857017 -0.00150000
v -0.05925069 0.17779201 -0.00150000
v -0.06094464 0.17807017 -0.00150000
v -0.06101918 0.17779201 -0.00150000
v -0.06107862 0.17757017 -0.00150000
v -0.06144464 0.17720414 -0.00150000
v -0.06194464 0.17707016 -0.00150000
v -0.06244465 0.17720414 -0.00150000
v -0.06281067 0.17757017 -0.00150000
v -0.06287012 0.17779201 -0.00150000
v -0.08158395 0.16501829 -0.00150000
v -0.08057016 0.15981067 -0.00150000
v -0.08057016 0.15807862 -0.00150000
v -0.08020414 0.15944465 -0.00150000
v -0.08007016 0.15894465 -0.00150000
v -0.08020414 0.15844464 -0.00150000
v -0.05594764 0.08824308 -0.00150000
v -0.05605674 0.08835218 -0.00150000
v -0.05655674 0.08848615 -0.00150000
v -0.05705674 0.08835218 -0.00150000
v -0.05013397 0.08750000 -0.00150000
v -0.05000000 0.08700000 -0.00150000
v -0.05013397 0.08650000 -0.00150000
v -0.05050000 0.08613397 -0.00150000
v -0.05100000 0.08600000 -0.00150000
v -0.05150000 0.08613397 -0.00150000
v -0.05186602 0.08650000 -0.00150000
v -0.05200000 0.08700000 -0.00150000
v -0.05186602 0.08750000 -0.00150000
v -0.05150111 0.08786492 -0.00150000
v -0.05100000 0.08800000 -0.00150000
v -0.05150000 0.08786603 -0.00150000
v -0.06281067 0.08842984 -0.00150000
v -0.06294464 0.08892984 -0.00150000
v -0.06287012 0.08920799 -0.00150000
v -0.06281067 0.08942984 -0.00150000
v -0.06126538 0.08824308 -0.00150000
v -0.06144464 0.08806381 -0.00150000
v -0.06194464 0.08792984 -0.00150000
v -0.06244465 0.08806381 -0.00150000
v -0.06262391 0.08824308 -0.00150000
v -0.06101918 0.08920799 -0.00150000
v -0.06094464 0.08892984 -0.00150000
v -0.06107862 0.08842984 -0.00150000
v -0.05555674 0.17951385 -0.00150000
v -0.05561804 0.17928508 -0.00150000
v -0.05569072 0.17901385 -0.00150000
v -0.05605674 0.17864782 -0.00150000
v -0.05655674 0.17851385 -0.00150000
v -0.05705674 0.17864782 -0.00150000
v -0.05742277 0.17901385 -0.00150000
v -0.05749545 0.17928508 -0.00150000
v -0.05755674 0.17951385 -0.00150000
v -0.06447233 0.17928928 -0.00150000
v -0.08164782 0.11394326 -0.00150000
v -0.08151384 0.11344326 -0.00150000
v -0.08337987 0.11394326 -0.00150000
v -0.08351385 0.11344326 -0.00150000
v -0.08337987 0.11294326 -0.00150000
v -0.08301385 0.11257723 -0.00150000
v -0.08301385 0.11430928 -0.00150000
v -0.08251385 0.11444326 -0.00150000
v -0.08201385 0.11430928 -0.00150000
v -0.08164782 0.11294326 -0.00150000
v -0.08201385 0.11257723 -0.00150000
v -0.08251385 0.11244326 -0.00150000
v -0.05377837 0.08563349 -0.00150000
v -0.04275000 0.08469787 -0.00150000
v -0.05377837 0.08474446 -0.00150000
v -0.03600000 0.08400000 -0.00150000
v -0.06800000 0.17571281 -0.00150000
v -0.06800000 0.17571281 -0.00450000
v -0.06786603 0.17621281 -0.00150000
v -0.06786603 0.17621281 -0.00450000
v -0.06750000 0.17657884 -0.00150000
v -0.06750000 0.17657884 -0.00450000
v -0.06700000 0.17671281 -0.00150000
v -0.06700000 0.17671281 -0.00450000
v -0.06650000 0.17657884 -0.00150000
v -0.06650000 0.17657884 -0.00450000
v -0.06613398 0.17621281 -0.00150000
v -0.06613398 0.17621281 -0.00450000
v -0.06600000 0.17571281 -0.00150000
v -0.06600000 0.17571281 -0.00450000
v -0.06613398 0.17521282 -0.00150000
v -0.06613398 0.17521282 -0.00450000
v -0.06650000 0.17484678 -0.00150000
v -0.06650000 0.17484678 -0.00450000
v -0.06700000 0.17471282 -0.00150000
v -0.06700000 0.17471282 -0.00450000
v -0.06750000 0.17484678 -0.00150000
v -0.06750000 0.17484678 -0.00450000
v -0.06786603 0.17521282 -0.00150000
v -0.06786603 0.17521282 -0.00450000
v -0.08400000 0.12550000 -0.00150000
v -0.08400000 0.12550000 -0.00450000
v -0.08386602 0.12600000 -0.00150000
v -0.08386602 0.12600000 -0.00450000
v -0.08350000 0.12636603 -0.00150000
v -0.08350000 0.12636603 -0.00450000
v -0.08300000 0.12650000 -0.00150000
v -0.08300000 0.12650000 -0.00450000
v -0.08250000 0.12636603 -0.00150000
v -0.08250000 0.12636603 -0.00450000
v -0.08213397 0.12600000 -0.00150000
v -0.08213397 0.12600000 -0.00450000
v -0.08200000 0.12550000 -0.00150000
v -0.08200000 0.12550000 -0.00450000
v -0.08213397 0.12500000 -0.00150000
v -0.08213397 0.12500000 -0.00450000
v -0.08250000 0.12463398 -0.00150000
v -0.08250000 0.12463398 -0.00450000
v -0.08300000 0.12450000 -0.00150000
v -0.08300000 0.12450000 -0.00450000
v -0.08350000 0.12463398 -0.00150000
v -0.08350000 0.12463398 -0.00450000
v -0.08386602 0.12500000 -0.00150000
v -0.08386602 0.12500000 -0.00450000
v -0.06094464 0.08892984 -0.00450000
v -0.06101918 0.08920799 -0.00450000
v -0.05925069 0.08920799 -0.00450000
v -0.04500000 0.08593398 -0.00450000
v -0.04496960 0.08596437 -0.00450000
v -0.04275000 0.08596437 -0.00450000
v -0.08386602 0.14100000 -0.00450000
v -0.08375692 0.14089090 -0.00450000
v -0.08375692 0.13887500 -0.00450000
v -0.03108611 0.08596437 -0.00450000
v -0.02924949 0.08596437 -0.00450000
v -0.02924949 0.08563349 -0.00450000
v -0.08350000 0.14886603 -0.00450000
v -0.08375692 0.14860910 -0.00450000
v -0.08375692 0.15625069 -0.00450000
v -0.08350000 0.12636603 -0.00450000
v -0.08375692 0.12610910 -0.00450000
v -0.08375692 0.12812500 -0.00450000
v -0.07698076 0.10400000 -0.00450000
v -0.07369616 0.10071540 -0.00450000
v -0.07711311 0.10071540 -0.00450000
v -0.05177625 0.08920799 -0.00450000
v -0.05377837 0.08920799 -0.00450000
v -0.05377837 0.08974446 -0.00450000
v -0.03301638 0.08824308 -0.00450000
v -0.03152577 0.08786492 -0.00450000
v -0.03597476 0.08786492 -0.00450000
v -0.01758841 0.07404215 -0.00450000
v -0.01954422 0.07584123 -0.00450000
v -0.01954422 0.07616846 -0.00450000
v -0.01989996 0.07616846 -0.00450000
v -0.05709628 0.08563349 -0.00450000
v -0.05833113 0.08596437 -0.00450000
v -0.05377837 0.08596437 -0.00450000
v -0.06542407 0.08786492 -0.00450000
v -0.06683537 0.08824308 -0.00450000
v -0.06447233 0.08824308 -0.00450000
v -0.07269777 0.09288688 -0.00450000
v -0.06928460 0.09288688 -0.00450000
v -0.06928460 0.08947371 -0.00450000
v -0.08375692 0.15664422 -0.00450000
v -0.08385904 0.15625069 -0.00450000
v -0.04670096 0.18175000 -0.00450000
v -0.04725000 0.18229904 -0.00450000
v -0.04600000 0.18373205 -0.00450000
v -0.04700000 0.18400000 -0.00450000
v -0.04800000 0.18250000 -0.00450000
v -0.04800000 0.18400000 -0.00450000
v -0.04800000 0.17950000 -0.00450000
v -0.04725000 0.17970096 -0.00450000
v -0.04519156 0.17928508 -0.00450000
v -0.04670096 0.18025000 -0.00450000
v -0.04500000 0.18000000 -0.00450000
v -0.04650000 0.18100000 -0.00450000
v -0.04500000 0.18200000 -0.00450000
v -0.04526795 0.18300000 -0.00450000
v -0.04800000 0.17928508 -0.00450000
v -0.04875000 0.17970096 -0.00450000
v -0.05377837 0.17928508 -0.00450000
v -0.04929904 0.18025000 -0.00450000
v -0.04950000 0.18100000 -0.00450000
v -0.05100000 0.18400000 -0.00450000
v -0.04875000 0.18229904 -0.00450000
v -0.05169430 0.18326306 -0.00450000
v -0.04929904 0.18175000 -0.00450000
v -0.05266056 0.18296059 -0.00450000
v -0.05377837 0.18261315 -0.00450000
v -0.05555674 0.17951385 -0.00450000
v -0.05569072 0.18001385 -0.00450000
v -0.05605674 0.18037988 -0.00450000
v -0.05655674 0.18051384 -0.00450000
v -0.05925069 0.18091226 -0.00450000
v -0.05755674 0.17951385 -0.00450000
v -0.05925069 0.17928508 -0.00450000
v -0.05742277 0.18001385 -0.00450000
v -0.05705674 0.18037988 -0.00450000
v -0.06928460 0.17689149 -0.00450000
v -0.06928954 0.17779201 -0.00450000
v -0.06928460 0.17779201 -0.00450000
v -0.06928460 0.17779354 -0.00450000
v -0.06448583 0.17928508 -0.00450000
v -0.07631703 0.17054131 -0.00450000
v -0.07243523 0.17201343 -0.00450000
v -0.07206921 0.17164739 -0.00450000
v -0.07070318 0.17201343 -0.00450000
v -0.07056920 0.17251342 -0.00450000
v -0.06928460 0.17411312 -0.00450000
v -0.07070318 0.17301342 -0.00450000
v -0.07106920 0.17337944 -0.00450000
v -0.07156920 0.17351342 -0.00450000
v -0.07291085 0.17411312 -0.00450000
v -0.06945016 0.17774208 -0.00450000
v -0.07206921 0.17337944 -0.00450000
v -0.07243523 0.17301342 -0.00450000
v -0.07256921 0.17251342 -0.00450000
v -0.07637945 0.16806921 -0.00450000
v -0.07601342 0.16770318 -0.00450000
v -0.07711311 0.16628460 -0.00450000
v -0.07551342 0.16756921 -0.00450000
v -0.07369616 0.16628460 -0.00450000
v -0.07501342 0.16770318 -0.00450000
v -0.07464740 0.16806921 -0.00450000
v -0.06943945 0.17054131 -0.00450000
v -0.07451342 0.16856920 -0.00450000
v -0.07464740 0.16906920 -0.00450000
v -0.07501342 0.16943523 -0.00450000
v -0.06928460 0.17069616 -0.00450000
v -0.07156920 0.17151342 -0.00450000
v -0.07106920 0.17164739 -0.00450000
v -0.07551342 0.16956920 -0.00450000
v -0.07601342 0.16943523 -0.00450000
v -0.07711311 0.16970652 -0.00450000
v -0.07637945 0.16906920 -0.00450000
v -0.07651342 0.16856920 -0.00450000
v -0.08037636 0.16628460 -0.00450000
v -0.07989149 0.16679304 -0.00450000
v -0.07989149 0.16628460 -0.00450000
v -0.08079200 0.15987011 -0.00450000
v -0.08107016 0.15994465 -0.00450000
v -0.08079200 0.16147232 -0.00450000
v -0.08250409 0.16147232 -0.00450000
v -0.08079200 0.16584874 -0.00450000
v -0.08158395 0.16501829 -0.00450000
v -0.08157016 0.15981067 -0.00450000
v -0.08193619 0.15944465 -0.00450000
v -0.08207016 0.15894465 -0.00450000
v -0.08193619 0.15844464 -0.00450000
v -0.08157016 0.15807862 -0.00450000
v -0.08079200 0.15625069 -0.00450000
v -0.08375692 0.11062873 -0.00450000
v -0.08378924 0.11074931 -0.00450000
v -0.08375692 0.11074931 -0.00450000
v -0.08525554 0.11622163 -0.00450000
v -0.08375692 0.11622163 -0.00450000
v -0.08193619 0.10855536 -0.00450000
v -0.08157016 0.10892138 -0.00450000
v -0.08107016 0.10905536 -0.00450000
v -0.08079200 0.11074931 -0.00450000
v -0.08207016 0.10805535 -0.00450000
v -0.08193619 0.10755536 -0.00450000
v -0.08131089 0.10150000 -0.00450000
v -0.08157016 0.10718933 -0.00450000
v -0.08107016 0.10705536 -0.00450000
v -0.08079200 0.10098112 -0.00450000
v -0.07989149 0.10071540 -0.00450000
v -0.08052628 0.10071540 -0.00450000
v -0.08079200 0.10712989 -0.00450000
v -0.08057016 0.10718933 -0.00450000
v -0.08020414 0.10755536 -0.00450000
v -0.08007016 0.10805535 -0.00450000
v -0.08020414 0.10855536 -0.00450000
v -0.07989149 0.11074931 -0.00450000
v -0.08057016 0.10892138 -0.00450000
v -0.08079200 0.10898082 -0.00450000
v -0.07989149 0.10008060 -0.00450000
v -0.07711311 0.09730223 -0.00450000
v -0.07626957 0.09645869 -0.00450000
v -0.07551342 0.09743080 -0.00450000
v -0.06943945 0.09645869 -0.00450000
v -0.07501342 0.09756477 -0.00450000
v -0.07464740 0.09793080 -0.00450000
v -0.07451342 0.09843079 -0.00450000
v -0.07601342 0.09929682 -0.00450000
v -0.07637945 0.09893080 -0.00450000
v -0.07651342 0.09843079 -0.00450000
v -0.07637945 0.09793080 -0.00450000
v -0.07601342 0.09756477 -0.00450000
v -0.07464740 0.09893080 -0.00450000
v -0.07501342 0.09929682 -0.00450000
v -0.07551342 0.09943080 -0.00450000
v -0.07243523 0.09398658 -0.00450000
v -0.07256921 0.09448658 -0.00450000
v -0.07243523 0.09498658 -0.00450000
v -0.07106920 0.09362055 -0.00450000
v -0.07156920 0.09348658 -0.00450000
v -0.07206921 0.09362055 -0.00450000
v -0.07070318 0.09398658 -0.00450000
v -0.07056920 0.09448658 -0.00450000
v -0.06928460 0.09630384 -0.00450000
v -0.07070318 0.09498658 -0.00450000
v -0.07106920 0.09535260 -0.00450000
v -0.07156920 0.09548658 -0.00450000
v -0.07206921 0.09535260 -0.00450000
v -0.06800000 0.09128719 -0.00450000
v -0.06786603 0.09078719 -0.00450000
v -0.06901889 0.08920799 -0.00450000
v -0.06447233 0.09260990 -0.00450000
v -0.06447233 0.08920799 -0.00450000
v -0.06613398 0.09078719 -0.00450000
v -0.06750000 0.09042116 -0.00450000
v -0.06700000 0.09028719 -0.00450000
v -0.06650000 0.09042116 -0.00450000
v -0.06700000 0.09228719 -0.00450000
v -0.06750000 0.09215321 -0.00450000
v -0.06786603 0.09178719 -0.00450000
v -0.06600000 0.09128719 -0.00450000
v -0.06613398 0.09178719 -0.00450000
v -0.06550604 0.09288688 -0.00450000
v -0.06650000 0.09215321 -0.00450000
v -0.06447233 0.08786492 -0.00450000
v -0.05925069 0.08786492 -0.00450000
v -0.06447233 0.08760990 -0.00450000
v -0.05925069 0.08621077 -0.00450000
v -0.05755674 0.08748615 -0.00450000
v -0.05742277 0.08698615 -0.00450000
v -0.05705674 0.08662013 -0.00450000
v -0.05655674 0.08648615 -0.00450000
v -0.05605674 0.08662013 -0.00450000
v -0.05569072 0.08698615 -0.00450000
v -0.05377837 0.08474446 -0.00450000
v -0.05377837 0.08563349 -0.00450000
v -0.05360447 0.08469787 -0.00450000
v -0.04800000 0.08563349 -0.00450000
v -0.02748759 0.08469787 -0.00450000
v -0.02924949 0.08229144 -0.00450000
v -0.02924949 0.08469787 -0.00450000
v -0.03597476 0.08399361 -0.00450000
v -0.03597476 0.08469787 -0.00450000
v -0.03600000 0.08400000 -0.00450000
v -0.04275000 0.08469787 -0.00450000
v -0.04275000 0.08400000 -0.00450000
v -0.04800000 0.08469787 -0.00450000
v -0.04800000 0.08400000 -0.00450000
v -0.05100000 0.08400000 -0.00450000
v -0.02604945 0.08406272 -0.00450000
v -0.02568343 0.08442874 -0.00450000
v -0.02409164 0.08034027 -0.00450000
v -0.02409164 0.08469787 -0.00450000
v -0.02741548 0.08442874 -0.00450000
v -0.02704945 0.08406272 -0.00450000
v -0.02553404 0.08135106 -0.00450000
v -0.02654945 0.08392874 -0.00450000
v -0.02443519 0.08034027 -0.00450000
v -0.02409164 0.08002425 -0.00450000
v -0.01954422 0.08034027 -0.00450000
v -0.01584031 0.07616846 -0.00450000
v -0.01677781 0.07168578 -0.00450000
v -0.01584031 0.07168578 -0.00450000
v -0.01584031 0.06896056 -0.00450000
v -0.00908654 0.06416000 -0.00450000
v -0.00918976 0.06334693 -0.00450000
v -0.01148406 0.06770096 -0.00450000
v -0.00961043 0.06264353 -0.00450000
v -0.01223406 0.07050000 -0.00450000
v -0.01298406 0.07029904 -0.00450000
v -0.01353310 0.06975000 -0.00450000
v -0.01373406 0.06900000 -0.00450000
v -0.01353310 0.06825000 -0.00450000
v -0.01407652 0.06383333 -0.00450000
v -0.01298406 0.06770096 -0.00450000
v -0.01375726 0.06290526 -0.00450000
v -0.01223406 0.06750000 -0.00450000
v -0.01303493 0.06224081 -0.00450000
v -0.01027792 0.06216793 -0.00450000
v -0.01108013 0.06200000 -0.00450000
v -0.01208348 0.06200000 -0.00450000
v -0.01093502 0.06825000 -0.00450000
v -0.01073406 0.06900000 -0.00450000
v -0.01044409 0.07071179 -0.00450000
v -0.01093502 0.06975000 -0.00450000
v -0.01117340 0.07006066 -0.00450000
v -0.01091790 0.07168578 -0.00450000
v -0.01148406 0.07029904 -0.00450000
v -0.01472602 0.07300553 -0.00450000
v -0.01422602 0.07287156 -0.00450000
v -0.01372602 0.07300553 -0.00450000
v -0.01336000 0.07337156 -0.00450000
v -0.01322602 0.07387156 -0.00450000
v -0.01309858 0.07616846 -0.00450000
v -0.01336000 0.07437156 -0.00450000
v -0.01372602 0.07473758 -0.00450000
v -0.01422602 0.07487156 -0.00450000
v -0.01472602 0.07473758 -0.00450000
v -0.01509205 0.07437156 -0.00450000
v -0.01522602 0.07387156 -0.00450000
v -0.01509205 0.07337156 -0.00450000
v -0.01584031 0.07900760 -0.00450000
v -0.01337106 0.07672858 -0.00450000
v -0.01658858 0.07796537 -0.00450000
v -0.01695461 0.07759934 -0.00450000
v -0.01745461 0.07746537 -0.00450000
v -0.01795461 0.07759934 -0.00450000
v -0.01745461 0.07946537 -0.00450000
v -0.01795461 0.07933140 -0.00450000
v -0.01832063 0.07896537 -0.00450000
v -0.01845461 0.07846537 -0.00450000
v -0.01832063 0.07796537 -0.00450000
v -0.01645461 0.07846537 -0.00450000
v -0.01658858 0.07896537 -0.00450000
v -0.01728423 0.08034027 -0.00450000
v -0.01695461 0.07933140 -0.00450000
v -0.02249985 0.08171517 -0.00450000
v -0.02213383 0.08134914 -0.00450000
v -0.02163383 0.08121517 -0.00450000
v -0.02113383 0.08134914 -0.00450000
v -0.02076780 0.08171517 -0.00450000
v -0.01954422 0.08242615 -0.00450000
v -0.02063383 0.08221517 -0.00450000
v -0.02076780 0.08271517 -0.00450000
v -0.02113383 0.08308119 -0.00450000
v -0.02200556 0.08469787 -0.00450000
v -0.02163383 0.08321517 -0.00450000
v -0.02213383 0.08308119 -0.00450000
v -0.02249985 0.08271517 -0.00450000
v -0.02263383 0.08221517 -0.00450000
v -0.02409164 0.08563349 -0.00450000
v -0.02312894 0.08573470 -0.00450000
v -0.02403426 0.08596437 -0.00450000
v -0.02409164 0.08596437 -0.00450000
v -0.02409164 0.08597893 -0.00450000
v -0.02924949 0.08728744 -0.00450000
v -0.03281554 0.08696699 -0.00450000
v -0.03294951 0.08646699 -0.00450000
v -0.03597476 0.08596437 -0.00450000
v -0.03281554 0.08596699 -0.00450000
v -0.03194952 0.08746699 -0.00450000
v -0.03244952 0.08733302 -0.00450000
v -0.03108349 0.08596699 -0.00450000
v -0.03094952 0.08646699 -0.00450000
v -0.03108349 0.08696699 -0.00450000
v -0.03144952 0.08733302 -0.00450000
v -0.03597476 0.08899360 -0.00450000
v -0.03597476 0.08824308 -0.00450000
v -0.03600000 0.08900000 -0.00450000
v -0.04275000 0.08824308 -0.00450000
v -0.04275000 0.08900000 -0.00450000
v -0.04800000 0.08900000 -0.00450000
v -0.04800000 0.08824308 -0.00450000
v -0.05100000 0.08900000 -0.00450000
v -0.05377837 0.08824308 -0.00450000
v -0.05925069 0.09121077 -0.00450000
v -0.06107862 0.08942984 -0.00450000
v -0.06144464 0.08979586 -0.00450000
v -0.06194464 0.08992984 -0.00450000
v -0.06600000 0.09301924 -0.00450000
v -0.07971282 0.10300000 -0.00450000
v -0.07957884 0.10250000 -0.00450000
v -0.07921281 0.10213398 -0.00450000
v -0.07871281 0.10200000 -0.00450000
v -0.07821281 0.10213398 -0.00450000
v -0.07784679 0.10250000 -0.00450000
v -0.07771281 0.10300000 -0.00450000
v -0.07711311 0.10449396 -0.00450000
v -0.07784679 0.10350000 -0.00450000
v -0.07821281 0.10386603 -0.00450000
v -0.07878923 0.11074931 -0.00450000
v -0.07871281 0.10400000 -0.00450000
v -0.07921281 0.10386603 -0.00450000
v -0.07957884 0.10350000 -0.00450000
v -0.08079200 0.11822376 -0.00450000
v -0.08025554 0.11622163 -0.00450000
v -0.08079200 0.11622163 -0.00450000
v -0.07989149 0.11486298 -0.00450000
v -0.08350000 0.11813397 -0.00450000
v -0.08300000 0.11800000 -0.00450000
v -0.08250000 0.11986603 -0.00450000
v -0.08300000 0.12000000 -0.00450000
v -0.08375692 0.12225000 -0.00450000
v -0.08250000 0.11813397 -0.00450000
v -0.08213397 0.11850000 -0.00450000
v -0.08100000 0.11900000 -0.00450000
v -0.08200000 0.11900000 -0.00450000
v -0.08100000 0.12225000 -0.00450000
v -0.08213397 0.11950000 -0.00450000
v -0.08350000 0.11986603 -0.00450000
v -0.08375692 0.11960910 -0.00450000
v -0.08600000 0.12225000 -0.00450000
v -0.08386602 0.11950000 -0.00450000
v -0.08600000 0.11900000 -0.00450000
v -0.08400000 0.11900000 -0.00450000
v -0.08386602 0.11850000 -0.00450000
v -0.08375692 0.11839090 -0.00450000
v -0.08350000 0.12463398 -0.00450000
v -0.08300000 0.12450000 -0.00450000
v -0.08250000 0.12463398 -0.00450000
v -0.08213397 0.12500000 -0.00450000
v -0.08200000 0.12550000 -0.00450000
v -0.08100000 0.12812500 -0.00450000
v -0.08213397 0.12600000 -0.00450000
v -0.08250000 0.12636603 -0.00450000
v -0.08300000 0.12650000 -0.00450000
v -0.08250000 0.12988398 -0.00450000
v -0.08300000 0.12975000 -0.00450000
v -0.08350000 0.12988398 -0.00450000
v -0.08375692 0.13014090 -0.00450000
v -0.08213397 0.13025000 -0.00450000
v -0.08200000 0.13075000 -0.00450000
v -0.08100000 0.13350000 -0.00450000
v -0.08213397 0.13125000 -0.00450000
v -0.08250000 0.13161603 -0.00450000
v -0.08300000 0.13175000 -0.00450000
v -0.08375692 0.13350000 -0.00450000
v -0.08350000 0.13538397 -0.00450000
v -0.08300000 0.13525000 -0.00450000
v -0.08250000 0.13538397 -0.00450000
v -0.08213397 0.13575000 -0.00450000
v -0.08200000 0.13625000 -0.00450000
v -0.08100000 0.13887500 -0.00450000
v -0.08213397 0.13675000 -0.00450000
v -0.08250000 0.13711602 -0.00450000
v -0.08300000 0.13725000 -0.00450000
v -0.08350000 0.13711602 -0.00450000
v -0.08250000 0.14063397 -0.00450000
v -0.08300000 0.14050000 -0.00450000
v -0.08350000 0.14063397 -0.00450000
v -0.08213397 0.14200000 -0.00450000
v -0.08100000 0.14475000 -0.00450000
v -0.08200000 0.14150000 -0.00450000
v -0.08213397 0.14100000 -0.00450000
v -0.08250000 0.14236602 -0.00450000
v -0.08300000 0.14250000 -0.00450000
v -0.08375692 0.14475000 -0.00450000
v -0.08386602 0.14850000 -0.00450000
v -0.08600000 0.14800000 -0.00450000
v -0.08400000 0.14800000 -0.00450000
v -0.08600000 0.14475000 -0.00450000
v -0.08386602 0.14750000 -0.00450000
v -0.08375692 0.14739090 -0.00450000
v -0.08350000 0.14713398 -0.00450000
v -0.08300000 0.14700000 -0.00450000
v -0.08250000 0.14713398 -0.00450000
v -0.08213397 0.14750000 -0.00450000
v -0.08100000 0.14800000 -0.00450000
v -0.08200000 0.14800000 -0.00450000
v -0.08079200 0.14877624 -0.00450000
v -0.08201385 0.15269072 -0.00450000
v -0.08164782 0.15305674 -0.00450000
v -0.08213397 0.14850000 -0.00450000
v -0.08250000 0.14886603 -0.00450000
v -0.08301385 0.15442277 -0.00450000
v -0.08337987 0.15405674 -0.00450000
v -0.08351385 0.15355674 -0.00450000
v -0.08337987 0.15305674 -0.00450000
v -0.08300000 0.14900000 -0.00450000
v -0.08301385 0.15269072 -0.00450000
v -0.08251385 0.15255674 -0.00450000
v -0.08151384 0.15355674 -0.00450000
v -0.08164782 0.15405674 -0.00450000
v -0.08201385 0.15442277 -0.00450000
v -0.08251385 0.15455674 -0.00450000
v -0.07989149 0.15213702 -0.00450000
v -0.07989149 0.15625069 -0.00450000
v -0.07878923 0.15625069 -0.00450000
v -0.07989149 0.16147232 -0.00450000
v -0.07739010 0.16147232 -0.00450000
v -0.07784679 0.16350000 -0.00450000
v -0.07711311 0.16250604 -0.00450000
v -0.07821281 0.16313397 -0.00450000
v -0.07871281 0.16300000 -0.00450000
v -0.07921281 0.16313397 -0.00450000
v -0.07921281 0.16486602 -0.00450000
v -0.07957884 0.16450000 -0.00450000
v -0.07971282 0.16400000 -0.00450000
v -0.07957884 0.16350000 -0.00450000
v -0.07771281 0.16400000 -0.00450000
v -0.07784679 0.16450000 -0.00450000
v -0.07821281 0.16486602 -0.00450000
v -0.07871281 0.16500000 -0.00450000
v -0.07698076 0.16300000 -0.00450000
v -0.06600000 0.17398076 -0.00450000
v -0.06550604 0.17411312 -0.00450000
v -0.06447233 0.17439010 -0.00450000
v -0.06650000 0.17484678 -0.00450000
v -0.06700000 0.17471282 -0.00450000
v -0.06750000 0.17484678 -0.00450000
v -0.06613398 0.17521282 -0.00450000
v -0.06600000 0.17571281 -0.00450000
v -0.06447233 0.17689149 -0.00450000
v -0.06750000 0.17657884 -0.00450000
v -0.06786603 0.17621281 -0.00450000
v -0.06800000 0.17571281 -0.00450000
v -0.06786603 0.17521282 -0.00450000
v -0.06613398 0.17621281 -0.00450000
v -0.06650000 0.17657884 -0.00450000
v -0.06700000 0.17671281 -0.00450000
v -0.05177625 0.17779201 -0.00450000
v -0.05377837 0.17779201 -0.00450000
v -0.05377837 0.17725553 -0.00450000
v -0.05513702 0.17689149 -0.00450000
v -0.04600000 0.17826795 -0.00450000
v -0.04700000 0.17800000 -0.00450000
v -0.04800000 0.17800000 -0.00450000
v -0.05100000 0.17800000 -0.00450000
v -0.04526795 0.17900000 -0.00450000
v -0.02741548 0.08542874 -0.00450000
v -0.02754945 0.08492874 -0.00450000
v -0.02588818 0.08563349 -0.00450000
v -0.02604945 0.08579477 -0.00450000
v -0.02654945 0.08592874 -0.00450000
v -0.02704945 0.08579477 -0.00450000
v -0.02721073 0.08563349 -0.00450000
v -0.02561132 0.08469787 -0.00450000
v -0.02554945 0.08492874 -0.00450000
v -0.02568343 0.08542874 -0.00450000
v -0.03248205 0.08563349 -0.00450000
v -0.03244952 0.08560096 -0.00450000
v -0.03194952 0.08546699 -0.00450000
v -0.03144952 0.08560096 -0.00450000
v -0.03141699 0.08563349 -0.00450000
v -0.08350000 0.14236602 -0.00450000
v -0.08375692 0.14210910 -0.00450000
v -0.08386602 0.14200000 -0.00450000
v -0.08600000 0.13887500 -0.00450000
v -0.08400000 0.14150000 -0.00450000
v -0.08386602 0.12600000 -0.00450000
v -0.08600000 0.12812500 -0.00450000
v -0.08400000 0.12550000 -0.00450000
v -0.08386602 0.12500000 -0.00450000
v -0.08375692 0.12489090 -0.00450000
v -0.04463397 0.08630000 -0.00450000
v -0.04450000 0.08680000 -0.00450000
v -0.04275000 0.08786492 -0.00450000
v -0.04463397 0.08730000 -0.00450000
v -0.04500000 0.08766602 -0.00450000
v -0.04550000 0.08780000 -0.00450000
v -0.04800000 0.08786492 -0.00450000
v -0.04600000 0.08766602 -0.00450000
v -0.04636602 0.08730000 -0.00450000
v -0.04800000 0.08596437 -0.00450000
v -0.04650000 0.08680000 -0.00450000
v -0.04636602 0.08630000 -0.00450000
v -0.04603039 0.08596437 -0.00450000
v -0.04600000 0.08593398 -0.00450000
v -0.04550000 0.08580000 -0.00450000
v -0.04275000 0.08563349 -0.00450000
v -0.03913397 0.08630000 -0.00450000
v -0.03900000 0.08680000 -0.00450000
v -0.03913397 0.08730000 -0.00450000
v -0.03950000 0.08766602 -0.00450000
v -0.04000000 0.08780000 -0.00450000
v -0.04050000 0.08766602 -0.00450000
v -0.04086602 0.08730000 -0.00450000
v -0.04100000 0.08680000 -0.00450000
v -0.04086602 0.08630000 -0.00450000
v -0.04053039 0.08596437 -0.00450000
v -0.04050000 0.08593398 -0.00450000
v -0.04000000 0.08580000 -0.00450000
v -0.03597476 0.08563349 -0.00450000
v -0.03950000 0.08593398 -0.00450000
v -0.03946960 0.08596437 -0.00450000
v -0.08375692 0.13685911 -0.00450000
v -0.08386602 0.13675000 -0.00450000
v -0.08400000 0.13625000 -0.00450000
v -0.08600000 0.13350000 -0.00450000
v -0.08386602 0.13575000 -0.00450000
v -0.08375692 0.13564090 -0.00450000
v -0.08386602 0.13025000 -0.00450000
v -0.08350000 0.13161603 -0.00450000
v -0.08375692 0.13135910 -0.00450000
v -0.08386602 0.13125000 -0.00450000
v -0.08400000 0.13075000 -0.00450000
v -0.06107862 0.17857017 -0.00450000
v -0.06144464 0.17893619 -0.00450000
v -0.06094464 0.17807017 -0.00450000
v -0.06447233 0.17928928 -0.00450000
v -0.06447233 0.17928508 -0.00450000
v -0.06194464 0.17907016 -0.00450000
v -0.06244465 0.17893619 -0.00450000
v -0.06281067 0.17857017 -0.00450000
v -0.06447233 0.17779201 -0.00450000
v -0.06294464 0.17807017 -0.00450000
v -0.06287012 0.17779201 -0.00450000
v -0.06281067 0.17757017 -0.00450000
v -0.06244465 0.17720414 -0.00450000
v -0.06194464 0.17707016 -0.00450000
v -0.05925069 0.17689149 -0.00450000
v -0.06101918 0.17779201 -0.00450000
v -0.05925069 0.17779201 -0.00450000
v -0.06107862 0.17757017 -0.00450000
v -0.06144464 0.17720414 -0.00450000
v -0.08107016 0.15794464 -0.00450000
v -0.08079200 0.15801918 -0.00450000
v -0.08057016 0.15807862 -0.00450000
v -0.08057016 0.15981067 -0.00450000
v -0.08020414 0.15844464 -0.00450000
v -0.08007016 0.15894465 -0.00450000
v -0.08020414 0.15944465 -0.00450000
v -0.05705674 0.08835218 -0.00450000
v -0.05716584 0.08824308 -0.00450000
v -0.05925069 0.08824308 -0.00450000
v -0.05742277 0.08798615 -0.00450000
v -0.05745525 0.08786492 -0.00450000
v -0.05655674 0.08848615 -0.00450000
v -0.05594764 0.08824308 -0.00450000
v -0.05605674 0.08835218 -0.00450000
v -0.05555674 0.08748615 -0.00450000
v -0.05377837 0.08786492 -0.00450000
v -0.05565823 0.08786492 -0.00450000
v -0.05569072 0.08798615 -0.00450000
v -0.05186602 0.08750000 -0.00450000
v -0.05200000 0.08700000 -0.00450000
v -0.05186602 0.08650000 -0.00450000
v -0.05150000 0.08613397 -0.00450000
v -0.05100000 0.08600000 -0.00450000
v -0.05050000 0.08613397 -0.00450000
v -0.05013397 0.08650000 -0.00450000
v -0.05000000 0.08700000 -0.00450000
v -0.05013397 0.08750000 -0.00450000
v -0.05049889 0.08786492 -0.00450000
v -0.05050000 0.08786603 -0.00450000
v -0.05100000 0.08800000 -0.00450000
v -0.05150000 0.08786603 -0.00450000
v -0.05150111 0.08786492 -0.00450000
v -0.06244465 0.08979586 -0.00450000
v -0.06281067 0.08942984 -0.00450000
v -0.06287012 0.08920799 -0.00450000
v -0.06294464 0.08892984 -0.00450000
v -0.06850000 0.08868911 -0.00450000
v -0.06281067 0.08842984 -0.00450000
v -0.06107862 0.08842984 -0.00450000
v -0.06262391 0.08824308 -0.00450000
v -0.06244465 0.08806381 -0.00450000
v -0.06194464 0.08792984 -0.00450000
v -0.06144464 0.08806381 -0.00450000
v -0.06126538 0.08824308 -0.00450000
v -0.05749545 0.17928508 -0.00450000
v -0.05742277 0.17901385 -0.00450000
v -0.05705674 0.17864782 -0.00450000
v -0.05655674 0.17851385 -0.00450000
v -0.05925069 0.17578923 -0.00450000
v -0.05605674 0.17864782 -0.00450000
v -0.05569072 0.17901385 -0.00450000
v -0.05561804 0.17928508 -0.00450000
v -0.03281292 0.08596437 -0.00450000
v -0.08301385 0.11257723 -0.00450000
v -0.08251385 0.11244326 -0.00450000
v -0.08164782 0.11294326 -0.00450000
v -0.08151384 0.11344326 -0.00450000
v -0.08201385 0.11257723 -0.00450000
v -0.08301385 0.11430928 -0.00450000
v -0.08337987 0.11394326 -0.00450000
v -0.08351385 0.11344326 -0.00450000
v -0.08337987 0.11294326 -0.00450000
v -0.08164782 0.11394326 -0.00450000
v -0.08201385 0.11430928 -0.00450000
v -0.08251385 0.11444326 -0.00450000
v -0.06294464 0.17807017 -0.00150000
v -0.06294464 0.17807017 -0.00450000
v -0.06281067 0.17857017 -0.00150000
v -0.06281067 0.17857017 -0.00450000
v -0.06244465 0.17893619 -0.00150000
v -0.06244465 0.17893619 -0.00450000
v -0.06194464 0.17907016 -0.00150000
v -0.06194464 0.17907016 -0.00450000
v -0.06144464 0.17893619 -0.00150000
v -0.06144464 0.17893619 -0.00450000
v -0.06107862 0.17857017 -0.00150000
v -0.06107862 0.17857017 -0.00450000
v -0.06094464 0.17807017 -0.00150000
v -0.06094464 0.17807017 -0.00450000
v -0.06107862 0.17757017 -0.00150000
v -0.06107862 0.17757017 -0.00450000
v -0.06144464 0.17720414 -0.00150000
v -0.06144464 0.17720414 -0.00450000
v -0.06194464 0.17707016 -0.00150000
v -0.06194464 0.17707016 -0.00450000
v -0.06244465 0.17720414 -0.00150000
v -0.06244465 0.17720414 -0.00450000
v -0.06281067 0.17757017 -0.00150000
v -0.06281067 0.17757017 -0.00450000
v -0.08400000 0.14150000 -0.00150000
v -0.08400000 0.14150000 -0.00450000
v -0.08386602 0.14200000 -0.00150000
v -0.08386602 0.14200000 -0.00450000
v -0.08350000 0.14236602 -0.00150000
v -0.08350000 0.14236602 -0.00450000
v -0.08300000 0.14250000 -0.00150000
v -0.08300000 0.14250000 -0.00450000
v -0.08250000 0.14236602 -0.00150000
v -0.08250000 0.14236602 -0.00450000
v -0.08213397 0.14200000 -0.00150000
v -0.08213397 0.14200000 -0.00450000
v -0.08200000 0.14150000 -0.00150000
v -0.08200000 0.14150000 -0.00450000
v -0.08213397 0.14100000 -0.00150000
v -0.08213397 0.14100000 -0.00450000
v -0.08250000 0.14063397 -0.00150000
v -0.08250000 0.14063397 -0.00450000
v -0.08300000 0.14050000 -0.00150000
v -0.08300000 0.14050000 -0.00450000
v -0.08350000 0.14063397 -0.00150000
v -0.08350000 0.14063397 -0.00450000
v -0.08386602 0.14100000 -0.00150000
v -0.08386602 0.14100000 -0.00450000
v -0.01073406 0.06900000 -0.00450000
v -0.01073406 0.06900000 -0.00150000
v -0.01093502 0.06975000 -0.00450000
v -0.01093502 0.06975000 -0.00150000
v -0.01117340 0.07006066 -0.00450000
v -0.01117340 0.07006066 -0.00150000
v -0.01148406 0.07029904 -0.00450000
v -0.01148406 0.07029904 -0.00150000
v -0.01223406 0.07050000 -0.00450000
v -0.01223406 0.07050000 -0.00150000
v -0.01298406 0.07029904 -0.00450000
v -0.01298406 0.07029904 -0.00150000
v -0.01353310 0.06975000 -0.00450000
v -0.01353310 0.06975000 -0.00150000
v -0.01373406 0.06900000 -0.00450000
v -0.01373406 0.06900000 -0.00150000
v -0.01353310 0.06825000 -0.00450000
v -0.01353310 0.06825000 -0.00150000
v -0.01298406 0.06770096 -0.00450000
v -0.01298406 0.06770096 -0.00150000
v -0.01223406 0.06750000 -0.00450000
v -0.01223406 0.06750000 -0.00150000
v -0.01148406 0.06770096 -0.00450000
v -0.01148406 0.06770096 -0.00150000
v -0.01093502 0.06825000 -0.00450000
v -0.01093502 0.06825000 -0.00150000
v -0.07971282 0.10300000 -0.00150000
v -0.07971282 0.10300000 -0.00450000
v -0.07957884 0.10350000 -0.00150000
v -0.07957884 0.10350000 -0.00450000
v -0.07921281 0.10386603 -0.00150000
v -0.07921281 0.10386603 -0.00450000
v -0.07871281 0.10400000 -0.00150000
v -0.07871281 0.10400000 -0.00450000
v -0.07821281 0.10386603 -0.00150000
v -0.07821281 0.10386603 -0.00450000
v -0.07784679 0.10350000 -0.00150000
v -0.07784679 0.10350000 -0.00450000
v -0.07771281 0.10300000 -0.00150000
v -0.07771281 0.10300000 -0.00450000
v -0.07784679 0.10250000 -0.00150000
v -0.07784679 0.10250000 -0.00450000
v -0.07821281 0.10213398 -0.00150000
v -0.07821281 0.10213398 -0.00450000
v -0.07871281 0.10200000 -0.00150000
v -0.07871281 0.10200000 -0.00450000
v -0.07921281 0.10213398 -0.00150000
v -0.07921281 0.10213398 -0.00450000
v -0.07957884 0.10250000 -0.00150000
v -0.07957884 0.10250000 -0.00450000
v -0.03294951 0.08646699 -0.00150000
v -0.03294951 0.08646699 -0.00450000
v -0.03281554 0.08696699 -0.00150000
v -0.03281554 0.08696699 -0.00450000
v -0.03244952 0.08733302 -0.00150000
v -0.03244952 0.08733302 -0.00450000
v -0.03194952 0.08746699 -0.00150000
v -0.03194952 0.08746699 -0.00450000
v -0.03144952 0.08733302 -0.00150000
v -0.03144952 0.08733302 -0.00450000
v -0.03108349 0.08696699 -0.00150000
v -0.03108349 0.08696699 -0.00450000
v -0.03094952 0.08646699 -0.00150000
v -0.03094952 0.08646699 -0.00450000
v -0.03108349 0.08596699 -0.00150000
v -0.03108349 0.08596699 -0.00450000
v -0.03144952 0.08560096 -0.00150000
v -0.03144952 0.08560096 -0.00450000
v -0.03194952 0.08546699 -0.00150000
v -0.03194952 0.08546699 -0.00450000
v -0.03244952 0.08560096 -0.00150000
v -0.03244952 0.08560096 -0.00450000
v -0.03281554 0.08596699 -0.00150000
v -0.03281554 0.08596699 -0.00450000
v -0.04500000 0.18000000 -0.00450000
v -0.04500000 0.18200000 -0.00450000
v -0.04500000 0.18000000 -0.00150000
v -0.04500000 0.18200000 -0.00150000
v -0.08207016 0.10805535 -0.00150000
v -0.08207016 0.10805535 -0.00450000
v -0.08193619 0.10855536 -0.00150000
v -0.08193619 0.10855536 -0.00450000
v -0.08157016 0.10892138 -0.00150000
v -0.08157016 0.10892138 -0.00450000
v -0.08107016 0.10905536 -0.00150000
v -0.08107016 0.10905536 -0.00450000
v -0.08057016 0.10892138 -0.00150000
v -0.08057016 0.10892138 -0.00450000
v -0.08020414 0.10855536 -0.00150000
v -0.08020414 0.10855536 -0.00450000
v -0.08007016 0.10805535 -0.00150000
v -0.08007016 0.10805535 -0.00450000
v -0.08020414 0.10755536 -0.00150000
v -0.08020414 0.10755536 -0.00450000
v -0.08057016 0.10718933 -0.00150000
v -0.08057016 0.10718933 -0.00450000
v -0.08107016 0.10705536 -0.00150000
v -0.08107016 0.10705536 -0.00450000
v -0.08157016 0.10718933 -0.00150000
v -0.08157016 0.10718933 -0.00450000
v -0.08193619 0.10755536 -0.00150000
v -0.08193619 0.10755536 -0.00450000
v -0.02754945 0.08492874 -0.00150000
v -0.02754945 0.08492874 -0.00450000
v -0.02741548 0.08542874 -0.00150000
v -0.02741548 0.08542874 -0.00450000
v -0.02704945 0.08579477 -0.00150000
v -0.02704945 0.08579477 -0.00450000
v -0.02654945 0.08592874 -0.00150000
v -0.02654945 0.08592874 -0.00450000
v -0.02604945 0.08579477 -0.00150000
v -0.02604945 0.08579477 -0.00450000
v -0.02568343 0.08542874 -0.00150000
v -0.02568343 0.08542874 -0.00450000
v -0.02554945 0.08492874 -0.00150000
v -0.02554945 0.08492874 -0.00450000
v -0.02568343 0.08442874 -0.00150000
v -0.02568343 0.08442874 -0.00450000
v -0.02604945 0.08406272 -0.00150000
v -0.02604945 0.08406272 -0.00450000
v -0.02654945 0.08392874 -0.00150000
v -0.02654945 0.08392874 -0.00450000
v -0.02704945 0.08406272 -0.00150000
v -0.02704945 0.08406272 -0.00450000
v -0.02741548 0.08442874 -0.00150000
v -0.02741548 0.08442874 -0.00450000
v -0.04700000 0.17800000 -0.00450000
v -0.04700000 0.17800000 -0.00150000
v -0.04800000 0.17800000 -0.00450000
v -0.04800000 0.17800000 -0.00150000
v -0.05100000 0.17800000 -0.00450000
v -0.05100000 0.17800000 -0.00150000
v -0.07256921 0.09448658 -0.00150000
v -0.07256921 0.09448658 -0.00450000
v -0.07243523 0.09498658 -0.00150000
v -0.07243523 0.09498658 -0.00450000
v -0.07206921 0.09535260 -0.00150000
v -0.07206921 0.09535260 -0.00450000
v -0.07156920 0.09548658 -0.00150000
v -0.07156920 0.09548658 -0.00450000
v -0.07106920 0.09535260 -0.00150000
v -0.07106920 0.09535260 -0.00450000
v -0.07070318 0.09498658 -0.00150000
v -0.07070318 0.09498658 -0.00450000
v -0.07056920 0.09448658 -0.00150000
v -0.07056920 0.09448658 -0.00450000
v -0.07070318 0.09398658 -0.00150000
v -0.07070318 0.09398658 -0.00450000
v -0.07106920 0.09362055 -0.00150000
v -0.07106920 0.09362055 -0.00450000
v -0.07156920 0.09348658 -0.00150000
v -0.07156920 0.09348658 -0.00450000
v -0.07206921 0.09362055 -0.00150000
v -0.07206921 0.09362055 -0.00450000
v -0.07243523 0.09398658 -0.00150000
v -0.07243523 0.09398658 -0.00450000
v -0.04600000 0.17826795 -0.00450000
v -0.04600000 0.17826795 -0.00150000
v -0.04526795 0.17900000 -0.00450000
v -0.04526795 0.17900000 -0.00150000
v -0.03600000 0.08900000 -0.00150000
v -0.03600000 0.08900000 -0.00450000
v -0.04275000 0.08900000 -0.00150000
v -0.04275000 0.08900000 -0.00450000
v -0.04800000 0.08900000 -0.00150000
v -0.04800000 0.08900000 -0.00450000
v -0.05100000 0.08900000 -0.00150000
v -0.05100000 0.08900000 -0.00450000
v -0.04950000 0.18100000 -0.00150000
v -0.04950000 0.18100000 -0.00450000
v -0.04929904 0.18175000 -0.00150000
v -0.04929904 0.18175000 -0.00450000
v -0.04875000 0.18229904 -0.00150000
v -0.04875000 0.18229904 -0.00450000
v -0.04800000 0.18250000 -0.00150000
v -0.04800000 0.18250000 -0.00450000
v -0.04725000 0.18229904 -0.00150000
v -0.04725000 0.18229904 -0.00450000
v -0.04670096 0.18175000 -0.00150000
v -0.04670096 0.18175000 -0.00450000
v -0.04650000 0.18100000 -0.00150000
v -0.04650000 0.18100000 -0.00450000
v -0.04670096 0.18025000 -0.00150000
v -0.04670096 0.18025000 -0.00450000
v -0.04725000 0.17970096 -0.00150000
v -0.04725000 0.17970096 -0.00450000
v -0.04800000 0.17950000 -0.00150000
v -0.04800000 0.17950000 -0.00450000
v -0.04875000 0.17970096 -0.00150000
v -0.04875000 0.17970096 -0.00450000
v -0.04929904 0.18025000 -0.00150000
v -0.04929904 0.18025000 -0.00450000
v -0.07651342 0.09843079 -0.00150000
v -0.07651342 0.09843079 -0.00450000
v -0.07637945 0.09893080 -0.00150000
v -0.07637945 0.09893080 -0.00450000
v -0.07601342 0.09929682 -0.00150000
v -0.07601342 0.09929682 -0.00450000
v -0.07551342 0.09943080 -0.00150000
v -0.07551342 0.09943080 -0.00450000
v -0.07501342 0.09929682 -0.00150000
v -0.07501342 0.09929682 -0.00450000
v -0.07464740 0.09893080 -0.00150000
v -0.07464740 0.09893080 -0.00450000
v -0.07451342 0.09843079 -0.00150000
v -0.07451342 0.09843079 -0.00450000
v -0.07464740 0.09793080 -0.00150000
v -0.07464740 0.09793080 -0.00450000
v -0.07501342 0.09756477 -0.00150000
v -0.07501342 0.09756477 -0.00450000
v -0.07551342 0.09743080 -0.00150000
v -0.07551342 0.09743080 -0.00450000
v -0.07601342 0.09756477 -0.00150000
v -0.07601342 0.09756477 -0.00450000
v -0.07637945 0.09793080 -0.00150000
v -0.07637945 0.09793080 -0.00450000
v -0.04526795 0.18300000 -0.00450000
v -0.04526795 0.18300000 -0.00150000
v -0.04600000 0.18373205 -0.00450000
v -0.04600000 0.18373205 -0.00150000
v -0.04700000 0.18400000 -0.00450000
v -0.04700000 0.18400000 -0.00150000
v -0.08100000 0.11900000 -0.00450000
v -0.08100000 0.11900000 -0.00150000
v -0.07698076 0.10400000 -0.00450000
v -0.07698076 0.10400000 -0.00150000
v -0.06600000 0.09301924 -0.00450000
v -0.06600000 0.09301924 -0.00150000
v -0.04800000 0.18400000 -0.00150000
v -0.04800000 0.18400000 -0.00450000
v -0.05100000 0.18400000 -0.00150000
v -0.05100000 0.18400000 -0.00450000
v -0.08400000 0.14800000 -0.00150000
v -0.08400000 0.14800000 -0.00450000
v -0.08386602 0.14850000 -0.00150000
v -0.08386602 0.14850000 -0.00450000
v -0.08350000 0.14886603 -0.00150000
v -0.08350000 0.14886603 -0.00450000
v -0.08300000 0.14900000 -0.00150000
v -0.08300000 0.14900000 -0.00450000
v -0.08250000 0.14886603 -0.00150000
v -0.08250000 0.14886603 -0.00450000
v -0.08213397 0.14850000 -0.00150000
v -0.08213397 0.14850000 -0.00450000
v -0.08200000 0.14800000 -0.00150000
v -0.08200000 0.14800000 -0.00450000
v -0.08213397 0.14750000 -0.00150000
v -0.08213397 0.14750000 -0.00450000
v -0.08250000 0.14713398 -0.00150000
v -0.08250000 0.14713398 -0.00450000
v -0.08300000 0.14700000 -0.00150000
v -0.08300000 0.14700000 -0.00450000
v -0.08350000 0.14713398 -0.00150000
v -0.08350000 0.14713398 -0.00450000
v -0.08386602 0.14750000 -0.00150000
v -0.08386602 0.14750000 -0.00450000
v -0.05100000 0.18400000 -0.00150000
v -0.05100000 0.18400000 -0.00450000
v -0.05169430 0.18326306 -0.00150000
v -0.05169430 0.18326306 -0.00450000
v -0.05266056 0.18296059 -0.00150000
v -0.05266056 0.18296059 -0.00450000
v -0.08100000 0.12225000 -0.00150000
v -0.08100000 0.12225000 -0.00450000
v -0.08100000 0.12812500 -0.00150000
v -0.08100000 0.12812500 -0.00450000
v -0.08100000 0.13350000 -0.00150000
v -0.08100000 0.13350000 -0.00450000
v -0.08100000 0.13887500 -0.00150000
v -0.08100000 0.13887500 -0.00450000
v -0.08100000 0.14475000 -0.00150000
v -0.08100000 0.14475000 -0.00450000
v -0.08100000 0.14800000 -0.00150000
v -0.08100000 0.14800000 -0.00450000
v -0.05755674 0.17951385 -0.00150000
v -0.05755674 0.17951385 -0.00450000
v -0.05742277 0.18001385 -0.00150000
v -0.05742277 0.18001385 -0.00450000
v -0.05705674 0.18037988 -0.00150000
v -0.05705674 0.18037988 -0.00450000
v -0.05655674 0.18051384 -0.00150000
v -0.05655674 0.18051384 -0.00450000
v -0.05605674 0.18037988 -0.00150000
v -0.05605674 0.18037988 -0.00450000
v -0.05569072 0.18001385 -0.00150000
v -0.05569072 0.18001385 -0.00450000
v -0.05555674 0.17951385 -0.00150000
v -0.05555674 0.17951385 -0.00450000
v -0.05569072 0.17901385 -0.00150000
v -0.05569072 0.17901385 -0.00450000
v -0.05605674 0.17864782 -0.00150000
v -0.05605674 0.17864782 -0.00450000
v -0.05655674 0.17851385 -0.00150000
v -0.05655674 0.17851385 -0.00450000
v -0.05705674 0.17864782 -0.00150000
v -0.05705674 0.17864782 -0.00450000
v -0.05742277 0.17901385 -0.00150000
v -0.05742277 0.17901385 -0.00450000
v -0.08351385 0.15355674 -0.00150000
v -0.08351385 0.15355674 -0.00450000
v -0.08337987 0.15405674 -0.00150000
v -0.08337987 0.15405674 -0.00450000
v -0.08301385 0.15442277 -0.00150000
v -0.08301385 0.15442277 -0.00450000
v -0.08251385 0.15455674 -0.00150000
v -0.08251385 0.15455674 -0.00450000
v -0.08201385 0.15442277 -0.00150000
v -0.08201385 0.15442277 -0.00450000
v -0.08164782 0.15405674 -0.00150000
v -0.08164782 0.15405674 -0.00450000
v -0.08151384 0.15355674 -0.00150000
v -0.08151384 0.15355674 -0.00450000
v -0.08164782 0.15305674 -0.00150000
v -0.08164782 0.15305674 -0.00450000
v -0.08201385 0.15269072 -0.00150000
v -0.08201385 0.15269072 -0.00450000
v -0.08251385 0.15255674 -0.00150000
v -0.08251385 0.15255674 -0.00450000
v -0.08301385 0.15269072 -0.00150000
v -0.08301385 0.15269072 -0.00450000
v -0.08337987 0.15305674 -0.00150000
v -0.08337987 0.15305674 -0.00450000
v -0.00918976 0.06334693 -0.00150000
v -0.00918976 0.06334693 -0.00450000
v -0.00961043 0.06264353 -0.00150000
v -0.00961043 0.06264353 -0.00450000
v -0.01027792 0.06216793 -0.00150000
v -0.01027792 0.06216793 -0.00450000
v -0.06600000 0.17398076 -0.00450000
v -0.06600000 0.17398076 -0.00150000
v -0.07698076 0.16300000 -0.00450000
v -0.07698076 0.16300000 -0.00150000
v -0.06294464 0.08892984 -0.00150000
v -0.06294464 0.08892984 -0.00450000
v -0.06281067 0.08942984 -0.00150000
v -0.06281067 0.08942984 -0.00450000
v -0.06244465 0.08979586 -0.00150000
v -0.06244465 0.08979586 -0.00450000
v -0.06194464 0.08992984 -0.00150000
v -0.06194464 0.08992984 -0.00450000
v -0.06144464 0.08979586 -0.00150000
v -0.06144464 0.08979586 -0.00450000
v -0.06107862 0.08942984 -0.00150000
v -0.06107862 0.08942984 -0.00450000
v -0.06094464 0.08892984 -0.00150000
v -0.06094464 0.08892984 -0.00450000
v -0.06107862 0.08842984 -0.00150000
v -0.06107862 0.08842984 -0.00450000
v -0.06144464 0.08806381 -0.00150000
v -0.06144464 0.08806381 -0.00450000
v -0.06194464 0.08792984 -0.00150000
v -0.06194464 0.08792984 -0.00450000
v -0.06244465 0.08806381 -0.00150000
v -0.06244465 0.08806381 -0.00450000
v -0.06281067 0.08842984 -0.00150000
v -0.06281067 0.08842984 -0.00450000
v -0.08351385 0.11344326 -0.00150000
v -0.08351385 0.11344326 -0.00450000
v -0.08337987 0.11394326 -0.00150000
v -0.08337987 0.11394326 -0.00450000
v -0.08301385 0.11430928 -0.00150000
v -0.08301385 0.11430928 -0.00450000
v -0.08251385 0.11444326 -0.00150000
v -0.08251385 0.11444326 -0.00450000
v -0.08201385 0.11430928 -0.00150000
v -0.08201385 0.11430928 -0.00450000
v -0.08164782 0.11394326 -0.00150000
v -0.08164782 0.11394326 -0.00450000
v -0.08151384 0.11344326 -0.00150000
v -0.08151384 0.11344326 -0.00450000
v -0.08164782 0.11294326 -0.00150000
v -0.08164782 0.11294326 -0.00450000
v -0.08201385 0.11257723 -0.00150000
v -0.08201385 0.11257723 -0.00450000
v -0.08251385 0.11244326 -0.00150000
v -0.08251385 0.11244326 -0.00450000
v -0.08301385 0.11257723 -0.00150000
v -0.08301385 0.11257723 -0.00450000
v -0.08337987 0.11294326 -0.00150000
v -0.08337987 0.11294326 -0.00450000
v -0.01303493 0.06224081 -0.00150000
v -0.01303493 0.06224081 -0.00450000
v -0.01375726 0.06290526 -0.00150000
v -0.01375726 0.06290526 -0.00450000
v -0.08600000 0.14800000 -0.00450000
v -0.08600000 0.14800000 -0.00150000
v -0.08158395 0.16501829 -0.00150000
v -0.08158395 0.16501829 -0.00450000
v -0.06945016 0.17774208 -0.00150000
v -0.06945016 0.17774208 -0.00450000
v -0.05266056 0.18296059 -0.00150000
v -0.05266056 0.18296059 -0.00450000
v -0.06800000 0.09128719 -0.00150000
v -0.06800000 0.09128719 -0.00450000
v -0.06786603 0.09178719 -0.00150000
v -0.06786603 0.09178719 -0.00450000
v -0.06750000 0.09215321 -0.00150000
v -0.06750000 0.09215321 -0.00450000
v -0.06700000 0.09228719 -0.00150000
v -0.06700000 0.09228719 -0.00450000
v -0.06650000 0.09215321 -0.00150000
v -0.06650000 0.09215321 -0.00450000
v -0.06613398 0.09178719 -0.00150000
v -0.06613398 0.09178719 -0.00450000
v -0.06600000 0.09128719 -0.00150000
v -0.06600000 0.09128719 -0.00450000
v -0.06613398 0.09078719 -0.00150000
v -0.06613398 0.09078719 -0.00450000
v -0.06650000 0.09042116 -0.00150000
v -0.06650000 0.09042116 -0.00450000
v -0.06700000 0.09028719 -0.00150000
v -0.06700000 0.09028719 -0.00450000
v -0.06750000 0.09042116 -0.00150000
v -0.06750000 0.09042116 -0.00450000
v -0.06786603 0.09078719 -0.00150000
v -0.06786603 0.09078719 -0.00450000
v -0.08400000 0.13075000 -0.00150000
v -0.08400000 0.13075000 -0.00450000
v -0.08386602 0.13125000 -0.00150000
v -0.08386602 0.13125000 -0.00450000
v -0.08350000 0.13161603 -0.00150000
v -0.08350000 0.13161603 -0.00450000
v -0.08300000 0.13175000 -0.00150000
v -0.08300000 0.13175000 -0.00450000
v -0.08250000 0.13161603 -0.00150000
v -0.08250000 0.13161603 -0.00450000
v -0.08213397 0.13125000 -0.00150000
v -0.08213397 0.13125000 -0.00450000
v -0.08200000 0.13075000 -0.00150000
v -0.08200000 0.13075000 -0.00450000
v -0.08213397 0.13025000 -0.00150000
v -0.08213397 0.13025000 -0.00450000
v -0.08250000 0.12988398 -0.00150000
v -0.08250000 0.12988398 -0.00450000
v -0.08300000 0.12975000 -0.00150000
v -0.08300000 0.12975000 -0.00450000
v -0.08350000 0.12988398 -0.00150000
v -0.08350000 0.12988398 -0.00450000
v -0.08386602 0.13025000 -0.00150000
v -0.08386602 0.13025000 -0.00450000
v -0.08600000 0.14475000 -0.00150000
v -0.08600000 0.14475000 -0.00450000
v -0.08600000 0.13887500 -0.00150000
v -0.08600000 0.13887500 -0.00450000
v -0.08600000 0.13350000 -0.00150000
v -0.08600000 0.13350000 -0.00450000
v -0.08600000 0.12812500 -0.00150000
v -0.08600000 0.12812500 -0.00450000
v -0.08600000 0.12225000 -0.00150000
v -0.08600000 0.12225000 -0.00450000
v -0.08600000 0.11900000 -0.00150000
v -0.08600000 0.11900000 -0.00450000
v -0.05200000 0.08700000 -0.00150000
v -0.05200000 0.08700000 -0.00450000
v -0.05186602 0.08750000 -0.00150000
v -0.05186602 0.08750000 -0.00450000
v -0.05150000 0.08786603 -0.00150000
v -0.05150000 0.08786603 -0.00450000
v -0.05100000 0.08800000 -0.00150000
v -0.05100000 0.08800000 -0.00450000
v -0.05050000 0.08786603 -0.00150000
v -0.05050000 0.08786603 -0.00450000
v -0.05013397 0.08750000 -0.00150000
v -0.05013397 0.08750000 -0.00450000
v -0.05000000 0.08700000 -0.00150000
v -0.05000000 0.08700000 -0.00450000
v -0.05013397 0.08650000 -0.00150000
v -0.05013397 0.08650000 -0.00450000
v -0.05050000 0.08613397 -0.00150000
v -0.05050000 0.08613397 -0.00450000
v -0.05100000 0.08600000 -0.00150000
v -0.05100000 0.08600000 -0.00450000
v -0.05150000 0.08613397 -0.00150000
v -0.05150000 0.08613397 -0.00450000
v -0.05186602 0.08650000 -0.00150000
v -0.05186602 0.08650000 -0.00450000
v -0.08400000 0.13625000 -0.00150000
v -0.08400000 0.13625000 -0.00450000
v -0.08386602 0.13675000 -0.00150000
v -0.08386602 0.13675000 -0.00450000
v -0.08350000 0.13711602 -0.00150000
v -0.08350000 0.13711602 -0.00450000
v -0.08300000 0.13725000 -0.00150000
v -0.08300000 0.13725000 -0.00450000
v -0.08250000 0.13711602 -0.00150000
v -0.08250000 0.13711602 -0.00450000
v -0.08213397 0.13675000 -0.00150000
v -0.08213397 0.13675000 -0.00450000
v -0.08200000 0.13625000 -0.00150000
v -0.08200000 0.13625000 -0.00450000
v -0.08213397 0.13575000 -0.00150000
v -0.08213397 0.13575000 -0.00450000
v -0.08250000 0.13538397 -0.00150000
v -0.08250000 0.13538397 -0.00450000
v -0.08300000 0.13525000 -0.00150000
v -0.08300000 0.13525000 -0.00450000
v -0.08350000 0.13538397 -0.00150000
v -0.08350000 0.13538397 -0.00450000
v -0.08386602 0.13575000 -0.00150000
v -0.08386602 0.13575000 -0.00450000
v -0.05100000 0.08400000 -0.00450000
v -0.05100000 0.08400000 -0.00150000
v -0.06850000 0.08868911 -0.00150000
v -0.06850000 0.08868911 -0.00450000
v -0.08131089 0.10150000 -0.00150000
v -0.08131089 0.10150000 -0.00450000
v -0.05755674 0.08748615 -0.00150000
v -0.05755674 0.08748615 -0.00450000
v -0.05742277 0.08798615 -0.00150000
v -0.05742277 0.08798615 -0.00450000
v -0.05705674 0.08835218 -0.00150000
v -0.05705674 0.08835218 -0.00450000
v -0.05655674 0.08848615 -0.00150000
v -0.05655674 0.08848615 -0.00450000
v -0.05605674 0.08835218 -0.00150000
v -0.05605674 0.08835218 -0.00450000
v -0.05569072 0.08798615 -0.00150000
v -0.05569072 0.08798615 -0.00450000
v -0.05555674 0.08748615 -0.00150000
v -0.05555674 0.08748615 -0.00450000
v -0.05569072 0.08698615 -0.00150000
v -0.05569072 0.08698615 -0.00450000
v -0.05605674 0.08662013 -0.00150000
v -0.05605674 0.08662013 -0.00450000
v -0.05655674 0.08648615 -0.00150000
v -0.05655674 0.08648615 -0.00450000
v -0.05705674 0.08662013 -0.00150000
v -0.05705674 0.08662013 -0.00450000
v -0.05742277 0.08698615 -0.00150000
v -0.05742277 0.08698615 -0.00450000
v -0.04100000 0.08680000 -0.00150000
v -0.04100000 0.08680000 -0.00450000
v -0.04086602 0.08730000 -0.00150000
v -0.04086602 0.08730000 -0.00450000
v -0.04050000 0.08766602 -0.00150000
v -0.04050000 0.08766602 -0.00450000
v -0.04000000 0.08780000 -0.00150000
v -0.04000000 0.08780000 -0.00450000
v -0.03950000 0.08766602 -0.00150000
v -0.03950000 0.08766602 -0.00450000
v -0.03913397 0.08730000 -0.00150000
v -0.03913397 0.08730000 -0.00450000
v -0.03900000 0.08680000 -0.00150000
v -0.03900000 0.08680000 -0.00450000
v -0.03913397 0.08630000 -0.00150000
v -0.03913397 0.08630000 -0.00450000
v -0.03950000 0.08593398 -0.00150000
v -0.03950000 0.08593398 -0.00450000
v -0.04000000 0.08580000 -0.00150000
v -0.04000000 0.08580000 -0.00450000
v -0.04050000 0.08593398 -0.00150000
v -0.04050000 0.08593398 -0.00450000
v -0.04086602 0.08630000 -0.00150000
v -0.04086602 0.08630000 -0.00450000
v -0.04800000 0.08400000 -0.00150000
v -0.04800000 0.08400000 -0.00450000
v -0.04275000 0.08400000 -0.00150000
v -0.04275000 0.08400000 -0.00450000
v -0.07651342 0.16856920 -0.00150000
v -0.07651342 0.16856920 -0.00450000
v -0.07637945 0.16906920 -0.00150000
v -0.07637945 0.16906920 -0.00450000
v -0.07601342 0.16943523 -0.00150000
v -0.07601342 0.16943523 -0.00450000
v -0.07551342 0.16956920 -0.00150000
v -0.07551342 0.16956920 -0.00450000
v -0.07501342 0.16943523 -0.00150000
v -0.07501342 0.16943523 -0.00450000
v -0.07464740 0.16906920 -0.00150000
v -0.07464740 0.16906920 -0.00450000
v -0.07451342 0.16856920 -0.00150000
v -0.07451342 0.16856920 -0.00450000
v -0.07464740 0.16806921 -0.00150000
v -0.07464740 0.16806921 -0.00450000
v -0.07501342 0.16770318 -0.00150000
v -0.07501342 0.16770318 -0.00450000
v -0.07551342 0.16756921 -0.00150000
v -0.07551342 0.16756921 -0.00450000
v -0.07601342 0.16770318 -0.00150000
v -0.07601342 0.16770318 -0.00450000
v -0.07637945 0.16806921 -0.00150000
v -0.07637945 0.16806921 -0.00450000
v -0.04000000 0.17400000 0.02550000
v -0.04300000 0.17400000 0.02550000
v -0.04000000 0.17475000 0.02529904
v -0.04300000 0.17475000 0.02529904
v -0.04000000 0.17529904 0.02475000
v -0.04300000 0.17529904 0.02475000
v -0.04000000 0.17550000 0.02400000
v -0.04300000 0.17550000 0.02400000
v -0.04000000 0.17529904 0.02325000
v -0.04300000 0.17529904 0.02325000
v -0.04000000 0.17475000 0.02270096
v -0.04300000 0.17475000 0.02270096
v -0.04000000 0.17400000 0.02250000
v -0.04300000 0.17400000 0.02250000
v -0.04000000 0.17325000 0.02270096
v -0.04300000 0.17325000 0.02270096
v -0.04000000 0.17270096 0.02325000
v -0.04300000 0.17270096 0.02325000
v -0.04000000 0.17250000 0.02400000
v -0.04300000 0.17250000 0.02400000
v -0.04000000 0.17270096 0.02475000
v -0.04300000 0.17270096 0.02475000
v -0.04000000 0.17325000 0.02529904
v -0.04300000 0.17325000 0.02529904
v -0.04300000 0.17759915 0.02800000
v -0.04000000 0.17759915 0.02800000
v -0.04000000 0.17839148 0.02783635
v -0.04300000 0.17839148 0.02783635
v -0.04000000 0.17905416 0.02737220
v -0.04300000 0.17905416 0.02737220
v -0.04000000 0.17947873 0.02668349
v -0.04300000 0.17947873 0.02668349
v -0.04000000 0.16040085 -0.02800000
v -0.04300000 0.16040085 -0.02800000
v -0.04000000 0.16900000 -0.02800000
v -0.04300000 0.16900000 -0.02800000
v -0.04000000 0.17759915 -0.02800000
v -0.04300000 0.17759915 -0.02800000
v -0.04000000 0.15410000 -0.01417265
v -0.04000000 0.15410000 0.01417265
v -0.04300000 0.15410000 -0.01417265
v -0.04300000 0.15410000 0.01417265
v -0.04300000 0.16040085 0.02800000
v -0.04000000 0.16040085 0.02800000
v -0.04300000 0.16900000 0.02800000
v -0.04000000 0.16900000 0.02800000
v -0.04300000 0.15852127 0.02668349
v -0.04000000 0.15852127 0.02668349
v -0.04000000 0.15894584 0.02737220
v -0.04300000 0.15894584 0.02737220
v -0.04000000 0.15960851 0.02783635
v -0.04300000 0.15960851 0.02783635
v -0.04000000 0.16400000 0.02550000
v -0.04300000 0.16400000 0.02550000
v -0.04000000 0.16475000 0.02529904
v -0.04300000 0.16475000 0.02529904
v -0.04000000 0.16529904 0.02475000
v -0.04300000 0.16529904 0.02475000
v -0.04000000 0.16550000 0.02400000
v -0.04300000 0.16550000 0.02400000
v -0.04000000 0.16529904 0.02325000
v -0.04300000 0.16529904 0.02325000
v -0.04000000 0.16475000 0.02270096
v -0.04300000 0.16475000 0.02270096
v -0.04000000 0.16400000 0.02250000
v -0.04300000 0.16400000 0.02250000
v -0.04000000 0.16325000 0.02270096
v -0.04300000 0.16325000 0.02270096
v -0.04000000 0.16270096 0.02325000
v -0.04300000 0.16270096 0.02325000
v -0.04000000 0.16250000 0.02400000
v -0.04300000 0.16250000 0.02400000
v -0.04000000 0.16270096 0.02475000
v -0.04300000 0.16270096 0.02475000
v -0.04000000 0.16325000 0.02529904
v -0.04300000 0.16325000 0.02529904
v -0.04000000 0.18687959 0.00633114
v -0.04000000 0.18700000 0.00564765
v -0.04300000 0.18687959 0.00633114
v -0.04300000 0.18700000 0.00564765
v -0.04000000 0.16400000 -0.02250000
v -0.04300000 0.16400000 -0.02250000
v -0.04000000 0.16475000 -0.02270096
v -0.04300000 0.16475000 -0.02270096
v -0.04000000 0.16529904 -0.02325000
v -0.04300000 0.16529904 -0.02325000
v -0.04000000 0.16550000 -0.02400000
v -0.04300000 0.16550000 -0.02400000
v -0.04000000 0.16529904 -0.02475000
v -0.04300000 0.16529904 -0.02475000
v -0.04000000 0.16475000 -0.02529904
v -0.04300000 0.16475000 -0.02529904
v -0.04000000 0.16400000 -0.02550000
v -0.04300000 0.16400000 -0.02550000
v -0.04000000 0.16325000 -0.02529904
v -0.04300000 0.16325000 -0.02529904
v -0.04000000 0.16270096 -0.02475000
v -0.04300000 0.16270096 -0.02475000
v -0.04000000 0.16250000 -0.02400000
v -0.04300000 0.16250000 -0.02400000
v -0.04000000 0.16270096 -0.02325000
v -0.04300000 0.16270096 -0.02325000
v -0.04000000 0.16325000 -0.02270096
v -0.04300000 0.16325000 -0.02270096
v -0.04000000 0.18700000 -0.00564765
v -0.04000000 0.18687959 -0.00633114
v -0.04300000 0.18700000 -0.00564765
v -0.04300000 0.18687959 -0.00633114
v -0.04000000 0.17400000 -0.02250000
v -0.04300000 0.17400000 -0.02250000
v -0.04000000 0.17475000 -0.02270096
v -0.04300000 0.17475000 -0.02270096
v -0.04000000 0.17529904 -0.02325000
v -0.04300000 0.17529904 -0.02325000
v -0.04000000 0.17550000 -0.02400000
v -0.04300000 0.17550000 -0.02400000
v -0.04000000 0.17529904 -0.02475000
v -0.04300000 0.17529904 -0.02475000
v -0.04000000 0.17475000 -0.02529904
v -0.04300000 0.17475000 -0.02529904
v -0.04000000 0.17400000 -0.02550000
v -0.04300000 0.17400000 -0.02550000
v -0.04000000 0.17325000 -0.02529904
v -0.04300000 0.17325000 -0.02529904
v -0.04000000 0.17270096 -0.02475000
v -0.04300000 0.17270096 -0.02475000
v -0.04000000 0.17250000 -0.02400000
v -0.04300000 0.17250000 -0.02400000
v -0.04000000 0.17270096 -0.02325000
v -0.04300000 0.17270096 -0.02325000
v -0.04000000 0.17325000 -0.02270096
v -0.04300000 0.17325000 -0.02270096
v -0.04300000 0.16040085 -0.02800000
v -0.04000000 0.16040085 -0.02800000
v -0.04000000 0.15960851 -0.02783635
v -0.04300000 0.15960851 -0.02783635
v -0.04000000 0.15894584 -0.02737220
v -0.04300000 0.15894584 -0.02737220
v -0.04000000 0.15852127 -0.02668349
v -0.04300000 0.15852127 -0.02668349
v -0.04300000 0.16529904 0.02325000
v -0.04300000 0.16550000 0.02400000
v -0.04300000 0.16900000 0.02800000
v -0.04300000 0.16040085 0.02800000
v -0.04300000 0.16325000 0.02529904
v -0.04300000 0.15960851 0.02783635
v -0.04300000 0.16270096 0.02475000
v -0.04300000 0.15894584 0.02737220
v -0.04300000 0.16529904 0.02475000
v -0.04300000 0.16475000 0.02529904
v -0.04300000 0.16400000 0.02550000
v -0.04300000 0.15852127 0.02668349
v -0.04300000 0.16250000 0.02400000
v -0.04300000 0.15422041 0.01485614
v -0.04300000 0.16270096 0.02325000
v -0.04300000 0.15410000 0.01417265
v -0.04300000 0.16325000 0.02270096
v -0.04300000 0.15410000 -0.01417265
v -0.04300000 0.16475000 0.02270096
v -0.04300000 0.16900000 0.00900000
v -0.04300000 0.16400000 0.02250000
v -0.04300000 0.16450000 0.00779423
v -0.04300000 0.17529904 0.02475000
v -0.04300000 0.17475000 0.02529904
v -0.04300000 0.17759915 0.02800000
v -0.04300000 0.17400000 0.02550000
v -0.04300000 0.17325000 0.02529904
v -0.04300000 0.17270096 0.02475000
v -0.04300000 0.17839148 0.02783635
v -0.04300000 0.17905416 0.02737220
v -0.04300000 0.17550000 0.02400000
v -0.04300000 0.17947873 0.02668349
v -0.04300000 0.17529904 0.02325000
v -0.04300000 0.17250000 0.02400000
v -0.04300000 0.17679423 -0.00450000
v -0.04300000 0.18687959 -0.00633114
v -0.04300000 0.17350000 -0.00779423
v -0.04300000 0.18345455 -0.01575000
v -0.04300000 0.16900000 -0.00900000
v -0.04300000 0.16900000 -0.01575000
v -0.04300000 0.16450000 -0.00779423
v -0.04300000 0.17270096 0.02325000
v -0.04300000 0.17325000 0.02270096
v -0.04300000 0.17350000 0.00779423
v -0.04300000 0.17400000 0.02250000
v -0.04300000 0.17475000 0.02270096
v -0.04300000 0.17679423 0.00450000
v -0.04300000 0.18687959 0.00633114
v -0.04300000 0.17800000 -0.00000000
v -0.04300000 0.18700000 0.00564765
v -0.04300000 0.18700000 -0.00564765
v -0.04300000 0.16475000 -0.02270096
v -0.04300000 0.16400000 -0.02250000
v -0.04300000 0.15454545 -0.01575000
v -0.04300000 0.15422041 -0.01485613
v -0.04300000 0.16120577 -0.00450000
v -0.04300000 0.16000000 -0.00000000
v -0.04300000 0.16120577 0.00450000
v -0.04300000 0.16270096 -0.02475000
v -0.04300000 0.16325000 -0.02529904
v -0.04300000 0.16040085 -0.02800000
v -0.04300000 0.16400000 -0.02550000
v -0.04300000 0.16900000 -0.02800000
v -0.04300000 0.16475000 -0.02529904
v -0.04300000 0.16529904 -0.02475000
v -0.04300000 0.16550000 -0.02400000
v -0.04300000 0.16529904 -0.02325000
v -0.04300000 0.16325000 -0.02270096
v -0.04300000 0.16270096 -0.02325000
v -0.04300000 0.15852127 -0.02668349
v -0.04300000 0.16250000 -0.02400000
v -0.04300000 0.15894584 -0.02737220
v -0.04300000 0.15960851 -0.02783635
v -0.04300000 0.17529904 -0.02475000
v -0.04300000 0.17550000 -0.02400000
v -0.04300000 0.17947873 -0.02668349
v -0.04300000 0.17250000 -0.02400000
v -0.04300000 0.17270096 -0.02475000
v -0.04300000 0.17325000 -0.02529904
v -0.04300000 0.17759915 -0.02800000
v -0.04300000 0.17270096 -0.02325000
v -0.04300000 0.17325000 -0.02270096
v -0.04300000 0.17529904 -0.02325000
v -0.04300000 0.17475000 -0.02270096
v -0.04300000 0.17400000 -0.02250000
v -0.04300000 0.17400000 -0.02550000
v -0.04300000 0.17475000 -0.02529904
v -0.04300000 0.17839148 -0.02783635
v -0.04300000 0.17905416 -0.02737220
v -0.04000000 0.15422041 -0.01485613
v -0.04000000 0.15410000 -0.01417265
v -0.04300000 0.15422041 -0.01485613
v -0.04300000 0.15410000 -0.01417265
v -0.04000000 0.17759915 0.02800000
v -0.04000000 0.16900000 0.02800000
v -0.04000000 0.17325000 0.02529904
v -0.04000000 0.17325000 0.02270096
v -0.04000000 0.16900000 0.01450000
v -0.04000000 0.17400000 0.02250000
v -0.04000000 0.17625000 0.01255737
v -0.04000000 0.17475000 0.02270096
v -0.04000000 0.18700000 0.00564765
v -0.04000000 0.18155737 0.00725000
v -0.04000000 0.18350000 -0.00000000
v -0.04000000 0.17270096 0.02325000
v -0.04000000 0.17250000 0.02400000
v -0.04000000 0.17270096 0.02475000
v -0.04000000 0.17529904 0.02325000
v -0.04000000 0.18687959 0.00633114
v -0.04000000 0.17550000 0.02400000
v -0.04000000 0.17947873 0.02668349
v -0.04000000 0.17529904 0.02475000
v -0.04000000 0.17400000 0.02550000
v -0.04000000 0.17475000 0.02529904
v -0.04000000 0.17839148 0.02783635
v -0.04000000 0.17905416 0.02737220
v -0.04000000 0.17325000 -0.02270096
v -0.04000000 0.17400000 -0.02250000
v -0.04000000 0.16900000 -0.01850000
v -0.04000000 0.16900000 -0.02800000
v -0.04000000 0.17270096 -0.02475000
v -0.04000000 0.17250000 -0.02400000
v -0.04000000 0.18245455 -0.01850000
v -0.04000000 0.17270096 -0.02325000
v -0.04000000 0.17529904 -0.02475000
v -0.04000000 0.17475000 -0.02529904
v -0.04000000 0.17759915 -0.02800000
v -0.04000000 0.17400000 -0.02550000
v -0.04000000 0.17325000 -0.02529904
v -0.04000000 0.17475000 -0.02270096
v -0.04000000 0.17529904 -0.02325000
v -0.04000000 0.17947873 -0.02668349
v -0.04000000 0.17550000 -0.02400000
v -0.04000000 0.17905416 -0.02737220
v -0.04000000 0.17839148 -0.02783635
v -0.04000000 0.16270096 -0.02475000
v -0.04000000 0.16250000 -0.02400000
v -0.04000000 0.15852127 -0.02668349
v -0.04000000 0.15554545 -0.01850000
v -0.04000000 0.16400000 -0.02250000
v -0.04000000 0.16325000 -0.02270096
v -0.04000000 0.16270096 -0.02325000
v -0.04000000 0.16475000 -0.02270096
v -0.04000000 0.16529904 -0.02325000
v -0.04000000 0.16550000 -0.02400000
v -0.04000000 0.16529904 -0.02475000
v -0.04000000 0.16475000 -0.02529904
v -0.04000000 0.16040085 -0.02800000
v -0.04000000 0.16400000 -0.02550000
v -0.04000000 0.16325000 -0.02529904
v -0.04000000 0.15960851 -0.02783635
v -0.04000000 0.15894584 -0.02737220
v -0.04000000 0.16529904 0.02475000
v -0.04000000 0.16550000 0.02400000
v -0.04000000 0.16175000 -0.01255737
v -0.04000000 0.15644263 -0.00725000
v -0.04000000 0.15410000 -0.01417265
v -0.04000000 0.15450000 -0.00000000
v -0.04000000 0.15410000 0.01417265
v -0.04000000 0.15422041 -0.01485613
v -0.04000000 0.16900000 -0.01450000
v -0.04000000 0.17625000 -0.01255737
v -0.04000000 0.18155737 -0.00725000
v -0.04000000 0.18687959 -0.00633114
v -0.04000000 0.18700000 -0.00564765
v -0.04000000 0.16270096 0.02475000
v -0.04000000 0.16325000 0.02529904
v -0.04000000 0.16040085 0.02800000
v -0.04000000 0.16400000 0.02550000
v -0.04000000 0.16475000 0.02529904
v -0.04000000 0.16325000 0.02270096
v -0.04000000 0.15644263 0.00725000
v -0.04000000 0.16400000 0.02250000
v -0.04000000 0.16175000 0.01255737
v -0.04000000 0.16475000 0.02270096
v -0.04000000 0.16529904 0.02325000
v -0.04000000 0.15422041 0.01485614
v -0.04000000 0.16270096 0.02325000
v -0.04000000 0.15852127 0.02668349
v -0.04000000 0.16250000 0.02400000
v -0.04000000 0.15894584 0.02737220
v -0.04000000 0.15960851 0.02783635
v -0.04000000 0.15410000 0.01417265
v -0.04000000 0.15422041 0.01485614
v -0.04300000 0.15410000 0.01417265
v -0.04300000 0.15422041 0.01485614
v -0.04000000 0.17947873 -0.02668349
v -0.04300000 0.17947873 -0.02668349
v -0.04000000 0.17905416 -0.02737220
v -0.04300000 0.17905416 -0.02737220
v -0.04000000 0.17839148 -0.02783635
v -0.04300000 0.17839148 -0.02783635
v -0.04080000 0.16900000 0.00900000
v -0.04300000 0.16900000 0.00900000
v -0.04080000 0.17350000 0.00779423
v -0.04300000 0.17350000 0.00779423
v -0.04080000 0.17679423 0.00450000
v -0.04300000 0.17679423 0.00450000
v -0.04080000 0.17800000 -0.00000000
v -0.04300000 0.17800000 -0.00000000
v -0.04080000 0.17679423 -0.00450000
v -0.04300000 0.17679423 -0.00450000
v -0.04080000 0.17350000 -0.00779423
v -0.04300000 0.17350000 -0.00779423
v -0.04080000 0.16900000 -0.00900000
v -0.04300000 0.16900000 -0.00900000
v -0.04080000 0.16450000 -0.00779423
v -0.04300000 0.16450000 -0.00779423
v -0.04080000 0.16120577 -0.00450000
v -0.04300000 0.16120577 -0.00450000
v -0.04080000 0.16000000 -0.00000000
v -0.04300000 0.16000000 -0.00000000
v -0.04080000 0.16120577 0.00450000
v -0.04300000 0.16120577 0.00450000
v -0.04080000 0.16450000 0.00779423
v -0.04300000 0.16450000 0.00779423
v -0.04080000 0.16900000 -0.01450000
v -0.04000000 0.16900000 -0.01450000
v -0.04080000 0.17625000 -0.01255737
v -0.04000000 0.17625000 -0.01255737
v -0.04080000 0.18155737 -0.00725000
v -0.04000000 0.18155737 -0.00725000
v -0.04080000 0.18350000 -0.00000000
v -0.04000000 0.18350000 -0.00000000
v -0.04080000 0.18155737 0.00725000
v -0.04000000 0.18155737 0.00725000
v -0.04080000 0.17625000 0.01255737
v -0.04000000 0.17625000 0.01255737
v -0.04080000 0.16900000 0.01450000
v -0.04000000 0.16900000 0.01450000
v -0.04080000 0.16175000 0.01255737
v -0.04000000 0.16175000 0.01255737
v -0.04080000 0.15644263 0.00725000
v -0.04000000 0.15644263 0.00725000
v -0.04080000 0.15450000 -0.00000000
v -0.04000000 0.15450000 -0.00000000
v -0.04080000 0.15644263 -0.00725000
v -0.04000000 0.15644263 -0.00725000
v -0.04080000 0.16175000 -0.01255737
v -0.04000000 0.16175000 -0.01255737
v -0.04080000 0.17679423 0.00450000
v -0.04080000 0.18155737 0.00725000
v -0.04080000 0.17350000 0.00779423
v -0.04080000 0.17625000 0.01255737
v -0.04080000 0.16900000 0.00900000
v -0.04080000 0.16900000 0.01450000
v -0.04080000 0.16450000 0.00779423
v -0.04080000 0.16175000 0.01255737
v -0.04080000 0.16120577 0.00450000
v -0.04080000 0.15644263 0.00725000
v -0.04080000 0.16000000 -0.00000000
v -0.04080000 0.15450000 -0.00000000
v -0.04080000 0.16120577 -0.00450000
v -0.04080000 0.15644263 -0.00725000
v -0.04080000 0.16450000 -0.00779423
v -0.04080000 0.16175000 -0.01255737
v -0.04080000 0.16900000 -0.00900000
v -0.04080000 0.16900000 -0.01450000
v -0.04080000 0.17350000 -0.00779423
v -0.04080000 0.17625000 -0.01255737
v -0.04080000 0.17679423 -0.00450000
v -0.04080000 0.18155737 -0.00725000
v -0.04080000 0.17800000 -0.00000000
v -0.04080000 0.18350000 -0.00000000
v 0.03600000 0.09795374 0.06936910
v 0.04000000 0.10049167 0.06987669
v 0.03600000 0.10049167 0.06987669
v 0.04000000 0.10294337 0.06904731
v 0.03600000 0.10294337 0.06904731
v 0.04000000 0.10465192 0.06710319
v 0.03600000 0.10465192 0.06710319
v 0.04000000 0.10515950 0.06456526
v 0.03600000 0.10515950 0.06456526
v 0.04000000 0.10433012 0.06211355
v 0.03600000 0.10433012 0.06211355
v 0.04000000 0.10238600 0.06040501
v 0.03600000 0.10238600 0.06040501
v 0.04000000 0.09984807 0.05989742
v 0.03600000 0.09984807 0.05989742
v 0.04000000 0.09739637 0.06072680
v 0.03600000 0.09739637 0.06072680
v 0.04000000 0.09568782 0.06267092
v 0.03600000 0.09568782 0.06267092
v 0.04000000 0.09518024 0.06520885
v 0.03600000 0.09518024 0.06520885
v 0.04000000 0.09600962 0.06766055
v 0.03600000 0.09600962 0.06766055
v 0.04000000 0.09795374 0.06936910
v 0.03600000 0.10033077 0.06738187
v 0.03600000 0.10049167 0.06987669
v 0.03600000 0.10155662 0.06696718
v 0.03600000 0.10294337 0.06904731
v 0.03600000 0.10241089 0.06599512
v 0.03600000 0.10465192 0.06710319
v 0.03600000 0.10266469 0.06472616
v 0.03600000 0.10515950 0.06456526
v 0.03600000 0.10225000 0.06350030
v 0.03600000 0.10433012 0.06211355
v 0.03600000 0.10127794 0.06264603
v 0.03600000 0.10238600 0.06040501
v 0.03600000 0.10000897 0.06239224
v 0.03600000 0.09984807 0.05989742
v 0.03600000 0.09878312 0.06280693
v 0.03600000 0.09739637 0.06072680
v 0.03600000 0.09792885 0.06377899
v 0.03600000 0.09568782 0.06267092
v 0.03600000 0.09767505 0.06504795
v 0.03600000 0.09518024 0.06520885
v 0.03600000 0.09808974 0.06627380
v 0.03600000 0.09600962 0.06766055
v 0.03600000 0.09906180 0.06712808
v 0.03600000 0.09795374 0.06936910
v 0.04080000 0.09906180 0.06712808
v 0.03600000 0.09906180 0.06712808
v 0.04080000 0.10033077 0.06738187
v 0.03600000 0.10033077 0.06738187
v 0.04080000 0.10155662 0.06696718
v 0.03600000 0.10155662 0.06696718
v 0.04080000 0.10241089 0.06599512
v 0.03600000 0.10241089 0.06599512
v 0.04080000 0.10266469 0.06472616
v 0.03600000 0.10266469 0.06472616
v 0.04080000 0.10225000 0.06350030
v 0.03600000 0.10225000 0.06350030
v 0.04080000 0.10127794 0.06264603
v 0.03600000 0.10127794 0.06264603
v 0.04080000 0.10000897 0.06239224
v 0.03600000 0.10000897 0.06239224
v 0.04080000 0.09878312 0.06280693
v 0.03600000 0.09878312 0.06280693
v 0.04080000 0.09792885 0.06377899
v 0.03600000 0.09792885 0.06377899
v 0.04080000 0.09767505 0.06504795
v 0.03600000 0.09767505 0.06504795
v 0.04080000 0.09808974 0.06627380
v 0.03600000 0.09808974 0.06627380
v 0.04080000 0.10266469 0.06472616
v 0.04080000 0.10595785 0.06451377
v 0.04080000 0.10241089 0.06599512
v 0.04080000 0.10536905 0.06745777
v 0.04080000 0.10155662 0.06696718
v 0.04080000 0.10338713 0.06971295
v 0.04080000 0.10033077 0.06738187
v 0.04080000 0.10054315 0.07067503
v 0.04080000 0.09906180 0.06712808
v 0.04080000 0.09759916 0.07008623
v 0.04080000 0.09808974 0.06627380
v 0.04080000 0.09534398 0.06810431
v 0.04080000 0.09767505 0.06504795
v 0.04080000 0.09438189 0.06526034
v 0.04080000 0.09792885 0.06377899
v 0.04080000 0.09497069 0.06231634
v 0.04080000 0.09878312 0.06280693
v 0.04080000 0.09695261 0.06006116
v 0.04080000 0.10000897 0.06239224
v 0.04080000 0.09979659 0.05909908
v 0.04080000 0.10127794 0.06264603
v 0.04080000 0.10274058 0.05968788
v 0.04080000 0.10225000 0.06350030
v 0.04080000 0.10499576 0.06166979
v 0.04000000 0.10049167 0.06987669
v 0.04000000 0.10054315 0.07067503
v 0.04000000 0.10294337 0.06904731
v 0.04000000 0.10338713 0.06971295
v 0.04000000 0.10465192 0.06710319
v 0.04000000 0.10536905 0.06745777
v 0.04000000 0.10515950 0.06456526
v 0.04000000 0.10595785 0.06451377
v 0.04000000 0.10433012 0.06211355
v 0.04000000 0.10499576 0.06166979
v 0.04000000 0.10238600 0.06040501
v 0.04000000 0.10274058 0.05968788
v 0.04000000 0.09984807 0.05989742
v 0.04000000 0.09979659 0.05909908
v 0.04000000 0.09739637 0.06072680
v 0.04000000 0.09695261 0.06006116
v 0.04000000 0.09568782 0.06267092
v 0.04000000 0.09497069 0.06231634
v 0.04000000 0.09518024 0.06520885
v 0.04000000 0.09438189 0.06526034
v 0.04000000 0.09600962 0.06766055
v 0.04000000 0.09534398 0.06810431
v 0.04000000 0.09795374 0.06936910
v 0.04000000 0.09759916 0.07008623
v 0.04000000 0.09759916 0.07008623
v 0.04080000 0.10054315 0.07067503
v 0.04000000 0.10054315 0.07067503
v 0.04080000 0.10338713 0.06971295
v 0.04000000 0.10338713 0.06971295
v 0.04080000 0.10536905 0.06745777
v 0.04000000 0.10536905 0.06745777
v 0.04080000 0.10595785 0.06451377
v 0.04000000 0.10595785 0.06451377
v 0.04080000 0.10499576 0.06166979
v 0.04000000 0.10499576 0.06166979
v 0.04080000 0.10274058 0.05968788
v 0.04000000 0.10274058 0.05968788
v 0.04080000 0.09979659 0.05909908
v 0.04000000 0.09979659 0.05909908
v 0.04080000 0.09695261 0.06006116
v 0.04000000 0.09695261 0.06006116
v 0.04080000 0.09497069 0.06231634
v 0.04000000 0.09497069 0.06231634
v 0.04080000 0.09438189 0.06526034
v 0.04000000 0.09438189 0.06526034
v 0.04080000 0.09534398 0.06810431
v 0.04000000 0.09534398 0.06810431
v 0.04080000 0.09759916 0.07008623
v -0.05520000 0.15360000 0.00150000
v -0.05520000 0.15360000 0.00450000
v -0.05726099 0.15113050 0.00150000
v -0.05726099 0.15113050 0.00450000
v -0.05800000 0.14800000 0.00150000
v -0.05800000 0.14800000 0.00450000
v -0.02038668 0.10596587 0.00450000
v -0.02038668 0.10596587 0.00150000
v -0.02025271 0.10646587 0.00450000
v -0.02025271 0.10646587 0.00150000
v -0.01988668 0.10683189 0.00450000
v -0.01988668 0.10683189 0.00150000
v -0.01938668 0.10696587 0.00450000
v -0.01938668 0.10696587 0.00150000
v -0.01888668 0.10683189 0.00450000
v -0.01888668 0.10683189 0.00150000
v -0.01852066 0.10646587 0.00450000
v -0.01852066 0.10646587 0.00150000
v -0.01838668 0.10596587 0.00450000
v -0.01838668 0.10596587 0.00150000
v -0.01852066 0.10546587 0.00450000
v -0.01852066 0.10546587 0.00150000
v -0.01888668 0.10509984 0.00450000
v -0.01888668 0.10509984 0.00150000
v -0.01938668 0.10496587 0.00450000
v -0.01938668 0.10496587 0.00150000
v -0.01988668 0.10509984 0.00450000
v -0.01988668 0.10509984 0.00150000
v -0.02025271 0.10546587 0.00450000
v -0.02025271 0.10546587 0.00150000
v -0.06165111 0.11729825 0.00450000
v -0.06165111 0.11729825 0.00150000
v -0.06151714 0.11779825 0.00450000
v -0.06151714 0.11779825 0.00150000
v -0.06115112 0.11816427 0.00450000
v -0.06115112 0.11816427 0.00150000
v -0.06065112 0.11829825 0.00450000
v -0.06065112 0.11829825 0.00150000
v -0.06015112 0.11816427 0.00450000
v -0.06015112 0.11816427 0.00150000
v -0.05978509 0.11779825 0.00450000
v -0.05978509 0.11779825 0.00150000
v -0.05965112 0.11729825 0.00450000
v -0.05965112 0.11729825 0.00150000
v -0.05978509 0.11679825 0.00450000
v -0.05978509 0.11679825 0.00150000
v -0.06015112 0.11643222 0.00450000
v -0.06015112 0.11643222 0.00150000
v -0.06065112 0.11629825 0.00450000
v -0.06065112 0.11629825 0.00150000
v -0.06115112 0.11643222 0.00450000
v -0.06115112 0.11643222 0.00150000
v -0.06151714 0.11679825 0.00450000
v -0.06151714 0.11679825 0.00150000
v -0.06300000 0.14800000 0.00450000
v -0.06300000 0.14800000 0.00150000
v -0.06300000 0.14697588 0.00450000
v -0.06300000 0.14697588 0.00150000
v -0.06300000 0.14140000 0.00450000
v -0.06300000 0.14140000 0.00150000
v -0.06300000 0.13570000 0.00450000
v -0.06300000 0.13570000 0.00150000
v -0.06300000 0.12057413 0.00450000
v -0.06300000 0.12057413 0.00150000
v -0.06300000 0.11900000 0.00450000
v -0.06300000 0.11900000 0.00150000
v -0.03135357 0.10865960 0.00450000
v -0.03135357 0.10865960 0.00150000
v -0.03121959 0.10915959 0.00450000
v -0.03121959 0.10915959 0.00150000
v -0.03085357 0.10952562 0.00450000
v -0.03085357 0.10952562 0.00150000
v -0.03035357 0.10965959 0.00450000
v -0.03035357 0.10965959 0.00150000
v -0.02985357 0.10952562 0.00450000
v -0.02985357 0.10952562 0.00150000
v -0.02948754 0.10915959 0.00450000
v -0.02948754 0.10915959 0.00150000
v -0.02935357 0.10865960 0.00450000
v -0.02935357 0.10865960 0.00150000
v -0.02948754 0.10815960 0.00450000
v -0.02948754 0.10815960 0.00150000
v -0.02985357 0.10779357 0.00450000
v -0.02985357 0.10779357 0.00150000
v -0.03035357 0.10765959 0.00450000
v -0.03035357 0.10765959 0.00150000
v -0.03085357 0.10779357 0.00450000
v -0.03085357 0.10779357 0.00150000
v -0.03121959 0.10815960 0.00450000
v -0.03121959 0.10815960 0.00150000
v -0.05928282 0.15455748 0.00450000
v -0.05928282 0.15455748 0.00150000
v -0.05914884 0.15505748 0.00450000
v -0.05914884 0.15505748 0.00150000
v -0.05878282 0.15542351 0.00450000
v -0.05878282 0.15542351 0.00150000
v -0.05828282 0.15555748 0.00450000
v -0.05828282 0.15555748 0.00150000
v -0.05778282 0.15542351 0.00450000
v -0.05778282 0.15542351 0.00150000
v -0.05741679 0.15505748 0.00450000
v -0.05741679 0.15505748 0.00150000
v -0.05728282 0.15455748 0.00450000
v -0.05728282 0.15455748 0.00150000
v -0.05741679 0.15405748 0.00450000
v -0.05741679 0.15405748 0.00150000
v -0.05778282 0.15369146 0.00450000
v -0.05778282 0.15369146 0.00150000
v -0.05828282 0.15355748 0.00450000
v -0.05828282 0.15355748 0.00150000
v -0.05878282 0.15369146 0.00450000
v -0.05878282 0.15369146 0.00150000
v -0.05914884 0.15405748 0.00450000
v -0.05914884 0.15405748 0.00150000
v -0.06139230 0.15400000 0.00450000
v -0.06139230 0.15400000 0.00150000
v -0.05700000 0.15839230 0.00450000
v -0.05700000 0.15839230 0.00150000
v -0.05100000 0.16000000 0.00450000
v -0.05100000 0.16000000 0.00150000
v -0.01522509 0.10365157 0.00450000
v -0.01522509 0.10365157 0.00150000
v -0.01509111 0.10415157 0.00450000
v -0.01509111 0.10415157 0.00150000
v -0.01472509 0.10451759 0.00450000
v -0.01472509 0.10451759 0.00150000
v -0.01422509 0.10465157 0.00450000
v -0.01422509 0.10465157 0.00150000
v -0.01372509 0.10451759 0.00450000
v -0.01372509 0.10451759 0.00150000
v -0.01335906 0.10415157 0.00450000
v -0.01335906 0.10415157 0.00150000
v -0.01322509 0.10365157 0.00450000
v -0.01322509 0.10365157 0.00150000
v -0.01335906 0.10315157 0.00450000
v -0.01335906 0.10315157 0.00150000
v -0.01372509 0.10278554 0.00450000
v -0.01372509 0.10278554 0.00150000
v -0.01422509 0.10265157 0.00450000
v -0.01422509 0.10265157 0.00150000
v -0.01472509 0.10278554 0.00450000
v -0.01472509 0.10278554 0.00150000
v -0.01509111 0.10315157 0.00450000
v -0.01509111 0.10315157 0.00150000
v -0.05928282 0.11244252 0.00450000
v -0.05928282 0.11244252 0.00150000
v -0.05914884 0.11294252 0.00450000
v -0.05914884 0.11294252 0.00150000
v -0.05878282 0.11330855 0.00450000
v -0.05878282 0.11330855 0.00150000
v -0.05828282 0.11344252 0.00450000
v -0.05828282 0.11344252 0.00150000
v -0.05778282 0.11330855 0.00450000
v -0.05778282 0.11330855 0.00150000
v -0.05741679 0.11294252 0.00450000
v -0.05741679 0.11294252 0.00150000
v -0.05728282 0.11244252 0.00450000
v -0.05728282 0.11244252 0.00150000
v -0.05741679 0.11194252 0.00450000
v -0.05741679 0.11194252 0.00150000
v -0.05778282 0.11157649 0.00450000
v -0.05778282 0.11157649 0.00150000
v -0.05828282 0.11144252 0.00450000
v -0.05828282 0.11144252 0.00150000
v -0.05878282 0.11157649 0.00450000
v -0.05878282 0.11157649 0.00150000
v -0.05914884 0.11194252 0.00450000
v -0.05914884 0.11194252 0.00150000
v -0.05800000 0.11900000 0.00450000
v -0.05800000 0.11900000 0.00150000
v -0.05800000 0.12057413 0.00450000
v -0.05800000 0.12057413 0.00150000
v -0.05800000 0.13570000 0.00450000
v -0.05800000 0.13570000 0.00150000
v -0.05800000 0.14140000 0.00450000
v -0.05800000 0.14140000 0.00150000
v -0.05800000 0.14697588 0.00450000
v -0.05800000 0.14697588 0.00150000
v 0.00687828 0.07884329 0.00450000
v 0.00687828 0.07884329 0.00150000
v 0.00701225 0.07934329 0.00450000
v 0.00701225 0.07934329 0.00150000
v 0.00737828 0.07970932 0.00450000
v 0.00737828 0.07970932 0.00150000
v 0.00787828 0.07984329 0.00450000
v 0.00787828 0.07984329 0.00150000
v 0.00837828 0.07970932 0.00450000
v 0.00837828 0.07970932 0.00150000
v 0.00874430 0.07934329 0.00450000
v 0.00874430 0.07934329 0.00150000
v 0.00887828 0.07884329 0.00450000
v 0.00887828 0.07884329 0.00150000
v 0.00874430 0.07834329 0.00450000
v 0.00874430 0.07834329 0.00150000
v 0.00837828 0.07797727 0.00450000
v 0.00837828 0.07797727 0.00150000
v 0.00787828 0.07784329 0.00450000
v 0.00787828 0.07784329 0.00150000
v 0.00737828 0.07797727 0.00450000
v 0.00737828 0.07797727 0.00150000
v 0.00701225 0.07834329 0.00450000
v 0.00701225 0.07834329 0.00150000
v -0.06180000 0.13285000 0.00450000
v -0.06180000 0.13285000 0.00150000
v -0.06166603 0.13335000 0.00450000
v -0.06166603 0.13335000 0.00150000
v -0.06130000 0.13371603 0.00450000
v -0.06130000 0.13371603 0.00150000
v -0.06080000 0.13385000 0.00450000
v -0.06080000 0.13385000 0.00150000
v -0.06030000 0.13371603 0.00450000
v -0.06030000 0.13371603 0.00150000
v -0.05993398 0.13335000 0.00450000
v -0.05993398 0.13335000 0.00150000
v -0.05980000 0.13285000 0.00450000
v -0.05980000 0.13285000 0.00150000
v -0.05993398 0.13235000 0.00450000
v -0.05993398 0.13235000 0.00150000
v -0.06030000 0.13198397 0.00450000
v -0.06030000 0.13198397 0.00150000
v -0.06080000 0.13185000 0.00450000
v -0.06080000 0.13185000 0.00150000
v -0.06130000 0.13198397 0.00450000
v -0.06130000 0.13198397 0.00150000
v -0.06166603 0.13235000 0.00450000
v -0.06166603 0.13235000 0.00150000
v -0.05706218 0.11550000 0.00150000
v -0.05706218 0.11550000 0.00450000
v -0.05450000 0.11293782 0.00150000
v -0.05450000 0.11293782 0.00450000
v -0.05100000 0.11200000 0.00150000
v -0.05100000 0.11200000 0.00450000
v 0.00453698 0.08399270 0.00450000
v 0.00453698 0.08399270 0.00150000
v 0.00467096 0.08449270 0.00450000
v 0.00467096 0.08449270 0.00150000
v 0.00503698 0.08485873 0.00450000
v 0.00503698 0.08485873 0.00150000
v 0.00553698 0.08499270 0.00450000
v 0.00553698 0.08499270 0.00150000
v 0.00603698 0.08485873 0.00450000
v 0.00603698 0.08485873 0.00150000
v 0.00640301 0.08449270 0.00450000
v 0.00640301 0.08449270 0.00150000
v 0.00653698 0.08399270 0.00450000
v 0.00653698 0.08399270 0.00150000
v 0.00640301 0.08349270 0.00450000
v 0.00640301 0.08349270 0.00150000
v 0.00603698 0.08312668 0.00450000
v 0.00603698 0.08312668 0.00150000
v 0.00553698 0.08299270 0.00450000
v 0.00553698 0.08299270 0.00150000
v 0.00503698 0.08312668 0.00450000
v 0.00503698 0.08312668 0.00150000
v 0.00467096 0.08349270 0.00450000
v 0.00467096 0.08349270 0.00150000
v -0.04350000 0.10900000 0.00450000
v -0.04350000 0.10900000 0.00150000
v -0.04336603 0.10950000 0.00450000
v -0.04336603 0.10950000 0.00150000
v -0.04300000 0.10986602 0.00450000
v -0.04300000 0.10986602 0.00150000
v -0.04250000 0.11000000 0.00450000
v -0.04250000 0.11000000 0.00150000
v -0.04200000 0.10986602 0.00450000
v -0.04200000 0.10986602 0.00150000
v -0.04163397 0.10950000 0.00450000
v -0.04163397 0.10950000 0.00150000
v -0.04150000 0.10900000 0.00450000
v -0.04150000 0.10900000 0.00150000
v -0.04163397 0.10850000 0.00450000
v -0.04163397 0.10850000 0.00150000
v -0.04200000 0.10813398 0.00450000
v -0.04200000 0.10813398 0.00150000
v -0.04250000 0.10800000 0.00450000
v -0.04250000 0.10800000 0.00150000
v -0.04300000 0.10813398 0.00450000
v -0.04300000 0.10813398 0.00150000
v -0.04336603 0.10850000 0.00450000
v -0.04336603 0.10850000 0.00150000
v -0.03600000 0.11200000 0.00450000
v -0.03600000 0.11200000 0.00150000
v -0.03925000 0.11200000 0.00450000
v -0.03925000 0.11200000 0.00150000
v -0.04500000 0.11200000 0.00450000
v -0.04500000 0.11200000 0.00150000
v -0.04685000 0.11200000 0.00450000
v -0.04685000 0.11200000 0.00150000
v -0.06165111 0.14970175 0.00450000
v -0.06165111 0.14970175 0.00150000
v -0.06151714 0.15020175 0.00450000
v -0.06151714 0.15020175 0.00150000
v -0.06115112 0.15056778 0.00450000
v -0.06115112 0.15056778 0.00150000
v -0.06065112 0.15070175 0.00450000
v -0.06065112 0.15070175 0.00150000
v -0.06015112 0.15056778 0.00450000
v -0.06015112 0.15056778 0.00150000
v -0.05978509 0.15020175 0.00450000
v -0.05978509 0.15020175 0.00150000
v -0.05965112 0.14970175 0.00450000
v -0.05965112 0.14970175 0.00150000
v -0.05978509 0.14920175 0.00450000
v -0.05978509 0.14920175 0.00150000
v -0.06015112 0.14883573 0.00450000
v -0.06015112 0.14883573 0.00150000
v -0.06065112 0.14870175 0.00450000
v -0.06065112 0.14870175 0.00150000
v -0.06115112 0.14883573 0.00450000
v -0.06115112 0.14883573 0.00150000
v -0.06151714 0.14920175 0.00450000
v -0.06151714 0.14920175 0.00150000
v -0.06180000 0.13855000 0.00450000
v -0.06180000 0.13855000 0.00150000
v -0.06166603 0.13905000 0.00450000
v -0.06166603 0.13905000 0.00150000
v -0.06130000 0.13941603 0.00450000
v -0.06130000 0.13941603 0.00150000
v -0.06080000 0.13955000 0.00450000
v -0.06080000 0.13955000 0.00150000
v -0.06030000 0.13941603 0.00450000
v -0.06030000 0.13941603 0.00150000
v -0.05993398 0.13905000 0.00450000
v -0.05993398 0.13905000 0.00150000
v -0.05980000 0.13855000 0.00450000
v -0.05980000 0.13855000 0.00150000
v -0.05993398 0.13805000 0.00450000
v -0.05993398 0.13805000 0.00150000
v -0.06030000 0.13768397 0.00450000
v -0.06030000 0.13768397 0.00150000
v -0.06080000 0.13755000 0.00450000
v -0.06080000 0.13755000 0.00150000
v -0.06130000 0.13768397 0.00450000
v -0.06130000 0.13768397 0.00150000
v -0.06166603 0.13805000 0.00450000
v -0.06166603 0.13805000 0.00150000
v 0.00659000 0.08819336 0.00450000
v -0.01160397 0.10564440 0.00150000
v -0.01160397 0.10564440 0.00450000
v 0.01395658 0.06408333 0.00450000
v 0.01395658 0.06408333 0.00150000
v 0.01181778 0.07661025 0.00450000
v 0.01181778 0.07661025 0.00150000
v 0.00659000 0.08819336 0.00150000
v 0.00858398 0.07344991 0.00450000
v 0.00858398 0.07344991 0.00150000
v 0.00871796 0.07394991 0.00450000
v 0.00871796 0.07394991 0.00150000
v 0.00908398 0.07431593 0.00450000
v 0.00908398 0.07431593 0.00150000
v 0.00958398 0.07444991 0.00450000
v 0.00958398 0.07444991 0.00150000
v 0.01008398 0.07431593 0.00450000
v 0.01008398 0.07431593 0.00150000
v 0.01045001 0.07394991 0.00450000
v 0.01045001 0.07394991 0.00150000
v 0.01058398 0.07344991 0.00450000
v 0.01058398 0.07344991 0.00150000
v 0.01045001 0.07294991 0.00450000
v 0.01045001 0.07294991 0.00150000
v 0.01008398 0.07258388 0.00450000
v 0.01008398 0.07258388 0.00150000
v 0.00958398 0.07244991 0.00450000
v 0.00958398 0.07244991 0.00150000
v 0.00908398 0.07258388 0.00450000
v 0.00908398 0.07258388 0.00150000
v 0.00871796 0.07294991 0.00450000
v 0.00871796 0.07294991 0.00150000
v -0.06180000 0.14425000 0.00450000
v -0.06180000 0.14425000 0.00150000
v -0.06166603 0.14475000 0.00450000
v -0.06166603 0.14475000 0.00150000
v -0.06130000 0.14511602 0.00450000
v -0.06130000 0.14511602 0.00150000
v -0.06080000 0.14525000 0.00450000
v -0.06080000 0.14525000 0.00150000
v -0.06030000 0.14511602 0.00450000
v -0.06030000 0.14511602 0.00150000
v -0.05993398 0.14475000 0.00450000
v -0.05993398 0.14475000 0.00150000
v -0.05980000 0.14425000 0.00450000
v -0.05980000 0.14425000 0.00150000
v -0.05993398 0.14375000 0.00450000
v -0.05993398 0.14375000 0.00150000
v -0.06030000 0.14338397 0.00450000
v -0.06030000 0.14338397 0.00150000
v -0.06080000 0.14325000 0.00450000
v -0.06080000 0.14325000 0.00150000
v -0.06130000 0.14338397 0.00450000
v -0.06130000 0.14338397 0.00150000
v -0.06166603 0.14375000 0.00450000
v -0.06166603 0.14375000 0.00150000
v 0.01095743 0.06200000 0.00450000
v 0.01095743 0.06200000 0.00150000
v 0.01170902 0.06200000 0.00450000
v 0.01170902 0.06200000 0.00150000
v 0.01195832 0.06200000 0.00450000
v 0.01195832 0.06200000 0.00150000
v -0.00591834 0.09725522 0.00450000
v -0.00591834 0.09725522 0.00150000
v -0.00578437 0.09775522 0.00450000
v -0.00578437 0.09775522 0.00150000
v -0.00541834 0.09812125 0.00450000
v -0.00541834 0.09812125 0.00150000
v -0.00491834 0.09825522 0.00450000
v -0.00491834 0.09825522 0.00150000
v -0.00441834 0.09812125 0.00450000
v -0.00441834 0.09812125 0.00150000
v -0.00405232 0.09775522 0.00450000
v -0.00405232 0.09775522 0.00150000
v -0.00391834 0.09725522 0.00450000
v -0.00391834 0.09725522 0.00150000
v -0.00405232 0.09675522 0.00450000
v -0.00405232 0.09675522 0.00150000
v -0.00441834 0.09638919 0.00450000
v -0.00441834 0.09638919 0.00150000
v -0.00491834 0.09625522 0.00450000
v -0.00491834 0.09625522 0.00150000
v -0.00541834 0.09638919 0.00450000
v -0.00541834 0.09638919 0.00150000
v -0.00578437 0.09675522 0.00450000
v -0.00578437 0.09675522 0.00150000
v -0.04700000 0.15400000 0.00450000
v -0.04700000 0.15400000 0.00150000
v -0.04600000 0.15426795 0.00150000
v -0.04600000 0.15426795 0.00450000
v -0.04526795 0.15500000 0.00150000
v -0.04526795 0.15500000 0.00450000
v -0.04500000 0.15600000 0.00150000
v -0.04500000 0.15600000 0.00450000
v 0.00895924 0.06391489 0.00150000
v 0.00895924 0.06391489 0.00450000
v 0.00231705 0.08559669 0.00150000
v 0.00231705 0.08559669 0.00450000
v -0.01405520 0.10128645 0.00150000
v -0.01405520 0.10128645 0.00450000
v -0.03600000 0.10700000 0.00150000
v -0.03600000 0.10700000 0.00450000
v -0.01037891 0.10073393 0.00450000
v -0.01037891 0.10073393 0.00150000
v -0.01024493 0.10123393 0.00450000
v -0.01024493 0.10123393 0.00150000
v -0.00987891 0.10159996 0.00450000
v -0.00987891 0.10159996 0.00150000
v -0.00937891 0.10173393 0.00450000
v -0.00937891 0.10173393 0.00150000
v -0.00887891 0.10159996 0.00450000
v -0.00887891 0.10159996 0.00150000
v -0.00851288 0.10123393 0.00450000
v -0.00851288 0.10123393 0.00150000
v -0.00837891 0.10073393 0.00450000
v -0.00837891 0.10073393 0.00150000
v -0.00851288 0.10023393 0.00450000
v -0.00851288 0.10023393 0.00150000
v -0.00887891 0.09986790 0.00450000
v -0.00887891 0.09986790 0.00150000
v -0.00937891 0.09973393 0.00450000
v -0.00937891 0.09973393 0.00150000
v -0.00987891 0.09986790 0.00450000
v -0.00987891 0.09986790 0.00150000
v -0.01024493 0.10023393 0.00450000
v -0.01024493 0.10023393 0.00150000
v -0.04500000 0.15800000 0.00450000
v -0.04500000 0.15800000 0.00150000
v -0.04526795 0.15900000 0.00150000
v -0.04526795 0.15900000 0.00450000
v -0.04600000 0.15973205 0.00150000
v -0.04600000 0.15973205 0.00450000
v -0.04700000 0.16000000 0.00150000
v -0.04700000 0.16000000 0.00450000
v -0.05100000 0.10700000 0.00450000
v -0.05100000 0.10700000 0.00150000
v -0.04685000 0.10700000 0.00450000
v -0.04685000 0.10700000 0.00150000
v -0.04500000 0.10700000 0.00450000
v -0.04500000 0.10700000 0.00150000
v -0.03925000 0.10700000 0.00450000
v -0.03925000 0.10700000 0.00150000
v 0.00159401 0.08882354 0.00450000
v 0.00159401 0.08882354 0.00150000
v 0.00172799 0.08932354 0.00450000
v 0.00172799 0.08932354 0.00150000
v 0.00209401 0.08968956 0.00450000
v 0.00209401 0.08968956 0.00150000
v 0.00259401 0.08982354 0.00450000
v 0.00259401 0.08982354 0.00150000
v 0.00309401 0.08968956 0.00450000
v 0.00309401 0.08968956 0.00150000
v 0.00346004 0.08932354 0.00450000
v 0.00346004 0.08932354 0.00150000
v 0.00359401 0.08882354 0.00450000
v 0.00359401 0.08882354 0.00150000
v 0.00346004 0.08832354 0.00450000
v 0.00346004 0.08832354 0.00150000
v 0.00309401 0.08795751 0.00450000
v 0.00309401 0.08795751 0.00150000
v 0.00259401 0.08782354 0.00450000
v 0.00259401 0.08782354 0.00150000
v 0.00209401 0.08795751 0.00450000
v 0.00209401 0.08795751 0.00150000
v 0.00172799 0.08832354 0.00450000
v 0.00172799 0.08832354 0.00150000
v 0.00998210 0.06225394 0.00450000
v 0.00998210 0.06225394 0.00150000
v 0.00925445 0.06295126 0.00450000
v 0.00925445 0.06295126 0.00150000
v 0.01283406 0.06900000 0.00150000
v 0.01283406 0.06900000 0.00450000
v 0.01261970 0.06980000 0.00150000
v 0.01261970 0.06980000 0.00450000
v 0.01203406 0.07038564 0.00150000
v 0.01203406 0.07038564 0.00450000
v 0.01164817 0.07054548 0.00150000
v 0.01164817 0.07054548 0.00450000
v 0.01123406 0.07060000 0.00150000
v 0.01123406 0.07060000 0.00450000
v 0.01043406 0.07038564 0.00150000
v 0.01043406 0.07038564 0.00450000
v 0.00984842 0.06980000 0.00150000
v 0.00984842 0.06980000 0.00450000
v 0.00963406 0.06900000 0.00150000
v 0.00963406 0.06900000 0.00450000
v 0.00984842 0.06820000 0.00150000
v 0.00984842 0.06820000 0.00450000
v 0.01043406 0.06761436 0.00150000
v 0.01043406 0.06761436 0.00450000
v 0.01123406 0.06740000 0.00150000
v 0.01123406 0.06740000 0.00450000
v 0.01203406 0.06761436 0.00150000
v 0.01203406 0.06761436 0.00450000
v 0.01261970 0.06820000 0.00150000
v 0.01261970 0.06820000 0.00450000
v -0.00190801 0.09326583 0.00450000
v -0.00190801 0.09326583 0.00150000
v -0.00177403 0.09376583 0.00450000
v -0.00177403 0.09376583 0.00150000
v -0.00140801 0.09413185 0.00450000
v -0.00140801 0.09413185 0.00150000
v -0.00090801 0.09426583 0.00450000
v -0.00090801 0.09426583 0.00150000
v -0.00040801 0.09413185 0.00450000
v -0.00040801 0.09413185 0.00150000
v -0.00004198 0.09376583 0.00450000
v -0.00004198 0.09376583 0.00150000
v 0.00009199 0.09326583 0.00450000
v 0.00009199 0.09326583 0.00150000
v -0.00004198 0.09276583 0.00450000
v -0.00004198 0.09276583 0.00150000
v -0.00040801 0.09239980 0.00450000
v -0.00040801 0.09239980 0.00150000
v -0.00090801 0.09226583 0.00450000
v -0.00090801 0.09226583 0.00150000
v -0.00140801 0.09239980 0.00450000
v -0.00140801 0.09239980 0.00150000
v -0.00177403 0.09276583 0.00450000
v -0.00177403 0.09276583 0.00150000
v -0.05400000 0.15400000 0.00150000
v -0.05400000 0.15400000 0.00450000
v -0.05463246 0.15389737 0.00150000
v -0.05463246 0.15389737 0.00450000
v -0.04700000 0.16000000 0.00150000
v -0.05100000 0.16000000 0.00150000
v -0.04700000 0.16000000 0.00450000
v -0.05100000 0.16000000 0.00450000
v -0.03700000 0.10900000 0.00450000
v -0.03700000 0.10900000 0.00150000
v -0.03686602 0.10950000 0.00450000
v -0.03686602 0.10950000 0.00150000
v -0.03650000 0.10986602 0.00450000
v -0.03650000 0.10986602 0.00150000
v -0.03600000 0.11000000 0.00450000
v -0.03600000 0.11000000 0.00150000
v -0.03550000 0.10986602 0.00450000
v -0.03550000 0.10986602 0.00150000
v -0.03513397 0.10950000 0.00450000
v -0.03513397 0.10950000 0.00150000
v -0.03500000 0.10900000 0.00450000
v -0.03500000 0.10900000 0.00150000
v -0.03513397 0.10850000 0.00450000
v -0.03513397 0.10850000 0.00150000
v -0.03550000 0.10813398 0.00450000
v -0.03550000 0.10813398 0.00150000
v -0.03600000 0.10800000 0.00450000
v -0.03600000 0.10800000 0.00150000
v -0.03650000 0.10813398 0.00450000
v -0.03650000 0.10813398 0.00150000
v -0.03686602 0.10850000 0.00450000
v -0.03686602 0.10850000 0.00150000
v 0.01382909 0.06329276 0.00450000
v 0.01382909 0.06329276 0.00150000
v 0.01340169 0.06261556 0.00450000
v 0.01340169 0.06261556 0.00150000
v 0.01274289 0.06216032 0.00450000
v 0.01274289 0.06216032 0.00150000
v -0.04920000 0.10900000 0.00450000
v -0.04920000 0.10900000 0.00150000
v -0.04906603 0.10950000 0.00450000
v -0.04906603 0.10950000 0.00150000
v -0.04870000 0.10986602 0.00450000
v -0.04870000 0.10986602 0.00150000
v -0.04820000 0.11000000 0.00450000
v -0.04820000 0.11000000 0.00150000
v -0.04770000 0.10986602 0.00450000
v -0.04770000 0.10986602 0.00150000
v -0.04733397 0.10950000 0.00450000
v -0.04733397 0.10950000 0.00150000
v -0.04720000 0.10900000 0.00450000
v -0.04720000 0.10900000 0.00150000
v -0.04733397 0.10850000 0.00450000
v -0.04733397 0.10850000 0.00150000
v -0.04770000 0.10813398 0.00450000
v -0.04770000 0.10813398 0.00150000
v -0.04820000 0.10800000 0.00450000
v -0.04820000 0.10800000 0.00150000
v -0.04870000 0.10813398 0.00450000
v -0.04870000 0.10813398 0.00150000
v -0.04906603 0.10850000 0.00450000
v -0.04906603 0.10850000 0.00150000
v -0.03600000 0.11200000 0.00150000
v -0.03220401 0.11101108 0.00150000
v -0.03925000 0.11101108 0.00150000
v -0.03650000 0.10986602 0.00150000
v -0.03653623 0.10982980 0.00150000
v -0.03925000 0.10982980 0.00150000
v 0.00739573 0.08640812 0.00150000
v 0.00670763 0.08640812 0.00150000
v 0.00670763 0.08793272 0.00150000
v 0.00925617 0.08228598 0.00150000
v 0.00925617 0.08141800 0.00150000
v 0.00670763 0.08141800 0.00150000
v 0.00964791 0.08141800 0.00150000
v 0.01170902 0.07685124 0.00150000
v 0.01170902 0.07614660 0.00150000
v 0.00925617 0.07614660 0.00150000
v 0.00359719 0.08141800 0.00150000
v 0.00406550 0.08141800 0.00150000
v 0.00406550 0.07988930 0.00150000
v -0.00336792 0.09104468 0.00150000
v -0.00291317 0.09104468 0.00150000
v -0.00291317 0.09060889 0.00150000
v -0.00776715 0.09526052 0.00150000
v -0.00714862 0.09526052 0.00150000
v -0.00714862 0.09466779 0.00150000
v -0.05100000 0.10700000 0.00150000
v -0.05110062 0.10702696 0.00150000
v -0.05110062 0.10782980 0.00150000
v -0.05409685 0.10782980 0.00150000
v -0.06172556 0.11424372 0.00150000
v -0.06172556 0.11487039 0.00150000
v -0.05972556 0.11487039 0.00150000
v -0.06300000 0.11900000 0.00150000
v -0.06300000 0.12057413 0.00150000
v -0.06172556 0.12057413 0.00150000
v -0.05972556 0.15566675 0.00150000
v -0.05972556 0.15452874 0.00150000
v -0.06086357 0.15452874 0.00150000
v -0.05456727 0.15792036 0.00150000
v -0.05470125 0.15742037 0.00150000
v -0.05599203 0.15866239 0.00150000
v 0.01203406 0.07038564 0.00150000
v 0.01170902 0.07052028 0.00150000
v 0.01170902 0.07152495 0.00150000
v 0.01123406 0.06740000 0.00150000
v 0.01170902 0.06752727 0.00150000
v 0.01170902 0.06200000 0.00150000
v 0.00984842 0.06980000 0.00150000
v 0.00963406 0.06900000 0.00150000
v 0.00925617 0.07152495 0.00150000
v 0.01164817 0.07054548 0.00150000
v 0.01123406 0.07060000 0.00150000
v 0.01043406 0.07038564 0.00150000
v 0.00984842 0.06820000 0.00150000
v 0.00925617 0.06294961 0.00150000
v 0.01043406 0.06761436 0.00150000
v 0.00998210 0.06225394 0.00150000
v 0.01095743 0.06200000 0.00150000
v 0.01340169 0.06261556 0.00150000
v 0.01274289 0.06216032 0.00150000
v 0.01195832 0.06200000 0.00150000
v 0.01261970 0.06980000 0.00150000
v 0.01268603 0.07152495 0.00150000
v 0.01283406 0.06900000 0.00150000
v 0.01395658 0.06408333 0.00150000
v 0.01261970 0.06820000 0.00150000
v 0.01203406 0.06761436 0.00150000
v 0.01382909 0.06329276 0.00150000
v -0.04500297 0.15598893 0.00150000
v -0.04670096 0.15625000 0.00150000
v -0.04500000 0.15600000 0.00150000
v -0.04650000 0.15700000 0.00150000
v -0.04500000 0.15800000 0.00150000
v -0.04670096 0.15775000 0.00150000
v -0.04950000 0.15700000 0.00150000
v -0.05110062 0.15598893 0.00150000
v -0.04929904 0.15775000 0.00150000
v -0.05110062 0.15997304 0.00150000
v -0.04875000 0.15829904 0.00150000
v -0.05100000 0.16000000 0.00150000
v -0.04800000 0.15850000 0.00150000
v -0.04700000 0.16000000 0.00150000
v -0.04725000 0.15829904 0.00150000
v -0.04685000 0.15995981 0.00150000
v -0.04685000 0.15789904 0.00150000
v -0.04600000 0.15973205 0.00150000
v -0.04526795 0.15900000 0.00150000
v -0.04929904 0.15625000 0.00150000
v -0.04903796 0.15598893 0.00150000
v -0.05110062 0.15452874 0.00150000
v -0.04875000 0.15570096 0.00150000
v -0.04800000 0.15550000 0.00150000
v -0.04685000 0.15452874 0.00150000
v -0.04725000 0.15570096 0.00150000
v -0.04685000 0.15598893 0.00150000
v -0.04696204 0.15598893 0.00150000
v -0.04685000 0.15610096 0.00150000
v -0.05456727 0.15692037 0.00150000
v -0.05420125 0.15655434 0.00150000
v -0.05599203 0.15598893 0.00150000
v -0.05370124 0.15642037 0.00150000
v -0.05320125 0.15655434 0.00150000
v -0.05283522 0.15692037 0.00150000
v -0.05270125 0.15742037 0.00150000
v -0.05283522 0.15792036 0.00150000
v -0.05320125 0.15828639 0.00150000
v -0.05370124 0.15842036 0.00150000
v -0.05420125 0.15828639 0.00150000
v -0.05940338 0.15598893 0.00150000
v -0.05700000 0.15839230 0.00150000
v -0.05599203 0.15452874 0.00150000
v -0.05728282 0.15455748 0.00150000
v -0.05741679 0.15505748 0.00150000
v -0.05778282 0.15542351 0.00150000
v -0.05828282 0.15555748 0.00150000
v -0.05878282 0.15542351 0.00150000
v -0.05946697 0.15592533 0.00150000
v -0.05914884 0.15505748 0.00150000
v -0.05946697 0.15452874 0.00150000
v -0.06139230 0.15400000 0.00150000
v -0.05972556 0.15212961 0.00150000
v -0.06172556 0.15275628 0.00150000
v -0.06172556 0.15212961 0.00150000
v -0.06189347 0.15212961 0.00150000
v -0.06300000 0.14800000 0.00150000
v -0.06172556 0.14697588 0.00150000
v -0.06300000 0.14697588 0.00150000
v -0.06189347 0.11487039 0.00150000
v -0.06139230 0.11300000 0.00150000
v -0.05972556 0.11133325 0.00150000
v -0.05946697 0.11487039 0.00150000
v -0.05946697 0.11107466 0.00150000
v -0.05828282 0.11144252 0.00150000
v -0.05778282 0.11157649 0.00150000
v -0.05599203 0.11101108 0.00150000
v -0.05741679 0.11194252 0.00150000
v -0.05728282 0.11244252 0.00150000
v -0.05599203 0.11442985 0.00150000
v -0.05741679 0.11294252 0.00150000
v -0.05643256 0.11487039 0.00150000
v -0.05778282 0.11330855 0.00150000
v -0.05828282 0.11344252 0.00150000
v -0.05878282 0.11330855 0.00150000
v -0.05914884 0.11294252 0.00150000
v -0.05928282 0.11244252 0.00150000
v -0.05914884 0.11194252 0.00150000
v -0.05940338 0.11101108 0.00150000
v -0.05878282 0.11157649 0.00150000
v -0.05599203 0.10982980 0.00150000
v -0.05822210 0.10982980 0.00150000
v -0.05599203 0.10833761 0.00150000
v -0.05700000 0.10860770 0.00150000
v -0.05110062 0.10982980 0.00150000
v -0.05283522 0.10907963 0.00150000
v -0.05470125 0.10957963 0.00150000
v -0.05456727 0.10907963 0.00150000
v -0.05420125 0.10871361 0.00150000
v -0.05370124 0.10857964 0.00150000
v -0.05320125 0.10871361 0.00150000
v -0.03600000 0.10700000 0.00150000
v -0.03925000 0.10700000 0.00150000
v -0.03925000 0.10782980 0.00150000
v -0.03140862 0.10580459 0.00150000
v -0.02757125 0.10580459 0.00150000
v -0.02758364 0.10480872 0.00150000
v -0.02757125 0.10480872 0.00150000
v -0.02757125 0.10480549 0.00150000
v -0.01037891 0.10073393 0.00150000
v -0.01180200 0.09912718 0.00150000
v -0.01180200 0.10219275 0.00150000
v -0.01405520 0.10128645 0.00150000
v -0.01680588 0.10219275 0.00150000
v -0.01680588 0.10200263 0.00150000
v -0.01753613 0.10219275 0.00150000
v -0.00714862 0.10137098 0.00150000
v -0.00851288 0.10023393 0.00150000
v -0.01024493 0.10023393 0.00150000
v -0.00987891 0.09986790 0.00150000
v -0.00937891 0.09973393 0.00150000
v -0.00887891 0.09986790 0.00150000
v -0.00837891 0.10073393 0.00150000
v -0.00851288 0.10123393 0.00150000
v -0.00800538 0.10219275 0.00150000
v -0.00887891 0.10159996 0.00150000
v -0.00937891 0.10173393 0.00150000
v -0.00987891 0.10159996 0.00150000
v -0.01024493 0.10123393 0.00150000
v 0.00209401 0.08795751 0.00150000
v 0.00259401 0.08782354 0.00150000
v 0.00147032 0.08640812 0.00150000
v 0.00361729 0.09104468 0.00150000
v 0.00259401 0.08982354 0.00150000
v 0.00406550 0.08640812 0.00150000
v 0.00406550 0.09061477 0.00150000
v 0.00346004 0.08932354 0.00150000
v 0.00309401 0.08968956 0.00150000
v 0.00209401 0.08968956 0.00150000
v 0.00172799 0.08932354 0.00150000
v 0.00159401 0.08882354 0.00150000
v 0.00172799 0.08832354 0.00150000
v 0.00309401 0.08795751 0.00150000
v 0.00346004 0.08832354 0.00150000
v 0.00359401 0.08882354 0.00150000
v 0.00231705 0.08559669 0.00150000
v 0.00925445 0.06295126 0.00150000
v 0.00895924 0.06391489 0.00150000
v 0.01181778 0.07661025 0.00150000
v 0.01189695 0.07614660 0.00150000
v 0.00659000 0.08819336 0.00150000
v -0.00291317 0.09526052 0.00150000
v -0.00190801 0.09326583 0.00150000
v -0.00177403 0.09276583 0.00150000
v -0.00090801 0.09426583 0.00150000
v -0.00140801 0.09413185 0.00150000
v -0.00177403 0.09376583 0.00150000
v -0.00140801 0.09239980 0.00150000
v -0.00090801 0.09226583 0.00150000
v -0.00040801 0.09239980 0.00150000
v -0.00004198 0.09276583 0.00150000
v -0.00040801 0.09413185 0.00150000
v -0.00077803 0.09526052 0.00150000
v -0.00004198 0.09376583 0.00150000
v 0.00009199 0.09326583 0.00150000
v -0.00541834 0.09638919 0.00150000
v -0.00491834 0.09625522 0.00150000
v -0.00441834 0.09638919 0.00150000
v -0.00405232 0.09675522 0.00150000
v -0.00291317 0.09730848 0.00150000
v -0.00391834 0.09725522 0.00150000
v -0.00405232 0.09775522 0.00150000
v -0.00441834 0.09812125 0.00150000
v -0.00491834 0.09825522 0.00150000
v -0.00541834 0.09812125 0.00150000
v -0.00578437 0.09775522 0.00150000
v -0.00591834 0.09725522 0.00150000
v -0.00578437 0.09675522 0.00150000
v -0.01180200 0.10480872 0.00150000
v -0.01073271 0.10480872 0.00150000
v -0.01160397 0.10564440 0.00150000
v -0.01180200 0.10569599 0.00150000
v -0.01221885 0.10580459 0.00150000
v -0.01988668 0.10683189 0.00150000
v -0.02025271 0.10646587 0.00150000
v -0.02208780 0.10782980 0.00150000
v -0.02208780 0.10580459 0.00150000
v -0.01938668 0.10696587 0.00150000
v -0.01999263 0.10782980 0.00150000
v -0.01888668 0.10683189 0.00150000
v -0.01680588 0.10699959 0.00150000
v -0.01852066 0.10646587 0.00150000
v -0.02208780 0.10837563 0.00150000
v -0.02383890 0.10782980 0.00150000
v -0.02392290 0.10814331 0.00150000
v -0.02428893 0.10850934 0.00150000
v -0.02478893 0.10864331 0.00150000
v -0.02757125 0.10980416 0.00150000
v -0.02528893 0.10850934 0.00150000
v -0.03088980 0.10782980 0.00150000
v -0.03085357 0.10779357 0.00150000
v -0.03035357 0.10765959 0.00150000
v -0.02985357 0.10779357 0.00150000
v -0.02757125 0.10782980 0.00150000
v -0.02981734 0.10782980 0.00150000
v -0.02948754 0.10815960 0.00150000
v -0.02565495 0.10814331 0.00150000
v -0.02766966 0.10982980 0.00150000
v -0.03121959 0.10815960 0.00150000
v -0.03686602 0.10950000 0.00150000
v -0.03700000 0.10900000 0.00150000
v -0.03686602 0.10850000 0.00150000
v -0.02935357 0.10865960 0.00150000
v -0.02948754 0.10915959 0.00150000
v -0.02985357 0.10952562 0.00150000
v -0.03035357 0.10965959 0.00150000
v -0.03650000 0.10813398 0.00150000
v -0.03600000 0.10800000 0.00150000
v -0.03550000 0.10813398 0.00150000
v -0.03135357 0.10865960 0.00150000
v -0.03513397 0.10850000 0.00150000
v -0.03121959 0.10915959 0.00150000
v -0.03500000 0.10900000 0.00150000
v -0.03085357 0.10952562 0.00150000
v -0.03513397 0.10950000 0.00150000
v -0.03600000 0.11000000 0.00150000
v -0.03546377 0.10982980 0.00150000
v -0.03550000 0.10986602 0.00150000
v -0.03925000 0.11200000 0.00150000
v -0.04500000 0.11101108 0.00150000
v -0.04500000 0.11200000 0.00150000
v -0.04685000 0.11200000 0.00150000
v -0.04685000 0.11101108 0.00150000
v -0.05100000 0.11200000 0.00150000
v -0.05110062 0.11101108 0.00150000
v -0.05110062 0.11202696 0.00150000
v -0.05450000 0.11293782 0.00150000
v -0.05946697 0.12057413 0.00150000
v -0.05800000 0.11900000 0.00150000
v -0.05706218 0.11550000 0.00150000
v -0.05726099 0.15113050 0.00150000
v -0.05800000 0.14800000 0.00150000
v -0.05946697 0.14697588 0.00150000
v -0.05800000 0.14697588 0.00150000
v -0.05946697 0.14140000 0.00150000
v -0.05800000 0.14140000 0.00150000
v -0.05946697 0.13570000 0.00150000
v -0.05800000 0.13570000 0.00150000
v -0.05800000 0.12057413 0.00150000
v -0.05928282 0.15455748 0.00150000
v -0.05927512 0.15452874 0.00150000
v -0.05946697 0.15212961 0.00150000
v -0.05914884 0.15405748 0.00150000
v -0.05878282 0.15369146 0.00150000
v -0.05828282 0.15355748 0.00150000
v -0.05642715 0.15212961 0.00150000
v -0.05778282 0.15369146 0.00150000
v -0.05599203 0.15265098 0.00150000
v -0.05741679 0.15405748 0.00150000
v -0.05729052 0.15452874 0.00150000
v -0.05400000 0.15400000 0.00150000
v -0.05463246 0.15389737 0.00150000
v -0.05520000 0.15360000 0.00150000
v -0.04685000 0.15404020 0.00150000
v -0.04700000 0.15400000 0.00150000
v -0.05110062 0.15400000 0.00150000
v -0.04600000 0.15426795 0.00150000
v -0.04573921 0.15452874 0.00150000
v -0.04526795 0.15500000 0.00150000
v -0.06166603 0.14375000 0.00150000
v -0.06172556 0.14140000 0.00150000
v -0.06172556 0.14397218 0.00150000
v -0.06300000 0.14140000 0.00150000
v -0.06180000 0.14425000 0.00150000
v -0.06172556 0.14452782 0.00150000
v -0.06166603 0.14475000 0.00150000
v -0.06030000 0.14338397 0.00150000
v -0.05972556 0.14140000 0.00150000
v -0.06080000 0.14325000 0.00150000
v -0.06130000 0.14338397 0.00150000
v -0.05993398 0.14375000 0.00150000
v -0.05980000 0.14425000 0.00150000
v -0.05972556 0.14697588 0.00150000
v -0.05993398 0.14475000 0.00150000
v -0.06030000 0.14511602 0.00150000
v -0.06080000 0.14525000 0.00150000
v -0.06130000 0.14511602 0.00150000
v -0.06030000 0.13768397 0.00150000
v -0.05972556 0.13570000 0.00150000
v -0.06080000 0.13755000 0.00150000
v -0.06172556 0.13570000 0.00150000
v -0.06130000 0.13768397 0.00150000
v -0.06130000 0.13941603 0.00150000
v -0.06166603 0.13905000 0.00150000
v -0.06172556 0.13882782 0.00150000
v -0.06180000 0.13855000 0.00150000
v -0.06300000 0.13570000 0.00150000
v -0.06172556 0.13827218 0.00150000
v -0.06166603 0.13805000 0.00150000
v -0.05993398 0.13805000 0.00150000
v -0.05980000 0.13855000 0.00150000
v -0.05993398 0.13905000 0.00150000
v -0.06030000 0.13941603 0.00150000
v -0.06080000 0.13955000 0.00150000
v -0.04336603 0.10950000 0.00150000
v -0.04350000 0.10900000 0.00150000
v -0.04500000 0.10982980 0.00150000
v -0.04500000 0.10782980 0.00150000
v -0.04336603 0.10850000 0.00150000
v -0.04300000 0.10813398 0.00150000
v -0.04250000 0.10800000 0.00150000
v -0.04500000 0.10700000 0.00150000
v -0.04200000 0.10813398 0.00150000
v -0.04163397 0.10850000 0.00150000
v -0.04150000 0.10900000 0.00150000
v -0.04163397 0.10950000 0.00150000
v -0.04196377 0.10982980 0.00150000
v -0.04200000 0.10986602 0.00150000
v -0.04250000 0.11000000 0.00150000
v -0.04300000 0.10986602 0.00150000
v -0.04303623 0.10982980 0.00150000
v -0.06180000 0.12385000 0.00150000
v -0.06180000 0.13285000 0.00150000
v -0.06172556 0.12412782 0.00150000
v -0.06172556 0.13257218 0.00150000
v -0.06166603 0.12435000 0.00150000
v -0.06130000 0.12471602 0.00150000
v -0.06130000 0.13371603 0.00150000
v -0.06166603 0.13335000 0.00150000
v -0.06172556 0.13312782 0.00150000
v -0.06172556 0.12357218 0.00150000
v -0.06166603 0.12335000 0.00150000
v -0.06130000 0.12298397 0.00150000
v -0.06080000 0.12285000 0.00150000
v -0.05972556 0.12057413 0.00150000
v -0.06030000 0.12298397 0.00150000
v -0.05980000 0.13285000 0.00150000
v -0.05993398 0.13335000 0.00150000
v -0.06030000 0.13371603 0.00150000
v -0.06080000 0.13385000 0.00150000
v -0.06166603 0.13235000 0.00150000
v -0.06130000 0.13198397 0.00150000
v -0.06080000 0.12485000 0.00150000
v -0.06080000 0.13185000 0.00150000
v -0.06030000 0.12471602 0.00150000
v -0.06030000 0.13198397 0.00150000
v -0.05993398 0.12335000 0.00150000
v -0.05980000 0.12385000 0.00150000
v -0.05993398 0.12435000 0.00150000
v -0.05993398 0.13235000 0.00150000
v -0.05972556 0.11757607 0.00150000
v -0.05978509 0.11779825 0.00150000
v -0.06015112 0.11816427 0.00150000
v -0.06065112 0.11829825 0.00150000
v -0.06115112 0.11816427 0.00150000
v -0.06151714 0.11779825 0.00150000
v -0.06165111 0.11729825 0.00150000
v -0.06015112 0.11643222 0.00150000
v -0.05978509 0.11679825 0.00150000
v -0.05972556 0.11702043 0.00150000
v -0.05965112 0.11729825 0.00150000
v -0.06151714 0.11679825 0.00150000
v -0.06115112 0.11643222 0.00150000
v -0.06065112 0.11629825 0.00150000
v -0.05270125 0.10957963 0.00150000
v -0.05276828 0.10982980 0.00150000
v -0.05283522 0.11007964 0.00150000
v -0.05320125 0.11044566 0.00150000
v -0.05370124 0.11057964 0.00150000
v -0.05420125 0.11044566 0.00150000
v -0.05456727 0.11007964 0.00150000
v -0.05463422 0.10982980 0.00150000
v -0.04906603 0.10950000 0.00150000
v -0.04920000 0.10900000 0.00150000
v -0.04906603 0.10850000 0.00150000
v -0.04870000 0.10813398 0.00150000
v -0.04685000 0.10782980 0.00150000
v -0.04820000 0.10800000 0.00150000
v -0.04770000 0.10813398 0.00150000
v -0.04685000 0.10700000 0.00150000
v -0.04733397 0.10850000 0.00150000
v -0.04720000 0.10900000 0.00150000
v -0.04685000 0.10982980 0.00150000
v -0.04733397 0.10950000 0.00150000
v -0.04766377 0.10982980 0.00150000
v -0.04770000 0.10986602 0.00150000
v -0.04820000 0.11000000 0.00150000
v -0.04870000 0.10986602 0.00150000
v -0.04873623 0.10982980 0.00150000
v 0.00670763 0.07614660 0.00150000
v 0.00925617 0.07436207 0.00150000
v 0.00871796 0.07294991 0.00150000
v 0.00908398 0.07258388 0.00150000
v 0.00670763 0.07152495 0.00150000
v 0.00670763 0.07126471 0.00150000
v 0.00908398 0.07431593 0.00150000
v 0.00871796 0.07394991 0.00150000
v 0.00858398 0.07344991 0.00150000
v 0.01045001 0.07294991 0.00150000
v 0.01058398 0.07344991 0.00150000
v 0.00925617 0.07253774 0.00150000
v 0.00958398 0.07244991 0.00150000
v 0.01008398 0.07258388 0.00150000
v 0.01045001 0.07394991 0.00150000
v 0.01008398 0.07431593 0.00150000
v 0.00958398 0.07444991 0.00150000
v -0.05972556 0.14997957 0.00150000
v -0.05978509 0.15020175 0.00150000
v -0.06065112 0.14870175 0.00150000
v -0.06015112 0.14883573 0.00150000
v -0.05978509 0.14920175 0.00150000
v -0.06115112 0.14883573 0.00150000
v -0.06115112 0.15056778 0.00150000
v -0.06065112 0.15070175 0.00150000
v -0.06015112 0.15056778 0.00150000
v -0.06151714 0.15020175 0.00150000
v -0.06165111 0.14970175 0.00150000
v -0.06151714 0.14920175 0.00150000
v -0.05965112 0.14970175 0.00150000
v -0.05972556 0.14942393 0.00150000
v -0.02038668 0.10596587 0.00150000
v -0.02034347 0.10580459 0.00150000
v -0.02208780 0.10480872 0.00150000
v -0.02025271 0.10546587 0.00150000
v -0.01988668 0.10509984 0.00150000
v -0.01938668 0.10496587 0.00150000
v -0.01680588 0.10480872 0.00150000
v -0.01888668 0.10509984 0.00150000
v -0.01852066 0.10546587 0.00150000
v -0.01680588 0.10580459 0.00150000
v -0.01842990 0.10580459 0.00150000
v -0.01838668 0.10596587 0.00150000
v -0.02573896 0.10782980 0.00150000
v -0.02578893 0.10764331 0.00150000
v -0.02565495 0.10714331 0.00150000
v -0.02528893 0.10677729 0.00150000
v -0.02478893 0.10664331 0.00150000
v -0.02428893 0.10677729 0.00150000
v -0.02392290 0.10714331 0.00150000
v -0.02378893 0.10764331 0.00150000
v -0.02208780 0.10337782 0.00150000
v -0.01522509 0.10365157 0.00150000
v -0.01509111 0.10315157 0.00150000
v -0.01472509 0.10278554 0.00150000
v -0.01422509 0.10265157 0.00150000
v -0.01372509 0.10278554 0.00150000
v -0.01335906 0.10315157 0.00150000
v -0.01322509 0.10365157 0.00150000
v -0.01335906 0.10415157 0.00150000
v -0.01372509 0.10451759 0.00150000
v -0.01422509 0.10465157 0.00150000
v -0.01472509 0.10451759 0.00150000
v -0.01509111 0.10415157 0.00150000
v 0.00662791 0.07152495 0.00150000
v 0.00521207 0.07614660 0.00150000
v 0.00503698 0.08312668 0.00150000
v 0.00553698 0.08299270 0.00150000
v 0.00603698 0.08312668 0.00150000
v 0.00640301 0.08349270 0.00150000
v 0.00653698 0.08399270 0.00150000
v 0.00640301 0.08449270 0.00150000
v 0.00603698 0.08485873 0.00150000
v 0.00553698 0.08499270 0.00150000
v 0.00503698 0.08485873 0.00150000
v 0.00467096 0.08449270 0.00150000
v 0.00453698 0.08399270 0.00150000
v 0.00467096 0.08349270 0.00150000
v 0.00737828 0.07797727 0.00150000
v 0.00787828 0.07784329 0.00150000
v 0.00837828 0.07797727 0.00150000
v 0.00874430 0.07834329 0.00150000
v 0.00737828 0.07970932 0.00150000
v 0.00701225 0.07934329 0.00150000
v 0.00687828 0.07884329 0.00150000
v 0.00701225 0.07834329 0.00150000
v 0.00887828 0.07884329 0.00150000
v 0.00874430 0.07934329 0.00150000
v 0.00837828 0.07970932 0.00150000
v 0.00787828 0.07984329 0.00150000
v -0.04950000 0.15700000 0.00450000
v -0.04950000 0.15700000 0.00150000
v -0.04929904 0.15775000 0.00450000
v -0.04929904 0.15775000 0.00150000
v -0.04875000 0.15829904 0.00450000
v -0.04875000 0.15829904 0.00150000
v -0.04800000 0.15850000 0.00450000
v -0.04800000 0.15850000 0.00150000
v -0.04725000 0.15829904 0.00450000
v -0.04725000 0.15829904 0.00150000
v -0.04670096 0.15775000 0.00450000
v -0.04670096 0.15775000 0.00150000
v -0.04650000 0.15700000 0.00450000
v -0.04650000 0.15700000 0.00150000
v -0.04670096 0.15625000 0.00450000
v -0.04670096 0.15625000 0.00150000
v -0.04725000 0.15570096 0.00450000
v -0.04725000 0.15570096 0.00150000
v -0.04800000 0.15550000 0.00450000
v -0.04800000 0.15550000 0.00150000
v -0.04875000 0.15570096 0.00450000
v -0.04875000 0.15570096 0.00150000
v -0.04929904 0.15625000 0.00450000
v -0.04929904 0.15625000 0.00150000
v -0.06180000 0.12385000 0.00450000
v -0.06180000 0.12385000 0.00150000
v -0.06166603 0.12435000 0.00450000
v -0.06166603 0.12435000 0.00150000
v -0.06130000 0.12471602 0.00450000
v -0.06130000 0.12471602 0.00150000
v -0.06080000 0.12485000 0.00450000
v -0.06080000 0.12485000 0.00150000
v -0.06030000 0.12471602 0.00450000
v -0.06030000 0.12471602 0.00150000
v -0.05993398 0.12435000 0.00450000
v -0.05993398 0.12435000 0.00150000
v -0.05980000 0.12385000 0.00450000
v -0.05980000 0.12385000 0.00150000
v -0.05993398 0.12335000 0.00450000
v -0.05993398 0.12335000 0.00150000
v -0.06030000 0.12298397 0.00450000
v -0.06030000 0.12298397 0.00150000
v -0.06080000 0.12285000 0.00450000
v -0.06080000 0.12285000 0.00150000
v -0.06130000 0.12298397 0.00450000
v -0.06130000 0.12298397 0.00150000
v -0.06166603 0.12335000 0.00450000
v -0.06166603 0.12335000 0.00150000
v -0.01335906 0.10415157 0.00450000
v -0.01322509 0.10365157 0.00450000
v -0.01180200 0.10480872 0.00450000
v -0.06166603 0.13805000 0.00450000
v -0.06172556 0.13827218 0.00450000
v -0.06172556 0.13570000 0.00450000
v -0.06172556 0.11424372 0.00450000
v -0.06139230 0.11300000 0.00450000
v -0.05972556 0.11133325 0.00450000
v -0.05110062 0.10702696 0.00450000
v -0.05110062 0.10782980 0.00450000
v -0.05409685 0.10782980 0.00450000
v -0.05100000 0.10700000 0.00450000
v -0.04685000 0.10700000 0.00450000
v -0.04685000 0.10782980 0.00450000
v 0.01170902 0.07685124 0.00450000
v 0.00964791 0.08141800 0.00450000
v 0.00925617 0.08141800 0.00450000
v 0.00925617 0.08228598 0.00450000
v 0.00670763 0.08793272 0.00450000
v 0.00670763 0.08640812 0.00450000
v 0.00739573 0.08640812 0.00450000
v -0.03686602 0.10950000 0.00450000
v -0.03653623 0.10982980 0.00450000
v -0.03925000 0.10982980 0.00450000
v -0.05741679 0.11294252 0.00450000
v -0.05728282 0.11244252 0.00450000
v -0.05599203 0.11101108 0.00450000
v -0.04670096 0.15625000 0.00450000
v -0.04685000 0.15610096 0.00450000
v -0.04685000 0.15598893 0.00450000
v -0.04696204 0.15598893 0.00450000
v -0.04875000 0.15570096 0.00450000
v -0.04903796 0.15598893 0.00450000
v -0.05110062 0.15598893 0.00450000
v 0.01170902 0.06752727 0.00450000
v 0.01123406 0.06740000 0.00450000
v 0.01095743 0.06200000 0.00450000
v 0.01123406 0.07060000 0.00450000
v 0.01170902 0.07152495 0.00450000
v 0.01043406 0.07038564 0.00450000
v 0.00925617 0.07152495 0.00450000
v 0.00984842 0.06980000 0.00450000
v 0.00963406 0.06900000 0.00450000
v 0.00998210 0.06225394 0.00450000
v 0.01043406 0.06761436 0.00450000
v 0.00925617 0.06294961 0.00450000
v 0.00984842 0.06820000 0.00450000
v 0.01170902 0.06200000 0.00450000
v 0.01195832 0.06200000 0.00450000
v 0.01274289 0.06216032 0.00450000
v 0.01395658 0.06408333 0.00450000
v 0.01268603 0.07152495 0.00450000
v 0.01283406 0.06900000 0.00450000
v 0.01261970 0.06980000 0.00450000
v 0.01164817 0.07054548 0.00450000
v 0.01170902 0.07052028 0.00450000
v 0.01203406 0.07038564 0.00450000
v 0.01261970 0.06820000 0.00450000
v 0.01203406 0.06761436 0.00450000
v 0.01382909 0.06329276 0.00450000
v 0.01340169 0.06261556 0.00450000
v -0.04929904 0.15625000 0.00450000
v -0.04950000 0.15700000 0.00450000
v -0.05110062 0.15997304 0.00450000
v -0.04929904 0.15775000 0.00450000
v -0.05100000 0.16000000 0.00450000
v -0.04875000 0.15829904 0.00450000
v -0.04700000 0.16000000 0.00450000
v -0.04800000 0.15850000 0.00450000
v -0.04685000 0.15995981 0.00450000
v -0.04685000 0.15452874 0.00450000
v -0.04725000 0.15570096 0.00450000
v -0.04800000 0.15550000 0.00450000
v -0.05110062 0.15452874 0.00450000
v -0.04725000 0.15829904 0.00450000
v -0.04685000 0.15789904 0.00450000
v -0.04600000 0.15973205 0.00450000
v -0.04670096 0.15775000 0.00450000
v -0.05599203 0.15452874 0.00450000
v -0.05599203 0.15265098 0.00450000
v -0.05520000 0.15360000 0.00450000
v -0.05463246 0.15389737 0.00450000
v -0.05400000 0.15400000 0.00450000
v -0.05946697 0.12057413 0.00450000
v -0.05800000 0.13570000 0.00450000
v -0.05946697 0.13570000 0.00450000
v -0.05800000 0.14140000 0.00450000
v -0.05946697 0.14140000 0.00450000
v -0.05800000 0.14697588 0.00450000
v -0.05946697 0.14697588 0.00450000
v -0.05800000 0.14800000 0.00450000
v -0.05946697 0.15212961 0.00450000
v -0.05726099 0.15113050 0.00450000
v -0.05642715 0.15212961 0.00450000
v -0.05946697 0.11487039 0.00450000
v -0.05643256 0.11487039 0.00450000
v -0.05706218 0.11550000 0.00450000
v -0.05800000 0.11900000 0.00450000
v -0.05800000 0.12057413 0.00450000
v -0.05741679 0.11194252 0.00450000
v -0.05778282 0.11157649 0.00450000
v -0.05828282 0.11144252 0.00450000
v -0.05928282 0.11244252 0.00450000
v -0.05914884 0.11294252 0.00450000
v -0.05940338 0.11101108 0.00450000
v -0.05878282 0.11157649 0.00450000
v -0.05946697 0.11107466 0.00450000
v -0.05914884 0.11194252 0.00450000
v -0.05878282 0.11330855 0.00450000
v -0.05828282 0.11344252 0.00450000
v -0.05778282 0.11330855 0.00450000
v -0.05599203 0.11442985 0.00450000
v -0.05450000 0.11293782 0.00450000
v -0.05110062 0.11202696 0.00450000
v -0.05100000 0.11200000 0.00450000
v -0.05110062 0.11101108 0.00450000
v -0.04685000 0.11200000 0.00450000
v -0.04685000 0.11101108 0.00450000
v -0.04500000 0.11200000 0.00450000
v -0.04500000 0.11101108 0.00450000
v -0.03925000 0.11200000 0.00450000
v -0.03925000 0.11101108 0.00450000
v -0.03600000 0.11200000 0.00450000
v -0.03220401 0.11101108 0.00450000
v -0.03546377 0.10982980 0.00450000
v -0.02766966 0.10982980 0.00450000
v -0.03550000 0.10986602 0.00450000
v -0.03600000 0.11000000 0.00450000
v -0.03650000 0.10986602 0.00450000
v -0.03085357 0.10952562 0.00450000
v -0.03035357 0.10965959 0.00450000
v -0.02985357 0.10952562 0.00450000
v -0.02948754 0.10915959 0.00450000
v -0.03121959 0.10915959 0.00450000
v -0.03513397 0.10950000 0.00450000
v -0.03135357 0.10865960 0.00450000
v -0.03500000 0.10900000 0.00450000
v -0.03121959 0.10815960 0.00450000
v -0.03513397 0.10850000 0.00450000
v -0.03550000 0.10813398 0.00450000
v -0.03600000 0.10800000 0.00450000
v -0.03650000 0.10813398 0.00450000
v -0.03925000 0.10782980 0.00450000
v -0.03686602 0.10850000 0.00450000
v -0.03700000 0.10900000 0.00450000
v -0.02935357 0.10865960 0.00450000
v -0.02757125 0.10782980 0.00450000
v -0.02757125 0.10980416 0.00450000
v -0.02573896 0.10782980 0.00450000
v -0.02565495 0.10814331 0.00450000
v -0.01999263 0.10782980 0.00450000
v -0.02208780 0.10837563 0.00450000
v -0.02208780 0.10782980 0.00450000
v -0.02392290 0.10814331 0.00450000
v -0.02528893 0.10850934 0.00450000
v -0.02478893 0.10864331 0.00450000
v -0.02428893 0.10850934 0.00450000
v -0.01938668 0.10696587 0.00450000
v -0.01680588 0.10699959 0.00450000
v -0.01888668 0.10683189 0.00450000
v -0.02025271 0.10546587 0.00450000
v -0.02034347 0.10580459 0.00450000
v -0.02208780 0.10580459 0.00450000
v -0.02038668 0.10596587 0.00450000
v -0.02025271 0.10646587 0.00450000
v -0.01988668 0.10683189 0.00450000
v -0.01180200 0.10569599 0.00450000
v -0.01221885 0.10580459 0.00450000
v -0.01852066 0.10646587 0.00450000
v -0.01680588 0.10580459 0.00450000
v -0.01680588 0.10480872 0.00450000
v -0.01073271 0.10480872 0.00450000
v -0.01160397 0.10564440 0.00450000
v -0.01180200 0.10219275 0.00450000
v -0.00800538 0.10219275 0.00450000
v -0.00714862 0.10137098 0.00450000
v -0.00837891 0.10073393 0.00450000
v -0.00714862 0.09526052 0.00450000
v -0.00851288 0.10023393 0.00450000
v -0.00887891 0.09986790 0.00450000
v -0.01024493 0.10023393 0.00450000
v -0.01037891 0.10073393 0.00450000
v -0.01024493 0.10123393 0.00450000
v -0.00776715 0.09526052 0.00450000
v -0.00937891 0.09973393 0.00450000
v -0.01180200 0.09912718 0.00450000
v -0.00987891 0.09986790 0.00450000
v -0.00987891 0.10159996 0.00450000
v -0.00937891 0.10173393 0.00450000
v -0.00887891 0.10159996 0.00450000
v -0.00851288 0.10123393 0.00450000
v -0.00077803 0.09526052 0.00450000
v -0.00291317 0.09730848 0.00450000
v -0.00291317 0.09526052 0.00450000
v -0.00391834 0.09725522 0.00450000
v -0.00405232 0.09675522 0.00450000
v -0.00541834 0.09638919 0.00450000
v -0.00491834 0.09625522 0.00450000
v -0.00441834 0.09638919 0.00450000
v -0.00578437 0.09675522 0.00450000
v -0.00591834 0.09725522 0.00450000
v -0.00578437 0.09775522 0.00450000
v -0.00541834 0.09812125 0.00450000
v -0.00491834 0.09825522 0.00450000
v -0.00441834 0.09812125 0.00450000
v -0.00405232 0.09775522 0.00450000
v -0.00040801 0.09239980 0.00450000
v 0.00361729 0.09104468 0.00450000
v -0.00004198 0.09276583 0.00450000
v 0.00009199 0.09326583 0.00450000
v -0.00004198 0.09376583 0.00450000
v -0.00040801 0.09413185 0.00450000
v -0.00291317 0.09104468 0.00450000
v -0.00090801 0.09226583 0.00450000
v -0.00140801 0.09239980 0.00450000
v -0.00177403 0.09276583 0.00450000
v -0.00190801 0.09326583 0.00450000
v -0.00177403 0.09376583 0.00450000
v -0.00140801 0.09413185 0.00450000
v -0.00090801 0.09426583 0.00450000
v 0.00209401 0.08795751 0.00450000
v 0.00172799 0.08832354 0.00450000
v 0.00147032 0.08640812 0.00450000
v 0.00159401 0.08882354 0.00450000
v 0.00172799 0.08932354 0.00450000
v -0.00291317 0.09060889 0.00450000
v 0.00406550 0.08640812 0.00450000
v 0.00406550 0.09061477 0.00450000
v 0.00359401 0.08882354 0.00450000
v 0.00346004 0.08832354 0.00450000
v 0.00309401 0.08795751 0.00450000
v 0.00259401 0.08782354 0.00450000
v 0.00209401 0.08968956 0.00450000
v 0.00259401 0.08982354 0.00450000
v 0.00309401 0.08968956 0.00450000
v 0.00346004 0.08932354 0.00450000
v 0.00659000 0.08819336 0.00450000
v 0.00670763 0.07126471 0.00450000
v 0.00895924 0.06391489 0.00450000
v 0.00925445 0.06295126 0.00450000
v 0.00406550 0.07988930 0.00450000
v 0.00521207 0.07614660 0.00450000
v 0.00670763 0.07614660 0.00450000
v 0.00662791 0.07152495 0.00450000
v 0.00670763 0.07152495 0.00450000
v -0.00336792 0.09104468 0.00450000
v -0.00714862 0.09466779 0.00450000
v -0.01405520 0.10128645 0.00450000
v -0.01680588 0.10200263 0.00450000
v -0.02758364 0.10480872 0.00450000
v -0.02757125 0.10480549 0.00450000
v -0.02757125 0.10480872 0.00450000
v -0.02208780 0.10337782 0.00450000
v -0.02208780 0.10480872 0.00450000
v -0.01753613 0.10219275 0.00450000
v -0.01680588 0.10219275 0.00450000
v -0.02948754 0.10815960 0.00450000
v -0.02981734 0.10782980 0.00450000
v -0.02757125 0.10580459 0.00450000
v -0.02985357 0.10779357 0.00450000
v -0.03140862 0.10580459 0.00450000
v -0.04500000 0.10700000 0.00450000
v -0.03925000 0.10700000 0.00450000
v -0.03600000 0.10700000 0.00450000
v -0.03035357 0.10765959 0.00450000
v -0.03085357 0.10779357 0.00450000
v -0.03088980 0.10782980 0.00450000
v -0.05110062 0.10982980 0.00450000
v -0.05270125 0.10957963 0.00450000
v -0.05599203 0.10833761 0.00450000
v -0.05420125 0.10871361 0.00450000
v -0.05283522 0.10907963 0.00450000
v -0.05320125 0.10871361 0.00450000
v -0.05370124 0.10857964 0.00450000
v -0.05822210 0.10982980 0.00450000
v -0.05700000 0.10860770 0.00450000
v -0.05456727 0.10907963 0.00450000
v -0.05599203 0.10982980 0.00450000
v -0.06300000 0.11900000 0.00450000
v -0.06189347 0.11487039 0.00450000
v -0.06172556 0.11487039 0.00450000
v -0.05972556 0.11487039 0.00450000
v -0.06300000 0.14697588 0.00450000
v -0.06172556 0.14697588 0.00450000
v -0.06300000 0.14800000 0.00450000
v -0.06172556 0.15212961 0.00450000
v -0.06189347 0.15212961 0.00450000
v -0.06172556 0.15275628 0.00450000
v -0.06139230 0.15400000 0.00450000
v -0.05972556 0.15212961 0.00450000
v -0.06086357 0.15452874 0.00450000
v -0.05972556 0.15452874 0.00450000
v -0.05946697 0.15452874 0.00450000
v -0.05972556 0.15566675 0.00450000
v -0.05946697 0.15592533 0.00450000
v -0.05741679 0.15505748 0.00450000
v -0.05728282 0.15455748 0.00450000
v -0.05729052 0.15452874 0.00450000
v -0.05741679 0.15405748 0.00450000
v -0.05778282 0.15369146 0.00450000
v -0.05828282 0.15355748 0.00450000
v -0.05878282 0.15369146 0.00450000
v -0.05828282 0.15555748 0.00450000
v -0.05778282 0.15542351 0.00450000
v -0.05599203 0.15598893 0.00450000
v -0.05914884 0.15405748 0.00450000
v -0.05927512 0.15452874 0.00450000
v -0.05928282 0.15455748 0.00450000
v -0.05914884 0.15505748 0.00450000
v -0.05940338 0.15598893 0.00450000
v -0.05878282 0.15542351 0.00450000
v -0.05599203 0.15866239 0.00450000
v -0.05700000 0.15839230 0.00450000
v -0.05456727 0.15792036 0.00450000
v -0.05420125 0.15828639 0.00450000
v -0.05370124 0.15842036 0.00450000
v -0.05320125 0.15828639 0.00450000
v -0.05283522 0.15792036 0.00450000
v -0.05270125 0.15742037 0.00450000
v -0.05283522 0.15692037 0.00450000
v -0.05320125 0.15655434 0.00450000
v -0.05370124 0.15642037 0.00450000
v -0.05420125 0.15655434 0.00450000
v -0.05456727 0.15692037 0.00450000
v -0.05470125 0.15742037 0.00450000
v -0.04573921 0.15452874 0.00450000
v -0.04526795 0.15500000 0.00450000
v -0.04500297 0.15598893 0.00450000
v -0.04500000 0.15600000 0.00450000
v -0.04650000 0.15700000 0.00450000
v -0.04500000 0.15800000 0.00450000
v -0.04526795 0.15900000 0.00450000
v -0.04600000 0.15426795 0.00450000
v -0.04685000 0.15404020 0.00450000
v -0.04700000 0.15400000 0.00450000
v -0.05110062 0.15400000 0.00450000
v -0.06030000 0.14511602 0.00450000
v -0.05972556 0.14697588 0.00450000
v -0.06080000 0.14525000 0.00450000
v -0.06130000 0.14511602 0.00450000
v -0.06130000 0.14338397 0.00450000
v -0.06166603 0.14375000 0.00450000
v -0.06172556 0.14140000 0.00450000
v -0.06172556 0.14397218 0.00450000
v -0.06300000 0.14140000 0.00450000
v -0.06180000 0.14425000 0.00450000
v -0.06172556 0.14452782 0.00450000
v -0.06166603 0.14475000 0.00450000
v -0.05993398 0.14475000 0.00450000
v -0.05980000 0.14425000 0.00450000
v -0.05972556 0.14140000 0.00450000
v -0.05993398 0.14375000 0.00450000
v -0.06030000 0.14338397 0.00450000
v -0.06080000 0.14325000 0.00450000
v -0.06166603 0.13905000 0.00450000
v -0.06172556 0.13882782 0.00450000
v -0.06180000 0.13855000 0.00450000
v -0.06300000 0.13570000 0.00450000
v -0.06030000 0.13941603 0.00450000
v -0.06080000 0.13955000 0.00450000
v -0.06130000 0.13941603 0.00450000
v -0.05993398 0.13905000 0.00450000
v -0.05980000 0.13855000 0.00450000
v -0.05972556 0.13570000 0.00450000
v -0.05993398 0.13805000 0.00450000
v -0.06030000 0.13768397 0.00450000
v -0.06080000 0.13755000 0.00450000
v -0.06130000 0.13768397 0.00450000
v -0.04163397 0.10950000 0.00450000
v -0.04150000 0.10900000 0.00450000
v -0.04163397 0.10850000 0.00450000
v -0.04200000 0.10813398 0.00450000
v -0.04250000 0.10800000 0.00450000
v -0.04500000 0.10782980 0.00450000
v -0.04350000 0.10900000 0.00450000
v -0.04500000 0.10982980 0.00450000
v -0.04336603 0.10850000 0.00450000
v -0.04300000 0.10813398 0.00450000
v -0.04336603 0.10950000 0.00450000
v -0.04303623 0.10982980 0.00450000
v -0.04300000 0.10986602 0.00450000
v -0.04250000 0.11000000 0.00450000
v -0.04200000 0.10986602 0.00450000
v -0.04196377 0.10982980 0.00450000
v -0.06172556 0.13257218 0.00450000
v -0.06180000 0.13285000 0.00450000
v -0.06172556 0.12412782 0.00450000
v -0.06180000 0.12385000 0.00450000
v -0.06166603 0.12435000 0.00450000
v -0.06130000 0.12471602 0.00450000
v -0.06166603 0.13235000 0.00450000
v -0.06166603 0.13335000 0.00450000
v -0.06130000 0.13371603 0.00450000
v -0.06172556 0.13312782 0.00450000
v -0.05980000 0.12385000 0.00450000
v -0.05972556 0.12057413 0.00450000
v -0.06030000 0.12471602 0.00450000
v -0.06030000 0.13198397 0.00450000
v -0.06080000 0.12485000 0.00450000
v -0.06080000 0.13185000 0.00450000
v -0.06130000 0.13198397 0.00450000
v -0.06080000 0.13385000 0.00450000
v -0.06030000 0.13371603 0.00450000
v -0.05993398 0.13335000 0.00450000
v -0.05980000 0.13285000 0.00450000
v -0.06130000 0.12298397 0.00450000
v -0.06166603 0.12335000 0.00450000
v -0.06172556 0.12057413 0.00450000
v -0.06172556 0.12357218 0.00450000
v -0.06300000 0.12057413 0.00450000
v -0.05993398 0.12435000 0.00450000
v -0.05993398 0.13235000 0.00450000
v -0.05993398 0.12335000 0.00450000
v -0.06030000 0.12298397 0.00450000
v -0.06080000 0.12285000 0.00450000
v -0.05965112 0.11729825 0.00450000
v -0.05972556 0.11702043 0.00450000
v -0.05978509 0.11679825 0.00450000
v -0.06015112 0.11643222 0.00450000
v -0.06065112 0.11629825 0.00450000
v -0.06115112 0.11643222 0.00450000
v -0.06151714 0.11679825 0.00450000
v -0.06165111 0.11729825 0.00450000
v -0.05972556 0.11757607 0.00450000
v -0.05978509 0.11779825 0.00450000
v -0.06015112 0.11816427 0.00450000
v -0.06151714 0.11779825 0.00450000
v -0.06115112 0.11816427 0.00450000
v -0.06065112 0.11829825 0.00450000
v -0.05470125 0.10957963 0.00450000
v -0.05463422 0.10982980 0.00450000
v -0.05456727 0.11007964 0.00450000
v -0.05420125 0.11044566 0.00450000
v -0.05370124 0.11057964 0.00450000
v -0.05320125 0.11044566 0.00450000
v -0.05283522 0.11007964 0.00450000
v -0.05276828 0.10982980 0.00450000
v -0.04733397 0.10950000 0.00450000
v -0.04720000 0.10900000 0.00450000
v -0.04685000 0.10982980 0.00450000
v -0.04733397 0.10850000 0.00450000
v -0.04770000 0.10813398 0.00450000
v -0.04820000 0.10800000 0.00450000
v -0.04920000 0.10900000 0.00450000
v -0.04906603 0.10850000 0.00450000
v -0.04870000 0.10813398 0.00450000
v -0.04906603 0.10950000 0.00450000
v -0.04873623 0.10982980 0.00450000
v -0.04870000 0.10986602 0.00450000
v -0.04820000 0.11000000 0.00450000
v -0.04770000 0.10986602 0.00450000
v -0.04766377 0.10982980 0.00450000
v 0.00925617 0.07253774 0.00450000
v 0.00908398 0.07258388 0.00450000
v 0.00871796 0.07294991 0.00450000
v 0.00858398 0.07344991 0.00450000
v 0.00871796 0.07394991 0.00450000
v 0.00908398 0.07431593 0.00450000
v 0.00925617 0.07436207 0.00450000
v 0.00925617 0.07614660 0.00450000
v 0.00958398 0.07444991 0.00450000
v 0.01170902 0.07614660 0.00450000
v 0.01008398 0.07431593 0.00450000
v 0.01045001 0.07394991 0.00450000
v 0.01189695 0.07614660 0.00450000
v 0.01058398 0.07344991 0.00450000
v 0.01045001 0.07294991 0.00450000
v 0.01008398 0.07258388 0.00450000
v 0.00958398 0.07244991 0.00450000
v -0.06065112 0.15070175 0.00450000
v -0.06015112 0.15056778 0.00450000
v -0.05972556 0.14942393 0.00450000
v -0.05978509 0.14920175 0.00450000
v -0.06115112 0.15056778 0.00450000
v -0.06115112 0.14883573 0.00450000
v -0.06065112 0.14870175 0.00450000
v -0.06015112 0.14883573 0.00450000
v -0.06151714 0.14920175 0.00450000
v -0.06165111 0.14970175 0.00450000
v -0.06151714 0.15020175 0.00450000
v -0.05978509 0.15020175 0.00450000
v -0.05972556 0.14997957 0.00450000
v -0.05965112 0.14970175 0.00450000
v -0.01838668 0.10596587 0.00450000
v -0.01842990 0.10580459 0.00450000
v -0.01852066 0.10546587 0.00450000
v -0.01988668 0.10509984 0.00450000
v -0.01938668 0.10496587 0.00450000
v -0.01888668 0.10509984 0.00450000
v -0.02392290 0.10714331 0.00450000
v -0.02378893 0.10764331 0.00450000
v -0.02383890 0.10782980 0.00450000
v -0.02428893 0.10677729 0.00450000
v -0.02478893 0.10664331 0.00450000
v -0.02528893 0.10677729 0.00450000
v -0.02565495 0.10714331 0.00450000
v -0.02578893 0.10764331 0.00450000
v 0.00887828 0.07884329 0.00450000
v 0.00874430 0.07834329 0.00450000
v 0.00837828 0.07970932 0.00450000
v 0.00874430 0.07934329 0.00450000
v 0.01181778 0.07661025 0.00450000
v 0.00837828 0.07797727 0.00450000
v 0.00670763 0.08141800 0.00450000
v 0.00787828 0.07984329 0.00450000
v 0.00787828 0.07784329 0.00450000
v 0.00737828 0.07797727 0.00450000
v 0.00701225 0.07834329 0.00450000
v 0.00687828 0.07884329 0.00450000
v 0.00701225 0.07934329 0.00450000
v 0.00737828 0.07970932 0.00450000
v 0.00231705 0.08559669 0.00450000
v 0.00359719 0.08141800 0.00450000
v 0.00406550 0.08141800 0.00450000
v 0.00603698 0.08312668 0.00450000
v 0.00553698 0.08299270 0.00450000
v 0.00503698 0.08312668 0.00450000
v 0.00467096 0.08349270 0.00450000
v 0.00603698 0.08485873 0.00450000
v 0.00640301 0.08449270 0.00450000
v 0.00653698 0.08399270 0.00450000
v 0.00640301 0.08349270 0.00450000
v 0.00453698 0.08399270 0.00450000
v 0.00467096 0.08449270 0.00450000
v 0.00503698 0.08485873 0.00450000
v 0.00553698 0.08499270 0.00450000
v -0.01335906 0.10315157 0.00450000
v -0.01372509 0.10278554 0.00450000
v -0.01422509 0.10265157 0.00450000
v -0.01472509 0.10278554 0.00450000
v -0.01509111 0.10315157 0.00450000
v -0.01522509 0.10365157 0.00450000
v -0.01509111 0.10415157 0.00450000
v -0.01472509 0.10451759 0.00450000
v -0.01422509 0.10465157 0.00450000
v -0.01372509 0.10451759 0.00450000
v -0.05110062 0.15400000 0.00450000
v -0.05110062 0.15400000 0.00150000
v -0.05470125 0.10957963 0.00450000
v -0.05470125 0.10957963 0.00150000
v -0.05456727 0.11007964 0.00450000
v -0.05456727 0.11007964 0.00150000
v -0.05420125 0.11044566 0.00450000
v -0.05420125 0.11044566 0.00150000
v -0.05370124 0.11057964 0.00450000
v -0.05370124 0.11057964 0.00150000
v -0.05320125 0.11044566 0.00450000
v -0.05320125 0.11044566 0.00150000
v -0.05283522 0.11007964 0.00450000
v -0.05283522 0.11007964 0.00150000
v -0.05270125 0.10957963 0.00450000
v -0.05270125 0.10957963 0.00150000
v -0.05283522 0.10907963 0.00450000
v -0.05283522 0.10907963 0.00150000
v -0.05320125 0.10871361 0.00450000
v -0.05320125 0.10871361 0.00150000
v -0.05370124 0.10857964 0.00450000
v -0.05370124 0.10857964 0.00150000
v -0.05420125 0.10871361 0.00450000
v -0.05420125 0.10871361 0.00150000
v -0.05456727 0.10907963 0.00450000
v -0.05456727 0.10907963 0.00150000
v -0.05700000 0.10860770 0.00450000
v -0.05700000 0.10860770 0.00150000
v -0.06139230 0.11300000 0.00450000
v -0.06139230 0.11300000 0.00150000
v -0.02578893 0.10764331 0.00450000
v -0.02578893 0.10764331 0.00150000
v -0.02565495 0.10814331 0.00450000
v -0.02565495 0.10814331 0.00150000
v -0.02528893 0.10850934 0.00450000
v -0.02528893 0.10850934 0.00150000
v -0.02478893 0.10864331 0.00450000
v -0.02478893 0.10864331 0.00150000
v -0.02428893 0.10850934 0.00450000
v -0.02428893 0.10850934 0.00150000
v -0.02392290 0.10814331 0.00450000
v -0.02392290 0.10814331 0.00150000
v -0.02378893 0.10764331 0.00450000
v -0.02378893 0.10764331 0.00150000
v -0.02392290 0.10714331 0.00450000
v -0.02392290 0.10714331 0.00150000
v -0.02428893 0.10677729 0.00450000
v -0.02428893 0.10677729 0.00150000
v -0.02478893 0.10664331 0.00450000
v -0.02478893 0.10664331 0.00150000
v -0.02528893 0.10677729 0.00450000
v -0.02528893 0.10677729 0.00150000
v -0.02565495 0.10714331 0.00450000
v -0.02565495 0.10714331 0.00150000
v -0.05470125 0.15742037 0.00450000
v -0.05470125 0.15742037 0.00150000
v -0.05456727 0.15792036 0.00450000
v -0.05456727 0.15792036 0.00150000
v -0.05420125 0.15828639 0.00450000
v -0.05420125 0.15828639 0.00150000
v -0.05370124 0.15842036 0.00450000
v -0.05370124 0.15842036 0.00150000
v -0.05320125 0.15828639 0.00450000
v -0.05320125 0.15828639 0.00150000
v -0.05283522 0.15792036 0.00450000
v -0.05283522 0.15792036 0.00150000
v -0.05270125 0.15742037 0.00450000
v -0.05270125 0.15742037 0.00150000
v -0.05283522 0.15692037 0.00450000
v -0.05283522 0.15692037 0.00150000
v -0.05320125 0.15655434 0.00450000
v -0.05320125 0.15655434 0.00150000
v -0.05370124 0.15642037 0.00450000
v -0.05370124 0.15642037 0.00150000
v -0.05420125 0.15655434 0.00450000
v -0.05420125 0.15655434 0.00150000
v -0.05456727 0.15692037 0.00450000
v -0.05456727 0.15692037 0.00150000
v -0.02263383 0.08221517 0.00450000
v -0.02263383 0.08221517 0.00150000
v -0.02249985 0.08271517 0.00450000
v -0.02249985 0.08271517 0.00150000
v -0.02213383 0.08308119 0.00450000
v -0.02213383 0.08308119 0.00150000
v -0.02163383 0.08321517 0.00450000
v -0.02163383 0.08321517 0.00150000
v -0.02113383 0.08308119 0.00450000
v -0.02113383 0.08308119 0.00150000
v -0.02076780 0.08271517 0.00450000
v -0.02076780 0.08271517 0.00150000
v -0.02063383 0.08221517 0.00450000
v -0.02063383 0.08221517 0.00150000
v -0.02076780 0.08171517 0.00450000
v -0.02076780 0.08171517 0.00150000
v -0.02113383 0.08134914 0.00450000
v -0.02113383 0.08134914 0.00150000
v -0.02163383 0.08121517 0.00450000
v -0.02163383 0.08121517 0.00150000
v -0.02213383 0.08134914 0.00450000
v -0.02213383 0.08134914 0.00150000
v -0.02249985 0.08171517 0.00450000
v -0.02249985 0.08171517 0.00150000
v -0.01337106 0.07672858 0.00450000
v -0.02312894 0.08573470 0.00150000
v -0.02312894 0.08573470 0.00450000
v -0.03600000 0.08900000 0.00150000
v -0.03600000 0.08900000 0.00450000
v -0.00908654 0.06416000 0.00450000
v -0.00908654 0.06416000 0.00150000
v -0.01044409 0.07071179 0.00450000
v -0.01044409 0.07071179 0.00150000
v -0.01337106 0.07672858 0.00150000
v -0.07971282 0.16400000 0.00450000
v -0.07971282 0.16400000 0.00150000
v -0.07957884 0.16450000 0.00450000
v -0.07957884 0.16450000 0.00150000
v -0.07921281 0.16486602 0.00450000
v -0.07921281 0.16486602 0.00150000
v -0.07871281 0.16500000 0.00450000
v -0.07871281 0.16500000 0.00150000
v -0.07821281 0.16486602 0.00450000
v -0.07821281 0.16486602 0.00150000
v -0.07784679 0.16450000 0.00450000
v -0.07784679 0.16450000 0.00150000
v -0.07771281 0.16400000 0.00450000
v -0.07771281 0.16400000 0.00150000
v -0.07784679 0.16350000 0.00450000
v -0.07784679 0.16350000 0.00150000
v -0.07821281 0.16313397 0.00450000
v -0.07821281 0.16313397 0.00150000
v -0.07871281 0.16300000 0.00450000
v -0.07871281 0.16300000 0.00150000
v -0.07921281 0.16313397 0.00450000
v -0.07921281 0.16313397 0.00150000
v -0.07957884 0.16350000 0.00450000
v -0.07957884 0.16350000 0.00150000
v -0.04650000 0.08680000 0.00450000
v -0.04650000 0.08680000 0.00150000
v -0.04636602 0.08730000 0.00450000
v -0.04636602 0.08730000 0.00150000
v -0.04600000 0.08766602 0.00450000
v -0.04600000 0.08766602 0.00150000
v -0.04550000 0.08780000 0.00450000
v -0.04550000 0.08780000 0.00150000
v -0.04500000 0.08766602 0.00450000
v -0.04500000 0.08766602 0.00150000
v -0.04463397 0.08730000 0.00450000
v -0.04463397 0.08730000 0.00150000
v -0.04450000 0.08680000 0.00450000
v -0.04450000 0.08680000 0.00150000
v -0.04463397 0.08630000 0.00450000
v -0.04463397 0.08630000 0.00150000
v -0.04500000 0.08593398 0.00450000
v -0.04500000 0.08593398 0.00150000
v -0.04550000 0.08580000 0.00450000
v -0.04550000 0.08580000 0.00150000
v -0.04600000 0.08593398 0.00450000
v -0.04600000 0.08593398 0.00150000
v -0.04636602 0.08630000 0.00450000
v -0.04636602 0.08630000 0.00150000
v -0.01407652 0.06383333 0.00150000
v -0.01407652 0.06383333 0.00450000
v -0.01758841 0.07404215 0.00150000
v -0.01758841 0.07404215 0.00450000
v -0.02553404 0.08135106 0.00150000
v -0.02553404 0.08135106 0.00450000
v -0.03600000 0.08400000 0.00150000
v -0.03600000 0.08400000 0.00450000
v -0.07256921 0.17251342 0.00450000
v -0.07256921 0.17251342 0.00150000
v -0.07243523 0.17301342 0.00450000
v -0.07243523 0.17301342 0.00150000
v -0.07206921 0.17337944 0.00450000
v -0.07206921 0.17337944 0.00150000
v -0.07156920 0.17351342 0.00450000
v -0.07156920 0.17351342 0.00150000
v -0.07106920 0.17337944 0.00450000
v -0.07106920 0.17337944 0.00150000
v -0.07070318 0.17301342 0.00450000
v -0.07070318 0.17301342 0.00150000
v -0.07056920 0.17251342 0.00450000
v -0.07056920 0.17251342 0.00150000
v -0.07070318 0.17201343 0.00450000
v -0.07070318 0.17201343 0.00150000
v -0.07106920 0.17164739 0.00450000
v -0.07106920 0.17164739 0.00150000
v -0.07156920 0.17151342 0.00450000
v -0.07156920 0.17151342 0.00150000
v -0.07206921 0.17164739 0.00450000
v -0.07206921 0.17164739 0.00150000
v -0.07243523 0.17201343 0.00450000
v -0.07243523 0.17201343 0.00150000
v -0.01522602 0.07387156 0.00450000
v -0.01522602 0.07387156 0.00150000
v -0.01509205 0.07437156 0.00450000
v -0.01509205 0.07437156 0.00150000
v -0.01472602 0.07473758 0.00450000
v -0.01472602 0.07473758 0.00150000
v -0.01422602 0.07487156 0.00450000
v -0.01422602 0.07487156 0.00150000
v -0.01372602 0.07473758 0.00450000
v -0.01372602 0.07473758 0.00150000
v -0.01336000 0.07437156 0.00450000
v -0.01336000 0.07437156 0.00150000
v -0.01322602 0.07387156 0.00450000
v -0.01322602 0.07387156 0.00150000
v -0.01336000 0.07337156 0.00450000
v -0.01336000 0.07337156 0.00150000
v -0.01372602 0.07300553 0.00450000
v -0.01372602 0.07300553 0.00150000
v -0.01422602 0.07287156 0.00450000
v -0.01422602 0.07287156 0.00150000
v -0.01472602 0.07300553 0.00450000
v -0.01472602 0.07300553 0.00150000
v -0.01509205 0.07337156 0.00450000
v -0.01509205 0.07337156 0.00150000
v -0.01108013 0.06200000 0.00450000
v -0.01208348 0.06200000 0.00450000
v -0.01108013 0.06200000 0.00150000
v -0.01208348 0.06200000 0.00150000
v -0.08207016 0.15894465 0.00450000
v -0.08207016 0.15894465 0.00150000
v -0.08193619 0.15944465 0.00450000
v -0.08193619 0.15944465 0.00150000
v -0.08157016 0.15981067 0.00450000
v -0.08157016 0.15981067 0.00150000
v -0.08107016 0.15994465 0.00450000
v -0.08107016 0.15994465 0.00150000
v -0.08057016 0.15981067 0.00450000
v -0.08057016 0.15981067 0.00150000
v -0.08020414 0.15944465 0.00450000
v -0.08020414 0.15944465 0.00150000
v -0.08007016 0.15894465 0.00450000
v -0.08007016 0.15894465 0.00150000
v -0.08020414 0.15844464 0.00450000
v -0.08020414 0.15844464 0.00150000
v -0.08057016 0.15807862 0.00450000
v -0.08057016 0.15807862 0.00150000
v -0.08107016 0.15794464 0.00450000
v -0.08107016 0.15794464 0.00150000
v -0.08157016 0.15807862 0.00450000
v -0.08157016 0.15807862 0.00150000
v -0.08193619 0.15844464 0.00450000
v -0.08193619 0.15844464 0.00150000
v -0.08400000 0.11900000 0.00450000
v -0.08400000 0.11900000 0.00150000
v -0.08386602 0.11950000 0.00450000
v -0.08386602 0.11950000 0.00150000
v -0.08350000 0.11986603 0.00450000
v -0.08350000 0.11986603 0.00150000
v -0.08300000 0.12000000 0.00450000
v -0.08300000 0.12000000 0.00150000
v -0.08250000 0.11986603 0.00450000
v -0.08250000 0.11986603 0.00150000
v -0.08213397 0.11950000 0.00450000
v -0.08213397 0.11950000 0.00150000
v -0.08200000 0.11900000 0.00450000
v -0.08200000 0.11900000 0.00150000
v -0.08213397 0.11850000 0.00450000
v -0.08213397 0.11850000 0.00150000
v -0.08250000 0.11813397 0.00450000
v -0.08250000 0.11813397 0.00150000
v -0.08300000 0.11800000 0.00450000
v -0.08300000 0.11800000 0.00150000
v -0.08350000 0.11813397 0.00450000
v -0.08350000 0.11813397 0.00150000
v -0.08386602 0.11850000 0.00450000
v -0.08386602 0.11850000 0.00150000
v -0.01845461 0.07846537 0.00450000
v -0.01845461 0.07846537 0.00150000
v -0.01832063 0.07896537 0.00450000
v -0.01832063 0.07896537 0.00150000
v -0.01795461 0.07933140 0.00450000
v -0.01795461 0.07933140 0.00150000
v -0.01745461 0.07946537 0.00450000
v -0.01745461 0.07946537 0.00150000
v -0.01695461 0.07933140 0.00450000
v -0.01695461 0.07933140 0.00150000
v -0.01658858 0.07896537 0.00450000
v -0.01658858 0.07896537 0.00150000
v -0.01645461 0.07846537 0.00450000
v -0.01645461 0.07846537 0.00150000
v -0.01658858 0.07796537 0.00450000
v -0.01658858 0.07796537 0.00150000
v -0.01695461 0.07759934 0.00450000
v -0.01695461 0.07759934 0.00150000
v -0.01745461 0.07746537 0.00450000
v -0.01745461 0.07746537 0.00150000
v -0.01795461 0.07759934 0.00450000
v -0.01795461 0.07759934 0.00150000
v -0.01832063 0.07796537 0.00450000
v -0.01832063 0.07796537 0.00150000
v -0.05050000 0.08786603 0.00450000
v -0.05049889 0.08786492 0.00450000
v -0.04800000 0.08786492 0.00450000
v -0.05742277 0.08798615 0.00450000
v -0.05716584 0.08824308 0.00450000
v -0.05925069 0.08824308 0.00450000
v -0.08386602 0.12600000 0.00450000
v -0.08375692 0.12610910 0.00450000
v -0.08375692 0.12812500 0.00450000
v -0.08107016 0.10905536 0.00450000
v -0.08079200 0.10898082 0.00450000
v -0.08079200 0.11074931 0.00450000
v -0.08079200 0.10098112 0.00450000
v -0.08052628 0.10071540 0.00450000
v -0.07989149 0.10071540 0.00450000
v -0.06928460 0.08947371 0.00450000
v -0.06928460 0.09288688 0.00450000
v -0.07269777 0.09288688 0.00450000
v -0.06542407 0.08786492 0.00450000
v -0.06447233 0.08786492 0.00450000
v -0.06447233 0.08824308 0.00450000
v -0.05755674 0.08748615 0.00450000
v -0.05745525 0.08786492 0.00450000
v -0.05925069 0.08786492 0.00450000
v -0.02741548 0.08442874 0.00450000
v -0.02748759 0.08469787 0.00450000
v -0.02924949 0.08469787 0.00450000
v -0.08079200 0.11822376 0.00450000
v -0.08079200 0.11622163 0.00450000
v -0.08025554 0.11622163 0.00450000
v -0.08350000 0.14063397 0.00450000
v -0.08375692 0.14089090 0.00450000
v -0.08375692 0.13887500 0.00450000
v -0.04800000 0.17800000 0.00450000
v -0.04800000 0.17928508 0.00450000
v -0.05100000 0.17800000 0.00450000
v -0.05377837 0.17928508 0.00450000
v -0.05177625 0.17779201 0.00450000
v -0.05377837 0.17779201 0.00450000
v -0.05377837 0.17725553 0.00450000
v -0.05513702 0.17689149 0.00450000
v -0.05925069 0.17689149 0.00450000
v -0.05925069 0.17578923 0.00450000
v -0.06800000 0.17571281 0.00450000
v -0.06786603 0.17621281 0.00450000
v -0.06928460 0.17689149 0.00450000
v -0.06750000 0.17657884 0.00450000
v -0.06700000 0.17671281 0.00450000
v -0.06650000 0.17657884 0.00450000
v -0.06447233 0.17689149 0.00450000
v -0.06650000 0.17484678 0.00450000
v -0.06550604 0.17411312 0.00450000
v -0.06613398 0.17521282 0.00450000
v -0.06447233 0.17439010 0.00450000
v -0.06600000 0.17571281 0.00450000
v -0.06613398 0.17621281 0.00450000
v -0.06700000 0.17471282 0.00450000
v -0.06750000 0.17484678 0.00450000
v -0.06928460 0.17411312 0.00450000
v -0.06786603 0.17521282 0.00450000
v -0.06600000 0.17398076 0.00450000
v -0.06928460 0.17069616 0.00450000
v -0.07156920 0.17351342 0.00450000
v -0.07106920 0.17337944 0.00450000
v -0.07070318 0.17301342 0.00450000
v -0.07056920 0.17251342 0.00450000
v -0.07070318 0.17201343 0.00450000
v -0.06943945 0.17054131 0.00450000
v -0.07206921 0.17164739 0.00450000
v -0.07631703 0.17054131 0.00450000
v -0.07156920 0.17151342 0.00450000
v -0.07106920 0.17164739 0.00450000
v -0.07243523 0.17201343 0.00450000
v -0.07256921 0.17251342 0.00450000
v -0.07291085 0.17411312 0.00450000
v -0.07243523 0.17301342 0.00450000
v -0.07206921 0.17337944 0.00450000
v -0.07501342 0.16770318 0.00450000
v -0.07551342 0.16756921 0.00450000
v -0.07711311 0.16628460 0.00450000
v -0.07711311 0.16970652 0.00450000
v -0.07651342 0.16856920 0.00450000
v -0.07637945 0.16906920 0.00450000
v -0.07464740 0.16806921 0.00450000
v -0.07369616 0.16628460 0.00450000
v -0.07451342 0.16856920 0.00450000
v -0.07464740 0.16906920 0.00450000
v -0.07601342 0.16770318 0.00450000
v -0.07637945 0.16806921 0.00450000
v -0.07601342 0.16943523 0.00450000
v -0.07551342 0.16956920 0.00450000
v -0.07501342 0.16943523 0.00450000
v -0.07698076 0.16300000 0.00450000
v -0.07711311 0.16250604 0.00450000
v -0.07957884 0.16450000 0.00450000
v -0.07921281 0.16486602 0.00450000
v -0.07989149 0.16628460 0.00450000
v -0.07871281 0.16500000 0.00450000
v -0.07821281 0.16486602 0.00450000
v -0.07871281 0.16300000 0.00450000
v -0.07921281 0.16313397 0.00450000
v -0.07989149 0.16147232 0.00450000
v -0.07957884 0.16350000 0.00450000
v -0.07971282 0.16400000 0.00450000
v -0.07784679 0.16450000 0.00450000
v -0.07771281 0.16400000 0.00450000
v -0.07784679 0.16350000 0.00450000
v -0.07739010 0.16147232 0.00450000
v -0.07821281 0.16313397 0.00450000
v -0.07989149 0.15213702 0.00450000
v -0.07878923 0.15625069 0.00450000
v -0.07989149 0.15625069 0.00450000
v -0.08079200 0.15625069 0.00450000
v -0.08079200 0.14877624 0.00450000
v -0.08250000 0.14886603 0.00450000
v -0.08213397 0.14850000 0.00450000
v -0.08250000 0.14713398 0.00450000
v -0.08300000 0.14700000 0.00450000
v -0.08375692 0.14475000 0.00450000
v -0.08100000 0.14800000 0.00450000
v -0.08200000 0.14800000 0.00450000
v -0.08100000 0.14475000 0.00450000
v -0.08213397 0.14750000 0.00450000
v -0.08164782 0.15305674 0.00450000
v -0.08201385 0.15269072 0.00450000
v -0.08300000 0.14900000 0.00450000
v -0.08251385 0.15255674 0.00450000
v -0.08350000 0.14886603 0.00450000
v -0.08301385 0.15269072 0.00450000
v -0.08337987 0.15305674 0.00450000
v -0.08375692 0.15625069 0.00450000
v -0.08351385 0.15355674 0.00450000
v -0.08337987 0.15405674 0.00450000
v -0.08386602 0.14850000 0.00450000
v -0.08375692 0.14860910 0.00450000
v -0.08301385 0.15442277 0.00450000
v -0.08251385 0.15455674 0.00450000
v -0.08201385 0.15442277 0.00450000
v -0.08151384 0.15355674 0.00450000
v -0.08164782 0.15405674 0.00450000
v -0.08350000 0.14236602 0.00450000
v -0.08300000 0.14250000 0.00450000
v -0.08250000 0.14236602 0.00450000
v -0.08213397 0.14200000 0.00450000
v -0.08200000 0.14150000 0.00450000
v -0.08100000 0.13887500 0.00450000
v -0.08213397 0.14100000 0.00450000
v -0.08250000 0.14063397 0.00450000
v -0.08300000 0.14050000 0.00450000
v -0.08250000 0.13711602 0.00450000
v -0.08300000 0.13725000 0.00450000
v -0.08350000 0.13711602 0.00450000
v -0.08375692 0.13685911 0.00450000
v -0.08213397 0.13675000 0.00450000
v -0.08200000 0.13625000 0.00450000
v -0.08100000 0.13350000 0.00450000
v -0.08213397 0.13575000 0.00450000
v -0.08250000 0.13538397 0.00450000
v -0.08300000 0.13525000 0.00450000
v -0.08375692 0.13350000 0.00450000
v -0.08350000 0.13161603 0.00450000
v -0.08300000 0.13175000 0.00450000
v -0.08250000 0.13161603 0.00450000
v -0.08213397 0.13125000 0.00450000
v -0.08200000 0.13075000 0.00450000
v -0.08100000 0.12812500 0.00450000
v -0.08213397 0.13025000 0.00450000
v -0.08250000 0.12988398 0.00450000
v -0.08300000 0.12975000 0.00450000
v -0.08350000 0.12988398 0.00450000
v -0.08250000 0.12636603 0.00450000
v -0.08300000 0.12650000 0.00450000
v -0.08350000 0.12636603 0.00450000
v -0.08213397 0.12500000 0.00450000
v -0.08100000 0.12225000 0.00450000
v -0.08200000 0.12550000 0.00450000
v -0.08213397 0.12600000 0.00450000
v -0.08250000 0.12463398 0.00450000
v -0.08300000 0.12450000 0.00450000
v -0.08375692 0.12225000 0.00450000
v -0.08350000 0.11986603 0.00450000
v -0.08300000 0.12000000 0.00450000
v -0.08300000 0.11800000 0.00450000
v -0.08375692 0.11622163 0.00450000
v -0.08250000 0.11813397 0.00450000
v -0.08213397 0.11850000 0.00450000
v -0.08200000 0.11900000 0.00450000
v -0.08100000 0.11900000 0.00450000
v -0.08213397 0.11950000 0.00450000
v -0.08250000 0.11986603 0.00450000
v -0.07989149 0.11486298 0.00450000
v -0.07989149 0.11074931 0.00450000
v -0.07878923 0.11074931 0.00450000
v -0.07921281 0.10213398 0.00450000
v -0.07957884 0.10250000 0.00450000
v -0.07971282 0.10300000 0.00450000
v -0.07957884 0.10350000 0.00450000
v -0.07921281 0.10386603 0.00450000
v -0.07871281 0.10400000 0.00450000
v -0.07711311 0.10449396 0.00450000
v -0.07821281 0.10386603 0.00450000
v -0.07784679 0.10350000 0.00450000
v -0.07771281 0.10300000 0.00450000
v -0.07784679 0.10250000 0.00450000
v -0.07711311 0.10071540 0.00450000
v -0.07821281 0.10213398 0.00450000
v -0.07871281 0.10200000 0.00450000
v -0.07698076 0.10400000 0.00450000
v -0.07369616 0.10071540 0.00450000
v -0.07451342 0.09843079 0.00450000
v -0.06943945 0.09645869 0.00450000
v -0.07464740 0.09893080 0.00450000
v -0.07637945 0.09893080 0.00450000
v -0.07601342 0.09929682 0.00450000
v -0.07551342 0.09943080 0.00450000
v -0.07501342 0.09929682 0.00450000
v -0.07464740 0.09793080 0.00450000
v -0.07501342 0.09756477 0.00450000
v -0.07626957 0.09645869 0.00450000
v -0.07551342 0.09743080 0.00450000
v -0.07601342 0.09756477 0.00450000
v -0.07711311 0.09730223 0.00450000
v -0.07637945 0.09793080 0.00450000
v -0.07651342 0.09843079 0.00450000
v -0.07070318 0.09498658 0.00450000
v -0.07056920 0.09448658 0.00450000
v -0.07070318 0.09398658 0.00450000
v -0.07243523 0.09398658 0.00450000
v -0.07256921 0.09448658 0.00450000
v -0.07243523 0.09498658 0.00450000
v -0.07206921 0.09535260 0.00450000
v -0.07156920 0.09548658 0.00450000
v -0.07106920 0.09535260 0.00450000
v -0.06928460 0.09630384 0.00450000
v -0.07106920 0.09362055 0.00450000
v -0.07156920 0.09348658 0.00450000
v -0.07206921 0.09362055 0.00450000
v -0.06600000 0.09301924 0.00450000
v -0.06550604 0.09288688 0.00450000
v -0.06447233 0.08920799 0.00450000
v -0.06447233 0.09260990 0.00450000
v -0.06600000 0.09128719 0.00450000
v -0.06800000 0.09128719 0.00450000
v -0.06786603 0.09178719 0.00450000
v -0.06613398 0.09078719 0.00450000
v -0.06650000 0.09042116 0.00450000
v -0.06700000 0.09028719 0.00450000
v -0.06786603 0.09078719 0.00450000
v -0.06750000 0.09042116 0.00450000
v -0.06901889 0.08920799 0.00450000
v -0.06750000 0.09215321 0.00450000
v -0.06700000 0.09228719 0.00450000
v -0.06650000 0.09215321 0.00450000
v -0.06613398 0.09178719 0.00450000
v -0.05925069 0.09121077 0.00450000
v -0.06144464 0.08979586 0.00450000
v -0.06107862 0.08942984 0.00450000
v -0.06194464 0.08992984 0.00450000
v -0.06244465 0.08979586 0.00450000
v -0.05925069 0.08920799 0.00450000
v -0.05377837 0.08920799 0.00450000
v -0.05377837 0.08974446 0.00450000
v -0.05177625 0.08920799 0.00450000
v -0.05377837 0.08824308 0.00450000
v -0.05100000 0.08900000 0.00450000
v -0.04800000 0.08824308 0.00450000
v -0.04800000 0.08900000 0.00450000
v -0.04275000 0.08824308 0.00450000
v -0.04275000 0.08900000 0.00450000
v -0.03600000 0.08900000 0.00450000
v -0.03597476 0.08824308 0.00450000
v -0.03597476 0.08899360 0.00450000
v -0.03301638 0.08824308 0.00450000
v -0.03597476 0.08786492 0.00450000
v -0.03152577 0.08786492 0.00450000
v -0.03244952 0.08733302 0.00450000
v -0.03281292 0.08596437 0.00450000
v -0.03281554 0.08596699 0.00450000
v -0.03597476 0.08596437 0.00450000
v -0.03294951 0.08646699 0.00450000
v -0.03281554 0.08696699 0.00450000
v -0.03108349 0.08696699 0.00450000
v -0.03094952 0.08646699 0.00450000
v -0.02924949 0.08596437 0.00450000
v -0.03108349 0.08596699 0.00450000
v -0.03194952 0.08746699 0.00450000
v -0.03144952 0.08733302 0.00450000
v -0.02924949 0.08728744 0.00450000
v -0.02409164 0.08596437 0.00450000
v -0.02409164 0.08597893 0.00450000
v -0.02403426 0.08596437 0.00450000
v -0.02409164 0.08563349 0.00450000
v -0.02312894 0.08573470 0.00450000
v -0.02409164 0.08469787 0.00450000
v -0.02200556 0.08469787 0.00450000
v -0.02063383 0.08221517 0.00450000
v -0.02076780 0.08171517 0.00450000
v -0.01954422 0.08034027 0.00450000
v -0.02113383 0.08134914 0.00450000
v -0.02163383 0.08121517 0.00450000
v -0.02409164 0.08034027 0.00450000
v -0.02213383 0.08134914 0.00450000
v -0.02249985 0.08171517 0.00450000
v -0.02263383 0.08221517 0.00450000
v -0.02249985 0.08271517 0.00450000
v -0.02213383 0.08308119 0.00450000
v -0.02076780 0.08271517 0.00450000
v -0.01954422 0.08242615 0.00450000
v -0.02113383 0.08308119 0.00450000
v -0.02163383 0.08321517 0.00450000
v -0.01645461 0.07846537 0.00450000
v -0.01658858 0.07796537 0.00450000
v -0.01584031 0.07616846 0.00450000
v -0.01695461 0.07759934 0.00450000
v -0.01745461 0.07746537 0.00450000
v -0.01954422 0.07616846 0.00450000
v -0.01795461 0.07759934 0.00450000
v -0.01832063 0.07796537 0.00450000
v -0.01845461 0.07846537 0.00450000
v -0.01832063 0.07896537 0.00450000
v -0.01795461 0.07933140 0.00450000
v -0.01728423 0.08034027 0.00450000
v -0.01745461 0.07946537 0.00450000
v -0.01695461 0.07933140 0.00450000
v -0.01584031 0.07900760 0.00450000
v -0.01658858 0.07896537 0.00450000
v -0.01309858 0.07616846 0.00450000
v -0.01337106 0.07672858 0.00450000
v -0.01422602 0.07287156 0.00450000
v -0.01472602 0.07300553 0.00450000
v -0.01584031 0.07168578 0.00450000
v -0.01372602 0.07300553 0.00450000
v -0.01509205 0.07337156 0.00450000
v -0.01522602 0.07387156 0.00450000
v -0.01509205 0.07437156 0.00450000
v -0.01472602 0.07473758 0.00450000
v -0.01422602 0.07487156 0.00450000
v -0.01372602 0.07473758 0.00450000
v -0.01336000 0.07437156 0.00450000
v -0.01091790 0.07168578 0.00450000
v -0.01322602 0.07387156 0.00450000
v -0.01336000 0.07337156 0.00450000
v -0.01027792 0.06216793 0.00450000
v -0.00961043 0.06264353 0.00450000
v -0.00918976 0.06334693 0.00450000
v -0.01223406 0.06750000 0.00450000
v -0.01208348 0.06200000 0.00450000
v -0.01148406 0.06770096 0.00450000
v -0.01108013 0.06200000 0.00450000
v -0.01303493 0.06224081 0.00450000
v -0.01375726 0.06290526 0.00450000
v -0.01407652 0.06383333 0.00450000
v -0.01298406 0.06770096 0.00450000
v -0.01584031 0.06896056 0.00450000
v -0.01353310 0.06975000 0.00450000
v -0.01373406 0.06900000 0.00450000
v -0.01353310 0.06825000 0.00450000
v -0.01298406 0.07029904 0.00450000
v -0.01093502 0.06825000 0.00450000
v -0.00908654 0.06416000 0.00450000
v -0.01073406 0.06900000 0.00450000
v -0.01044409 0.07071179 0.00450000
v -0.01093502 0.06975000 0.00450000
v -0.01223406 0.07050000 0.00450000
v -0.01148406 0.07029904 0.00450000
v -0.01117340 0.07006066 0.00450000
v -0.02554945 0.08492874 0.00450000
v -0.02561132 0.08469787 0.00450000
v -0.02553404 0.08135106 0.00450000
v -0.02443519 0.08034027 0.00450000
v -0.02409164 0.08002425 0.00450000
v -0.01989996 0.07616846 0.00450000
v -0.01954422 0.07584123 0.00450000
v -0.01758841 0.07404215 0.00450000
v -0.01677781 0.07168578 0.00450000
v -0.02704945 0.08406272 0.00450000
v -0.02924949 0.08229144 0.00450000
v -0.02654945 0.08392874 0.00450000
v -0.02604945 0.08406272 0.00450000
v -0.02568343 0.08442874 0.00450000
v -0.03597476 0.08469787 0.00450000
v -0.03597476 0.08399361 0.00450000
v -0.05360447 0.08469787 0.00450000
v -0.05100000 0.08400000 0.00450000
v -0.04800000 0.08469787 0.00450000
v -0.04800000 0.08400000 0.00450000
v -0.04275000 0.08400000 0.00450000
v -0.05377837 0.08596437 0.00450000
v -0.05833113 0.08596437 0.00450000
v -0.05709628 0.08563349 0.00450000
v -0.05569072 0.08798615 0.00450000
v -0.05565823 0.08786492 0.00450000
v -0.05377837 0.08786492 0.00450000
v -0.05555674 0.08748615 0.00450000
v -0.05569072 0.08698615 0.00450000
v -0.05605674 0.08662013 0.00450000
v -0.05655674 0.08648615 0.00450000
v -0.05705674 0.08662013 0.00450000
v -0.05925069 0.08621077 0.00450000
v -0.05742277 0.08698615 0.00450000
v -0.06447233 0.08760990 0.00450000
v -0.06850000 0.08868911 0.00450000
v -0.06683537 0.08824308 0.00450000
v -0.07989149 0.10008060 0.00450000
v -0.08057016 0.10892138 0.00450000
v -0.08020414 0.10855536 0.00450000
v -0.08007016 0.10805535 0.00450000
v -0.08020414 0.10755536 0.00450000
v -0.08057016 0.10718933 0.00450000
v -0.08079200 0.10712989 0.00450000
v -0.08131089 0.10150000 0.00450000
v -0.08107016 0.10705536 0.00450000
v -0.08207016 0.10805535 0.00450000
v -0.08375692 0.11062873 0.00450000
v -0.08193619 0.10755536 0.00450000
v -0.08157016 0.10718933 0.00450000
v -0.08157016 0.10892138 0.00450000
v -0.08375692 0.11074931 0.00450000
v -0.08193619 0.10855536 0.00450000
v -0.08378924 0.11074931 0.00450000
v -0.08525554 0.11622163 0.00450000
v -0.08350000 0.11813397 0.00450000
v -0.08375692 0.11839090 0.00450000
v -0.08386602 0.11850000 0.00450000
v -0.08600000 0.11900000 0.00450000
v -0.08400000 0.11900000 0.00450000
v -0.08600000 0.12225000 0.00450000
v -0.08386602 0.11950000 0.00450000
v -0.08375692 0.11960910 0.00450000
v -0.08350000 0.14713398 0.00450000
v -0.08375692 0.14739090 0.00450000
v -0.08600000 0.14475000 0.00450000
v -0.08386602 0.14750000 0.00450000
v -0.08600000 0.14800000 0.00450000
v -0.08400000 0.14800000 0.00450000
v -0.08385904 0.15625069 0.00450000
v -0.08375692 0.15664422 0.00450000
v -0.08157016 0.15807862 0.00450000
v -0.08107016 0.15794464 0.00450000
v -0.08079200 0.15801918 0.00450000
v -0.08193619 0.15844464 0.00450000
v -0.08207016 0.15894465 0.00450000
v -0.08250409 0.16147232 0.00450000
v -0.08193619 0.15944465 0.00450000
v -0.08157016 0.15981067 0.00450000
v -0.08079200 0.16147232 0.00450000
v -0.08107016 0.15994465 0.00450000
v -0.08079200 0.15987011 0.00450000
v -0.08079200 0.16584874 0.00450000
v -0.07989149 0.16679304 0.00450000
v -0.08037636 0.16628460 0.00450000
v -0.06448583 0.17928508 0.00450000
v -0.06928460 0.17779354 0.00450000
v -0.06928460 0.17779201 0.00450000
v -0.06928954 0.17779201 0.00450000
v -0.06945016 0.17774208 0.00450000
v -0.05655674 0.18051384 0.00450000
v -0.05377837 0.18261315 0.00450000
v -0.05705674 0.18037988 0.00450000
v -0.05925069 0.18091226 0.00450000
v -0.05742277 0.18001385 0.00450000
v -0.05605674 0.18037988 0.00450000
v -0.05569072 0.18001385 0.00450000
v -0.04929904 0.18025000 0.00450000
v -0.04950000 0.18100000 0.00450000
v -0.05266056 0.18296059 0.00450000
v -0.05169430 0.18326306 0.00450000
v -0.04929904 0.18175000 0.00450000
v -0.05100000 0.18400000 0.00450000
v -0.04875000 0.18229904 0.00450000
v -0.04800000 0.18400000 0.00450000
v -0.04800000 0.18250000 0.00450000
v -0.04700000 0.18400000 0.00450000
v -0.04725000 0.18229904 0.00450000
v -0.04600000 0.18373205 0.00450000
v -0.04526795 0.18300000 0.00450000
v -0.04670096 0.18175000 0.00450000
v -0.04500000 0.18200000 0.00450000
v -0.04650000 0.18100000 0.00450000
v -0.04500000 0.18000000 0.00450000
v -0.04670096 0.18025000 0.00450000
v -0.04519156 0.17928508 0.00450000
v -0.04725000 0.17970096 0.00450000
v -0.04800000 0.17950000 0.00450000
v -0.04875000 0.17970096 0.00450000
v -0.04526795 0.17900000 0.00450000
v -0.04600000 0.17826795 0.00450000
v -0.04700000 0.17800000 0.00450000
v -0.02568343 0.08542874 0.00450000
v -0.02754945 0.08492874 0.00450000
v -0.02741548 0.08542874 0.00450000
v -0.02924949 0.08563349 0.00450000
v -0.02721073 0.08563349 0.00450000
v -0.02704945 0.08579477 0.00450000
v -0.02654945 0.08592874 0.00450000
v -0.02604945 0.08579477 0.00450000
v -0.02588818 0.08563349 0.00450000
v -0.03141699 0.08563349 0.00450000
v -0.03144952 0.08560096 0.00450000
v -0.03194952 0.08546699 0.00450000
v -0.03244952 0.08560096 0.00450000
v -0.03108611 0.08596437 0.00450000
v -0.08386602 0.14100000 0.00450000
v -0.08600000 0.13887500 0.00450000
v -0.08400000 0.14150000 0.00450000
v -0.08386602 0.14200000 0.00450000
v -0.08375692 0.14210910 0.00450000
v -0.08350000 0.12463398 0.00450000
v -0.08375692 0.12489090 0.00450000
v -0.08386602 0.12500000 0.00450000
v -0.08600000 0.12812500 0.00450000
v -0.08400000 0.12550000 0.00450000
v -0.04463397 0.08730000 0.00450000
v -0.04450000 0.08680000 0.00450000
v -0.04275000 0.08596437 0.00450000
v -0.04603039 0.08596437 0.00450000
v -0.04636602 0.08630000 0.00450000
v -0.04800000 0.08596437 0.00450000
v -0.04650000 0.08680000 0.00450000
v -0.04636602 0.08730000 0.00450000
v -0.04600000 0.08766602 0.00450000
v -0.04550000 0.08780000 0.00450000
v -0.04275000 0.08786492 0.00450000
v -0.04500000 0.08766602 0.00450000
v -0.04275000 0.08563349 0.00450000
v -0.04550000 0.08580000 0.00450000
v -0.04800000 0.08563349 0.00450000
v -0.04600000 0.08593398 0.00450000
v -0.04463397 0.08630000 0.00450000
v -0.04496960 0.08596437 0.00450000
v -0.04500000 0.08593398 0.00450000
v -0.04086602 0.08630000 0.00450000
v -0.04100000 0.08680000 0.00450000
v -0.04086602 0.08730000 0.00450000
v -0.04050000 0.08766602 0.00450000
v -0.04000000 0.08780000 0.00450000
v -0.03950000 0.08766602 0.00450000
v -0.03913397 0.08730000 0.00450000
v -0.03900000 0.08680000 0.00450000
v -0.03913397 0.08630000 0.00450000
v -0.03946960 0.08596437 0.00450000
v -0.03597476 0.08563349 0.00450000
v -0.03248205 0.08563349 0.00450000
v -0.03950000 0.08593398 0.00450000
v -0.04000000 0.08580000 0.00450000
v -0.04050000 0.08593398 0.00450000
v -0.04053039 0.08596437 0.00450000
v -0.08386602 0.13675000 0.00450000
v -0.08350000 0.13538397 0.00450000
v -0.08375692 0.13564090 0.00450000
v -0.08600000 0.13350000 0.00450000
v -0.08386602 0.13575000 0.00450000
v -0.08400000 0.13625000 0.00450000
v -0.08375692 0.13014090 0.00450000
v -0.08386602 0.13025000 0.00450000
v -0.08400000 0.13075000 0.00450000
v -0.08386602 0.13125000 0.00450000
v -0.08375692 0.13135910 0.00450000
v -0.06281067 0.17857017 0.00450000
v -0.06447233 0.17928508 0.00450000
v -0.06294464 0.17807017 0.00450000
v -0.06447233 0.17779201 0.00450000
v -0.06244465 0.17893619 0.00450000
v -0.06194464 0.17907016 0.00450000
v -0.05925069 0.17928508 0.00450000
v -0.06144464 0.17893619 0.00450000
v -0.06107862 0.17857017 0.00450000
v -0.05925069 0.17779201 0.00450000
v -0.06094464 0.17807017 0.00450000
v -0.06101918 0.17779201 0.00450000
v -0.06107862 0.17757017 0.00450000
v -0.06144464 0.17720414 0.00450000
v -0.06194464 0.17707016 0.00450000
v -0.06244465 0.17720414 0.00450000
v -0.06281067 0.17757017 0.00450000
v -0.06287012 0.17779201 0.00450000
v -0.08158395 0.16501829 0.00450000
v -0.08057016 0.15981067 0.00450000
v -0.08057016 0.15807862 0.00450000
v -0.08020414 0.15944465 0.00450000
v -0.08007016 0.15894465 0.00450000
v -0.08020414 0.15844464 0.00450000
v -0.05594764 0.08824308 0.00450000
v -0.05605674 0.08835218 0.00450000
v -0.05655674 0.08848615 0.00450000
v -0.05705674 0.08835218 0.00450000
v -0.05013397 0.08750000 0.00450000
v -0.05000000 0.08700000 0.00450000
v -0.05013397 0.08650000 0.00450000
v -0.05050000 0.08613397 0.00450000
v -0.05100000 0.08600000 0.00450000
v -0.05150000 0.08613397 0.00450000
v -0.05186602 0.08650000 0.00450000
v -0.05200000 0.08700000 0.00450000
v -0.05186602 0.08750000 0.00450000
v -0.05150111 0.08786492 0.00450000
v -0.05100000 0.08800000 0.00450000
v -0.05150000 0.08786603 0.00450000
v -0.06281067 0.08842984 0.00450000
v -0.06294464 0.08892984 0.00450000
v -0.06287012 0.08920799 0.00450000
v -0.06281067 0.08942984 0.00450000
v -0.06126538 0.08824308 0.00450000
v -0.06144464 0.08806381 0.00450000
v -0.06194464 0.08792984 0.00450000
v -0.06244465 0.08806381 0.00450000
v -0.06262391 0.08824308 0.00450000
v -0.06101918 0.08920799 0.00450000
v -0.06094464 0.08892984 0.00450000
v -0.06107862 0.08842984 0.00450000
v -0.05555674 0.17951385 0.00450000
v -0.05561804 0.17928508 0.00450000
v -0.05569072 0.17901385 0.00450000
v -0.05605674 0.17864782 0.00450000
v -0.05655674 0.17851385 0.00450000
v -0.05705674 0.17864782 0.00450000
v -0.05742277 0.17901385 0.00450000
v -0.05749545 0.17928508 0.00450000
v -0.05755674 0.17951385 0.00450000
v -0.06447233 0.17928928 0.00450000
v -0.08164782 0.11394326 0.00450000
v -0.08151384 0.11344326 0.00450000
v -0.08337987 0.11394326 0.00450000
v -0.08351385 0.11344326 0.00450000
v -0.08337987 0.11294326 0.00450000
v -0.08301385 0.11257723 0.00450000
v -0.08301385 0.11430928 0.00450000
v -0.08251385 0.11444326 0.00450000
v -0.08201385 0.11430928 0.00450000
v -0.08164782 0.11294326 0.00450000
v -0.08201385 0.11257723 0.00450000
v -0.08251385 0.11244326 0.00450000
v -0.05377837 0.08563349 0.00450000
v -0.04275000 0.08469787 0.00450000
v -0.05377837 0.08474446 0.00450000
v -0.03600000 0.08400000 0.00450000
v -0.06800000 0.17571281 0.00450000
v -0.06800000 0.17571281 0.00150000
v -0.06786603 0.17621281 0.00450000
v -0.06786603 0.17621281 0.00150000
v -0.06750000 0.17657884 0.00450000
v -0.06750000 0.17657884 0.00150000
v -0.06700000 0.17671281 0.00450000
v -0.06700000 0.17671281 0.00150000
v -0.06650000 0.17657884 0.00450000
v -0.06650000 0.17657884 0.00150000
v -0.06613398 0.17621281 0.00450000
v -0.06613398 0.17621281 0.00150000
v -0.06600000 0.17571281 0.00450000
v -0.06600000 0.17571281 0.00150000
v -0.06613398 0.17521282 0.00450000
v -0.06613398 0.17521282 0.00150000
v -0.06650000 0.17484678 0.00450000
v -0.06650000 0.17484678 0.00150000
v -0.06700000 0.17471282 0.00450000
v -0.06700000 0.17471282 0.00150000
v -0.06750000 0.17484678 0.00450000
v -0.06750000 0.17484678 0.00150000
v -0.06786603 0.17521282 0.00450000
v -0.06786603 0.17521282 0.00150000
v -0.08400000 0.12550000 0.00450000
v -0.08400000 0.12550000 0.00150000
v -0.08386602 0.12600000 0.00450000
v -0.08386602 0.12600000 0.00150000
v -0.08350000 0.12636603 0.00450000
v -0.08350000 0.12636603 0.00150000
v -0.08300000 0.12650000 0.00450000
v -0.08300000 0.12650000 0.00150000
v -0.08250000 0.12636603 0.00450000
v -0.08250000 0.12636603 0.00150000
v -0.08213397 0.12600000 0.00450000
v -0.08213397 0.12600000 0.00150000
v -0.08200000 0.12550000 0.00450000
v -0.08200000 0.12550000 0.00150000
v -0.08213397 0.12500000 0.00450000
v -0.08213397 0.12500000 0.00150000
v -0.08250000 0.12463398 0.00450000
v -0.08250000 0.12463398 0.00150000
v -0.08300000 0.12450000 0.00450000
v -0.08300000 0.12450000 0.00150000
v -0.08350000 0.12463398 0.00450000
v -0.08350000 0.12463398 0.00150000
v -0.08386602 0.12500000 0.00450000
v -0.08386602 0.12500000 0.00150000
v -0.06094464 0.08892984 0.00150000
v -0.06101918 0.08920799 0.00150000
v -0.05925069 0.08920799 0.00150000
v -0.04500000 0.08593398 0.00150000
v -0.04496960 0.08596437 0.00150000
v -0.04275000 0.08596437 0.00150000
v -0.08386602 0.14100000 0.00150000
v -0.08375692 0.14089090 0.00150000
v -0.08375692 0.13887500 0.00150000
v -0.03108611 0.08596437 0.00150000
v -0.02924949 0.08596437 0.00150000
v -0.02924949 0.08563349 0.00150000
v -0.08350000 0.14886603 0.00150000
v -0.08375692 0.14860910 0.00150000
v -0.08375692 0.15625069 0.00150000
v -0.08350000 0.12636603 0.00150000
v -0.08375692 0.12610910 0.00150000
v -0.08375692 0.12812500 0.00150000
v -0.07698076 0.10400000 0.00150000
v -0.07369616 0.10071540 0.00150000
v -0.07711311 0.10071540 0.00150000
v -0.05177625 0.08920799 0.00150000
v -0.05377837 0.08920799 0.00150000
v -0.05377837 0.08974446 0.00150000
v -0.03301638 0.08824308 0.00150000
v -0.03152577 0.08786492 0.00150000
v -0.03597476 0.08786492 0.00150000
v -0.01758841 0.07404215 0.00150000
v -0.01954422 0.07584123 0.00150000
v -0.01954422 0.07616846 0.00150000
v -0.01989996 0.07616846 0.00150000
v -0.05709628 0.08563349 0.00150000
v -0.05833113 0.08596437 0.00150000
v -0.05377837 0.08596437 0.00150000
v -0.06542407 0.08786492 0.00150000
v -0.06683537 0.08824308 0.00150000
v -0.06447233 0.08824308 0.00150000
v -0.07269777 0.09288688 0.00150000
v -0.06928460 0.09288688 0.00150000
v -0.06928460 0.08947371 0.00150000
v -0.08375692 0.15664422 0.00150000
v -0.08385904 0.15625069 0.00150000
v -0.04670096 0.18175000 0.00150000
v -0.04725000 0.18229904 0.00150000
v -0.04600000 0.18373205 0.00150000
v -0.04700000 0.18400000 0.00150000
v -0.04800000 0.18250000 0.00150000
v -0.04800000 0.18400000 0.00150000
v -0.04800000 0.17950000 0.00150000
v -0.04725000 0.17970096 0.00150000
v -0.04519156 0.17928508 0.00150000
v -0.04670096 0.18025000 0.00150000
v -0.04500000 0.18000000 0.00150000
v -0.04650000 0.18100000 0.00150000
v -0.04500000 0.18200000 0.00150000
v -0.04526795 0.18300000 0.00150000
v -0.04800000 0.17928508 0.00150000
v -0.04875000 0.17970096 0.00150000
v -0.05377837 0.17928508 0.00150000
v -0.04929904 0.18025000 0.00150000
v -0.04950000 0.18100000 0.00150000
v -0.05100000 0.18400000 0.00150000
v -0.04875000 0.18229904 0.00150000
v -0.05169430 0.18326306 0.00150000
v -0.04929904 0.18175000 0.00150000
v -0.05266056 0.18296059 0.00150000
v -0.05377837 0.18261315 0.00150000
v -0.05555674 0.17951385 0.00150000
v -0.05569072 0.18001385 0.00150000
v -0.05605674 0.18037988 0.00150000
v -0.05655674 0.18051384 0.00150000
v -0.05925069 0.18091226 0.00150000
v -0.05755674 0.17951385 0.00150000
v -0.05925069 0.17928508 0.00150000
v -0.05742277 0.18001385 0.00150000
v -0.05705674 0.18037988 0.00150000
v -0.06928460 0.17689149 0.00150000
v -0.06928954 0.17779201 0.00150000
v -0.06928460 0.17779201 0.00150000
v -0.06928460 0.17779354 0.00150000
v -0.06448583 0.17928508 0.00150000
v -0.07631703 0.17054131 0.00150000
v -0.07243523 0.17201343 0.00150000
v -0.07206921 0.17164739 0.00150000
v -0.07070318 0.17201343 0.00150000
v -0.07056920 0.17251342 0.00150000
v -0.06928460 0.17411312 0.00150000
v -0.07070318 0.17301342 0.00150000
v -0.07106920 0.17337944 0.00150000
v -0.07156920 0.17351342 0.00150000
v -0.07291085 0.17411312 0.00150000
v -0.06945016 0.17774208 0.00150000
v -0.07206921 0.17337944 0.00150000
v -0.07243523 0.17301342 0.00150000
v -0.07256921 0.17251342 0.00150000
v -0.07637945 0.16806921 0.00150000
v -0.07601342 0.16770318 0.00150000
v -0.07711311 0.16628460 0.00150000
v -0.07551342 0.16756921 0.00150000
v -0.07369616 0.16628460 0.00150000
v -0.07501342 0.16770318 0.00150000
v -0.07464740 0.16806921 0.00150000
v -0.06943945 0.17054131 0.00150000
v -0.07451342 0.16856920 0.00150000
v -0.07464740 0.16906920 0.00150000
v -0.07501342 0.16943523 0.00150000
v -0.06928460 0.17069616 0.00150000
v -0.07156920 0.17151342 0.00150000
v -0.07106920 0.17164739 0.00150000
v -0.07551342 0.16956920 0.00150000
v -0.07601342 0.16943523 0.00150000
v -0.07711311 0.16970652 0.00150000
v -0.07637945 0.16906920 0.00150000
v -0.07651342 0.16856920 0.00150000
v -0.08037636 0.16628460 0.00150000
v -0.07989149 0.16679304 0.00150000
v -0.07989149 0.16628460 0.00150000
v -0.08079200 0.15987011 0.00150000
v -0.08107016 0.15994465 0.00150000
v -0.08079200 0.16147232 0.00150000
v -0.08250409 0.16147232 0.00150000
v -0.08079200 0.16584874 0.00150000
v -0.08158395 0.16501829 0.00150000
v -0.08157016 0.15981067 0.00150000
v -0.08193619 0.15944465 0.00150000
v -0.08207016 0.15894465 0.00150000
v -0.08193619 0.15844464 0.00150000
v -0.08157016 0.15807862 0.00150000
v -0.08079200 0.15625069 0.00150000
v -0.08375692 0.11062873 0.00150000
v -0.08378924 0.11074931 0.00150000
v -0.08375692 0.11074931 0.00150000
v -0.08525554 0.11622163 0.00150000
v -0.08375692 0.11622163 0.00150000
v -0.08193619 0.10855536 0.00150000
v -0.08157016 0.10892138 0.00150000
v -0.08107016 0.10905536 0.00150000
v -0.08079200 0.11074931 0.00150000
v -0.08207016 0.10805535 0.00150000
v -0.08193619 0.10755536 0.00150000
v -0.08131089 0.10150000 0.00150000
v -0.08157016 0.10718933 0.00150000
v -0.08107016 0.10705536 0.00150000
v -0.08079200 0.10098112 0.00150000
v -0.07989149 0.10071540 0.00150000
v -0.08052628 0.10071540 0.00150000
v -0.08079200 0.10712989 0.00150000
v -0.08057016 0.10718933 0.00150000
v -0.08020414 0.10755536 0.00150000
v -0.08007016 0.10805535 0.00150000
v -0.08020414 0.10855536 0.00150000
v -0.07989149 0.11074931 0.00150000
v -0.08057016 0.10892138 0.00150000
v -0.08079200 0.10898082 0.00150000
v -0.07989149 0.10008060 0.00150000
v -0.07711311 0.09730223 0.00150000
v -0.07626957 0.09645869 0.00150000
v -0.07551342 0.09743080 0.00150000
v -0.06943945 0.09645869 0.00150000
v -0.07501342 0.09756477 0.00150000
v -0.07464740 0.09793080 0.00150000
v -0.07451342 0.09843079 0.00150000
v -0.07601342 0.09929682 0.00150000
v -0.07637945 0.09893080 0.00150000
v -0.07651342 0.09843079 0.00150000
v -0.07637945 0.09793080 0.00150000
v -0.07601342 0.09756477 0.00150000
v -0.07464740 0.09893080 0.00150000
v -0.07501342 0.09929682 0.00150000
v -0.07551342 0.09943080 0.00150000
v -0.07243523 0.09398658 0.00150000
v -0.07256921 0.09448658 0.00150000
v -0.07243523 0.09498658 0.00150000
v -0.07106920 0.09362055 0.00150000
v -0.07156920 0.09348658 0.00150000
v -0.07206921 0.09362055 0.00150000
v -0.07070318 0.09398658 0.00150000
v -0.07056920 0.09448658 0.00150000
v -0.06928460 0.09630384 0.00150000
v -0.07070318 0.09498658 0.00150000
v -0.07106920 0.09535260 0.00150000
v -0.07156920 0.09548658 0.00150000
v -0.07206921 0.09535260 0.00150000
v -0.06800000 0.09128719 0.00150000
v -0.06786603 0.09078719 0.00150000
v -0.06901889 0.08920799 0.00150000
v -0.06447233 0.09260990 0.00150000
v -0.06447233 0.08920799 0.00150000
v -0.06613398 0.09078719 0.00150000
v -0.06750000 0.09042116 0.00150000
v -0.06700000 0.09028719 0.00150000
v -0.06650000 0.09042116 0.00150000
v -0.06700000 0.09228719 0.00150000
v -0.06750000 0.09215321 0.00150000
v -0.06786603 0.09178719 0.00150000
v -0.06600000 0.09128719 0.00150000
v -0.06613398 0.09178719 0.00150000
v -0.06550604 0.09288688 0.00150000
v -0.06650000 0.09215321 0.00150000
v -0.06447233 0.08786492 0.00150000
v -0.05925069 0.08786492 0.00150000
v -0.06447233 0.08760990 0.00150000
v -0.05925069 0.08621077 0.00150000
v -0.05755674 0.08748615 0.00150000
v -0.05742277 0.08698615 0.00150000
v -0.05705674 0.08662013 0.00150000
v -0.05655674 0.08648615 0.00150000
v -0.05605674 0.08662013 0.00150000
v -0.05569072 0.08698615 0.00150000
v -0.05377837 0.08474446 0.00150000
v -0.05377837 0.08563349 0.00150000
v -0.05360447 0.08469787 0.00150000
v -0.04800000 0.08563349 0.00150000
v -0.02748759 0.08469787 0.00150000
v -0.02924949 0.08229144 0.00150000
v -0.02924949 0.08469787 0.00150000
v -0.03597476 0.08399361 0.00150000
v -0.03597476 0.08469787 0.00150000
v -0.03600000 0.08400000 0.00150000
v -0.04275000 0.08469787 0.00150000
v -0.04275000 0.08400000 0.00150000
v -0.04800000 0.08469787 0.00150000
v -0.04800000 0.08400000 0.00150000
v -0.05100000 0.08400000 0.00150000
v -0.02604945 0.08406272 0.00150000
v -0.02568343 0.08442874 0.00150000
v -0.02409164 0.08034027 0.00150000
v -0.02409164 0.08469787 0.00150000
v -0.02741548 0.08442874 0.00150000
v -0.02704945 0.08406272 0.00150000
v -0.02553404 0.08135106 0.00150000
v -0.02654945 0.08392874 0.00150000
v -0.02443519 0.08034027 0.00150000
v -0.02409164 0.08002425 0.00150000
v -0.01954422 0.08034027 0.00150000
v -0.01584031 0.07616846 0.00150000
v -0.01677781 0.07168578 0.00150000
v -0.01584031 0.07168578 0.00150000
v -0.01584031 0.06896056 0.00150000
v -0.00908654 0.06416000 0.00150000
v -0.00918976 0.06334693 0.00150000
v -0.01148406 0.06770096 0.00150000
v -0.00961043 0.06264353 0.00150000
v -0.01223406 0.07050000 0.00150000
v -0.01298406 0.07029904 0.00150000
v -0.01353310 0.06975000 0.00150000
v -0.01373406 0.06900000 0.00150000
v -0.01353310 0.06825000 0.00150000
v -0.01407652 0.06383333 0.00150000
v -0.01298406 0.06770096 0.00150000
v -0.01375726 0.06290526 0.00150000
v -0.01223406 0.06750000 0.00150000
v -0.01303493 0.06224081 0.00150000
v -0.01027792 0.06216793 0.00150000
v -0.01108013 0.06200000 0.00150000
v -0.01208348 0.06200000 0.00150000
v -0.01093502 0.06825000 0.00150000
v -0.01073406 0.06900000 0.00150000
v -0.01044409 0.07071179 0.00150000
v -0.01093502 0.06975000 0.00150000
v -0.01117340 0.07006066 0.00150000
v -0.01091790 0.07168578 0.00150000
v -0.01148406 0.07029904 0.00150000
v -0.01472602 0.07300553 0.00150000
v -0.01422602 0.07287156 0.00150000
v -0.01372602 0.07300553 0.00150000
v -0.01336000 0.07337156 0.00150000
v -0.01322602 0.07387156 0.00150000
v -0.01309858 0.07616846 0.00150000
v -0.01336000 0.07437156 0.00150000
v -0.01372602 0.07473758 0.00150000
v -0.01422602 0.07487156 0.00150000
v -0.01472602 0.07473758 0.00150000
v -0.01509205 0.07437156 0.00150000
v -0.01522602 0.07387156 0.00150000
v -0.01509205 0.07337156 0.00150000
v -0.01584031 0.07900760 0.00150000
v -0.01337106 0.07672858 0.00150000
v -0.01658858 0.07796537 0.00150000
v -0.01695461 0.07759934 0.00150000
v -0.01745461 0.07746537 0.00150000
v -0.01795461 0.07759934 0.00150000
v -0.01745461 0.07946537 0.00150000
v -0.01795461 0.07933140 0.00150000
v -0.01832063 0.07896537 0.00150000
v -0.01845461 0.07846537 0.00150000
v -0.01832063 0.07796537 0.00150000
v -0.01645461 0.07846537 0.00150000
v -0.01658858 0.07896537 0.00150000
v -0.01728423 0.08034027 0.00150000
v -0.01695461 0.07933140 0.00150000
v -0.02249985 0.08171517 0.00150000
v -0.02213383 0.08134914 0.00150000
v -0.02163383 0.08121517 0.00150000
v -0.02113383 0.08134914 0.00150000
v -0.02076780 0.08171517 0.00150000
v -0.01954422 0.08242615 0.00150000
v -0.02063383 0.08221517 0.00150000
v -0.02076780 0.08271517 0.00150000
v -0.02113383 0.08308119 0.00150000
v -0.02200556 0.08469787 0.00150000
v -0.02163383 0.08321517 0.00150000
v -0.02213383 0.08308119 0.00150000
v -0.02249985 0.08271517 0.00150000
v -0.02263383 0.08221517 0.00150000
v -0.02409164 0.08563349 0.00150000
v -0.02312894 0.08573470 0.00150000
v -0.02403426 0.08596437 0.00150000
v -0.02409164 0.08596437 0.00150000
v -0.02409164 0.08597893 0.00150000
v -0.02924949 0.08728744 0.00150000
v -0.03281554 0.08696699 0.00150000
v -0.03294951 0.08646699 0.00150000
v -0.03597476 0.08596437 0.00150000
v -0.03281554 0.08596699 0.00150000
v -0.03194952 0.08746699 0.00150000
v -0.03244952 0.08733302 0.00150000
v -0.03108349 0.08596699 0.00150000
v -0.03094952 0.08646699 0.00150000
v -0.03108349 0.08696699 0.00150000
v -0.03144952 0.08733302 0.00150000
v -0.03597476 0.08899360 0.00150000
v -0.03597476 0.08824308 0.00150000
v -0.03600000 0.08900000 0.00150000
v -0.04275000 0.08824308 0.00150000
v -0.04275000 0.08900000 0.00150000
v -0.04800000 0.08900000 0.00150000
v -0.04800000 0.08824308 0.00150000
v -0.05100000 0.08900000 0.00150000
v -0.05377837 0.08824308 0.00150000
v -0.05925069 0.09121077 0.00150000
v -0.06107862 0.08942984 0.00150000
v -0.06144464 0.08979586 0.00150000
v -0.06194464 0.08992984 0.00150000
v -0.06600000 0.09301924 0.00150000
v -0.07971282 0.10300000 0.00150000
v -0.07957884 0.10250000 0.00150000
v -0.07921281 0.10213398 0.00150000
v -0.07871281 0.10200000 0.00150000
v -0.07821281 0.10213398 0.00150000
v -0.07784679 0.10250000 0.00150000
v -0.07771281 0.10300000 0.00150000
v -0.07711311 0.10449396 0.00150000
v -0.07784679 0.10350000 0.00150000
v -0.07821281 0.10386603 0.00150000
v -0.07878923 0.11074931 0.00150000
v -0.07871281 0.10400000 0.00150000
v -0.07921281 0.10386603 0.00150000
v -0.07957884 0.10350000 0.00150000
v -0.08079200 0.11822376 0.00150000
v -0.08025554 0.11622163 0.00150000
v -0.08079200 0.11622163 0.00150000
v -0.07989149 0.11486298 0.00150000
v -0.08350000 0.11813397 0.00150000
v -0.08300000 0.11800000 0.00150000
v -0.08250000 0.11986603 0.00150000
v -0.08300000 0.12000000 0.00150000
v -0.08375692 0.12225000 0.00150000
v -0.08250000 0.11813397 0.00150000
v -0.08213397 0.11850000 0.00150000
v -0.08100000 0.11900000 0.00150000
v -0.08200000 0.11900000 0.00150000
v -0.08100000 0.12225000 0.00150000
v -0.08213397 0.11950000 0.00150000
v -0.08350000 0.11986603 0.00150000
v -0.08375692 0.11960910 0.00150000
v -0.08600000 0.12225000 0.00150000
v -0.08386602 0.11950000 0.00150000
v -0.08600000 0.11900000 0.00150000
v -0.08400000 0.11900000 0.00150000
v -0.08386602 0.11850000 0.00150000
v -0.08375692 0.11839090 0.00150000
v -0.08350000 0.12463398 0.00150000
v -0.08300000 0.12450000 0.00150000
v -0.08250000 0.12463398 0.00150000
v -0.08213397 0.12500000 0.00150000
v -0.08200000 0.12550000 0.00150000
v -0.08100000 0.12812500 0.00150000
v -0.08213397 0.12600000 0.00150000
v -0.08250000 0.12636603 0.00150000
v -0.08300000 0.12650000 0.00150000
v -0.08250000 0.12988398 0.00150000
v -0.08300000 0.12975000 0.00150000
v -0.08350000 0.12988398 0.00150000
v -0.08375692 0.13014090 0.00150000
v -0.08213397 0.13025000 0.00150000
v -0.08200000 0.13075000 0.00150000
v -0.08100000 0.13350000 0.00150000
v -0.08213397 0.13125000 0.00150000
v -0.08250000 0.13161603 0.00150000
v -0.08300000 0.13175000 0.00150000
v -0.08375692 0.13350000 0.00150000
v -0.08350000 0.13538397 0.00150000
v -0.08300000 0.13525000 0.00150000
v -0.08250000 0.13538397 0.00150000
v -0.08213397 0.13575000 0.00150000
v -0.08200000 0.13625000 0.00150000
v -0.08100000 0.13887500 0.00150000
v -0.08213397 0.13675000 0.00150000
v -0.08250000 0.13711602 0.00150000
v -0.08300000 0.13725000 0.00150000
v -0.08350000 0.13711602 0.00150000
v -0.08250000 0.14063397 0.00150000
v -0.08300000 0.14050000 0.00150000
v -0.08350000 0.14063397 0.00150000
v -0.08213397 0.14200000 0.00150000
v -0.08100000 0.14475000 0.00150000
v -0.08200000 0.14150000 0.00150000
v -0.08213397 0.14100000 0.00150000
v -0.08250000 0.14236602 0.00150000
v -0.08300000 0.14250000 0.00150000
v -0.08375692 0.14475000 0.00150000
v -0.08386602 0.14850000 0.00150000
v -0.08600000 0.14800000 0.00150000
v -0.08400000 0.14800000 0.00150000
v -0.08600000 0.14475000 0.00150000
v -0.08386602 0.14750000 0.00150000
v -0.08375692 0.14739090 0.00150000
v -0.08350000 0.14713398 0.00150000
v -0.08300000 0.14700000 0.00150000
v -0.08250000 0.14713398 0.00150000
v -0.08213397 0.14750000 0.00150000
v -0.08100000 0.14800000 0.00150000
v -0.08200000 0.14800000 0.00150000
v -0.08079200 0.14877624 0.00150000
v -0.08201385 0.15269072 0.00150000
v -0.08164782 0.15305674 0.00150000
v -0.08213397 0.14850000 0.00150000
v -0.08250000 0.14886603 0.00150000
v -0.08301385 0.15442277 0.00150000
v -0.08337987 0.15405674 0.00150000
v -0.08351385 0.15355674 0.00150000
v -0.08337987 0.15305674 0.00150000
v -0.08300000 0.14900000 0.00150000
v -0.08301385 0.15269072 0.00150000
v -0.08251385 0.15255674 0.00150000
v -0.08151384 0.15355674 0.00150000
v -0.08164782 0.15405674 0.00150000
v -0.08201385 0.15442277 0.00150000
v -0.08251385 0.15455674 0.00150000
v -0.07989149 0.15213702 0.00150000
v -0.07989149 0.15625069 0.00150000
v -0.07878923 0.15625069 0.00150000
v -0.07989149 0.16147232 0.00150000
v -0.07739010 0.16147232 0.00150000
v -0.07784679 0.16350000 0.00150000
v -0.07711311 0.16250604 0.00150000
v -0.07821281 0.16313397 0.00150000
v -0.07871281 0.16300000 0.00150000
v -0.07921281 0.16313397 0.00150000
v -0.07921281 0.16486602 0.00150000
v -0.07957884 0.16450000 0.00150000
v -0.07971282 0.16400000 0.00150000
v -0.07957884 0.16350000 0.00150000
v -0.07771281 0.16400000 0.00150000
v -0.07784679 0.16450000 0.00150000
v -0.07821281 0.16486602 0.00150000
v -0.07871281 0.16500000 0.00150000
v -0.07698076 0.16300000 0.00150000
v -0.06600000 0.17398076 0.00150000
v -0.06550604 0.17411312 0.00150000
v -0.06447233 0.17439010 0.00150000
v -0.06650000 0.17484678 0.00150000
v -0.06700000 0.17471282 0.00150000
v -0.06750000 0.17484678 0.00150000
v -0.06613398 0.17521282 0.00150000
v -0.06600000 0.17571281 0.00150000
v -0.06447233 0.17689149 0.00150000
v -0.06750000 0.17657884 0.00150000
v -0.06786603 0.17621281 0.00150000
v -0.06800000 0.17571281 0.00150000
v -0.06786603 0.17521282 0.00150000
v -0.06613398 0.17621281 0.00150000
v -0.06650000 0.17657884 0.00150000
v -0.06700000 0.17671281 0.00150000
v -0.05177625 0.17779201 0.00150000
v -0.05377837 0.17779201 0.00150000
v -0.05377837 0.17725553 0.00150000
v -0.05513702 0.17689149 0.00150000
v -0.04600000 0.17826795 0.00150000
v -0.04700000 0.17800000 0.00150000
v -0.04800000 0.17800000 0.00150000
v -0.05100000 0.17800000 0.00150000
v -0.04526795 0.17900000 0.00150000
v -0.02741548 0.08542874 0.00150000
v -0.02754945 0.08492874 0.00150000
v -0.02588818 0.08563349 0.00150000
v -0.02604945 0.08579477 0.00150000
v -0.02654945 0.08592874 0.00150000
v -0.02704945 0.08579477 0.00150000
v -0.02721073 0.08563349 0.00150000
v -0.02561132 0.08469787 0.00150000
v -0.02554945 0.08492874 0.00150000
v -0.02568343 0.08542874 0.00150000
v -0.03248205 0.08563349 0.00150000
v -0.03244952 0.08560096 0.00150000
v -0.03194952 0.08546699 0.00150000
v -0.03144952 0.08560096 0.00150000
v -0.03141699 0.08563349 0.00150000
v -0.08350000 0.14236602 0.00150000
v -0.08375692 0.14210910 0.00150000
v -0.08386602 0.14200000 0.00150000
v -0.08600000 0.13887500 0.00150000
v -0.08400000 0.14150000 0.00150000
v -0.08386602 0.12600000 0.00150000
v -0.08600000 0.12812500 0.00150000
v -0.08400000 0.12550000 0.00150000
v -0.08386602 0.12500000 0.00150000
v -0.08375692 0.12489090 0.00150000
v -0.04463397 0.08630000 0.00150000
v -0.04450000 0.08680000 0.00150000
v -0.04275000 0.08786492 0.00150000
v -0.04463397 0.08730000 0.00150000
v -0.04500000 0.08766602 0.00150000
v -0.04550000 0.08780000 0.00150000
v -0.04800000 0.08786492 0.00150000
v -0.04600000 0.08766602 0.00150000
v -0.04636602 0.08730000 0.00150000
v -0.04800000 0.08596437 0.00150000
v -0.04650000 0.08680000 0.00150000
v -0.04636602 0.08630000 0.00150000
v -0.04603039 0.08596437 0.00150000
v -0.04600000 0.08593398 0.00150000
v -0.04550000 0.08580000 0.00150000
v -0.04275000 0.08563349 0.00150000
v -0.03913397 0.08630000 0.00150000
v -0.03900000 0.08680000 0.00150000
v -0.03913397 0.08730000 0.00150000
v -0.03950000 0.08766602 0.00150000
v -0.04000000 0.08780000 0.00150000
v -0.04050000 0.08766602 0.00150000
v -0.04086602 0.08730000 0.00150000
v -0.04100000 0.08680000 0.00150000
v -0.04086602 0.08630000 0.00150000
v -0.04053039 0.08596437 0.00150000
v -0.04050000 0.08593398 0.00150000
v -0.04000000 0.08580000 0.00150000
v -0.03597476 0.08563349 0.00150000
v -0.03950000 0.08593398 0.00150000
v -0.03946960 0.08596437 0.00150000
v -0.08375692 0.13685911 0.00150000
v -0.08386602 0.13675000 0.00150000
v -0.08400000 0.13625000 0.00150000
v -0.08600000 0.13350000 0.00150000
v -0.08386602 0.13575000 0.00150000
v -0.08375692 0.13564090 0.00150000
v -0.08386602 0.13025000 0.00150000
v -0.08350000 0.13161603 0.00150000
v -0.08375692 0.13135910 0.00150000
v -0.08386602 0.13125000 0.00150000
v -0.08400000 0.13075000 0.00150000
v -0.06107862 0.17857017 0.00150000
v -0.06144464 0.17893619 0.00150000
v -0.06094464 0.17807017 0.00150000
v -0.06447233 0.17928928 0.00150000
v -0.06447233 0.17928508 0.00150000
v -0.06194464 0.17907016 0.00150000
v -0.06244465 0.17893619 0.00150000
v -0.06281067 0.17857017 0.00150000
v -0.06447233 0.17779201 0.00150000
v -0.06294464 0.17807017 0.00150000
v -0.06287012 0.17779201 0.00150000
v -0.06281067 0.17757017 0.00150000
v -0.06244465 0.17720414 0.00150000
v -0.06194464 0.17707016 0.00150000
v -0.05925069 0.17689149 0.00150000
v -0.06101918 0.17779201 0.00150000
v -0.05925069 0.17779201 0.00150000
v -0.06107862 0.17757017 0.00150000
v -0.06144464 0.17720414 0.00150000
v -0.08107016 0.15794464 0.00150000
v -0.08079200 0.15801918 0.00150000
v -0.08057016 0.15807862 0.00150000
v -0.08057016 0.15981067 0.00150000
v -0.08020414 0.15844464 0.00150000
v -0.08007016 0.15894465 0.00150000
v -0.08020414 0.15944465 0.00150000
v -0.05705674 0.08835218 0.00150000
v -0.05716584 0.08824308 0.00150000
v -0.05925069 0.08824308 0.00150000
v -0.05742277 0.08798615 0.00150000
v -0.05745525 0.08786492 0.00150000
v -0.05655674 0.08848615 0.00150000
v -0.05594764 0.08824308 0.00150000
v -0.05605674 0.08835218 0.00150000
v -0.05555674 0.08748615 0.00150000
v -0.05377837 0.08786492 0.00150000
v -0.05565823 0.08786492 0.00150000
v -0.05569072 0.08798615 0.00150000
v -0.05186602 0.08750000 0.00150000
v -0.05200000 0.08700000 0.00150000
v -0.05186602 0.08650000 0.00150000
v -0.05150000 0.08613397 0.00150000
v -0.05100000 0.08600000 0.00150000
v -0.05050000 0.08613397 0.00150000
v -0.05013397 0.08650000 0.00150000
v -0.05000000 0.08700000 0.00150000
v -0.05013397 0.08750000 0.00150000
v -0.05049889 0.08786492 0.00150000
v -0.05050000 0.08786603 0.00150000
v -0.05100000 0.08800000 0.00150000
v -0.05150000 0.08786603 0.00150000
v -0.05150111 0.08786492 0.00150000
v -0.06244465 0.08979586 0.00150000
v -0.06281067 0.08942984 0.00150000
v -0.06287012 0.08920799 0.00150000
v -0.06294464 0.08892984 0.00150000
v -0.06850000 0.08868911 0.00150000
v -0.06281067 0.08842984 0.00150000
v -0.06107862 0.08842984 0.00150000
v -0.06262391 0.08824308 0.00150000
v -0.06244465 0.08806381 0.00150000
v -0.06194464 0.08792984 0.00150000
v -0.06144464 0.08806381 0.00150000
v -0.06126538 0.08824308 0.00150000
v -0.05749545 0.17928508 0.00150000
v -0.05742277 0.17901385 0.00150000
v -0.05705674 0.17864782 0.00150000
v -0.05655674 0.17851385 0.00150000
v -0.05925069 0.17578923 0.00150000
v -0.05605674 0.17864782 0.00150000
v -0.05569072 0.17901385 0.00150000
v -0.05561804 0.17928508 0.00150000
v -0.03281292 0.08596437 0.00150000
v -0.08301385 0.11257723 0.00150000
v -0.08251385 0.11244326 0.00150000
v -0.08164782 0.11294326 0.00150000
v -0.08151384 0.11344326 0.00150000
v -0.08201385 0.11257723 0.00150000
v -0.08301385 0.11430928 0.00150000
v -0.08337987 0.11394326 0.00150000
v -0.08351385 0.11344326 0.00150000
v -0.08337987 0.11294326 0.00150000
v -0.08164782 0.11394326 0.00150000
v -0.08201385 0.11430928 0.00150000
v -0.08251385 0.11444326 0.00150000
v -0.06294464 0.17807017 0.00450000
v -0.06294464 0.17807017 0.00150000
v -0.06281067 0.17857017 0.00450000
v -0.06281067 0.17857017 0.00150000
v -0.06244465 0.17893619 0.00450000
v -0.06244465 0.17893619 0.00150000
v -0.06194464 0.17907016 0.00450000
v -0.06194464 0.17907016 0.00150000
v -0.06144464 0.17893619 0.00450000
v -0.06144464 0.17893619 0.00150000
v -0.06107862 0.17857017 0.00450000
v -0.06107862 0.17857017 0.00150000
v -0.06094464 0.17807017 0.00450000
v -0.06094464 0.17807017 0.00150000
v -0.06107862 0.17757017 0.00450000
v -0.06107862 0.17757017 0.00150000
v -0.06144464 0.17720414 0.00450000
v -0.06144464 0.17720414 0.00150000
v -0.06194464 0.17707016 0.00450000
v -0.06194464 0.17707016 0.00150000
v -0.06244465 0.17720414 0.00450000
v -0.06244465 0.17720414 0.00150000
v -0.06281067 0.17757017 0.00450000
v -0.06281067 0.17757017 0.00150000
v -0.08400000 0.14150000 0.00450000
v -0.08400000 0.14150000 0.00150000
v -0.08386602 0.14200000 0.00450000
v -0.08386602 0.14200000 0.00150000
v -0.08350000 0.14236602 0.00450000
v -0.08350000 0.14236602 0.00150000
v -0.08300000 0.14250000 0.00450000
v -0.08300000 0.14250000 0.00150000
v -0.08250000 0.14236602 0.00450000
v -0.08250000 0.14236602 0.00150000
v -0.08213397 0.14200000 0.00450000
v -0.08213397 0.14200000 0.00150000
v -0.08200000 0.14150000 0.00450000
v -0.08200000 0.14150000 0.00150000
v -0.08213397 0.14100000 0.00450000
v -0.08213397 0.14100000 0.00150000
v -0.08250000 0.14063397 0.00450000
v -0.08250000 0.14063397 0.00150000
v -0.08300000 0.14050000 0.00450000
v -0.08300000 0.14050000 0.00150000
v -0.08350000 0.14063397 0.00450000
v -0.08350000 0.14063397 0.00150000
v -0.08386602 0.14100000 0.00450000
v -0.08386602 0.14100000 0.00150000
v -0.01073406 0.06900000 0.00150000
v -0.01073406 0.06900000 0.00450000
v -0.01093502 0.06975000 0.00150000
v -0.01093502 0.06975000 0.00450000
v -0.01117340 0.07006066 0.00150000
v -0.01117340 0.07006066 0.00450000
v -0.01148406 0.07029904 0.00150000
v -0.01148406 0.07029904 0.00450000
v -0.01223406 0.07050000 0.00150000
v -0.01223406 0.07050000 0.00450000
v -0.01298406 0.07029904 0.00150000
v -0.01298406 0.07029904 0.00450000
v -0.01353310 0.06975000 0.00150000
v -0.01353310 0.06975000 0.00450000
v -0.01373406 0.06900000 0.00150000
v -0.01373406 0.06900000 0.00450000
v -0.01353310 0.06825000 0.00150000
v -0.01353310 0.06825000 0.00450000
v -0.01298406 0.06770096 0.00150000
v -0.01298406 0.06770096 0.00450000
v -0.01223406 0.06750000 0.00150000
v -0.01223406 0.06750000 0.00450000
v -0.01148406 0.06770096 0.00150000
v -0.01148406 0.06770096 0.00450000
v -0.01093502 0.06825000 0.00150000
v -0.01093502 0.06825000 0.00450000
v -0.07971282 0.10300000 0.00450000
v -0.07971282 0.10300000 0.00150000
v -0.07957884 0.10350000 0.00450000
v -0.07957884 0.10350000 0.00150000
v -0.07921281 0.10386603 0.00450000
v -0.07921281 0.10386603 0.00150000
v -0.07871281 0.10400000 0.00450000
v -0.07871281 0.10400000 0.00150000
v -0.07821281 0.10386603 0.00450000
v -0.07821281 0.10386603 0.00150000
v -0.07784679 0.10350000 0.00450000
v -0.07784679 0.10350000 0.00150000
v -0.07771281 0.10300000 0.00450000
v -0.07771281 0.10300000 0.00150000
v -0.07784679 0.10250000 0.00450000
v -0.07784679 0.10250000 0.00150000
v -0.07821281 0.10213398 0.00450000
v -0.07821281 0.10213398 0.00150000
v -0.07871281 0.10200000 0.00450000
v -0.07871281 0.10200000 0.00150000
v -0.07921281 0.10213398 0.00450000
v -0.07921281 0.10213398 0.00150000
v -0.07957884 0.10250000 0.00450000
v -0.07957884 0.10250000 0.00150000
v -0.03294951 0.08646699 0.00450000
v -0.03294951 0.08646699 0.00150000
v -0.03281554 0.08696699 0.00450000
v -0.03281554 0.08696699 0.00150000
v -0.03244952 0.08733302 0.00450000
v -0.03244952 0.08733302 0.00150000
v -0.03194952 0.08746699 0.00450000
v -0.03194952 0.08746699 0.00150000
v -0.03144952 0.08733302 0.00450000
v -0.03144952 0.08733302 0.00150000
v -0.03108349 0.08696699 0.00450000
v -0.03108349 0.08696699 0.00150000
v -0.03094952 0.08646699 0.00450000
v -0.03094952 0.08646699 0.00150000
v -0.03108349 0.08596699 0.00450000
v -0.03108349 0.08596699 0.00150000
v -0.03144952 0.08560096 0.00450000
v -0.03144952 0.08560096 0.00150000
v -0.03194952 0.08546699 0.00450000
v -0.03194952 0.08546699 0.00150000
v -0.03244952 0.08560096 0.00450000
v -0.03244952 0.08560096 0.00150000
v -0.03281554 0.08596699 0.00450000
v -0.03281554 0.08596699 0.00150000
v -0.04500000 0.18000000 0.00150000
v -0.04500000 0.18200000 0.00150000
v -0.04500000 0.18000000 0.00450000
v -0.04500000 0.18200000 0.00450000
v -0.08207016 0.10805535 0.00450000
v -0.08207016 0.10805535 0.00150000
v -0.08193619 0.10855536 0.00450000
v -0.08193619 0.10855536 0.00150000
v -0.08157016 0.10892138 0.00450000
v -0.08157016 0.10892138 0.00150000
v -0.08107016 0.10905536 0.00450000
v -0.08107016 0.10905536 0.00150000
v -0.08057016 0.10892138 0.00450000
v -0.08057016 0.10892138 0.00150000
v -0.08020414 0.10855536 0.00450000
v -0.08020414 0.10855536 0.00150000
v -0.08007016 0.10805535 0.00450000
v -0.08007016 0.10805535 0.00150000
v -0.08020414 0.10755536 0.00450000
v -0.08020414 0.10755536 0.00150000
v -0.08057016 0.10718933 0.00450000
v -0.08057016 0.10718933 0.00150000
v -0.08107016 0.10705536 0.00450000
v -0.08107016 0.10705536 0.00150000
v -0.08157016 0.10718933 0.00450000
v -0.08157016 0.10718933 0.00150000
v -0.08193619 0.10755536 0.00450000
v -0.08193619 0.10755536 0.00150000
v -0.02754945 0.08492874 0.00450000
v -0.02754945 0.08492874 0.00150000
v -0.02741548 0.08542874 0.00450000
v -0.02741548 0.08542874 0.00150000
v -0.02704945 0.08579477 0.00450000
v -0.02704945 0.08579477 0.00150000
v -0.02654945 0.08592874 0.00450000
v -0.02654945 0.08592874 0.00150000
v -0.02604945 0.08579477 0.00450000
v -0.02604945 0.08579477 0.00150000
v -0.02568343 0.08542874 0.00450000
v -0.02568343 0.08542874 0.00150000
v -0.02554945 0.08492874 0.00450000
v -0.02554945 0.08492874 0.00150000
v -0.02568343 0.08442874 0.00450000
v -0.02568343 0.08442874 0.00150000
v -0.02604945 0.08406272 0.00450000
v -0.02604945 0.08406272 0.00150000
v -0.02654945 0.08392874 0.00450000
v -0.02654945 0.08392874 0.00150000
v -0.02704945 0.08406272 0.00450000
v -0.02704945 0.08406272 0.00150000
v -0.02741548 0.08442874 0.00450000
v -0.02741548 0.08442874 0.00150000
v -0.04700000 0.17800000 0.00150000
v -0.04700000 0.17800000 0.00450000
v -0.04800000 0.17800000 0.00150000
v -0.04800000 0.17800000 0.00450000
v -0.05100000 0.17800000 0.00150000
v -0.05100000 0.17800000 0.00450000
v -0.07256921 0.09448658 0.00450000
v -0.07256921 0.09448658 0.00150000
v -0.07243523 0.09498658 0.00450000
v -0.07243523 0.09498658 0.00150000
v -0.07206921 0.09535260 0.00450000
v -0.07206921 0.09535260 0.00150000
v -0.07156920 0.09548658 0.00450000
v -0.07156920 0.09548658 0.00150000
v -0.07106920 0.09535260 0.00450000
v -0.07106920 0.09535260 0.00150000
v -0.07070318 0.09498658 0.00450000
v -0.07070318 0.09498658 0.00150000
v -0.07056920 0.09448658 0.00450000
v -0.07056920 0.09448658 0.00150000
v -0.07070318 0.09398658 0.00450000
v -0.07070318 0.09398658 0.00150000
v -0.07106920 0.09362055 0.00450000
v -0.07106920 0.09362055 0.00150000
v -0.07156920 0.09348658 0.00450000
v -0.07156920 0.09348658 0.00150000
v -0.07206921 0.09362055 0.00450000
v -0.07206921 0.09362055 0.00150000
v -0.07243523 0.09398658 0.00450000
v -0.07243523 0.09398658 0.00150000
v -0.04600000 0.17826795 0.00150000
v -0.04600000 0.17826795 0.00450000
v -0.04526795 0.17900000 0.00150000
v -0.04526795 0.17900000 0.00450000
v -0.03600000 0.08900000 0.00450000
v -0.03600000 0.08900000 0.00150000
v -0.04275000 0.08900000 0.00450000
v -0.04275000 0.08900000 0.00150000
v -0.04800000 0.08900000 0.00450000
v -0.04800000 0.08900000 0.00150000
v -0.05100000 0.08900000 0.00450000
v -0.05100000 0.08900000 0.00150000
v -0.04950000 0.18100000 0.00450000
v -0.04950000 0.18100000 0.00150000
v -0.04929904 0.18175000 0.00450000
v -0.04929904 0.18175000 0.00150000
v -0.04875000 0.18229904 0.00450000
v -0.04875000 0.18229904 0.00150000
v -0.04800000 0.18250000 0.00450000
v -0.04800000 0.18250000 0.00150000
v -0.04725000 0.18229904 0.00450000
v -0.04725000 0.18229904 0.00150000
v -0.04670096 0.18175000 0.00450000
v -0.04670096 0.18175000 0.00150000
v -0.04650000 0.18100000 0.00450000
v -0.04650000 0.18100000 0.00150000
v -0.04670096 0.18025000 0.00450000
v -0.04670096 0.18025000 0.00150000
v -0.04725000 0.17970096 0.00450000
v -0.04725000 0.17970096 0.00150000
v -0.04800000 0.17950000 0.00450000
v -0.04800000 0.17950000 0.00150000
v -0.04875000 0.17970096 0.00450000
v -0.04875000 0.17970096 0.00150000
v -0.04929904 0.18025000 0.00450000
v -0.04929904 0.18025000 0.00150000
v -0.07651342 0.09843079 0.00450000
v -0.07651342 0.09843079 0.00150000
v -0.07637945 0.09893080 0.00450000
v -0.07637945 0.09893080 0.00150000
v -0.07601342 0.09929682 0.00450000
v -0.07601342 0.09929682 0.00150000
v -0.07551342 0.09943080 0.00450000
v -0.07551342 0.09943080 0.00150000
v -0.07501342 0.09929682 0.00450000
v -0.07501342 0.09929682 0.00150000
v -0.07464740 0.09893080 0.00450000
v -0.07464740 0.09893080 0.00150000
v -0.07451342 0.09843079 0.00450000
v -0.07451342 0.09843079 0.00150000
v -0.07464740 0.09793080 0.00450000
v -0.07464740 0.09793080 0.00150000
v -0.07501342 0.09756477 0.00450000
v -0.07501342 0.09756477 0.00150000
v -0.07551342 0.09743080 0.00450000
v -0.07551342 0.09743080 0.00150000
v -0.07601342 0.09756477 0.00450000
v -0.07601342 0.09756477 0.00150000
v -0.07637945 0.09793080 0.00450000
v -0.07637945 0.09793080 0.00150000
v -0.04526795 0.18300000 0.00150000
v -0.04526795 0.18300000 0.00450000
v -0.04600000 0.18373205 0.00150000
v -0.04600000 0.18373205 0.00450000
v -0.04700000 0.18400000 0.00150000
v -0.04700000 0.18400000 0.00450000
v -0.08100000 0.11900000 0.00150000
v -0.08100000 0.11900000 0.00450000
v -0.07698076 0.10400000 0.00150000
v -0.07698076 0.10400000 0.00450000
v -0.06600000 0.09301924 0.00150000
v -0.06600000 0.09301924 0.00450000
v -0.04800000 0.18400000 0.00450000
v -0.04800000 0.18400000 0.00150000
v -0.05100000 0.18400000 0.00450000
v -0.05100000 0.18400000 0.00150000
v -0.08400000 0.14800000 0.00450000
v -0.08400000 0.14800000 0.00150000
v -0.08386602 0.14850000 0.00450000
v -0.08386602 0.14850000 0.00150000
v -0.08350000 0.14886603 0.00450000
v -0.08350000 0.14886603 0.00150000
v -0.08300000 0.14900000 0.00450000
v -0.08300000 0.14900000 0.00150000
v -0.08250000 0.14886603 0.00450000
v -0.08250000 0.14886603 0.00150000
v -0.08213397 0.14850000 0.00450000
v -0.08213397 0.14850000 0.00150000
v -0.08200000 0.14800000 0.00450000
v -0.08200000 0.14800000 0.00150000
v -0.08213397 0.14750000 0.00450000
v -0.08213397 0.14750000 0.00150000
v -0.08250000 0.14713398 0.00450000
v -0.08250000 0.14713398 0.00150000
v -0.08300000 0.14700000 0.00450000
v -0.08300000 0.14700000 0.00150000
v -0.08350000 0.14713398 0.00450000
v -0.08350000 0.14713398 0.00150000
v -0.08386602 0.14750000 0.00450000
v -0.08386602 0.14750000 0.00150000
v -0.05100000 0.18400000 0.00450000
v -0.05100000 0.18400000 0.00150000
v -0.05169430 0.18326306 0.00450000
v -0.05169430 0.18326306 0.00150000
v -0.05266056 0.18296059 0.00450000
v -0.05266056 0.18296059 0.00150000
v -0.08100000 0.12225000 0.00450000
v -0.08100000 0.12225000 0.00150000
v -0.08100000 0.12812500 0.00450000
v -0.08100000 0.12812500 0.00150000
v -0.08100000 0.13350000 0.00450000
v -0.08100000 0.13350000 0.00150000
v -0.08100000 0.13887500 0.00450000
v -0.08100000 0.13887500 0.00150000
v -0.08100000 0.14475000 0.00450000
v -0.08100000 0.14475000 0.00150000
v -0.08100000 0.14800000 0.00450000
v -0.08100000 0.14800000 0.00150000
v -0.05755674 0.17951385 0.00450000
v -0.05755674 0.17951385 0.00150000
v -0.05742277 0.18001385 0.00450000
v -0.05742277 0.18001385 0.00150000
v -0.05705674 0.18037988 0.00450000
v -0.05705674 0.18037988 0.00150000
v -0.05655674 0.18051384 0.00450000
v -0.05655674 0.18051384 0.00150000
v -0.05605674 0.18037988 0.00450000
v -0.05605674 0.18037988 0.00150000
v -0.05569072 0.18001385 0.00450000
v -0.05569072 0.18001385 0.00150000
v -0.05555674 0.17951385 0.00450000
v -0.05555674 0.17951385 0.00150000
v -0.05569072 0.17901385 0.00450000
v -0.05569072 0.17901385 0.00150000
v -0.05605674 0.17864782 0.00450000
v -0.05605674 0.17864782 0.00150000
v -0.05655674 0.17851385 0.00450000
v -0.05655674 0.17851385 0.00150000
v -0.05705674 0.17864782 0.00450000
v -0.05705674 0.17864782 0.00150000
v -0.05742277 0.17901385 0.00450000
v -0.05742277 0.17901385 0.00150000
v -0.08351385 0.15355674 0.00450000
v -0.08351385 0.15355674 0.00150000
v -0.08337987 0.15405674 0.00450000
v -0.08337987 0.15405674 0.00150000
v -0.08301385 0.15442277 0.00450000
v -0.08301385 0.15442277 0.00150000
v -0.08251385 0.15455674 0.00450000
v -0.08251385 0.15455674 0.00150000
v -0.08201385 0.15442277 0.00450000
v -0.08201385 0.15442277 0.00150000
v -0.08164782 0.15405674 0.00450000
v -0.08164782 0.15405674 0.00150000
v -0.08151384 0.15355674 0.00450000
v -0.08151384 0.15355674 0.00150000
v -0.08164782 0.15305674 0.00450000
v -0.08164782 0.15305674 0.00150000
v -0.08201385 0.15269072 0.00450000
v -0.08201385 0.15269072 0.00150000
v -0.08251385 0.15255674 0.00450000
v -0.08251385 0.15255674 0.00150000
v -0.08301385 0.15269072 0.00450000
v -0.08301385 0.15269072 0.00150000
v -0.08337987 0.15305674 0.00450000
v -0.08337987 0.15305674 0.00150000
v -0.00918976 0.06334693 0.00450000
v -0.00918976 0.06334693 0.00150000
v -0.00961043 0.06264353 0.00450000
v -0.00961043 0.06264353 0.00150000
v -0.01027792 0.06216793 0.00450000
v -0.01027792 0.06216793 0.00150000
v -0.06600000 0.17398076 0.00150000
v -0.06600000 0.17398076 0.00450000
v -0.07698076 0.16300000 0.00150000
v -0.07698076 0.16300000 0.00450000
v -0.06294464 0.08892984 0.00450000
v -0.06294464 0.08892984 0.00150000
v -0.06281067 0.08942984 0.00450000
v -0.06281067 0.08942984 0.00150000
v -0.06244465 0.08979586 0.00450000
v -0.06244465 0.08979586 0.00150000
v -0.06194464 0.08992984 0.00450000
v -0.06194464 0.08992984 0.00150000
v -0.06144464 0.08979586 0.00450000
v -0.06144464 0.08979586 0.00150000
v -0.06107862 0.08942984 0.00450000
v -0.06107862 0.08942984 0.00150000
v -0.06094464 0.08892984 0.00450000
v -0.06094464 0.08892984 0.00150000
v -0.06107862 0.08842984 0.00450000
v -0.06107862 0.08842984 0.00150000
v -0.06144464 0.08806381 0.00450000
v -0.06144464 0.08806381 0.00150000
v -0.06194464 0.08792984 0.00450000
v -0.06194464 0.08792984 0.00150000
v -0.06244465 0.08806381 0.00450000
v -0.06244465 0.08806381 0.00150000
v -0.06281067 0.08842984 0.00450000
v -0.06281067 0.08842984 0.00150000
v -0.08351385 0.11344326 0.00450000
v -0.08351385 0.11344326 0.00150000
v -0.08337987 0.11394326 0.00450000
v -0.08337987 0.11394326 0.00150000
v -0.08301385 0.11430928 0.00450000
v -0.08301385 0.11430928 0.00150000
v -0.08251385 0.11444326 0.00450000
v -0.08251385 0.11444326 0.00150000
v -0.08201385 0.11430928 0.00450000
v -0.08201385 0.11430928 0.00150000
v -0.08164782 0.11394326 0.00450000
v -0.08164782 0.11394326 0.00150000
v -0.08151384 0.11344326 0.00450000
v -0.08151384 0.11344326 0.00150000
v -0.08164782 0.11294326 0.00450000
v -0.08164782 0.11294326 0.00150000
v -0.08201385 0.11257723 0.00450000
v -0.08201385 0.11257723 0.00150000
v -0.08251385 0.11244326 0.00450000
v -0.08251385 0.11244326 0.00150000
v -0.08301385 0.11257723 0.00450000
v -0.08301385 0.11257723 0.00150000
v -0.08337987 0.11294326 0.00450000
v -0.08337987 0.11294326 0.00150000
v -0.01303493 0.06224081 0.00450000
v -0.01303493 0.06224081 0.00150000
v -0.01375726 0.06290526 0.00450000
v -0.01375726 0.06290526 0.00150000
v -0.08600000 0.14800000 0.00150000
v -0.08600000 0.14800000 0.00450000
v -0.08158395 0.16501829 0.00450000
v -0.08158395 0.16501829 0.00150000
v -0.06945016 0.17774208 0.00450000
v -0.06945016 0.17774208 0.00150000
v -0.05266056 0.18296059 0.00450000
v -0.05266056 0.18296059 0.00150000
v -0.06800000 0.09128719 0.00450000
v -0.06800000 0.09128719 0.00150000
v -0.06786603 0.09178719 0.00450000
v -0.06786603 0.09178719 0.00150000
v -0.06750000 0.09215321 0.00450000
v -0.06750000 0.09215321 0.00150000
v -0.06700000 0.09228719 0.00450000
v -0.06700000 0.09228719 0.00150000
v -0.06650000 0.09215321 0.00450000
v -0.06650000 0.09215321 0.00150000
v -0.06613398 0.09178719 0.00450000
v -0.06613398 0.09178719 0.00150000
v -0.06600000 0.09128719 0.00450000
v -0.06600000 0.09128719 0.00150000
v -0.06613398 0.09078719 0.00450000
v -0.06613398 0.09078719 0.00150000
v -0.06650000 0.09042116 0.00450000
v -0.06650000 0.09042116 0.00150000
v -0.06700000 0.09028719 0.00450000
v -0.06700000 0.09028719 0.00150000
v -0.06750000 0.09042116 0.00450000
v -0.06750000 0.09042116 0.00150000
v -0.06786603 0.09078719 0.00450000
v -0.06786603 0.09078719 0.00150000
v -0.08400000 0.13075000 0.00450000
v -0.08400000 0.13075000 0.00150000
v -0.08386602 0.13125000 0.00450000
v -0.08386602 0.13125000 0.00150000
v -0.08350000 0.13161603 0.00450000
v -0.08350000 0.13161603 0.00150000
v -0.08300000 0.13175000 0.00450000
v -0.08300000 0.13175000 0.00150000
v -0.08250000 0.13161603 0.00450000
v -0.08250000 0.13161603 0.00150000
v -0.08213397 0.13125000 0.00450000
v -0.08213397 0.13125000 0.00150000
v -0.08200000 0.13075000 0.00450000
v -0.08200000 0.13075000 0.00150000
v -0.08213397 0.13025000 0.00450000
v -0.08213397 0.13025000 0.00150000
v -0.08250000 0.12988398 0.00450000
v -0.08250000 0.12988398 0.00150000
v -0.08300000 0.12975000 0.00450000
v -0.08300000 0.12975000 0.00150000
v -0.08350000 0.12988398 0.00450000
v -0.08350000 0.12988398 0.00150000
v -0.08386602 0.13025000 0.00450000
v -0.08386602 0.13025000 0.00150000
v -0.08600000 0.14475000 0.00450000
v -0.08600000 0.14475000 0.00150000
v -0.08600000 0.13887500 0.00450000
v -0.08600000 0.13887500 0.00150000
v -0.08600000 0.13350000 0.00450000
v -0.08600000 0.13350000 0.00150000
v -0.08600000 0.12812500 0.00450000
v -0.08600000 0.12812500 0.00150000
v -0.08600000 0.12225000 0.00450000
v -0.08600000 0.12225000 0.00150000
v -0.08600000 0.11900000 0.00450000
v -0.08600000 0.11900000 0.00150000
v -0.05200000 0.08700000 0.00450000
v -0.05200000 0.08700000 0.00150000
v -0.05186602 0.08750000 0.00450000
v -0.05186602 0.08750000 0.00150000
v -0.05150000 0.08786603 0.00450000
v -0.05150000 0.08786603 0.00150000
v -0.05100000 0.08800000 0.00450000
v -0.05100000 0.08800000 0.00150000
v -0.05050000 0.08786603 0.00450000
v -0.05050000 0.08786603 0.00150000
v -0.05013397 0.08750000 0.00450000
v -0.05013397 0.08750000 0.00150000
v -0.05000000 0.08700000 0.00450000
v -0.05000000 0.08700000 0.00150000
v -0.05013397 0.08650000 0.00450000
v -0.05013397 0.08650000 0.00150000
v -0.05050000 0.08613397 0.00450000
v -0.05050000 0.08613397 0.00150000
v -0.05100000 0.08600000 0.00450000
v -0.05100000 0.08600000 0.00150000
v -0.05150000 0.08613397 0.00450000
v -0.05150000 0.08613397 0.00150000
v -0.05186602 0.08650000 0.00450000
v -0.05186602 0.08650000 0.00150000
v -0.08400000 0.13625000 0.00450000
v -0.08400000 0.13625000 0.00150000
v -0.08386602 0.13675000 0.00450000
v -0.08386602 0.13675000 0.00150000
v -0.08350000 0.13711602 0.00450000
v -0.08350000 0.13711602 0.00150000
v -0.08300000 0.13725000 0.00450000
v -0.08300000 0.13725000 0.00150000
v -0.08250000 0.13711602 0.00450000
v -0.08250000 0.13711602 0.00150000
v -0.08213397 0.13675000 0.00450000
v -0.08213397 0.13675000 0.00150000
v -0.08200000 0.13625000 0.00450000
v -0.08200000 0.13625000 0.00150000
v -0.08213397 0.13575000 0.00450000
v -0.08213397 0.13575000 0.00150000
v -0.08250000 0.13538397 0.00450000
v -0.08250000 0.13538397 0.00150000
v -0.08300000 0.13525000 0.00450000
v -0.08300000 0.13525000 0.00150000
v -0.08350000 0.13538397 0.00450000
v -0.08350000 0.13538397 0.00150000
v -0.08386602 0.13575000 0.00450000
v -0.08386602 0.13575000 0.00150000
v -0.05100000 0.08400000 0.00150000
v -0.05100000 0.08400000 0.00450000
v -0.06850000 0.08868911 0.00450000
v -0.06850000 0.08868911 0.00150000
v -0.08131089 0.10150000 0.00450000
v -0.08131089 0.10150000 0.00150000
v -0.05755674 0.08748615 0.00450000
v -0.05755674 0.08748615 0.00150000
v -0.05742277 0.08798615 0.00450000
v -0.05742277 0.08798615 0.00150000
v -0.05705674 0.08835218 0.00450000
v -0.05705674 0.08835218 0.00150000
v -0.05655674 0.08848615 0.00450000
v -0.05655674 0.08848615 0.00150000
v -0.05605674 0.08835218 0.00450000
v -0.05605674 0.08835218 0.00150000
v -0.05569072 0.08798615 0.00450000
v -0.05569072 0.08798615 0.00150000
v -0.05555674 0.08748615 0.00450000
v -0.05555674 0.08748615 0.00150000
v -0.05569072 0.08698615 0.00450000
v -0.05569072 0.08698615 0.00150000
v -0.05605674 0.08662013 0.00450000
v -0.05605674 0.08662013 0.00150000
v -0.05655674 0.08648615 0.00450000
v -0.05655674 0.08648615 0.00150000
v -0.05705674 0.08662013 0.00450000
v -0.05705674 0.08662013 0.00150000
v -0.05742277 0.08698615 0.00450000
v -0.05742277 0.08698615 0.00150000
v -0.04100000 0.08680000 0.00450000
v -0.04100000 0.08680000 0.00150000
v -0.04086602 0.08730000 0.00450000
v -0.04086602 0.08730000 0.00150000
v -0.04050000 0.08766602 0.00450000
v -0.04050000 0.08766602 0.00150000
v -0.04000000 0.08780000 0.00450000
v -0.04000000 0.08780000 0.00150000
v -0.03950000 0.08766602 0.00450000
v -0.03950000 0.08766602 0.00150000
v -0.03913397 0.08730000 0.00450000
v -0.03913397 0.08730000 0.00150000
v -0.03900000 0.08680000 0.00450000
v -0.03900000 0.08680000 0.00150000
v -0.03913397 0.08630000 0.00450000
v -0.03913397 0.08630000 0.00150000
v -0.03950000 0.08593398 0.00450000
v -0.03950000 0.08593398 0.00150000
v -0.04000000 0.08580000 0.00450000
v -0.04000000 0.08580000 0.00150000
v -0.04050000 0.08593398 0.00450000
v -0.04050000 0.08593398 0.00150000
v -0.04086602 0.08630000 0.00450000
v -0.04086602 0.08630000 0.00150000
v -0.04800000 0.08400000 0.00450000
v -0.04800000 0.08400000 0.00150000
v -0.04275000 0.08400000 0.00450000
v -0.04275000 0.08400000 0.00150000
v -0.07651342 0.16856920 0.00450000
v -0.07651342 0.16856920 0.00150000
v -0.07637945 0.16906920 0.00450000
v -0.07637945 0.16906920 0.00150000
v -0.07601342 0.16943523 0.00450000
v -0.07601342 0.16943523 0.00150000
v -0.07551342 0.16956920 0.00450000
v -0.07551342 0.16956920 0.00150000
v -0.07501342 0.16943523 0.00450000
v -0.07501342 0.16943523 0.00150000
v -0.07464740 0.16906920 0.00450000
v -0.07464740 0.16906920 0.00150000
v -0.07451342 0.16856920 0.00450000
v -0.07451342 0.16856920 0.00150000
v -0.07464740 0.16806921 0.00450000
v -0.07464740 0.16806921 0.00150000
v -0.07501342 0.16770318 0.00450000
v -0.07501342 0.16770318 0.00150000
v -0.07551342 0.16756921 0.00450000
v -0.07551342 0.16756921 0.00150000
v -0.07601342 0.16770318 0.00450000
v -0.07601342 0.16770318 0.00150000
v -0.07637945 0.16806921 0.00450000
v -0.07637945 0.16806921 0.00150000
v 0.03200000 0.16900000 -0.00250000
v 0.03600000 0.16900000 -0.00250000
v 0.03200000 0.17025000 -0.00216506
v 0.03600000 0.17025000 -0.00216506
v 0.03200000 0.17116506 -0.00125000
v 0.03600000 0.17116506 -0.00125000
v 0.03200000 0.17150000 0.00000000
v 0.03600000 0.17150000 0.00000000
v 0.03200000 0.17116506 0.00125000
v 0.03600000 0.17116506 0.00125000
v 0.03200000 0.17025000 0.00216506
v 0.03600000 0.17025000 0.00216506
v 0.03200000 0.16900000 0.00250000
v 0.03600000 0.16900000 0.00250000
v 0.03200000 0.16775000 0.00216506
v 0.03600000 0.16775000 0.00216506
v 0.03200000 0.16683494 0.00125000
v 0.03600000 0.16683494 0.00125000
v 0.03200000 0.16650000 0.00000000
v 0.03600000 0.16650000 0.00000000
v 0.03200000 0.16683494 -0.00125000
v 0.03600000 0.16683494 -0.00125000
v 0.03200000 0.16775000 -0.00216506
v 0.03600000 0.16775000 -0.00216506
v 0.03600000 0.16900000 -0.00600000
v 0.03200000 0.17200000 -0.00519615
v 0.03600000 0.17200000 -0.00519615
v 0.03200000 0.17419615 -0.00300000
v 0.03600000 0.17419615 -0.00300000
v 0.03200000 0.17500000 0.00000000
v 0.03600000 0.17500000 0.00000000
v 0.03200000 0.17419615 0.00300000
v 0.03600000 0.17419615 0.00300000
v 0.03200000 0.17200000 0.00519615
v 0.03600000 0.17200000 0.00519615
v 0.03200000 0.16900000 0.00600000
v 0.03600000 0.16900000 0.00600000
v 0.03200000 0.16600000 0.00519615
v 0.03600000 0.16600000 0.00519615
v 0.03200000 0.16380385 0.00300000
v 0.03600000 0.16380385 0.00300000
v 0.03200000 0.16300000 0.00000000
v 0.03600000 0.16300000 0.00000000
v 0.03200000 0.16380385 -0.00300000
v 0.03600000 0.16380385 -0.00300000
v 0.03200000 0.16600000 -0.00519615
v 0.03600000 0.16600000 -0.00519615
v 0.03200000 0.16900000 -0.00600000
v 0.03600000 0.17025000 -0.00216506
v 0.03600000 0.17200000 -0.00519615
v 0.03600000 0.17116506 -0.00125000
v 0.03600000 0.17419615 -0.00300000
v 0.03600000 0.17150000 0.00000000
v 0.03600000 0.17500000 0.00000000
v 0.03600000 0.17116506 0.00125000
v 0.03600000 0.17419615 0.00300000
v 0.03600000 0.17025000 0.00216506
v 0.03600000 0.17200000 0.00519615
v 0.03600000 0.16900000 0.00250000
v 0.03600000 0.16900000 0.00600000
v 0.03600000 0.16775000 0.00216506
v 0.03600000 0.16600000 0.00519615
v 0.03600000 0.16683494 0.00125000
v 0.03600000 0.16380385 0.00300000
v 0.03600000 0.16650000 0.00000000
v 0.03600000 0.16300000 0.00000000
v 0.03600000 0.16683494 -0.00125000
v 0.03600000 0.16380385 -0.00300000
v 0.03600000 0.16775000 -0.00216506
v 0.03600000 0.16600000 -0.00519615
v 0.03600000 0.16900000 -0.00250000
v 0.03600000 0.16900000 -0.00600000
v 0.03200000 0.17116506 0.00125000
v 0.03200000 0.17419615 0.00300000
v 0.03200000 0.17150000 0.00000000
v 0.03200000 0.17500000 0.00000000
v 0.03200000 0.17116506 -0.00125000
v 0.03200000 0.17419615 -0.00300000
v 0.03200000 0.17025000 -0.00216506
v 0.03200000 0.17200000 -0.00519615
v 0.03200000 0.16900000 -0.00250000
v 0.03200000 0.16900000 -0.00600000
v 0.03200000 0.16775000 -0.00216506
v 0.03200000 0.16600000 -0.00519615
v 0.03200000 0.16683494 -0.00125000
v 0.03200000 0.16380385 -0.00300000
v 0.03200000 0.16650000 0.00000000
v 0.03200000 0.16300000 0.00000000
v 0.03200000 0.16683494 0.00125000
v 0.03200000 0.16380385 0.00300000
v 0.03200000 0.16775000 0.00216506
v 0.03200000 0.16600000 0.00519615
v 0.03200000 0.16900000 0.00250000
v 0.03200000 0.16900000 0.00600000
v 0.03200000 0.17025000 0.00216506
v 0.03200000 0.17200000 0.00519615
v 0.03200000 0.10150181 0.06006772
v 0.02800000 0.10373303 0.06137936
v 0.03200000 0.10373303 0.06137936
v 0.02800000 0.10500950 0.06363088
v 0.03200000 0.10500950 0.06363088
v 0.02800000 0.10498920 0.06621899
v 0.03200000 0.10498920 0.06621899
v 0.02800000 0.10367756 0.06845021
v 0.03200000 0.10367756 0.06845021
v 0.02800000 0.10142604 0.06972668
v 0.03200000 0.10142604 0.06972668
v 0.02800000 0.09883793 0.06970638
v 0.03200000 0.09883793 0.06970638
v 0.02800000 0.09660671 0.06839475
v 0.03200000 0.09660671 0.06839475
v 0.02800000 0.09533024 0.06614323
v 0.03200000 0.09533024 0.06614323
v 0.02800000 0.09535054 0.06355512
v 0.03200000 0.09535054 0.06355512
v 0.02800000 0.09666218 0.06132390
v 0.03200000 0.09666218 0.06132390
v 0.02800000 0.09891370 0.06004742
v 0.03200000 0.09891370 0.06004742
v 0.02800000 0.10150181 0.06006772
v 0.03200000 0.10195145 0.06313321
v 0.03200000 0.10373303 0.06137936
v 0.03200000 0.10258969 0.06425897
v 0.03200000 0.10500950 0.06363088
v 0.03200000 0.10257954 0.06555302
v 0.03200000 0.10498920 0.06621899
v 0.03200000 0.10192372 0.06666863
v 0.03200000 0.10367756 0.06845021
v 0.03200000 0.10079796 0.06730687
v 0.03200000 0.10142604 0.06972668
v 0.03200000 0.09950390 0.06729672
v 0.03200000 0.09883793 0.06970638
v 0.03200000 0.09838829 0.06664090
v 0.03200000 0.09660671 0.06839475
v 0.03200000 0.09775005 0.06551514
v 0.03200000 0.09533024 0.06614323
v 0.03200000 0.09776020 0.06422109
v 0.03200000 0.09535054 0.06355512
v 0.03200000 0.09841602 0.06310548
v 0.03200000 0.09666218 0.06132390
v 0.03200000 0.09954178 0.06246724
v 0.03200000 0.09891370 0.06004742
v 0.03200000 0.10083584 0.06247739
v 0.03200000 0.10150181 0.06006772
v 0.02720000 0.10083584 0.06247739
v 0.03200000 0.10083584 0.06247739
v 0.02720000 0.10195145 0.06313321
v 0.03200000 0.10195145 0.06313321
v 0.02720000 0.10258969 0.06425897
v 0.03200000 0.10258969 0.06425897
v 0.02720000 0.10257954 0.06555302
v 0.03200000 0.10257954 0.06555302
v 0.02720000 0.10192372 0.06666863
v 0.03200000 0.10192372 0.06666863
v 0.02720000 0.10079796 0.06730687
v 0.03200000 0.10079796 0.06730687
v 0.02720000 0.09950390 0.06729672
v 0.03200000 0.09950390 0.06729672
v 0.02720000 0.09838829 0.06664090
v 0.03200000 0.09838829 0.06664090
v 0.02720000 0.09775005 0.06551514
v 0.03200000 0.09775005 0.06551514
v 0.02720000 0.09776020 0.06422109
v 0.03200000 0.09776020 0.06422109
v 0.02720000 0.09841602 0.06310548
v 0.03200000 0.09841602 0.06310548
v 0.02720000 0.09954178 0.06246724
v 0.03200000 0.09954178 0.06246724
v 0.02720000 0.10192372 0.06666863
v 0.02720000 0.10423880 0.06902031
v 0.02720000 0.10257954 0.06555302
v 0.02720000 0.10576029 0.06643210
v 0.02720000 0.10258969 0.06425897
v 0.02720000 0.10578384 0.06342989
v 0.02720000 0.10195145 0.06313321
v 0.02720000 0.10430313 0.06081813
v 0.02720000 0.10083584 0.06247739
v 0.02720000 0.10171492 0.05929663
v 0.02720000 0.09954178 0.06246724
v 0.02720000 0.09871271 0.05927308
v 0.02720000 0.09841602 0.06310548
v 0.02720000 0.09610094 0.06075379
v 0.02720000 0.09776020 0.06422109
v 0.02720000 0.09457945 0.06334201
v 0.02720000 0.09775005 0.06551514
v 0.02720000 0.09455590 0.06634422
v 0.02720000 0.09838829 0.06664090
v 0.02720000 0.09603661 0.06895598
v 0.02720000 0.09950390 0.06729672
v 0.02720000 0.09862482 0.07047748
v 0.02720000 0.10079796 0.06730687
v 0.02720000 0.10162703 0.07050103
v 0.02800000 0.10373303 0.06137936
v 0.02800000 0.10430313 0.06081813
v 0.02800000 0.10500950 0.06363088
v 0.02800000 0.10578384 0.06342989
v 0.02800000 0.10498920 0.06621899
v 0.02800000 0.10576029 0.06643210
v 0.02800000 0.10367756 0.06845021
v 0.02800000 0.10423880 0.06902031
v 0.02800000 0.10142604 0.06972668
v 0.02800000 0.10162703 0.07050103
v 0.02800000 0.09883793 0.06970638
v 0.02800000 0.09862482 0.07047748
v 0.02800000 0.09660671 0.06839475
v 0.02800000 0.09603661 0.06895598
v 0.02800000 0.09533024 0.06614323
v 0.02800000 0.09455590 0.06634422
v 0.02800000 0.09535054 0.06355512
v 0.02800000 0.09457945 0.06334201
v 0.02800000 0.09666218 0.06132390
v 0.02800000 0.09610094 0.06075379
v 0.02800000 0.09891370 0.06004742
v 0.02800000 0.09871271 0.05927308
v 0.02800000 0.10150181 0.06006772
v 0.02800000 0.10171492 0.05929663
v 0.02800000 0.10171492 0.05929663
v 0.02720000 0.10430313 0.06081813
v 0.02800000 0.10430313 0.06081813
v 0.02720000 0.10578384 0.06342989
v 0.02800000 0.10578384 0.06342989
v 0.02720000 0.10576029 0.06643210
v 0.02800000 0.10576029 0.06643210
v 0.02720000 0.10423880 0.06902031
v 0.02800000 0.10423880 0.06902031
v 0.02720000 0.10162703 0.07050103
v 0.02800000 0.10162703 0.07050103
v 0.02720000 0.09862482 0.07047748
v 0.02800000 0.09862482 0.07047748
v 0.02720000 0.09603661 0.06895598
v 0.02800000 0.09603661 0.06895598
v 0.02720000 0.09455590 0.06634422
v 0.02800000 0.09455590 0.06634422
v 0.02720000 0.09457945 0.06334201
v 0.02800000 0.09457945 0.06334201
v 0.02720000 0.09610094 0.06075379
v 0.02800000 0.09610094 0.06075379
v 0.02720000 0.09871271 0.05927308
v 0.02800000 0.09871271 0.05927308
v 0.02720000 0.10171492 0.05929663
f 1 2 3
f 2 4 3
f 3 4 5
f 4 6 5
f 5 6 7
f 6 8 7
f 7 8 9
f 8 10 9
f 9 10 11
f 10 12 11
f 11 12 13
f 12 14 13
f 13 14 15
f 14 16 15
f 15 16 17
f 16 18 17
f 17 18 19
f 18 20 19
f 19 20 21
f 20 22 21
f 21 22 23
f 22 24 23
f 23 24 1
f 24 2 1
f 25 26 27
f 26 28 27
f 27 28 29
f 28 30 29
f 29 30 31
f 30 32 31
f 31 32 33
f 32 34 33
f 33 34 35
f 34 36 35
f 35 36 37
f 36 38 37
f 37 38 39
f 38 40 39
f 39 40 41
f 40 42 41
f 41 42 43
f 42 44 43
f 43 44 45
f 44 46 45
f 45 46 47
f 46 48 47
f 47 48 25
f 48 26 25
f 49 50 51
f 50 52 51
f 51 52 53
f 52 54 53
f 53 54 55
f 54 56 55
f 55 56 57
f 56 58 57
f 57 58 59
f 58 60 59
f 59 60 61
f 60 62 61
f 61 62 63
f 62 64 63
f 63 64 65
f 64 66 65
f 65 66 67
f 66 68 67
f 67 68 69
f 68 70 69
f 69 70 71
f 70 72 71
f 71 72 49
f 72 50 49
f 73 74 75
f 74 76 75
f 75 76 77
f 76 78 77
f 77 78 79
f 78 80 79
f 79 80 81
f 80 82 81
f 81 82 83
f 82 84 83
f 83 84 85
f 84 86 85
f 85 86 87
f 86 88 87
f 87 88 89
f 88 90 89
f 89 90 91
f 90 92 91
f 91 92 93
f 92 94 93
f 93 94 95
f 94 96 95
f 95 96 73
f 96 74 73
f 97 98 99
f 98 100 99
f 99 100 101
f 100 102 101
f 101 102 103
f 102 104 103
f 103 104 105
f 104 106 105
f 105 106 107
f 106 108 107
f 107 108 109
f 108 110 109
f 109 110 111
f 110 112 111
f 111 112 113
f 112 114 113
f 113 114 115
f 114 116 115
f 115 116 117
f 116 118 117
f 117 118 119
f 118 120 119
f 119 120 97
f 120 98 97
f 121 122 123
f 122 124 123
f 123 124 125
f 124 126 125
f 125 126 127
f 126 128 127
f 127 128 129
f 128 130 129
f 129 130 131
f 130 132 131
f 131 132 133
f 132 134 133
f 133 134 135
f 134 136 135
f 135 136 137
f 136 138 137
f 137 138 139
f 138 140 139
f 139 140 141
f 140 142 141
f 141 142 143
f 142 144 143
f 143 144 121
f 144 122 121
f 145 146 147
f 146 148 147
f 147 148 149
f 148 150 149
f 149 150 151
f 150 152 151
f 151 152 153
f 152 154 153
f 153 154 155
f 154 156 155
f 155 156 157
f 156 158 157
f 157 158 159
f 158 160 159
f 159 160 161
f 160 162 161
f 161 162 163
f 162 164 163
f 163 164 165
f 164 166 165
f 165 166 167
f 166 168 167
f 167 168 145
f 168 146 145
f 169 170 171
f 170 172 171
f 171 172 173
f 172 174 173
f 173 174 175
f 174 176 175
f 175 176 177
f 176 178 177
f 177 178 179
f 178 180 179
f 179 180 181
f 180 182 181
f 181 182 183
f 182 184 183
f 183 184 185
f 184 186 185
f 185 186 187
f 186 188 187
f 187 188 189
f 188 190 189
f 189 190 191
f 190 192 191
f 191 192 169
f 192 170 169
f 193 194 195
f 194 196 195
f 195 196 197
f 196 198 197
f 197 198 199
f 198 200 199
f 199 200 201
f 200 202 201
f 201 202 203
f 202 204 203
f 203 204 205
f 204 206 205
f 205 206 207
f 206 208 207
f 207 208 209
f 208 210 209
f 209 210 211
f 210 212 211
f 211 212 213
f 212 214 213
f 213 214 215
f 214 216 215
f 215 216 193
f 216 194 193
f 217 218 219
f 218 220 219
f 219 220 221
f 220 222 221
f 221 222 223
f 222 224 223
f 223 224 225
f 224 226 225
f 225 226 227
f 226 228 227
f 227 228 229
f 228 230 229
f 229 230 231
f 230 232 231
f 231 232 233
f 232 234 233
f 233 234 235
f 234 236 235
f 235 236 237
f 236 238 237
f 237 238 239
f 238 240 239
f 239 240 217
f 240 218 217
f 241 242 243
f 242 244 243
f 243 244 245
f 244 246 245
f 245 246 247
f 246 248 247
f 247 248 249
f 248 250 249
f 249 250 251
f 250 252 251
f 251 252 253
f 252 254 253
f 253 254 255
f 254 256 255
f 255 256 257
f 256 258 257
f 257 258 259
f 258 260 259
f 259 260 261
f 260 262 261
f 261 262 263
f 262 264 263
f 263 264 241
f 264 242 241
f 265 266 267
f 266 268 267
f 267 268 269
f 268 270 269
f 269 270 271
f 270 272 271
f 271 272 273
f 272 274 273
f 273 274 275
f 274 276 275
f 275 276 277
f 276 278 277
f 277 278 279
f 278 280 279
f 279 280 281
f 280 282 281
f 281 282 283
f 282 284 283
f 283 284 285
f 284 286 285
f 285 286 287
f 286 288 287
f 287 288 265
f 288 266 265
f 289 290 291
f 290 292 291
f 291 292 293
f 292 294 293
f 293 294 295
f 294 296 295
f 295 296 297
f 296 298 297
f 297 298 299
f 298 300 299
f 299 300 301
f 300 302 301
f 301 302 303
f 302 304 303
f 303 304 305
f 304 306 305
f 305 306 307
f 306 308 307
f 307 308 309
f 308 310 309
f 309 310 311
f 310 312 311
f 311 312 289
f 312 290 289
f 313 314 315
f 316 317 318
f 317 319 318
f 318 319 320
f 321 322 323
f 322 324 323
f 323 324 325
f 324 326 325
f 325 326 327
f 326 328 327
f 327 328 329
f 315 330 331
f 313 315 332
f 315 331 332
f 332 331 333
f 320 319 331
f 319 334 331
f 331 334 333
f 316 335 317
f 335 336 317
f 317 336 328
f 336 337 328
f 328 337 329
f 330 315 323
f 315 338 323
f 323 338 321
f 339 340 341
f 340 342 341
f 341 342 343
f 342 344 343
f 343 344 345
f 344 346 345
f 345 346 347
f 346 348 347
f 347 348 349
f 348 350 349
f 349 350 351
f 350 352 351
f 351 352 353
f 352 354 353
f 353 354 355
f 354 356 355
f 355 356 357
f 356 358 357
f 357 358 359
f 358 360 359
f 359 360 361
f 360 362 361
f 361 362 339
f 362 340 339
f 363 364 365
f 365 364 366
f 364 367 366
f 367 368 366
f 366 368 369
f 368 370 369
f 369 370 371
f 371 372 369
f 372 373 369
f 369 373 374
f 373 375 374
f 375 376 374
f 376 377 374
f 374 377 365
f 377 378 365
f 365 378 363
f 379 380 381
f 380 382 381
f 381 382 383
f 382 384 383
f 384 385 383
f 383 385 386
f 385 387 386
f 388 389 390
f 389 391 390
f 390 391 392
f 391 393 392
f 392 393 387
f 393 394 387
f 387 394 386
f 395 396 397
f 395 397 398
f 397 399 398
f 398 399 400
f 401 402 399
f 402 403 399
f 399 403 400
f 404 405 406
f 405 407 406
f 406 407 408
f 408 407 409
f 407 410 409
f 409 410 411
f 411 410 412
f 410 413 412
f 412 413 414
f 415 416 417
f 416 418 417
f 417 418 419
f 418 420 419
f 419 420 421
f 420 422 421
f 421 422 423
f 422 424 423
f 423 424 425
f 424 426 425
f 425 426 427
f 426 428 427
f 427 428 429
f 428 430 429
f 429 430 431
f 430 432 431
f 431 432 433
f 432 434 433
f 433 434 435
f 434 436 435
f 435 436 437
f 436 438 437
f 437 438 415
f 438 416 415
f 439 440 441
f 442 443 444
f 442 444 445
f 446 447 448
f 449 450 441
f 450 451 441
f 441 451 439
f 439 452 440
f 452 453 440
f 440 453 448
f 454 446 455
f 446 448 455
f 455 448 456
f 448 453 456
f 457 458 459
f 458 460 459
f 459 460 444
f 460 450 444
f 444 450 445
f 450 449 445
f 455 461 454
f 461 462 454
f 454 462 463
f 462 464 463
f 463 464 465
f 464 458 465
f 465 458 466
f 458 457 466
f 467 468 469
f 468 470 469
f 469 470 471
f 470 472 471
f 471 472 473
f 472 474 473
f 473 474 475
f 474 476 475
f 475 476 477
f 476 478 477
f 477 478 479
f 478 480 479
f 479 480 481
f 480 482 481
f 481 482 483
f 482 484 483
f 483 484 485
f 484 486 485
f 485 486 487
f 486 488 487
f 487 488 489
f 488 490 489
f 489 490 467
f 490 468 467
f 491 492 493
f 492 494 493
f 493 494 495
f 494 496 495
f 495 496 497
f 496 498 497
f 497 498 499
f 498 500 499
f 499 500 501
f 500 502 501
f 501 502 503
f 502 504 503
f 503 504 505
f 504 506 505
f 505 506 507
f 506 508 507
f 507 508 509
f 508 510 509
f 509 510 511
f 510 512 511
f 511 512 513
f 512 514 513
f 513 514 491
f 514 492 491
f 515 516 517
f 516 518 517
f 517 518 519
f 518 520 519
f 521 522 523
f 522 524 523
f 523 524 525
f 524 520 525
f 526 521 527
f 521 523 527
f 527 523 528
f 523 529 528
f 529 523 530
f 523 525 530
f 530 525 531
f 520 518 525
f 518 532 525
f 525 532 531
f 533 534 516
f 534 535 516
f 516 535 518
f 535 536 518
f 518 536 532
f 537 538 539
f 537 539 540
f 539 541 540
f 540 541 542
f 541 543 542
f 542 543 544
f 545 546 547
f 546 548 547
f 547 548 549
f 548 550 549
f 549 550 551
f 550 552 551
f 551 552 553
f 552 554 553
f 553 554 555
f 554 556 555
f 555 556 557
f 556 558 557
f 559 560 561
f 560 562 561
f 561 562 563
f 562 564 563
f 563 564 565
f 564 566 565
f 565 566 567
f 566 568 567
f 567 568 569
f 568 570 569
f 569 570 571
f 570 572 571
f 571 572 573
f 572 574 573
f 573 574 575
f 574 576 575
f 575 576 577
f 576 578 577
f 577 578 579
f 578 580 579
f 579 580 581
f 580 582 581
f 581 582 559
f 582 560 559
f 583 584 585
f 584 586 585
f 587 588 589
f 588 590 589
f 589 590 591
f 590 592 591
f 591 592 593
f 592 594 593
f 593 594 595
f 594 596 595
f 595 596 597
f 596 598 597
f 597 598 599
f 598 600 599
f 599 600 601
f 600 602 601
f 601 602 603
f 602 604 603
f 603 604 605
f 604 606 605
f 605 606 607
f 606 608 607
f 607 608 609
f 608 610 609
f 609 610 587
f 610 588 587
f 611 612 613
f 612 614 613
f 613 614 615
f 614 616 615
f 615 616 617
f 616 618 617
f 617 618 619
f 618 620 619
f 619 620 621
f 620 622 621
f 621 622 623
f 622 624 623
f 623 624 625
f 624 626 625
f 625 626 627
f 626 628 627
f 627 628 629
f 628 630 629
f 629 630 631
f 630 632 631
f 631 632 633
f 632 634 633
f 633 634 611
f 634 612 611
f 635 636 637
f 636 635 638
f 635 639 638
f 638 639 640
f 641 642 637
f 642 643 637
f 637 643 635
f 644 645 641
f 646 644 647
f 644 648 647
f 649 650 651
f 650 652 651
f 651 652 644
f 652 653 644
f 644 653 648
f 644 641 651
f 641 637 651
f 651 637 649
f 637 636 649
f 649 636 654
f 636 638 654
f 654 638 655
f 656 657 658
f 656 658 659
f 658 660 659
f 659 660 661
f 660 662 661
f 661 662 663
f 546 664 548
f 664 665 548
f 548 665 552
f 665 666 552
f 552 666 556
f 666 667 556
f 556 667 558
f 667 668 558
f 664 669 665
f 669 670 665
f 665 670 666
f 670 671 666
f 666 671 667
f 671 672 667
f 667 672 668
f 672 673 668
f 669 674 670
f 674 675 670
f 670 675 671
f 675 676 671
f 671 676 672
f 676 677 672
f 672 677 673
f 677 414 673
f 678 679 680
f 679 681 680
f 680 681 682
f 681 683 682
f 682 683 684
f 683 685 684
f 684 685 686
f 685 687 686
f 686 687 688
f 687 689 688
f 688 689 690
f 689 691 690
f 690 691 692
f 691 693 692
f 692 693 694
f 693 695 694
f 694 695 696
f 695 697 696
f 696 697 698
f 697 699 698
f 698 699 700
f 699 701 700
f 700 701 678
f 701 679 678
f 702 703 704
f 704 703 705
f 703 706 705
f 706 707 705
f 705 707 708
f 709 710 711
f 710 712 711
f 711 712 713
f 712 714 713
f 713 714 708
f 714 715 708
f 708 715 705
f 716 717 718
f 719 720 721
f 722 723 724
f 723 725 724
f 724 725 704
f 725 726 704
f 704 726 702
f 724 719 722
f 719 721 722
f 722 721 709
f 721 716 709
f 709 716 710
f 716 718 710
f 727 728 729
f 728 730 729
f 729 730 731
f 730 732 731
f 731 732 733
f 732 734 733
f 733 734 735
f 734 736 735
f 735 736 737
f 736 738 737
f 737 738 739
f 738 740 739
f 739 740 741
f 740 742 741
f 741 742 743
f 742 744 743
f 743 744 745
f 744 746 745
f 745 746 747
f 746 748 747
f 747 748 749
f 748 750 749
f 749 750 727
f 750 728 727
f 751 752 753
f 752 754 753
f 753 754 755
f 756 757 758
f 757 759 758
f 758 759 760
f 759 761 760
f 755 762 753
f 762 763 753
f 753 763 764
f 763 765 764
f 764 765 766
f 765 757 766
f 766 757 767
f 757 756 767
f 761 768 760
f 768 769 760
f 760 769 751
f 769 770 751
f 751 770 752
f 771 772 773
f 774 775 776
f 775 777 776
f 776 777 778
f 777 779 778
f 772 771 780
f 771 781 780
f 780 781 779
f 782 783 784
f 780 785 786
f 779 777 780
f 777 787 780
f 780 787 785
f 775 788 789
f 789 790 775
f 790 791 775
f 775 791 777
f 791 792 777
f 777 792 787
f 786 793 780
f 793 782 780
f 780 782 772
f 782 784 772
f 772 784 773
f 794 401 795
f 401 399 795
f 795 399 796
f 399 397 796
f 796 397 797
f 397 798 797
f 799 800 801
f 799 801 802
f 801 803 802
f 802 803 804
f 803 805 804
f 804 805 806
f 805 807 806
f 806 807 808
f 807 809 808
f 808 809 810
f 809 811 810
f 810 811 812
f 813 814 815
f 816 817 818
f 817 819 818
f 818 819 820
f 814 821 815
f 821 822 815
f 815 822 816
f 822 823 816
f 816 823 817
f 820 819 824
f 819 825 824
f 824 825 826
f 825 827 826
f 826 827 828
f 827 829 828
f 828 829 830
f 831 832 833
f 832 834 833
f 833 834 829
f 835 836 837
f 836 838 837
f 837 838 815
f 838 839 815
f 815 839 840
f 837 841 835
f 841 842 835
f 835 842 843
f 842 844 843
f 843 844 845
f 840 846 815
f 846 832 815
f 815 832 813
f 832 831 813
f 847 848 849
f 848 850 849
f 849 850 851
f 850 852 851
f 851 852 853
f 846 854 832
f 854 855 832
f 832 855 856
f 855 857 856
f 856 857 858
f 858 845 856
f 845 844 856
f 856 844 859
f 844 860 859
f 859 860 861
f 860 862 861
f 861 862 847
f 862 863 847
f 847 863 848
f 864 865 852
f 865 866 852
f 852 866 853
f 866 867 853
f 853 867 868
f 867 830 868
f 868 830 869
f 830 829 869
f 869 829 870
f 829 834 870
f 871 872 873
f 872 874 873
f 873 874 875
f 874 876 875
f 876 877 875
f 877 878 875
f 875 878 852
f 878 879 852
f 852 879 864
f 865 880 866
f 880 881 866
f 866 881 882
f 881 883 882
f 882 883 884
f 883 871 884
f 884 871 885
f 871 873 885
f 886 887 888
f 888 887 850
f 889 890 875
f 890 891 875
f 875 891 892
f 889 875 893
f 875 852 893
f 893 852 894
f 887 895 850
f 895 896 850
f 850 896 852
f 896 897 852
f 852 897 894
f 891 898 892
f 898 899 892
f 892 899 900
f 899 886 900
f 900 886 901
f 886 888 901
f 902 903 904
f 903 905 904
f 906 907 908
f 907 909 908
f 908 909 910
f 909 911 910
f 910 911 912
f 911 913 912
f 912 913 914
f 913 915 914
f 914 915 916
f 915 917 916
f 916 917 918
f 917 919 918
f 918 919 920
f 919 921 920
f 920 921 922
f 921 923 922
f 922 923 924
f 923 925 924
f 924 925 926
f 925 927 926
f 926 927 928
f 927 929 928
f 928 929 906
f 929 907 906
f 930 931 932
f 931 933 932
f 932 933 934
f 933 935 934
f 936 937 938
f 939 940 941
f 941 942 939
f 942 943 939
f 939 943 944
f 943 945 944
f 944 945 946
f 945 947 946
f 946 947 948
f 949 940 950
f 940 951 950
f 952 953 939
f 953 954 939
f 939 954 940
f 954 955 940
f 940 955 951
f 956 957 958
f 952 939 958
f 939 944 958
f 958 944 956
f 944 946 956
f 956 946 938
f 946 948 938
f 938 948 936
f 797 959 960
f 797 960 961
f 960 962 961
f 961 962 963
f 962 964 963
f 963 964 794
f 965 966 967
f 966 968 967
f 967 968 969
f 968 970 969
f 969 970 971
f 970 972 971
f 971 972 973
f 972 974 973
f 973 974 975
f 974 976 975
f 975 976 530
f 976 977 530
f 978 965 979
f 965 967 979
f 979 967 980
f 967 969 980
f 980 969 981
f 969 971 981
f 981 971 982
f 971 973 982
f 982 973 983
f 973 975 983
f 983 975 532
f 975 530 532
f 984 978 985
f 978 979 985
f 985 979 986
f 979 980 986
f 986 980 987
f 980 981 987
f 987 981 988
f 981 982 988
f 988 982 989
f 982 983 989
f 989 983 535
f 983 532 535
f 990 984 991
f 984 985 991
f 991 985 992
f 985 986 992
f 992 986 993
f 986 987 993
f 993 987 994
f 987 988 994
f 994 988 995
f 988 989 995
f 995 989 534
f 989 535 534
f 812 990 810
f 990 991 810
f 810 991 808
f 991 992 808
f 808 992 806
f 992 993 806
f 806 993 804
f 993 994 804
f 804 994 802
f 994 995 802
f 802 995 799
f 995 534 799
f 996 997 998
f 999 1000 1001
f 1000 1002 1001
f 1001 1002 1003
f 1004 1005 1006
f 1007 999 1008
f 999 1001 1008
f 1008 1001 1009
f 1001 1010 1009
f 1009 1010 1006
f 1010 1011 1006
f 1006 1011 1004
f 1011 1012 1004
f 799 1012 800
f 1012 1011 800
f 800 1011 1013
f 1011 1014 1013
f 1013 1014 1015
f 1014 1016 1015
f 1015 1016 646
f 1016 1017 646
f 1018 1016 1019
f 1017 1016 1020
f 1016 1018 1020
f 1020 1018 645
f 1021 388 1022
f 388 1023 1022
f 1022 1023 1019
f 1023 1024 1019
f 1019 1024 1018
f 1025 1021 1026
f 1021 1022 1026
f 1026 1022 1027
f 1022 1028 1027
f 1027 1028 1029
f 1028 1030 1029
f 1029 1030 774
f 1030 1031 774
f 1032 1031 1033
f 1031 1030 1033
f 1033 1030 1034
f 1030 1035 1034
f 1034 1035 1036
f 1035 1037 1036
f 1036 1037 949
f 1002 1038 1003
f 1038 996 1003
f 1003 996 1037
f 996 998 1037
f 1037 998 949
f 1039 1040 1041
f 1040 1042 1041
f 1043 1044 1045
f 1044 1046 1045
f 1045 1046 1047
f 1046 1048 1047
f 1047 1048 1049
f 1048 1050 1049
f 1049 1050 1051
f 1050 1052 1051
f 1051 1052 1053
f 1052 1054 1053
f 1053 1054 1055
f 1054 1056 1055
f 1055 1056 1057
f 1056 1058 1057
f 1057 1058 1059
f 1058 1060 1059
f 1059 1060 1061
f 1060 1062 1061
f 1061 1062 1063
f 1062 1064 1063
f 1063 1064 1065
f 1064 1066 1065
f 1065 1066 1043
f 1066 1044 1043
f 1067 1068 1069
f 1068 1070 1069
f 1069 1070 1071
f 1070 1072 1071
f 1073 1074 1075
f 1074 1076 1075
f 1075 1076 1077
f 1076 1078 1077
f 1078 1079 1077
f 1077 1079 1080
f 1079 1081 1080
f 1000 1007 1082
f 1007 1083 1082
f 1082 1083 1084
f 1083 1085 1084
f 1084 1085 1081
f 1085 1086 1081
f 1081 1086 1080
f 1087 1088 1089
f 1087 1089 1090
f 1089 1091 1090
f 1090 1091 1092
f 1091 1093 1092
f 1092 1093 1094
f 1095 1096 976
f 1095 976 1097
f 976 974 1097
f 974 972 1097
f 1097 972 1098
f 1099 1100 968
f 1100 1098 968
f 968 1098 970
f 1098 972 970
f 1101 1102 1103
f 1102 1104 1103
f 1105 1106 1107
f 1108 1109 1110
f 1107 1106 811
f 984 990 812
f 1111 1112 966
f 1112 1113 966
f 966 1113 1110
f 1113 1114 1110
f 1110 1114 1108
f 1114 1115 1108
f 1114 1116 1115
f 1116 1117 1115
f 1115 1117 1107
f 1117 1118 1107
f 1107 1118 1105
f 1111 966 1119
f 966 965 1119
f 1119 965 978
f 978 984 1119
f 984 812 1119
f 1119 812 1120
f 812 811 1120
f 1120 811 1121
f 811 1106 1121
f 1122 1123 1124
f 1123 1125 1124
f 1124 1125 1126
f 1125 1127 1126
f 1126 1127 1128
f 1127 1129 1128
f 1128 1129 1130
f 1129 1131 1130
f 1130 1131 1132
f 1131 1133 1132
f 1132 1133 1134
f 1133 1135 1134
f 1134 1135 1136
f 1135 1137 1136
f 1136 1137 1138
f 1137 1139 1138
f 1138 1139 1140
f 1139 1141 1140
f 1140 1141 1142
f 1141 1143 1142
f 1142 1143 1144
f 1143 1145 1144
f 1144 1145 1122
f 1145 1123 1122
f 1146 1147 1148
f 1147 1149 1148
f 1148 1149 1150
f 1151 1152 1153
f 1152 1147 1153
f 1153 1147 1154
f 1147 1146 1154
f 1103 1072 1101
f 1072 1070 1101
f 1155 1093 1156
f 1093 1157 1156
f 1156 1157 1158
f 1157 1159 1158
f 1158 1159 1160
f 1159 1161 1160
f 1162 1163 1164
f 1163 1165 1164
f 1164 1165 1166
f 1165 1167 1166
f 1166 1167 1115
f 1167 1108 1115
f 1163 1168 1165
f 1168 1169 1165
f 1165 1169 1167
f 1169 1170 1167
f 1167 1170 1108
f 1170 1171 1108
f 1168 1172 1169
f 1172 1173 1169
f 1169 1173 1170
f 1173 1174 1170
f 1170 1174 1171
f 1174 1175 1171
f 1176 1177 1178
f 1177 1179 1178
f 1178 1179 1180
f 1181 1182 1183
f 1176 1178 1184
f 1178 1185 1184
f 1184 1185 1186
f 1187 1188 1189
f 1188 1190 1189
f 1189 1190 1185
f 1190 1191 1185
f 1185 1191 1186
f 1187 1189 1192
f 1189 1193 1192
f 1192 1193 1194
f 1194 1181 1192
f 1181 1183 1192
f 1192 1183 1195
f 1183 1180 1195
f 1195 1180 1196
f 1180 1179 1196
f 1197 1198 1199
f 1199 1198 1200
f 1201 1202 1203
f 1202 1204 1203
f 1201 1205 1202
f 1205 1206 1202
f 1202 1206 1207
f 1206 1208 1207
f 1198 1209 1200
f 1209 1210 1200
f 1200 1210 1211
f 1210 1203 1211
f 1211 1203 1212
f 1203 1213 1212
f 1208 1214 1207
f 1214 1215 1207
f 1207 1215 1199
f 1215 1216 1199
f 1199 1216 1197
f 1204 1217 1203
f 1217 1218 1203
f 1203 1218 1213
f 1219 1220 1221
f 1220 1222 1221
f 1221 1222 1223
f 1222 1224 1223
f 1225 1226 1227
f 1226 1228 1227
f 1229 1104 1230
f 1104 1102 1230
f 1223 1224 1231
f 1224 1156 1231
f 1231 1156 1232
f 1156 1158 1232
f 1232 1158 1233
f 1158 1234 1233
f 1233 1234 1235
f 1236 1237 1164
f 1236 1164 1238
f 1164 1166 1238
f 1238 1166 1239
f 1166 1115 1239
f 1239 1115 1107
f 1240 1241 1242
f 1242 1243 1244
f 1243 1245 1244
f 1241 1246 1242
f 1246 1247 1242
f 1242 1247 1243
f 1248 1249 1250
f 1249 1251 1250
f 1250 1251 1252
f 1253 1254 1248
f 1254 1255 1248
f 1248 1255 1249
f 1245 1256 1244
f 1256 1257 1244
f 1244 1257 1253
f 1257 1258 1253
f 1252 1251 1259
f 1251 1260 1259
f 1259 1260 1242
f 1260 1261 1242
f 1242 1261 1240
f 1258 1262 1253
f 1262 1263 1253
f 1253 1263 1254
f 1263 1264 1254
f 1254 1264 1265
f 1241 1266 1246
f 1266 1267 1246
f 1246 1267 1268
f 1267 1269 1268
f 1268 1269 1265
f 1269 1270 1265
f 1265 1270 1254
f 1271 1272 1273
f 1274 1275 1273
f 1276 1277 1278
f 1279 1280 1281
f 1280 1282 1281
f 1282 1283 1281
f 1283 1284 1281
f 1281 1284 1273
f 1284 1285 1273
f 1273 1285 1271
f 1278 1286 1276
f 1286 1287 1276
f 1276 1287 1288
f 1287 1289 1288
f 1288 1289 1272
f 1272 1289 1273
f 1289 1290 1273
f 1273 1290 1274
f 1274 1291 1275
f 1291 1292 1275
f 1275 1292 1293
f 1292 1294 1293
f 1293 1294 1295
f 1296 1293 1297
f 1293 1295 1297
f 1297 1295 1279
f 1295 1298 1279
f 1279 1298 1277
f 1276 1299 1277
f 1299 1300 1277
f 1277 1300 1279
f 1300 1301 1279
f 1279 1301 1280
f 1302 1303 1304
f 1305 1229 1304
f 1229 1230 1304
f 1304 1230 1302
f 1306 1307 1308
f 1307 1309 1308
f 1308 1309 1310
f 1309 1311 1310
f 1310 1311 1312
f 1312 1311 1313
f 1311 1314 1313
f 1313 1314 1315
f 1222 1316 1224
f 1316 1317 1224
f 1318 1319 1320
f 1318 1320 1321
f 1320 1322 1321
f 1321 1322 1323
f 1322 1324 1323
f 1323 1324 674
f 1204 1202 1325
f 1204 1325 1326
f 1325 1327 1326
f 1326 1327 1328
f 1327 1329 1328
f 1328 1329 1330
f 1329 1331 1330
f 1330 1331 1332
f 1331 1333 1332
f 1332 1333 1334
f 1333 1015 1334
f 1334 1015 646
f 1335 414 1336
f 414 413 1336
f 1336 413 1337
f 1338 1339 1340
f 1341 1342 1343
f 1342 1344 1343
f 1345 414 1346
f 414 1335 1346
f 1346 1335 1339
f 1335 1347 1339
f 1339 1347 1340
f 1344 1348 1343
f 1348 1349 1343
f 1343 1349 413
f 1349 1350 413
f 413 1350 1337
f 1340 1351 1338
f 1351 1352 1338
f 1338 1352 1353
f 1352 1342 1353
f 1353 1342 1354
f 1342 1355 1354
f 1341 1356 1342
f 1356 1357 1342
f 1342 1357 1355
f 1358 1359 1360
f 1359 1361 1360
f 1362 1363 1359
f 1363 1364 1359
f 1359 1364 1361
f 1365 1366 1367
f 1366 1368 1367
f 1367 1368 1369
f 1370 1371 1372
f 1371 1366 1372
f 1372 1366 1373
f 1366 1365 1373
f 1374 1375 1376
f 1376 1377 1374
f 1377 1378 1374
f 1374 1378 1379
f 1378 1380 1379
f 1379 1380 1381
f 1380 1382 1381
f 1381 1382 1383
f 1384 933 1385
f 933 931 1385
f 1386 1387 1388
f 1386 1388 1389
f 1388 1390 1389
f 1389 1390 1391
f 1390 1392 1391
f 1391 1392 1393
f 1217 1204 1394
f 1204 1326 1394
f 1394 1326 1395
f 1326 1328 1395
f 1395 1328 1396
f 1328 1330 1396
f 1396 1330 1397
f 1330 1332 1397
f 1397 1332 1398
f 1332 1334 1398
f 1398 1334 647
f 1334 646 647
f 1218 1217 1399
f 1217 1394 1399
f 1399 1394 1400
f 1394 1395 1400
f 1400 1395 1401
f 1395 1396 1401
f 1401 1396 1402
f 1396 1397 1402
f 1402 1397 1403
f 1397 1398 1403
f 1403 1398 648
f 1398 647 648
f 1213 1218 1404
f 1218 1399 1404
f 1404 1399 1405
f 1399 1400 1405
f 1405 1400 1406
f 1400 1401 1406
f 1406 1401 1407
f 1401 1402 1407
f 1407 1402 1408
f 1402 1403 1408
f 1408 1403 653
f 1403 648 653
f 1212 1213 1409
f 1213 1404 1409
f 1409 1404 1410
f 1404 1405 1410
f 1410 1405 1411
f 1405 1406 1411
f 1411 1406 1412
f 1406 1407 1412
f 1412 1407 1413
f 1407 1408 1413
f 1413 1408 650
f 1408 653 650
f 1211 1212 1414
f 1212 1409 1414
f 1414 1409 1415
f 1409 1410 1415
f 1415 1410 1416
f 1410 1411 1416
f 1416 1411 1417
f 1411 1412 1417
f 1417 1412 1418
f 1412 1413 1418
f 1418 1413 649
f 1413 650 649
f 1200 1211 1419
f 1211 1414 1419
f 1419 1414 1420
f 1414 1415 1420
f 1420 1415 1421
f 1415 1416 1421
f 1421 1416 1422
f 1416 1417 1422
f 1422 1417 1423
f 1417 1418 1423
f 1423 1418 1424
f 1418 649 1424
f 1425 1426 1427
f 1428 1429 1430
f 1429 1425 1430
f 1430 1425 1431
f 1425 1427 1431
f 1432 1433 1434
f 1433 1435 1434
f 1436 1437 1438
f 1434 1439 1440
f 1439 1441 1440
f 1440 1441 1442
f 1436 1443 1444
f 1444 1445 1436
f 1445 1446 1436
f 1436 1446 1447
f 1435 1448 1434
f 1448 1449 1434
f 1434 1449 1436
f 1449 1450 1436
f 1436 1450 1443
f 1438 1451 1436
f 1451 1452 1436
f 1436 1452 1434
f 1452 1453 1434
f 1434 1453 1439
f 656 1454 657
f 1454 1455 657
f 1456 1457 1458
f 1457 1459 1458
f 1460 1461 1462
f 1460 1462 1463
f 1462 1464 1463
f 1463 1464 1465
f 1464 934 1465
f 1465 934 935
f 1466 1467 1468
f 1466 1468 1469
f 1468 1470 1469
f 1469 1470 1471
f 1470 1472 1471
f 1471 1472 1473
f 1424 1474 1423
f 1474 1475 1423
f 1423 1475 1422
f 1475 1421 1422
f 1421 1475 1420
f 1475 1476 1420
f 1420 1476 1419
f 1476 1477 1419
f 1419 1477 1478
f 1479 1480 1481
f 1482 1483 1484
f 1483 1485 1484
f 1484 1485 1486
f 1481 1487 1488
f 1482 1484 1489
f 1484 1490 1489
f 1489 1490 1491
f 1481 1492 1493
f 1488 1494 1481
f 1494 1495 1481
f 1481 1495 1479
f 1487 1481 1496
f 1481 1490 1496
f 1496 1490 1497
f 1493 1498 1481
f 1498 1499 1481
f 1481 1499 1490
f 1499 1500 1490
f 1490 1500 1491
f 1501 1502 1503
f 1501 1503 1504
f 1503 1505 1504
f 1505 1506 1504
f 1504 1506 1507
f 1506 1508 1507
f 1507 1508 1509
f 1508 1510 1509
f 1511 1512 1513
f 1514 1515 1516
f 1515 1517 1516
f 1518 1519 1520
f 1519 1521 1520
f 1520 1521 1501
f 1521 1522 1501
f 1501 1522 1502
f 1518 1511 1519
f 1511 1513 1519
f 1519 1513 1523
f 1513 1516 1523
f 1523 1516 1524
f 1516 1517 1524
f 1524 1517 1525
f 1517 1510 1525
f 1525 1510 1526
f 1510 1508 1526
f 1527 1528 1529
f 1529 1530 1527
f 1530 1531 1527
f 1527 1531 1532
f 1531 1533 1532
f 1532 1533 1534
f 1533 1535 1534
f 1534 1535 1536
f 1384 1385 1537
f 1537 1538 1384
f 1538 405 1384
f 1384 405 1316
f 1539 1540 1541
f 1542 1543 1316
f 1541 1542 1539
f 1542 1316 1539
f 1539 1316 1544
f 1316 405 1544
f 1544 405 1545
f 405 404 1545
f 1546 1317 1547
f 1317 1316 1547
f 1547 1316 1548
f 1316 1543 1548
f 1548 1543 1162
f 1543 1549 1162
f 1456 1458 1550
f 1456 1550 1551
f 1550 1552 1551
f 1551 1552 1553
f 1552 1153 1553
f 1553 1153 1154
f 1032 1033 1554
f 1032 1554 1555
f 1554 1556 1555
f 1555 1556 1557
f 1556 1558 1557
f 1557 1558 1559
f 1558 1560 1559
f 1559 1560 1561
f 1560 1562 1561
f 1561 1562 1563
f 1562 1180 1563
f 1563 1180 1183
f 1564 1565 1566
f 1565 1567 1566
f 1566 1567 1568
f 1567 1569 1568
f 1568 1569 1570
f 1570 1569 1571
f 1569 1572 1571
f 1571 1572 1573
f 1572 1574 1573
f 1574 1575 1573
f 1573 1575 1576
f 1575 1577 1576
f 1576 1577 1578
f 1577 1579 1578
f 1580 1581 1582
f 1580 1582 1583
f 1584 1585 1586
f 1587 1588 1583
f 1581 1580 1589
f 1580 1590 1589
f 1589 1590 1591
f 1592 1587 1593
f 1587 1583 1593
f 1593 1583 1594
f 1583 1582 1594
f 1586 1595 1596
f 1593 1597 1592
f 1597 1598 1592
f 1592 1598 1599
f 1598 1600 1599
f 1599 1600 1601
f 1600 1602 1601
f 1601 1602 1603
f 1602 1604 1603
f 1584 1586 1605
f 1586 1596 1605
f 1605 1596 1606
f 1591 1590 1596
f 1590 1607 1596
f 1596 1607 1606
f 1595 1586 1602
f 1586 1608 1602
f 1602 1608 1604
f 1609 1610 1611
f 1610 1612 1611
f 1613 1614 1615
f 1614 1616 1615
f 1615 1616 1617
f 1616 1618 1617
f 1618 1619 1617
f 1617 1619 1620
f 1619 1621 1620
f 1620 1621 1622
f 1613 1615 1623
f 1615 1624 1623
f 1623 1624 1625
f 1622 1626 1620
f 1626 1627 1620
f 1620 1627 1624
f 1627 1628 1624
f 1624 1628 1625
f 1629 1474 1630
f 1631 1632 1633
f 1632 1634 1633
f 1635 1629 1636
f 793 786 1637
f 1474 1424 1638
f 1639 783 782
f 1640 1641 1642
f 1643 1160 1636
f 1160 1161 1636
f 1636 1161 1635
f 1644 1637 1645
f 1646 1645 1647
f 1638 1648 1474
f 1648 1642 1474
f 1474 1642 1630
f 1642 1641 1630
f 1642 1633 1640
f 1633 1634 1640
f 1640 1634 1644
f 1634 1639 1644
f 1644 1639 1637
f 1639 782 1637
f 1637 782 793
f 1649 1650 1651
f 1646 1652 1645
f 1652 1653 1645
f 1645 1653 1644
f 1647 1654 1646
f 1654 1655 1646
f 1646 1655 1656
f 1657 1658 1659
f 1630 1660 1629
f 1660 1661 1629
f 1629 1661 1636
f 1661 1662 1636
f 1636 1662 1663
f 1663 1664 1636
f 1664 1665 1636
f 1636 1665 1666
f 1665 1667 1666
f 1667 1668 1666
f 1666 1668 1669
f 1668 1670 1669
f 1671 1672 1670
f 1672 1673 1670
f 1670 1673 1669
f 1674 1675 1671
f 1675 1676 1671
f 1671 1676 1672
f 1676 1677 1672
f 1672 1677 1678
f 1677 1679 1678
f 1678 1679 1680
f 1679 1681 1680
f 1680 1681 1682
f 1681 1683 1682
f 1682 1683 1684
f 1683 1685 1684
f 1684 1685 1661
f 1685 1686 1661
f 1661 1686 1687
f 1674 1688 1675
f 1688 1689 1675
f 1675 1689 1690
f 1687 1691 1661
f 1691 1692 1661
f 1661 1692 1662
f 1692 1690 1662
f 1662 1690 1693
f 1690 1689 1693
f 1659 1658 1694
f 1646 1695 1696
f 1697 1698 1652
f 1698 1699 1652
f 1652 1699 1700
f 1651 1650 1701
f 1650 1702 1701
f 1701 1702 1694
f 1697 1652 1703
f 1652 1646 1703
f 1703 1646 1704
f 1646 1696 1704
f 1704 1696 1659
f 1696 1705 1659
f 1659 1705 1657
f 1699 1706 1700
f 1706 1707 1700
f 1700 1707 1708
f 1707 1649 1708
f 1708 1649 1709
f 1649 1651 1709
f 1658 1710 1694
f 1710 1711 1694
f 1694 1711 1701
f 1711 1712 1701
f 1701 1712 1713
f 1712 1714 1713
f 1713 1714 1715
f 1714 1716 1715
f 1715 1716 1717
f 1716 1718 1717
f 1717 1718 1646
f 1718 1719 1646
f 1646 1719 1695
f 1068 1067 1720
f 1068 1720 1721
f 1720 1722 1721
f 1721 1722 1723
f 1722 1150 1723
f 1723 1150 1149
f 1193 1189 1724
f 1189 1725 1724
f 1724 1725 1726
f 1725 1727 1726
f 1726 1727 1728
f 1727 1729 1728
f 1728 1729 1730
f 1729 1731 1730
f 1730 1731 1732
f 1731 1733 1732
f 1732 1733 787
f 1733 786 787
f 1194 1193 1734
f 1193 1724 1734
f 1734 1724 1735
f 1724 1726 1735
f 1735 1726 1736
f 1726 1728 1736
f 1736 1728 1737
f 1728 1730 1737
f 1737 1730 1738
f 1730 1732 1738
f 1738 1732 791
f 1732 787 791
f 1181 1194 1739
f 1194 1734 1739
f 1739 1734 1740
f 1734 1735 1740
f 1740 1735 1741
f 1735 1736 1741
f 1741 1736 1742
f 1736 1737 1742
f 1742 1737 1743
f 1737 1738 1743
f 1743 1738 790
f 1738 791 790
f 1182 1181 1744
f 1181 1739 1744
f 1744 1739 1745
f 1739 1740 1745
f 1745 1740 1746
f 1740 1741 1746
f 1746 1741 1747
f 1741 1742 1747
f 1747 1742 1748
f 1742 1743 1748
f 1748 1743 789
f 1743 790 789
f 1183 1182 1563
f 1182 1744 1563
f 1563 1744 1561
f 1744 1745 1561
f 1561 1745 1559
f 1745 1746 1559
f 1559 1746 1557
f 1746 1747 1557
f 1557 1747 1555
f 1747 1748 1555
f 1555 1748 1032
f 1748 789 1032
f 1749 1750 1751
f 1750 1752 1751
f 1751 1752 1753
f 1752 1754 1753
f 1753 1754 1755
f 1754 1756 1755
f 1755 1756 1757
f 1758 1759 1760
f 1758 1760 1761
f 1760 1762 1761
f 1761 1762 1749
f 1762 1763 1749
f 1749 1763 1750
f 1764 1765 1766
f 1766 1765 1767
f 1765 1768 1767
f 1768 1769 1767
f 1767 1769 1770
f 1771 1772 1773
f 1772 1774 1773
f 1773 1774 1775
f 1774 1776 1775
f 1775 1776 1770
f 1776 1777 1770
f 1770 1777 1767
f 1778 1779 1780
f 1781 1782 1783
f 1784 1785 1786
f 1786 1785 1787
f 1786 1781 1784
f 1781 1783 1784
f 1784 1783 1771
f 1783 1778 1771
f 1771 1778 1772
f 1778 1780 1772
f 1785 1788 1787
f 1788 1789 1787
f 1787 1789 1790
f 1789 1764 1790
f 1790 1764 1791
f 1764 1766 1791
f 1792 1793 1794
f 1793 1795 1794
f 1794 1795 1796
f 1795 1797 1796
f 1798 1799 1800
f 1799 1801 1800
f 1800 1801 1802
f 1801 1797 1802
f 1801 1803 1797
f 1803 1804 1797
f 1797 1804 1796
f 1804 1805 1796
f 1796 1805 1806
f 1798 1807 1799
f 1807 1808 1799
f 1799 1808 1809
f 1808 1810 1809
f 1810 1811 1809
f 1811 1812 1809
f 1809 1812 1813
f 1812 1814 1813
f 1813 1814 1815
f 1814 1793 1815
f 1815 1793 1816
f 1793 1792 1816
f 1817 1818 1819
f 1818 1820 1819
f 1821 1822 1823
f 1822 1824 1823
f 1823 1824 977
f 1225 1227 1825
f 1225 1825 1826
f 1825 1827 1826
f 1826 1827 1828
f 1827 1829 1828
f 1828 1829 1830
f 1637 786 1733
f 1637 1733 1831
f 1733 1731 1831
f 1831 1731 1832
f 1731 1729 1832
f 1729 1727 1832
f 1832 1727 1185
f 1727 1725 1185
f 1185 1725 1189
f 1833 1834 1835
f 1834 1836 1835
f 1835 1836 1837
f 1836 1838 1837
f 1837 1838 1839
f 1838 1026 1839
f 1839 1026 1029
f 1840 1841 1842
f 1840 1842 1843
f 1842 1844 1843
f 1843 1844 1833
f 1844 1845 1833
f 1833 1845 1834
f 1846 1847 1848
f 1847 1849 1848
f 1840 1850 1841
f 1850 1851 1841
f 1852 1853 1854
f 1852 1854 1855
f 1856 1857 1858
f 1857 1859 1858
f 1858 1859 1860
f 1859 1855 1860
f 1860 1855 1861
f 1855 1854 1861
f 1862 1863 1864
f 1863 1865 1864
f 1220 1219 1866
f 1220 1866 1867
f 1866 1868 1867
f 1867 1868 1869
f 1868 1369 1869
f 1869 1369 1368
f 1341 1343 1870
f 1341 1870 1871
f 1870 1872 1871
f 1871 1872 1873
f 1872 1874 1873
f 1873 1874 1875
f 1874 1876 1875
f 1875 1876 1877
f 1876 1878 1877
f 1877 1878 1879
f 1878 1036 1879
f 1879 1036 949
f 1880 1881 1882
f 1881 1883 1882
f 1882 1883 1884
f 1883 1885 1884
f 1884 1885 1886
f 1886 1885 1887
f 1885 1888 1887
f 1887 1888 1889
f 1888 1890 1889
f 1890 1891 1889
f 1889 1891 1892
f 1891 1893 1892
f 1892 1893 1894
f 1893 1895 1894
f 1896 1897 1898
f 1896 1898 1899
f 1898 1900 1899
f 1899 1900 1901
f 1901 1900 1902
f 1900 1903 1902
f 1902 1903 1904
f 1905 1906 1907
f 1906 1908 1907
f 1909 1910 1911
f 1903 1912 1904
f 1912 1913 1904
f 1904 1913 1914
f 1913 1915 1914
f 1914 1915 1916
f 1915 1917 1916
f 1897 1896 1918
f 1896 1919 1918
f 1918 1919 1920
f 1920 1909 1918
f 1909 1911 1918
f 1918 1911 1921
f 1911 1907 1921
f 1921 1907 1922
f 1907 1908 1922
f 1922 1908 1923
f 1908 1917 1923
f 1923 1917 1924
f 1917 1915 1924
f 1925 1926 1927
f 1926 1928 1927
f 1927 1928 1929
f 1928 1930 1929
f 1929 1930 1931
f 1930 1932 1931
f 1931 1932 1933
f 1932 1934 1933
f 1933 1934 1935
f 1934 1936 1935
f 1935 1936 1937
f 1936 1938 1937
f 1937 1938 1939
f 1938 1940 1939
f 1939 1940 1941
f 1940 1942 1941
f 1941 1942 1943
f 1942 1944 1943
f 1943 1944 1945
f 1944 1946 1945
f 1945 1946 1947
f 1946 1948 1947
f 1947 1948 1925
f 1948 1926 1925
f 1949 1950 1951
f 1951 1950 1952
f 1953 1954 1955
f 1950 1956 1952
f 1956 1957 1952
f 1952 1957 1958
f 1957 1959 1958
f 1960 1961 1962
f 1961 1963 1962
f 1962 1963 1951
f 1963 1964 1951
f 1951 1964 1949
f 1962 1953 1960
f 1953 1955 1960
f 1960 1955 1965
f 1955 1966 1965
f 1965 1966 1967
f 1966 1958 1967
f 1967 1958 1968
f 1958 1959 1968
f 937 1969 938
f 1969 546 938
f 938 546 1970
f 546 545 1970
f 1371 1370 1971
f 1371 1971 1972
f 1971 1973 1972
f 1972 1973 1974
f 1973 1303 1974
f 1974 1303 1302
f 1356 1341 1975
f 1341 1871 1975
f 1975 1871 1976
f 1871 1873 1976
f 1976 1873 1977
f 1873 1875 1977
f 1977 1875 1978
f 1875 1877 1978
f 1978 1877 1979
f 1877 1879 1979
f 1979 1879 950
f 1879 949 950
f 1357 1356 1980
f 1356 1975 1980
f 1980 1975 1981
f 1975 1976 1981
f 1981 1976 1982
f 1976 1977 1982
f 1982 1977 1983
f 1977 1978 1983
f 1983 1978 1984
f 1978 1979 1984
f 1984 1979 951
f 1979 950 951
f 1355 1357 1985
f 1357 1980 1985
f 1985 1980 1986
f 1980 1981 1986
f 1986 1981 1987
f 1981 1982 1987
f 1987 1982 1988
f 1982 1983 1988
f 1988 1983 1989
f 1983 1984 1989
f 1989 1984 955
f 1984 951 955
f 1354 1355 1990
f 1355 1985 1990
f 1990 1985 1991
f 1985 1986 1991
f 1991 1986 1992
f 1986 1987 1992
f 1992 1987 1993
f 1987 1988 1993
f 1993 1988 1994
f 1988 1989 1994
f 1994 1989 953
f 1989 955 953
f 1353 1354 1995
f 1354 1990 1995
f 1995 1990 1996
f 1990 1991 1996
f 1996 1991 1997
f 1991 1992 1997
f 1997 1992 1998
f 1992 1993 1998
f 1998 1993 1999
f 1993 1994 1999
f 1999 1994 952
f 1994 953 952
f 1338 1353 555
f 1353 1995 555
f 555 1995 553
f 1995 1996 553
f 553 1996 551
f 1996 1997 551
f 551 1997 549
f 1997 1998 549
f 549 1998 547
f 1998 1999 547
f 547 1999 545
f 1999 952 545
f 2000 2001 2002
f 2000 2002 2003
f 2002 2004 2003
f 2003 2004 2005
f 2004 2006 2005
f 2005 2006 2007
f 2008 2009 2010
f 2008 2010 2011
f 2010 2012 2011
f 2011 2012 2013
f 2012 2014 2013
f 2013 2014 2015
f 2014 2016 2015
f 2015 2016 2017
f 2018 2019 2020
f 2019 2021 2020
f 2022 2023 2024
f 2025 2026 2022
f 2026 2027 2022
f 2022 2027 2028
f 2027 2029 2028
f 2028 2029 2030
f 2029 2031 2030
f 2030 2031 2032
f 2031 2033 2032
f 2032 2033 2034
f 2033 2035 2034
f 2034 2035 2036
f 2037 2038 2039
f 2038 2025 2039
f 2039 2025 2040
f 2025 2022 2040
f 2040 2022 2041
f 2022 2024 2041
f 2039 2042 2037
f 2042 2043 2037
f 2037 2043 2044
f 2043 2045 2044
f 2044 2045 2046
f 2045 2036 2046
f 2046 2036 2047
f 2036 2035 2047
f 2048 2049 2050
f 2049 2051 2050
f 2052 2053 2054
f 2053 2055 2054
f 2054 2055 2056
f 2055 2057 2056
f 2056 2057 2058
f 2057 2059 2058
f 2058 2059 2060
f 2059 2061 2060
f 2060 2061 2062
f 2061 2063 2062
f 2062 2063 2064
f 2063 2065 2064
f 2064 2065 2066
f 2065 2067 2066
f 2066 2067 2068
f 2067 2069 2068
f 2068 2069 2070
f 2069 2071 2070
f 2070 2071 2072
f 2071 2073 2072
f 2072 2073 2074
f 2073 2075 2074
f 2074 2075 2052
f 2075 2053 2052
f 2076 2077 2078
f 2077 2079 2078
f 2078 2079 2080
f 2079 2081 2080
f 2079 2082 2081
f 2082 2083 2081
f 2081 2083 2084
f 2083 2085 2084
f 2084 2085 2086
f 2087 2088 2089
f 2088 2090 2089
f 2089 2090 2091
f 2090 2092 2091
f 2091 2092 2093
f 2089 2094 2087
f 2094 2095 2087
f 2087 2095 2096
f 2097 2098 2099
f 2100 2101 2102
f 2101 2103 2102
f 2102 2103 2104
f 2105 2106 2107
f 2108 2103 2109
f 2103 2101 2109
f 2109 2101 2110
f 2101 2111 2110
f 2110 2111 2112
f 2113 2114 2098
f 2114 2115 2098
f 2098 2115 2099
f 2115 2116 2099
f 2117 2118 2119
f 2100 2120 2101
f 2120 2121 2101
f 2101 2121 2122
f 2121 2123 2122
f 2124 2125 2126
f 2125 2112 2126
f 2126 2112 2127
f 2112 2111 2127
f 2128 2129 2130
f 2129 2116 2130
f 2130 2116 2131
f 2116 2115 2131
f 2122 2132 2133
f 2134 2135 2136
f 2135 2137 2136
f 2138 2139 2102
f 2139 2140 2102
f 2137 2105 2136
f 2105 2107 2136
f 2136 2107 2141
f 2107 2130 2141
f 2141 2130 2142
f 2130 2131 2142
f 2143 2144 2145
f 2144 2146 2145
f 2147 2148 2104
f 2148 2149 2104
f 2104 2149 2102
f 2149 2150 2102
f 2102 2150 2138
f 2151 2152 2153
f 2154 2155 2139
f 2133 2156 2122
f 2156 2157 2122
f 2122 2157 2128
f 2146 2117 2145
f 2117 2119 2145
f 2145 2119 2158
f 2119 2138 2158
f 2158 2138 2159
f 2138 2150 2159
f 2121 2160 2123
f 2160 2161 2123
f 2123 2161 2162
f 2161 2163 2162
f 2162 2163 2164
f 2163 2165 2164
f 2164 2165 2155
f 2154 2139 2166
f 2139 2167 2166
f 2166 2167 2168
f 2169 2170 2171
f 2172 2173 2174
f 2173 2175 2174
f 2174 2175 2176
f 2175 2129 2176
f 2176 2129 2177
f 2129 2128 2177
f 2177 2128 2178
f 2128 2157 2178
f 2172 2179 2173
f 2179 2180 2173
f 2173 2180 2181
f 2165 2182 2155
f 2182 2183 2155
f 2155 2183 2139
f 2183 2184 2139
f 2139 2184 2140
f 2153 2185 2151
f 2185 2186 2151
f 2151 2186 2167
f 2186 2187 2167
f 2167 2187 2168
f 2099 2188 2097
f 2188 2171 2097
f 2097 2171 2189
f 2171 2170 2189
f 2123 2190 2122
f 2190 2191 2122
f 2122 2191 2132
f 2191 2181 2132
f 2132 2181 2192
f 2181 2180 2192
f 2187 2193 2168
f 2193 2194 2168
f 2168 2194 2195
f 2194 2196 2195
f 2195 2196 2171
f 2196 2197 2171
f 2171 2197 2169
f 2198 2199 2151
f 2199 2097 2151
f 2151 2097 2152
f 2097 2189 2152
f 2200 2201 2202
f 2201 2203 2202
f 2198 2151 2204
f 2151 2202 2204
f 2204 2202 2205
f 2202 2203 2205
f 2205 2203 2206
f 2207 2208 2209
f 2208 2210 2209
f 2211 2212 2213
f 2212 2214 2213
f 2213 2214 2076
f 2213 2215 2211
f 2215 2216 2211
f 2211 2216 2217
f 2216 2218 2217
f 2217 2218 2219
f 2218 2220 2219
f 2219 2220 2221
f 2214 2222 2076
f 2222 2223 2076
f 2076 2223 2224
f 2225 2077 2076
f 2226 2227 2228
f 2227 2229 2228
f 2228 2229 2230
f 2229 2221 2230
f 2230 2221 2231
f 2221 2220 2231
f 2226 2228 2224
f 2228 2232 2224
f 2224 2232 2076
f 2232 2233 2076
f 2076 2233 2225
f 2225 2234 2077
f 2234 2235 2077
f 2077 2235 2236
f 2235 2237 2236
f 2236 2237 2238
f 2237 2239 2238
f 2238 2239 2240
f 2239 2241 2240
f 2240 2241 2220
f 2241 2242 2220
f 2220 2242 2231
f 2243 2244 2245
f 2244 2246 2245
f 2245 2246 2247
f 2246 2248 2247
f 2247 2248 2249
f 2248 2250 2249
f 2249 2250 2251
f 2250 2252 2251
f 2251 2252 2253
f 2252 2254 2253
f 2253 2254 2255
f 2254 2256 2255
f 2255 2256 2257
f 2256 2258 2257
f 2257 2258 2259
f 2258 2260 2259
f 2259 2260 2261
f 2260 2262 2261
f 2261 2262 2263
f 2262 2264 2263
f 2263 2264 2265
f 2264 2266 2265
f 2265 2266 2243
f 2266 2244 2243
f 2267 2268 2269
f 2269 2270 2267
f 2270 2271 2267
f 2267 2271 2272
f 2271 2273 2272
f 2272 2273 2274
f 2273 2275 2274
f 2274 2275 2276
f 2277 2278 2279
f 2279 2280 2277
f 2280 2281 2277
f 2277 2281 2282
f 2281 2283 2282
f 2283 2284 2282
f 2282 2284 2285
f 2284 2286 2285
f 2286 2287 2285
f 2287 2288 2285
f 2285 2288 2289
f 2290 2291 2292
f 2291 2293 2292
f 2294 2295 2296
f 2295 2297 2296
f 2298 2299 2300
f 2299 2301 2300
f 2302 2303 2304
f 2303 2305 2304
f 2304 2305 2306
f 2305 2307 2306
f 2306 2307 2308
f 2307 2309 2308
f 2308 2309 2310
f 2309 2311 2310
f 2310 2311 2312
f 2311 2313 2312
f 2312 2313 2314
f 2313 2315 2314
f 2314 2315 2316
f 2315 2317 2316
f 2316 2317 2318
f 2317 2319 2318
f 2318 2319 2320
f 2319 2321 2320
f 2320 2321 2322
f 2321 2323 2322
f 2322 2323 2324
f 2323 2325 2324
f 2324 2325 2302
f 2325 2303 2302
f 2326 2327 2328
f 2327 2329 2328
f 2328 2329 2330
f 2329 2331 2330
f 2330 2331 2332
f 2331 2333 2332
f 2332 2333 2334
f 2333 2335 2334
f 2334 2335 2336
f 2335 2337 2336
f 2336 2337 2338
f 2337 2339 2338
f 2338 2339 2340
f 2339 2341 2340
f 2340 2341 2342
f 2341 2343 2342
f 2342 2343 2344
f 2343 2345 2344
f 2344 2345 2346
f 2345 2347 2346
f 2346 2347 2348
f 2347 2349 2348
f 2348 2349 2326
f 2349 2327 2326
f 2350 2351 2352
f 2350 2352 2353
f 2352 2354 2353
f 2353 2354 2355
f 2354 2356 2355
f 2355 2356 2357
f 2358 2359 2360
f 2359 2361 2360
f 2362 2363 2364
f 2362 2364 2365
f 2364 2366 2365
f 2365 2366 2367
f 2366 2368 2367
f 2367 2368 2369
f 2368 2370 2369
f 2369 2370 2371
f 2372 2373 2374
f 2373 2375 2374
f 2376 2377 2378
f 2377 2379 2378
f 2378 2379 2380
f 2379 2381 2380
f 2380 2381 2382
f 2381 2383 2382
f 2384 2385 2386
f 2385 2387 2386
f 2386 2387 2388
f 2387 2389 2388
f 2388 2389 2390
f 2389 2391 2390
f 2390 2391 2392
f 2391 2393 2392
f 2392 2393 2394
f 2393 2395 2394
f 2394 2395 2396
f 2395 2397 2396
f 2396 2397 2398
f 2397 2399 2398
f 2398 2399 2400
f 2399 2401 2400
f 2400 2401 2402
f 2401 2403 2402
f 2402 2403 2404
f 2403 2405 2404
f 2404 2405 2406
f 2405 2407 2406
f 2406 2407 2384
f 2407 2385 2384
f 2408 2409 2410
f 2408 2410 2411
f 2410 2412 2411
f 2411 2412 2413
f 2412 2414 2413
f 2413 2414 2415
f 2416 2417 2418
f 2417 2419 2418
f 2418 2419 2420
f 2419 2421 2420
f 2422 2423 2424
f 2423 2425 2424
f 2426 2427 2268
f 2428 2269 2429
f 2430 2431 2432
f 2268 2427 2433
f 2433 2434 2268
f 2434 2435 2268
f 2268 2435 2269
f 2435 2436 2269
f 2269 2436 2429
f 2429 2437 2428
f 2437 2438 2428
f 2428 2438 2439
f 2438 2440 2439
f 2427 2441 2433
f 2441 2442 2433
f 2433 2442 2443
f 2442 2444 2443
f 2443 2444 2431
f 2444 2445 2431
f 2431 2445 2432
f 2446 2447 2440
f 2447 2448 2440
f 2440 2448 2439
f 2446 2430 2447
f 2430 2432 2447
f 2447 2432 2449
f 2432 2450 2449
f 2449 2450 2451
f 2450 2452 2451
f 2451 2452 2453
f 2452 2454 2453
f 2453 2454 2455
f 2454 2456 2455
f 2455 2456 2268
f 2456 2457 2268
f 2268 2457 2426
f 2372 2374 2458
f 2374 2459 2458
f 2458 2459 2460
f 2459 2461 2460
f 2460 2461 2462
f 2461 2463 2462
f 2462 2463 2464
f 2465 2466 2467
f 2466 2468 2467
f 2467 2468 2469
f 2468 2470 2469
f 2469 2470 2471
f 2470 2472 2471
f 2471 2472 2473
f 2472 2474 2473
f 2473 2474 2475
f 2474 2476 2475
f 2475 2476 2477
f 2476 2478 2477
f 2477 2478 2479
f 2478 2480 2479
f 2479 2480 2481
f 2480 2482 2481
f 2481 2482 2483
f 2482 2484 2483
f 2483 2484 2485
f 2484 2486 2485
f 2485 2486 2487
f 2486 2488 2487
f 2487 2488 2465
f 2488 2466 2465
f 2489 2490 2491
f 2490 2492 2493
f 2491 2490 2494
f 2495 2496 2491
f 2496 2497 2491
f 2491 2497 2489
f 2490 2493 2494
f 2493 2498 2494
f 2494 2498 2499
f 2500 2501 2502
f 2501 2503 2502
f 2500 2504 2501
f 2504 2505 2501
f 2501 2505 2506
f 2505 2507 2506
f 2507 2508 2506
f 2506 2508 2509
f 2508 2510 2509
f 2511 2512 2513
f 2512 2514 2513
f 2006 2357 2007
f 2357 2356 2007
f 2515 2516 2517
f 2515 2517 2518
f 2517 2519 2518
f 2518 2519 2520
f 2519 2521 2520
f 2520 2521 2522
f 2521 2523 2522
f 2522 2523 2524
f 2525 2526 2527
f 2525 2527 2528
f 2527 2529 2528
f 2528 2529 2530
f 2298 2300 2531
f 2298 2531 2532
f 2531 2533 2532
f 2532 2533 2534
f 2533 2535 2534
f 2534 2535 2536
f 2537 2538 2539
f 2538 2540 2539
f 2539 2540 2541
f 2540 2542 2541
f 2543 2544 2545
f 2544 2546 2545
f 2547 2415 2548
f 2415 2414 2548
f 2549 2550 2551
f 2552 2553 2554
f 2552 2554 2555
f 2554 2556 2555
f 2556 2557 2555
f 2555 2557 2551
f 2557 2558 2551
f 2559 2549 2560
f 2549 2551 2560
f 2560 2551 2561
f 2551 2558 2561
f 2561 2558 2562
f 2558 2563 2562
f 2562 2563 2564
f 2563 2565 2564
f 2564 2565 2566
f 2559 2567 2549
f 2567 2568 2549
f 2549 2568 2569
f 2568 2570 2569
f 2569 2570 2571
f 2570 2572 2571
f 2571 2572 2573
f 2572 2574 2573
f 2575 2576 2577
f 2576 2578 2577
f 2578 2579 2577
f 2577 2579 2580
f 2579 2581 2580
f 2580 2581 2582
f 2581 2583 2582
f 2582 2583 2584
f 2583 2573 2584
f 2584 2573 2585
f 2573 2574 2585
f 2585 2574 2565
f 2574 2586 2565
f 2565 2586 2566
f 2553 2552 2577
f 2552 2587 2577
f 2577 2587 2575
f 2588 2589 2590
f 2588 2590 2591
f 2590 2592 2591
f 2591 2592 2593
f 2594 2595 2596
f 2594 2596 2597
f 2596 2598 2597
f 2597 2598 2599
f 2598 2600 2599
f 2599 2600 2601
f 2602 2603 2604
f 2603 2605 2604
f 2606 2607 2608
f 2607 2609 2608
f 2608 2609 2610
f 2611 2612 2613
f 2612 2614 2613
f 2613 2614 2615
f 2615 2614 2616
f 2614 2617 2616
f 2616 2617 2618
f 2617 2619 2618
f 2619 2620 2618
f 2618 2620 2621
f 2620 2622 2621
f 2621 2622 2605
f 2622 2623 2605
f 2623 2624 2605
f 2605 2624 2604
f 2624 2625 2604
f 2604 2625 2608
f 2625 2626 2608
f 2608 2626 2606
f 2626 2627 2606
f 2606 2627 2611
f 2627 2628 2611
f 2611 2628 2612
f 2629 2630 2631
f 2630 2632 2631
f 2633 2634 2635
f 2634 2636 2635
f 2637 2638 2639
f 2638 2640 2639
f 2639 2640 2641
f 2278 2642 2279
f 2642 2643 2279
f 2644 2645 2646
f 2645 2647 2646
f 2646 2647 2648
f 2648 2647 2649
f 2647 2650 2649
f 2649 2650 2651
f 2651 2650 2652
f 2650 2653 2652
f 2652 2653 2654
f 2655 2656 2657
f 2656 2658 2657
f 2656 2659 2660
f 2656 2660 2661
f 2662 2663 2664
f 2665 2666 2667
f 2666 2668 2667
f 2667 2668 2669
f 2655 2670 2656
f 2670 2671 2656
f 2656 2671 2659
f 2672 2673 2663
f 2673 2674 2663
f 2663 2674 2664
f 2670 2675 2671
f 2675 2676 2671
f 2671 2676 2677
f 2676 2678 2677
f 2677 2678 2679
f 2678 2680 2679
f 2679 2680 2681
f 2680 2662 2681
f 2681 2662 2682
f 2662 2664 2682
f 2672 2665 2673
f 2665 2667 2673
f 2673 2667 2683
f 2667 2661 2683
f 2683 2661 2684
f 2661 2660 2684
f 2685 2686 2687
f 2686 2688 2687
f 2408 2689 2409
f 2689 2690 2409
f 2691 2692 2693
f 2691 2693 2694
f 2693 2695 2694
f 2694 2695 2696
f 2695 2697 2696
f 2696 2697 2698
f 2697 2699 2698
f 2698 2699 2700
f 2699 2701 2700
f 2700 2701 2702
f 2701 2417 2702
f 2702 2417 2416
f 2016 2645 2017
f 2645 2644 2017
f 2703 2643 2642
f 2704 2705 2706
f 2705 2703 2706
f 2706 2703 2707
f 2703 2642 2707
f 2704 2708 2705
f 2708 2709 2705
f 2705 2709 2710
f 2711 2712 2713
f 2711 2713 2714
f 2713 2715 2714
f 2714 2715 2716
f 2715 2717 2716
f 2716 2717 2718
f 2717 2719 2718
f 2718 2719 2720
f 2721 2722 2723
f 2722 2724 2723
f 2723 2724 2725
f 2726 2727 2723
f 2727 2728 2723
f 2723 2728 2729
f 2730 2731 2732
f 2731 2733 2732
f 2726 2723 2734
f 2723 2725 2734
f 2734 2725 2730
f 2725 2735 2730
f 2730 2735 2731
f 2723 2736 2721
f 2736 2737 2721
f 2721 2737 2738
f 2737 2739 2738
f 2738 2739 2740
f 2739 2741 2740
f 2740 2741 2742
f 2741 2743 2742
f 2742 2743 2744
f 2744 2743 2745
f 2743 2746 2745
f 2745 2746 2733
f 2746 2747 2733
f 2733 2747 2732
f 2748 2749 2750
f 2749 2751 2750
f 2752 2753 2754
f 2753 2755 2754
f 2756 2757 2758
f 2756 2758 2759
f 2758 2760 2759
f 2759 2760 2761
f 2760 2762 2761
f 2761 2762 2763
f 2762 2764 2763
f 2763 2764 2765
f 2764 2766 2765
f 2765 2766 2767
f 2766 2768 2767
f 2767 2768 2769
f 2093 2770 2091
f 2770 2771 2091
f 2371 2370 2772
f 2371 2772 2773
f 2772 2511 2773
f 2773 2511 2513
f 2774 2775 2776
f 2777 2778 2779
f 2778 2780 2779
f 2779 2780 2781
f 2776 2782 2774
f 2782 2783 2774
f 2774 2783 2779
f 2783 2784 2779
f 2779 2784 2777
f 2785 2786 2787
f 2786 2788 2787
f 2789 2790 2791
f 2792 2793 2794
f 2793 2795 2794
f 2789 2791 2796
f 2791 2794 2796
f 2796 2794 2797
f 2794 2795 2797
f 2797 2795 2798
f 2498 2799 2499
f 2799 2800 2499
f 2801 2802 2803
f 2801 2803 2804
f 2803 2805 2804
f 2804 2805 2806
f 2805 2807 2806
f 2806 2807 2808
f 2807 2809 2808
f 2808 2809 2810
f 2809 2811 2810
f 2810 2811 2812
f 2811 2813 2812
f 2812 2813 2814
f 2691 2815 2816
f 2815 2817 2816
f 2818 2819 2820
f 2819 2821 2820
f 2820 2821 2822
f 2821 2823 2822
f 2822 2823 2824
f 2823 2825 2824
f 2825 2826 2824
f 2824 2826 2816
f 2826 2827 2816
f 2816 2827 2828
f 2828 2829 2816
f 2829 2830 2816
f 2816 2830 2691
f 2830 2692 2691
f 2829 2831 2830
f 2831 2832 2830
f 2830 2832 2833
f 2832 2834 2833
f 2833 2834 2818
f 2834 2835 2818
f 2818 2835 2819
f 2836 2837 2838
f 2836 2838 2839
f 2838 2363 2839
f 2839 2363 2362
f 2840 2841 2842
f 2841 2843 2842
f 2842 2843 2844
f 2843 2845 2844
f 2844 2845 2846
f 2845 2847 2846
f 2846 2847 2848
f 2847 2849 2848
f 2848 2849 2850
f 2849 2851 2850
f 2850 2851 2852
f 2851 2853 2852
f 2852 2853 2854
f 2853 2855 2854
f 2854 2855 2856
f 2855 2857 2856
f 2856 2857 2858
f 2857 2859 2858
f 2858 2859 2860
f 2859 2861 2860
f 2860 2861 2862
f 2861 2863 2862
f 2862 2863 2840
f 2863 2841 2840
f 2864 2865 2866
f 2865 2867 2866
f 2868 2869 2870
f 2871 2872 2873
f 2872 2874 2873
f 2874 2868 2873
f 2868 2870 2873
f 2873 2870 2875
f 2870 2876 2875
f 2875 2876 2877
f 2878 2879 2880
f 2879 2881 2880
f 2882 2883 2884
f 2882 2884 2885
f 2884 2886 2885
f 2885 2886 2887
f 2886 2888 2887
f 2887 2888 2889
f 2888 2890 2889
f 2889 2890 2891
f 2890 2892 2891
f 2891 2892 2893
f 2892 2894 2893
f 2893 2894 2895
f 2896 2897 2898
f 2897 2769 2898
f 2899 2900 2901
f 2902 2903 2904
f 2903 2905 2904
f 2904 2905 2901
f 2905 2906 2901
f 2901 2906 2899
f 2907 2769 2908
f 2769 2768 2908
f 2907 2903 2769
f 2903 2902 2769
f 2769 2902 2898
f 2902 2909 2898
f 2898 2909 2910
f 2910 2911 2898
f 2911 2912 2898
f 2898 2912 2913
f 2912 2914 2913
f 2913 2914 2915
f 2914 2916 2915
f 2915 2916 2917
f 2916 2918 2917
f 2917 2918 2899
f 2918 2919 2899
f 2899 2919 2900
f 2514 2512 2920
f 2514 2920 2921
f 2920 2712 2921
f 2921 2712 2711
f 2922 2923 2924
f 2923 2925 2924
f 2924 2925 2926
f 2925 2927 2926
f 2926 2927 2928
f 2927 2929 2928
f 2928 2929 2930
f 2929 2931 2930
f 2930 2931 2932
f 2931 2933 2932
f 2932 2933 2934
f 2933 2935 2934
f 2934 2935 2936
f 2935 2937 2936
f 2936 2937 2938
f 2937 2939 2938
f 2938 2939 2940
f 2939 2941 2940
f 2940 2941 2942
f 2941 2943 2942
f 2942 2943 2944
f 2943 2945 2944
f 2944 2945 2922
f 2945 2923 2922
f 2946 2947 2948
f 2949 2950 2951
f 2946 2948 2952
f 2953 2954 2946
f 2954 2955 2946
f 2948 2956 2952
f 2956 2957 2952
f 2952 2957 2958
f 2957 2959 2958
f 2958 2959 2950
f 2959 2960 2950
f 2950 2960 2951
f 2955 2961 2946
f 2961 2962 2946
f 2946 2962 2947
f 2951 2963 2949
f 2963 2964 2949
f 2949 2964 2965
f 2964 2966 2965
f 2965 2966 2967
f 2966 2968 2967
f 2967 2968 2969
f 2968 2962 2969
f 2969 2962 2970
f 2962 2961 2970
f 2971 2972 2973
f 2971 2973 2974
f 2973 2975 2974
f 2974 2975 2976
f 2977 2978 2979
f 2978 2974 2979
f 2979 2974 2980
f 2974 2976 2980
f 2376 2981 2377
f 2981 2982 2377
f 2752 2754 2983
f 2754 2984 2983
f 2983 2984 2985
f 2984 2986 2985
f 2985 2986 2987
f 2986 2988 2987
f 2987 2988 2989
f 2988 2973 2989
f 2989 2973 2972
f 2990 2991 2992
f 2993 2994 2995
f 2993 2995 2996
f 2995 2997 2996
f 2996 2997 2998
f 2997 2999 2998
f 2999 3000 2998
f 2998 3000 2992
f 3000 3001 2992
f 2992 3001 2990
f 2720 2719 3002
f 2720 3002 3003
f 3002 2425 3003
f 3003 2425 2423
f 3004 3005 3006
f 3005 3007 3006
f 3006 3007 3008
f 3007 3009 3008
f 3008 3009 3010
f 3009 3011 3010
f 3010 3011 3012
f 3011 3013 3012
f 3012 3013 3014
f 3013 3015 3014
f 3014 3015 3016
f 3015 3017 3016
f 3016 3017 3018
f 3017 3019 3018
f 3018 3019 3020
f 3019 3021 3020
f 3020 3021 3022
f 3021 3023 3022
f 3022 3023 3024
f 3023 3025 3024
f 3024 3025 3026
f 3025 3027 3026
f 3026 3027 3004
f 3027 3005 3004
f 3028 3029 3030
f 3029 3031 3030
f 3032 3033 3034
f 3033 3035 3034
f 3034 3035 3036
f 3032 3037 3038
f 3039 3033 3040
f 3033 3032 3040
f 3040 3032 3041
f 3032 3038 3041
f 2600 3042 2601
f 3042 3043 2601
f 3036 3035 3044
f 3036 3044 3045
f 3044 3046 3045
f 3045 3046 3047
f 3046 3048 3047
f 3047 3048 3049
f 3049 3048 3050
f 3048 2633 3050
f 3050 2633 2635
f 3051 3052 3053
f 3054 3055 3056
f 3057 3058 3059
f 3058 3060 3059
f 3059 3060 3061
f 3061 3051 3059
f 3051 3053 3059
f 3059 3053 3056
f 3053 3062 3056
f 3056 3062 3054
f 2276 3063 3064
f 2276 3064 3065
f 3064 3066 3065
f 3065 3066 3067
f 2048 2050 3066
f 2050 3068 3066
f 3066 3068 3067
f 3069 3070 3071
f 3070 3072 3071
f 3073 3074 3075
f 3074 3076 3075
f 2275 3077 3078
f 3079 3080 3081
f 3082 3083 3084
f 2095 3085 3086
f 3087 3088 3086
f 3088 3089 3086
f 3086 3089 2095
f 3090 3091 3092
f 3091 3093 3092
f 3094 3095 3096
f 3097 3098 3096
f 3098 3082 3096
f 3096 3082 3094
f 3082 3084 3094
f 3099 3100 3101
f 3100 3063 3101
f 3102 3103 3104
f 3103 3105 3104
f 2096 3106 3107
f 3106 3108 3107
f 3109 3110 3111
f 3110 3101 3111
f 3111 3101 3112
f 3101 3063 3112
f 3102 3113 3114
f 3115 3116 3117
f 2524 3118 3119
f 2276 3120 3121
f 3117 3116 3078
f 3122 3123 3124
f 3123 3102 3124
f 3124 3102 3125
f 3102 3114 3125
f 3126 3127 2524
f 3127 3128 2524
f 2524 3128 3113
f 3128 3129 3113
f 3113 3129 3114
f 3130 3106 3131
f 3106 2096 3131
f 3131 2096 3109
f 2096 2095 3109
f 3109 2095 3110
f 2095 3089 3110
f 3110 3089 3132
f 2275 3133 3134
f 2275 3134 2276
f 3134 3135 2276
f 2276 3135 3120
f 3077 2275 3136
f 3063 2276 3112
f 2276 3121 3112
f 3112 3121 3137
f 3121 3138 3137
f 3137 3138 3117
f 3138 3139 3117
f 3117 3139 3115
f 3116 3140 3078
f 3140 3141 3078
f 3078 3141 2275
f 3141 3142 2275
f 2275 3142 3133
f 3123 3143 3102
f 3143 3144 3102
f 3102 3144 3103
f 3144 3145 3103
f 3103 3145 3093
f 3146 3147 3148
f 3147 3149 3148
f 3148 3149 3124
f 3149 3150 3124
f 3124 3150 3122
f 3081 3151 3079
f 3151 3146 3079
f 3079 3146 2275
f 3146 3148 2275
f 2275 3148 3136
f 3109 3152 3153
f 2524 2523 3118
f 2523 3131 3118
f 3118 3131 3154
f 3131 3109 3154
f 3154 3109 3155
f 3109 3153 3155
f 3119 3156 2524
f 3156 3157 2524
f 2524 3157 3126
f 3157 3158 3126
f 3126 3158 3159
f 3158 3160 3159
f 3159 3160 3161
f 3160 3162 3161
f 3161 3162 3109
f 3162 3163 3109
f 3109 3163 3152
f 3145 3164 3093
f 3164 3165 3093
f 3093 3165 3092
f 3165 3166 3092
f 3092 3166 3084
f 3166 3146 3084
f 3084 3146 3094
f 3146 3151 3094
f 3167 3168 3169
f 3168 3170 3169
f 3169 3170 3171
f 3170 3172 3171
f 3171 3172 3173
f 3172 3174 3173
f 3173 3174 3175
f 3174 3176 3175
f 3175 3176 3177
f 3176 3178 3177
f 3177 3178 3179
f 3178 3180 3179
f 3179 3180 3181
f 3180 3182 3181
f 3181 3182 3183
f 3182 3184 3183
f 3183 3184 3185
f 3184 3186 3185
f 3185 3186 3187
f 3186 3188 3187
f 3187 3188 3189
f 3188 3190 3189
f 3189 3190 3167
f 3190 3168 3167
f 3191 3192 3193
f 3192 3194 3193
f 3195 3196 3197
f 3196 3198 3197
f 3197 3198 3199
f 3197 3200 3195
f 3200 3201 3195
f 3195 3201 3192
f 3201 3202 3192
f 3192 3202 3194
f 2547 2548 3203
f 2548 3204 3203
f 3203 3204 3205
f 3204 3206 3205
f 3205 3206 3110
f 3206 3101 3110
f 3207 3208 3209
f 3210 3211 3212
f 3211 3213 3212
f 3212 3213 3214
f 3215 3216 3208
f 3216 3217 3208
f 3208 3217 3209
f 3212 3218 3219
f 3218 3207 3219
f 3219 3207 3220
f 3207 3209 3220
f 3219 3221 3212
f 3221 3222 3212
f 3212 3222 3210
f 3222 3223 3210
f 3210 3223 3224
f 3223 3225 3224
f 3224 3225 3226
f 3225 3227 3226
f 3226 3227 3228
f 3227 3229 3228
f 3228 3229 3215
f 3229 3230 3215
f 3215 3230 3216
f 3231 3232 3233
f 3232 3234 3233
f 3233 3234 3235
f 3233 3236 3231
f 3236 3237 3231
f 3231 3237 3238
f 3237 3239 3238
f 3238 3239 3240
f 3239 3215 3240
f 3240 3215 3241
f 3215 3242 3241
f 3243 3244 3208
f 3244 3245 3208
f 3208 3245 3246
f 3245 3235 3246
f 3246 3235 3247
f 3235 3234 3247
f 3246 3248 3208
f 3248 3249 3208
f 3208 3249 3215
f 3249 3250 3215
f 3215 3250 3242
f 3251 3252 3253
f 3254 3255 3253
f 3255 3256 3253
f 3253 3256 3257
f 3258 3259 3260
f 3259 3261 3260
f 3260 3261 3262
f 3261 3263 3262
f 3262 3263 3264
f 3263 3265 3264
f 3264 3265 3266
f 3265 3267 3266
f 3266 3267 3257
f 3267 3268 3257
f 3257 3268 3253
f 3268 3269 3253
f 3253 3269 3251
f 3258 3270 3259
f 3270 3271 3259
f 3259 3271 3272
f 3271 3273 3272
f 3272 3273 3274
f 3273 3254 3274
f 3274 3254 3275
f 3254 3253 3275
f 2515 2536 2516
f 2536 2535 2516
f 3276 3277 3278
f 3277 3279 3278
f 3278 3279 3280
f 3279 3281 3280
f 3280 3281 3282
f 3281 3283 3282
f 3282 3283 3284
f 3283 3285 3284
f 3284 3285 3286
f 3285 3287 3286
f 3286 3287 3288
f 3287 3289 3288
f 3288 3289 3290
f 3289 3291 3290
f 3290 3291 3292
f 3291 3293 3292
f 3292 3293 3294
f 3293 3295 3294
f 3294 3295 3296
f 3295 3297 3296
f 3296 3297 3298
f 3297 3299 3298
f 3298 3299 3276
f 3299 3277 3276
f 3300 3301 3302
f 3301 3303 3302
f 3302 3303 3304
f 3303 3305 3304
f 3304 3305 3306
f 3305 3307 3306
f 3306 3307 3308
f 3307 3309 3308
f 3308 3309 3310
f 3309 3311 3310
f 3310 3311 3312
f 3311 3313 3312
f 3312 3313 3314
f 3313 3315 3314
f 3314 3315 3316
f 3315 3317 3316
f 3316 3317 3318
f 3317 3319 3318
f 3318 3319 3320
f 3319 3321 3320
f 3320 3321 3322
f 3321 3323 3322
f 3322 3323 3300
f 3323 3301 3300
f 3324 3325 3326
f 3325 3327 3326
f 3326 3327 3328
f 3327 3329 3328
f 3328 3329 3330
f 3329 3331 3330
f 3330 3331 3332
f 3331 3333 3332
f 3332 3333 3334
f 3333 3335 3334
f 3334 3335 3336
f 3335 3337 3336
f 3336 3337 3338
f 3337 3339 3338
f 3338 3339 3340
f 3339 3341 3340
f 3340 3341 3342
f 3341 3343 3342
f 3342 3343 3344
f 3343 3345 3344
f 3344 3345 3346
f 3345 3347 3346
f 3346 3347 3324
f 3347 3325 3324
f 3348 3349 3350
f 3349 3351 3350
f 3350 3351 3352
f 3351 3353 3352
f 3352 3353 3354
f 3353 3355 3354
f 3354 3355 3356
f 3355 3357 3356
f 3356 3357 3358
f 3357 3359 3358
f 3358 3359 3360
f 3359 3361 3360
f 3360 3361 3362
f 3361 3363 3362
f 3362 3363 3364
f 3363 3365 3364
f 3364 3365 3366
f 3365 3367 3366
f 3366 3367 3368
f 3367 3369 3368
f 3368 3369 3370
f 3369 3371 3370
f 3370 3371 3348
f 3371 3349 3348
f 3372 3373 3374
f 3373 3375 3374
f 3374 3375 3376
f 3375 3377 3376
f 3376 3377 3378
f 3377 3379 3378
f 3378 3379 3380
f 3379 3381 3380
f 3380 3381 3382
f 3381 3383 3382
f 3382 3383 3384
f 3383 3385 3384
f 3384 3385 3386
f 3385 3387 3386
f 3386 3387 3388
f 3387 3389 3388
f 3388 3389 3390
f 3389 3391 3390
f 3390 3391 3392
f 3391 3393 3392
f 3392 3393 3394
f 3393 3395 3394
f 3394 3395 3372
f 3395 3373 3372
f 3396 3397 3398
f 3397 3399 3398
f 3398 3399 3400
f 3401 3402 3398
f 3402 3403 3398
f 3398 3403 3396
f 3404 3405 3398
f 3405 3406 3398
f 3398 3406 3401
f 3400 3407 3398
f 3407 3408 3398
f 3398 3408 3404
f 3409 3410 3411
f 3410 3412 3411
f 3411 3412 3413
f 3414 3415 3411
f 3415 3416 3411
f 3411 3416 3409
f 3417 3418 3411
f 3418 3419 3411
f 3411 3419 3414
f 3413 3420 3411
f 3420 3421 3411
f 3411 3421 3417
f 3422 3423 3424
f 3423 3425 3424
f 3424 3425 3426
f 3427 3428 3424
f 3428 3429 3424
f 3424 3429 3422
f 3430 3431 3424
f 3431 3432 3424
f 3424 3432 3427
f 3426 3433 3424
f 3433 3434 3424
f 3424 3434 3430
f 3435 3436 3437
f 3436 3438 3437
f 3437 3438 3439
f 3440 3441 3437
f 3441 3442 3437
f 3437 3442 3435
f 3443 3444 3437
f 3444 3445 3437
f 3437 3445 3440
f 3439 3446 3437
f 3446 3447 3437
f 3437 3447 3443
f 3448 3449 3450
f 3449 3451 3450
f 3450 3451 3452
f 3453 3454 3450
f 3454 3455 3450
f 3450 3455 3448
f 3456 3457 3450
f 3457 3458 3450
f 3450 3458 3453
f 3452 3459 3450
f 3459 3460 3450
f 3450 3460 3456
f 3461 3462 3463
f 3462 3464 3463
f 3463 3464 3465
f 3466 3467 3463
f 3467 3468 3463
f 3463 3468 3461
f 3469 3470 3463
f 3470 3471 3463
f 3463 3471 3466
f 3465 3472 3463
f 3472 3473 3463
f 3463 3473 3469
f 3474 3475 3476
f 3475 3477 3476
f 3476 3477 3478
f 3479 3480 3476
f 3480 3481 3476
f 3476 3481 3474
f 3482 3483 3476
f 3483 3484 3476
f 3476 3484 3479
f 3478 3485 3476
f 3485 3486 3476
f 3476 3486 3482
f 3487 3488 3489
f 3488 3490 3489
f 3489 3490 3491
f 3492 3493 3489
f 3493 3494 3489
f 3489 3494 3487
f 3495 3496 3489
f 3496 3497 3489
f 3489 3497 3492
f 3491 3498 3489
f 3498 3499 3489
f 3489 3499 3495
f 3500 3501 3502
f 3501 3500 3503
f 3504 3505 3506
f 3507 3508 3509
f 3508 3510 3509
f 3509 3510 3504
f 3505 3511 3506
f 3511 3512 3506
f 3506 3512 3513
f 3512 3514 3513
f 3514 3515 3513
f 3513 3515 3516
f 3515 3517 3516
f 3517 3518 3516
f 3518 3519 3516
f 3516 3519 3507
f 3519 3520 3507
f 3507 3520 3508
f 3504 3506 3509
f 3506 3521 3509
f 3509 3521 3522
f 3523 3524 3525
f 3524 3526 3525
f 3525 3526 3527
f 3528 3529 3506
f 3529 3530 3506
f 3506 3530 3521
f 3530 3531 3521
f 3521 3531 3525
f 3531 3532 3525
f 3525 3532 3523
f 3524 3533 3526
f 3533 3534 3526
f 3526 3534 3535
f 3536 3537 3538
f 3537 3539 3538
f 3540 3541 3535
f 3542 3543 3501
f 3501 3543 3544
f 3538 3545 3546
f 3543 3547 3544
f 3547 3548 3544
f 3544 3548 3538
f 3548 3549 3538
f 3538 3549 3545
f 3534 3536 3535
f 3536 3538 3535
f 3535 3538 3540
f 3538 3546 3540
f 3546 3550 3540
f 3550 3551 3540
f 3540 3551 3552
f 3551 3553 3552
f 3552 3553 3503
f 3553 3554 3503
f 3503 3554 3501
f 3554 3555 3501
f 3501 3555 3542
f 3556 3557 3558
f 3557 3559 3558
f 3559 3560 3558
f 3558 3560 3544
f 3561 3501 3562
f 3501 3544 3562
f 3562 3544 3563
f 3544 3560 3563
f 3561 3564 3501
f 3564 3565 3501
f 3501 3565 3502
f 3565 3566 3502
f 3502 3566 3567
f 3566 3568 3567
f 3567 3568 3569
f 3568 3570 3569
f 3571 3572 3569
f 3573 3574 3575
f 3573 3575 3576
f 3577 3578 3579
f 3578 3580 3579
f 3579 3580 3581
f 3582 3583 3558
f 3583 3584 3558
f 3570 3556 3569
f 3556 3558 3569
f 3569 3558 3571
f 3558 3584 3571
f 3584 3585 3571
f 3585 3586 3571
f 3571 3586 3580
f 3586 3587 3580
f 3580 3587 3581
f 3588 3589 3578
f 3575 3513 3590
f 3590 3591 3575
f 3591 3592 3575
f 3575 3592 3593
f 3594 3595 3516
f 3595 3596 3516
f 3577 3576 3578
f 3576 3575 3578
f 3578 3575 3588
f 3575 3593 3588
f 3593 3597 3588
f 3597 3598 3588
f 3588 3598 3594
f 3598 3599 3594
f 3594 3599 3595
f 3596 3600 3516
f 3600 3601 3516
f 3516 3601 3513
f 3601 3602 3513
f 3513 3602 3590
f 3574 3582 3575
f 3582 3558 3575
f 3575 3558 3513
f 3558 3544 3513
f 3513 3544 3506
f 3544 3538 3506
f 3506 3538 3528
f 3538 3539 3528
f 3603 3604 3605
f 3604 3606 3605
f 3605 3606 3607
f 3606 3608 3607
f 3607 3608 3609
f 3608 3610 3609
f 3609 3610 3611
f 3610 3612 3611
f 3611 3612 3613
f 3612 3614 3613
f 3613 3614 3615
f 3614 3616 3615
f 3615 3616 3617
f 3616 3618 3617
f 3617 3618 3619
f 3618 3620 3619
f 3619 3620 3621
f 3620 3622 3621
f 3621 3622 3623
f 3622 3624 3623
f 3623 3624 3625
f 3624 3626 3625
f 3625 3626 3603
f 3626 3604 3603
f 3627 3628 3629
f 3628 3630 3629
f 3629 3630 3631
f 3630 3632 3631
f 3631 3632 3633
f 3632 3634 3633
f 3633 3634 3635
f 3634 3636 3635
f 3635 3636 3637
f 3636 3638 3637
f 3637 3638 3639
f 3638 3640 3639
f 3639 3640 3641
f 3640 3642 3641
f 3641 3642 3643
f 3642 3644 3643
f 3643 3644 3645
f 3644 3646 3645
f 3645 3646 3647
f 3646 3648 3647
f 3647 3648 3649
f 3648 3650 3649
f 3649 3650 3627
f 3650 3628 3627
f 3651 3652 3653
f 3652 3654 3653
f 3653 3654 3655
f 3656 3657 3653
f 3657 3658 3653
f 3653 3658 3651
f 3659 3660 3653
f 3660 3661 3653
f 3653 3661 3656
f 3655 3662 3653
f 3662 3663 3653
f 3653 3663 3659
f 3664 3665 3666
f 3665 3667 3666
f 3666 3667 3668
f 3667 3669 3668
f 3668 3669 3670
f 3669 3671 3670
f 3670 3671 3672
f 3671 3673 3672
f 3672 3673 3674
f 3673 3675 3674
f 3674 3675 3676
f 3675 3677 3676
f 3676 3677 3678
f 3677 3679 3678
f 3678 3679 3680
f 3679 3681 3680
f 3680 3681 3682
f 3681 3683 3682
f 3682 3683 3684
f 3683 3685 3684
f 3684 3685 3686
f 3685 3687 3686
f 3686 3687 3664
f 3687 3665 3664
f 3688 3689 3690
f 3689 3691 3690
f 3690 3691 3692
f 3691 3693 3692
f 3692 3693 3694
f 3693 3695 3694
f 3694 3695 3696
f 3695 3697 3696
f 3696 3697 3698
f 3697 3699 3698
f 3698 3699 3700
f 3699 3701 3700
f 3700 3701 3702
f 3701 3703 3702
f 3702 3703 3704
f 3703 3705 3704
f 3704 3705 3706
f 3705 3707 3706
f 3706 3707 3708
f 3707 3709 3708
f 3708 3709 3710
f 3709 3711 3710
f 3710 3711 3688
f 3711 3689 3688
f 3712 3713 3714
f 3713 3715 3714
f 3714 3715 3716
f 3715 3717 3716
f 3716 3717 3718
f 3717 3719 3718
f 3718 3719 3720
f 3719 3721 3720
f 3720 3721 3722
f 3721 3723 3722
f 3722 3723 3724
f 3723 3725 3724
f 3724 3725 3726
f 3725 3727 3726
f 3726 3727 3728
f 3727 3729 3728
f 3728 3729 3730
f 3729 3731 3730
f 3730 3731 3732
f 3731 3733 3732
f 3732 3733 3734
f 3733 3735 3734
f 3734 3735 3712
f 3735 3713 3712
f 3736 3737 3738
f 3737 3739 3738
f 3738 3739 3740
f 3741 3742 3738
f 3742 3743 3738
f 3738 3743 3736
f 3744 3745 3738
f 3745 3746 3738
f 3738 3746 3741
f 3740 3747 3738
f 3747 3748 3738
f 3738 3748 3744
f 3749 3750 3751
f 3750 3752 3751
f 3751 3752 3753
f 3752 3754 3753
f 3753 3754 3755
f 3754 3756 3755
f 3755 3756 3757
f 3756 3758 3757
f 3757 3758 3759
f 3758 3760 3759
f 3759 3760 3761
f 3760 3762 3761
f 3761 3762 3763
f 3762 3764 3763
f 3763 3764 3765
f 3764 3766 3765
f 3765 3766 3767
f 3766 3768 3767
f 3767 3768 3769
f 3768 3770 3769
f 3769 3770 3771
f 3770 3772 3771
f 3771 3772 3749
f 3772 3750 3749
f 3773 3774 3775
f 3774 3776 3775
f 3775 3776 3777
f 3776 3778 3777
f 3777 3778 3779
f 3778 3780 3779
f 3779 3780 3781
f 3780 3782 3781
f 3781 3782 3783
f 3782 3784 3783
f 3783 3784 3785
f 3784 3786 3785
f 3785 3786 3787
f 3786 3788 3787
f 3787 3788 3789
f 3788 3790 3789
f 3789 3790 3791
f 3790 3792 3791
f 3791 3792 3793
f 3792 3794 3793
f 3793 3794 3795
f 3794 3796 3795
f 3795 3796 3773
f 3796 3774 3773
f 3797 3798 3799
f 3798 3800 3799
f 3799 3800 3801
f 3800 3802 3801
f 3801 3802 3803
f 3802 3804 3803
f 3803 3804 3805
f 3804 3806 3805
f 3805 3806 3807
f 3806 3808 3807
f 3807 3808 3809
f 3808 3810 3809
f 3809 3810 3811
f 3810 3812 3811
f 3811 3812 3813
f 3812 3814 3813
f 3813 3814 3815
f 3814 3816 3815
f 3815 3816 3817
f 3816 3818 3817
f 3817 3818 3819
f 3818 3820 3819
f 3819 3820 3797
f 3820 3798 3797
f 3821 3822 3823
f 3822 3824 3823
f 3823 3824 3825
f 3826 3827 3823
f 3827 3828 3823
f 3823 3828 3821
f 3829 3830 3823
f 3830 3831 3823
f 3823 3831 3826
f 3825 3832 3823
f 3832 3833 3823
f 3823 3833 3829
f 3834 3835 3836
f 3835 3837 3836
f 3836 3837 3838
f 3837 3839 3838
f 3838 3839 3840
f 3839 3841 3840
f 3840 3841 3842
f 3841 3843 3842
f 3842 3843 3844
f 3843 3845 3844
f 3844 3845 3846
f 3845 3847 3846
f 3846 3847 3848
f 3847 3849 3848
f 3848 3849 3850
f 3849 3851 3850
f 3850 3851 3852
f 3851 3853 3852
f 3852 3853 3854
f 3853 3855 3854
f 3854 3855 3856
f 3855 3857 3856
f 3856 3857 3834
f 3857 3835 3834
f 3858 3859 3860
f 3859 3861 3860
f 3860 3861 3862
f 3861 3863 3862
f 3862 3863 3864
f 3863 3865 3864
f 3864 3865 3866
f 3865 3867 3866
f 3866 3867 3868
f 3867 3869 3868
f 3868 3869 3870
f 3869 3871 3870
f 3870 3871 3872
f 3871 3873 3872
f 3872 3873 3874
f 3873 3875 3874
f 3874 3875 3876
f 3875 3877 3876
f 3876 3877 3878
f 3877 3879 3878
f 3878 3879 3880
f 3879 3881 3880
f 3880 3881 3858
f 3881 3859 3858
f 3882 3883 3884
f 3883 3885 3884
f 3884 3885 3886
f 3885 3887 3886
f 3886 3887 3888
f 3887 3889 3888
f 3888 3889 3890
f 3889 3891 3890
f 3890 3891 3892
f 3891 3893 3892
f 3892 3893 3894
f 3893 3895 3894
f 3894 3895 3896
f 3895 3897 3896
f 3896 3897 3898
f 3897 3899 3898
f 3898 3899 3900
f 3899 3901 3900
f 3900 3901 3902
f 3901 3903 3902
f 3902 3903 3904
f 3903 3905 3904
f 3904 3905 3882
f 3905 3883 3882
f 3906 3907 3908
f 3907 3909 3908
f 3908 3909 3910
f 3909 3911 3910
f 3910 3911 3912
f 3911 3913 3912
f 3912 3913 3914
f 3913 3915 3914
f 3914 3915 3916
f 3915 3917 3916
f 3916 3917 3918
f 3917 3919 3918
f 3918 3919 3920
f 3919 3921 3920
f 3920 3921 3922
f 3921 3923 3922
f 3922 3923 3924
f 3923 3925 3924
f 3924 3925 3926
f 3925 3927 3926
f 3926 3927 3928
f 3927 3929 3928
f 3928 3929 3906
f 3929 3907 3906
f 3930 3931 3932
f 3931 3933 3932
f 3932 3933 3934
f 3935 3936 3932
f 3936 3937 3932
f 3932 3937 3930
f 3938 3939 3932
f 3939 3940 3932
f 3932 3940 3935
f 3934 3941 3932
f 3941 3942 3932
f 3932 3942 3938
f 3943 3944 3945
f 3945 3944 3946
f 3947 3948 3949
f 3950 3951 3952
f 3953 3954 3955
f 3956 3957 3958
f 3957 3959 3958
f 3958 3959 3960
f 3949 3961 3947
f 3961 3962 3947
f 3947 3962 3963
f 3962 3964 3963
f 3963 3964 3965
f 3966 3967 3968
f 3967 3969 3968
f 3960 3959 3970
f 3959 3971 3970
f 3970 3971 3972
f 3956 3967 3957
f 3967 3966 3957
f 3957 3966 3973
f 3966 3974 3973
f 3973 3974 3975
f 3976 3977 3978
f 3978 3979 3976
f 3979 3980 3976
f 3976 3980 3981
f 3952 3951 3953
f 3951 3982 3953
f 3953 3982 3954
f 3945 3983 3943
f 3983 3977 3943
f 3943 3977 3984
f 3977 3976 3984
f 3969 3985 3968
f 3985 3986 3968
f 3968 3986 3987
f 3986 3988 3987
f 3987 3988 3983
f 3988 3989 3983
f 3983 3989 3977
f 3950 3952 3990
f 3952 3963 3990
f 3990 3963 3981
f 3963 3965 3981
f 3981 3965 3976
f 3988 3991 3989
f 3991 3992 3989
f 3989 3992 3955
f 3992 3972 3955
f 3955 3972 3953
f 3972 3971 3953
f 3974 3993 3975
f 3993 3994 3975
f 3975 3994 3995
f 3994 3996 3995
f 3997 3998 3944
f 3998 3999 3944
f 3944 3999 3946
f 3996 3998 3995
f 3998 3997 3995
f 3995 3997 4000
f 3997 4001 4000
f 4000 4001 3948
f 4001 4002 3948
f 3948 4002 3949
f 4003 4004 4005
f 4004 4006 4005
f 4005 4006 4007
f 4006 4008 4007
f 4007 4008 4009
f 4008 4010 4009
f 4009 4010 4011
f 4010 4012 4011
f 4011 4012 4013
f 4012 4014 4013
f 4013 4014 4015
f 4014 4016 4015
f 4015 4016 4017
f 4016 4018 4017
f 4017 4018 4019
f 4018 4020 4019
f 4019 4020 4021
f 4020 4022 4021
f 4021 4022 4023
f 4022 4024 4023
f 4023 4024 4025
f 4024 4026 4025
f 4025 4026 4003
f 4026 4004 4003
f 4027 4028 4029
f 4028 4030 4029
f 4029 4030 4031
f 4030 4032 4031
f 4031 4032 4033
f 4032 4034 4033
f 4033 4034 4035
f 4034 4036 4035
f 4035 4036 4037
f 4036 4038 4037
f 4037 4038 4039
f 4038 4040 4039
f 4039 4040 4041
f 4040 4042 4041
f 4041 4042 4043
f 4042 4044 4043
f 4043 4044 4045
f 4044 4046 4045
f 4045 4046 4047
f 4046 4048 4047
f 4047 4048 4049
f 4048 4050 4049
f 4049 4050 4027
f 4050 4028 4027
f 4051 4052 4053
f 4054 4055 4056
f 4057 4058 4059
f 4060 4061 4062
f 4061 4060 4063
f 4064 4065 4066
f 4067 4068 4069
f 4069 4068 4070
f 4070 4071 4072
f 4073 4074 4075
f 4074 4069 4075
f 4075 4069 4076
f 4077 4078 4071
f 4078 4079 4071
f 4071 4079 4072
f 4072 4080 4070
f 4080 4081 4070
f 4070 4081 4069
f 4081 4082 4069
f 4069 4082 4076
f 4073 4083 4074
f 4083 4084 4074
f 4074 4084 4077
f 4084 4085 4077
f 4077 4085 4078
f 4086 4087 4067
f 4088 4089 4090
f 4089 4086 4090
f 4090 4086 4091
f 4069 4053 4067
f 4053 4092 4067
f 4067 4092 4086
f 4092 4093 4086
f 4086 4093 4091
f 4088 4094 4089
f 4094 4095 4089
f 4089 4095 4096
f 4095 4097 4096
f 4096 4097 4098
f 4066 4099 4092
f 4099 4100 4092
f 4092 4100 4093
f 4098 4101 4066
f 4101 4102 4066
f 4066 4102 4099
f 4098 4066 4096
f 4066 4065 4096
f 4096 4065 4103
f 4066 4104 4064
f 4104 4105 4064
f 4064 4105 4106
f 4105 4107 4106
f 4108 4109 4110
f 4109 4111 4110
f 4110 4111 4105
f 4111 4112 4105
f 4105 4112 4107
f 4107 4113 4106
f 4113 4114 4106
f 4106 4114 4115
f 4114 4116 4115
f 4115 4116 4063
f 4116 4117 4063
f 4117 4118 4063
f 4063 4118 4061
f 4118 4119 4061
f 4061 4119 4110
f 4119 4120 4110
f 4110 4120 4108
f 4121 4122 4123
f 4124 4125 4126
f 4125 4127 4126
f 4126 4127 4128
f 4127 4062 4128
f 4129 4110 4130
f 4110 4123 4130
f 4130 4123 4131
f 4123 4122 4131
f 4129 4132 4110
f 4132 4133 4110
f 4110 4133 4061
f 4133 4134 4061
f 4061 4134 4062
f 4134 4135 4062
f 4062 4135 4128
f 4136 4137 4138
f 4058 4139 4140
f 4139 4141 4140
f 4141 4142 4140
f 4140 4142 4143
f 4142 4144 4143
f 4143 4144 4145
f 4124 4121 4125
f 4121 4123 4125
f 4125 4123 4146
f 4123 4056 4146
f 4146 4056 4138
f 4056 4143 4138
f 4138 4143 4136
f 4143 4145 4136
f 4057 4059 4147
f 4059 4148 4147
f 4147 4148 4149
f 4145 4150 4136
f 4150 4151 4136
f 4136 4151 4148
f 4151 4152 4148
f 4148 4152 4149
f 4058 4140 4059
f 4140 4153 4059
f 4059 4153 4154
f 4077 4155 4156
f 4157 4158 4159
f 4156 4160 4077
f 4160 4161 4077
f 4077 4161 4074
f 4161 4162 4074
f 4074 4162 4163
f 4163 4164 4074
f 4164 4165 4074
f 4074 4165 4158
f 4165 4166 4158
f 4158 4166 4159
f 4159 4167 4157
f 4167 4168 4157
f 4157 4168 4155
f 4168 4169 4155
f 4155 4169 4156
f 4056 4055 4143
f 4055 4170 4143
f 4143 4170 4140
f 4157 4171 4158
f 4171 4153 4158
f 4158 4153 4172
f 4153 4140 4172
f 4172 4140 4173
f 4140 4170 4173
f 4104 4174 4105
f 4174 4175 4105
f 4105 4175 4110
f 4175 4176 4110
f 4110 4176 4123
f 4176 4177 4123
f 4123 4177 4056
f 4177 4178 4056
f 4056 4178 4054
f 4053 4052 4092
f 4052 4179 4092
f 4092 4179 4066
f 4179 4180 4066
f 4066 4180 4104
f 4180 4181 4104
f 4104 4181 4174
f 4173 4182 4172
f 4182 4183 4172
f 4172 4183 4158
f 4183 4184 4158
f 4158 4184 4074
f 4184 4185 4074
f 4074 4185 4069
f 4185 4186 4069
f 4069 4186 4053
f 4186 4187 4053
f 4053 4187 4051
f 4188 4189 4190
f 4189 4191 4190
f 4190 4191 4192
f 4191 4193 4192
f 4192 4193 4194
f 4193 4195 4194
f 4194 4195 4196
f 4195 4197 4196
f 4196 4197 4198
f 4197 4199 4198
f 4198 4199 4200
f 4199 4201 4200
f 4200 4201 4202
f 4201 4203 4202
f 4202 4203 4204
f 4203 4205 4204
f 4204 4205 4206
f 4205 4207 4206
f 4206 4207 4208
f 4207 4209 4208
f 4208 4209 4210
f 4209 4211 4210
f 4210 4211 4188
f 4211 4189 4188
f 4212 4213 4214
f 4213 4215 4214
f 4214 4215 4216
f 4217 4218 4214
f 4218 4219 4214
f 4214 4219 4212
f 4220 4221 4214
f 4221 4222 4214
f 4214 4222 4217
f 4216 4223 4214
f 4223 4224 4214
f 4214 4224 4220
f 4225 4226 4227
f 4226 4228 4227
f 4227 4228 4229
f 4230 4231 4227
f 4231 4232 4227
f 4227 4232 4225
f 4233 4234 4227
f 4234 4235 4227
f 4227 4235 4230
f 4229 4236 4227
f 4236 4237 4227
f 4227 4237 4233
f 4238 4239 4240
f 4239 4241 4240
f 4240 4241 4242
f 4241 4243 4242
f 4242 4243 4244
f 4243 4245 4244
f 4244 4245 4246
f 4245 4247 4246
f 4246 4247 4248
f 4247 4249 4248
f 4248 4249 4250
f 4249 4251 4250
f 4250 4251 4252
f 4251 4253 4252
f 4252 4253 4254
f 4253 4255 4254
f 4254 4255 4256
f 4255 4257 4256
f 4256 4257 4258
f 4257 4259 4258
f 4258 4259 4260
f 4259 4261 4260
f 4260 4261 4238
f 4261 4239 4238
f 4262 4263 4264
f 4263 4265 4264
f 4264 4265 4266
f 4265 4267 4266
f 4266 4267 4268
f 4267 4269 4268
f 4268 4269 4270
f 4269 4271 4270
f 4270 4271 4272
f 4271 4273 4272
f 4272 4273 4274
f 4273 4275 4274
f 4274 4275 4276
f 4275 4277 4276
f 4276 4277 4278
f 4277 4279 4278
f 4278 4279 4280
f 4279 4281 4280
f 4280 4281 4282
f 4281 4283 4282
f 4282 4283 4284
f 4283 4285 4284
f 4284 4285 4262
f 4285 4263 4262
f 4286 4287 4288
f 4287 4289 4288
f 4288 4289 4290
f 4291 4292 4288
f 4292 4293 4288
f 4288 4293 4286
f 4294 4295 4288
f 4295 4296 4288
f 4288 4296 4291
f 4290 4297 4288
f 4297 4298 4288
f 4288 4298 4294
f 4299 4300 4301
f 4300 4302 4301
f 4301 4302 4303
f 4302 4304 4303
f 4303 4304 4305
f 4304 4306 4305
f 4305 4306 4307
f 4306 4308 4307
f 4307 4308 4309
f 4308 4310 4309
f 4309 4310 4311
f 4310 4312 4311
f 4311 4312 4313
f 4312 4314 4313
f 4313 4314 4315
f 4314 4316 4315
f 4315 4316 4317
f 4316 4318 4317
f 4317 4318 4319
f 4318 4320 4319
f 4319 4320 4321
f 4320 4322 4321
f 4321 4322 4299
f 4322 4300 4299
f 4323 4324 4325
f 4324 4326 4325
f 4325 4326 4327
f 4328 4329 4325
f 4329 4330 4325
f 4325 4330 4323
f 4331 4332 4325
f 4332 4333 4325
f 4325 4333 4328
f 4327 4334 4325
f 4334 4335 4325
f 4325 4335 4331
f 4336 4337 4338
f 4337 4339 4338
f 4338 4339 4340
f 4339 4341 4340
f 4340 4341 4342
f 4341 4343 4342
f 4342 4343 4344
f 4343 4345 4344
f 4344 4345 4346
f 4345 4347 4346
f 4346 4347 4348
f 4347 4349 4348
f 4348 4349 4350
f 4349 4351 4350
f 4350 4351 4352
f 4351 4353 4352
f 4352 4353 4354
f 4353 4355 4354
f 4354 4355 4356
f 4355 4357 4356
f 4356 4357 4358
f 4357 4359 4358
f 4358 4359 4336
f 4359 4337 4336
f 4360 4361 4362
f 4361 4363 4362
f 4362 4363 4364
f 4363 4365 4364
f 4364 4365 4366
f 4365 4367 4366
f 4366 4367 4368
f 4367 4369 4368
f 4368 4369 4370
f 4369 4371 4370
f 4370 4371 4372
f 4371 4373 4372
f 4372 4373 4374
f 4373 4375 4374
f 4374 4375 4376
f 4375 4377 4376
f 4376 4377 4378
f 4377 4379 4378
f 4378 4379 4380
f 4379 4381 4380
f 4380 4381 4382
f 4381 4383 4382
f 4382 4383 4360
f 4383 4361 4360
f 4384 4385 4386
f 4385 4387 4386
f 4386 4387 4388
f 4387 4389 4388
f 4388 4389 4390
f 4389 4391 4390
f 4390 4391 4392
f 4391 4393 4392
f 4392 4393 4394
f 4393 4395 4394
f 4394 4395 4396
f 4395 4397 4396
f 4396 4397 4398
f 4397 4399 4398
f 4398 4399 4400
f 4399 4401 4400
f 4400 4401 4402
f 4401 4403 4402
f 4402 4403 4404
f 4403 4405 4404
f 4404 4405 4406
f 4405 4407 4406
f 4406 4407 4384
f 4407 4385 4384
f 4408 4409 4410
f 4409 4411 4410
f 4410 4411 4412
f 4411 4413 4412
f 4412 4413 4414
f 4413 4415 4414
f 4414 4415 4416
f 4415 4417 4416
f 4416 4417 4418
f 4417 4419 4418
f 4418 4419 4420
f 4419 4421 4420
f 4420 4421 4422
f 4421 4423 4422
f 4422 4423 4424
f 4423 4425 4424
f 4424 4425 4426
f 4425 4427 4426
f 4426 4427 4428
f 4427 4429 4428
f 4428 4429 4430
f 4429 4431 4430
f 4430 4431 4408
f 4431 4409 4408
f 4432 4433 4434
f 4433 4435 4434
f 4434 4435 4436
f 4435 4437 4436
f 4436 4437 4438
f 4437 4439 4438
f 4438 4439 4440
f 4439 4441 4440
f 4440 4441 4442
f 4441 4443 4442
f 4442 4443 4444
f 4443 4445 4444
f 4444 4445 4446
f 4445 4447 4446
f 4446 4447 4448
f 4447 4449 4448
f 4448 4449 4450
f 4449 4451 4450
f 4450 4451 4452
f 4451 4453 4452
f 4452 4453 4454
f 4453 4455 4454
f 4454 4455 4432
f 4455 4433 4432
f 4456 4457 4458
f 4457 4459 4458
f 4458 4459 4460
f 4459 4461 4460
f 4460 4461 4462
f 4461 4463 4462
f 4462 4463 4464
f 4463 4465 4464
f 4464 4465 4466
f 4465 4467 4466
f 4466 4467 4468
f 4467 4469 4468
f 4468 4469 4470
f 4469 4471 4470
f 4470 4471 4472
f 4471 4473 4472
f 4472 4473 4474
f 4473 4475 4474
f 4474 4475 4476
f 4475 4477 4476
f 4476 4477 4478
f 4477 4479 4478
f 4478 4479 4456
f 4479 4457 4456
f 4480 4481 4482
f 4481 4483 4482
f 4482 4483 4484
f 4483 4485 4484
f 4484 4485 4486
f 4485 4487 4486
f 4486 4487 4488
f 4487 4489 4488
f 4488 4489 4490
f 4489 4491 4490
f 4490 4491 4492
f 4491 4493 4492
f 4492 4493 4494
f 4493 4495 4494
f 4494 4495 4496
f 4495 4497 4496
f 4496 4497 4498
f 4497 4499 4498
f 4498 4499 4500
f 4499 4501 4500
f 4500 4501 4502
f 4501 4503 4502
f 4502 4503 4480
f 4503 4481 4480
f 4504 4505 4506
f 4505 4507 4506
f 4506 4507 4508
f 4507 4509 4508
f 4508 4509 4510
f 4509 4511 4510
f 4510 4511 4512
f 4511 4513 4512
f 4512 4513 4514
f 4513 4515 4514
f 4514 4515 4516
f 4515 4517 4516
f 4516 4517 4518
f 4517 4519 4518
f 4518 4519 4520
f 4519 4521 4520
f 4520 4521 4522
f 4521 4523 4522
f 4522 4523 4524
f 4523 4525 4524
f 4524 4525 4526
f 4525 4527 4526
f 4526 4527 4504
f 4527 4505 4504
f 4528 4529 4530
f 4529 4531 4530
f 4530 4531 4532
f 4531 4533 4532
f 4532 4533 4534
f 4533 4535 4534
f 4534 4535 4536
f 4535 4537 4536
f 4536 4537 4538
f 4537 4539 4538
f 4538 4539 4540
f 4539 4541 4540
f 4540 4541 4542
f 4541 4543 4542
f 4542 4543 4544
f 4543 4545 4544
f 4544 4545 4546
f 4545 4547 4546
f 4546 4547 4548
f 4547 4549 4548
f 4548 4549 4550
f 4549 4551 4550
f 4550 4551 4528
f 4551 4529 4528
f 4552 4553 4554
f 4553 4555 4554
f 4554 4555 4556
f 4555 4557 4556
f 4556 4557 4558
f 4557 4559 4558
f 4558 4559 4560
f 4559 4561 4560
f 4560 4561 4562
f 4561 4563 4562
f 4562 4563 4564
f 4563 4565 4564
f 4564 4565 4566
f 4565 4567 4566
f 4566 4567 4568
f 4567 4569 4568
f 4568 4569 4570
f 4569 4571 4570
f 4570 4571 4572
f 4571 4573 4572
f 4572 4573 4574
f 4573 4575 4574
f 4574 4575 4552
f 4575 4553 4552
f 4576 4577 4578
f 4577 4579 4578
f 4578 4579 4580
f 4579 4581 4580
f 4580 4581 4582
f 4581 4583 4582
f 4582 4583 4584
f 4583 4585 4584
f 4584 4585 4586
f 4585 4587 4586
f 4586 4587 4588
f 4587 4589 4588
f 4588 4589 4590
f 4589 4591 4590
f 4590 4591 4592
f 4591 4593 4592
f 4592 4593 4594
f 4593 4595 4594
f 4594 4595 4596
f 4595 4597 4596
f 4596 4597 4598
f 4597 4599 4598
f 4598 4599 4576
f 4599 4577 4576
f 4600 4601 4602
f 4601 4603 4602
f 4602 4603 4604
f 4603 4605 4604
f 4604 4605 4606
f 4605 4607 4606
f 4606 4607 4608
f 4607 4609 4608
f 4608 4609 4610
f 4609 4611 4610
f 4610 4611 4612
f 4611 4613 4612
f 4612 4613 4614
f 4613 4615 4614
f 4614 4615 4616
f 4615 4617 4616
f 4616 4617 4618
f 4617 4619 4618
f 4618 4619 4620
f 4619 4621 4620
f 4620 4621 4622
f 4621 4623 4622
f 4622 4623 4600
f 4623 4601 4600
f 4624 4625 4626
f 4625 4627 4626
f 4626 4627 4628
f 4627 4629 4628
f 4628 4629 4630
f 4629 4631 4630
f 4630 4631 4632
f 4631 4633 4632
f 4632 4633 4634
f 4633 4635 4634
f 4634 4635 4636
f 4635 4637 4636
f 4636 4637 4638
f 4637 4639 4638
f 4638 4639 4640
f 4639 4641 4640
f 4640 4641 4642
f 4641 4643 4642
f 4642 4643 4644
f 4643 4645 4644
f 4644 4645 4646
f 4645 4647 4646
f 4646 4647 4624
f 4647 4625 4624
f 4648 4649 4650
f 4649 4651 4650
f 4650 4651 4652
f 4651 4653 4652
f 4652 4653 4654
f 4653 4655 4654
f 4654 4655 4656
f 4655 4657 4656
f 4656 4657 4658
f 4657 4659 4658
f 4658 4659 4660
f 4659 4661 4660
f 4660 4661 4662
f 4661 4663 4662
f 4662 4663 4664
f 4663 4665 4664
f 4664 4665 4666
f 4665 4667 4666
f 4666 4667 4668
f 4667 4669 4668
f 4668 4669 4670
f 4669 4671 4670
f 4670 4671 4648
f 4671 4649 4648
f 4672 4673 4674
f 4673 4675 4674
f 4676 4677 4678
f 4677 4679 4678
f 4680 4681 4682
f 4681 4683 4682
f 4684 4685 4686
f 4685 4687 4686
f 4688 4689 4690
f 4689 4691 4690
f 4690 4691 4692
f 4691 4693 4692
f 4692 4693 4694
f 4693 4695 4694
f 4694 4695 4696
f 4695 4697 4696
f 4696 4697 4698
f 4697 4699 4698
f 4698 4699 4700
f 4699 4701 4700
f 4700 4701 4702
f 4701 4703 4702
f 4702 4703 4704
f 4703 4705 4704
f 4704 4705 4706
f 4705 4707 4706
f 4706 4707 4708
f 4707 4709 4708
f 4708 4709 4710
f 4709 4711 4710
f 4710 4711 4688
f 4711 4689 4688
f 4712 4713 4714
f 4713 4715 4714
f 4714 4715 4716
f 4717 4718 4719
f 4718 4720 4719
f 4719 4720 4721
f 4717 4719 4715
f 4719 4722 4715
f 4715 4722 4716
f 4723 4724 4725
f 4724 4726 4725
f 4725 4726 4727
f 4728 4729 4730
f 4731 4732 4733
f 4732 4734 4733
f 4730 4729 4723
f 4729 4735 4723
f 4723 4735 4724
f 4735 4736 4724
f 4724 4736 4737
f 4720 4738 4721
f 4738 4739 4721
f 4721 4739 4740
f 4739 4727 4740
f 4740 4727 4741
f 4727 4726 4741
f 4714 4742 4712
f 4742 4743 4712
f 4712 4743 4730
f 4743 4744 4730
f 4730 4744 4728
f 4745 4724 4746
f 4724 4737 4746
f 4746 4737 4732
f 4737 4747 4732
f 4732 4747 4734
f 4733 4748 4731
f 4748 4749 4731
f 4731 4749 4750
f 4749 4743 4750
f 4750 4743 4751
f 4743 4742 4751
f 4752 4753 4754
f 4753 4755 4754
f 4754 4755 4756
f 4757 4758 4759
f 4760 4761 4758
f 4761 4762 4758
f 4758 4762 4759
f 4763 4764 4765
f 4764 4766 4765
f 4765 4766 4767
f 4768 4769 4770
f 4769 4771 4770
f 4770 4771 4772
f 4765 4773 4763
f 4773 4774 4763
f 4763 4774 4775
f 4774 4776 4775
f 4752 4754 4759
f 4754 4777 4759
f 4759 4777 4757
f 4776 4778 4775
f 4778 4779 4775
f 4775 4779 4780
f 4779 4761 4780
f 4780 4761 4781
f 4761 4760 4781
f 4781 4760 4782
f 4755 4783 4756
f 4783 4784 4756
f 4756 4784 4785
f 4784 4774 4785
f 4785 4774 4786
f 4774 4773 4786
f 4771 4787 4772
f 4787 4788 4772
f 4772 4788 4789
f 4788 4782 4789
f 4789 4782 4790
f 4782 4760 4790
f 4768 4770 4766
f 4770 4791 4766
f 4766 4791 4767
f 4792 4793 4794
f 4793 4795 4794
f 4794 4795 4796
f 4795 4797 4796
f 4796 4797 4798
f 4797 4799 4798
f 4798 4799 4800
f 4799 4801 4800
f 4800 4801 4802
f 4801 4803 4802
f 4802 4803 4804
f 4803 4805 4804
f 4804 4805 4806
f 4805 4807 4806
f 4806 4807 4808
f 4807 4809 4808
f 4808 4809 4810
f 4809 4811 4810
f 4810 4811 4812
f 4811 4813 4812
f 4812 4813 4814
f 4813 4815 4814
f 4814 4815 4792
f 4815 4793 4792
f 4676 4678 4816
f 4676 4816 4817
f 4816 4818 4817
f 4817 4818 4819
f 4818 4820 4819
f 4819 4820 4821
f 4680 4682 4822
f 4680 4822 4823
f 4822 4824 4823
f 4823 4824 4825
f 4824 4679 4825
f 4825 4679 4677
f 4826 4827 4828
f 4826 4828 4829
f 4828 4830 4829
f 4829 4830 4831
f 4830 4683 4831
f 4831 4683 4681
f 4832 4833 4834
f 4832 4834 4835
f 4834 4836 4835
f 4835 4836 4837
f 4836 4687 4837
f 4837 4687 4685
f 4838 4839 4840
f 4839 4841 4840
f 4840 4841 4842
f 4841 4843 4842
f 4842 4843 4844
f 4843 4845 4844
f 4844 4845 4846
f 4845 4847 4846
f 4846 4847 4848
f 4847 4849 4848
f 4848 4849 4850
f 4849 4851 4850
f 4850 4851 4852
f 4851 4853 4852
f 4852 4853 4854
f 4853 4855 4854
f 4854 4855 4856
f 4855 4857 4856
f 4856 4857 4858
f 4857 4859 4858
f 4858 4859 4860
f 4859 4861 4860
f 4860 4861 4838
f 4861 4839 4838
f 4861 4862 4839
f 4862 4863 4839
f 4839 4863 4841
f 4863 4864 4841
f 4841 4864 4843
f 4864 4865 4843
f 4843 4865 4845
f 4865 4866 4845
f 4845 4866 4847
f 4866 4867 4847
f 4847 4867 4849
f 4867 4868 4849
f 4849 4868 4851
f 4868 4869 4851
f 4851 4869 4853
f 4869 4870 4853
f 4853 4870 4855
f 4870 4871 4855
f 4855 4871 4857
f 4871 4872 4857
f 4857 4872 4859
f 4872 4873 4859
f 4859 4873 4861
f 4873 4862 4861
f 4873 4874 4862
f 4874 4875 4862
f 4862 4875 4863
f 4875 4876 4863
f 4863 4876 4864
f 4876 4877 4864
f 4864 4877 4865
f 4877 4878 4865
f 4865 4878 4866
f 4878 4879 4866
f 4866 4879 4867
f 4879 4880 4867
f 4867 4880 4868
f 4880 4881 4868
f 4868 4881 4869
f 4881 4882 4869
f 4869 4882 4870
f 4882 4883 4870
f 4870 4883 4871
f 4883 4884 4871
f 4871 4884 4872
f 4884 4885 4872
f 4872 4885 4873
f 4885 4874 4873
f 4886 4887 4888
f 4887 4889 4888
f 4888 4889 4890
f 4889 4891 4890
f 4890 4891 4892
f 4891 4893 4892
f 4892 4893 4894
f 4893 4895 4894
f 4894 4895 4896
f 4895 4897 4896
f 4896 4897 4898
f 4897 4899 4898
f 4898 4899 4900
f 4899 4901 4900
f 4900 4901 4902
f 4901 4903 4902
f 4902 4903 4904
f 4903 4905 4904
f 4904 4905 4906
f 4905 4907 4906
f 4906 4907 4908
f 4907 4909 4908
f 4908 4909 4886
f 4909 4887 4886
f 4909 4910 4887
f 4910 4911 4887
f 4887 4911 4889
f 4911 4912 4889
f 4889 4912 4891
f 4912 4913 4891
f 4891 4913 4893
f 4913 4914 4893
f 4893 4914 4895
f 4914 4915 4895
f 4895 4915 4897
f 4915 4916 4897
f 4897 4916 4899
f 4916 4917 4899
f 4899 4917 4901
f 4917 4918 4901
f 4901 4918 4903
f 4918 4919 4903
f 4903 4919 4905
f 4919 4920 4905
f 4905 4920 4907
f 4920 4921 4907
f 4907 4921 4909
f 4921 4910 4909
f 4921 4922 4910
f 4922 4923 4910
f 4910 4923 4911
f 4923 4924 4911
f 4911 4924 4912
f 4924 4925 4912
f 4912 4925 4913
f 4925 4926 4913
f 4913 4926 4914
f 4926 4927 4914
f 4914 4927 4915
f 4927 4928 4915
f 4915 4928 4916
f 4928 4929 4916
f 4916 4929 4917
f 4929 4930 4917
f 4917 4930 4918
f 4930 4931 4918
f 4918 4931 4919
f 4931 4932 4919
f 4919 4932 4920
f 4932 4933 4920
f 4920 4933 4921
f 4933 4922 4921
f 4934 4935 4936
f 4935 4937 4936
f 4936 4937 4938
f 4937 4939 4938
f 4938 4939 4940
f 4939 4941 4940
f 4940 4941 4942
f 4941 4943 4942
f 4942 4943 4944
f 4943 4945 4944
f 4944 4945 4946
f 4945 4947 4946
f 4946 4947 4948
f 4947 4949 4948
f 4948 4949 4950
f 4949 4951 4950
f 4950 4951 4952
f 4951 4953 4952
f 4952 4953 4954
f 4953 4955 4954
f 4954 4955 4956
f 4955 4957 4956
f 4956 4957 4934
f 4957 4935 4934
f 4957 4958 4935
f 4958 4959 4935
f 4935 4959 4937
f 4959 4960 4937
f 4937 4960 4939
f 4960 4961 4939
f 4939 4961 4941
f 4961 4962 4941
f 4941 4962 4943
f 4962 4963 4943
f 4943 4963 4945
f 4963 4964 4945
f 4945 4964 4947
f 4964 4965 4947
f 4947 4965 4949
f 4965 4966 4949
f 4949 4966 4951
f 4966 4967 4951
f 4951 4967 4953
f 4967 4968 4953
f 4953 4968 4955
f 4968 4969 4955
f 4955 4969 4957
f 4969 4958 4957
f 4969 4970 4958
f 4970 4971 4958
f 4958 4971 4959
f 4971 4972 4959
f 4959 4972 4960
f 4972 4973 4960
f 4960 4973 4961
f 4973 4974 4961
f 4961 4974 4962
f 4974 4975 4962
f 4962 4975 4963
f 4975 4976 4963
f 4963 4976 4964
f 4976 4977 4964
f 4964 4977 4965
f 4977 4978 4965
f 4965 4978 4966
f 4978 4979 4966
f 4966 4979 4967
f 4979 4980 4967
f 4967 4980 4968
f 4980 4981 4968
f 4968 4981 4969
f 4981 4970 4969
f 4982 4983 4984
f 4983 4985 4984
f 4984 4985 4986
f 4985 4987 4986
f 4986 4987 4988
f 4987 4989 4988
f 4988 4989 4990
f 4989 4991 4990
f 4990 4991 4992
f 4991 4993 4992
f 4992 4993 4994
f 4993 4995 4994
f 4994 4995 4996
f 4995 4997 4996
f 4996 4997 4998
f 4997 4999 4998
f 4998 4999 5000
f 4999 5001 5000
f 5000 5001 5002
f 5001 5003 5002
f 5002 5003 5004
f 5003 5005 5004
f 5004 5005 4982
f 5005 4983 4982
f 5005 5006 4983
f 5006 5007 4983
f 4983 5007 4985
f 5007 5008 4985
f 4985 5008 4987
f 5008 5009 4987
f 4987 5009 4989
f 5009 5010 4989
f 4989 5010 4991
f 5010 5011 4991
f 4991 5011 4993
f 5011 5012 4993
f 4993 5012 4995
f 5012 5013 4995
f 4995 5013 4997
f 5013 5014 4997
f 4997 5014 4999
f 5014 5015 4999
f 4999 5015 5001
f 5015 5016 5001
f 5001 5016 5003
f 5016 5017 5003
f 5003 5017 5005
f 5017 5006 5005
f 5017 5018 5006
f 5018 5019 5006
f 5006 5019 5007
f 5019 5020 5007
f 5007 5020 5008
f 5020 5021 5008
f 5008 5021 5009
f 5021 5022 5009
f 5009 5022 5010
f 5022 5023 5010
f 5010 5023 5011
f 5023 5024 5011
f 5011 5024 5012
f 5024 5025 5012
f 5012 5025 5013
f 5025 5026 5013
f 5013 5026 5014
f 5026 5027 5014
f 5014 5027 5015
f 5027 5028 5015
f 5015 5028 5016
f 5028 5029 5016
f 5016 5029 5017
f 5029 5018 5017
f 5030 4840 5031
f 4840 4842 5031
f 5031 4842 5032
f 4842 4844 5032
f 5032 4844 5033
f 4844 4846 5033
f 5033 4846 5034
f 4846 4848 5034
f 5034 4848 5035
f 4848 4850 5035
f 5035 4850 5036
f 4850 4852 5036
f 5036 4852 5037
f 4852 4854 5037
f 5037 4854 5038
f 4854 4856 5038
f 5038 4856 5039
f 4856 4858 5039
f 5039 4858 5040
f 4858 4860 5040
f 5040 4860 5041
f 4860 4838 5041
f 5041 4838 5030
f 4838 4840 5030
f 4890 4875 4888
f 4875 4874 4888
f 4888 4874 4886
f 4874 4885 4886
f 4886 4885 5042
f 4885 4884 5042
f 5042 4884 5043
f 4884 4883 5043
f 5043 4883 5044
f 4883 4882 5044
f 5044 4882 5045
f 4882 4881 5045
f 5045 4881 5046
f 4881 4880 5046
f 5046 4880 5047
f 4880 4879 5047
f 5047 4879 5048
f 4879 4878 5048
f 5048 4878 4894
f 4878 4877 4894
f 4894 4877 4892
f 4877 4876 4892
f 4892 4876 4890
f 4876 4875 4890
f 5049 4934 5050
f 4934 4936 5050
f 5050 4936 5051
f 4936 4938 5051
f 5051 4938 5052
f 4938 4940 5052
f 5052 4940 5053
f 4940 4942 5053
f 5053 4942 5054
f 4942 4944 5054
f 5054 4944 5055
f 4944 4946 5055
f 5055 4946 5056
f 4946 4948 5056
f 5056 4948 5057
f 4948 4950 5057
f 5057 4950 5058
f 4950 4952 5058
f 5058 4952 5059
f 4952 4954 5059
f 5059 4954 5060
f 4954 4956 5060
f 5060 4956 5049
f 4956 4934 5049
f 4973 4990 4974
f 4990 5061 4974
f 4974 5061 4975
f 5061 5062 4975
f 4975 5062 4976
f 5062 5063 4976
f 4976 5063 4977
f 5063 5064 4977
f 4977 5064 4978
f 5064 5065 4978
f 4978 5065 4979
f 5065 5066 4979
f 4979 5066 4980
f 5066 5067 4980
f 4980 5067 4981
f 5067 4982 4981
f 4981 4982 4970
f 4982 4984 4970
f 4970 4984 4971
f 4984 4986 4971
f 4971 4986 4972
f 4986 4988 4972
f 4972 4988 4973
f 4988 4990 4973
f 5029 5068 5018
f 5068 5069 5018
f 5018 5069 5019
f 5069 5070 5019
f 5019 5070 5020
f 5070 5071 5020
f 5020 5071 5021
f 5071 5072 5021
f 5021 5072 5022
f 5072 5073 5022
f 5022 5073 5023
f 5073 5074 5023
f 5023 5074 5024
f 5074 5075 5024
f 5024 5075 5025
f 5075 5076 5025
f 5025 5076 5026
f 5076 5077 5026
f 5026 5077 5027
f 5077 5078 5027
f 5027 5078 5028
f 5078 5079 5028
f 5028 5079 5029
f 5079 5068 5029
f 5080 5081 5082
f 5081 5083 5082
f 5082 5083 5084
f 5083 5085 5084
f 5084 5085 5086
f 5085 5087 5086
f 5086 5087 5088
f 5087 5089 5088
f 5088 5089 5090
f 5089 5091 5090
f 5090 5091 5092
f 5091 5093 5092
f 5092 5093 5094
f 5093 5095 5094
f 5094 5095 5096
f 5095 5097 5096
f 5096 5097 5098
f 5097 5099 5098
f 5098 5099 5100
f 5099 5101 5100
f 5100 5101 5102
f 5101 5103 5102
f 5102 5103 5080
f 5103 5081 5080
f 5081 5104 5083
f 5104 5105 5083
f 5083 5105 5085
f 5105 5106 5085
f 5085 5106 5087
f 5106 5107 5087
f 5087 5107 5089
f 5107 5108 5089
f 5089 5108 5091
f 5108 5109 5091
f 5091 5109 5093
f 5109 5110 5093
f 5093 5110 5095
f 5110 5111 5095
f 5095 5111 5097
f 5111 5112 5097
f 5097 5112 5099
f 5112 5113 5099
f 5099 5113 5101
f 5113 5114 5101
f 5101 5114 5103
f 5114 5115 5103
f 5103 5115 5081
f 5115 5104 5081
f 5104 5116 5105
f 5116 5117 5105
f 5105 5117 5106
f 5117 5118 5106
f 5106 5118 5107
f 5118 5119 5107
f 5107 5119 5108
f 5119 5120 5108
f 5108 5120 5109
f 5120 5121 5109
f 5109 5121 5110
f 5121 5122 5110
f 5110 5122 5111
f 5122 5123 5111
f 5111 5123 5112
f 5123 5124 5112
f 5112 5124 5113
f 5124 5125 5113
f 5113 5125 5114
f 5125 5126 5114
f 5114 5126 5115
f 5126 5127 5115
f 5115 5127 5104
f 5127 5116 5104
f 5116 5128 5117
f 5128 5129 5117
f 5117 5129 5118
f 5129 5130 5118
f 5118 5130 5119
f 5130 5131 5119
f 5119 5131 5120
f 5131 5132 5120
f 5120 5132 5121
f 5132 5133 5121
f 5121 5133 5122
f 5133 5134 5122
f 5122 5134 5123
f 5134 5135 5123
f 5123 5135 5124
f 5135 5136 5124
f 5124 5136 5125
f 5136 5137 5125
f 5125 5137 5126
f 5137 5138 5126
f 5126 5138 5127
f 5138 5139 5127
f 5127 5139 5116
f 5139 5128 5116
f 5128 5140 5129
f 5140 5141 5129
f 5129 5141 5130
f 5141 5142 5130
f 5130 5142 5131
f 5142 5143 5131
f 5131 5143 5132
f 5143 5144 5132
f 5132 5144 5133
f 5144 5145 5133
f 5133 5145 5134
f 5145 5146 5134
f 5134 5146 5135
f 5146 5147 5135
f 5135 5147 5136
f 5147 5148 5136
f 5136 5148 5137
f 5148 5149 5137
f 5137 5149 5138
f 5149 5150 5138
f 5138 5150 5139
f 5150 5151 5139
f 5139 5151 5128
f 5151 5140 5128
f 5152 5153 5154
f 5152 5154 5155
f 5154 5156 5155
f 5155 5156 5157
f 5156 5158 5157
f 5157 5158 5159
f 5160 5161 5162
f 5160 5162 5163
f 5162 5164 5163
f 5163 5164 5165
f 5164 5166 5165
f 5165 5166 5167
f 5168 5169 5170
f 5171 5172 5173
f 5174 5175 5176
f 5175 5177 5176
f 5176 5177 5178
f 5177 5168 5178
f 5178 5168 5179
f 5168 5170 5179
f 5180 5181 5178
f 5181 5182 5178
f 5178 5182 5176
f 5182 5171 5176
f 5176 5171 5183
f 5171 5173 5183
f 5184 5185 5186
f 5187 5188 5189
f 5190 5191 5185
f 5191 5192 5185
f 5185 5192 5186
f 5192 5187 5186
f 5186 5187 5193
f 5187 5189 5193
f 5194 5195 5196
f 5195 5184 5196
f 5196 5184 5197
f 5184 5186 5197
f 5197 5186 5198
f 5186 5199 5198
f 5200 5201 5202
f 5201 5203 5202
f 5204 5205 5158
f 5205 5206 5158
f 5158 5206 5159
f 5206 5207 5159
f 5208 5209 5158
f 5209 5210 5158
f 5158 5210 5204
f 5207 5211 5159
f 5211 5212 5159
f 5159 5212 5213
f 5212 5214 5213
f 5214 5215 5213
f 5215 5216 5213
f 5213 5216 5208
f 5216 5217 5208
f 5208 5217 5209
f 5218 5219 5166
f 5219 5220 5166
f 5166 5220 5167
f 5220 5221 5167
f 5222 5223 5224
f 5223 5167 5224
f 5224 5167 5225
f 5167 5221 5225
f 5226 5227 5166
f 5227 5228 5166
f 5166 5228 5218
f 5222 5229 5223
f 5229 5230 5223
f 5223 5230 5226
f 5230 5231 5226
f 5226 5231 5227
f 5232 5233 5234
f 5233 5235 5234
f 5234 5235 5236
f 5235 5237 5236
f 5236 5237 5238
f 5237 5239 5238
f 5238 5239 5240
f 5239 5241 5240
f 5240 5241 5242
f 5241 5243 5242
f 5242 5243 5244
f 5243 5245 5244
f 5244 5245 5246
f 5245 5247 5246
f 5246 5247 5248
f 5247 5249 5248
f 5248 5249 5250
f 5249 5251 5250
f 5250 5251 5252
f 5251 5253 5252
f 5252 5253 5254
f 5253 5255 5254
f 5254 5255 5232
f 5255 5233 5232
f 5256 5257 5258
f 5256 5258 5259
f 5258 5260 5259
f 5259 5260 5261
f 5260 5223 5261
f 5261 5223 5226
f 5213 5208 5262
f 5213 5262 5263
f 5262 5264 5263
f 5263 5264 5265
f 5264 5266 5265
f 5265 5266 5267
f 5152 5268 5153
f 5268 5269 5153
f 5270 5271 5272
f 5271 5273 5272
f 5272 5273 5274
f 5273 5275 5274
f 5274 5275 5276
f 5275 5277 5276
f 5276 5277 5278
f 5277 5279 5278
f 5278 5279 5280
f 5279 5281 5280
f 5280 5281 5282
f 5281 5283 5282
f 5282 5283 5284
f 5283 5285 5284
f 5284 5285 5286
f 5285 5287 5286
f 5286 5287 5288
f 5287 5289 5288
f 5288 5289 5290
f 5289 5291 5290
f 5290 5291 5292
f 5291 5293 5292
f 5292 5293 5270
f 5293 5271 5270
f 5294 5295 5296
f 5295 5297 5296
f 5296 5297 5298
f 5297 5299 5298
f 5298 5299 5300
f 5299 5301 5300
f 5300 5301 5302
f 5301 5303 5302
f 5302 5303 5304
f 5303 5305 5304
f 5304 5305 5306
f 5305 5307 5306
f 5306 5307 5308
f 5307 5309 5308
f 5308 5309 5310
f 5309 5311 5310
f 5310 5311 5312
f 5311 5313 5312
f 5312 5313 5314
f 5313 5315 5314
f 5314 5315 5316
f 5315 5317 5316
f 5316 5317 5294
f 5317 5295 5294
f 5318 5319 5320
f 5319 5321 5320
f 5320 5321 5322
f 5321 5323 5322
f 5322 5323 5324
f 5323 5325 5324
f 5324 5325 5326
f 5325 5327 5326
f 5326 5327 5328
f 5327 5329 5328
f 5328 5329 5330
f 5329 5331 5330
f 5330 5331 5332
f 5331 5333 5332
f 5332 5333 5334
f 5333 5335 5334
f 5334 5335 5336
f 5335 5337 5336
f 5336 5337 5338
f 5337 5339 5338
f 5338 5339 5340
f 5339 5341 5340
f 5340 5341 5318
f 5341 5319 5318
f 5342 5343 5344
f 5343 5345 5344
f 5344 5345 5346
f 5345 5347 5346
f 5346 5347 5348
f 5347 5349 5348
f 5348 5349 5350
f 5349 5351 5350
f 5350 5351 5352
f 5351 5353 5352
f 5352 5353 5354
f 5353 5355 5354
f 5354 5355 5356
f 5355 5357 5356
f 5356 5357 5358
f 5357 5359 5358
f 5358 5359 5360
f 5359 5361 5360
f 5360 5361 5362
f 5361 5363 5362
f 5362 5363 5364
f 5363 5365 5364
f 5364 5365 5342
f 5365 5343 5342
f 5366 5367 5368
f 5367 5369 5368
f 5368 5369 5370
f 5369 5371 5370
f 5370 5371 5372
f 5371 5373 5372
f 5372 5373 5374
f 5373 5375 5374
f 5374 5375 5376
f 5375 5377 5376
f 5376 5377 5378
f 5377 5379 5378
f 5378 5379 5380
f 5379 5381 5380
f 5380 5381 5382
f 5381 5383 5382
f 5382 5383 5384
f 5383 5385 5384
f 5384 5385 5386
f 5385 5387 5386
f 5386 5387 5388
f 5387 5389 5388
f 5388 5389 5366
f 5389 5367 5366
f 5390 5391 5392
f 5391 5393 5392
f 5392 5393 5394
f 5393 5395 5394
f 5394 5395 5396
f 5395 5397 5396
f 5396 5397 5398
f 5397 5399 5398
f 5398 5399 5400
f 5399 5401 5400
f 5400 5401 5402
f 5401 5403 5402
f 5402 5403 5404
f 5403 5405 5404
f 5404 5405 5406
f 5405 5407 5406
f 5406 5407 5408
f 5407 5409 5408
f 5408 5409 5410
f 5409 5411 5410
f 5410 5411 5412
f 5411 5413 5412
f 5412 5413 5390
f 5413 5391 5390
f 5414 5415 5416
f 5415 5417 5416
f 5416 5417 5418
f 5417 5419 5418
f 5418 5419 5420
f 5419 5421 5420
f 5420 5421 5422
f 5421 5423 5422
f 5422 5423 5424
f 5423 5425 5424
f 5424 5425 5426
f 5425 5427 5426
f 5426 5427 5428
f 5427 5429 5428
f 5428 5429 5430
f 5429 5431 5430
f 5430 5431 5432
f 5431 5433 5432
f 5432 5433 5434
f 5433 5435 5434
f 5434 5435 5436
f 5435 5437 5436
f 5436 5437 5414
f 5437 5415 5414
f 5438 5439 5440
f 5439 5441 5440
f 5440 5441 5442
f 5441 5443 5442
f 5442 5443 5444
f 5443 5445 5444
f 5444 5445 5446
f 5445 5447 5446
f 5446 5447 5448
f 5447 5449 5448
f 5448 5449 5450
f 5449 5451 5450
f 5450 5451 5452
f 5451 5453 5452
f 5452 5453 5454
f 5453 5455 5454
f 5454 5455 5456
f 5455 5457 5456
f 5456 5457 5458
f 5457 5459 5458
f 5458 5459 5460
f 5459 5461 5460
f 5460 5461 5438
f 5461 5439 5438
f 5462 5463 5464
f 5463 5465 5464
f 5464 5465 5466
f 5465 5467 5466
f 5466 5467 5468
f 5467 5469 5468
f 5468 5469 5470
f 5469 5471 5470
f 5470 5471 5472
f 5471 5473 5472
f 5472 5473 5474
f 5473 5475 5474
f 5474 5475 5476
f 5475 5477 5476
f 5476 5477 5478
f 5477 5479 5478
f 5478 5479 5480
f 5479 5481 5480
f 5480 5481 5482
f 5481 5483 5482
f 5482 5483 5484
f 5483 5485 5484
f 5484 5485 5462
f 5485 5463 5462
f 5486 5487 5488
f 5487 5489 5488
f 5488 5489 5490
f 5489 5491 5490
f 5490 5491 5492
f 5491 5493 5492
f 5492 5493 5494
f 5493 5495 5494
f 5494 5495 5496
f 5495 5497 5496
f 5496 5497 5498
f 5497 5499 5498
f 5498 5499 5500
f 5499 5501 5500
f 5500 5501 5502
f 5501 5503 5502
f 5502 5503 5504
f 5503 5505 5504
f 5504 5505 5506
f 5505 5507 5506
f 5506 5507 5508
f 5507 5509 5508
f 5508 5509 5486
f 5509 5487 5486
f 5510 5511 5512
f 5511 5513 5512
f 5512 5513 5514
f 5513 5515 5514
f 5514 5515 5516
f 5515 5517 5516
f 5516 5517 5518
f 5517 5519 5518
f 5518 5519 5520
f 5519 5521 5520
f 5520 5521 5522
f 5521 5523 5522
f 5522 5523 5524
f 5523 5525 5524
f 5524 5525 5526
f 5525 5527 5526
f 5526 5527 5528
f 5527 5529 5528
f 5528 5529 5530
f 5529 5531 5530
f 5530 5531 5532
f 5531 5533 5532
f 5532 5533 5510
f 5533 5511 5510
f 5534 5535 5536
f 5535 5537 5536
f 5536 5537 5538
f 5537 5539 5538
f 5538 5539 5540
f 5539 5541 5540
f 5540 5541 5542
f 5541 5543 5542
f 5542 5543 5544
f 5543 5545 5544
f 5544 5545 5546
f 5545 5547 5546
f 5546 5547 5548
f 5547 5549 5548
f 5548 5549 5550
f 5549 5551 5550
f 5550 5551 5552
f 5551 5553 5552
f 5552 5553 5554
f 5553 5555 5554
f 5554 5555 5556
f 5555 5557 5556
f 5556 5557 5534
f 5557 5535 5534
f 5558 5559 5560
f 5561 5562 5563
f 5562 5561 5564
f 5565 5566 5567
f 5568 5569 5570
f 5569 5567 5570
f 5570 5567 5571
f 5567 5566 5571
f 5572 5573 5574
f 5573 5575 5574
f 5575 5576 5574
f 5574 5576 5577
f 5578 5579 5580
f 5579 5577 5580
f 5580 5577 5581
f 5577 5576 5581
f 5582 5583 5579
f 5584 5585 5586
f 5585 5587 5586
f 5586 5587 5588
f 5589 5590 5591
f 5590 5592 5591
f 5591 5592 5593
f 5588 5594 5567
f 5594 5595 5567
f 5578 5565 5579
f 5565 5567 5579
f 5579 5567 5582
f 5567 5595 5582
f 5595 5596 5582
f 5596 5597 5582
f 5582 5597 5592
f 5597 5598 5592
f 5592 5598 5593
f 5599 5600 5590
f 5601 5602 5586
f 5589 5584 5590
f 5584 5586 5590
f 5590 5586 5599
f 5586 5602 5599
f 5603 5604 5586
f 5604 5605 5586
f 5586 5605 5601
f 5606 5562 5607
f 5562 5564 5607
f 5607 5564 5608
f 5564 5609 5608
f 5608 5609 5610
f 5609 5599 5610
f 5610 5599 5611
f 5599 5602 5611
f 5606 5612 5562
f 5612 5613 5562
f 5562 5613 5603
f 5613 5614 5603
f 5603 5614 5604
f 5615 5616 5562
f 5603 5617 5618
f 5562 5616 5563
f 5616 5619 5563
f 5563 5619 5620
f 5619 5621 5620
f 5620 5621 5622
f 5621 5623 5622
f 5622 5623 5624
f 5624 5625 5617
f 5625 5626 5617
f 5617 5626 5618
f 5618 5627 5603
f 5627 5628 5603
f 5603 5628 5562
f 5628 5629 5562
f 5562 5629 5615
f 5624 5617 5622
f 5617 5630 5622
f 5622 5630 5631
f 5632 5558 5633
f 5558 5630 5633
f 5633 5630 5634
f 5630 5617 5634
f 5634 5617 5635
f 5632 5636 5558
f 5636 5637 5558
f 5558 5637 5559
f 5637 5638 5559
f 5638 5639 5559
f 5559 5639 5640
f 5641 5642 5643
f 5642 5644 5643
f 5643 5644 5645
f 5646 5647 5640
f 5648 5649 5646
f 5643 5650 5651
f 5646 5649 5652
f 5649 5653 5652
f 5653 5654 5652
f 5652 5654 5574
f 5654 5655 5574
f 5574 5655 5656
f 5639 5641 5640
f 5641 5643 5640
f 5640 5643 5646
f 5643 5651 5646
f 5646 5651 5648
f 5656 5657 5574
f 5657 5569 5574
f 5574 5569 5572
f 5569 5568 5572
f 5657 5658 5569
f 5658 5659 5569
f 5569 5659 5643
f 5659 5660 5643
f 5643 5660 5650
f 5588 5567 5586
f 5567 5569 5586
f 5586 5569 5603
f 5569 5643 5603
f 5603 5643 5617
f 5643 5645 5617
f 5617 5645 5635
f 5661 5662 5663
f 5662 5661 5664
f 5665 5666 5667
f 5668 5669 5670
f 5669 5671 5670
f 5670 5671 5665
f 5666 5672 5667
f 5672 5673 5667
f 5667 5673 5674
f 5673 5675 5674
f 5675 5676 5674
f 5674 5676 5677
f 5676 5678 5677
f 5678 5679 5677
f 5679 5680 5677
f 5677 5680 5668
f 5680 5681 5668
f 5668 5681 5669
f 5665 5667 5670
f 5667 5682 5670
f 5670 5682 5683
f 5684 5685 5667
f 5685 5686 5667
f 5667 5686 5682
f 5686 5687 5682
f 5682 5687 5688
f 5687 5689 5688
f 5688 5689 5690
f 5690 5691 5688
f 5691 5692 5688
f 5688 5692 5693
f 5691 5694 5692
f 5694 5695 5692
f 5692 5695 5696
f 5697 5698 5699
f 5698 5700 5699
f 5701 5702 5696
f 5703 5704 5662
f 5662 5704 5705
f 5699 5706 5707
f 5704 5708 5705
f 5708 5709 5705
f 5705 5709 5699
f 5709 5710 5699
f 5699 5710 5706
f 5695 5697 5696
f 5697 5699 5696
f 5696 5699 5701
f 5699 5707 5701
f 5707 5711 5701
f 5711 5712 5701
f 5701 5712 5713
f 5712 5714 5713
f 5713 5714 5664
f 5714 5715 5664
f 5664 5715 5662
f 5715 5716 5662
f 5662 5716 5703
f 5717 5718 5719
f 5718 5720 5719
f 5720 5721 5719
f 5719 5721 5705
f 5722 5662 5723
f 5662 5705 5723
f 5723 5705 5724
f 5705 5721 5724
f 5722 5725 5662
f 5725 5726 5662
f 5662 5726 5663
f 5726 5727 5663
f 5663 5727 5728
f 5727 5729 5728
f 5728 5729 5730
f 5729 5731 5730
f 5732 5733 5730
f 5734 5735 5736
f 5734 5736 5737
f 5738 5739 5740
f 5739 5741 5740
f 5740 5741 5742
f 5743 5744 5719
f 5744 5745 5719
f 5731 5717 5730
f 5717 5719 5730
f 5730 5719 5732
f 5719 5745 5732
f 5745 5746 5732
f 5746 5747 5732
f 5732 5747 5741
f 5747 5748 5741
f 5741 5748 5742
f 5749 5750 5739
f 5736 5674 5751
f 5751 5752 5736
f 5752 5753 5736
f 5736 5753 5754
f 5755 5756 5677
f 5756 5757 5677
f 5738 5737 5739
f 5737 5736 5739
f 5739 5736 5749
f 5736 5754 5749
f 5754 5758 5749
f 5758 5759 5749
f 5749 5759 5755
f 5759 5760 5755
f 5755 5760 5756
f 5757 5761 5677
f 5761 5762 5677
f 5677 5762 5674
f 5762 5763 5674
f 5674 5763 5751
f 5735 5743 5736
f 5743 5719 5736
f 5736 5719 5674
f 5719 5705 5674
f 5674 5705 5667
f 5705 5699 5667
f 5667 5699 5684
f 5699 5700 5684
f 5764 5765 5766
f 5765 5767 5766
f 5766 5767 5768
f 5767 5769 5768
f 5768 5769 5770
f 5769 5771 5770
f 5770 5771 5772
f 5771 5773 5772
f 5772 5773 5774
f 5773 5775 5774
f 5774 5775 5776
f 5775 5777 5776
f 5776 5777 5778
f 5777 5779 5778
f 5778 5779 5780
f 5779 5781 5780
f 5780 5781 5782
f 5781 5783 5782
f 5782 5783 5784
f 5783 5785 5784
f 5784 5785 5786
f 5785 5787 5786
f 5786 5787 5764
f 5787 5765 5764
f 5788 5789 5790
f 5789 5791 5790
f 5790 5791 5792
f 5791 5793 5792
f 5792 5793 5794
f 5793 5795 5794
f 5794 5795 5796
f 5795 5797 5796
f 5796 5797 5798
f 5797 5799 5798
f 5798 5799 5800
f 5799 5801 5800
f 5800 5801 5802
f 5801 5803 5802
f 5802 5803 5804
f 5803 5805 5804
f 5804 5805 5806
f 5805 5807 5806
f 5806 5807 5808
f 5807 5809 5808
f 5808 5809 5810
f 5809 5811 5810
f 5810 5811 5788
f 5811 5789 5788
f 5812 5813 5814
f 5813 5815 5814
f 5814 5815 5816
f 5815 5817 5816
f 5816 5817 5818
f 5817 5819 5818
f 5818 5819 5820
f 5819 5821 5820
f 5820 5821 5822
f 5821 5823 5822
f 5822 5823 5824
f 5823 5825 5824
f 5824 5825 5826
f 5825 5827 5826
f 5826 5827 5828
f 5827 5829 5828
f 5828 5829 5830
f 5829 5831 5830
f 5830 5831 5832
f 5831 5833 5832
f 5832 5833 5834
f 5833 5835 5834
f 5834 5835 5812
f 5835 5813 5812
f 5836 5837 5838
f 5837 5839 5838
f 5838 5839 5840
f 5839 5841 5840
f 5840 5841 5842
f 5841 5843 5842
f 5842 5843 5844
f 5843 5845 5844
f 5844 5845 5846
f 5845 5847 5846
f 5846 5847 5848
f 5847 5849 5848
f 5848 5849 5850
f 5849 5851 5850
f 5850 5851 5852
f 5851 5853 5852
f 5852 5853 5854
f 5853 5855 5854
f 5854 5855 5856
f 5855 5857 5856
f 5856 5857 5858
f 5857 5859 5858
f 5858 5859 5836
f 5859 5837 5836
f 5860 5861 5862
f 5861 5863 5862
f 5862 5863 5864
f 5863 5865 5864
f 5864 5865 5866
f 5865 5867 5866
f 5866 5867 5868
f 5867 5869 5868
f 5868 5869 5870
f 5869 5871 5870
f 5870 5871 5872
f 5871 5873 5872
f 5872 5873 5874
f 5873 5875 5874
f 5874 5875 5876
f 5875 5877 5876
f 5876 5877 5878
f 5877 5879 5878
f 5878 5879 5880
f 5879 5881 5880
f 5880 5881 5882
f 5881 5883 5882
f 5882 5883 5860
f 5883 5861 5860
f 5884 5885 5886
f 5885 5887 5886
f 5886 5887 5888
f 5887 5889 5888
f 5890 5891 5892
f 5891 5893 5892
f 5892 5893 5894
f 5893 5895 5894
f 5894 5895 5896
f 5895 5897 5896
f 5896 5897 5898
f 5897 5899 5898
f 5898 5899 5900
f 5899 5901 5900
f 5900 5901 5902
f 5901 5903 5902
f 5902 5903 5904
f 5903 5905 5904
f 5904 5905 5906
f 5905 5907 5906
f 5906 5907 5908
f 5907 5909 5908
f 5908 5909 5910
f 5909 5911 5910
f 5910 5911 5912
f 5911 5913 5912
f 5912 5913 5890
f 5913 5891 5890
f 5914 5915 5916
f 5915 5917 5916
f 5916 5917 5918
f 5917 5919 5918
f 5918 5919 5920
f 5919 5921 5920
f 5920 5921 5922
f 5921 5923 5922
f 5922 5923 5924
f 5923 5925 5924
f 5924 5925 5926
f 5925 5927 5926
f 5926 5927 5928
f 5927 5929 5928
f 5928 5929 5930
f 5929 5931 5930
f 5930 5931 5932
f 5931 5933 5932
f 5932 5933 5934
f 5933 5935 5934
f 5934 5935 5936
f 5935 5937 5936
f 5936 5937 5914
f 5937 5915 5914
f 5938 5939 5940
f 5939 5941 5940
f 5940 5941 5942
f 5941 5943 5942
f 5942 5943 5944
f 5943 5945 5944
f 5944 5945 5946
f 5945 5947 5946
f 5946 5947 5948
f 5947 5949 5948
f 5950 5951 5952
f 5951 5953 5952
f 5952 5953 5954
f 5953 5955 5954
f 5954 5955 5956
f 5955 5957 5956
f 5956 5957 5958
f 5957 5959 5958
f 5958 5959 5960
f 5959 5961 5960
f 5960 5961 5962
f 5961 5963 5962
f 5962 5963 5964
f 5963 5965 5964
f 5964 5965 5966
f 5965 5967 5966
f 5966 5967 5968
f 5967 5969 5968
f 5968 5969 5970
f 5969 5971 5970
f 5970 5971 5972
f 5971 5973 5972
f 5972 5973 5950
f 5973 5951 5950
f 5974 5975 5976
f 5975 5977 5976
f 5976 5977 5978
f 5977 5979 5978
f 5978 5979 5980
f 5979 5981 5980
f 5980 5981 5982
f 5981 5983 5982
f 5982 5983 5984
f 5983 5985 5984
f 5984 5985 5986
f 5985 5987 5986
f 5986 5987 5988
f 5987 5989 5988
f 5988 5989 5990
f 5989 5991 5990
f 5990 5991 5992
f 5991 5993 5992
f 5992 5993 5994
f 5993 5995 5994
f 5994 5995 5996
f 5995 5997 5996
f 5996 5997 5974
f 5997 5975 5974
f 5939 5938 5998
f 5939 5998 5999
f 5998 6000 5999
f 5999 6000 6001
f 6000 6002 6001
f 6001 6002 6003
f 6004 6005 6006
f 6005 6007 6006
f 6006 6007 6008
f 6007 6009 6008
f 6008 6009 6010
f 6009 6011 6010
f 6010 6011 6012
f 6011 6013 6012
f 6012 6013 6014
f 6013 6015 6014
f 6014 6015 6016
f 6015 6017 6016
f 6016 6017 6018
f 6017 6019 6018
f 6018 6019 6020
f 6019 6021 6020
f 6020 6021 6022
f 6021 6023 6022
f 6022 6023 6024
f 6023 6025 6024
f 6024 6025 6026
f 6025 6027 6026
f 6026 6027 6004
f 6027 6005 6004
f 6028 6029 6030
f 6029 6031 6030
f 6030 6031 6032
f 6031 6033 6032
f 6032 6033 6034
f 6033 6035 6034
f 6034 6035 6036
f 6035 6037 6036
f 6036 6037 6038
f 6037 6039 6038
f 6038 6039 6040
f 6039 6041 6040
f 6040 6041 6042
f 6041 6043 6042
f 6042 6043 6044
f 6043 6045 6044
f 6044 6045 6046
f 6045 6047 6046
f 6046 6047 6048
f 6047 6049 6048
f 6048 6049 6050
f 6049 6051 6050
f 6050 6051 6028
f 6051 6029 6028
f 6052 6053 6054
f 6053 6055 6054
f 6054 6055 6056
f 6055 6057 6056
f 6056 6057 6058
f 6057 6059 6058
f 6058 6059 6060
f 6059 6061 6060
f 6060 6061 5889
f 6061 5888 5889
f 6062 6063 6064
f 6063 6065 6064
f 6064 6065 6066
f 6065 6067 6066
f 6066 6067 6068
f 6067 6069 6068
f 6068 6069 6070
f 6069 6071 6070
f 6070 6071 6072
f 6071 6073 6072
f 6072 6073 6074
f 6073 6075 6074
f 6074 6075 6076
f 6075 6077 6076
f 6076 6077 6078
f 6077 6079 6078
f 6078 6079 6080
f 6079 6081 6080
f 6080 6081 6082
f 6081 6083 6082
f 6082 6083 6084
f 6083 6085 6084
f 6084 6085 6062
f 6085 6063 6062
f 6086 6087 6088
f 6087 6089 6088
f 6088 6089 6090
f 6089 6091 6090
f 6090 6091 6092
f 6091 6093 6092
f 6092 6093 6094
f 6093 6095 6094
f 6094 6095 6096
f 6095 6097 6096
f 6096 6097 6098
f 6097 6099 6098
f 6098 6099 6100
f 6099 6101 6100
f 6100 6101 6102
f 6101 6103 6102
f 6102 6103 6104
f 6103 6105 6104
f 6104 6105 6106
f 6105 6107 6106
f 6106 6107 6108
f 6107 6109 6108
f 6108 6109 6086
f 6109 6087 6086
f 6053 6052 6110
f 6052 6111 6110
f 6110 6111 6112
f 6111 6113 6112
f 6112 6113 6114
f 6113 6115 6114
f 6116 6117 6118
f 6117 6119 6118
f 6118 6119 6120
f 6119 6121 6120
f 6120 6121 6122
f 6121 6123 6122
f 6122 6123 6124
f 6123 6125 6124
f 6124 6125 6126
f 6125 6127 6126
f 6126 6127 6128
f 6127 6129 6128
f 6128 6129 6130
f 6129 6131 6130
f 6130 6131 6132
f 6131 6133 6132
f 6132 6133 6134
f 6133 6135 6134
f 6134 6135 6136
f 6135 6137 6136
f 6136 6137 6138
f 6137 6139 6138
f 6138 6139 6116
f 6139 6117 6116
f 6140 6141 6142
f 6141 6143 6142
f 6142 6143 6144
f 6143 6145 6144
f 6144 6145 6146
f 6145 6147 6146
f 6146 6147 6148
f 6147 6149 6148
f 6148 6149 6150
f 6149 6151 6150
f 6150 6151 6152
f 6151 6153 6152
f 6152 6153 6154
f 6153 6155 6154
f 6154 6155 6156
f 6155 6157 6156
f 6156 6157 6158
f 6157 6159 6158
f 6158 6159 6160
f 6159 6161 6160
f 6160 6161 6162
f 6161 6163 6162
f 6162 6163 6140
f 6163 6141 6140
f 6164 6165 6166
f 6165 6167 6166
f 6166 6167 6168
f 6167 6169 6168
f 6168 6169 6170
f 6169 6171 6170
f 6170 6171 6115
f 6171 6114 6115
f 6172 6173 6174
f 6173 6175 6174
f 6174 6175 6176
f 6175 6177 6176
f 6176 6177 6178
f 6177 6179 6178
f 6178 6179 6180
f 6179 6181 6180
f 6180 6181 6182
f 6181 6183 6182
f 6182 6183 6184
f 6183 6185 6184
f 6184 6185 6186
f 6185 6187 6186
f 6186 6187 6188
f 6187 6189 6188
f 6188 6189 6190
f 6189 6191 6190
f 6190 6191 6192
f 6191 6193 6192
f 6192 6193 6194
f 6193 6195 6194
f 6194 6195 6172
f 6195 6173 6172
f 6196 6197 6198
f 6197 6199 6198
f 6198 6199 6200
f 6199 6201 6200
f 6200 6201 6202
f 6201 6203 6202
f 6202 6203 6204
f 6203 6205 6204
f 6204 6205 6206
f 6205 6207 6206
f 6206 6207 6208
f 6207 6209 6208
f 6208 6209 6210
f 6209 6211 6210
f 6210 6211 6212
f 6211 6213 6212
f 6212 6213 6214
f 6213 6215 6214
f 6214 6215 6216
f 6215 6217 6216
f 6216 6217 6218
f 6217 6219 6218
f 6218 6219 6196
f 6219 6197 6196
f 6220 6221 6222
f 6221 6165 6222
f 6222 6165 6164
f 6223 6224 6225
f 6224 6226 6225
f 6225 6226 6220
f 6226 6227 6220
f 6220 6227 6221
f 6228 6229 6230
f 6229 6231 6230
f 6230 6231 6232
f 6231 6233 6232
f 6232 6233 6234
f 6233 6235 6234
f 6234 6235 6236
f 6235 6237 6236
f 6236 6237 6238
f 6237 6239 6238
f 6238 6239 6240
f 6239 6241 6240
f 6240 6241 6242
f 6241 6243 6242
f 6242 6243 6244
f 6243 6245 6244
f 6244 6245 6246
f 6245 6247 6246
f 6246 6247 6248
f 6247 6249 6248
f 6248 6249 6250
f 6249 6251 6250
f 6250 6251 6228
f 6251 6229 6228
f 6252 6253 6254
f 6253 6255 6254
f 6254 6255 6256
f 6255 6257 6256
f 6256 6257 6258
f 6257 6259 6258
f 6258 6259 6260
f 6259 6261 6260
f 6260 6261 6262
f 6261 6263 6262
f 6262 6263 6264
f 6263 6265 6264
f 6264 6265 6266
f 6265 6267 6266
f 6266 6267 6268
f 6267 6269 6268
f 6268 6269 6270
f 6269 6271 6270
f 6270 6271 6272
f 6271 6273 6272
f 6272 6273 6274
f 6273 6275 6274
f 6274 6275 6252
f 6275 6253 6252
f 6276 6277 6278
f 6277 6279 6278
f 6278 6279 6280
f 6279 6281 6280
f 6282 6283 6284
f 6283 6285 6284
f 6284 6285 6286
f 6285 6287 6286
f 6286 6287 6288
f 6287 6289 6288
f 6288 6289 6290
f 6289 6291 6290
f 6290 6291 6292
f 6291 6293 6292
f 6292 6293 6294
f 6293 6295 6294
f 6294 6295 6296
f 6295 6297 6296
f 6296 6297 6298
f 6297 6299 6298
f 6298 6299 6300
f 6299 6301 6300
f 6300 6301 6302
f 6301 6303 6302
f 6302 6303 6304
f 6303 6305 6304
f 6304 6305 6282
f 6305 6283 6282
f 6306 6307 6308
f 6306 6308 6309
f 6308 6310 6309
f 6309 6310 6311
f 6310 6312 6311
f 6311 6312 6313
f 6314 6315 6316
f 6315 6317 6316
f 6316 6317 6318
f 6317 6319 6318
f 6318 6319 6320
f 6319 6321 6320
f 6322 6323 6324
f 6323 6325 6324
f 6324 6325 6326
f 6325 6327 6326
f 6326 6327 6328
f 6327 6329 6328
f 6328 6329 6330
f 6329 6331 6330
f 6330 6331 6332
f 6331 6333 6332
f 6332 6333 6334
f 6333 6335 6334
f 6334 6335 6336
f 6335 6337 6336
f 6336 6337 6338
f 6337 6339 6338
f 6338 6339 6340
f 6339 6341 6340
f 6340 6341 6342
f 6341 6343 6342
f 6342 6343 6344
f 6343 6345 6344
f 6344 6345 6322
f 6345 6323 6322
f 6346 6347 6348
f 6346 6348 6349
f 6348 6350 6349
f 6349 6350 6351
f 6350 6352 6351
f 6351 6352 6353
f 6354 6355 6356
f 6355 6357 6356
f 6356 6357 6358
f 6357 6359 6358
f 6358 6359 6360
f 6359 6361 6360
f 6360 6361 6321
f 6361 6320 6321
f 6362 6363 6364
f 6363 6365 6364
f 6364 6365 6366
f 6365 6367 6366
f 6366 6367 6368
f 6367 6369 6368
f 6368 6369 6370
f 6369 6371 6370
f 6370 6371 6372
f 6371 6373 6372
f 6372 6373 6374
f 6373 6375 6374
f 6374 6375 6376
f 6375 6377 6376
f 6376 6377 6378
f 6377 6379 6378
f 6378 6379 6380
f 6379 6381 6380
f 6380 6381 6382
f 6381 6383 6382
f 6382 6383 6384
f 6383 6385 6384
f 6384 6385 6362
f 6385 6363 6362
f 6277 6276 6386
f 6277 6386 6387
f 6386 6388 6387
f 6387 6388 6389
f 6388 6315 6389
f 6389 6315 6314
f 6390 6391 6392
f 6391 6393 6392
f 6392 6393 6394
f 6393 6395 6394
f 6394 6395 6396
f 6395 6397 6396
f 6396 6397 6398
f 6397 6399 6398
f 6398 6399 6400
f 6399 6401 6400
f 6400 6401 6402
f 6401 6403 6402
f 6402 6403 6404
f 6403 6405 6404
f 6404 6405 6406
f 6405 6407 6406
f 6406 6407 6408
f 6407 6409 6408
f 6408 6409 6410
f 6409 6411 6410
f 6410 6411 6412
f 6411 6413 6412
f 6412 6413 6414
f 6413 6415 6414
f 6414 6415 6390
f 6415 6391 6390
f 6416 6417 6418
f 6417 6419 6418
f 6418 6419 6420
f 6419 6421 6420
f 6420 6421 6422
f 6421 6423 6422
f 6422 6423 6424
f 6423 6425 6424
f 6424 6425 6426
f 6425 6427 6426
f 6426 6427 6428
f 6427 6429 6428
f 6428 6429 6430
f 6429 6431 6430
f 6430 6431 6432
f 6431 6433 6432
f 6432 6433 6434
f 6433 6435 6434
f 6434 6435 6436
f 6435 6437 6436
f 6436 6437 6438
f 6437 6439 6438
f 6438 6439 6416
f 6439 6417 6416
f 6440 6441 6442
f 6441 6443 6442
f 6442 6443 5884
f 6443 5885 5884
f 6444 6445 6446
f 6445 6447 6446
f 6448 6449 6450
f 6449 6451 6450
f 6450 6451 6452
f 6451 6453 6452
f 6452 6453 6454
f 6453 6455 6454
f 6454 6455 6456
f 6455 6457 6456
f 6456 6457 6458
f 6457 6459 6458
f 6458 6459 6460
f 6459 6461 6460
f 6460 6461 6462
f 6461 6463 6462
f 6462 6463 6464
f 6463 6465 6464
f 6464 6465 6466
f 6465 6467 6466
f 6466 6467 6468
f 6467 6469 6468
f 6468 6469 6470
f 6469 6471 6470
f 6470 6471 6448
f 6471 6449 6448
f 6224 6223 6472
f 6224 6472 6473
f 6472 6474 6473
f 6473 6474 6475
f 6474 6476 6475
f 6475 6476 6477
f 6476 6280 6477
f 6477 6280 6281
f 6312 6347 6313
f 6347 6346 6313
f 6478 6479 6480
f 6479 6481 6480
f 6480 6481 6482
f 6481 6483 6482
f 6482 6483 6484
f 6483 6485 6484
f 6484 6485 6486
f 6485 6487 6486
f 6486 6487 6488
f 6487 6489 6488
f 6488 6489 6490
f 6489 6491 6490
f 6490 6491 6492
f 6491 6493 6492
f 6492 6493 6494
f 6493 6495 6494
f 6494 6495 6496
f 6495 6497 6496
f 6496 6497 6498
f 6497 6499 6498
f 6498 6499 6500
f 6499 6501 6500
f 6500 6501 6478
f 6501 6479 6478
f 6502 6503 6504
f 6505 6506 6507
f 6508 6509 6510
f 6511 6512 6513
f 6512 6511 6514
f 6515 6516 6517
f 6518 6519 6520
f 6521 6522 6523
f 6524 6525 6526
f 6527 6528 6529
f 6529 6528 6530
f 6531 6532 6533
f 6534 6535 6536
f 6537 6538 6539
f 6540 6541 6542
f 6543 6544 6545
f 6546 6547 6548
f 6549 6550 6551
f 6544 6552 6545
f 6552 6553 6545
f 6545 6553 6551
f 6553 6554 6551
f 6551 6554 6549
f 6550 6555 6556
f 6555 6557 6556
f 6556 6557 6558
f 6557 6546 6558
f 6558 6546 6559
f 6546 6548 6559
f 6560 6561 6547
f 6561 6562 6547
f 6547 6562 6548
f 6563 6564 6565
f 6564 6566 6565
f 6565 6566 6567
f 6566 6568 6567
f 6568 6566 6547
f 6566 6569 6547
f 6547 6569 6560
f 6570 6571 6572
f 6571 6573 6572
f 6572 6573 6574
f 6573 6575 6574
f 6576 6577 6578
f 6577 6579 6578
f 6578 6579 6580
f 6579 6581 6580
f 6580 6581 6582
f 6581 6583 6582
f 6582 6583 6584
f 6583 6585 6584
f 6584 6585 6586
f 6585 6587 6586
f 6586 6587 6575
f 6587 6588 6575
f 6575 6588 6574
f 6576 6589 6577
f 6589 6590 6577
f 6577 6590 6591
f 6590 6592 6591
f 6592 6593 6594
f 6593 6595 6594
f 6594 6595 6596
f 6595 6597 6596
f 6596 6597 6598
f 6599 6600 6601
f 6602 6603 6577
f 6599 6601 6541
f 6603 6604 6577
f 6604 6605 6577
f 6577 6605 6579
f 6605 6606 6579
f 6606 6607 6579
f 6607 6608 6579
f 6579 6608 6542
f 6608 6609 6542
f 6542 6609 6540
f 6541 6601 6542
f 6601 6610 6542
f 6542 6610 6611
f 6612 6613 6601
f 6613 6614 6601
f 6614 6615 6601
f 6615 6616 6601
f 6601 6616 6610
f 6616 6617 6610
f 6610 6617 6618
f 6617 6619 6618
f 6618 6619 6620
f 6539 6538 6621
f 6538 6622 6621
f 6621 6622 6623
f 6622 6624 6623
f 6623 6624 6625
f 6625 6624 6626
f 6624 6627 6626
f 6626 6627 6628
f 6534 6536 6629
f 6531 6533 6630
f 6630 6533 6631
f 6533 6632 6631
f 6631 6632 6633
f 6634 6635 6636
f 6635 6637 6636
f 6637 6638 6636
f 6636 6638 6639
f 6638 6640 6639
f 6639 6640 6641
f 6640 6642 6641
f 6641 6642 6632
f 6642 6643 6632
f 6632 6643 6644
f 6644 6645 6632
f 6645 6646 6632
f 6632 6646 6633
f 6646 6647 6633
f 6633 6647 6648
f 6647 6649 6648
f 6648 6649 6634
f 6634 6636 6648
f 6636 6650 6648
f 6648 6650 6651
f 6650 6652 6651
f 6651 6652 6653
f 6654 6529 6655
f 6650 6656 6652
f 6656 6657 6652
f 6652 6657 6530
f 6657 6658 6530
f 6658 6659 6530
f 6530 6659 6529
f 6659 6660 6529
f 6529 6660 6655
f 6661 6662 6663
f 6664 6665 6666
f 6665 6667 6666
f 6666 6667 6668
f 6669 6670 6671
f 6670 6672 6671
f 6671 6672 6673
f 6672 6674 6673
f 6673 6674 6675
f 6676 6525 6677
f 6669 6678 6670
f 6678 6679 6670
f 6670 6679 6524
f 6679 6680 6524
f 6524 6680 6525
f 6680 6681 6525
f 6525 6681 6677
f 6677 6682 6676
f 6682 6683 6676
f 6676 6683 6684
f 6683 6685 6684
f 6686 6687 6671
f 6687 6688 6671
f 6671 6688 6669
f 6689 6690 6691
f 6522 6692 6693
f 6691 6690 6694
f 6695 6696 6692
f 6696 6697 6692
f 6692 6697 6693
f 6693 6698 6522
f 6698 6699 6522
f 6522 6699 6523
f 6699 6700 6523
f 6523 6700 6691
f 6700 6701 6691
f 6691 6701 6689
f 6690 6702 6694
f 6702 6703 6694
f 6694 6703 6704
f 6519 6518 6694
f 6518 6705 6694
f 6694 6705 6691
f 6550 6556 6551
f 6556 6706 6551
f 6551 6706 6707
f 6515 6708 6516
f 6708 6709 6516
f 6516 6709 6564
f 6510 6509 6710
f 6509 6694 6710
f 6710 6694 6695
f 6694 6704 6695
f 6695 6704 6696
f 6526 6525 6521
f 6525 6711 6521
f 6521 6711 6522
f 6711 6712 6522
f 6522 6712 6713
f 6714 6715 6711
f 6715 6716 6711
f 6711 6716 6712
f 6713 6717 6522
f 6717 6718 6522
f 6522 6718 6692
f 6718 6719 6692
f 6692 6719 6720
f 6721 6722 6723
f 6722 6692 6723
f 6723 6692 6724
f 6692 6720 6724
f 6525 6725 6726
f 6525 6726 6711
f 6726 6727 6711
f 6711 6727 6728
f 6721 6714 6722
f 6714 6711 6722
f 6722 6711 6729
f 6711 6728 6729
f 6729 6728 6730
f 6730 6731 6729
f 6731 6732 6729
f 6729 6732 6676
f 6732 6733 6676
f 6676 6733 6734
f 6734 6735 6676
f 6735 6736 6676
f 6676 6736 6525
f 6736 6737 6525
f 6525 6737 6725
f 6738 6739 6684
f 6740 6739 6741
f 6739 6738 6741
f 6741 6738 6742
f 6743 6744 6745
f 6745 6744 6746
f 6747 6748 6749
f 6748 6750 6749
f 6749 6750 6751
f 6747 6743 6748
f 6743 6745 6748
f 6748 6745 6752
f 6745 6753 6752
f 6752 6753 6754
f 6754 6755 6752
f 6755 6756 6752
f 6752 6756 6757
f 6756 6758 6757
f 6759 6760 6664
f 6760 6761 6664
f 6664 6761 6665
f 6761 6762 6665
f 6665 6762 6763
f 6762 6764 6763
f 6763 6764 6765
f 6758 6766 6757
f 6766 6763 6757
f 6757 6763 6767
f 6664 6661 6759
f 6661 6663 6759
f 6759 6663 6768
f 6506 6769 6507
f 6769 6770 6507
f 6507 6770 6663
f 6770 6771 6663
f 6765 6772 6763
f 6772 6773 6763
f 6763 6773 6767
f 6773 6774 6767
f 6767 6774 6775
f 6771 6776 6663
f 6776 6777 6663
f 6663 6777 6768
f 6777 6778 6768
f 6768 6778 6779
f 6778 6780 6779
f 6779 6780 6781
f 6780 6782 6781
f 6781 6782 6783
f 6782 6784 6783
f 6783 6784 6775
f 6504 6503 6785
f 6775 6784 6767
f 6784 6786 6767
f 6767 6786 6503
f 6786 6787 6503
f 6503 6787 6785
f 6502 6504 6788
f 6504 6789 6788
f 6788 6789 6790
f 6791 6792 6793
f 6792 6794 6793
f 6793 6794 6795
f 6794 6796 6795
f 6797 6798 6632
f 6798 6799 6632
f 6632 6799 6641
f 6800 6801 6802
f 6801 6803 6802
f 6802 6803 6804
f 6803 6805 6804
f 6804 6805 6806
f 6805 6807 6806
f 6806 6807 6797
f 6807 6808 6797
f 6797 6808 6798
f 6619 6809 6620
f 6809 6810 6620
f 6620 6810 6811
f 6810 6812 6811
f 6812 6813 6811
f 6813 6814 6811
f 6811 6814 6815
f 6814 6816 6815
f 6815 6816 6817
f 6816 6818 6817
f 6817 6818 6612
f 6818 6819 6612
f 6612 6819 6613
f 6820 6821 6612
f 6821 6822 6612
f 6612 6822 6817
f 6594 6823 6824
f 6592 6594 6591
f 6594 6824 6591
f 6591 6824 6825
f 6826 6823 6827
f 6823 6594 6827
f 6827 6594 6828
f 6594 6596 6828
f 6828 6596 6570
f 6596 6598 6570
f 6570 6598 6571
f 6829 6830 6831
f 6830 6832 6831
f 6831 6832 6833
f 6832 6628 6833
f 6833 6628 6834
f 6628 6627 6834
f 6834 6627 6835
f 6836 6837 6838
f 6837 6830 6838
f 6838 6830 6839
f 6830 6829 6839
f 6836 6840 6837
f 6840 6841 6837
f 6837 6841 6842
f 6841 6843 6842
f 6842 6843 6844
f 6844 6845 6627
f 6845 6846 6627
f 6627 6846 6835
f 6847 6848 6849
f 6848 6850 6849
f 6849 6850 6851
f 6852 6853 6830
f 6853 6854 6830
f 6830 6854 6832
f 6854 6855 6832
f 6832 6855 6856
f 6855 6857 6856
f 6856 6857 6850
f 6857 6858 6850
f 6850 6858 6851
f 6847 6859 6848
f 6859 6860 6848
f 6848 6860 6837
f 6860 6861 6837
f 6861 6862 6837
f 6837 6862 6830
f 6862 6863 6830
f 6830 6863 6852
f 6864 6865 6866
f 6866 6865 6867
f 6865 6868 6867
f 6867 6868 6869
f 6869 6870 6867
f 6870 6663 6867
f 6867 6663 6871
f 6663 6662 6871
f 6870 6872 6663
f 6872 6873 6663
f 6663 6873 6507
f 6873 6874 6507
f 6507 6874 6875
f 6875 6876 6507
f 6876 6504 6507
f 6507 6504 6505
f 6504 6785 6505
f 6876 6877 6504
f 6877 6878 6504
f 6504 6878 6789
f 6878 6879 6789
f 6789 6879 6866
f 6879 6880 6866
f 6866 6880 6864
f 6881 6882 6883
f 6882 6884 6883
f 6883 6884 6885
f 6884 6886 6885
f 6887 6888 6850
f 6888 6889 6850
f 6850 6889 6856
f 6889 6882 6856
f 6882 6881 6856
f 6856 6881 6535
f 6881 6890 6535
f 6535 6890 6536
f 6890 6891 6536
f 6891 6892 6536
f 6892 6893 6536
f 6536 6893 6894
f 6893 6895 6894
f 6896 6897 6848
f 6897 6898 6848
f 6848 6898 6850
f 6898 6899 6850
f 6850 6899 6887
f 6884 6900 6886
f 6900 6901 6886
f 6886 6901 6902
f 6901 6903 6902
f 6902 6903 6904
f 6903 6905 6904
f 6895 6906 6894
f 6906 6907 6894
f 6894 6907 6848
f 6907 6908 6848
f 6848 6908 6896
f 6908 6904 6896
f 6896 6904 6909
f 6904 6905 6909
f 6894 6910 6911
f 6911 6912 6894
f 6912 6913 6894
f 6894 6913 6536
f 6913 6914 6536
f 6536 6914 6915
f 6531 6629 6532
f 6629 6536 6532
f 6532 6536 6916
f 6536 6915 6916
f 6917 6918 6533
f 6918 6919 6533
f 6533 6919 6632
f 6919 6920 6632
f 6632 6920 6797
f 6916 6921 6532
f 6921 6922 6532
f 6532 6922 6533
f 6922 6923 6533
f 6533 6923 6917
f 6655 6924 6654
f 6924 6925 6654
f 6654 6925 6794
f 6925 6926 6794
f 6794 6926 6927
f 6639 6796 6636
f 6796 6794 6636
f 6636 6794 6928
f 6794 6927 6928
f 6928 6929 6636
f 6929 6930 6636
f 6636 6930 6650
f 6930 6931 6650
f 6650 6931 6656
f 6932 6933 6654
f 6654 6933 6529
f 6933 6934 6529
f 6529 6934 6935
f 6936 6937 6938
f 6939 6527 6936
f 6527 6529 6936
f 6936 6529 6937
f 6529 6935 6937
f 6938 6940 6936
f 6940 6941 6936
f 6936 6941 6942
f 6941 6943 6942
f 6943 6944 6942
f 6942 6944 6792
f 6944 6945 6792
f 6945 6946 6792
f 6792 6946 6794
f 6946 6947 6794
f 6794 6947 6654
f 6947 6948 6654
f 6654 6948 6932
f 6949 6517 6950
f 6951 6952 6953
f 6952 6551 6953
f 6953 6551 6954
f 6551 6707 6954
f 6950 6955 6949
f 6955 6956 6949
f 6949 6956 6953
f 6956 6957 6953
f 6953 6957 6951
f 6958 6959 6545
f 6952 6960 6551
f 6960 6961 6551
f 6551 6961 6545
f 6961 6962 6545
f 6545 6962 6958
f 6563 6543 6564
f 6543 6545 6564
f 6564 6545 6516
f 6545 6959 6516
f 6959 6963 6516
f 6963 6964 6516
f 6516 6964 6517
f 6964 6965 6517
f 6517 6965 6950
f 6622 6966 6967
f 6968 6969 6842
f 6969 6970 6842
f 6844 6627 6842
f 6627 6971 6842
f 6842 6971 6968
f 6972 6624 6973
f 6624 6622 6973
f 6973 6622 6974
f 6622 6967 6974
f 6972 6975 6624
f 6975 6976 6624
f 6624 6976 6627
f 6976 6977 6627
f 6627 6977 6971
f 6815 6800 6811
f 6800 6802 6811
f 6811 6802 6978
f 6802 6979 6978
f 6744 6980 6746
f 6980 6981 6746
f 6746 6981 6982
f 6981 6983 6982
f 6983 6984 6982
f 6984 6985 6982
f 6982 6985 6986
f 6985 6987 6986
f 6987 6988 6986
f 6986 6988 6989
f 6988 6990 6989
f 6989 6990 6991
f 6766 6992 6763
f 6992 6993 6763
f 6763 6993 6665
f 6993 6994 6665
f 6665 6994 6995
f 6996 6997 6746
f 6997 6998 6746
f 6746 6998 6745
f 6998 6999 6745
f 6745 6999 6753
f 6600 6602 6601
f 6602 6577 6601
f 6601 6577 6612
f 6577 6591 6612
f 6612 6591 6820
f 6591 6825 6820
f 6537 6618 6538
f 6618 6620 6538
f 6538 6620 6622
f 6620 6811 6622
f 6622 6811 6966
f 6811 6978 6966
f 6970 6979 6842
f 6979 6802 6842
f 6842 6802 6837
f 6802 6804 6837
f 6837 6804 6848
f 6804 6806 6848
f 6848 6806 6894
f 6806 6797 6894
f 6894 6797 6910
f 6797 6920 6910
f 6791 6790 6792
f 6790 6789 6792
f 6792 6789 6942
f 6789 6866 6942
f 6942 6866 6936
f 6866 6867 6936
f 6936 6867 6939
f 6867 6871 6939
f 6995 6996 6665
f 6996 6746 6665
f 6665 6746 6667
f 6746 6982 6667
f 6667 6982 6668
f 6982 7000 6668
f 7000 6982 6675
f 6982 6986 6675
f 6675 6986 6673
f 6986 7001 6673
f 6673 7001 7002
f 7002 7003 6673
f 7003 7004 6673
f 6673 7004 6671
f 7004 7005 6671
f 6671 7005 7006
f 6685 6686 6684
f 6686 6671 6684
f 6684 6671 6738
f 6671 7006 6738
f 7006 7007 6738
f 7007 7008 6738
f 6738 7008 7009
f 7010 7011 6986
f 7011 7012 6986
f 6986 7012 7001
f 7009 7010 6738
f 7010 6986 6738
f 6738 6986 6742
f 6986 6989 6742
f 6742 6989 6750
f 6989 6991 6750
f 6750 6991 6751
f 6954 7013 6953
f 7013 7014 6953
f 6953 7014 6949
f 7014 6520 6949
f 6949 6520 6513
f 6520 6519 6513
f 6513 6519 7015
f 7015 7016 6513
f 7016 7017 6513
f 6513 7017 7018
f 6509 7019 7020
f 6508 6511 6509
f 6511 6513 6509
f 6509 6513 7019
f 6513 7018 7019
f 7020 7021 6509
f 7021 7022 6509
f 6509 7022 6694
f 7022 7023 6694
f 7023 7024 6694
f 7024 7025 6694
f 6694 7025 6519
f 7025 7026 6519
f 6519 7026 7015
f 6949 7027 7028
f 6949 7028 6517
f 7028 7029 6517
f 6517 7029 7030
f 7031 7032 6513
f 7032 7033 6513
f 6513 7033 6949
f 7033 7034 6949
f 6949 7034 7027
f 6514 6515 6512
f 6515 6517 6512
f 6512 6517 7035
f 6517 7030 7035
f 7035 7036 6512
f 7036 7037 6512
f 6512 7037 6513
f 7037 7038 6513
f 6513 7038 7031
f 7039 7040 7041
f 7040 7042 7041
f 7041 7042 7043
f 7042 7044 7043
f 7043 7044 7045
f 7044 7046 7045
f 7045 7046 7047
f 7046 7048 7047
f 7047 7048 7049
f 7048 7050 7049
f 7049 7050 7051
f 7050 7052 7051
f 7051 7052 7053
f 7052 7054 7053
f 7053 7054 7055
f 7054 7056 7055
f 7055 7056 7057
f 7056 7058 7057
f 7057 7058 7059
f 7058 7060 7059
f 7059 7060 7061
f 7060 7062 7061
f 7061 7062 7039
f 7062 7040 7039
f 7063 7064 7065
f 7064 7066 7065
f 7065 7066 7067
f 7066 7068 7067
f 7067 7068 7069
f 7068 7070 7069
f 7069 7070 7071
f 7070 7072 7071
f 7071 7072 7073
f 7072 7074 7073
f 7073 7074 7075
f 7074 7076 7075
f 7075 7076 7077
f 7076 7078 7077
f 7077 7078 7079
f 7078 7080 7079
f 7079 7080 7081
f 7080 7082 7081
f 7081 7082 7083
f 7082 7084 7083
f 7083 7084 7085
f 7084 7086 7085
f 7085 7086 7063
f 7086 7064 7063
f 7087 7088 7089
f 7090 7091 7092
f 7093 7094 7095
f 7096 7097 7098
f 7099 7100 7101
f 7102 7103 7104
f 7104 7103 7105
f 7106 7107 7108
f 7109 7110 7111
f 7112 7113 7114
f 7115 7116 7117
f 7117 7116 7118
f 7119 7120 7121
f 7122 7123 7124
f 7125 7126 7127
f 7126 7128 7127
f 7127 7128 7129
f 7128 7130 7129
f 7124 7123 7131
f 7123 7132 7131
f 7131 7132 7133
f 7132 7134 7133
f 7133 7134 7130
f 7124 7135 7122
f 7135 7136 7122
f 7122 7136 7137
f 7138 7139 7140
f 7139 7141 7140
f 7125 7142 7126
f 7142 7143 7126
f 7126 7143 7139
f 7143 7144 7139
f 7139 7144 7141
f 7140 7145 7138
f 7145 7146 7138
f 7138 7146 7147
f 7146 7122 7147
f 7147 7122 7148
f 7122 7137 7148
f 7120 7149 7121
f 7149 7150 7121
f 7121 7150 7151
f 7150 7152 7151
f 7151 7152 7153
f 7152 7154 7153
f 7153 7154 7155
f 7154 7156 7155
f 7155 7156 7157
f 7158 7159 7160
f 7158 7160 7161
f 7156 7162 7157
f 7162 7163 7157
f 7157 7163 7164
f 7163 7165 7164
f 7166 7167 7168
f 7168 7169 7166
f 7169 7170 7166
f 7166 7170 7161
f 7171 7172 7173
f 7172 7174 7173
f 7173 7174 7175
f 7174 7176 7175
f 7175 7176 7177
f 7176 7178 7177
f 7177 7178 7179
f 7178 7180 7179
f 7179 7180 7181
f 7182 7183 7184
f 7184 7185 7171
f 7185 7186 7171
f 7171 7186 7172
f 7113 7187 7114
f 7187 7188 7114
f 7114 7188 7189
f 7190 7191 7182
f 7192 7193 7194
f 7193 7195 7194
f 7191 7196 7182
f 7196 7197 7182
f 7182 7197 7183
f 7197 7198 7183
f 7183 7198 7199
f 7198 7112 7199
f 7112 7114 7199
f 7199 7114 7200
f 7114 7201 7200
f 7202 7203 7204
f 7203 7205 7204
f 7204 7205 7206
f 7206 7207 7208
f 7207 7209 7208
f 7208 7209 7210
f 7209 7211 7210
f 7111 7110 7209
f 7212 7213 7214
f 7213 7211 7214
f 7214 7211 7215
f 7211 7209 7215
f 7215 7209 7216
f 7209 7110 7216
f 7212 7217 7218
f 7212 7218 7213
f 7218 7219 7213
f 7213 7219 7220
f 7217 7212 7221
f 7212 7222 7221
f 7221 7222 7223
f 7222 7224 7223
f 7223 7224 7225
f 7224 7226 7225
f 7225 7226 7227
f 7228 7229 7230
f 7229 7231 7230
f 7230 7231 7111
f 7231 7232 7111
f 7111 7232 7109
f 7220 7233 7213
f 7233 7234 7213
f 7213 7234 7235
f 7234 7236 7235
f 7235 7236 7237
f 7238 7239 7240
f 7239 7241 7240
f 7237 7242 7235
f 7242 7243 7235
f 7235 7243 7239
f 7243 7244 7239
f 7239 7244 7241
f 7238 7245 7246
f 7245 7247 7246
f 7248 7249 7250
f 7249 7251 7250
f 7250 7251 7240
f 7251 7252 7240
f 7240 7252 7238
f 7252 7253 7238
f 7238 7253 7245
f 7089 7254 7255
f 7247 7256 7246
f 7256 7257 7246
f 7246 7257 7255
f 7257 7258 7255
f 7255 7258 7089
f 7259 7260 7254
f 7254 7089 7259
f 7089 7261 7259
f 7259 7261 7262
f 7263 7264 7265
f 7264 7266 7265
f 7265 7266 7267
f 7268 7269 7261
f 7269 7270 7261
f 7271 7272 7273
f 7272 7274 7273
f 7270 7275 7261
f 7275 7276 7261
f 7261 7276 7262
f 7276 7277 7262
f 7262 7277 7263
f 7277 7278 7263
f 7263 7278 7264
f 7279 7280 7281
f 7280 7282 7281
f 7281 7282 7283
f 7284 7265 7285
f 7265 7281 7285
f 7285 7281 7286
f 7281 7283 7286
f 7284 7287 7265
f 7287 7288 7265
f 7265 7288 7263
f 7288 7289 7263
f 7263 7289 7290
f 7290 7291 7263
f 7291 7292 7263
f 7263 7292 7280
f 7292 7293 7280
f 7280 7293 7282
f 7294 7295 7296
f 7295 7297 7296
f 7297 7295 7298
f 7295 7279 7298
f 7298 7279 7299
f 7300 7301 7302
f 7302 7303 7300
f 7303 7304 7300
f 7300 7304 7281
f 7304 7305 7281
f 7305 7306 7281
f 7281 7306 7279
f 7306 7307 7279
f 7279 7307 7299
f 7308 7309 7310
f 7311 7312 7300
f 7310 7309 7313
f 7314 7315 7316
f 7316 7317 7314
f 7317 7318 7314
f 7314 7318 7310
f 7318 7319 7310
f 7310 7319 7308
f 7312 7320 7300
f 7320 7295 7300
f 7300 7295 7301
f 7295 7294 7301
f 7320 7321 7295
f 7321 7322 7295
f 7295 7322 7315
f 7322 7323 7315
f 7315 7323 7316
f 7107 7106 7314
f 7106 7324 7314
f 7314 7324 7315
f 7325 7326 7128
f 7130 7128 7133
f 7128 7326 7133
f 7133 7326 7327
f 7328 7329 7330
f 7329 7331 7330
f 7330 7331 7332
f 7331 7325 7332
f 7309 7311 7313
f 7311 7300 7313
f 7313 7300 7333
f 7300 7281 7333
f 7333 7281 7334
f 7281 7265 7334
f 7334 7265 7271
f 7265 7267 7271
f 7271 7267 7272
f 7274 7268 7273
f 7268 7261 7273
f 7273 7261 7335
f 7261 7336 7335
f 7337 7338 7339
f 7338 7340 7339
f 7339 7340 7341
f 7340 7342 7341
f 7341 7342 7258
f 7342 7343 7258
f 7233 7344 7234
f 7344 7345 7234
f 7234 7345 7346
f 7345 7347 7346
f 7346 7347 7348
f 7349 7350 7230
f 7350 7351 7230
f 7347 7352 7348
f 7352 7353 7348
f 7348 7353 7351
f 7353 7354 7351
f 7351 7354 7230
f 7354 7225 7230
f 7230 7225 7228
f 7225 7227 7228
f 7097 7355 7356
f 7357 7098 7358
f 7356 7359 7097
f 7359 7360 7097
f 7097 7360 7098
f 7360 7361 7098
f 7098 7361 7358
f 7362 7363 7357
f 7358 7364 7357
f 7364 7365 7357
f 7357 7365 7362
f 7365 7114 7362
f 7362 7114 7192
f 7114 7189 7192
f 7192 7189 7193
f 7366 7367 7368
f 7367 7093 7368
f 7368 7093 7369
f 7093 7095 7369
f 7369 7095 7194
f 7370 7371 7372
f 7371 7373 7372
f 7372 7373 7374
f 7373 7375 7374
f 7376 7375 7377
f 7376 7377 7378
f 7379 7380 7381
f 7380 7382 7381
f 7383 7384 7166
f 7384 7385 7166
f 7166 7385 7167
f 7385 7386 7167
f 7167 7386 7181
f 7386 7387 7181
f 7181 7387 7179
f 7387 7388 7179
f 7179 7388 7389
f 7390 7391 7392
f 7393 7394 7380
f 7394 7395 7380
f 7380 7395 7382
f 7395 7396 7382
f 7382 7396 7397
f 7396 7398 7397
f 7397 7398 7390
f 7390 7392 7397
f 7392 7399 7397
f 7397 7399 7400
f 7401 7402 7399
f 7402 7403 7399
f 7399 7403 7151
f 7403 7404 7151
f 7404 7405 7151
f 7151 7405 7121
f 7405 7406 7121
f 7121 7406 7407
f 7407 7408 7121
f 7408 7409 7121
f 7121 7409 7392
f 7409 7410 7392
f 7410 7411 7392
f 7392 7411 7399
f 7411 7412 7399
f 7399 7412 7401
f 7413 7117 7158
f 7117 7118 7158
f 7158 7118 7159
f 7413 7414 7117
f 7414 7415 7117
f 7117 7415 7115
f 7415 7416 7115
f 7115 7416 7417
f 7416 7418 7417
f 7417 7418 7165
f 7418 7419 7165
f 7165 7419 7164
f 7420 7413 7421
f 7413 7158 7421
f 7421 7158 7422
f 7158 7161 7422
f 7422 7161 7423
f 7161 7170 7423
f 7424 7425 7426
f 7425 7371 7426
f 7426 7371 7427
f 7428 7429 7430
f 7429 7431 7430
f 7430 7431 7432
f 7431 7433 7432
f 7432 7433 7370
f 7433 7434 7370
f 7370 7434 7371
f 7434 7435 7371
f 7371 7435 7427
f 7424 7436 7425
f 7436 7437 7425
f 7425 7437 7438
f 7437 7439 7438
f 7439 7440 7438
f 7438 7440 7430
f 7440 7441 7430
f 7430 7441 7428
f 7442 7430 7443
f 7430 7432 7443
f 7443 7432 7444
f 7432 7445 7444
f 7444 7445 7091
f 7446 7438 7447
f 7438 7430 7447
f 7447 7430 7448
f 7430 7442 7448
f 7446 7449 7438
f 7449 7450 7438
f 7438 7450 7451
f 7450 7452 7451
f 7453 7454 7092
f 7454 7455 7092
f 7092 7455 7090
f 7456 7457 7111
f 7111 7457 7230
f 7457 7458 7230
f 7230 7458 7459
f 7459 7460 7230
f 7460 7461 7230
f 7230 7461 7349
f 7462 7463 7464
f 7463 7461 7464
f 7464 7461 7465
f 7461 7460 7465
f 7462 7466 7463
f 7466 7467 7463
f 7463 7467 7207
f 7467 7468 7207
f 7468 7469 7207
f 7207 7469 7209
f 7469 7470 7209
f 7209 7470 7111
f 7470 7471 7111
f 7111 7471 7456
f 7472 7473 7474
f 7473 7475 7474
f 7474 7476 7472
f 7476 7477 7472
f 7472 7477 7478
f 7479 7480 7092
f 7091 7445 7092
f 7445 7481 7092
f 7092 7481 7479
f 7482 7483 7451
f 7484 7485 7486
f 7485 7487 7486
f 7486 7487 7477
f 7487 7488 7477
f 7477 7488 7478
f 7480 7489 7092
f 7489 7451 7092
f 7092 7451 7453
f 7451 7452 7453
f 7489 7490 7451
f 7490 7491 7451
f 7451 7491 7492
f 7493 7494 7495
f 7494 7496 7495
f 7495 7496 7497
f 7496 7475 7497
f 7497 7475 7445
f 7475 7473 7445
f 7445 7473 7481
f 7482 7451 7498
f 7451 7492 7498
f 7498 7492 7484
f 7492 7499 7484
f 7484 7499 7485
f 7482 7500 7483
f 7500 7501 7483
f 7483 7501 7495
f 7501 7502 7495
f 7495 7502 7493
f 7184 7171 7182
f 7171 7503 7182
f 7182 7503 7504
f 7195 7190 7194
f 7190 7182 7194
f 7194 7182 7369
f 7182 7504 7369
f 7369 7504 7505
f 7505 7506 7369
f 7506 7507 7369
f 7369 7507 7368
f 7507 7508 7368
f 7368 7508 7509
f 7509 7510 7368
f 7510 7495 7368
f 7368 7495 7366
f 7495 7497 7366
f 7511 7483 7512
f 7483 7513 7512
f 7510 7514 7495
f 7514 7515 7495
f 7495 7515 7483
f 7515 7516 7483
f 7483 7516 7513
f 7364 7517 7365
f 7517 7518 7365
f 7365 7518 7114
f 7518 7519 7114
f 7114 7519 7520
f 7520 7521 7114
f 7521 7203 7114
f 7114 7203 7201
f 7203 7202 7201
f 7521 7522 7203
f 7522 7523 7203
f 7203 7523 7355
f 7523 7524 7355
f 7355 7524 7356
f 7525 7526 7527
f 7527 7526 7101
f 7526 7528 7101
f 7101 7528 7529
f 7529 7530 7101
f 7530 7097 7101
f 7101 7097 7099
f 7097 7096 7099
f 7531 7355 7532
f 7355 7097 7532
f 7532 7097 7533
f 7097 7530 7533
f 7531 7534 7355
f 7534 7535 7355
f 7355 7535 7203
f 7535 7536 7203
f 7203 7536 7205
f 7536 7537 7205
f 7537 7538 7205
f 7205 7538 7527
f 7538 7539 7527
f 7527 7539 7525
f 7325 7128 7332
f 7128 7540 7332
f 7332 7540 7541
f 7541 7542 7332
f 7542 7543 7332
f 7332 7543 7330
f 7543 7544 7330
f 7545 7546 7547
f 7546 7548 7547
f 7547 7548 7549
f 7548 7550 7549
f 7549 7550 7551
f 7139 7552 7126
f 7552 7549 7126
f 7126 7549 7553
f 7549 7551 7553
f 7553 7554 7126
f 7554 7555 7126
f 7126 7555 7128
f 7555 7556 7128
f 7128 7556 7540
f 7557 7558 7377
f 7425 7559 7560
f 7375 7373 7377
f 7373 7561 7377
f 7377 7561 7557
f 7562 7371 7563
f 7371 7425 7563
f 7563 7425 7564
f 7425 7560 7564
f 7562 7565 7371
f 7565 7566 7371
f 7371 7566 7373
f 7566 7567 7373
f 7373 7567 7561
f 7558 7568 7377
f 7568 7569 7377
f 7377 7569 7179
f 7569 7570 7179
f 7179 7570 7177
f 7570 7559 7177
f 7256 7571 7257
f 7571 7572 7257
f 7257 7572 7258
f 7572 7573 7258
f 7574 7341 7575
f 7341 7258 7575
f 7575 7258 7576
f 7258 7573 7576
f 7577 7250 7578
f 7250 7240 7578
f 7578 7240 7579
f 7240 7241 7579
f 7577 7580 7250
f 7580 7581 7250
f 7250 7581 7346
f 7581 7582 7346
f 7582 7583 7346
f 7346 7583 7234
f 7583 7584 7234
f 7234 7584 7236
f 7585 7586 7547
f 7104 7587 7588
f 7588 7585 7104
f 7585 7547 7104
f 7104 7547 7102
f 7547 7549 7102
f 7102 7549 7589
f 7549 7552 7589
f 7586 7590 7547
f 7590 7330 7547
f 7547 7330 7545
f 7330 7544 7545
f 7108 7107 7105
f 7107 7591 7105
f 7105 7591 7104
f 7591 7592 7104
f 7104 7592 7587
f 7590 7593 7330
f 7593 7594 7330
f 7330 7594 7595
f 7596 7597 7591
f 7597 7598 7591
f 7591 7598 7592
f 7599 7600 7601
f 7600 7328 7601
f 7601 7328 7591
f 7328 7330 7591
f 7591 7330 7596
f 7330 7595 7596
f 7602 7603 7591
f 7591 7603 7601
f 7603 7604 7601
f 7601 7604 7605
f 7606 7607 7107
f 7607 7608 7107
f 7107 7608 7591
f 7608 7609 7591
f 7591 7609 7602
f 7310 7599 7314
f 7599 7601 7314
f 7314 7601 7610
f 7601 7605 7610
f 7610 7611 7314
f 7611 7612 7314
f 7314 7612 7107
f 7612 7613 7107
f 7107 7613 7606
f 7089 7088 7261
f 7088 7614 7261
f 7261 7614 7615
f 7615 7616 7261
f 7616 7343 7261
f 7261 7343 7336
f 7343 7342 7336
f 7616 7617 7343
f 7617 7618 7343
f 7343 7618 7258
f 7618 7619 7258
f 7258 7619 7620
f 7620 7621 7258
f 7621 7622 7258
f 7258 7622 7089
f 7622 7623 7089
f 7089 7623 7087
f 7574 7248 7341
f 7248 7250 7341
f 7341 7250 7339
f 7250 7346 7339
f 7339 7346 7337
f 7346 7348 7337
f 7206 7205 7207
f 7205 7527 7207
f 7207 7527 7463
f 7527 7101 7463
f 7463 7101 7461
f 7101 7100 7461
f 7461 7100 7349
f 7559 7425 7177
f 7425 7438 7177
f 7177 7438 7175
f 7438 7451 7175
f 7175 7451 7173
f 7451 7483 7173
f 7173 7483 7171
f 7483 7511 7171
f 7171 7511 7503
f 7389 7393 7179
f 7393 7380 7179
f 7179 7380 7377
f 7380 7379 7377
f 7377 7379 7378
f 7379 7381 7378
f 7160 7119 7161
f 7119 7121 7161
f 7161 7121 7166
f 7121 7392 7166
f 7166 7392 7383
f 7392 7391 7383
f 6441 6440 7624
f 6440 7625 7624
f 7624 7625 6306
f 7625 6307 6306
f 7626 7627 7628
f 7627 7629 7628
f 7628 7629 7630
f 7629 7631 7630
f 7630 7631 7632
f 7631 7633 7632
f 7632 7633 7634
f 7633 7635 7634
f 7634 7635 7636
f 7635 7637 7636
f 7636 7637 7638
f 7637 7639 7638
f 7638 7639 7640
f 7639 7641 7640
f 7640 7641 7642
f 7641 7643 7642
f 7642 7643 7644
f 7643 7645 7644
f 7644 7645 7646
f 7645 7647 7646
f 7646 7647 7648
f 7647 7649 7648
f 7648 7649 7626
f 7649 7627 7626
f 6355 6354 7650
f 6355 7650 7651
f 7650 7652 7651
f 7651 7652 7653
f 7652 5948 7653
f 7653 5948 5949
f 7654 7655 7656
f 7655 7657 7656
f 7656 7657 7658
f 7657 7659 7658
f 7658 7659 7660
f 7659 7661 7660
f 7660 7661 7662
f 7661 7663 7662
f 7662 7663 7664
f 7663 7665 7664
f 7664 7665 7666
f 7665 7667 7666
f 7666 7667 7668
f 7667 7669 7668
f 7668 7669 7670
f 7669 7671 7670
f 7670 7671 7672
f 7671 7673 7672
f 7672 7673 7674
f 7673 7675 7674
f 7674 7675 7676
f 7675 7677 7676
f 7676 7677 7654
f 7677 7655 7654
f 7678 7679 7680
f 7679 7681 7680
f 7680 7681 7682
f 7681 7683 7682
f 7682 7683 7684
f 7683 7685 7684
f 7684 7685 7686
f 7685 7687 7686
f 7686 7687 7688
f 7687 7689 7688
f 7688 7689 7690
f 7689 7691 7690
f 7690 7691 7692
f 7691 7693 7692
f 7692 7693 7694
f 7693 7695 7694
f 7694 7695 7696
f 7695 7697 7696
f 7696 7697 7698
f 7697 7699 7698
f 7698 7699 7700
f 7699 7701 7700
f 7700 7701 7678
f 7701 7679 7678
f 7702 7703 7704
f 7703 7705 7704
f 7704 7705 7706
f 7705 7707 7706
f 7706 7707 7708
f 7707 7709 7708
f 7708 7709 7710
f 7709 7711 7710
f 7710 7711 7712
f 7711 7713 7712
f 7712 7713 7714
f 7713 7715 7714
f 7714 7715 7716
f 7715 7717 7716
f 7716 7717 7718
f 7717 7719 7718
f 7718 7719 7720
f 7719 7721 7720
f 7720 7721 7722
f 7721 7723 7722
f 7722 7723 7724
f 7723 7725 7724
f 7724 7725 7702
f 7725 7703 7702
f 7726 7727 7728
f 7727 7729 7728
f 7728 7729 7730
f 7731 7732 7733
f 7732 7734 7733
f 7733 7734 7726
f 7734 7735 7726
f 7726 7735 7727
f 7736 7737 7738
f 7737 7739 7738
f 7738 7739 7740
f 7739 7741 7740
f 7740 7741 7742
f 7741 7743 7742
f 7742 7743 7744
f 7743 7745 7744
f 7744 7745 7746
f 7745 7747 7746
f 7746 7747 7748
f 7747 7749 7748
f 7748 7749 7750
f 7749 7751 7750
f 7750 7751 7752
f 7751 7753 7752
f 7752 7753 7754
f 7753 7755 7754
f 7754 7755 7756
f 7755 7757 7756
f 7756 7757 7758
f 7757 7759 7758
f 7758 7759 7736
f 7759 7737 7736
f 7760 7761 7762
f 7761 7763 7762
f 7762 7763 7764
f 7763 7765 7764
f 7764 7765 7766
f 7765 7767 7766
f 7766 7767 7768
f 7767 7769 7768
f 7768 7769 7770
f 7769 7771 7770
f 7770 7771 7772
f 7771 7773 7772
f 7772 7773 7774
f 7773 7775 7774
f 7774 7775 7776
f 7775 7777 7776
f 7776 7777 7778
f 7777 7779 7778
f 7778 7779 7780
f 7779 7781 7780
f 7780 7781 7782
f 7781 7783 7782
f 7782 7783 7760
f 7783 7761 7760
f 7784 7785 7786
f 7785 7787 7786
f 7786 7787 7788
f 7787 7789 7788
f 7788 7789 7790
f 7789 7791 7790
f 7792 7793 7794
f 7793 7795 7794
f 7794 7795 7796
f 7795 7797 7796
f 7796 7797 7798
f 7797 7799 7798
f 7798 7799 7800
f 7799 7801 7800
f 7800 7801 7802
f 7801 7803 7802
f 7802 7803 7804
f 7803 7805 7804
f 7804 7805 7806
f 7805 7807 7806
f 7806 7807 7808
f 7807 7809 7808
f 7808 7809 7810
f 7809 7811 7810
f 7810 7811 7812
f 7811 7813 7812
f 7812 7813 7814
f 7813 7815 7814
f 7814 7815 7792
f 7815 7793 7792
f 7816 7817 7818
f 7817 7819 7818
f 7818 7819 7820
f 7819 7821 7820
f 7820 7821 7822
f 7821 7823 7822
f 7822 7823 7824
f 7823 7825 7824
f 7824 7825 7826
f 7825 7827 7826
f 7826 7827 7828
f 7827 7829 7828
f 7828 7829 7830
f 7829 7831 7830
f 7830 7831 7832
f 7831 7833 7832
f 7832 7833 7834
f 7833 7835 7834
f 7834 7835 7836
f 7835 7837 7836
f 7836 7837 7838
f 7837 7839 7838
f 7838 7839 7816
f 7839 7817 7816
f 7840 7841 7842
f 7841 7843 7842
f 7844 7845 7846
f 7845 7847 7846
f 7846 7847 7848
f 7847 7849 7848
f 7848 7849 7850
f 7849 7851 7850
f 7850 7851 7852
f 7851 7853 7852
f 7852 7853 7854
f 7853 7855 7854
f 7854 7855 7856
f 7855 7857 7856
f 7856 7857 7858
f 7857 7859 7858
f 7858 7859 7860
f 7859 7861 7860
f 7860 7861 7862
f 7861 7863 7862
f 7862 7863 7864
f 7863 7865 7864
f 7864 7865 7866
f 7865 7867 7866
f 7866 7867 7844
f 7867 7845 7844
f 7868 7869 7870
f 7869 7871 7870
f 7870 7871 7872
f 7871 7873 7872
f 7872 7873 7874
f 7873 7875 7874
f 7874 7875 7876
f 7875 7877 7876
f 7876 7877 7878
f 7877 7879 7878
f 7878 7879 7880
f 7879 7881 7880
f 7880 7881 7882
f 7881 7883 7882
f 7882 7883 7884
f 7883 7885 7884
f 7884 7885 7886
f 7885 7887 7886
f 7886 7887 7888
f 7887 7889 7888
f 7888 7889 7890
f 7889 7891 7890
f 7890 7891 7868
f 7891 7869 7868
f 7892 7893 7894
f 7893 7895 7894
f 7894 7895 7896
f 7895 7897 7896
f 7896 7897 7898
f 7897 7899 7898
f 7898 7899 7900
f 7899 7901 7900
f 7900 7901 7902
f 7901 7903 7902
f 7902 7903 7904
f 7903 7905 7904
f 7904 7905 7906
f 7905 7907 7906
f 7906 7907 7908
f 7907 7909 7908
f 7908 7909 7910
f 7909 7911 7910
f 7910 7911 7912
f 7911 7913 7912
f 7912 7913 7914
f 7913 7915 7914
f 7914 7915 7892
f 7915 7893 7892
f 7916 7917 7918
f 7919 7920 7921
f 7922 7923 7924
f 7925 7926 7927
f 7928 7929 7930
f 7931 7932 7933
f 7934 7935 7936
f 7937 7938 7939
f 7940 7941 7942
f 7943 7944 7945
f 7946 7947 7948
f 7949 7950 7951
f 7950 7952 7951
f 7951 7952 7953
f 7952 7954 7953
f 7953 7954 7955
f 7955 7954 7956
f 7954 7957 7956
f 7956 7957 7958
f 7959 7960 7961
f 7960 7962 7961
f 7963 7964 7965
f 7966 7967 7968
f 7967 7969 7968
f 7968 7969 7970
f 7969 7965 7970
f 7970 7965 7971
f 7965 7964 7971
f 7972 7973 7974
f 7973 7975 7974
f 7966 7972 7967
f 7972 7974 7967
f 7967 7974 7976
f 7974 7977 7976
f 7978 7979 7974
f 7979 7980 7974
f 7980 7981 7974
f 7974 7981 7977
f 7981 7982 7977
f 7977 7982 7983
f 7984 7985 7986
f 7985 7983 7986
f 7986 7983 7987
f 7983 7982 7987
f 7984 7988 7985
f 7988 7989 7985
f 7985 7989 7990
f 7989 7991 7990
f 7990 7991 7992
f 7993 7994 7995
f 7996 7997 7998
f 7999 8000 8001
f 8000 7983 8001
f 8001 7983 8002
f 7996 7998 7985
f 7994 8003 7995
f 8003 8004 7995
f 7995 8004 7997
f 7998 8005 7985
f 8005 8006 7985
f 7985 8006 7983
f 8006 8007 7983
f 7983 8007 8002
f 7999 7993 8000
f 7993 7995 8000
f 8000 7995 8008
f 7995 8009 8008
f 8010 8011 8012
f 8011 8013 8012
f 8012 8013 7995
f 8013 8014 7995
f 8015 8016 8017
f 8016 8018 8017
f 8017 8018 8019
f 8014 8020 7995
f 8020 8021 7995
f 7995 8021 8009
f 8021 8022 8009
f 8009 8022 8023
f 8022 8024 8023
f 8025 8026 8027
f 8026 8023 8027
f 8027 8023 8017
f 8023 8024 8017
f 8017 8024 8015
f 8028 8029 8025
f 8030 8031 8029
f 8032 8033 8034
f 8029 8031 8035
f 8031 8036 8035
f 8035 8036 8037
f 8036 8038 8037
f 8037 8038 8032
f 8039 8040 8041
f 8040 8042 8041
f 8041 8042 8043
f 8042 8044 8043
f 8043 8044 8045
f 8046 8047 8048
f 8049 8050 8046
f 8050 8043 8046
f 8046 8043 8047
f 8043 8045 8047
f 8048 8051 8046
f 8051 8052 8046
f 8046 8052 8028
f 8052 8053 8028
f 8041 8030 8039
f 8030 8029 8039
f 8039 8029 8054
f 8029 8028 8054
f 8054 8028 8055
f 8028 8053 8055
f 8034 8056 8057
f 8032 8034 8037
f 8034 8057 8037
f 8037 8057 8058
f 8058 8059 8037
f 8059 8060 8037
f 8037 8060 8061
f 8060 8062 8061
f 8062 8063 8061
f 8061 8063 7948
f 8063 8064 7948
f 7948 8064 7946
f 8065 8061 8066
f 8061 7948 8066
f 8066 7948 8067
f 7948 8068 8067
f 8065 8069 8061
f 8069 8070 8061
f 8061 8070 8071
f 8070 8072 8071
f 8071 8072 8073
f 8073 8074 8075
f 8075 8076 8077
f 8073 8075 8071
f 8075 8077 8071
f 8071 8077 8078
f 8078 8079 8071
f 8079 8080 8071
f 8071 8080 8081
f 8080 8082 8081
f 8082 8083 8081
f 8081 8083 7924
f 8083 8084 7924
f 7924 8084 8085
f 8086 8081 8087
f 8081 7924 8087
f 8087 7924 8088
f 7924 7923 8088
f 8089 8090 8091
f 8090 8081 8091
f 8091 8081 8092
f 8081 8086 8092
f 8093 8094 8095
f 8096 8097 8095
f 8097 8090 8095
f 8095 8090 8093
f 8090 8089 8093
f 8098 8099 8100
f 8099 7944 8100
f 8100 7944 8101
f 7944 7943 8101
f 8101 7943 8102
f 7943 8103 8102
f 8102 8103 8104
f 8103 8090 8104
f 8104 8090 8105
f 8090 8097 8105
f 7945 7944 8106
f 7944 8107 8106
f 8106 8107 8108
f 8109 8110 7930
f 8111 8112 8107
f 8112 8113 8107
f 8107 8113 8108
f 8113 8114 8108
f 8108 8114 8115
f 8114 8116 8115
f 8115 8116 8117
f 8118 8119 8120
f 8119 8121 8120
f 8120 8121 7930
f 8121 8122 7930
f 7930 8122 8109
f 8117 8118 8115
f 8118 8120 8115
f 8115 8120 8123
f 8120 8124 8123
f 8125 8126 8127
f 8126 8124 8127
f 8128 8129 8120
f 8129 8130 8120
f 8120 8130 8124
f 8130 8131 8124
f 8124 8131 8127
f 8125 8132 8126
f 8132 8133 8126
f 8126 8133 8134
f 8133 8135 8134
f 8135 8136 8134
f 8134 8136 8137
f 8136 8138 8137
f 8137 8138 8139
f 8140 8141 7932
f 8141 8142 7932
f 7933 8143 8134
f 8143 8144 8134
f 8134 8144 8145
f 8145 8146 8134
f 8146 8147 8134
f 8134 8147 8126
f 8147 8148 8126
f 8126 8148 8149
f 8142 8150 7932
f 8150 8151 7932
f 7932 8151 7933
f 8151 8152 7933
f 7933 8152 8143
f 8148 8140 8149
f 8140 7932 8149
f 8149 7932 8153
f 7932 8154 8153
f 8155 8156 8157
f 8158 8159 7932
f 8157 8160 8155
f 8160 8161 8155
f 8155 8161 8162
f 8158 7932 8163
f 7932 7931 8163
f 8163 7931 8164
f 7931 8165 8164
f 8164 8165 8162
f 8159 8166 7932
f 8166 8167 7932
f 7932 8167 8154
f 8167 8168 8154
f 8154 8168 8156
f 8168 8169 8156
f 8156 8169 8157
f 8170 8171 8172
f 8171 8170 8173
f 8170 8156 8173
f 8173 8156 8174
f 8172 8175 8170
f 8175 8176 8170
f 8170 8176 8177
f 8177 8176 8178
f 8176 8179 8178
f 8178 8179 8180
f 8179 8181 8180
f 8180 8181 8182
f 8181 8183 8182
f 8182 8183 8184
f 8184 8183 8185
f 8183 8186 8185
f 8185 8186 8187
f 8188 8189 8190
f 8189 8191 8190
f 8192 8193 8194
f 8193 8195 8194
f 8194 8195 8189
f 8195 8196 8189
f 8189 8196 8191
f 8197 8198 8199
f 8198 8200 8199
f 8191 8201 8190
f 8201 8202 8190
f 8190 8202 8203
f 8202 8197 8203
f 8197 8199 8203
f 8199 8204 8203
f 8203 8204 8205
f 8205 8204 8206
f 8204 8207 8206
f 8206 8207 8208
f 8209 8210 8208
f 8211 8212 8213
f 8212 8214 8213
f 8214 8215 8213
f 8213 8215 8216
f 8215 8217 8216
f 8216 8217 8218
f 8219 8220 8209
f 8220 8221 8209
f 8209 8221 8210
f 8222 8223 8224
f 8223 8210 8224
f 8224 8210 8225
f 8210 8221 8225
f 8226 8227 8228
f 8227 8229 8228
f 8229 8230 8228
f 8228 8230 8231
f 8230 8232 8231
f 8232 8233 8231
f 8233 8234 8231
f 8231 8234 8213
f 8234 8235 8213
f 8213 8235 8236
f 8222 8211 8223
f 8211 8213 8223
f 8223 8213 8237
f 8213 8236 8237
f 8236 8238 8237
f 8238 8239 8237
f 8237 8239 8240
f 8239 8241 8240
f 8242 8243 8240
f 8244 8245 8246
f 8244 8246 8247
f 8245 8248 8246
f 8248 8249 8246
f 8246 8249 8228
f 8249 8250 8228
f 8228 8250 8251
f 8241 8226 8240
f 8226 8228 8240
f 8240 8228 8242
f 8228 8251 8242
f 8242 8251 8252
f 8252 8253 8242
f 8253 8254 8242
f 8242 8254 8255
f 8254 8256 8255
f 8255 8256 8257
f 8258 8259 8260
f 8261 8262 8263
f 8262 8264 8263
f 8265 8262 8266
f 8262 8261 8266
f 8266 8261 8267
f 8261 8268 8267
f 8267 8268 8269
f 8270 8246 8271
f 8246 8269 8271
f 8271 8269 8272
f 8269 8268 8272
f 8270 8273 8246
f 8273 8255 8246
f 8246 8255 8247
f 8255 8257 8247
f 8264 8258 8263
f 8258 8260 8263
f 8263 8260 8274
f 8260 8275 8274
f 8274 8275 8276
f 8275 8277 8276
f 8276 8277 8278
f 8273 8279 8255
f 8279 8280 8255
f 8255 8280 8277
f 8280 8281 8277
f 8277 8281 8278
f 8282 8283 8209
f 8283 8216 8209
f 8209 8216 8219
f 8216 8218 8219
f 8284 8285 8216
f 8285 8286 8216
f 8216 8286 8213
f 8286 8287 8213
f 8213 8287 8231
f 8287 8288 8231
f 8231 8288 8228
f 8288 8289 8228
f 8228 8289 8246
f 8289 8290 8246
f 8246 8290 8269
f 8291 8292 8293
f 8292 8284 8293
f 8293 8284 8294
f 8284 8216 8294
f 8294 8216 8295
f 8216 8283 8295
f 8296 8297 8292
f 8298 8299 8300
f 8299 8301 8300
f 8300 8301 8302
f 8303 8304 8305
f 8306 8307 8308
f 8307 8309 8308
f 8308 8309 8303
f 8309 8310 8303
f 8310 8311 8303
f 8311 8312 8303
f 8303 8312 8304
f 8312 8313 8304
f 8304 8313 8314
f 8313 8315 8314
f 7934 8316 7935
f 8316 8314 7935
f 7935 8314 7939
f 8314 8315 7939
f 7939 8315 7937
f 8162 8165 8155
f 8165 8317 8155
f 8155 8317 8318
f 7929 8319 7930
f 8319 8137 7930
f 7930 8137 8120
f 8137 8139 8120
f 8120 8139 8128
f 8320 8321 8107
f 8321 8322 8107
f 8322 7930 8107
f 8107 7930 8111
f 7930 8110 8111
f 8322 8323 7930
f 8323 8324 7930
f 7930 8324 7928
f 8324 8325 7928
f 7928 8325 8326
f 8325 8327 8326
f 8328 8329 8330
f 8329 8326 8330
f 8330 8326 8331
f 8326 8327 8331
f 7925 7927 8332
f 7927 8333 8332
f 8332 8333 8334
f 8328 8334 8329
f 8334 8333 8329
f 8329 8333 8335
f 8333 8099 8335
f 8335 8099 8336
f 8098 8337 8099
f 8337 8338 8099
f 8099 8338 8336
f 8338 8339 8336
f 8336 8339 8340
f 8339 8341 8340
f 8340 8341 8342
f 8341 8343 8342
f 8342 8343 8095
f 8343 8344 8095
f 8095 8344 8096
f 8033 8345 8034
f 8345 8346 8034
f 8034 8346 8347
f 8346 8348 8347
f 8347 8348 8349
f 8348 8350 8349
f 8350 8049 8349
f 8349 8049 8351
f 8049 8046 8351
f 8351 8046 8352
f 8046 8353 8352
f 8353 8046 8354
f 8046 8028 8354
f 8354 8028 8355
f 8353 8356 8352
f 8356 8357 8352
f 8352 8357 8358
f 8357 8359 8358
f 8359 8360 8358
f 8358 8360 8361
f 8360 8362 8361
f 8361 8362 8363
f 8364 8017 8012
f 8017 8019 8012
f 8012 8019 8010
f 7997 7996 7995
f 7996 8365 7995
f 7995 8365 8012
f 8365 8366 8012
f 8012 8366 8364
f 7992 7978 7990
f 7978 7974 7990
f 7990 7974 7961
f 7974 7975 7961
f 7961 7975 7959
f 8367 8368 8369
f 8368 8370 8369
f 8369 8370 7961
f 8370 8371 7961
f 7961 8371 7990
f 8372 8373 8374
f 8373 8375 8374
f 8374 8375 8376
f 8372 8377 8373
f 8377 8378 8373
f 8373 8378 7952
f 7952 8379 8373
f 8379 8380 8373
f 8373 8380 8381
f 8381 8380 8382
f 8380 8383 8382
f 8382 8383 8384
f 8383 8385 8384
f 8384 8385 8386
f 8385 8387 8386
f 8386 8387 8388
f 8387 8389 8388
f 8388 8389 8390
f 8390 8389 8391
f 8389 8392 8391
f 8391 8392 8393
f 8392 8394 8393
f 8393 8394 8395
f 8394 8396 8395
f 8395 8396 8397
f 8396 8398 8397
f 8397 8398 7950
f 8398 8399 7950
f 7950 8399 7952
f 8399 8400 7952
f 7952 8400 8379
f 8401 8397 8402
f 8397 7950 8402
f 8402 7950 8403
f 7950 7949 8403
f 8208 8207 8209
f 8207 8404 8209
f 8209 8404 8282
f 8405 8406 8407
f 8406 8408 8407
f 8407 8408 8199
f 8408 8409 8199
f 8409 8410 8199
f 8199 8410 8204
f 8410 8411 8204
f 8204 8411 8207
f 8411 8412 8207
f 8207 8412 8404
f 8413 8414 7942
f 8414 8415 7942
f 8291 7940 8292
f 7940 7942 8292
f 8292 7942 8296
f 7942 8415 8296
f 8296 8415 8416
f 8200 8417 8199
f 8417 8413 8199
f 8199 8413 8407
f 8413 7942 8407
f 8407 7942 8405
f 7942 7941 8405
f 7947 8418 8419
f 8418 8420 8419
f 8419 8420 8347
f 8420 8421 8347
f 8347 8421 8034
f 8421 8422 8034
f 8034 8422 8056
f 8094 8423 8095
f 8423 8424 8095
f 8095 8424 8342
f 8424 8425 8342
f 8342 8425 8426
f 8425 8427 8426
f 8428 8429 8430
f 8431 8432 8433
f 8432 8434 8433
f 8433 8434 7918
f 8434 8435 7918
f 8435 8436 7918
f 8436 8437 7918
f 7918 8437 8438
f 8437 8439 8438
f 8438 8439 8428
f 8440 8441 8442
f 8441 8443 8442
f 8429 8444 8430
f 8444 8445 8430
f 8430 8445 8440
f 8445 8446 8440
f 8440 8446 8441
f 8447 8448 8430
f 8428 8430 8438
f 8430 8448 8438
f 8438 8448 8449
f 8449 8450 8438
f 8450 8451 8438
f 8438 8451 8189
f 8451 8452 8189
f 8452 8453 8189
f 8189 8453 8194
f 8453 8454 8194
f 8194 8454 8455
f 8455 8456 8194
f 8456 8457 8194
f 8194 8457 8192
f 8457 8458 8192
f 8456 8459 8457
f 8459 8460 8457
f 8457 8460 8440
f 8460 8461 8440
f 8440 8461 8430
f 8461 8462 8430
f 8430 8462 8447
f 7947 8419 7948
f 8419 8463 7948
f 7948 8463 8068
f 8074 8464 8075
f 8464 8465 8075
f 8075 8465 8466
f 8465 8467 8466
f 8466 8467 8419
f 8467 8468 8419
f 8419 8468 8463
f 8085 8469 7924
f 8469 8426 7924
f 7924 8426 7922
f 8426 8427 7922
f 8469 8470 8426
f 8470 8471 8426
f 8426 8471 8466
f 8471 8472 8466
f 8466 8472 8075
f 8472 8473 8075
f 8075 8473 8076
f 8474 8475 8476
f 8475 8477 8476
f 8474 8478 8475
f 8478 8479 8475
f 8475 8479 8480
f 8479 8481 8480
f 8481 8482 8480
f 8480 8482 8483
f 8482 8484 8483
f 8483 8484 8485
f 8486 8487 7957
f 7969 7958 7965
f 7958 7957 7965
f 7965 7957 8488
f 7957 8487 8488
f 8488 8489 7965
f 8489 8490 7965
f 7965 8490 8477
f 8490 8491 8477
f 8477 8491 8476
f 8492 8358 8364
f 8358 8361 8364
f 8364 8361 8017
f 8361 8363 8017
f 8017 8363 8493
f 8025 8027 8028
f 8027 8494 8028
f 8028 8494 8355
f 8493 8495 8017
f 8495 8496 8017
f 8017 8496 8027
f 8496 8497 8027
f 8027 8497 8494
f 7921 7920 8175
f 8498 8179 8499
f 8179 8176 8499
f 8499 8176 8500
f 8176 8175 8500
f 8500 8175 8501
f 8175 7920 8501
f 7917 8502 7918
f 8502 8503 7918
f 7918 8503 8433
f 8503 8504 8433
f 8504 8505 8433
f 8505 8506 8433
f 8433 8506 8303
f 8506 8507 8303
f 8507 8508 8303
f 8303 8508 8308
f 8508 8509 8308
f 8308 8509 8510
f 8510 8511 8308
f 8511 8179 8308
f 8308 8179 8306
f 8179 8498 8306
f 7916 8181 8512
f 8181 8179 8512
f 8512 8179 8513
f 8179 8511 8513
f 8514 8155 7936
f 8155 8318 7936
f 7936 8318 7934
f 8514 8515 8155
f 8515 8516 8155
f 8155 8516 8156
f 8516 8517 8156
f 8156 8517 8174
f 8518 7939 7921
f 7939 7938 7921
f 7921 7938 7919
f 8518 8519 7939
f 8519 8520 7939
f 7939 8520 7935
f 8520 8521 7935
f 7935 8521 7936
f 8521 8522 7936
f 7936 8522 8514
f 8172 8523 8175
f 8523 8524 8175
f 8175 8524 7921
f 8524 8525 7921
f 7921 8525 8518
f 8378 8526 7952
f 8526 8527 7952
f 7952 8527 7954
f 8527 8528 7954
f 7954 8528 8529
f 8529 8530 7954
f 8530 8483 7954
f 7954 8483 7957
f 8483 8485 7957
f 7957 8485 8486
f 8530 8531 8483
f 8531 8532 8483
f 8483 8532 8480
f 8532 8533 8480
f 8480 8533 8534
f 7962 7963 7961
f 7963 7965 7961
f 7961 7965 8369
f 7965 8477 8369
f 8369 8477 8367
f 8477 8475 8367
f 8367 8475 8535
f 8475 8480 8535
f 8535 8480 8375
f 8480 8534 8375
f 8375 8534 8376
f 8536 8537 7944
f 8537 7927 7944
f 7944 7927 8107
f 7927 7926 8107
f 8107 7926 8320
f 8538 8099 8539
f 8099 8333 8539
f 8539 8333 8540
f 8333 8541 8540
f 8538 8542 8099
f 8542 8543 8099
f 8099 8543 7944
f 8543 8544 7944
f 7944 8544 8536
f 8537 8545 7927
f 8545 8546 7927
f 7927 8546 8333
f 8546 8547 8333
f 8333 8547 8541
f 7916 7918 8181
f 7918 8438 8181
f 8181 8438 8183
f 8438 8189 8183
f 8183 8189 8186
f 8189 8188 8186
f 8186 8188 8187
f 8305 8548 8303
f 8548 8442 8303
f 8303 8442 8433
f 8442 8443 8433
f 8433 8443 8431
f 8442 8549 8440
f 8549 8296 8440
f 8440 8296 8457
f 8296 8416 8457
f 8457 8416 8458
f 8305 8550 8548
f 8550 8298 8548
f 8548 8298 8442
f 8298 8300 8442
f 8442 8300 8549
f 8300 8302 8549
f 8549 8302 8296
f 8302 8551 8296
f 8296 8551 8297
f 8552 8553 8554
f 8553 8555 8554
f 8554 8555 8556
f 8555 8557 8556
f 8556 8557 8558
f 8557 8559 8558
f 8558 8559 8560
f 8559 8561 8560
f 8560 8561 8562
f 8561 8563 8562
f 8562 8563 8564
f 8563 8565 8564
f 8564 8565 8566
f 8565 8567 8566
f 8566 8567 8568
f 8567 8569 8568
f 8568 8569 8570
f 8569 8571 8570
f 8570 8571 8572
f 8571 8573 8572
f 8572 8573 8574
f 8573 8575 8574
f 8574 8575 8552
f 8575 8553 8552
f 8576 8577 8578
f 8577 8579 8578
f 8578 8579 8580
f 8579 8581 8580
f 8580 8581 8582
f 8581 8583 8582
f 8582 8583 8584
f 8583 8585 8584
f 8584 8585 8586
f 8585 8587 8586
f 8586 8587 8588
f 8587 8589 8588
f 8588 8589 8590
f 8589 8591 8590
f 8590 8591 8592
f 8591 8593 8592
f 8592 8593 8594
f 8593 8595 8594
f 8594 8595 8596
f 8595 8597 8596
f 8596 8597 8598
f 8597 8599 8598
f 8598 8599 8576
f 8599 8577 8576
f 8600 8601 8602
f 8603 8604 8605
f 8606 8607 8608
f 8609 8610 8611
f 8612 8613 8614
f 8615 8616 8617
f 8618 8619 8620
f 8621 8622 8623
f 8624 8625 8626
f 8627 8628 8629
f 8629 8628 8630
f 8631 8632 8633
f 8634 8635 8636
f 8637 8638 8639
f 8640 8614 8641
f 8642 8643 8644
f 8644 8643 8645
f 8643 8646 8645
f 8645 8646 8647
f 8648 8649 8650
f 8649 8651 8650
f 8650 8651 8652
f 8651 8653 8652
f 8652 8653 8654
f 8653 8642 8654
f 8654 8642 8655
f 8642 8644 8655
f 8648 8656 8657
f 8656 8658 8657
f 8657 8658 8659
f 8658 8660 8659
f 8647 8646 8661
f 8646 8662 8661
f 8661 8662 8663
f 8662 8664 8663
f 8663 8664 8665
f 8664 8660 8665
f 8665 8660 8666
f 8660 8658 8666
f 8658 8667 8666
f 8666 8667 8668
f 8668 8669 8666
f 8669 8670 8666
f 8666 8670 8671
f 8672 8673 8674
f 8673 8671 8674
f 8674 8671 8675
f 8671 8670 8675
f 8676 8677 8678
f 8677 8679 8678
f 8678 8679 8680
f 8681 8682 8683
f 8684 8685 8686
f 8685 8687 8686
f 8686 8687 8688
f 8688 8689 8686
f 8689 8690 8686
f 8686 8690 8676
f 8690 8691 8676
f 8676 8691 8677
f 8689 8692 8690
f 8692 8693 8690
f 8690 8693 8681
f 8693 8694 8681
f 8681 8694 8682
f 8695 8696 8697
f 8696 8698 8697
f 8697 8698 8699
f 8698 8700 8699
f 8700 8701 8699
f 8699 8701 8702
f 8701 8703 8702
f 8703 8704 8702
f 8702 8704 8705
f 8705 8681 8702
f 8681 8683 8702
f 8702 8683 8706
f 8683 8707 8706
f 8706 8707 8708
f 8705 8709 8681
f 8709 8710 8681
f 8681 8710 8711
f 8710 8712 8711
f 8711 8712 8713
f 8714 8715 8716
f 8715 8711 8716
f 8716 8711 8697
f 8711 8713 8697
f 8697 8713 8695
f 8717 8718 8719
f 8718 8720 8719
f 8719 8720 8721
f 8720 8722 8721
f 8718 8723 8720
f 8723 8724 8720
f 8720 8724 8640
f 8724 8725 8640
f 8725 8726 8640
f 8640 8726 8614
f 8726 8727 8614
f 8614 8727 8728
f 8729 8730 8731
f 8730 8732 8731
f 8731 8732 8733
f 8734 8729 8735
f 8729 8731 8735
f 8735 8731 8736
f 8731 8737 8736
f 8734 8738 8729
f 8738 8739 8729
f 8729 8739 8740
f 8739 8741 8740
f 8741 8742 8740
f 8740 8742 8743
f 8744 8745 8743
f 8742 8746 8743
f 8746 8747 8743
f 8743 8747 8744
f 8747 8748 8744
f 8744 8748 8749
f 8749 8750 8751
f 8750 8752 8751
f 8751 8752 8737
f 8752 8753 8737
f 8737 8753 8736
f 8745 8744 8754
f 8744 8620 8754
f 8754 8620 8755
f 8756 8757 8758
f 8757 8759 8758
f 8759 8760 8758
f 8760 8761 8758
f 8758 8761 8619
f 8762 8763 8620
f 8763 8764 8620
f 8620 8764 8755
f 8764 8765 8755
f 8755 8765 8756
f 8765 8766 8756
f 8756 8766 8757
f 8761 8767 8619
f 8767 8768 8619
f 8619 8768 8620
f 8768 8769 8620
f 8620 8769 8762
f 8770 8637 8771
f 8637 8756 8771
f 8771 8756 8772
f 8773 8638 8774
f 8638 8637 8774
f 8774 8637 8775
f 8637 8770 8775
f 8773 8776 8638
f 8776 8777 8638
f 8638 8777 8778
f 8777 8779 8778
f 8778 8779 8758
f 8779 8780 8758
f 8780 8781 8758
f 8758 8781 8756
f 8781 8782 8756
f 8756 8782 8772
f 8638 8783 8639
f 8783 8784 8639
f 8639 8784 8785
f 8786 8787 8788
f 8784 8789 8785
f 8789 8790 8785
f 8785 8790 8787
f 8790 8791 8787
f 8787 8791 8788
f 8792 8793 8638
f 8793 8794 8638
f 8638 8794 8783
f 8788 8795 8786
f 8795 8796 8786
f 8786 8796 8797
f 8796 8798 8797
f 8799 8800 8801
f 8800 8802 8801
f 8800 8803 8802
f 8803 8804 8802
f 8802 8804 8632
f 8804 8805 8632
f 8805 8806 8632
f 8632 8806 8633
f 8806 8807 8633
f 8633 8807 8808
f 8809 8810 8811
f 8810 8812 8811
f 8813 8814 8815
f 8814 8816 8815
f 8815 8816 8817
f 8816 8818 8817
f 8817 8818 8819
f 8818 8820 8819
f 8819 8820 8821
f 8820 8822 8821
f 8821 8822 8823
f 8824 8825 8826
f 8826 8825 8827
f 8813 8828 8814
f 8828 8829 8814
f 8814 8829 8830
f 8829 8831 8830
f 8831 8824 8830
f 8830 8824 8832
f 8824 8826 8832
f 8832 8826 8833
f 8833 8826 8630
f 8826 8834 8630
f 8630 8834 8629
f 8627 8835 8836
f 8835 8837 8836
f 8836 8837 8838
f 8839 8840 8841
f 8840 8842 8841
f 8843 8844 8837
f 8844 8845 8837
f 8837 8845 8838
f 8845 8846 8838
f 8846 8847 8838
f 8838 8847 8848
f 8847 8849 8848
f 8848 8849 8850
f 8849 8851 8850
f 8850 8851 8852
f 8842 8853 8841
f 8853 8854 8841
f 8841 8854 8851
f 8854 8855 8851
f 8851 8855 8852
f 8841 8856 8839
f 8856 8857 8839
f 8839 8857 8858
f 8857 8859 8858
f 8859 8860 8858
f 8858 8860 8861
f 8860 8862 8861
f 8861 8862 8843
f 8837 8863 8864
f 8843 8837 8861
f 8837 8864 8861
f 8861 8864 8865
f 8865 8866 8861
f 8866 8867 8861
f 8861 8867 8868
f 8867 8869 8868
f 8868 8869 8870
f 8871 8872 8835
f 8872 8873 8835
f 8873 8874 8835
f 8835 8874 8837
f 8874 8875 8837
f 8837 8875 8863
f 8876 8877 8868
f 8878 8835 8879
f 8835 8880 8879
f 8870 8871 8868
f 8871 8835 8868
f 8868 8835 8876
f 8835 8878 8876
f 8627 8629 8835
f 8629 8881 8835
f 8835 8881 8880
f 8882 8883 8834
f 8883 8884 8834
f 8884 8885 8834
f 8834 8885 8629
f 8885 8886 8629
f 8629 8886 8881
f 8878 8887 8876
f 8887 8888 8876
f 8876 8888 8889
f 8888 8890 8889
f 8891 8892 8826
f 8892 8893 8826
f 8826 8893 8834
f 8893 8894 8834
f 8834 8894 8895
f 8890 8882 8889
f 8882 8834 8889
f 8889 8834 8896
f 8834 8895 8896
f 8896 8895 8897
f 8897 8898 8896
f 8898 8899 8896
f 8896 8899 8900
f 8899 8901 8900
f 8901 8902 8827
f 8902 8903 8827
f 8827 8903 8826
f 8903 8904 8826
f 8826 8904 8891
f 8901 8827 8900
f 8827 8905 8900
f 8900 8905 8906
f 8907 8908 8909
f 8908 8610 8909
f 8909 8610 8910
f 8911 8912 8913
f 8912 8914 8913
f 8625 8915 8626
f 8915 8916 8626
f 8626 8916 8911
f 8609 8917 8610
f 8917 8918 8610
f 8610 8918 8910
f 8918 8919 8910
f 8910 8919 8625
f 8919 8920 8625
f 8625 8920 8915
f 8921 8922 8923
f 8922 8924 8923
f 8923 8924 8925
f 8925 8924 8926
f 8924 8927 8926
f 8926 8927 8928
f 8927 8929 8928
f 8928 8929 8621
f 8602 8601 8930
f 8601 8931 8930
f 8931 8932 8930
f 8930 8932 8786
f 8932 8933 8786
f 8798 8792 8797
f 8792 8638 8797
f 8797 8638 8934
f 8638 8778 8934
f 8749 8751 8744
f 8751 8935 8744
f 8744 8935 8936
f 8936 8937 8744
f 8937 8938 8744
f 8744 8938 8620
f 8938 8939 8620
f 8620 8939 8940
f 8940 8941 8620
f 8941 8942 8620
f 8620 8942 8618
f 8941 8943 8942
f 8943 8944 8942
f 8942 8944 8945
f 8946 8947 8751
f 8947 8948 8751
f 8751 8948 8935
f 8949 8950 8951
f 8950 8952 8951
f 8953 8954 8733
f 8955 8956 8957
f 8733 8954 8951
f 8954 8958 8951
f 8951 8958 8949
f 8958 8959 8949
f 8949 8959 8960
f 8959 8961 8960
f 8960 8961 8962
f 8961 8963 8962
f 8962 8963 8955
f 8956 8964 8957
f 8964 8965 8957
f 8957 8965 8966
f 8965 8967 8966
f 8966 8967 8968
f 8967 8969 8968
f 8968 8969 8732
f 8969 8970 8732
f 8732 8970 8733
f 8970 8971 8733
f 8733 8971 8953
f 8957 8972 8973
f 8955 8957 8962
f 8957 8973 8962
f 8962 8973 8974
f 8974 8975 8962
f 8975 8976 8962
f 8962 8976 8977
f 8976 8978 8977
f 8978 8979 8977
f 8977 8979 8617
f 8979 8980 8617
f 8617 8980 8615
f 8981 8977 8982
f 8977 8617 8982
f 8982 8617 8983
f 8617 8984 8983
f 8981 8985 8977
f 8985 8986 8977
f 8977 8986 8987
f 8986 8988 8987
f 8987 8988 8989
f 8989 8990 8991
f 8991 8992 8993
f 8989 8991 8987
f 8991 8993 8987
f 8987 8993 8994
f 8994 8995 8987
f 8995 8996 8987
f 8987 8996 8997
f 8996 8998 8997
f 8998 8999 8997
f 8997 8999 8608
f 8999 9000 8608
f 8608 9000 9001
f 9002 8997 9003
f 8997 8608 9003
f 9003 8608 9004
f 8608 8607 9004
f 9005 9006 9007
f 9006 8997 9007
f 9007 8997 9008
f 8997 9002 9008
f 9009 9010 9011
f 8614 8613 8641
f 8613 9012 8641
f 8641 9012 9013
f 9012 9014 9013
f 9013 9014 9015
f 9014 9016 9015
f 9015 9016 9011
f 9016 9017 9011
f 9011 9017 9018
f 9018 9019 9011
f 9019 9006 9011
f 9011 9006 9009
f 9006 9005 9009
f 9019 9020 9006
f 9020 9021 9006
f 9006 9021 9022
f 9021 9023 9022
f 9022 9023 9024
f 9024 9025 9026
f 9023 9027 9024
f 9027 9028 9024
f 9024 9028 9025
f 9029 9030 8614
f 9030 9031 8614
f 8614 9031 8612
f 9031 9032 8612
f 8612 9032 9033
f 9032 9034 9033
f 9033 9034 9028
f 9034 9035 9028
f 9028 9035 9025
f 9036 9037 8728
f 9037 9038 8728
f 8728 9038 8614
f 9038 9039 8614
f 8614 9039 9029
f 9026 9036 9024
f 9036 8728 9024
f 9024 8728 9040
f 8728 9041 9040
f 9040 9041 9042
f 9041 9043 9042
f 9042 9043 9044
f 9045 9046 9047
f 9046 9044 9047
f 9047 9044 9048
f 9044 9043 9048
f 9048 9043 9049
f 9050 9051 8716
f 9051 9052 8716
f 8716 9052 9043
f 9052 9053 9043
f 9043 9053 9049
f 9054 9055 8697
f 9055 9056 8697
f 8697 9056 8716
f 9056 9057 8716
f 8716 9057 9050
f 9045 9054 9046
f 9054 8697 9046
f 9046 8697 9058
f 8697 8699 9058
f 8708 8684 8706
f 8684 8686 8706
f 8706 8686 9059
f 8686 9060 9059
f 9061 9060 9062
f 9062 9060 9063
f 9060 8686 9063
f 9063 8686 9064
f 9065 9066 9067
f 9068 9069 8676
f 9069 9070 8676
f 8676 9070 8686
f 9070 9071 8686
f 8686 9071 9064
f 9066 9072 9067
f 9072 9073 9067
f 9067 9073 9074
f 8658 9075 9076
f 9075 9077 9076
f 9076 9077 9078
f 9079 9080 8656
f 9080 9081 8656
f 8656 9081 8658
f 9081 9082 8658
f 8658 9082 9075
f 8648 8650 8656
f 8650 9083 8656
f 8656 9083 9079
f 8611 9084 8815
f 9084 9085 8815
f 8815 9085 8813
f 9086 8908 8905
f 8908 8907 8905
f 8905 8907 8906
f 9086 9087 8908
f 9087 9088 8908
f 8908 9088 8610
f 9088 9089 8610
f 8610 9089 8611
f 9089 9090 8611
f 8611 9090 9084
f 8825 9091 8827
f 9091 9092 8827
f 8827 9092 8905
f 9092 9093 8905
f 8905 9093 9086
f 9094 9095 8817
f 9095 9096 8817
f 8817 9096 8815
f 9096 9097 8815
f 8815 9097 8611
f 9097 9098 8611
f 8611 9098 8609
f 9010 9099 9011
f 9099 9100 9011
f 9011 9100 9015
f 9100 9101 9015
f 9015 9101 9102
f 9101 9103 9102
f 8616 9104 9105
f 9104 9106 9105
f 9105 9106 8966
f 9106 9107 8966
f 8966 9107 8957
f 9107 9108 8957
f 8957 9108 8972
f 8604 9109 8605
f 9109 9110 8605
f 8605 9110 9111
f 9110 9112 9111
f 9112 9113 9111
f 9113 9114 9111
f 9111 9114 9115
f 9114 9116 9115
f 9116 9117 9115
f 9115 9117 9118
f 9117 9119 9118
f 9118 9119 9120
f 9121 9122 8812
f 9122 9123 8812
f 8812 9123 9124
f 9125 9126 8913
f 8911 8913 8626
f 8913 9126 8626
f 8626 9126 9127
f 9127 9128 8626
f 9128 9129 8626
f 8626 9129 9111
f 9129 9130 9111
f 9130 9131 9111
f 9111 9131 8605
f 9131 9132 8605
f 8605 9132 9133
f 9133 9134 8605
f 9134 9124 8605
f 8605 9124 8603
f 9124 9123 8603
f 9134 9135 9124
f 9135 9136 9124
f 9124 9136 9137
f 9136 9138 9137
f 9137 9138 8913
f 9138 9139 8913
f 8913 9139 9125
f 9001 9140 8608
f 9140 9102 8608
f 8608 9102 8606
f 9102 9103 8606
f 9140 9141 9102
f 9141 9142 9102
f 9102 9142 9143
f 9142 9144 9143
f 9143 9144 8991
f 9144 9145 8991
f 8991 9145 8992
f 8616 9105 8617
f 9105 9146 8617
f 8617 9146 8984
f 8990 9147 8991
f 9147 9148 8991
f 8991 9148 9143
f 9148 9149 9143
f 9143 9149 9105
f 9149 9150 9105
f 9105 9150 9146
f 9151 9152 8673
f 9151 8673 9153
f 9154 8671 9155
f 8671 8673 9155
f 9155 8673 9156
f 8673 9152 9156
f 9156 9157 9155
f 9157 9158 9155
f 9155 9158 9159
f 9158 9160 9159
f 9160 9161 9159
f 9159 9161 9067
f 9161 9162 9067
f 9162 9163 9067
f 9067 9163 9164
f 9062 9065 9061
f 9065 9067 9061
f 9061 9067 9165
f 9067 9164 9165
f 9166 9167 9168
f 9167 9165 9168
f 9168 9165 9169
f 9165 9164 9169
f 8727 9170 8728
f 9170 9171 8728
f 8728 9171 9041
f 9171 9172 9041
f 8714 8716 8721
f 8716 9043 8721
f 8721 9043 8719
f 9043 9173 8719
f 8719 9173 8717
f 9172 9174 9041
f 9174 9175 9041
f 9041 9175 9043
f 9175 9176 9043
f 9043 9176 9173
f 9177 9178 9179
f 9178 9180 9179
f 9179 9180 8800
f 9180 9181 8800
f 8800 9181 8803
f 8602 9182 9177
f 8621 8929 8622
f 8929 9183 8622
f 8622 9183 9184
f 8930 8623 8602
f 8623 8622 8602
f 8602 8622 9182
f 8622 9184 9182
f 8808 9185 9186
f 9185 9187 9186
f 9186 9187 8929
f 9187 9188 8929
f 8929 9188 9183
f 9189 9190 9186
f 8808 9186 8633
f 9186 9190 8633
f 8633 9190 9191
f 9191 9192 8633
f 9192 9193 8633
f 8633 9193 9118
f 9193 9194 9118
f 9194 9195 9118
f 9118 9195 9115
f 9195 9196 9115
f 9115 9196 9197
f 9198 9199 8927
f 9199 9200 8927
f 8927 9200 8929
f 9200 9201 8929
f 8929 9201 9186
f 9201 9202 9186
f 9186 9202 9189
f 8933 9203 8786
f 9203 9204 8786
f 8786 9204 8787
f 9204 9205 8787
f 8787 9205 9206
f 9207 8785 8635
f 8785 8787 8635
f 8635 8787 8636
f 8787 9206 8636
f 8636 9206 9208
f 9177 9179 8602
f 9179 9209 8602
f 8602 9209 8600
f 9208 9210 8636
f 9210 8799 8636
f 8636 8799 8634
f 8799 8801 8634
f 9210 9211 8799
f 9211 9212 8799
f 8799 9212 8800
f 9212 9213 8800
f 8800 9213 9179
f 9213 9214 9179
f 9179 9214 9209
f 8672 9215 8673
f 9215 9167 8673
f 8673 9167 9153
f 9167 9166 9153
f 9215 9216 9167
f 9216 9217 9167
f 9167 9217 9218
f 9218 9076 9167
f 9076 9078 9167
f 9167 9078 9165
f 9078 9219 9165
f 9165 9219 9061
f 9218 9220 9076
f 9220 9221 9076
f 9076 9221 8658
f 9221 9222 8658
f 8658 9222 8667
f 8823 8811 8821
f 8811 8812 8821
f 8821 8812 8819
f 8812 9124 8819
f 8819 9124 8817
f 9124 9137 8817
f 8817 9137 9094
f 9137 8913 9094
f 9094 8913 9223
f 8913 8914 9223
f 8809 8631 8810
f 8631 8633 8810
f 8810 8633 8812
f 8633 9118 8812
f 8812 9118 9121
f 9118 9120 9121
f 9197 9198 9115
f 9198 8927 9115
f 9115 8927 9111
f 8927 8924 9111
f 9111 8924 8626
f 8924 8922 8626
f 8626 8922 8624
f 8922 8921 8624
f 9224 9225 8731
f 8737 9226 9227
f 8731 9225 8737
f 9225 9228 8737
f 8737 9228 9226
f 8944 8946 8945
f 8946 8751 8945
f 8945 8751 8952
f 8751 8737 8952
f 8952 8737 8951
f 8737 9227 8951
f 9229 9230 8733
f 9230 9231 8733
f 8733 9231 8731
f 9231 9232 8731
f 8731 9232 9224
f 9227 9233 8951
f 9233 9234 8951
f 8951 9234 8733
f 9234 9235 8733
f 8733 9235 9229
f 9154 9155 8680
f 9155 9159 8680
f 8680 9159 8678
f 9159 9067 8678
f 8678 9067 8676
f 9067 9074 8676
f 8676 9074 9068
f 9236 9237 9238
f 9237 9239 9238
f 9238 9239 9240
f 9239 9241 9240
f 9240 9241 9242
f 9241 9243 9242
f 9242 9243 9244
f 9243 9245 9244
f 9244 9245 9246
f 9245 9247 9246
f 9246 9247 9248
f 9247 9249 9248
f 9248 9249 9250
f 9249 9251 9250
f 9250 9251 9252
f 9251 9253 9252
f 9252 9253 9254
f 9253 9255 9254
f 9254 9255 9256
f 9255 9257 9256
f 9256 9257 9258
f 9257 9259 9258
f 9258 9259 9236
f 9259 9237 9236
f 9260 9261 9262
f 9261 9263 9262
f 9262 9263 9264
f 9263 9265 9264
f 9264 9265 9266
f 9265 9267 9266
f 9266 9267 9268
f 9267 9269 9268
f 9268 9269 9270
f 9269 9271 9270
f 9270 9271 9272
f 9271 9273 9272
f 9272 9273 9274
f 9273 9275 9274
f 9274 9275 9276
f 9275 9277 9276
f 9276 9277 9278
f 9277 9279 9278
f 9278 9279 9280
f 9279 9281 9280
f 9280 9281 9282
f 9281 9283 9282
f 9282 9283 9260
f 9283 9261 9260
f 9284 9285 9286
f 9285 9287 9286
f 9286 9287 9288
f 9287 9289 9288
f 9288 9289 9290
f 9289 9291 9290
f 9290 9291 9292
f 9291 9293 9292
f 9292 9293 9294
f 9293 9295 9294
f 9294 9295 9296
f 9295 9297 9296
f 9296 9297 9298
f 9297 9299 9298
f 9298 9299 9300
f 9299 9301 9300
f 9300 9301 9302
f 9301 9303 9302
f 9302 9303 9304
f 9303 9305 9304
f 9304 9305 9306
f 9305 9307 9306
f 9306 9307 9308
f 9307 9309 9308
f 9308 9309 9284
f 9309 9285 9284
f 9310 9311 9312
f 9311 9313 9312
f 9312 9313 9314
f 9313 9315 9314
f 9314 9315 9316
f 9315 9317 9316
f 9316 9317 9318
f 9317 9319 9318
f 9318 9319 9320
f 9319 9321 9320
f 9320 9321 9322
f 9321 9323 9322
f 9322 9323 9324
f 9323 9325 9324
f 9324 9325 9326
f 9325 9327 9326
f 9326 9327 9328
f 9327 9329 9328
f 9328 9329 9330
f 9329 9331 9330
f 9330 9331 9332
f 9331 9333 9332
f 9332 9333 9310
f 9333 9311 9310
f 9334 9335 9336
f 9335 9337 9336
f 9336 9337 9338
f 9337 9339 9338
f 9338 9339 9340
f 9339 9341 9340
f 9340 9341 9342
f 9341 9343 9342
f 9342 9343 9344
f 9343 9345 9344
f 9344 9345 9346
f 9345 9347 9346
f 9346 9347 9348
f 9347 9349 9348
f 9348 9349 9350
f 9349 9351 9350
f 9350 9351 9352
f 9351 9353 9352
f 9352 9353 9354
f 9353 9355 9354
f 9354 9355 9356
f 9355 9357 9356
f 9356 9357 9334
f 9357 9335 9334
f 9358 9359 9360
f 9359 9361 9360
f 9362 9363 9364
f 9363 9365 9364
f 9364 9365 9366
f 9365 9367 9366
f 9366 9367 9368
f 9367 9369 9368
f 9368 9369 9370
f 9369 9371 9370
f 9370 9371 9372
f 9371 9373 9372
f 9372 9373 9374
f 9373 9375 9374
f 9374 9375 9376
f 9375 9377 9376
f 9376 9377 9378
f 9377 9379 9378
f 9378 9379 9380
f 9379 9381 9380
f 9380 9381 9382
f 9381 9383 9382
f 9382 9383 9384
f 9383 9385 9384
f 9384 9385 9362
f 9385 9363 9362
f 9386 9387 9388
f 9387 9389 9388
f 9388 9389 9390
f 9389 9391 9390
f 9390 9391 9392
f 9391 9393 9392
f 9392 9393 9394
f 9393 9395 9394
f 9394 9395 9396
f 9395 9397 9396
f 9396 9397 9398
f 9397 9399 9398
f 9398 9399 9400
f 9399 9401 9400
f 9400 9401 9402
f 9401 9403 9402
f 9402 9403 9404
f 9403 9405 9404
f 9404 9405 9406
f 9405 9407 9406
f 9406 9407 9408
f 9407 9409 9408
f 9408 9409 9386
f 9409 9387 9386
f 9410 9411 9412
f 9411 9413 9412
f 9412 9413 9414
f 9413 9415 9414
f 9416 9417 9418
f 9417 9419 9418
f 9418 9419 9420
f 9419 9421 9420
f 9420 9421 9422
f 9421 9423 9422
f 9422 9423 9424
f 9423 9425 9424
f 9424 9425 9426
f 9425 9427 9426
f 9426 9427 9428
f 9427 9429 9428
f 9428 9429 9430
f 9429 9431 9430
f 9430 9431 9432
f 9431 9433 9432
f 9432 9433 9434
f 9433 9435 9434
f 9434 9435 9436
f 9435 9437 9436
f 9436 9437 9438
f 9437 9439 9438
f 9438 9439 9416
f 9439 9417 9416
f 9411 9410 9440
f 9411 9440 9441
f 9440 9442 9441
f 9441 9442 9443
f 9442 9358 9443
f 9443 9358 9360
f 9444 9445 9446
f 9445 9447 9446
f 9446 9447 9448
f 9447 9449 9448
f 9448 9449 9450
f 9449 9451 9450
f 9452 9453 9454
f 9453 9455 9454
f 9454 9455 9456
f 9455 9457 9456
f 9456 9457 9458
f 9457 9459 9458
f 9458 9459 9460
f 9459 9461 9460
f 9460 9461 9462
f 9461 9463 9462
f 9462 9463 9464
f 9463 9465 9464
f 9464 9465 9466
f 9465 9467 9466
f 9466 9467 9468
f 9467 9469 9468
f 9468 9469 9470
f 9469 9471 9470
f 9470 9471 9472
f 9471 9473 9472
f 9472 9473 9474
f 9473 9475 9474
f 9474 9475 9452
f 9475 9453 9452
f 9476 9477 9478
f 9477 9479 9478
f 9478 9479 9480
f 9479 9481 9480
f 9480 9481 9482
f 9481 9483 9482
f 9482 9483 9484
f 9483 9485 9484
f 9484 9485 9486
f 9485 9487 9486
f 9486 9487 9488
f 9487 9489 9488
f 9488 9489 9490
f 9489 9491 9490
f 9490 9491 9492
f 9491 9493 9492
f 9492 9493 9494
f 9493 9495 9494
f 9494 9495 9496
f 9495 9497 9496
f 9496 9497 9498
f 9497 9499 9498
f 9498 9499 9476
f 9499 9477 9476
f 9361 9359 9500
f 9361 9500 9501
f 9500 9502 9501
f 9501 9502 9503
f 9502 9504 9503
f 9503 9504 9505
f 9506 9507 9508
f 9507 9509 9508
f 9508 9509 9510
f 9509 9511 9510
f 9510 9511 9451
f 9511 9450 9451
f 9505 9504 9512
f 9504 9513 9512
f 9512 9513 9514
f 9513 9515 9514
f 9516 9517 9518
f 9517 9519 9518
f 9518 9519 9520
f 9519 9521 9520
f 9520 9521 9522
f 9521 9523 9522
f 9522 9523 9524
f 9523 9525 9524
f 9524 9525 9526
f 9525 9527 9526
f 9526 9527 9528
f 9527 9529 9528
f 9528 9529 9530
f 9529 9531 9530
f 9530 9531 9532
f 9531 9533 9532
f 9532 9533 9534
f 9533 9535 9534
f 9534 9535 9536
f 9535 9537 9536
f 9536 9537 9538
f 9537 9539 9538
f 9538 9539 9516
f 9539 9517 9516
f 9540 9541 9542
f 9541 9543 9542
f 9542 9543 9544
f 9543 9545 9544
f 9507 9506 9546
f 9506 9547 9546
f 9546 9547 9548
f 9547 9549 9548
f 9548 9549 9550
f 9549 9551 9550
f 9550 9551 9552
f 9551 9553 9552
f 9552 9553 9554
f 9553 9555 9554
f 9554 9555 9556
f 9555 9557 9556
f 9558 9559 9560
f 9559 9561 9560
f 9560 9561 9562
f 9561 9563 9562
f 9562 9563 9564
f 9563 9565 9564
f 9564 9565 9566
f 9565 9567 9566
f 9566 9567 9568
f 9567 9569 9568
f 9568 9569 9570
f 9569 9571 9570
f 9570 9571 9572
f 9571 9573 9572
f 9572 9573 9574
f 9573 9575 9574
f 9574 9575 9576
f 9575 9577 9576
f 9576 9577 9578
f 9577 9579 9578
f 9578 9579 9580
f 9579 9581 9580
f 9580 9581 9558
f 9581 9559 9558
f 9582 9583 9584
f 9583 9585 9584
f 9584 9585 9586
f 9585 9587 9586
f 9586 9587 9588
f 9587 9589 9588
f 9588 9589 9590
f 9589 9591 9590
f 9590 9591 9592
f 9591 9593 9592
f 9592 9593 9594
f 9593 9595 9594
f 9594 9595 9596
f 9595 9597 9596
f 9596 9597 9598
f 9597 9599 9598
f 9598 9599 9600
f 9599 9601 9600
f 9600 9601 9602
f 9601 9603 9602
f 9602 9603 9604
f 9603 9605 9604
f 9604 9605 9582
f 9605 9583 9582
f 7732 7731 9606
f 7732 9606 9607
f 9606 9608 9607
f 9607 9608 9609
f 9608 9610 9609
f 9609 9610 9611
f 9610 7840 9611
f 9611 7840 7842
f 9414 9415 9612
f 9415 9613 9612
f 9612 9613 9614
f 9613 9615 9614
f 9614 9615 9557
f 9615 9556 9557
f 9616 9617 9618
f 9617 9619 9618
f 9618 9619 9620
f 9619 9621 9620
f 9620 9621 9622
f 9621 9623 9622
f 9622 9623 9624
f 9623 9625 9624
f 9624 9625 9626
f 9625 9627 9626
f 9626 9627 9628
f 9627 9629 9628
f 9628 9629 9630
f 9629 9631 9630
f 9630 9631 9632
f 9631 9633 9632
f 9632 9633 9634
f 9633 9635 9634
f 9634 9635 9636
f 9635 9637 9636
f 9636 9637 9638
f 9637 9639 9638
f 9638 9639 9616
f 9639 9617 9616
f 9640 9641 9642
f 9641 9643 9642
f 9642 9643 9644
f 9643 9645 9644
f 9644 9645 9646
f 9645 9647 9646
f 9646 9647 9648
f 9647 9649 9648
f 9648 9649 9650
f 9649 9651 9650
f 9650 9651 9652
f 9651 9653 9652
f 9652 9653 9654
f 9653 9655 9654
f 9654 9655 9656
f 9655 9657 9656
f 9656 9657 9658
f 9657 9659 9658
f 9658 9659 9660
f 9659 9661 9660
f 9660 9661 9662
f 9661 9663 9662
f 9662 9663 9640
f 9663 9641 9640
f 7843 7841 9664
f 7843 9664 9665
f 9664 9666 9665
f 9665 9666 9667
f 9666 7785 9667
f 9667 7785 7784
f 9668 9669 9670
f 9668 9670 9671
f 9670 9672 9671
f 9671 9672 9673
f 9672 9674 9673
f 9673 9674 9675
f 9676 9677 9678
f 9677 9679 9678
f 9678 9679 9680
f 9679 9681 9680
f 9680 9681 9682
f 9681 9683 9682
f 9682 9683 9684
f 9683 9685 9684
f 9684 9685 9686
f 9685 9687 9686
f 9686 9687 9688
f 9687 9689 9688
f 9688 9689 9690
f 9689 9691 9690
f 9690 9691 9692
f 9691 9693 9692
f 9692 9693 9694
f 9693 9695 9694
f 9694 9695 9696
f 9695 9697 9696
f 9696 9697 9698
f 9697 9699 9698
f 9698 9699 9676
f 9699 9677 9676
f 9700 9701 9702
f 9701 9703 9702
f 9702 9703 9704
f 9703 9705 9704
f 9704 9705 9706
f 9705 9707 9706
f 9706 9707 9708
f 9707 9709 9708
f 9708 9709 9710
f 9709 9711 9710
f 9710 9711 9712
f 9711 9713 9712
f 9712 9713 9714
f 9713 9715 9714
f 9714 9715 9716
f 9715 9717 9716
f 9716 9717 9718
f 9717 9719 9718
f 9718 9719 9720
f 9719 9721 9720
f 9720 9721 9722
f 9721 9723 9722
f 9722 9723 9700
f 9723 9701 9700
f 9669 9668 9724
f 9668 9725 9724
f 9724 9725 9726
f 9725 9727 9726
f 9726 9727 9728
f 9727 9729 9728
f 9728 9729 9730
f 9729 9731 9730
f 9730 9731 9732
f 9731 9733 9732
f 9732 9733 9734
f 9733 9735 9734
f 9736 9737 9738
f 9737 9739 9738
f 9738 9739 9740
f 9739 9741 9740
f 9740 9741 9742
f 9741 9743 9742
f 9742 9743 9744
f 9743 9745 9744
f 9744 9745 9746
f 9745 9747 9746
f 9746 9747 9748
f 9747 9749 9748
f 9748 9749 9750
f 9749 9751 9750
f 9750 9751 9752
f 9751 9753 9752
f 9752 9753 9754
f 9753 9755 9754
f 9754 9755 9756
f 9755 9757 9756
f 9756 9757 9758
f 9757 9759 9758
f 9758 9759 9736
f 9759 9737 9736
f 9760 9761 9762
f 9761 9763 9762
f 9762 9763 9764
f 9763 9765 9764
f 9764 9765 9766
f 9765 9767 9766
f 9766 9767 9768
f 9767 9769 9768
f 9768 9769 9770
f 9769 9771 9770
f 9770 9771 9772
f 9771 9773 9772
f 9772 9773 9774
f 9773 9775 9774
f 9774 9775 9776
f 9775 9777 9776
f 9776 9777 9778
f 9777 9779 9778
f 9778 9779 9780
f 9779 9781 9780
f 9780 9781 9782
f 9781 9783 9782
f 9782 9783 9760
f 9783 9761 9760
f 9784 9785 9786
f 9784 9786 9787
f 9786 9788 9787
f 9787 9788 9789
f 9788 9734 9789
f 9789 9734 9735
f 9790 9791 9792
f 9791 9793 9792
f 9792 9793 9794
f 9793 9795 9794
f 9794 9795 9796
f 9795 9797 9796
f 9796 9797 9798
f 9797 9799 9798
f 9798 9799 9800
f 9799 9801 9800
f 9800 9801 9802
f 9801 9803 9802
f 9802 9803 9804
f 9803 9805 9804
f 9804 9805 9806
f 9805 9807 9806
f 9806 9807 9808
f 9807 9809 9808
f 9808 9809 9810
f 9809 9811 9810
f 9810 9811 9812
f 9811 9813 9812
f 9812 9813 9790
f 9813 9791 9790
f 9814 9815 9816
f 9815 9817 9816
f 9816 9817 9818
f 9817 9819 9818
f 9818 9819 9820
f 9819 9821 9820
f 9820 9821 9822
f 9821 9823 9822
f 9822 9823 9824
f 9823 9825 9824
f 9824 9825 9826
f 9825 9827 9826
f 9826 9827 9828
f 9827 9829 9828
f 9828 9829 9830
f 9829 9831 9830
f 9830 9831 9832
f 9831 9833 9832
f 9832 9833 9834
f 9833 9835 9834
f 9834 9835 9836
f 9835 9837 9836
f 9836 9837 9814
f 9837 9815 9814
f 9785 9784 9838
f 9784 9839 9838
f 9838 9839 9840
f 9839 9841 9840
f 9840 9841 7791
f 9841 7790 7791
f 9842 9843 9844
f 9843 9845 9844
f 9844 9845 9846
f 9845 9847 9846
f 9846 9847 9848
f 9847 9849 9848
f 9848 9849 9850
f 9849 9851 9850
f 9850 9851 9852
f 9851 9853 9852
f 9852 9853 9854
f 9853 9855 9854
f 9854 9855 9856
f 9855 9857 9856
f 9856 9857 9858
f 9857 9859 9858
f 9858 9859 9860
f 9859 9861 9860
f 9860 9861 9862
f 9861 9863 9862
f 9862 9863 9864
f 9863 9865 9864
f 9864 9865 9842
f 9865 9843 9842
f 9866 9867 9868
f 9867 9869 9868
f 9868 9869 9870
f 9869 9871 9870
f 9870 9871 9872
f 9871 9873 9872
f 9872 9873 9874
f 9873 9875 9874
f 9874 9875 9876
f 9875 9877 9876
f 9876 9877 9878
f 9877 9879 9878
f 9878 9879 9880
f 9879 9881 9880
f 9880 9881 9882
f 9881 9883 9882
f 9882 9883 9884
f 9883 9885 9884
f 9884 9885 9886
f 9885 9887 9886
f 9886 9887 9888
f 9887 9889 9888
f 9888 9889 9866
f 9889 9867 9866
f 9890 9891 9892
f 9890 9892 9893
f 9892 9894 9893
f 9893 9894 9895
f 9894 9896 9895
f 9895 9896 9897
f 9898 9899 9900
f 9899 9901 9900
f 9900 9901 9902
f 9901 9903 9902
f 9904 9905 9906
f 9905 9907 9906
f 9908 9909 9910
f 9909 9911 9910
f 9910 9911 9890
f 9911 9891 9890
f 9912 9913 9914
f 9912 9914 9915
f 9914 9916 9915
f 9915 9916 9917
f 9916 9909 9917
f 9917 9909 9908
f 9918 9919 9920
f 9919 9921 9920
f 9920 9921 9922
f 9921 9923 9922
f 9922 9923 9924
f 9923 9925 9924
f 9924 9925 9926
f 9925 9927 9926
f 9926 9927 9928
f 9927 9929 9928
f 9928 9929 9930
f 9929 9931 9930
f 9930 9931 9932
f 9931 9933 9932
f 9932 9933 9934
f 9933 9935 9934
f 9934 9935 9936
f 9935 9937 9936
f 9936 9937 9938
f 9937 9939 9938
f 9938 9939 9940
f 9939 9941 9940
f 9940 9941 9918
f 9941 9919 9918
f 9942 9943 9944
f 9943 9945 9944
f 9946 9947 9948
f 9947 9949 9948
f 9948 9949 9950
f 9949 9951 9950
f 9950 9951 9952
f 9951 9953 9952
f 9952 9953 9954
f 9953 9955 9954
f 9954 9955 9956
f 9955 9957 9956
f 9956 9957 9958
f 9957 9959 9958
f 9958 9959 9960
f 9959 9961 9960
f 9960 9961 9962
f 9961 9963 9962
f 9962 9963 9964
f 9963 9965 9964
f 9964 9965 9966
f 9965 9967 9966
f 9966 9967 9968
f 9967 9969 9968
f 9968 9969 9946
f 9969 9947 9946
f 9970 9971 9972
f 9971 9973 9972
f 9974 9975 9976
f 9975 9977 9976
f 9976 9977 9978
f 9977 9979 9978
f 9978 9979 9980
f 9979 9981 9980
f 9980 9981 9982
f 9981 9983 9982
f 9982 9983 9984
f 9983 9985 9984
f 9984 9985 9986
f 9985 9987 9986
f 9986 9987 9988
f 9987 9989 9988
f 9988 9989 9990
f 9989 9991 9990
f 9990 9991 9992
f 9991 9993 9992
f 9992 9993 9994
f 9993 9995 9994
f 9994 9995 9996
f 9995 9997 9996
f 9996 9997 9974
f 9997 9975 9974
f 9998 9999 10000
f 9998 10000 10001
f 10000 10002 10001
f 10001 10002 10003
f 10002 10004 10003
f 10003 10004 10005
f 10006 10007 10008
f 10009 10010 10011
f 10010 10012 10011
f 10011 10012 10013
f 10007 10014 10008
f 10014 10015 10008
f 10008 10015 10009
f 10015 10016 10009
f 10009 10016 10010
f 10013 10012 10017
f 10012 10018 10017
f 10017 10018 10019
f 10018 10020 10019
f 10019 10020 10021
f 10020 10022 10021
f 10021 10022 10023
f 10024 10025 10026
f 10025 10027 10026
f 10026 10027 10022
f 10028 10029 10030
f 10029 10031 10030
f 10030 10031 10008
f 10031 10032 10008
f 10008 10032 10033
f 10030 10034 10028
f 10034 10035 10028
f 10028 10035 10036
f 10035 10037 10036
f 10036 10037 10038
f 10033 10039 10008
f 10039 10025 10008
f 10008 10025 10006
f 10025 10024 10006
f 10040 10041 10042
f 10041 10043 10042
f 10042 10043 10044
f 10043 10045 10044
f 10044 10045 10046
f 10039 10047 10025
f 10047 10048 10025
f 10025 10048 10049
f 10048 10050 10049
f 10049 10050 10051
f 10051 10038 10049
f 10038 10037 10049
f 10049 10037 10052
f 10037 10053 10052
f 10052 10053 10054
f 10053 10055 10054
f 10054 10055 10040
f 10055 10056 10040
f 10040 10056 10041
f 10057 10058 10045
f 10058 10059 10045
f 10045 10059 10046
f 10059 10060 10046
f 10046 10060 10061
f 10060 10023 10061
f 10061 10023 10062
f 10023 10022 10062
f 10062 10022 10063
f 10022 10027 10063
f 10064 10065 10066
f 10065 10067 10066
f 10066 10067 10068
f 10067 10069 10068
f 10069 10070 10068
f 10070 10071 10068
f 10068 10071 10045
f 10071 10072 10045
f 10045 10072 10057
f 10058 10073 10059
f 10073 10074 10059
f 10059 10074 10075
f 10074 10076 10075
f 10075 10076 10077
f 10076 10064 10077
f 10077 10064 10078
f 10064 10066 10078
f 10079 10080 10081
f 10081 10080 10043
f 10082 10083 10068
f 10083 10084 10068
f 10068 10084 10085
f 10082 10068 10086
f 10068 10045 10086
f 10086 10045 10087
f 10080 10088 10043
f 10088 10089 10043
f 10043 10089 10045
f 10089 10090 10045
f 10045 10090 10087
f 10084 10091 10085
f 10091 10092 10085
f 10085 10092 10093
f 10092 10079 10093
f 10093 10079 10094
f 10079 10081 10094
f 10095 10096 10097
f 10096 10098 10097
f 10099 10100 10101
f 10102 10103 10104
f 10103 10105 10104
f 10104 10105 10106
f 10107 10108 10109
f 10110 10111 10100
f 10111 10112 10100
f 10100 10112 10101
f 10105 10108 10106
f 10108 10107 10106
f 10106 10107 10113
f 10107 10114 10113
f 10113 10114 10115
f 10114 10116 10115
f 10115 10116 10117
f 10101 10118 10099
f 10118 10119 10099
f 10099 10119 10120
f 10119 10117 10120
f 10120 10117 10121
f 10117 10116 10121
f 10122 10123 10124
f 10125 10126 10127
f 10124 10123 10128
f 10125 10127 10124
f 10127 10129 10124
f 10124 10129 10122
f 10130 10131 10132
f 10131 10133 10132
f 10132 10133 10125
f 10133 10134 10125
f 10125 10134 10126
f 10123 10135 10128
f 10135 10136 10128
f 10128 10136 10137
f 10136 10138 10137
f 10137 10138 10139
f 10138 10130 10139
f 10139 10130 10140
f 10130 10132 10140
f 10141 10142 10143
f 10143 10142 10144
f 10145 10124 10146
f 10124 10144 10146
f 10146 10144 10147
f 10144 10142 10147
f 10145 10148 10124
f 10148 10149 10124
f 10124 10149 10125
f 10149 10150 10125
f 10150 10151 10125
f 10151 10152 10125
f 10125 10152 10153
f 10152 10154 10153
f 10154 10155 10153
f 10153 10155 10156
f 10155 10141 10156
f 10156 10141 10157
f 10141 10143 10157
f 10158 10159 10100
f 10159 10103 10100
f 10100 10103 10110
f 10103 10102 10110
f 10160 10161 10162
f 10161 10163 10162
f 10162 10163 10164
f 10162 10165 10160
f 10165 10144 10160
f 10160 10144 10166
f 10144 10124 10166
f 10166 10124 10167
f 10124 10128 10167
f 10167 10128 10168
f 10128 10169 10168
f 10168 10169 10109
f 10169 10170 10109
f 10109 10170 10107
f 10171 10172 10173
f 10172 10174 10173
f 10173 10174 10100
f 10174 10175 10100
f 10100 10175 10158
f 10176 10177 10178
f 10177 10179 10178
f 10178 10179 10180
f 10179 10103 10180
f 10180 10103 10181
f 10103 10159 10181
f 10163 10177 10164
f 10177 10176 10164
f 10164 10176 10182
f 10176 10183 10182
f 10182 10183 10184
f 10183 10185 10184
f 10184 10185 10186
f 10185 10171 10186
f 10186 10171 10187
f 10171 10173 10187
f 10188 10189 10190
f 10189 10191 10190
f 9971 10192 9973
f 10192 10193 9973
f 10193 10192 10194
f 10193 10194 10195
f 10194 10196 10195
f 10195 10196 10197
f 10196 9902 10197
f 10197 9902 9903
f 9943 9970 9945
f 9970 9972 9945
f 9896 9942 9897
f 9942 9944 9897
f 9912 10191 9913
f 10191 10189 9913
f 10004 10095 10005
f 10095 10097 10005
f 10198 10199 10200
f 10199 10201 10200
f 10200 10201 10202
f 10201 10203 10202
f 10202 10203 10204
f 10203 10205 10204
f 10204 10205 10206
f 10205 10207 10206
f 10206 10207 10208
f 10207 10209 10208
f 10208 10209 10210
f 10209 10211 10210
f 10210 10211 10212
f 10211 10213 10212
f 10212 10213 10214
f 10213 10215 10214
f 10214 10215 10216
f 10215 10217 10216
f 10216 10217 10218
f 10217 10219 10218
f 10218 10219 10220
f 10219 10221 10220
f 10220 10221 10198
f 10221 10199 10198
f 10222 10223 10224
f 10223 10225 10224
f 10224 10225 10226
f 10225 10227 10226
f 10226 10227 10228
f 10227 10229 10228
f 10228 10229 10230
f 10229 10231 10230
f 10230 10231 10232
f 10231 10233 10232
f 10232 10233 10234
f 10233 10235 10234
f 10234 10235 10236
f 10235 10237 10236
f 10236 10237 10238
f 10237 10239 10238
f 10238 10239 10240
f 10239 10241 10240
f 10240 10241 10242
f 10241 10243 10242
f 10242 10243 10244
f 10243 10245 10244
f 10244 10245 10222
f 10245 10223 10222
f 10246 10247 10248
f 10247 10249 10248
f 10248 10249 10250
f 10249 10251 10250
f 10250 10251 10252
f 10251 10253 10252
f 10252 10253 10254
f 10253 10255 10254
f 10254 10255 10256
f 10255 10257 10256
f 10256 10257 10258
f 10257 10259 10258
f 10258 10259 10260
f 10259 10261 10260
f 10260 10261 10262
f 10261 10263 10262
f 10262 10263 10264
f 10263 10265 10264
f 10264 10265 10266
f 10265 10267 10266
f 10266 10267 10268
f 10267 10269 10268
f 10268 10269 10246
f 10269 10247 10246
f 10270 10271 10272
f 10271 10273 10272
f 10272 10273 10274
f 10273 10275 10274
f 10274 10275 10276
f 10275 10277 10276
f 10276 10277 10278
f 10277 10279 10278
f 10278 10279 10280
f 10279 10281 10280
f 10280 10281 10282
f 10281 10283 10282
f 10282 10283 10284
f 10283 10285 10284
f 10284 10285 10286
f 10285 10287 10286
f 10286 10287 10288
f 10287 10289 10288
f 10288 10289 10290
f 10289 10291 10290
f 10290 10291 10292
f 10291 10293 10292
f 10292 10293 10270
f 10293 10271 10270
f 10294 10295 10296
f 10295 10297 10296
f 10296 10297 10298
f 10297 10299 10298
f 10298 10299 10300
f 10299 10301 10300
f 10300 10301 10302
f 10301 10303 10302
f 10302 10303 10304
f 10303 10305 10304
f 10304 10305 10306
f 10305 10307 10306
f 10306 10307 10308
f 10307 10309 10308
f 10308 10309 10310
f 10309 10311 10310
f 10310 10311 10312
f 10311 10313 10312
f 10312 10313 10314
f 10313 10315 10314
f 10314 10315 10316
f 10315 10317 10316
f 10316 10317 10294
f 10317 10295 10294
f 10318 10319 10320
f 10319 10321 10320
f 10320 10321 10322
f 10321 10323 10322
f 10322 10323 10324
f 10323 10325 10324
f 10324 10325 10326
f 10325 10327 10326
f 10326 10327 10328
f 10327 10329 10328
f 10328 10329 10330
f 10329 10331 10330
f 10330 10331 10332
f 10331 10333 10332
f 10332 10333 10334
f 10333 10335 10334
f 10334 10335 10336
f 10335 10337 10336
f 10336 10337 10338
f 10337 10339 10338
f 10338 10339 10340
f 10339 10341 10340
f 10340 10341 10318
f 10341 10319 10318
f 10342 10343 10344
f 10343 10345 10344
f 10344 10345 10346
f 10345 10347 10346
f 10346 10347 10348
f 10347 10349 10348
f 10348 10349 10350
f 10349 10351 10350
f 10350 10351 10352
f 10351 10353 10352
f 10352 10353 10354
f 10353 10355 10354
f 10354 10355 10356
f 10355 10357 10356
f 10356 10357 10358
f 10357 10359 10358
f 10358 10359 10360
f 10359 10361 10360
f 10360 10361 10362
f 10361 10363 10362
f 10362 10363 10364
f 10363 10365 10364
f 10364 10365 10342
f 10365 10343 10342
f 10366 10367 10368
f 10367 10369 10368
f 10368 10369 10370
f 10369 10371 10370
f 10370 10371 10372
f 10371 10373 10372
f 10372 10373 10374
f 10373 10375 10374
f 10374 10375 10376
f 10375 10377 10376
f 10376 10377 10378
f 10377 10379 10378
f 10378 10379 10380
f 10379 10381 10380
f 10380 10381 10382
f 10381 10383 10382
f 10382 10383 10384
f 10383 10385 10384
f 10384 10385 10386
f 10385 10387 10386
f 10386 10387 10388
f 10387 10389 10388
f 10388 10389 10366
f 10389 10367 10366
f 10390 10391 10392
f 10391 10393 10392
f 10392 10393 10394
f 10393 10395 10394
f 10394 10395 10396
f 10395 10397 10396
f 10396 10397 10398
f 10397 10399 10398
f 10398 10399 10400
f 10399 10401 10400
f 10400 10401 10402
f 10401 10403 10402
f 10402 10403 10404
f 10403 10405 10404
f 10404 10405 10406
f 10405 10407 10406
f 10406 10407 10408
f 10407 10409 10408
f 10408 10409 10410
f 10409 10411 10410
f 10410 10411 10412
f 10411 10413 10412
f 10412 10413 10390
f 10413 10391 10390
f 10414 10415 10416
f 10415 10417 10416
f 10416 10417 10418
f 10417 10419 10418
f 10420 10421 10422
f 10421 10423 10422
f 10422 10423 10424
f 10423 10425 10424
f 10424 10425 10426
f 10425 10427 10426
f 10426 10427 10428
f 10427 10429 10428
f 10428 10429 10430
f 10429 10431 10430
f 10430 10431 10432
f 10431 10433 10432
f 10432 10433 10434
f 10433 10435 10434
f 10434 10435 10436
f 10435 10437 10436
f 10436 10437 10438
f 10437 10439 10438
f 10438 10439 10440
f 10439 10441 10440
f 10440 10441 10442
f 10441 10443 10442
f 10442 10443 10420
f 10443 10421 10420
f 10444 10445 10446
f 10445 10447 10446
f 10446 10447 10448
f 10447 10449 10448
f 10448 10449 10450
f 10449 10451 10450
f 10450 10451 10452
f 10451 10453 10452
f 10452 10453 10454
f 10453 10455 10454
f 10454 10455 10456
f 10455 10457 10456
f 10456 10457 10458
f 10457 10459 10458
f 10458 10459 10460
f 10459 10461 10460
f 10460 10461 10462
f 10461 10463 10462
f 10462 10463 10464
f 10463 10465 10464
f 10464 10465 10466
f 10465 10467 10466
f 10466 10467 10444
f 10467 10445 10444
f 10468 10469 10470
f 10469 10471 10470
f 10470 10471 10472
f 10471 10473 10472
f 10472 10473 10474
f 10473 10475 10474
f 10474 10475 10476
f 10475 10477 10476
f 10476 10477 10478
f 10477 10479 10478
f 10480 10481 10482
f 10481 10483 10482
f 10482 10483 10484
f 10483 10485 10484
f 10484 10485 10486
f 10485 10487 10486
f 10486 10487 10488
f 10487 10489 10488
f 10488 10489 10490
f 10489 10491 10490
f 10490 10491 10492
f 10491 10493 10492
f 10492 10493 10494
f 10493 10495 10494
f 10494 10495 10496
f 10495 10497 10496
f 10496 10497 10498
f 10497 10499 10498
f 10498 10499 10500
f 10499 10501 10500
f 10500 10501 10502
f 10501 10503 10502
f 10502 10503 10480
f 10503 10481 10480
f 10504 10505 10506
f 10505 10507 10506
f 10506 10507 10508
f 10507 10509 10508
f 10508 10509 10510
f 10509 10511 10510
f 10510 10511 10512
f 10511 10513 10512
f 10512 10513 10514
f 10513 10515 10514
f 10514 10515 10516
f 10515 10517 10516
f 10516 10517 10518
f 10517 10519 10518
f 10518 10519 10520
f 10519 10521 10520
f 10520 10521 10522
f 10521 10523 10522
f 10522 10523 10524
f 10523 10525 10524
f 10524 10525 10526
f 10525 10527 10526
f 10526 10527 10504
f 10527 10505 10504
f 10469 10468 10528
f 10469 10528 10529
f 10528 10530 10529
f 10529 10530 10531
f 10530 10532 10531
f 10531 10532 10533
f 10534 10535 10536
f 10535 10537 10536
f 10536 10537 10538
f 10537 10539 10538
f 10538 10539 10540
f 10539 10541 10540
f 10540 10541 10542
f 10541 10543 10542
f 10542 10543 10544
f 10543 10545 10544
f 10544 10545 10546
f 10545 10547 10546
f 10546 10547 10548
f 10547 10549 10548
f 10548 10549 10550
f 10549 10551 10550
f 10550 10551 10552
f 10551 10553 10552
f 10552 10553 10554
f 10553 10555 10554
f 10554 10555 10556
f 10555 10557 10556
f 10556 10557 10534
f 10557 10535 10534
f 10558 10559 10560
f 10559 10561 10560
f 10560 10561 10562
f 10561 10563 10562
f 10562 10563 10564
f 10563 10565 10564
f 10564 10565 10566
f 10565 10567 10566
f 10566 10567 10568
f 10567 10569 10568
f 10568 10569 10570
f 10569 10571 10570
f 10570 10571 10572
f 10571 10573 10572
f 10572 10573 10574
f 10573 10575 10574
f 10574 10575 10576
f 10575 10577 10576
f 10576 10577 10578
f 10577 10579 10578
f 10578 10579 10580
f 10579 10581 10580
f 10580 10581 10558
f 10581 10559 10558
f 10582 10583 10584
f 10583 10585 10584
f 10584 10585 10586
f 10585 10587 10586
f 10586 10587 10588
f 10587 10589 10588
f 10588 10589 10590
f 10589 10591 10590
f 10590 10591 10419
f 10591 10418 10419
f 10592 10593 10594
f 10593 10595 10594
f 10594 10595 10596
f 10595 10597 10596
f 10596 10597 10598
f 10597 10599 10598
f 10598 10599 10600
f 10599 10601 10600
f 10600 10601 10602
f 10601 10603 10602
f 10602 10603 10604
f 10603 10605 10604
f 10604 10605 10606
f 10605 10607 10606
f 10606 10607 10608
f 10607 10609 10608
f 10608 10609 10610
f 10609 10611 10610
f 10610 10611 10612
f 10611 10613 10612
f 10612 10613 10614
f 10613 10615 10614
f 10614 10615 10592
f 10615 10593 10592
f 10616 10617 10618
f 10617 10619 10618
f 10618 10619 10620
f 10619 10621 10620
f 10620 10621 10622
f 10621 10623 10622
f 10622 10623 10624
f 10623 10625 10624
f 10624 10625 10626
f 10625 10627 10626
f 10626 10627 10628
f 10627 10629 10628
f 10628 10629 10630
f 10629 10631 10630
f 10630 10631 10632
f 10631 10633 10632
f 10632 10633 10634
f 10633 10635 10634
f 10634 10635 10636
f 10635 10637 10636
f 10636 10637 10638
f 10637 10639 10638
f 10638 10639 10616
f 10639 10617 10616
f 10583 10582 10640
f 10582 10641 10640
f 10640 10641 10642
f 10641 10643 10642
f 10642 10643 10644
f 10643 10645 10644
f 10646 10647 10648
f 10647 10649 10648
f 10648 10649 10650
f 10649 10651 10650
f 10650 10651 10652
f 10651 10653 10652
f 10652 10653 10654
f 10653 10655 10654
f 10654 10655 10656
f 10655 10657 10656
f 10656 10657 10658
f 10657 10659 10658
f 10658 10659 10660
f 10659 10661 10660
f 10660 10661 10662
f 10661 10663 10662
f 10662 10663 10664
f 10663 10665 10664
f 10664 10665 10666
f 10665 10667 10666
f 10666 10667 10668
f 10667 10669 10668
f 10668 10669 10646
f 10669 10647 10646
f 10670 10671 10672
f 10671 10673 10672
f 10672 10673 10674
f 10673 10675 10674
f 10674 10675 10676
f 10675 10677 10676
f 10676 10677 10678
f 10677 10679 10678
f 10678 10679 10680
f 10679 10681 10680
f 10680 10681 10682
f 10681 10683 10682
f 10682 10683 10684
f 10683 10685 10684
f 10684 10685 10686
f 10685 10687 10686
f 10686 10687 10688
f 10687 10689 10688
f 10688 10689 10690
f 10689 10691 10690
f 10690 10691 10692
f 10691 10693 10692
f 10692 10693 10670
f 10693 10671 10670
f 10694 10695 10696
f 10695 10697 10696
f 10696 10697 10698
f 10697 10699 10698
f 10698 10699 10700
f 10699 10701 10700
f 10700 10701 10645
f 10701 10644 10645
f 10702 10703 10704
f 10703 10705 10704
f 10704 10705 10706
f 10705 10707 10706
f 10706 10707 10708
f 10707 10709 10708
f 10708 10709 10710
f 10709 10711 10710
f 10710 10711 10712
f 10711 10713 10712
f 10712 10713 10714
f 10713 10715 10714
f 10714 10715 10716
f 10715 10717 10716
f 10716 10717 10718
f 10717 10719 10718
f 10718 10719 10720
f 10719 10721 10720
f 10720 10721 10722
f 10721 10723 10722
f 10722 10723 10724
f 10723 10725 10724
f 10724 10725 10702
f 10725 10703 10702
f 10726 10727 10728
f 10727 10729 10728
f 10728 10729 10730
f 10729 10731 10730
f 10730 10731 10732
f 10731 10733 10732
f 10732 10733 10734
f 10733 10735 10734
f 10734 10735 10736
f 10735 10737 10736
f 10736 10737 10738
f 10737 10739 10738
f 10738 10739 10740
f 10739 10741 10740
f 10740 10741 10742
f 10741 10743 10742
f 10742 10743 10744
f 10743 10745 10744
f 10744 10745 10746
f 10745 10747 10746
f 10746 10747 10748
f 10747 10749 10748
f 10748 10749 10726
f 10749 10727 10726
f 10750 10751 10752
f 10751 10695 10752
f 10752 10695 10694
f 10753 10754 10755
f 10754 10756 10755
f 10755 10756 10750
f 10756 10757 10750
f 10750 10757 10751
f 10758 10759 10760
f 10759 10761 10760
f 10760 10761 10762
f 10761 10763 10762
f 10762 10763 10764
f 10763 10765 10764
f 10764 10765 10766
f 10765 10767 10766
f 10766 10767 10768
f 10767 10769 10768
f 10768 10769 10770
f 10769 10771 10770
f 10770 10771 10772
f 10771 10773 10772
f 10772 10773 10774
f 10773 10775 10774
f 10774 10775 10776
f 10775 10777 10776
f 10776 10777 10778
f 10777 10779 10778
f 10778 10779 10780
f 10779 10781 10780
f 10780 10781 10758
f 10781 10759 10758
f 10782 10783 10784
f 10783 10785 10784
f 10784 10785 10786
f 10785 10787 10786
f 10786 10787 10788
f 10787 10789 10788
f 10788 10789 10790
f 10789 10791 10790
f 10790 10791 10792
f 10791 10793 10792
f 10792 10793 10794
f 10793 10795 10794
f 10794 10795 10796
f 10795 10797 10796
f 10796 10797 10798
f 10797 10799 10798
f 10798 10799 10800
f 10799 10801 10800
f 10800 10801 10802
f 10801 10803 10802
f 10802 10803 10804
f 10803 10805 10804
f 10804 10805 10782
f 10805 10783 10782
f 10806 10807 10808
f 10807 10809 10808
f 10808 10809 10810
f 10809 10811 10810
f 10812 10813 10814
f 10813 10815 10814
f 10814 10815 10816
f 10815 10817 10816
f 10816 10817 10818
f 10817 10819 10818
f 10818 10819 10820
f 10819 10821 10820
f 10820 10821 10822
f 10821 10823 10822
f 10822 10823 10824
f 10823 10825 10824
f 10824 10825 10826
f 10825 10827 10826
f 10826 10827 10828
f 10827 10829 10828
f 10828 10829 10830
f 10829 10831 10830
f 10830 10831 10832
f 10831 10833 10832
f 10832 10833 10834
f 10833 10835 10834
f 10834 10835 10812
f 10835 10813 10812
f 10836 10837 10838
f 10836 10838 10839
f 10838 10840 10839
f 10839 10840 10841
f 10840 10842 10841
f 10841 10842 10843
f 10844 10845 10846
f 10845 10847 10846
f 10846 10847 10848
f 10847 10849 10848
f 10848 10849 10850
f 10849 10851 10850
f 10852 10853 10854
f 10853 10855 10854
f 10854 10855 10856
f 10855 10857 10856
f 10856 10857 10858
f 10857 10859 10858
f 10858 10859 10860
f 10859 10861 10860
f 10860 10861 10862
f 10861 10863 10862
f 10862 10863 10864
f 10863 10865 10864
f 10864 10865 10866
f 10865 10867 10866
f 10866 10867 10868
f 10867 10869 10868
f 10868 10869 10870
f 10869 10871 10870
f 10870 10871 10872
f 10871 10873 10872
f 10872 10873 10874
f 10873 10875 10874
f 10874 10875 10852
f 10875 10853 10852
f 10876 10877 10878
f 10876 10878 10879
f 10878 10880 10879
f 10879 10880 10881
f 10880 10882 10881
f 10881 10882 10883
f 10884 10885 10886
f 10885 10887 10886
f 10886 10887 10888
f 10887 10889 10888
f 10888 10889 10890
f 10889 10891 10890
f 10890 10891 10851
f 10891 10850 10851
f 10892 10893 10894
f 10893 10895 10894
f 10894 10895 10896
f 10895 10897 10896
f 10896 10897 10898
f 10897 10899 10898
f 10898 10899 10900
f 10899 10901 10900
f 10900 10901 10902
f 10901 10903 10902
f 10902 10903 10904
f 10903 10905 10904
f 10904 10905 10906
f 10905 10907 10906
f 10906 10907 10908
f 10907 10909 10908
f 10908 10909 10910
f 10909 10911 10910
f 10910 10911 10912
f 10911 10913 10912
f 10912 10913 10914
f 10913 10915 10914
f 10914 10915 10892
f 10915 10893 10892
f 10807 10806 10916
f 10807 10916 10917
f 10916 10918 10917
f 10917 10918 10919
f 10918 10845 10919
f 10919 10845 10844
f 10920 10921 10922
f 10921 10923 10922
f 10922 10923 10924
f 10923 10925 10924
f 10924 10925 10926
f 10925 10927 10926
f 10926 10927 10928
f 10927 10929 10928
f 10928 10929 10930
f 10929 10931 10930
f 10930 10931 10932
f 10931 10933 10932
f 10932 10933 10934
f 10933 10935 10934
f 10934 10935 10936
f 10935 10937 10936
f 10936 10937 10938
f 10937 10939 10938
f 10938 10939 10940
f 10939 10941 10940
f 10940 10941 10942
f 10941 10943 10942
f 10942 10943 10944
f 10943 10945 10944
f 10944 10945 10920
f 10945 10921 10920
f 10946 10947 10948
f 10947 10949 10948
f 10948 10949 10950
f 10949 10951 10950
f 10950 10951 10952
f 10951 10953 10952
f 10952 10953 10954
f 10953 10955 10954
f 10954 10955 10956
f 10955 10957 10956
f 10956 10957 10958
f 10957 10959 10958
f 10958 10959 10960
f 10959 10961 10960
f 10960 10961 10962
f 10961 10963 10962
f 10962 10963 10964
f 10963 10965 10964
f 10964 10965 10966
f 10965 10967 10966
f 10966 10967 10968
f 10967 10969 10968
f 10968 10969 10946
f 10969 10947 10946
f 10970 10971 10972
f 10971 10973 10972
f 10972 10973 10414
f 10973 10415 10414
f 10974 10975 10976
f 10975 10977 10976
f 10978 10979 10980
f 10979 10981 10980
f 10980 10981 10982
f 10981 10983 10982
f 10982 10983 10984
f 10983 10985 10984
f 10984 10985 10986
f 10985 10987 10986
f 10986 10987 10988
f 10987 10989 10988
f 10988 10989 10990
f 10989 10991 10990
f 10990 10991 10992
f 10991 10993 10992
f 10992 10993 10994
f 10993 10995 10994
f 10994 10995 10996
f 10995 10997 10996
f 10996 10997 10998
f 10997 10999 10998
f 10998 10999 11000
f 10999 11001 11000
f 11000 11001 10978
f 11001 10979 10978
f 10754 10753 11002
f 10754 11002 11003
f 11002 11004 11003
f 11003 11004 11005
f 11004 11006 11005
f 11005 11006 11007
f 11006 10810 11007
f 11007 10810 10811
f 10842 10877 10843
f 10877 10876 10843
f 11008 11009 11010
f 11009 11011 11010
f 11010 11011 11012
f 11011 11013 11012
f 11012 11013 11014
f 11013 11015 11014
f 11014 11015 11016
f 11015 11017 11016
f 11016 11017 11018
f 11017 11019 11018
f 11018 11019 11020
f 11019 11021 11020
f 11020 11021 11022
f 11021 11023 11022
f 11022 11023 11024
f 11023 11025 11024
f 11024 11025 11026
f 11025 11027 11026
f 11026 11027 11028
f 11027 11029 11028
f 11028 11029 11030
f 11029 11031 11030
f 11030 11031 11008
f 11031 11009 11008
f 11032 11033 11034
f 11035 11036 11037
f 11038 11039 11040
f 11041 11042 11043
f 11042 11041 11044
f 11045 11046 11047
f 11048 11049 11050
f 11051 11052 11053
f 11054 11055 11056
f 11057 11058 11059
f 11059 11058 11060
f 11061 11062 11063
f 11064 11065 11066
f 11067 11068 11069
f 11070 11071 11072
f 11073 11074 11075
f 11076 11077 11078
f 11079 11080 11081
f 11074 11082 11075
f 11082 11083 11075
f 11075 11083 11081
f 11083 11084 11081
f 11081 11084 11079
f 11080 11085 11086
f 11085 11087 11086
f 11086 11087 11088
f 11087 11076 11088
f 11088 11076 11089
f 11076 11078 11089
f 11090 11091 11077
f 11091 11092 11077
f 11077 11092 11078
f 11093 11094 11095
f 11094 11096 11095
f 11095 11096 11097
f 11096 11098 11097
f 11098 11096 11077
f 11096 11099 11077
f 11077 11099 11090
f 11100 11101 11102
f 11101 11103 11102
f 11102 11103 11104
f 11103 11105 11104
f 11106 11107 11108
f 11107 11109 11108
f 11108 11109 11110
f 11109 11111 11110
f 11110 11111 11112
f 11111 11113 11112
f 11112 11113 11114
f 11113 11115 11114
f 11114 11115 11116
f 11115 11117 11116
f 11116 11117 11105
f 11117 11118 11105
f 11105 11118 11104
f 11106 11119 11107
f 11119 11120 11107
f 11107 11120 11121
f 11120 11122 11121
f 11122 11123 11124
f 11123 11125 11124
f 11124 11125 11126
f 11125 11127 11126
f 11126 11127 11128
f 11129 11130 11131
f 11132 11133 11107
f 11129 11131 11071
f 11133 11134 11107
f 11134 11135 11107
f 11107 11135 11109
f 11135 11136 11109
f 11136 11137 11109
f 11137 11138 11109
f 11109 11138 11072
f 11138 11139 11072
f 11072 11139 11070
f 11071 11131 11072
f 11131 11140 11072
f 11072 11140 11141
f 11142 11143 11131
f 11143 11144 11131
f 11144 11145 11131
f 11145 11146 11131
f 11131 11146 11140
f 11146 11147 11140
f 11140 11147 11148
f 11147 11149 11148
f 11148 11149 11150
f 11069 11068 11151
f 11068 11152 11151
f 11151 11152 11153
f 11152 11154 11153
f 11153 11154 11155
f 11155 11154 11156
f 11154 11157 11156
f 11156 11157 11158
f 11064 11066 11159
f 11061 11063 11160
f 11160 11063 11161
f 11063 11162 11161
f 11161 11162 11163
f 11164 11165 11166
f 11165 11167 11166
f 11167 11168 11166
f 11166 11168 11169
f 11168 11170 11169
f 11169 11170 11171
f 11170 11172 11171
f 11171 11172 11162
f 11172 11173 11162
f 11162 11173 11174
f 11174 11175 11162
f 11175 11176 11162
f 11162 11176 11163
f 11176 11177 11163
f 11163 11177 11178
f 11177 11179 11178
f 11178 11179 11164
f 11164 11166 11178
f 11166 11180 11178
f 11178 11180 11181
f 11180 11182 11181
f 11181 11182 11183
f 11184 11059 11185
f 11180 11186 11182
f 11186 11187 11182
f 11182 11187 11060
f 11187 11188 11060
f 11188 11189 11060
f 11060 11189 11059
f 11189 11190 11059
f 11059 11190 11185
f 11191 11192 11193
f 11194 11195 11196
f 11195 11197 11196
f 11196 11197 11198
f 11199 11200 11201
f 11200 11202 11201
f 11201 11202 11203
f 11202 11204 11203
f 11203 11204 11205
f 11206 11055 11207
f 11199 11208 11200
f 11208 11209 11200
f 11200 11209 11054
f 11209 11210 11054
f 11054 11210 11055
f 11210 11211 11055
f 11055 11211 11207
f 11207 11212 11206
f 11212 11213 11206
f 11206 11213 11214
f 11213 11215 11214
f 11216 11217 11201
f 11217 11218 11201
f 11201 11218 11199
f 11219 11220 11221
f 11052 11222 11223
f 11221 11220 11224
f 11225 11226 11222
f 11226 11227 11222
f 11222 11227 11223
f 11223 11228 11052
f 11228 11229 11052
f 11052 11229 11053
f 11229 11230 11053
f 11053 11230 11221
f 11230 11231 11221
f 11221 11231 11219
f 11220 11232 11224
f 11232 11233 11224
f 11224 11233 11234
f 11049 11048 11224
f 11048 11235 11224
f 11224 11235 11221
f 11080 11086 11081
f 11086 11236 11081
f 11081 11236 11237
f 11045 11238 11046
f 11238 11239 11046
f 11046 11239 11094
f 11040 11039 11240
f 11039 11224 11240
f 11240 11224 11225
f 11224 11234 11225
f 11225 11234 11226
f 11056 11055 11051
f 11055 11241 11051
f 11051 11241 11052
f 11241 11242 11052
f 11052 11242 11243
f 11244 11245 11241
f 11245 11246 11241
f 11241 11246 11242
f 11243 11247 11052
f 11247 11248 11052
f 11052 11248 11222
f 11248 11249 11222
f 11222 11249 11250
f 11251 11252 11253
f 11252 11222 11253
f 11253 11222 11254
f 11222 11250 11254
f 11055 11255 11256
f 11055 11256 11241
f 11256 11257 11241
f 11241 11257 11258
f 11251 11244 11252
f 11244 11241 11252
f 11252 11241 11259
f 11241 11258 11259
f 11259 11258 11260
f 11260 11261 11259
f 11261 11262 11259
f 11259 11262 11206
f 11262 11263 11206
f 11206 11263 11264
f 11264 11265 11206
f 11265 11266 11206
f 11206 11266 11055
f 11266 11267 11055
f 11055 11267 11255
f 11268 11269 11214
f 11270 11269 11271
f 11269 11268 11271
f 11271 11268 11272
f 11273 11274 11275
f 11275 11274 11276
f 11277 11278 11279
f 11278 11280 11279
f 11279 11280 11281
f 11277 11273 11278
f 11273 11275 11278
f 11278 11275 11282
f 11275 11283 11282
f 11282 11283 11284
f 11284 11285 11282
f 11285 11286 11282
f 11282 11286 11287
f 11286 11288 11287
f 11289 11290 11194
f 11290 11291 11194
f 11194 11291 11195
f 11291 11292 11195
f 11195 11292 11293
f 11292 11294 11293
f 11293 11294 11295
f 11288 11296 11287
f 11296 11293 11287
f 11287 11293 11297
f 11194 11191 11289
f 11191 11193 11289
f 11289 11193 11298
f 11036 11299 11037
f 11299 11300 11037
f 11037 11300 11193
f 11300 11301 11193
f 11295 11302 11293
f 11302 11303 11293
f 11293 11303 11297
f 11303 11304 11297
f 11297 11304 11305
f 11301 11306 11193
f 11306 11307 11193
f 11193 11307 11298
f 11307 11308 11298
f 11298 11308 11309
f 11308 11310 11309
f 11309 11310 11311
f 11310 11312 11311
f 11311 11312 11313
f 11312 11314 11313
f 11313 11314 11305
f 11034 11033 11315
f 11305 11314 11297
f 11314 11316 11297
f 11297 11316 11033
f 11316 11317 11033
f 11033 11317 11315
f 11032 11034 11318
f 11034 11319 11318
f 11318 11319 11320
f 11321 11322 11323
f 11322 11324 11323
f 11323 11324 11325
f 11324 11326 11325
f 11327 11328 11162
f 11328 11329 11162
f 11162 11329 11171
f 11330 11331 11332
f 11331 11333 11332
f 11332 11333 11334
f 11333 11335 11334
f 11334 11335 11336
f 11335 11337 11336
f 11336 11337 11327
f 11337 11338 11327
f 11327 11338 11328
f 11149 11339 11150
f 11339 11340 11150
f 11150 11340 11341
f 11340 11342 11341
f 11342 11343 11341
f 11343 11344 11341
f 11341 11344 11345
f 11344 11346 11345
f 11345 11346 11347
f 11346 11348 11347
f 11347 11348 11142
f 11348 11349 11142
f 11142 11349 11143
f 11350 11351 11142
f 11351 11352 11142
f 11142 11352 11347
f 11124 11353 11354
f 11122 11124 11121
f 11124 11354 11121
f 11121 11354 11355
f 11356 11353 11357
f 11353 11124 11357
f 11357 11124 11358
f 11124 11126 11358
f 11358 11126 11100
f 11126 11128 11100
f 11100 11128 11101
f 11359 11360 11361
f 11360 11362 11361
f 11361 11362 11363
f 11362 11158 11363
f 11363 11158 11364
f 11158 11157 11364
f 11364 11157 11365
f 11366 11367 11368
f 11367 11360 11368
f 11368 11360 11369
f 11360 11359 11369
f 11366 11370 11367
f 11370 11371 11367
f 11367 11371 11372
f 11371 11373 11372
f 11372 11373 11374
f 11374 11375 11157
f 11375 11376 11157
f 11157 11376 11365
f 11377 11378 11379
f 11378 11380 11379
f 11379 11380 11381
f 11382 11383 11360
f 11383 11384 11360
f 11360 11384 11362
f 11384 11385 11362
f 11362 11385 11386
f 11385 11387 11386
f 11386 11387 11380
f 11387 11388 11380
f 11380 11388 11381
f 11377 11389 11378
f 11389 11390 11378
f 11378 11390 11367
f 11390 11391 11367
f 11391 11392 11367
f 11367 11392 11360
f 11392 11393 11360
f 11360 11393 11382
f 11394 11395 11396
f 11396 11395 11397
f 11395 11398 11397
f 11397 11398 11399
f 11399 11400 11397
f 11400 11193 11397
f 11397 11193 11401
f 11193 11192 11401
f 11400 11402 11193
f 11402 11403 11193
f 11193 11403 11037
f 11403 11404 11037
f 11037 11404 11405
f 11405 11406 11037
f 11406 11034 11037
f 11037 11034 11035
f 11034 11315 11035
f 11406 11407 11034
f 11407 11408 11034
f 11034 11408 11319
f 11408 11409 11319
f 11319 11409 11396
f 11409 11410 11396
f 11396 11410 11394
f 11411 11412 11413
f 11412 11414 11413
f 11413 11414 11415
f 11414 11416 11415
f 11417 11418 11380
f 11418 11419 11380
f 11380 11419 11386
f 11419 11412 11386
f 11412 11411 11386
f 11386 11411 11065
f 11411 11420 11065
f 11065 11420 11066
f 11420 11421 11066
f 11421 11422 11066
f 11422 11423 11066
f 11066 11423 11424
f 11423 11425 11424
f 11426 11427 11378
f 11427 11428 11378
f 11378 11428 11380
f 11428 11429 11380
f 11380 11429 11417
f 11414 11430 11416
f 11430 11431 11416
f 11416 11431 11432
f 11431 11433 11432
f 11432 11433 11434
f 11433 11435 11434
f 11425 11436 11424
f 11436 11437 11424
f 11424 11437 11378
f 11437 11438 11378
f 11378 11438 11426
f 11438 11434 11426
f 11426 11434 11439
f 11434 11435 11439
f 11424 11440 11441
f 11441 11442 11424
f 11442 11443 11424
f 11424 11443 11066
f 11443 11444 11066
f 11066 11444 11445
f 11061 11159 11062
f 11159 11066 11062
f 11062 11066 11446
f 11066 11445 11446
f 11447 11448 11063
f 11448 11449 11063
f 11063 11449 11162
f 11449 11450 11162
f 11162 11450 11327
f 11446 11451 11062
f 11451 11452 11062
f 11062 11452 11063
f 11452 11453 11063
f 11063 11453 11447
f 11185 11454 11184
f 11454 11455 11184
f 11184 11455 11324
f 11455 11456 11324
f 11324 11456 11457
f 11169 11326 11166
f 11326 11324 11166
f 11166 11324 11458
f 11324 11457 11458
f 11458 11459 11166
f 11459 11460 11166
f 11166 11460 11180
f 11460 11461 11180
f 11180 11461 11186
f 11462 11463 11184
f 11184 11463 11059
f 11463 11464 11059
f 11059 11464 11465
f 11466 11467 11468
f 11469 11057 11466
f 11057 11059 11466
f 11466 11059 11467
f 11059 11465 11467
f 11468 11470 11466
f 11470 11471 11466
f 11466 11471 11472
f 11471 11473 11472
f 11473 11474 11472
f 11472 11474 11322
f 11474 11475 11322
f 11475 11476 11322
f 11322 11476 11324
f 11476 11477 11324
f 11324 11477 11184
f 11477 11478 11184
f 11184 11478 11462
f 11479 11047 11480
f 11481 11482 11483
f 11482 11081 11483
f 11483 11081 11484
f 11081 11237 11484
f 11480 11485 11479
f 11485 11486 11479
f 11479 11486 11483
f 11486 11487 11483
f 11483 11487 11481
f 11488 11489 11075
f 11482 11490 11081
f 11490 11491 11081
f 11081 11491 11075
f 11491 11492 11075
f 11075 11492 11488
f 11093 11073 11094
f 11073 11075 11094
f 11094 11075 11046
f 11075 11489 11046
f 11489 11493 11046
f 11493 11494 11046
f 11046 11494 11047
f 11494 11495 11047
f 11047 11495 11480
f 11152 11496 11497
f 11498 11499 11372
f 11499 11500 11372
f 11374 11157 11372
f 11157 11501 11372
f 11372 11501 11498
f 11502 11154 11503
f 11154 11152 11503
f 11503 11152 11504
f 11152 11497 11504
f 11502 11505 11154
f 11505 11506 11154
f 11154 11506 11157
f 11506 11507 11157
f 11157 11507 11501
f 11345 11330 11341
f 11330 11332 11341
f 11341 11332 11508
f 11332 11509 11508
f 11274 11510 11276
f 11510 11511 11276
f 11276 11511 11512
f 11511 11513 11512
f 11513 11514 11512
f 11514 11515 11512
f 11512 11515 11516
f 11515 11517 11516
f 11517 11518 11516
f 11516 11518 11519
f 11518 11520 11519
f 11519 11520 11521
f 11296 11522 11293
f 11522 11523 11293
f 11293 11523 11195
f 11523 11524 11195
f 11195 11524 11525
f 11526 11527 11276
f 11527 11528 11276
f 11276 11528 11275
f 11528 11529 11275
f 11275 11529 11283
f 11130 11132 11131
f 11132 11107 11131
f 11131 11107 11142
f 11107 11121 11142
f 11142 11121 11350
f 11121 11355 11350
f 11067 11148 11068
f 11148 11150 11068
f 11068 11150 11152
f 11150 11341 11152
f 11152 11341 11496
f 11341 11508 11496
f 11500 11509 11372
f 11509 11332 11372
f 11372 11332 11367
f 11332 11334 11367
f 11367 11334 11378
f 11334 11336 11378
f 11378 11336 11424
f 11336 11327 11424
f 11424 11327 11440
f 11327 11450 11440
f 11321 11320 11322
f 11320 11319 11322
f 11322 11319 11472
f 11319 11396 11472
f 11472 11396 11466
f 11396 11397 11466
f 11466 11397 11469
f 11397 11401 11469
f 11525 11526 11195
f 11526 11276 11195
f 11195 11276 11197
f 11276 11512 11197
f 11197 11512 11198
f 11512 11530 11198
f 11530 11512 11205
f 11512 11516 11205
f 11205 11516 11203
f 11516 11531 11203
f 11203 11531 11532
f 11532 11533 11203
f 11533 11534 11203
f 11203 11534 11201
f 11534 11535 11201
f 11201 11535 11536
f 11215 11216 11214
f 11216 11201 11214
f 11214 11201 11268
f 11201 11536 11268
f 11536 11537 11268
f 11537 11538 11268
f 11268 11538 11539
f 11540 11541 11516
f 11541 11542 11516
f 11516 11542 11531
f 11539 11540 11268
f 11540 11516 11268
f 11268 11516 11272
f 11516 11519 11272
f 11272 11519 11280
f 11519 11521 11280
f 11280 11521 11281
f 11484 11543 11483
f 11543 11544 11483
f 11483 11544 11479
f 11544 11050 11479
f 11479 11050 11043
f 11050 11049 11043
f 11043 11049 11545
f 11545 11546 11043
f 11546 11547 11043
f 11043 11547 11548
f 11039 11549 11550
f 11038 11041 11039
f 11041 11043 11039
f 11039 11043 11549
f 11043 11548 11549
f 11550 11551 11039
f 11551 11552 11039
f 11039 11552 11224
f 11552 11553 11224
f 11553 11554 11224
f 11554 11555 11224
f 11224 11555 11049
f 11555 11556 11049
f 11049 11556 11545
f 11479 11557 11558
f 11479 11558 11047
f 11558 11559 11047
f 11047 11559 11560
f 11561 11562 11043
f 11562 11563 11043
f 11043 11563 11479
f 11563 11564 11479
f 11479 11564 11557
f 11044 11045 11042
f 11045 11047 11042
f 11042 11047 11565
f 11047 11560 11565
f 11565 11566 11042
f 11566 11567 11042
f 11042 11567 11043
f 11567 11568 11043
f 11043 11568 11561
f 11569 11570 11571
f 11570 11572 11571
f 11571 11572 11573
f 11572 11574 11573
f 11573 11574 11575
f 11574 11576 11575
f 11575 11576 11577
f 11576 11578 11577
f 11577 11578 11579
f 11578 11580 11579
f 11579 11580 11581
f 11580 11582 11581
f 11581 11582 11583
f 11582 11584 11583
f 11583 11584 11585
f 11584 11586 11585
f 11585 11586 11587
f 11586 11588 11587
f 11587 11588 11589
f 11588 11590 11589
f 11589 11590 11591
f 11590 11592 11591
f 11591 11592 11569
f 11592 11570 11569
f 11593 11594 11595
f 11594 11596 11595
f 11595 11596 11597
f 11596 11598 11597
f 11597 11598 11599
f 11598 11600 11599
f 11599 11600 11601
f 11600 11602 11601
f 11601 11602 11603
f 11602 11604 11603
f 11603 11604 11605
f 11604 11606 11605
f 11605 11606 11607
f 11606 11608 11607
f 11607 11608 11609
f 11608 11610 11609
f 11609 11610 11611
f 11610 11612 11611
f 11611 11612 11613
f 11612 11614 11613
f 11613 11614 11615
f 11614 11616 11615
f 11615 11616 11593
f 11616 11594 11593
f 11617 11618 11619
f 11620 11621 11622
f 11623 11624 11625
f 11626 11627 11628
f 11629 11630 11631
f 11632 11633 11634
f 11634 11633 11635
f 11636 11637 11638
f 11639 11640 11641
f 11642 11643 11644
f 11645 11646 11647
f 11647 11646 11648
f 11649 11650 11651
f 11652 11653 11654
f 11655 11656 11657
f 11656 11658 11657
f 11657 11658 11659
f 11658 11660 11659
f 11654 11653 11661
f 11653 11662 11661
f 11661 11662 11663
f 11662 11664 11663
f 11663 11664 11660
f 11654 11665 11652
f 11665 11666 11652
f 11652 11666 11667
f 11668 11669 11670
f 11669 11671 11670
f 11655 11672 11656
f 11672 11673 11656
f 11656 11673 11669
f 11673 11674 11669
f 11669 11674 11671
f 11670 11675 11668
f 11675 11676 11668
f 11668 11676 11677
f 11676 11652 11677
f 11677 11652 11678
f 11652 11667 11678
f 11650 11679 11651
f 11679 11680 11651
f 11651 11680 11681
f 11680 11682 11681
f 11681 11682 11683
f 11682 11684 11683
f 11683 11684 11685
f 11684 11686 11685
f 11685 11686 11687
f 11688 11689 11690
f 11688 11690 11691
f 11686 11692 11687
f 11692 11693 11687
f 11687 11693 11694
f 11693 11695 11694
f 11696 11697 11698
f 11698 11699 11696
f 11699 11700 11696
f 11696 11700 11691
f 11701 11702 11703
f 11702 11704 11703
f 11703 11704 11705
f 11704 11706 11705
f 11705 11706 11707
f 11706 11708 11707
f 11707 11708 11709
f 11708 11710 11709
f 11709 11710 11711
f 11712 11713 11714
f 11714 11715 11701
f 11715 11716 11701
f 11701 11716 11702
f 11643 11717 11644
f 11717 11718 11644
f 11644 11718 11719
f 11720 11721 11712
f 11722 11723 11724
f 11723 11725 11724
f 11721 11726 11712
f 11726 11727 11712
f 11712 11727 11713
f 11727 11728 11713
f 11713 11728 11729
f 11728 11642 11729
f 11642 11644 11729
f 11729 11644 11730
f 11644 11731 11730
f 11732 11733 11734
f 11733 11735 11734
f 11734 11735 11736
f 11736 11737 11738
f 11737 11739 11738
f 11738 11739 11740
f 11739 11741 11740
f 11641 11640 11739
f 11742 11743 11744
f 11743 11741 11744
f 11744 11741 11745
f 11741 11739 11745
f 11745 11739 11746
f 11739 11640 11746
f 11742 11747 11748
f 11742 11748 11743
f 11748 11749 11743
f 11743 11749 11750
f 11747 11742 11751
f 11742 11752 11751
f 11751 11752 11753
f 11752 11754 11753
f 11753 11754 11755
f 11754 11756 11755
f 11755 11756 11757
f 11758 11759 11760
f 11759 11761 11760
f 11760 11761 11641
f 11761 11762 11641
f 11641 11762 11639
f 11750 11763 11743
f 11763 11764 11743
f 11743 11764 11765
f 11764 11766 11765
f 11765 11766 11767
f 11768 11769 11770
f 11769 11771 11770
f 11767 11772 11765
f 11772 11773 11765
f 11765 11773 11769
f 11773 11774 11769
f 11769 11774 11771
f 11768 11775 11776
f 11775 11777 11776
f 11778 11779 11780
f 11779 11781 11780
f 11780 11781 11770
f 11781 11782 11770
f 11770 11782 11768
f 11782 11783 11768
f 11768 11783 11775
f 11619 11784 11785
f 11777 11786 11776
f 11786 11787 11776
f 11776 11787 11785
f 11787 11788 11785
f 11785 11788 11619
f 11789 11790 11784
f 11784 11619 11789
f 11619 11791 11789
f 11789 11791 11792
f 11793 11794 11795
f 11794 11796 11795
f 11795 11796 11797
f 11798 11799 11791
f 11799 11800 11791
f 11801 11802 11803
f 11802 11804 11803
f 11800 11805 11791
f 11805 11806 11791
f 11791 11806 11792
f 11806 11807 11792
f 11792 11807 11793
f 11807 11808 11793
f 11793 11808 11794
f 11809 11810 11811
f 11810 11812 11811
f 11811 11812 11813
f 11814 11795 11815
f 11795 11811 11815
f 11815 11811 11816
f 11811 11813 11816
f 11814 11817 11795
f 11817 11818 11795
f 11795 11818 11793
f 11818 11819 11793
f 11793 11819 11820
f 11820 11821 11793
f 11821 11822 11793
f 11793 11822 11810
f 11822 11823 11810
f 11810 11823 11812
f 11824 11825 11826
f 11825 11827 11826
f 11827 11825 11828
f 11825 11809 11828
f 11828 11809 11829
f 11830 11831 11832
f 11832 11833 11830
f 11833 11834 11830
f 11830 11834 11811
f 11834 11835 11811
f 11835 11836 11811
f 11811 11836 11809
f 11836 11837 11809
f 11809 11837 11829
f 11838 11839 11840
f 11841 11842 11830
f 11840 11839 11843
f 11844 11845 11846
f 11846 11847 11844
f 11847 11848 11844
f 11844 11848 11840
f 11848 11849 11840
f 11840 11849 11838
f 11842 11850 11830
f 11850 11825 11830
f 11830 11825 11831
f 11825 11824 11831
f 11850 11851 11825
f 11851 11852 11825
f 11825 11852 11845
f 11852 11853 11845
f 11845 11853 11846
f 11637 11636 11844
f 11636 11854 11844
f 11844 11854 11845
f 11855 11856 11658
f 11660 11658 11663
f 11658 11856 11663
f 11663 11856 11857
f 11858 11859 11860
f 11859 11861 11860
f 11860 11861 11862
f 11861 11855 11862
f 11839 11841 11843
f 11841 11830 11843
f 11843 11830 11863
f 11830 11811 11863
f 11863 11811 11864
f 11811 11795 11864
f 11864 11795 11801
f 11795 11797 11801
f 11801 11797 11802
f 11804 11798 11803
f 11798 11791 11803
f 11803 11791 11865
f 11791 11866 11865
f 11867 11868 11869
f 11868 11870 11869
f 11869 11870 11871
f 11870 11872 11871
f 11871 11872 11788
f 11872 11873 11788
f 11763 11874 11764
f 11874 11875 11764
f 11764 11875 11876
f 11875 11877 11876
f 11876 11877 11878
f 11879 11880 11760
f 11880 11881 11760
f 11877 11882 11878
f 11882 11883 11878
f 11878 11883 11881
f 11883 11884 11881
f 11881 11884 11760
f 11884 11755 11760
f 11760 11755 11758
f 11755 11757 11758
f 11627 11885 11886
f 11887 11628 11888
f 11886 11889 11627
f 11889 11890 11627
f 11627 11890 11628
f 11890 11891 11628
f 11628 11891 11888
f 11892 11893 11887
f 11888 11894 11887
f 11894 11895 11887
f 11887 11895 11892
f 11895 11644 11892
f 11892 11644 11722
f 11644 11719 11722
f 11722 11719 11723
f 11896 11897 11898
f 11897 11623 11898
f 11898 11623 11899
f 11623 11625 11899
f 11899 11625 11724
f 11900 11901 11902
f 11901 11903 11902
f 11902 11903 11904
f 11903 11905 11904
f 11906 11905 11907
f 11906 11907 11908
f 11909 11910 11911
f 11910 11912 11911
f 11913 11914 11696
f 11914 11915 11696
f 11696 11915 11697
f 11915 11916 11697
f 11697 11916 11711
f 11916 11917 11711
f 11711 11917 11709
f 11917 11918 11709
f 11709 11918 11919
f 11920 11921 11922
f 11923 11924 11910
f 11924 11925 11910
f 11910 11925 11912
f 11925 11926 11912
f 11912 11926 11927
f 11926 11928 11927
f 11927 11928 11920
f 11920 11922 11927
f 11922 11929 11927
f 11927 11929 11930
f 11931 11932 11929
f 11932 11933 11929
f 11929 11933 11681
f 11933 11934 11681
f 11934 11935 11681
f 11681 11935 11651
f 11935 11936 11651
f 11651 11936 11937
f 11937 11938 11651
f 11938 11939 11651
f 11651 11939 11922
f 11939 11940 11922
f 11940 11941 11922
f 11922 11941 11929
f 11941 11942 11929
f 11929 11942 11931
f 11943 11647 11688
f 11647 11648 11688
f 11688 11648 11689
f 11943 11944 11647
f 11944 11945 11647
f 11647 11945 11645
f 11945 11946 11645
f 11645 11946 11947
f 11946 11948 11947
f 11947 11948 11695
f 11948 11949 11695
f 11695 11949 11694
f 11950 11943 11951
f 11943 11688 11951
f 11951 11688 11952
f 11688 11691 11952
f 11952 11691 11953
f 11691 11700 11953
f 11954 11955 11956
f 11955 11901 11956
f 11956 11901 11957
f 11958 11959 11960
f 11959 11961 11960
f 11960 11961 11962
f 11961 11963 11962
f 11962 11963 11900
f 11963 11964 11900
f 11900 11964 11901
f 11964 11965 11901
f 11901 11965 11957
f 11954 11966 11955
f 11966 11967 11955
f 11955 11967 11968
f 11967 11969 11968
f 11969 11970 11968
f 11968 11970 11960
f 11970 11971 11960
f 11960 11971 11958
f 11972 11960 11973
f 11960 11962 11973
f 11973 11962 11974
f 11962 11975 11974
f 11974 11975 11621
f 11976 11968 11977
f 11968 11960 11977
f 11977 11960 11978
f 11960 11972 11978
f 11976 11979 11968
f 11979 11980 11968
f 11968 11980 11981
f 11980 11982 11981
f 11983 11984 11622
f 11984 11985 11622
f 11622 11985 11620
f 11986 11987 11641
f 11641 11987 11760
f 11987 11988 11760
f 11760 11988 11989
f 11989 11990 11760
f 11990 11991 11760
f 11760 11991 11879
f 11992 11993 11994
f 11993 11991 11994
f 11994 11991 11995
f 11991 11990 11995
f 11992 11996 11993
f 11996 11997 11993
f 11993 11997 11737
f 11997 11998 11737
f 11998 11999 11737
f 11737 11999 11739
f 11999 12000 11739
f 11739 12000 11641
f 12000 12001 11641
f 11641 12001 11986
f 12002 12003 12004
f 12003 12005 12004
f 12004 12006 12002
f 12006 12007 12002
f 12002 12007 12008
f 12009 12010 11622
f 11621 11975 11622
f 11975 12011 11622
f 11622 12011 12009
f 12012 12013 11981
f 12014 12015 12016
f 12015 12017 12016
f 12016 12017 12007
f 12017 12018 12007
f 12007 12018 12008
f 12010 12019 11622
f 12019 11981 11622
f 11622 11981 11983
f 11981 11982 11983
f 12019 12020 11981
f 12020 12021 11981
f 11981 12021 12022
f 12023 12024 12025
f 12024 12026 12025
f 12025 12026 12027
f 12026 12005 12027
f 12027 12005 11975
f 12005 12003 11975
f 11975 12003 12011
f 12012 11981 12028
f 11981 12022 12028
f 12028 12022 12014
f 12022 12029 12014
f 12014 12029 12015
f 12012 12030 12013
f 12030 12031 12013
f 12013 12031 12025
f 12031 12032 12025
f 12025 12032 12023
f 11714 11701 11712
f 11701 12033 11712
f 11712 12033 12034
f 11725 11720 11724
f 11720 11712 11724
f 11724 11712 11899
f 11712 12034 11899
f 11899 12034 12035
f 12035 12036 11899
f 12036 12037 11899
f 11899 12037 11898
f 12037 12038 11898
f 11898 12038 12039
f 12039 12040 11898
f 12040 12025 11898
f 11898 12025 11896
f 12025 12027 11896
f 12041 12013 12042
f 12013 12043 12042
f 12040 12044 12025
f 12044 12045 12025
f 12025 12045 12013
f 12045 12046 12013
f 12013 12046 12043
f 11894 12047 11895
f 12047 12048 11895
f 11895 12048 11644
f 12048 12049 11644
f 11644 12049 12050
f 12050 12051 11644
f 12051 11733 11644
f 11644 11733 11731
f 11733 11732 11731
f 12051 12052 11733
f 12052 12053 11733
f 11733 12053 11885
f 12053 12054 11885
f 11885 12054 11886
f 12055 12056 12057
f 12057 12056 11631
f 12056 12058 11631
f 11631 12058 12059
f 12059 12060 11631
f 12060 11627 11631
f 11631 11627 11629
f 11627 11626 11629
f 12061 11885 12062
f 11885 11627 12062
f 12062 11627 12063
f 11627 12060 12063
f 12061 12064 11885
f 12064 12065 11885
f 11885 12065 11733
f 12065 12066 11733
f 11733 12066 11735
f 12066 12067 11735
f 12067 12068 11735
f 11735 12068 12057
f 12068 12069 12057
f 12057 12069 12055
f 11855 11658 11862
f 11658 12070 11862
f 11862 12070 12071
f 12071 12072 11862
f 12072 12073 11862
f 11862 12073 11860
f 12073 12074 11860
f 12075 12076 12077
f 12076 12078 12077
f 12077 12078 12079
f 12078 12080 12079
f 12079 12080 12081
f 11669 12082 11656
f 12082 12079 11656
f 11656 12079 12083
f 12079 12081 12083
f 12083 12084 11656
f 12084 12085 11656
f 11656 12085 11658
f 12085 12086 11658
f 11658 12086 12070
f 12087 12088 11907
f 11955 12089 12090
f 11905 11903 11907
f 11903 12091 11907
f 11907 12091 12087
f 12092 11901 12093
f 11901 11955 12093
f 12093 11955 12094
f 11955 12090 12094
f 12092 12095 11901
f 12095 12096 11901
f 11901 12096 11903
f 12096 12097 11903
f 11903 12097 12091
f 12088 12098 11907
f 12098 12099 11907
f 11907 12099 11709
f 12099 12100 11709
f 11709 12100 11707
f 12100 12089 11707
f 11786 12101 11787
f 12101 12102 11787
f 11787 12102 11788
f 12102 12103 11788
f 12104 11871 12105
f 11871 11788 12105
f 12105 11788 12106
f 11788 12103 12106
f 12107 11780 12108
f 11780 11770 12108
f 12108 11770 12109
f 11770 11771 12109
f 12107 12110 11780
f 12110 12111 11780
f 11780 12111 11876
f 12111 12112 11876
f 12112 12113 11876
f 11876 12113 11764
f 12113 12114 11764
f 11764 12114 11766
f 12115 12116 12077
f 11634 12117 12118
f 12118 12115 11634
f 12115 12077 11634
f 11634 12077 11632
f 12077 12079 11632
f 11632 12079 12119
f 12079 12082 12119
f 12116 12120 12077
f 12120 11860 12077
f 12077 11860 12075
f 11860 12074 12075
f 11638 11637 11635
f 11637 12121 11635
f 11635 12121 11634
f 12121 12122 11634
f 11634 12122 12117
f 12120 12123 11860
f 12123 12124 11860
f 11860 12124 12125
f 12126 12127 12121
f 12127 12128 12121
f 12121 12128 12122
f 12129 12130 12131
f 12130 11858 12131
f 12131 11858 12121
f 11858 11860 12121
f 12121 11860 12126
f 11860 12125 12126
f 12132 12133 12121
f 12121 12133 12131
f 12133 12134 12131
f 12131 12134 12135
f 12136 12137 11637
f 12137 12138 11637
f 11637 12138 12121
f 12138 12139 12121
f 12121 12139 12132
f 11840 12129 11844
f 12129 12131 11844
f 11844 12131 12140
f 12131 12135 12140
f 12140 12141 11844
f 12141 12142 11844
f 11844 12142 11637
f 12142 12143 11637
f 11637 12143 12136
f 11619 11618 11791
f 11618 12144 11791
f 11791 12144 12145
f 12145 12146 11791
f 12146 11873 11791
f 11791 11873 11866
f 11873 11872 11866
f 12146 12147 11873
f 12147 12148 11873
f 11873 12148 11788
f 12148 12149 11788
f 11788 12149 12150
f 12150 12151 11788
f 12151 12152 11788
f 11788 12152 11619
f 12152 12153 11619
f 11619 12153 11617
f 12104 11778 11871
f 11778 11780 11871
f 11871 11780 11869
f 11780 11876 11869
f 11869 11876 11867
f 11876 11878 11867
f 11736 11735 11737
f 11735 12057 11737
f 11737 12057 11993
f 12057 11631 11993
f 11993 11631 11991
f 11631 11630 11991
f 11991 11630 11879
f 12089 11955 11707
f 11955 11968 11707
f 11707 11968 11705
f 11968 11981 11705
f 11705 11981 11703
f 11981 12013 11703
f 11703 12013 11701
f 12013 12041 11701
f 11701 12041 12033
f 11919 11923 11709
f 11923 11910 11709
f 11709 11910 11907
f 11910 11909 11907
f 11907 11909 11908
f 11909 11911 11908
f 11690 11649 11691
f 11649 11651 11691
f 11691 11651 11696
f 11651 11922 11696
f 11696 11922 11913
f 11922 11921 11913
f 10971 10970 12154
f 10970 12155 12154
f 12154 12155 10836
f 12155 10837 10836
f 12156 12157 12158
f 12157 12159 12158
f 12158 12159 12160
f 12159 12161 12160
f 12160 12161 12162
f 12161 12163 12162
f 12162 12163 12164
f 12163 12165 12164
f 12164 12165 12166
f 12165 12167 12166
f 12166 12167 12168
f 12167 12169 12168
f 12168 12169 12170
f 12169 12171 12170
f 12170 12171 12172
f 12171 12173 12172
f 12172 12173 12174
f 12173 12175 12174
f 12174 12175 12176
f 12175 12177 12176
f 12176 12177 12178
f 12177 12179 12178
f 12178 12179 12156
f 12179 12157 12156
f 10885 10884 12180
f 10885 12180 12181
f 12180 12182 12181
f 12181 12182 12183
f 12182 10478 12183
f 12183 10478 10479
f 12184 12185 12186
f 12185 12187 12186
f 12186 12187 12188
f 12187 12189 12188
f 12188 12189 12190
f 12189 12191 12190
f 12190 12191 12192
f 12191 12193 12192
f 12192 12193 12194
f 12193 12195 12194
f 12194 12195 12196
f 12195 12197 12196
f 12196 12197 12198
f 12197 12199 12198
f 12198 12199 12200
f 12199 12201 12200
f 12200 12201 12202
f 12201 12203 12202
f 12202 12203 12204
f 12203 12205 12204
f 12204 12205 12206
f 12205 12207 12206
f 12206 12207 12184
f 12207 12185 12184
f 12208 12209 12210
f 12209 12211 12210
f 12210 12211 12212
f 12211 12213 12212
f 12212 12213 12214
f 12213 12215 12214
f 12214 12215 12216
f 12215 12217 12216
f 12216 12217 12218
f 12217 12219 12218
f 12218 12219 12220
f 12219 12221 12220
f 12220 12221 12222
f 12221 12223 12222
f 12222 12223 12224
f 12223 12225 12224
f 12224 12225 12226
f 12225 12227 12226
f 12226 12227 12228
f 12227 12229 12228
f 12228 12229 12230
f 12229 12231 12230
f 12230 12231 12208
f 12231 12209 12208
f 12232 12233 12234
f 12233 12235 12234
f 12234 12235 12236
f 12235 12237 12236
f 12236 12237 12238
f 12237 12239 12238
f 12238 12239 12240
f 12239 12241 12240
f 12240 12241 12242
f 12241 12243 12242
f 12242 12243 12244
f 12243 12245 12244
f 12244 12245 12246
f 12245 12247 12246
f 12246 12247 12248
f 12247 12249 12248
f 12248 12249 12250
f 12249 12251 12250
f 12250 12251 12252
f 12251 12253 12252
f 12252 12253 12254
f 12253 12255 12254
f 12254 12255 12232
f 12255 12233 12232
f 12256 12257 12258
f 12257 12259 12258
f 12258 12259 12260
f 12261 12262 12263
f 12262 12264 12263
f 12263 12264 12256
f 12264 12265 12256
f 12256 12265 12257
f 12266 12267 12268
f 12267 12269 12268
f 12268 12269 12270
f 12269 12271 12270
f 12270 12271 12272
f 12271 12273 12272
f 12272 12273 12274
f 12273 12275 12274
f 12274 12275 12276
f 12275 12277 12276
f 12276 12277 12278
f 12277 12279 12278
f 12278 12279 12280
f 12279 12281 12280
f 12280 12281 12282
f 12281 12283 12282
f 12282 12283 12284
f 12283 12285 12284
f 12284 12285 12286
f 12285 12287 12286
f 12286 12287 12288
f 12287 12289 12288
f 12288 12289 12266
f 12289 12267 12266
f 12290 12291 12292
f 12291 12293 12292
f 12292 12293 12294
f 12293 12295 12294
f 12294 12295 12296
f 12295 12297 12296
f 12296 12297 12298
f 12297 12299 12298
f 12298 12299 12300
f 12299 12301 12300
f 12300 12301 12302
f 12301 12303 12302
f 12302 12303 12304
f 12303 12305 12304
f 12304 12305 12306
f 12305 12307 12306
f 12306 12307 12308
f 12307 12309 12308
f 12308 12309 12310
f 12309 12311 12310
f 12310 12311 12312
f 12311 12313 12312
f 12312 12313 12290
f 12313 12291 12290
f 12314 12315 12316
f 12315 12317 12316
f 12316 12317 12318
f 12317 12319 12318
f 12318 12319 12320
f 12319 12321 12320
f 12322 12323 12324
f 12323 12325 12324
f 12324 12325 12326
f 12325 12327 12326
f 12326 12327 12328
f 12327 12329 12328
f 12328 12329 12330
f 12329 12331 12330
f 12330 12331 12332
f 12331 12333 12332
f 12332 12333 12334
f 12333 12335 12334
f 12334 12335 12336
f 12335 12337 12336
f 12336 12337 12338
f 12337 12339 12338
f 12338 12339 12340
f 12339 12341 12340
f 12340 12341 12342
f 12341 12343 12342
f 12342 12343 12344
f 12343 12345 12344
f 12344 12345 12322
f 12345 12323 12322
f 12346 12347 12348
f 12347 12349 12348
f 12348 12349 12350
f 12349 12351 12350
f 12350 12351 12352
f 12351 12353 12352
f 12352 12353 12354
f 12353 12355 12354
f 12354 12355 12356
f 12355 12357 12356
f 12356 12357 12358
f 12357 12359 12358
f 12358 12359 12360
f 12359 12361 12360
f 12360 12361 12362
f 12361 12363 12362
f 12362 12363 12364
f 12363 12365 12364
f 12364 12365 12366
f 12365 12367 12366
f 12366 12367 12368
f 12367 12369 12368
f 12368 12369 12346
f 12369 12347 12346
f 12370 12371 12372
f 12371 12373 12372
f 12374 12375 12376
f 12375 12377 12376
f 12376 12377 12378
f 12377 12379 12378
f 12378 12379 12380
f 12379 12381 12380
f 12380 12381 12382
f 12381 12383 12382
f 12382 12383 12384
f 12383 12385 12384
f 12384 12385 12386
f 12385 12387 12386
f 12386 12387 12388
f 12387 12389 12388
f 12388 12389 12390
f 12389 12391 12390
f 12390 12391 12392
f 12391 12393 12392
f 12392 12393 12394
f 12393 12395 12394
f 12394 12395 12396
f 12395 12397 12396
f 12396 12397 12374
f 12397 12375 12374
f 12398 12399 12400
f 12399 12401 12400
f 12400 12401 12402
f 12401 12403 12402
f 12402 12403 12404
f 12403 12405 12404
f 12404 12405 12406
f 12405 12407 12406
f 12406 12407 12408
f 12407 12409 12408
f 12408 12409 12410
f 12409 12411 12410
f 12410 12411 12412
f 12411 12413 12412
f 12412 12413 12414
f 12413 12415 12414
f 12414 12415 12416
f 12415 12417 12416
f 12416 12417 12418
f 12417 12419 12418
f 12418 12419 12420
f 12419 12421 12420
f 12420 12421 12398
f 12421 12399 12398
f 12422 12423 12424
f 12423 12425 12424
f 12424 12425 12426
f 12425 12427 12426
f 12426 12427 12428
f 12427 12429 12428
f 12428 12429 12430
f 12429 12431 12430
f 12430 12431 12432
f 12431 12433 12432
f 12432 12433 12434
f 12433 12435 12434
f 12434 12435 12436
f 12435 12437 12436
f 12436 12437 12438
f 12437 12439 12438
f 12438 12439 12440
f 12439 12441 12440
f 12440 12441 12442
f 12441 12443 12442
f 12442 12443 12444
f 12443 12445 12444
f 12444 12445 12422
f 12445 12423 12422
f 12446 12447 12448
f 12449 12450 12451
f 12452 12453 12454
f 12455 12456 12457
f 12458 12459 12460
f 12461 12462 12463
f 12464 12465 12466
f 12467 12468 12469
f 12470 12471 12472
f 12473 12474 12475
f 12476 12477 12478
f 12479 12480 12481
f 12480 12482 12481
f 12481 12482 12483
f 12482 12484 12483
f 12483 12484 12485
f 12485 12484 12486
f 12484 12487 12486
f 12486 12487 12488
f 12489 12490 12491
f 12490 12492 12491
f 12493 12494 12495
f 12496 12497 12498
f 12497 12499 12498
f 12498 12499 12500
f 12499 12495 12500
f 12500 12495 12501
f 12495 12494 12501
f 12502 12503 12504
f 12503 12505 12504
f 12496 12502 12497
f 12502 12504 12497
f 12497 12504 12506
f 12504 12507 12506
f 12508 12509 12504
f 12509 12510 12504
f 12510 12511 12504
f 12504 12511 12507
f 12511 12512 12507
f 12507 12512 12513
f 12514 12515 12516
f 12515 12513 12516
f 12516 12513 12517
f 12513 12512 12517
f 12514 12518 12515
f 12518 12519 12515
f 12515 12519 12520
f 12519 12521 12520
f 12520 12521 12522
f 12523 12524 12525
f 12526 12527 12528
f 12529 12530 12531
f 12530 12513 12531
f 12531 12513 12532
f 12526 12528 12515
f 12524 12533 12525
f 12533 12534 12525
f 12525 12534 12527
f 12528 12535 12515
f 12535 12536 12515
f 12515 12536 12513
f 12536 12537 12513
f 12513 12537 12532
f 12529 12523 12530
f 12523 12525 12530
f 12530 12525 12538
f 12525 12539 12538
f 12540 12541 12542
f 12541 12543 12542
f 12542 12543 12525
f 12543 12544 12525
f 12545 12546 12547
f 12546 12548 12547
f 12547 12548 12549
f 12544 12550 12525
f 12550 12551 12525
f 12525 12551 12539
f 12551 12552 12539
f 12539 12552 12553
f 12552 12554 12553
f 12555 12556 12557
f 12556 12553 12557
f 12557 12553 12547
f 12553 12554 12547
f 12547 12554 12545
f 12558 12559 12555
f 12560 12561 12559
f 12562 12563 12564
f 12559 12561 12565
f 12561 12566 12565
f 12565 12566 12567
f 12566 12568 12567
f 12567 12568 12562
f 12569 12570 12571
f 12570 12572 12571
f 12571 12572 12573
f 12572 12574 12573
f 12573 12574 12575
f 12576 12577 12578
f 12579 12580 12576
f 12580 12573 12576
f 12576 12573 12577
f 12573 12575 12577
f 12578 12581 12576
f 12581 12582 12576
f 12576 12582 12558
f 12582 12583 12558
f 12571 12560 12569
f 12560 12559 12569
f 12569 12559 12584
f 12559 12558 12584
f 12584 12558 12585
f 12558 12583 12585
f 12564 12586 12587
f 12562 12564 12567
f 12564 12587 12567
f 12567 12587 12588
f 12588 12589 12567
f 12589 12590 12567
f 12567 12590 12591
f 12590 12592 12591
f 12592 12593 12591
f 12591 12593 12478
f 12593 12594 12478
f 12478 12594 12476
f 12595 12591 12596
f 12591 12478 12596
f 12596 12478 12597
f 12478 12598 12597
f 12595 12599 12591
f 12599 12600 12591
f 12591 12600 12601
f 12600 12602 12601
f 12601 12602 12603
f 12603 12604 12605
f 12605 12606 12607
f 12603 12605 12601
f 12605 12607 12601
f 12601 12607 12608
f 12608 12609 12601
f 12609 12610 12601
f 12601 12610 12611
f 12610 12612 12611
f 12612 12613 12611
f 12611 12613 12454
f 12613 12614 12454
f 12454 12614 12615
f 12616 12611 12617
f 12611 12454 12617
f 12617 12454 12618
f 12454 12453 12618
f 12619 12620 12621
f 12620 12611 12621
f 12621 12611 12622
f 12611 12616 12622
f 12623 12624 12625
f 12626 12627 12625
f 12627 12620 12625
f 12625 12620 12623
f 12620 12619 12623
f 12628 12629 12630
f 12629 12474 12630
f 12630 12474 12631
f 12474 12473 12631
f 12631 12473 12632
f 12473 12633 12632
f 12632 12633 12634
f 12633 12620 12634
f 12634 12620 12635
f 12620 12627 12635
f 12475 12474 12636
f 12474 12637 12636
f 12636 12637 12638
f 12639 12640 12460
f 12641 12642 12637
f 12642 12643 12637
f 12637 12643 12638
f 12643 12644 12638
f 12638 12644 12645
f 12644 12646 12645
f 12645 12646 12647
f 12648 12649 12650
f 12649 12651 12650
f 12650 12651 12460
f 12651 12652 12460
f 12460 12652 12639
f 12647 12648 12645
f 12648 12650 12645
f 12645 12650 12653
f 12650 12654 12653
f 12655 12656 12657
f 12656 12654 12657
f 12658 12659 12650
f 12659 12660 12650
f 12650 12660 12654
f 12660 12661 12654
f 12654 12661 12657
f 12655 12662 12656
f 12662 12663 12656
f 12656 12663 12664
f 12663 12665 12664
f 12665 12666 12664
f 12664 12666 12667
f 12666 12668 12667
f 12667 12668 12669
f 12670 12671 12462
f 12671 12672 12462
f 12463 12673 12664
f 12673 12674 12664
f 12664 12674 12675
f 12675 12676 12664
f 12676 12677 12664
f 12664 12677 12656
f 12677 12678 12656
f 12656 12678 12679
f 12672 12680 12462
f 12680 12681 12462
f 12462 12681 12463
f 12681 12682 12463
f 12463 12682 12673
f 12678 12670 12679
f 12670 12462 12679
f 12679 12462 12683
f 12462 12684 12683
f 12685 12686 12687
f 12688 12689 12462
f 12687 12690 12685
f 12690 12691 12685
f 12685 12691 12692
f 12688 12462 12693
f 12462 12461 12693
f 12693 12461 12694
f 12461 12695 12694
f 12694 12695 12692
f 12689 12696 12462
f 12696 12697 12462
f 12462 12697 12684
f 12697 12698 12684
f 12684 12698 12686
f 12698 12699 12686
f 12686 12699 12687
f 12700 12701 12702
f 12701 12700 12703
f 12700 12686 12703
f 12703 12686 12704
f 12702 12705 12700
f 12705 12706 12700
f 12700 12706 12707
f 12707 12706 12708
f 12706 12709 12708
f 12708 12709 12710
f 12709 12711 12710
f 12710 12711 12712
f 12711 12713 12712
f 12712 12713 12714
f 12714 12713 12715
f 12713 12716 12715
f 12715 12716 12717
f 12718 12719 12720
f 12719 12721 12720
f 12722 12723 12724
f 12723 12725 12724
f 12724 12725 12719
f 12725 12726 12719
f 12719 12726 12721
f 12727 12728 12729
f 12728 12730 12729
f 12721 12731 12720
f 12731 12732 12720
f 12720 12732 12733
f 12732 12727 12733
f 12727 12729 12733
f 12729 12734 12733
f 12733 12734 12735
f 12735 12734 12736
f 12734 12737 12736
f 12736 12737 12738
f 12739 12740 12738
f 12741 12742 12743
f 12742 12744 12743
f 12744 12745 12743
f 12743 12745 12746
f 12745 12747 12746
f 12746 12747 12748
f 12749 12750 12739
f 12750 12751 12739
f 12739 12751 12740
f 12752 12753 12754
f 12753 12740 12754
f 12754 12740 12755
f 12740 12751 12755
f 12756 12757 12758
f 12757 12759 12758
f 12759 12760 12758
f 12758 12760 12761
f 12760 12762 12761
f 12762 12763 12761
f 12763 12764 12761
f 12761 12764 12743
f 12764 12765 12743
f 12743 12765 12766
f 12752 12741 12753
f 12741 12743 12753
f 12753 12743 12767
f 12743 12766 12767
f 12766 12768 12767
f 12768 12769 12767
f 12767 12769 12770
f 12769 12771 12770
f 12772 12773 12770
f 12774 12775 12776
f 12774 12776 12777
f 12775 12778 12776
f 12778 12779 12776
f 12776 12779 12758
f 12779 12780 12758
f 12758 12780 12781
f 12771 12756 12770
f 12756 12758 12770
f 12770 12758 12772
f 12758 12781 12772
f 12772 12781 12782
f 12782 12783 12772
f 12783 12784 12772
f 12772 12784 12785
f 12784 12786 12785
f 12785 12786 12787
f 12788 12789 12790
f 12791 12792 12793
f 12792 12794 12793
f 12795 12792 12796
f 12792 12791 12796
f 12796 12791 12797
f 12791 12798 12797
f 12797 12798 12799
f 12800 12776 12801
f 12776 12799 12801
f 12801 12799 12802
f 12799 12798 12802
f 12800 12803 12776
f 12803 12785 12776
f 12776 12785 12777
f 12785 12787 12777
f 12794 12788 12793
f 12788 12790 12793
f 12793 12790 12804
f 12790 12805 12804
f 12804 12805 12806
f 12805 12807 12806
f 12806 12807 12808
f 12803 12809 12785
f 12809 12810 12785
f 12785 12810 12807
f 12810 12811 12807
f 12807 12811 12808
f 12812 12813 12739
f 12813 12746 12739
f 12739 12746 12749
f 12746 12748 12749
f 12814 12815 12746
f 12815 12816 12746
f 12746 12816 12743
f 12816 12817 12743
f 12743 12817 12761
f 12817 12818 12761
f 12761 12818 12758
f 12818 12819 12758
f 12758 12819 12776
f 12819 12820 12776
f 12776 12820 12799
f 12821 12822 12823
f 12822 12814 12823
f 12823 12814 12824
f 12814 12746 12824
f 12824 12746 12825
f 12746 12813 12825
f 12826 12827 12822
f 12828 12829 12830
f 12829 12831 12830
f 12830 12831 12832
f 12833 12834 12835
f 12836 12837 12838
f 12837 12839 12838
f 12838 12839 12833
f 12839 12840 12833
f 12840 12841 12833
f 12841 12842 12833
f 12833 12842 12834
f 12842 12843 12834
f 12834 12843 12844
f 12843 12845 12844
f 12464 12846 12465
f 12846 12844 12465
f 12465 12844 12469
f 12844 12845 12469
f 12469 12845 12467
f 12692 12695 12685
f 12695 12847 12685
f 12685 12847 12848
f 12459 12849 12460
f 12849 12667 12460
f 12460 12667 12650
f 12667 12669 12650
f 12650 12669 12658
f 12850 12851 12637
f 12851 12852 12637
f 12852 12460 12637
f 12637 12460 12641
f 12460 12640 12641
f 12852 12853 12460
f 12853 12854 12460
f 12460 12854 12458
f 12854 12855 12458
f 12458 12855 12856
f 12855 12857 12856
f 12858 12859 12860
f 12859 12856 12860
f 12860 12856 12861
f 12856 12857 12861
f 12455 12457 12862
f 12457 12863 12862
f 12862 12863 12864
f 12858 12864 12859
f 12864 12863 12859
f 12859 12863 12865
f 12863 12629 12865
f 12865 12629 12866
f 12628 12867 12629
f 12867 12868 12629
f 12629 12868 12866
f 12868 12869 12866
f 12866 12869 12870
f 12869 12871 12870
f 12870 12871 12872
f 12871 12873 12872
f 12872 12873 12625
f 12873 12874 12625
f 12625 12874 12626
f 12563 12875 12564
f 12875 12876 12564
f 12564 12876 12877
f 12876 12878 12877
f 12877 12878 12879
f 12878 12880 12879
f 12880 12579 12879
f 12879 12579 12881
f 12579 12576 12881
f 12881 12576 12882
f 12576 12883 12882
f 12883 12576 12884
f 12576 12558 12884
f 12884 12558 12885
f 12883 12886 12882
f 12886 12887 12882
f 12882 12887 12888
f 12887 12889 12888
f 12889 12890 12888
f 12888 12890 12891
f 12890 12892 12891
f 12891 12892 12893
f 12894 12547 12542
f 12547 12549 12542
f 12542 12549 12540
f 12527 12526 12525
f 12526 12895 12525
f 12525 12895 12542
f 12895 12896 12542
f 12542 12896 12894
f 12522 12508 12520
f 12508 12504 12520
f 12520 12504 12491
f 12504 12505 12491
f 12491 12505 12489
f 12897 12898 12899
f 12898 12900 12899
f 12899 12900 12491
f 12900 12901 12491
f 12491 12901 12520
f 12902 12903 12904
f 12903 12905 12904
f 12904 12905 12906
f 12902 12907 12903
f 12907 12908 12903
f 12903 12908 12482
f 12482 12909 12903
f 12909 12910 12903
f 12903 12910 12911
f 12911 12910 12912
f 12910 12913 12912
f 12912 12913 12914
f 12913 12915 12914
f 12914 12915 12916
f 12915 12917 12916
f 12916 12917 12918
f 12917 12919 12918
f 12918 12919 12920
f 12920 12919 12921
f 12919 12922 12921
f 12921 12922 12923
f 12922 12924 12923
f 12923 12924 12925
f 12924 12926 12925
f 12925 12926 12927
f 12926 12928 12927
f 12927 12928 12480
f 12928 12929 12480
f 12480 12929 12482
f 12929 12930 12482
f 12482 12930 12909
f 12931 12927 12932
f 12927 12480 12932
f 12932 12480 12933
f 12480 12479 12933
f 12738 12737 12739
f 12737 12934 12739
f 12739 12934 12812
f 12935 12936 12937
f 12936 12938 12937
f 12937 12938 12729
f 12938 12939 12729
f 12939 12940 12729
f 12729 12940 12734
f 12940 12941 12734
f 12734 12941 12737
f 12941 12942 12737
f 12737 12942 12934
f 12943 12944 12472
f 12944 12945 12472
f 12821 12470 12822
f 12470 12472 12822
f 12822 12472 12826
f 12472 12945 12826
f 12826 12945 12946
f 12730 12947 12729
f 12947 12943 12729
f 12729 12943 12937
f 12943 12472 12937
f 12937 12472 12935
f 12472 12471 12935
f 12477 12948 12949
f 12948 12950 12949
f 12949 12950 12877
f 12950 12951 12877
f 12877 12951 12564
f 12951 12952 12564
f 12564 12952 12586
f 12624 12953 12625
f 12953 12954 12625
f 12625 12954 12872
f 12954 12955 12872
f 12872 12955 12956
f 12955 12957 12956
f 12958 12959 12960
f 12961 12962 12963
f 12962 12964 12963
f 12963 12964 12448
f 12964 12965 12448
f 12965 12966 12448
f 12966 12967 12448
f 12448 12967 12968
f 12967 12969 12968
f 12968 12969 12958
f 12970 12971 12972
f 12971 12973 12972
f 12959 12974 12960
f 12974 12975 12960
f 12960 12975 12970
f 12975 12976 12970
f 12970 12976 12971
f 12977 12978 12960
f 12958 12960 12968
f 12960 12978 12968
f 12968 12978 12979
f 12979 12980 12968
f 12980 12981 12968
f 12968 12981 12719
f 12981 12982 12719
f 12982 12983 12719
f 12719 12983 12724
f 12983 12984 12724
f 12724 12984 12985
f 12985 12986 12724
f 12986 12987 12724
f 12724 12987 12722
f 12987 12988 12722
f 12986 12989 12987
f 12989 12990 12987
f 12987 12990 12970
f 12990 12991 12970
f 12970 12991 12960
f 12991 12992 12960
f 12960 12992 12977
f 12477 12949 12478
f 12949 12993 12478
f 12478 12993 12598
f 12604 12994 12605
f 12994 12995 12605
f 12605 12995 12996
f 12995 12997 12996
f 12996 12997 12949
f 12997 12998 12949
f 12949 12998 12993
f 12615 12999 12454
f 12999 12956 12454
f 12454 12956 12452
f 12956 12957 12452
f 12999 13000 12956
f 13000 13001 12956
f 12956 13001 12996
f 13001 13002 12996
f 12996 13002 12605
f 13002 13003 12605
f 12605 13003 12606
f 13004 13005 13006
f 13005 13007 13006
f 13004 13008 13005
f 13008 13009 13005
f 13005 13009 13010
f 13009 13011 13010
f 13011 13012 13010
f 13010 13012 13013
f 13012 13014 13013
f 13013 13014 13015
f 13016 13017 12487
f 12499 12488 12495
f 12488 12487 12495
f 12495 12487 13018
f 12487 13017 13018
f 13018 13019 12495
f 13019 13020 12495
f 12495 13020 13007
f 13020 13021 13007
f 13007 13021 13006
f 13022 12888 12894
f 12888 12891 12894
f 12894 12891 12547
f 12891 12893 12547
f 12547 12893 13023
f 12555 12557 12558
f 12557 13024 12558
f 12558 13024 12885
f 13023 13025 12547
f 13025 13026 12547
f 12547 13026 12557
f 13026 13027 12557
f 12557 13027 13024
f 12451 12450 12705
f 13028 12709 13029
f 12709 12706 13029
f 13029 12706 13030
f 12706 12705 13030
f 13030 12705 13031
f 12705 12450 13031
f 12447 13032 12448
f 13032 13033 12448
f 12448 13033 12963
f 13033 13034 12963
f 13034 13035 12963
f 13035 13036 12963
f 12963 13036 12833
f 13036 13037 12833
f 13037 13038 12833
f 12833 13038 12838
f 13038 13039 12838
f 12838 13039 13040
f 13040 13041 12838
f 13041 12709 12838
f 12838 12709 12836
f 12709 13028 12836
f 12446 12711 13042
f 12711 12709 13042
f 13042 12709 13043
f 12709 13041 13043
f 13044 12685 12466
f 12685 12848 12466
f 12466 12848 12464
f 13044 13045 12685
f 13045 13046 12685
f 12685 13046 12686
f 13046 13047 12686
f 12686 13047 12704
f 13048 12469 12451
f 12469 12468 12451
f 12451 12468 12449
f 13048 13049 12469
f 13049 13050 12469
f 12469 13050 12465
f 13050 13051 12465
f 12465 13051 12466
f 13051 13052 12466
f 12466 13052 13044
f 12702 13053 12705
f 13053 13054 12705
f 12705 13054 12451
f 13054 13055 12451
f 12451 13055 13048
f 12908 13056 12482
f 13056 13057 12482
f 12482 13057 12484
f 13057 13058 12484
f 12484 13058 13059
f 13059 13060 12484
f 13060 13013 12484
f 12484 13013 12487
f 13013 13015 12487
f 12487 13015 13016
f 13060 13061 13013
f 13061 13062 13013
f 13013 13062 13010
f 13062 13063 13010
f 13010 13063 13064
f 12492 12493 12491
f 12493 12495 12491
f 12491 12495 12899
f 12495 13007 12899
f 12899 13007 12897
f 13007 13005 12897
f 12897 13005 13065
f 13005 13010 13065
f 13065 13010 12905
f 13010 13064 12905
f 12905 13064 12906
f 13066 13067 12474
f 13067 12457 12474
f 12474 12457 12637
f 12457 12456 12637
f 12637 12456 12850
f 13068 12629 13069
f 12629 12863 13069
f 13069 12863 13070
f 12863 13071 13070
f 13068 13072 12629
f 13072 13073 12629
f 12629 13073 12474
f 13073 13074 12474
f 12474 13074 13066
f 13067 13075 12457
f 13075 13076 12457
f 12457 13076 12863
f 13076 13077 12863
f 12863 13077 13071
f 12446 12448 12711
f 12448 12968 12711
f 12711 12968 12713
f 12968 12719 12713
f 12713 12719 12716
f 12719 12718 12716
f 12716 12718 12717
f 12835 13078 12833
f 13078 12972 12833
f 12833 12972 12963
f 12972 12973 12963
f 12963 12973 12961
f 12972 13079 12970
f 13079 12826 12970
f 12970 12826 12987
f 12826 12946 12987
f 12987 12946 12988
f 12835 13080 13078
f 13080 12828 13078
f 13078 12828 12972
f 12828 12830 12972
f 12972 12830 13079
f 12830 12832 13079
f 13079 12832 12826
f 12832 13081 12826
f 12826 13081 12827
f 13082 13083 13084
f 13083 13085 13084
f 13084 13085 13086
f 13085 13087 13086
f 13086 13087 13088
f 13087 13089 13088
f 13088 13089 13090
f 13089 13091 13090
f 13090 13091 13092
f 13091 13093 13092
f 13092 13093 13094
f 13093 13095 13094
f 13094 13095 13096
f 13095 13097 13096
f 13096 13097 13098
f 13097 13099 13098
f 13098 13099 13100
f 13099 13101 13100
f 13100 13101 13102
f 13101 13103 13102
f 13102 13103 13104
f 13103 13105 13104
f 13104 13105 13082
f 13105 13083 13082
f 13106 13107 13108
f 13107 13109 13108
f 13108 13109 13110
f 13109 13111 13110
f 13110 13111 13112
f 13111 13113 13112
f 13112 13113 13114
f 13113 13115 13114
f 13114 13115 13116
f 13115 13117 13116
f 13116 13117 13118
f 13117 13119 13118
f 13118 13119 13120
f 13119 13121 13120
f 13120 13121 13122
f 13121 13123 13122
f 13122 13123 13124
f 13123 13125 13124
f 13124 13125 13126
f 13125 13127 13126
f 13126 13127 13128
f 13127 13129 13128
f 13128 13129 13106
f 13129 13107 13106
f 13130 13131 13132
f 13133 13134 13135
f 13136 13137 13138
f 13139 13140 13141
f 13142 13143 13144
f 13145 13146 13147
f 13148 13149 13150
f 13151 13152 13153
f 13154 13155 13156
f 13157 13158 13159
f 13159 13158 13160
f 13161 13162 13163
f 13164 13165 13166
f 13167 13168 13169
f 13170 13144 13171
f 13172 13173 13174
f 13174 13173 13175
f 13173 13176 13175
f 13175 13176 13177
f 13178 13179 13180
f 13179 13181 13180
f 13180 13181 13182
f 13181 13183 13182
f 13182 13183 13184
f 13183 13172 13184
f 13184 13172 13185
f 13172 13174 13185
f 13178 13186 13187
f 13186 13188 13187
f 13187 13188 13189
f 13188 13190 13189
f 13177 13176 13191
f 13176 13192 13191
f 13191 13192 13193
f 13192 13194 13193
f 13193 13194 13195
f 13194 13190 13195
f 13195 13190 13196
f 13190 13188 13196
f 13188 13197 13196
f 13196 13197 13198
f 13198 13199 13196
f 13199 13200 13196
f 13196 13200 13201
f 13202 13203 13204
f 13203 13201 13204
f 13204 13201 13205
f 13201 13200 13205
f 13206 13207 13208
f 13207 13209 13208
f 13208 13209 13210
f 13211 13212 13213
f 13214 13215 13216
f 13215 13217 13216
f 13216 13217 13218
f 13218 13219 13216
f 13219 13220 13216
f 13216 13220 13206
f 13220 13221 13206
f 13206 13221 13207
f 13219 13222 13220
f 13222 13223 13220
f 13220 13223 13211
f 13223 13224 13211
f 13211 13224 13212
f 13225 13226 13227
f 13226 13228 13227
f 13227 13228 13229
f 13228 13230 13229
f 13230 13231 13229
f 13229 13231 13232
f 13231 13233 13232
f 13233 13234 13232
f 13232 13234 13235
f 13235 13211 13232
f 13211 13213 13232
f 13232 13213 13236
f 13213 13237 13236
f 13236 13237 13238
f 13235 13239 13211
f 13239 13240 13211
f 13211 13240 13241
f 13240 13242 13241
f 13241 13242 13243
f 13244 13245 13246
f 13245 13241 13246
f 13246 13241 13227
f 13241 13243 13227
f 13227 13243 13225
f 13247 13248 13249
f 13248 13250 13249
f 13249 13250 13251
f 13250 13252 13251
f 13248 13253 13250
f 13253 13254 13250
f 13250 13254 13170
f 13254 13255 13170
f 13255 13256 13170
f 13170 13256 13144
f 13256 13257 13144
f 13144 13257 13258
f 13259 13260 13261
f 13260 13262 13261
f 13261 13262 13263
f 13264 13259 13265
f 13259 13261 13265
f 13265 13261 13266
f 13261 13267 13266
f 13264 13268 13259
f 13268 13269 13259
f 13259 13269 13270
f 13269 13271 13270
f 13271 13272 13270
f 13270 13272 13273
f 13274 13275 13273
f 13272 13276 13273
f 13276 13277 13273
f 13273 13277 13274
f 13277 13278 13274
f 13274 13278 13279
f 13279 13280 13281
f 13280 13282 13281
f 13281 13282 13267
f 13282 13283 13267
f 13267 13283 13266
f 13275 13274 13284
f 13274 13150 13284
f 13284 13150 13285
f 13286 13287 13288
f 13287 13289 13288
f 13289 13290 13288
f 13290 13291 13288
f 13288 13291 13149
f 13292 13293 13150
f 13293 13294 13150
f 13150 13294 13285
f 13294 13295 13285
f 13285 13295 13286
f 13295 13296 13286
f 13286 13296 13287
f 13291 13297 13149
f 13297 13298 13149
f 13149 13298 13150
f 13298 13299 13150
f 13150 13299 13292
f 13300 13167 13301
f 13167 13286 13301
f 13301 13286 13302
f 13303 13168 13304
f 13168 13167 13304
f 13304 13167 13305
f 13167 13300 13305
f 13303 13306 13168
f 13306 13307 13168
f 13168 13307 13308
f 13307 13309 13308
f 13308 13309 13288
f 13309 13310 13288
f 13310 13311 13288
f 13288 13311 13286
f 13311 13312 13286
f 13286 13312 13302
f 13168 13313 13169
f 13313 13314 13169
f 13169 13314 13315
f 13316 13317 13318
f 13314 13319 13315
f 13319 13320 13315
f 13315 13320 13317
f 13320 13321 13317
f 13317 13321 13318
f 13322 13323 13168
f 13323 13324 13168
f 13168 13324 13313
f 13318 13325 13316
f 13325 13326 13316
f 13316 13326 13327
f 13326 13328 13327
f 13329 13330 13331
f 13330 13332 13331
f 13330 13333 13332
f 13333 13334 13332
f 13332 13334 13162
f 13334 13335 13162
f 13335 13336 13162
f 13162 13336 13163
f 13336 13337 13163
f 13163 13337 13338
f 13339 13340 13341
f 13340 13342 13341
f 13343 13344 13345
f 13344 13346 13345
f 13345 13346 13347
f 13346 13348 13347
f 13347 13348 13349
f 13348 13350 13349
f 13349 13350 13351
f 13350 13352 13351
f 13351 13352 13353
f 13354 13355 13356
f 13356 13355 13357
f 13343 13358 13344
f 13358 13359 13344
f 13344 13359 13360
f 13359 13361 13360
f 13361 13354 13360
f 13360 13354 13362
f 13354 13356 13362
f 13362 13356 13363
f 13363 13356 13160
f 13356 13364 13160
f 13160 13364 13159
f 13157 13365 13366
f 13365 13367 13366
f 13366 13367 13368
f 13369 13370 13371
f 13370 13372 13371
f 13373 13374 13367
f 13374 13375 13367
f 13367 13375 13368
f 13375 13376 13368
f 13376 13377 13368
f 13368 13377 13378
f 13377 13379 13378
f 13378 13379 13380
f 13379 13381 13380
f 13380 13381 13382
f 13372 13383 13371
f 13383 13384 13371
f 13371 13384 13381
f 13384 13385 13381
f 13381 13385 13382
f 13371 13386 13369
f 13386 13387 13369
f 13369 13387 13388
f 13387 13389 13388
f 13389 13390 13388
f 13388 13390 13391
f 13390 13392 13391
f 13391 13392 13373
f 13367 13393 13394
f 13373 13367 13391
f 13367 13394 13391
f 13391 13394 13395
f 13395 13396 13391
f 13396 13397 13391
f 13391 13397 13398
f 13397 13399 13398
f 13398 13399 13400
f 13401 13402 13365
f 13402 13403 13365
f 13403 13404 13365
f 13365 13404 13367
f 13404 13405 13367
f 13367 13405 13393
f 13406 13407 13398
f 13408 13365 13409
f 13365 13410 13409
f 13400 13401 13398
f 13401 13365 13398
f 13398 13365 13406
f 13365 13408 13406
f 13157 13159 13365
f 13159 13411 13365
f 13365 13411 13410
f 13412 13413 13364
f 13413 13414 13364
f 13414 13415 13364
f 13364 13415 13159
f 13415 13416 13159
f 13159 13416 13411
f 13408 13417 13406
f 13417 13418 13406
f 13406 13418 13419
f 13418 13420 13419
f 13421 13422 13356
f 13422 13423 13356
f 13356 13423 13364
f 13423 13424 13364
f 13364 13424 13425
f 13420 13412 13419
f 13412 13364 13419
f 13419 13364 13426
f 13364 13425 13426
f 13426 13425 13427
f 13427 13428 13426
f 13428 13429 13426
f 13426 13429 13430
f 13429 13431 13430
f 13431 13432 13357
f 13432 13433 13357
f 13357 13433 13356
f 13433 13434 13356
f 13356 13434 13421
f 13431 13357 13430
f 13357 13435 13430
f 13430 13435 13436
f 13437 13438 13439
f 13438 13140 13439
f 13439 13140 13440
f 13441 13442 13443
f 13442 13444 13443
f 13155 13445 13156
f 13445 13446 13156
f 13156 13446 13441
f 13139 13447 13140
f 13447 13448 13140
f 13140 13448 13440
f 13448 13449 13440
f 13440 13449 13155
f 13449 13450 13155
f 13155 13450 13445
f 13451 13452 13453
f 13452 13454 13453
f 13453 13454 13455
f 13455 13454 13456
f 13454 13457 13456
f 13456 13457 13458
f 13457 13459 13458
f 13458 13459 13151
f 13132 13131 13460
f 13131 13461 13460
f 13461 13462 13460
f 13460 13462 13316
f 13462 13463 13316
f 13328 13322 13327
f 13322 13168 13327
f 13327 13168 13464
f 13168 13308 13464
f 13279 13281 13274
f 13281 13465 13274
f 13274 13465 13466
f 13466 13467 13274
f 13467 13468 13274
f 13274 13468 13150
f 13468 13469 13150
f 13150 13469 13470
f 13470 13471 13150
f 13471 13472 13150
f 13150 13472 13148
f 13471 13473 13472
f 13473 13474 13472
f 13472 13474 13475
f 13476 13477 13281
f 13477 13478 13281
f 13281 13478 13465
f 13479 13480 13481
f 13480 13482 13481
f 13483 13484 13263
f 13485 13486 13487
f 13263 13484 13481
f 13484 13488 13481
f 13481 13488 13479
f 13488 13489 13479
f 13479 13489 13490
f 13489 13491 13490
f 13490 13491 13492
f 13491 13493 13492
f 13492 13493 13485
f 13486 13494 13487
f 13494 13495 13487
f 13487 13495 13496
f 13495 13497 13496
f 13496 13497 13498
f 13497 13499 13498
f 13498 13499 13262
f 13499 13500 13262
f 13262 13500 13263
f 13500 13501 13263
f 13263 13501 13483
f 13487 13502 13503
f 13485 13487 13492
f 13487 13503 13492
f 13492 13503 13504
f 13504 13505 13492
f 13505 13506 13492
f 13492 13506 13507
f 13506 13508 13507
f 13508 13509 13507
f 13507 13509 13147
f 13509 13510 13147
f 13147 13510 13145
f 13511 13507 13512
f 13507 13147 13512
f 13512 13147 13513
f 13147 13514 13513
f 13511 13515 13507
f 13515 13516 13507
f 13507 13516 13517
f 13516 13518 13517
f 13517 13518 13519
f 13519 13520 13521
f 13521 13522 13523
f 13519 13521 13517
f 13521 13523 13517
f 13517 13523 13524
f 13524 13525 13517
f 13525 13526 13517
f 13517 13526 13527
f 13526 13528 13527
f 13528 13529 13527
f 13527 13529 13138
f 13529 13530 13138
f 13138 13530 13531
f 13532 13527 13533
f 13527 13138 13533
f 13533 13138 13534
f 13138 13137 13534
f 13535 13536 13537
f 13536 13527 13537
f 13537 13527 13538
f 13527 13532 13538
f 13539 13540 13541
f 13144 13143 13171
f 13143 13542 13171
f 13171 13542 13543
f 13542 13544 13543
f 13543 13544 13545
f 13544 13546 13545
f 13545 13546 13541
f 13546 13547 13541
f 13541 13547 13548
f 13548 13549 13541
f 13549 13536 13541
f 13541 13536 13539
f 13536 13535 13539
f 13549 13550 13536
f 13550 13551 13536
f 13536 13551 13552
f 13551 13553 13552
f 13552 13553 13554
f 13554 13555 13556
f 13553 13557 13554
f 13557 13558 13554
f 13554 13558 13555
f 13559 13560 13144
f 13560 13561 13144
f 13144 13561 13142
f 13561 13562 13142
f 13142 13562 13563
f 13562 13564 13563
f 13563 13564 13558
f 13564 13565 13558
f 13558 13565 13555
f 13566 13567 13258
f 13567 13568 13258
f 13258 13568 13144
f 13568 13569 13144
f 13144 13569 13559
f 13556 13566 13554
f 13566 13258 13554
f 13554 13258 13570
f 13258 13571 13570
f 13570 13571 13572
f 13571 13573 13572
f 13572 13573 13574
f 13575 13576 13577
f 13576 13574 13577
f 13577 13574 13578
f 13574 13573 13578
f 13578 13573 13579
f 13580 13581 13246
f 13581 13582 13246
f 13246 13582 13573
f 13582 13583 13573
f 13573 13583 13579
f 13584 13585 13227
f 13585 13586 13227
f 13227 13586 13246
f 13586 13587 13246
f 13246 13587 13580
f 13575 13584 13576
f 13584 13227 13576
f 13576 13227 13588
f 13227 13229 13588
f 13238 13214 13236
f 13214 13216 13236
f 13236 13216 13589
f 13216 13590 13589
f 13591 13590 13592
f 13592 13590 13593
f 13590 13216 13593
f 13593 13216 13594
f 13595 13596 13597
f 13598 13599 13206
f 13599 13600 13206
f 13206 13600 13216
f 13600 13601 13216
f 13216 13601 13594
f 13596 13602 13597
f 13602 13603 13597
f 13597 13603 13604
f 13188 13605 13606
f 13605 13607 13606
f 13606 13607 13608
f 13609 13610 13186
f 13610 13611 13186
f 13186 13611 13188
f 13611 13612 13188
f 13188 13612 13605
f 13178 13180 13186
f 13180 13613 13186
f 13186 13613 13609
f 13141 13614 13345
f 13614 13615 13345
f 13345 13615 13343
f 13616 13438 13435
f 13438 13437 13435
f 13435 13437 13436
f 13616 13617 13438
f 13617 13618 13438
f 13438 13618 13140
f 13618 13619 13140
f 13140 13619 13141
f 13619 13620 13141
f 13141 13620 13614
f 13355 13621 13357
f 13621 13622 13357
f 13357 13622 13435
f 13622 13623 13435
f 13435 13623 13616
f 13624 13625 13347
f 13625 13626 13347
f 13347 13626 13345
f 13626 13627 13345
f 13345 13627 13141
f 13627 13628 13141
f 13141 13628 13139
f 13540 13629 13541
f 13629 13630 13541
f 13541 13630 13545
f 13630 13631 13545
f 13545 13631 13632
f 13631 13633 13632
f 13146 13634 13635
f 13634 13636 13635
f 13635 13636 13496
f 13636 13637 13496
f 13496 13637 13487
f 13637 13638 13487
f 13487 13638 13502
f 13134 13639 13135
f 13639 13640 13135
f 13135 13640 13641
f 13640 13642 13641
f 13642 13643 13641
f 13643 13644 13641
f 13641 13644 13645
f 13644 13646 13645
f 13646 13647 13645
f 13645 13647 13648
f 13647 13649 13648
f 13648 13649 13650
f 13651 13652 13342
f 13652 13653 13342
f 13342 13653 13654
f 13655 13656 13443
f 13441 13443 13156
f 13443 13656 13156
f 13156 13656 13657
f 13657 13658 13156
f 13658 13659 13156
f 13156 13659 13641
f 13659 13660 13641
f 13660 13661 13641
f 13641 13661 13135
f 13661 13662 13135
f 13135 13662 13663
f 13663 13664 13135
f 13664 13654 13135
f 13135 13654 13133
f 13654 13653 13133
f 13664 13665 13654
f 13665 13666 13654
f 13654 13666 13667
f 13666 13668 13667
f 13667 13668 13443
f 13668 13669 13443
f 13443 13669 13655
f 13531 13670 13138
f 13670 13632 13138
f 13138 13632 13136
f 13632 13633 13136
f 13670 13671 13632
f 13671 13672 13632
f 13632 13672 13673
f 13672 13674 13673
f 13673 13674 13521
f 13674 13675 13521
f 13521 13675 13522
f 13146 13635 13147
f 13635 13676 13147
f 13147 13676 13514
f 13520 13677 13521
f 13677 13678 13521
f 13521 13678 13673
f 13678 13679 13673
f 13673 13679 13635
f 13679 13680 13635
f 13635 13680 13676
f 13681 13682 13203
f 13681 13203 13683
f 13684 13201 13685
f 13201 13203 13685
f 13685 13203 13686
f 13203 13682 13686
f 13686 13687 13685
f 13687 13688 13685
f 13685 13688 13689
f 13688 13690 13689
f 13690 13691 13689
f 13689 13691 13597
f 13691 13692 13597
f 13692 13693 13597
f 13597 13693 13694
f 13592 13595 13591
f 13595 13597 13591
f 13591 13597 13695
f 13597 13694 13695
f 13696 13697 13698
f 13697 13695 13698
f 13698 13695 13699
f 13695 13694 13699
f 13257 13700 13258
f 13700 13701 13258
f 13258 13701 13571
f 13701 13702 13571
f 13244 13246 13251
f 13246 13573 13251
f 13251 13573 13249
f 13573 13703 13249
f 13249 13703 13247
f 13702 13704 13571
f 13704 13705 13571
f 13571 13705 13573
f 13705 13706 13573
f 13573 13706 13703
f 13707 13708 13709
f 13708 13710 13709
f 13709 13710 13330
f 13710 13711 13330
f 13330 13711 13333
f 13132 13712 13707
f 13151 13459 13152
f 13459 13713 13152
f 13152 13713 13714
f 13460 13153 13132
f 13153 13152 13132
f 13132 13152 13712
f 13152 13714 13712
f 13338 13715 13716
f 13715 13717 13716
f 13716 13717 13459
f 13717 13718 13459
f 13459 13718 13713
f 13719 13720 13716
f 13338 13716 13163
f 13716 13720 13163
f 13163 13720 13721
f 13721 13722 13163
f 13722 13723 13163
f 13163 13723 13648
f 13723 13724 13648
f 13724 13725 13648
f 13648 13725 13645
f 13725 13726 13645
f 13645 13726 13727
f 13728 13729 13457
f 13729 13730 13457
f 13457 13730 13459
f 13730 13731 13459
f 13459 13731 13716
f 13731 13732 13716
f 13716 13732 13719
f 13463 13733 13316
f 13733 13734 13316
f 13316 13734 13317
f 13734 13735 13317
f 13317 13735 13736
f 13737 13315 13165
f 13315 13317 13165
f 13165 13317 13166
f 13317 13736 13166
f 13166 13736 13738
f 13707 13709 13132
f 13709 13739 13132
f 13132 13739 13130
f 13738 13740 13166
f 13740 13329 13166
f 13166 13329 13164
f 13329 13331 13164
f 13740 13741 13329
f 13741 13742 13329
f 13329 13742 13330
f 13742 13743 13330
f 13330 13743 13709
f 13743 13744 13709
f 13709 13744 13739
f 13202 13745 13203
f 13745 13697 13203
f 13203 13697 13683
f 13697 13696 13683
f 13745 13746 13697
f 13746 13747 13697
f 13697 13747 13748
f 13748 13606 13697
f 13606 13608 13697
f 13697 13608 13695
f 13608 13749 13695
f 13695 13749 13591
f 13748 13750 13606
f 13750 13751 13606
f 13606 13751 13188
f 13751 13752 13188
f 13188 13752 13197
f 13353 13341 13351
f 13341 13342 13351
f 13351 13342 13349
f 13342 13654 13349
f 13349 13654 13347
f 13654 13667 13347
f 13347 13667 13624
f 13667 13443 13624
f 13624 13443 13753
f 13443 13444 13753
f 13339 13161 13340
f 13161 13163 13340
f 13340 13163 13342
f 13163 13648 13342
f 13342 13648 13651
f 13648 13650 13651
f 13727 13728 13645
f 13728 13457 13645
f 13645 13457 13641
f 13457 13454 13641
f 13641 13454 13156
f 13454 13452 13156
f 13156 13452 13154
f 13452 13451 13154
f 13754 13755 13261
f 13267 13756 13757
f 13261 13755 13267
f 13755 13758 13267
f 13267 13758 13756
f 13474 13476 13475
f 13476 13281 13475
f 13475 13281 13482
f 13281 13267 13482
f 13482 13267 13481
f 13267 13757 13481
f 13759 13760 13263
f 13760 13761 13263
f 13263 13761 13261
f 13761 13762 13261
f 13261 13762 13754
f 13757 13763 13481
f 13763 13764 13481
f 13481 13764 13263
f 13764 13765 13263
f 13263 13765 13759
f 13684 13685 13210
f 13685 13689 13210
f 13210 13689 13208
f 13689 13597 13208
f 13208 13597 13206
f 13597 13604 13206
f 13206 13604 13598
f 13766 13767 13768
f 13767 13769 13768
f 13768 13769 13770
f 13769 13771 13770
f 13770 13771 13772
f 13771 13773 13772
f 13772 13773 13774
f 13773 13775 13774
f 13774 13775 13776
f 13775 13777 13776
f 13776 13777 13778
f 13777 13779 13778
f 13778 13779 13780
f 13779 13781 13780
f 13780 13781 13782
f 13781 13783 13782
f 13782 13783 13784
f 13783 13785 13784
f 13784 13785 13786
f 13785 13787 13786
f 13786 13787 13788
f 13787 13789 13788
f 13788 13789 13766
f 13789 13767 13766
f 13790 13791 13792
f 13791 13793 13792
f 13792 13793 13794
f 13793 13795 13794
f 13794 13795 13796
f 13795 13797 13796
f 13796 13797 13798
f 13797 13799 13798
f 13798 13799 13800
f 13799 13801 13800
f 13800 13801 13802
f 13801 13803 13802
f 13802 13803 13804
f 13803 13805 13804
f 13804 13805 13806
f 13805 13807 13806
f 13806 13807 13808
f 13807 13809 13808
f 13808 13809 13810
f 13809 13811 13810
f 13810 13811 13812
f 13811 13813 13812
f 13812 13813 13790
f 13813 13791 13790
f 13814 13815 13816
f 13815 13817 13816
f 13816 13817 13818
f 13817 13819 13818
f 13818 13819 13820
f 13819 13821 13820
f 13820 13821 13822
f 13821 13823 13822
f 13822 13823 13824
f 13823 13825 13824
f 13824 13825 13826
f 13825 13827 13826
f 13826 13827 13828
f 13827 13829 13828
f 13828 13829 13830
f 13829 13831 13830
f 13830 13831 13832
f 13831 13833 13832
f 13832 13833 13834
f 13833 13835 13834
f 13834 13835 13836
f 13835 13837 13836
f 13836 13837 13838
f 13837 13839 13838
f 13838 13839 13814
f 13839 13815 13814
f 13840 13841 13842
f 13841 13843 13842
f 13842 13843 13844
f 13843 13845 13844
f 13844 13845 13846
f 13845 13847 13846
f 13846 13847 13848
f 13847 13849 13848
f 13848 13849 13850
f 13849 13851 13850
f 13850 13851 13852
f 13851 13853 13852
f 13852 13853 13854
f 13853 13855 13854
f 13854 13855 13856
f 13855 13857 13856
f 13856 13857 13858
f 13857 13859 13858
f 13858 13859 13860
f 13859 13861 13860
f 13860 13861 13862
f 13861 13863 13862
f 13862 13863 13840
f 13863 13841 13840
f 13864 13865 13866
f 13865 13867 13866
f 13866 13867 13868
f 13867 13869 13868
f 13868 13869 13870
f 13869 13871 13870
f 13870 13871 13872
f 13871 13873 13872
f 13872 13873 13874
f 13873 13875 13874
f 13874 13875 13876
f 13875 13877 13876
f 13876 13877 13878
f 13877 13879 13878
f 13878 13879 13880
f 13879 13881 13880
f 13880 13881 13882
f 13881 13883 13882
f 13882 13883 13884
f 13883 13885 13884
f 13884 13885 13886
f 13885 13887 13886
f 13886 13887 13864
f 13887 13865 13864
f 13888 13889 13890
f 13889 13891 13890
f 13892 13893 13894
f 13893 13895 13894
f 13894 13895 13896
f 13895 13897 13896
f 13896 13897 13898
f 13897 13899 13898
f 13898 13899 13900
f 13899 13901 13900
f 13900 13901 13902
f 13901 13903 13902
f 13902 13903 13904
f 13903 13905 13904
f 13904 13905 13906
f 13905 13907 13906
f 13906 13907 13908
f 13907 13909 13908
f 13908 13909 13910
f 13909 13911 13910
f 13910 13911 13912
f 13911 13913 13912
f 13912 13913 13914
f 13913 13915 13914
f 13914 13915 13892
f 13915 13893 13892
f 13916 13917 13918
f 13917 13919 13918
f 13918 13919 13920
f 13919 13921 13920
f 13920 13921 13922
f 13921 13923 13922
f 13922 13923 13924
f 13923 13925 13924
f 13924 13925 13926
f 13925 13927 13926
f 13926 13927 13928
f 13927 13929 13928
f 13928 13929 13930
f 13929 13931 13930
f 13930 13931 13932
f 13931 13933 13932
f 13932 13933 13934
f 13933 13935 13934
f 13934 13935 13936
f 13935 13937 13936
f 13936 13937 13938
f 13937 13939 13938
f 13938 13939 13916
f 13939 13917 13916
f 13940 13941 13942
f 13941 13943 13942
f 13942 13943 13944
f 13943 13945 13944
f 13946 13947 13948
f 13947 13949 13948
f 13948 13949 13950
f 13949 13951 13950
f 13950 13951 13952
f 13951 13953 13952
f 13952 13953 13954
f 13953 13955 13954
f 13954 13955 13956
f 13955 13957 13956
f 13956 13957 13958
f 13957 13959 13958
f 13958 13959 13960
f 13959 13961 13960
f 13960 13961 13962
f 13961 13963 13962
f 13962 13963 13964
f 13963 13965 13964
f 13964 13965 13966
f 13965 13967 13966
f 13966 13967 13968
f 13967 13969 13968
f 13968 13969 13946
f 13969 13947 13946
f 13941 13940 13970
f 13941 13970 13971
f 13970 13972 13971
f 13971 13972 13973
f 13972 13888 13973
f 13973 13888 13890
f 13974 13975 13976
f 13975 13977 13976
f 13976 13977 13978
f 13977 13979 13978
f 13978 13979 13980
f 13979 13981 13980
f 13982 13983 13984
f 13983 13985 13984
f 13984 13985 13986
f 13985 13987 13986
f 13986 13987 13988
f 13987 13989 13988
f 13988 13989 13990
f 13989 13991 13990
f 13990 13991 13992
f 13991 13993 13992
f 13992 13993 13994
f 13993 13995 13994
f 13994 13995 13996
f 13995 13997 13996
f 13996 13997 13998
f 13997 13999 13998
f 13998 13999 14000
f 13999 14001 14000
f 14000 14001 14002
f 14001 14003 14002
f 14002 14003 14004
f 14003 14005 14004
f 14004 14005 13982
f 14005 13983 13982
f 14006 14007 14008
f 14007 14009 14008
f 14008 14009 14010
f 14009 14011 14010
f 14010 14011 14012
f 14011 14013 14012
f 14012 14013 14014
f 14013 14015 14014
f 14014 14015 14016
f 14015 14017 14016
f 14016 14017 14018
f 14017 14019 14018
f 14018 14019 14020
f 14019 14021 14020
f 14020 14021 14022
f 14021 14023 14022
f 14022 14023 14024
f 14023 14025 14024
f 14024 14025 14026
f 14025 14027 14026
f 14026 14027 14028
f 14027 14029 14028
f 14028 14029 14006
f 14029 14007 14006
f 13891 13889 14030
f 13891 14030 14031
f 14030 14032 14031
f 14031 14032 14033
f 14032 14034 14033
f 14033 14034 14035
f 14036 14037 14038
f 14037 14039 14038
f 14038 14039 14040
f 14039 14041 14040
f 14040 14041 13981
f 14041 13980 13981
f 14035 14034 14042
f 14034 14043 14042
f 14042 14043 14044
f 14043 14045 14044
f 14046 14047 14048
f 14047 14049 14048
f 14048 14049 14050
f 14049 14051 14050
f 14050 14051 14052
f 14051 14053 14052
f 14052 14053 14054
f 14053 14055 14054
f 14054 14055 14056
f 14055 14057 14056
f 14056 14057 14058
f 14057 14059 14058
f 14058 14059 14060
f 14059 14061 14060
f 14060 14061 14062
f 14061 14063 14062
f 14062 14063 14064
f 14063 14065 14064
f 14064 14065 14066
f 14065 14067 14066
f 14066 14067 14068
f 14067 14069 14068
f 14068 14069 14046
f 14069 14047 14046
f 14070 14071 14072
f 14071 14073 14072
f 14072 14073 14074
f 14073 14075 14074
f 14037 14036 14076
f 14036 14077 14076
f 14076 14077 14078
f 14077 14079 14078
f 14078 14079 14080
f 14079 14081 14080
f 14080 14081 14082
f 14081 14083 14082
f 14082 14083 14084
f 14083 14085 14084
f 14084 14085 14086
f 14085 14087 14086
f 14088 14089 14090
f 14089 14091 14090
f 14090 14091 14092
f 14091 14093 14092
f 14092 14093 14094
f 14093 14095 14094
f 14094 14095 14096
f 14095 14097 14096
f 14096 14097 14098
f 14097 14099 14098
f 14098 14099 14100
f 14099 14101 14100
f 14100 14101 14102
f 14101 14103 14102
f 14102 14103 14104
f 14103 14105 14104
f 14104 14105 14106
f 14105 14107 14106
f 14106 14107 14108
f 14107 14109 14108
f 14108 14109 14110
f 14109 14111 14110
f 14110 14111 14088
f 14111 14089 14088
f 14112 14113 14114
f 14113 14115 14114
f 14114 14115 14116
f 14115 14117 14116
f 14116 14117 14118
f 14117 14119 14118
f 14118 14119 14120
f 14119 14121 14120
f 14120 14121 14122
f 14121 14123 14122
f 14122 14123 14124
f 14123 14125 14124
f 14124 14125 14126
f 14125 14127 14126
f 14126 14127 14128
f 14127 14129 14128
f 14128 14129 14130
f 14129 14131 14130
f 14130 14131 14132
f 14131 14133 14132
f 14132 14133 14134
f 14133 14135 14134
f 14134 14135 14112
f 14135 14113 14112
f 12262 12261 14136
f 12262 14136 14137
f 14136 14138 14137
f 14137 14138 14139
f 14138 14140 14139
f 14139 14140 14141
f 14140 12370 14141
f 14141 12370 12372
f 13944 13945 14142
f 13945 14143 14142
f 14142 14143 14144
f 14143 14145 14144
f 14144 14145 14087
f 14145 14086 14087
f 14146 14147 14148
f 14147 14149 14148
f 14148 14149 14150
f 14149 14151 14150
f 14150 14151 14152
f 14151 14153 14152
f 14152 14153 14154
f 14153 14155 14154
f 14154 14155 14156
f 14155 14157 14156
f 14156 14157 14158
f 14157 14159 14158
f 14158 14159 14160
f 14159 14161 14160
f 14160 14161 14162
f 14161 14163 14162
f 14162 14163 14164
f 14163 14165 14164
f 14164 14165 14166
f 14165 14167 14166
f 14166 14167 14168
f 14167 14169 14168
f 14168 14169 14146
f 14169 14147 14146
f 14170 14171 14172
f 14171 14173 14172
f 14172 14173 14174
f 14173 14175 14174
f 14174 14175 14176
f 14175 14177 14176
f 14176 14177 14178
f 14177 14179 14178
f 14178 14179 14180
f 14179 14181 14180
f 14180 14181 14182
f 14181 14183 14182
f 14182 14183 14184
f 14183 14185 14184
f 14184 14185 14186
f 14185 14187 14186
f 14186 14187 14188
f 14187 14189 14188
f 14188 14189 14190
f 14189 14191 14190
f 14190 14191 14192
f 14191 14193 14192
f 14192 14193 14170
f 14193 14171 14170
f 12373 12371 14194
f 12373 14194 14195
f 14194 14196 14195
f 14195 14196 14197
f 14196 12315 14197
f 14197 12315 12314
f 14198 14199 14200
f 14198 14200 14201
f 14200 14202 14201
f 14201 14202 14203
f 14202 14204 14203
f 14203 14204 14205
f 14206 14207 14208
f 14207 14209 14208
f 14208 14209 14210
f 14209 14211 14210
f 14210 14211 14212
f 14211 14213 14212
f 14212 14213 14214
f 14213 14215 14214
f 14214 14215 14216
f 14215 14217 14216
f 14216 14217 14218
f 14217 14219 14218
f 14218 14219 14220
f 14219 14221 14220
f 14220 14221 14222
f 14221 14223 14222
f 14222 14223 14224
f 14223 14225 14224
f 14224 14225 14226
f 14225 14227 14226
f 14226 14227 14228
f 14227 14229 14228
f 14228 14229 14206
f 14229 14207 14206
f 14230 14231 14232
f 14231 14233 14232
f 14232 14233 14234
f 14233 14235 14234
f 14234 14235 14236
f 14235 14237 14236
f 14236 14237 14238
f 14237 14239 14238
f 14238 14239 14240
f 14239 14241 14240
f 14240 14241 14242
f 14241 14243 14242
f 14242 14243 14244
f 14243 14245 14244
f 14244 14245 14246
f 14245 14247 14246
f 14246 14247 14248
f 14247 14249 14248
f 14248 14249 14250
f 14249 14251 14250
f 14250 14251 14252
f 14251 14253 14252
f 14252 14253 14230
f 14253 14231 14230
f 14199 14198 14254
f 14198 14255 14254
f 14254 14255 14256
f 14255 14257 14256
f 14256 14257 14258
f 14257 14259 14258
f 14258 14259 14260
f 14259 14261 14260
f 14260 14261 14262
f 14261 14263 14262
f 14262 14263 14264
f 14263 14265 14264
f 14266 14267 14268
f 14267 14269 14268
f 14268 14269 14270
f 14269 14271 14270
f 14270 14271 14272
f 14271 14273 14272
f 14272 14273 14274
f 14273 14275 14274
f 14274 14275 14276
f 14275 14277 14276
f 14276 14277 14278
f 14277 14279 14278
f 14278 14279 14280
f 14279 14281 14280
f 14280 14281 14282
f 14281 14283 14282
f 14282 14283 14284
f 14283 14285 14284
f 14284 14285 14286
f 14285 14287 14286
f 14286 14287 14288
f 14287 14289 14288
f 14288 14289 14266
f 14289 14267 14266
f 14290 14291 14292
f 14291 14293 14292
f 14292 14293 14294
f 14293 14295 14294
f 14294 14295 14296
f 14295 14297 14296
f 14296 14297 14298
f 14297 14299 14298
f 14298 14299 14300
f 14299 14301 14300
f 14300 14301 14302
f 14301 14303 14302
f 14302 14303 14304
f 14303 14305 14304
f 14304 14305 14306
f 14305 14307 14306
f 14306 14307 14308
f 14307 14309 14308
f 14308 14309 14310
f 14309 14311 14310
f 14310 14311 14312
f 14311 14313 14312
f 14312 14313 14290
f 14313 14291 14290
f 14314 14315 14316
f 14314 14316 14317
f 14316 14318 14317
f 14317 14318 14319
f 14318 14264 14319
f 14319 14264 14265
f 14320 14321 14322
f 14321 14323 14322
f 14322 14323 14324
f 14323 14325 14324
f 14324 14325 14326
f 14325 14327 14326
f 14326 14327 14328
f 14327 14329 14328
f 14328 14329 14330
f 14329 14331 14330
f 14330 14331 14332
f 14331 14333 14332
f 14332 14333 14334
f 14333 14335 14334
f 14334 14335 14336
f 14335 14337 14336
f 14336 14337 14338
f 14337 14339 14338
f 14338 14339 14340
f 14339 14341 14340
f 14340 14341 14342
f 14341 14343 14342
f 14342 14343 14320
f 14343 14321 14320
f 14344 14345 14346
f 14345 14347 14346
f 14346 14347 14348
f 14347 14349 14348
f 14348 14349 14350
f 14349 14351 14350
f 14350 14351 14352
f 14351 14353 14352
f 14352 14353 14354
f 14353 14355 14354
f 14354 14355 14356
f 14355 14357 14356
f 14356 14357 14358
f 14357 14359 14358
f 14358 14359 14360
f 14359 14361 14360
f 14360 14361 14362
f 14361 14363 14362
f 14362 14363 14364
f 14363 14365 14364
f 14364 14365 14366
f 14365 14367 14366
f 14366 14367 14344
f 14367 14345 14344
f 14315 14314 14368
f 14314 14369 14368
f 14368 14369 14370
f 14369 14371 14370
f 14370 14371 12321
f 14371 12320 12321
f 14372 14373 14374
f 14373 14375 14374
f 14374 14375 14376
f 14375 14377 14376
f 14376 14377 14378
f 14377 14379 14378
f 14378 14379 14380
f 14379 14381 14380
f 14380 14381 14382
f 14381 14383 14382
f 14382 14383 14384
f 14383 14385 14384
f 14384 14385 14386
f 14385 14387 14386
f 14386 14387 14388
f 14387 14389 14388
f 14388 14389 14390
f 14389 14391 14390
f 14390 14391 14392
f 14391 14393 14392
f 14392 14393 14394
f 14393 14395 14394
f 14394 14395 14372
f 14395 14373 14372
f 14396 14397 14398
f 14397 14399 14398
f 14398 14399 14400
f 14399 14401 14400
f 14400 14401 14402
f 14401 14403 14402
f 14402 14403 14404
f 14403 14405 14404
f 14404 14405 14406
f 14405 14407 14406
f 14406 14407 14408
f 14407 14409 14408
f 14408 14409 14410
f 14409 14411 14410
f 14410 14411 14412
f 14411 14413 14412
f 14412 14413 14414
f 14413 14415 14414
f 14414 14415 14416
f 14415 14417 14416
f 14416 14417 14418
f 14417 14419 14418
f 14418 14419 14396
f 14419 14397 14396
f 14420 14421 14422
f 14421 14423 14422
f 14422 14423 14424
f 14423 14425 14424
f 14424 14425 14426
f 14425 14427 14426
f 14426 14427 14428
f 14427 14429 14428
f 14428 14429 14430
f 14429 14431 14430
f 14430 14431 14432
f 14431 14433 14432
f 14432 14433 14434
f 14433 14435 14434
f 14434 14435 14436
f 14435 14437 14436
f 14436 14437 14438
f 14437 14439 14438
f 14438 14439 14440
f 14439 14441 14440
f 14440 14441 14442
f 14441 14443 14442
f 14442 14443 14420
f 14443 14421 14420
f 14444 14445 14446
f 14445 14447 14446
f 14446 14447 14448
f 14447 14449 14448
f 14448 14449 14450
f 14449 14451 14450
f 14450 14451 14452
f 14451 14453 14452
f 14452 14453 14454
f 14453 14455 14454
f 14454 14455 14456
f 14455 14457 14456
f 14456 14457 14458
f 14457 14459 14458
f 14458 14459 14460
f 14459 14461 14460
f 14460 14461 14462
f 14461 14463 14462
f 14462 14463 14464
f 14463 14465 14464
f 14464 14465 14466
f 14465 14467 14466
f 14466 14467 14444
f 14467 14445 14444
f 14468 14469 14470
f 14469 14471 14470
f 14470 14471 14472
f 14471 14473 14472
f 14472 14473 14474
f 14473 14475 14474
f 14474 14475 14476
f 14475 14477 14476
f 14476 14477 14478
f 14477 14479 14478
f 14478 14479 14480
f 14479 14481 14480
f 14480 14481 14482
f 14481 14483 14482
f 14482 14483 14484
f 14483 14485 14484
f 14484 14485 14486
f 14485 14487 14486
f 14486 14487 14488
f 14487 14489 14488
f 14488 14489 14490
f 14489 14491 14490
f 14490 14491 14468
f 14491 14469 14468
f 14492 14493 14494
f 14493 14495 14494
f 14494 14495 14496
f 14495 14497 14496
f 14496 14497 14498
f 14497 14499 14498
f 14498 14499 14500
f 14499 14501 14500
f 14500 14501 14502
f 14501 14503 14502
f 14502 14503 14504
f 14503 14505 14504
f 14504 14505 14506
f 14505 14507 14506
f 14506 14507 14508
f 14507 14509 14508
f 14508 14509 14510
f 14509 14511 14510
f 14510 14511 14512
f 14511 14513 14512
f 14512 14513 14514
f 14513 14515 14514
f 14514 14515 14492
f 14515 14493 14492
f 14516 14517 14518
f 14517 14519 14518
f 14518 14519 14520
f 14519 14521 14520
f 14520 14521 14522
f 14521 14523 14522
f 14522 14523 14524
f 14523 14525 14524
f 14524 14525 14526
f 14525 14527 14526
f 14526 14527 14528
f 14527 14529 14528
f 14528 14529 14530
f 14529 14531 14530
f 14530 14531 14532
f 14531 14533 14532
f 14532 14533 14534
f 14533 14535 14534
f 14534 14535 14536
f 14535 14537 14536
f 14536 14537 14538
f 14537 14539 14538
f 14538 14539 14516
f 14539 14517 14516
f 14540 14541 14542
f 14541 14543 14542
f 14542 14543 14544
f 14543 14545 14544
f 14544 14545 14546
f 14545 14547 14546
f 14546 14547 14548
f 14547 14549 14548
f 14548 14549 14550
f 14549 14551 14550
f 14550 14551 14552
f 14551 14553 14552
f 14552 14553 14554
f 14553 14555 14554
f 14554 14555 14556
f 14555 14557 14556
f 14556 14557 14558
f 14557 14559 14558
f 14558 14559 14560
f 14559 14561 14560
f 14560 14561 14562
f 14561 14563 14562
f 14562 14563 14540
f 14563 14541 14540
f 14564 14565 14566
f 14565 14567 14566
f 14566 14567 14568
f 14567 14569 14568
f 14568 14569 14570
f 14569 14571 14570
f 14570 14571 14572
f 14571 14573 14572
f 14572 14573 14574
f 14573 14575 14574
f 14574 14575 14576
f 14575 14577 14576
f 14576 14577 14578
f 14577 14579 14578
f 14578 14579 14580
f 14579 14581 14580
f 14580 14581 14582
f 14581 14583 14582
f 14582 14583 14584
f 14583 14585 14584
f 14584 14585 14586
f 14585 14587 14586
f 14586 14587 14564
f 14587 14565 14564
f 14588 14589 14590
f 14589 14591 14590
f 14590 14591 14592
f 14591 14593 14592
f 14592 14593 14594
f 14593 14595 14594
f 14594 14595 14596
f 14595 14597 14596
f 14596 14597 14598
f 14597 14599 14598
f 14598 14599 14600
f 14599 14601 14600
f 14600 14601 14602
f 14601 14603 14602
f 14602 14603 14604
f 14603 14605 14604
f 14604 14605 14606
f 14605 14607 14606
f 14606 14607 14608
f 14607 14609 14608
f 14608 14609 14610
f 14609 14611 14610
f 14610 14611 14588
f 14611 14589 14588
f 14612 14613 14614
f 14613 14615 14614
f 14614 14615 14616
f 14615 14617 14616
f 14616 14617 14618
f 14617 14619 14618
f 14618 14619 14620
f 14619 14621 14620
f 14620 14621 14622
f 14621 14623 14622
f 14622 14623 14624
f 14623 14625 14624
f 14624 14625 14626
f 14625 14627 14626
f 14626 14627 14628
f 14627 14629 14628
f 14628 14629 14630
f 14629 14631 14630
f 14630 14631 14632
f 14631 14633 14632
f 14632 14633 14634
f 14633 14635 14634
f 14634 14635 14612
f 14635 14613 14612

