# https://github.com/mikedh/trimesh
v -0.00320000 0.18512943 -0.04977972
v -0.00070000 0.18637943 -0.05011466
v -0.00320000 0.18637943 -0.05011466
v -0.00070000 0.18729449 -0.05102972
v -0.00320000 0.18729449 -0.05102972
v -0.00070000 0.18762943 -0.05227972
v -0.00320000 0.18762943 -0.05227972
v -0.00070000 0.18729449 -0.05352972
v -0.00320000 0.18729449 -0.05352972
v -0.00070000 0.18637943 -0.05444478
v -0.00320000 0.18637943 -0.05444478
v -0.00070000 0.18512943 -0.05477972
v -0.00320000 0.18512943 -0.05477972
v -0.00070000 0.18387943 -0.05444478
v -0.00320000 0.18387943 -0.05444478
v -0.00070000 0.18296437 -0.05352972
v -0.00320000 0.18296437 -0.05352972
v -0.00070000 0.18262943 -0.05227972
v -0.00320000 0.18262943 -0.05227972
v -0.00070000 0.18296437 -0.05102972
v -0.00320000 0.18296437 -0.05102972
v -0.00070000 0.18387943 -0.05011466
v -0.00320000 0.18387943 -0.05011466
v -0.00070000 0.18512943 -0.04977972
v -0.00320000 0.18562943 -0.05141369
v -0.00320000 0.18637943 -0.05011466
v -0.00320000 0.18599546 -0.05177972
v -0.00320000 0.18729449 -0.05102972
v -0.00320000 0.18612943 -0.05227972
v -0.00320000 0.18762943 -0.05227972
v -0.00320000 0.18599546 -0.05277972
v -0.00320000 0.18729449 -0.05352972
v -0.00320000 0.18562943 -0.05314575
v -0.00320000 0.18637943 -0.05444478
v -0.00320000 0.18512943 -0.05327972
v -0.00320000 0.18512943 -0.05477972
v -0.00320000 0.18462943 -0.05314575
v -0.00320000 0.18387943 -0.05444478
v -0.00320000 0.18426340 -0.05277972
v -0.00320000 0.18296437 -0.05352972
v -0.00320000 0.18412943 -0.05227972
v -0.00320000 0.18262943 -0.05227972
v -0.00320000 0.18426340 -0.05177972
v -0.00320000 0.18296437 -0.05102972
v -0.00320000 0.18462943 -0.05141369
v -0.00320000 0.18387943 -0.05011466
v -0.00320000 0.18512943 -0.05127972
v -0.00320000 0.18512943 -0.04977972
v -0.00070000 0.18599546 -0.05277972
v -0.00070000 0.18729449 -0.05352972
v -0.00070000 0.18612943 -0.05227972
v -0.00070000 0.18762943 -0.05227972
v -0.00070000 0.18599546 -0.05177972
v -0.00070000 0.18729449 -0.05102972
v -0.00070000 0.18562943 -0.05141369
v -0.00070000 0.18637943 -0.05011466
v -0.00070000 0.18512943 -0.05127972
v -0.00070000 0.18512943 -0.04977972
v -0.00070000 0.18462943 -0.05141369
v -0.00070000 0.18387943 -0.05011466
v -0.00070000 0.18426340 -0.05177972
v -0.00070000 0.18296437 -0.05102972
v -0.00070000 0.18412943 -0.05227972
v -0.00070000 0.18262943 -0.05227972
v -0.00070000 0.18426340 -0.05277972
v -0.00070000 0.18296437 -0.05352972
v -0.00070000 0.18462943 -0.05314575
v -0.00070000 0.18387943 -0.05444478
v -0.00070000 0.18512943 -0.05327972
v -0.00070000 0.18512943 -0.05477972
v -0.00070000 0.18562943 -0.05314575
v -0.00070000 0.18637943 -0.05444478
v -0.00070000 0.18512943 -0.05127972
v -0.00320000 0.18512943 -0.05127972
v -0.00070000 0.18562943 -0.05141369
v -0.00320000 0.18562943 -0.05141369
v -0.00070000 0.18599546 -0.05177972
v -0.00320000 0.18599546 -0.05177972
v -0.00070000 0.18612943 -0.05227972
v -0.00320000 0.18612943 -0.05227972
v -0.00070000 0.18599546 -0.05277972
v -0.00320000 0.18599546 -0.05277972
v -0.00070000 0.18562943 -0.05314575
v -0.00320000 0.18562943 -0.05314575
v -0.00070000 0.18512943 -0.05327972
v -0.00320000 0.18512943 -0.05327972
v -0.00070000 0.18462943 -0.05314575
v -0.00320000 0.18462943 -0.05314575
v -0.00070000 0.18426340 -0.05277972
v -0.00320000 0.18426340 -0.05277972
v -0.00070000 0.18412943 -0.05227972
v -0.00320000 0.18412943 -0.05227972
v -0.00070000 0.18426340 -0.05177972
v -0.00320000 0.18426340 -0.05177972
v -0.00070000 0.18462943 -0.05141369
v -0.00320000 0.18462943 -0.05141369
v 0.02203956 0.01714999 0.02160255
v 0.01845256 0.01714999 0.01972215
v 0.02108775 0.01714999 0.02341820
v 0.01750075 0.01714999 0.02153779
v 0.01687395 0.01669999 0.02273345
v 0.01664180 0.01669999 0.02317629
v 0.01740535 0.01669999 0.02301203
v 0.01717321 0.01669999 0.02345487
v 0.01750075 0.01714999 0.02153779
v 0.01750075 0.01854999 0.02153779
v 0.02108775 0.01714999 0.02341820
v 0.02108775 0.01854999 0.02341820
v 0.01817574 0.01565000 0.02132710
v 0.01866325 0.01565000 0.02039713
v 0.01817574 0.01490000 0.02132710
v 0.01866325 0.01490000 0.02039713
v 0.02083730 0.01459999 0.01922222
v 0.02097659 0.01459999 0.01895652
v 0.02289851 0.01459999 0.01996405
v 0.02022880 0.01459999 0.02505670
v 0.01830687 0.01459999 0.02404917
v 0.01844616 0.01459999 0.02378347
v 0.02074444 0.01459999 0.01939936
v 0.02071787 0.01459999 0.01938543
v 0.02081073 0.01459999 0.01920830
v 0.01841959 0.01459999 0.02376954
v 0.01851245 0.01459999 0.02359241
v 0.01853902 0.01459999 0.02360633
v 0.01907936 0.01669999 0.01852648
v 0.01907936 0.01795000 0.01852648
v 0.01961077 0.01669999 0.01880506
v 0.01961077 0.01795000 0.01880506
v 0.02074444 0.01469999 0.01939936
v 0.02071787 0.01469999 0.01938543
v 0.02074444 0.01459999 0.01939936
v 0.02071787 0.01459999 0.01938543
v 0.01830898 0.01565000 0.02021142
v 0.01840184 0.01565000 0.02003428
v 0.01830898 0.01490000 0.02021142
v 0.01840184 0.01490000 0.02003428
v 0.01875611 0.01490000 0.02022000
v 0.01866325 0.01490000 0.02039713
v 0.01849041 0.01459999 0.02008071
v 0.01839755 0.01459999 0.02025784
v 0.02108775 0.01854999 0.02341820
v 0.01750075 0.01854999 0.02153779
v 0.02203956 0.01854999 0.02160255
v 0.01845256 0.01854999 0.01972215
v 0.01975435 0.01565000 0.01831579
v 0.01875611 0.01565000 0.02022000
v 0.01931151 0.01565000 0.01808364
v 0.01840184 0.01565000 0.02003428
v 0.01866325 0.01565000 0.02039713
v 0.01817574 0.01565000 0.02132710
v 0.01830898 0.01565000 0.02021142
v 0.01782147 0.01565000 0.02114138
v 0.01808288 0.01565000 0.02150423
v 0.01708464 0.01565000 0.02340844
v 0.01772861 0.01565000 0.02131851
v 0.01664180 0.01565000 0.02317629
v 0.02203956 0.01854999 0.02160255
v 0.01845256 0.01854999 0.01972215
v 0.02203956 0.01714999 0.02160255
v 0.01845256 0.01714999 0.01972215
v 0.01830898 0.01565000 0.02021142
v 0.01830898 0.01490000 0.02021142
v 0.01866325 0.01565000 0.02039713
v 0.01866325 0.01490000 0.02039713
v 0.01751187 0.01490000 0.01979355
v 0.01751187 0.01459999 0.01979355
v 0.01839755 0.01459999 0.02025784
v 0.01988720 0.01469999 0.01838543
v 0.01721749 0.01469999 0.02347809
v 0.01988720 0.01490000 0.01838543
v 0.01721749 0.01490000 0.02347809
v 0.02069309 0.01530000 0.02417102
v 0.01839033 0.01530000 0.02296385
v 0.02069309 0.01734999 0.02417102
v 0.01839033 0.01734999 0.02296385
v 0.01740535 0.01669999 0.02301203
v 0.01740535 0.01795000 0.02301203
v 0.01687395 0.01669999 0.02273345
v 0.01687395 0.01795000 0.02273345
v 0.02013145 0.01734999 0.01964255
v 0.01989930 0.01734999 0.02008539
v 0.01989930 0.01684999 0.02008539
v 0.01862248 0.01734999 0.02252101
v 0.01839033 0.01734999 0.02296385
v 0.01862248 0.01684999 0.02252101
v 0.01839033 0.01530000 0.02296385
v 0.02013145 0.01530000 0.01964255
v 0.01782147 0.01490000 0.02114138
v 0.01782147 0.01565000 0.02114138
v 0.01817574 0.01565000 0.02132710
v 0.01702436 0.01459999 0.02072351
v 0.01702436 0.01490000 0.02072351
v 0.01791003 0.01459999 0.02118781
v 0.01817574 0.01490000 0.02132710
v 0.02243421 0.01530000 0.02084973
v 0.02013145 0.01530000 0.01964255
v 0.02069309 0.01530000 0.02417102
v 0.01839033 0.01530000 0.02296385
v 0.01687395 0.01854999 0.02273345
v 0.01733824 0.01854999 0.02184778
v 0.01855674 0.01854999 0.02361562
v 0.02092524 0.01854999 0.02372818
v 0.01848709 0.01854999 0.02374847
v 0.02039130 0.01854999 0.02474671
v 0.02069309 0.01734999 0.02417102
v 0.01839033 0.01734999 0.02296385
v 0.02092524 0.01734999 0.02372818
v 0.01862248 0.01734999 0.02252101
v 0.01772861 0.01565000 0.02131851
v 0.01782147 0.01565000 0.02114138
v 0.01772861 0.01490000 0.02131851
v 0.01782147 0.01490000 0.02114138
v 0.02243421 0.01734999 0.02084973
v 0.02013145 0.01734999 0.01964255
v 0.02243421 0.01530000 0.02084973
v 0.02013145 0.01530000 0.01964255
v 0.01832459 0.01835000 0.02405846
v 0.01848709 0.01835000 0.02374847
v 0.01717321 0.01835000 0.02345487
v 0.01733571 0.01835000 0.02314488
v 0.02220206 0.01734999 0.02129257
v 0.01989930 0.01734999 0.02008539
v 0.02243421 0.01734999 0.02084973
v 0.02013145 0.01734999 0.01964255
v 0.01733571 0.01795000 0.02314488
v 0.01733571 0.01835000 0.02314488
v 0.01848709 0.01835000 0.02374847
v 0.01848709 0.01854999 0.02374847
v 0.02039130 0.01854999 0.02474671
v 0.02039130 0.01795000 0.02474671
v 0.02092524 0.01684999 0.02372818
v 0.01862248 0.01684999 0.02252101
v 0.02220206 0.01684999 0.02129257
v 0.01989930 0.01684999 0.02008539
v 0.01717321 0.01835000 0.02345487
v 0.01733571 0.01835000 0.02314488
v 0.01733571 0.01795000 0.02314488
v 0.01740535 0.01795000 0.02301203
v 0.01740535 0.01669999 0.02301203
v 0.01717321 0.01669999 0.02345487
v 0.02220206 0.01684999 0.02129257
v 0.01989930 0.01684999 0.02008539
v 0.02220206 0.01734999 0.02129257
v 0.01989930 0.01734999 0.02008539
v 0.01851245 0.01469999 0.02359241
v 0.01851245 0.01530000 0.02359241
v 0.01846817 0.01469999 0.02356919
v 0.01846817 0.01530000 0.02356919
v 0.01855674 0.01894999 0.02361562
v 0.01832459 0.01894999 0.02405846
v 0.02022880 0.01894999 0.02505670
v 0.02289851 0.01894999 0.01996405
v 0.02099430 0.01894999 0.01896581
v 0.02076215 0.01894999 0.01940865
v 0.01907936 0.01894999 0.01852648
v 0.01687395 0.01894999 0.02273345
v 0.01733824 0.01795000 0.02184778
v 0.02092524 0.01795000 0.02372818
v 0.01733824 0.01854999 0.02184778
v 0.02092524 0.01854999 0.02372818
v 0.01846817 0.01530000 0.02356919
v 0.01823602 0.01530000 0.02401203
v 0.01846817 0.01469999 0.02356919
v 0.01823602 0.01469999 0.02401203
v 0.02092524 0.01734999 0.02372818
v 0.01862248 0.01734999 0.02252101
v 0.02092524 0.01684999 0.02372818
v 0.01862248 0.01684999 0.02252101
v 0.01721749 0.01469999 0.02347809
v 0.01988720 0.01469999 0.01838543
v 0.02067358 0.01469999 0.01936222
v 0.02090573 0.01469999 0.01891938
v 0.01823602 0.01469999 0.02401203
v 0.01846817 0.01469999 0.02356919
v 0.01851245 0.01469999 0.02359241
v 0.02071787 0.01469999 0.01938543
v 0.01853902 0.01469999 0.02360633
v 0.02074444 0.01469999 0.01939936
v 0.02273601 0.01795000 0.02027403
v 0.02289851 0.01459999 0.01996405
v 0.02289851 0.01894999 0.01996405
v 0.02220206 0.01795000 0.02129257
v 0.02220206 0.01854999 0.02129257
v 0.02203956 0.01854999 0.02160255
v 0.02092524 0.01734999 0.02372818
v 0.02092524 0.01684999 0.02372818
v 0.02108775 0.01714999 0.02341820
v 0.02273601 0.01854999 0.02027403
v 0.02203956 0.01714999 0.02160255
v 0.02220206 0.01684999 0.02129257
v 0.02220206 0.01734999 0.02129257
v 0.02108775 0.01854999 0.02341820
v 0.02092524 0.01854999 0.02372818
v 0.02092524 0.01795000 0.02372818
v 0.02022880 0.01894999 0.02505670
v 0.02022880 0.01459999 0.02505670
v 0.02039130 0.01795000 0.02474671
v 0.02039130 0.01854999 0.02474671
v 0.02243421 0.01734999 0.02084973
v 0.02243421 0.01530000 0.02084973
v 0.02069309 0.01530000 0.02417102
v 0.02069309 0.01734999 0.02417102
v 0.01907936 0.01795000 0.01852648
v 0.01861506 0.01795000 0.01941216
v 0.01961077 0.01795000 0.01880506
v 0.02220206 0.01795000 0.02129257
v 0.01968041 0.01795000 0.01867221
v 0.02273601 0.01795000 0.02027403
v 0.01846817 0.01530000 0.02356919
v 0.01851245 0.01530000 0.02359241
v 0.01841959 0.01530000 0.02376954
v 0.01844616 0.01530000 0.02378347
v 0.01830687 0.01530000 0.02404917
v 0.01823602 0.01530000 0.02401203
v 0.01733824 0.01795000 0.02184778
v 0.01687395 0.01795000 0.02273345
v 0.01740535 0.01795000 0.02301203
v 0.01733571 0.01795000 0.02314488
v 0.02039130 0.01795000 0.02474671
v 0.02092524 0.01795000 0.02372818
v 0.01693149 0.01490000 0.02090065
v 0.01772861 0.01490000 0.02131851
v 0.01702436 0.01490000 0.02072351
v 0.01782147 0.01490000 0.02114138
v 0.02099430 0.01835000 0.01896581
v 0.02099430 0.01894999 0.01896581
v 0.02289851 0.01894999 0.01996405
v 0.02090573 0.01530000 0.01891938
v 0.02090573 0.01469999 0.01891938
v 0.01988720 0.01469999 0.01838543
v 0.02289851 0.01459999 0.01996405
v 0.02097659 0.01459999 0.01895652
v 0.02097659 0.01530000 0.01895652
v 0.01988720 0.01490000 0.01838543
v 0.01931151 0.01565000 0.01808364
v 0.01931151 0.01669999 0.01808364
v 0.01975435 0.01565000 0.01831579
v 0.01984292 0.01669999 0.01836222
v 0.01975435 0.01490000 0.01831579
v 0.01984292 0.01835000 0.01836222
v 0.02090573 0.01530000 0.01891938
v 0.02067358 0.01530000 0.01936222
v 0.02090573 0.01469999 0.01891938
v 0.02067358 0.01469999 0.01936222
v 0.01830687 0.01530000 0.02404917
v 0.01844616 0.01530000 0.02378347
v 0.01830687 0.01459999 0.02404917
v 0.01844616 0.01459999 0.02378347
v 0.01861506 0.01854999 0.01941216
v 0.02220206 0.01854999 0.02129257
v 0.01861506 0.01795000 0.01941216
v 0.02220206 0.01795000 0.02129257
v 0.01693149 0.01459999 0.02090065
v 0.01693149 0.01490000 0.02090065
v 0.01702436 0.01459999 0.02072351
v 0.01702436 0.01490000 0.02072351
v 0.02076215 0.01854999 0.01940865
v 0.02076215 0.01894999 0.01940865
v 0.02083180 0.01854999 0.01927579
v 0.02099430 0.01894999 0.01896581
v 0.02083180 0.01835000 0.01927579
v 0.02099430 0.01835000 0.01896581
v 0.01931151 0.01669999 0.01808364
v 0.01907936 0.01669999 0.01852648
v 0.01984292 0.01669999 0.01836222
v 0.01961077 0.01669999 0.01880506
v 0.02071787 0.01530000 0.01938543
v 0.02081073 0.01530000 0.01920830
v 0.02071787 0.01469999 0.01938543
v 0.02081073 0.01459999 0.01920830
v 0.02071787 0.01459999 0.01938543
v 0.01968041 0.01835000 0.01867221
v 0.01968041 0.01795000 0.01867221
v 0.02083180 0.01835000 0.01927579
v 0.02273601 0.01795000 0.02027403
v 0.02083180 0.01854999 0.01927579
v 0.02273601 0.01854999 0.02027403
v 0.01791003 0.01459999 0.02118781
v 0.01781717 0.01459999 0.02136494
v 0.01702436 0.01459999 0.02072351
v 0.01693149 0.01459999 0.02090065
v 0.02076215 0.01894999 0.01940865
v 0.02076215 0.01854999 0.01940865
v 0.01907936 0.01894999 0.01852648
v 0.01907936 0.01854999 0.01852648
v 0.01968041 0.01835000 0.01867221
v 0.01984292 0.01835000 0.01836222
v 0.01968041 0.01795000 0.01867221
v 0.01984292 0.01669999 0.01836222
v 0.01961077 0.01795000 0.01880506
v 0.01961077 0.01669999 0.01880506
v 0.02081073 0.01530000 0.01920830
v 0.02083730 0.01530000 0.01922222
v 0.02081073 0.01459999 0.01920830
v 0.02083730 0.01459999 0.01922222
v 0.02071787 0.01469999 0.01938543
v 0.02067358 0.01469999 0.01936222
v 0.02071787 0.01530000 0.01938543
v 0.02067358 0.01530000 0.01936222
v 0.01817574 0.01490000 0.02132710
v 0.01808288 0.01490000 0.02150423
v 0.01791003 0.01459999 0.02118781
v 0.01781717 0.01459999 0.02136494
v 0.01845256 0.01854999 0.01972215
v 0.01750075 0.01854999 0.02153779
v 0.01687395 0.01894999 0.02273345
v 0.01907936 0.01894999 0.01852648
v 0.01907936 0.01854999 0.01852648
v 0.01861506 0.01854999 0.01941216
v 0.01931151 0.01565000 0.01808364
v 0.01664180 0.01565000 0.02317629
v 0.01687395 0.01669999 0.02273345
v 0.01664180 0.01669999 0.02317629
v 0.01907936 0.01669999 0.01852648
v 0.01931151 0.01669999 0.01808364
v 0.01687395 0.01854999 0.02273345
v 0.01733824 0.01854999 0.02184778
v 0.01733824 0.01795000 0.02184778
v 0.01750075 0.01714999 0.02153779
v 0.01845256 0.01714999 0.01972215
v 0.01861506 0.01795000 0.01941216
v 0.01687395 0.01795000 0.02273345
v 0.01907936 0.01795000 0.01852648
v 0.02083180 0.01835000 0.01927579
v 0.02099430 0.01835000 0.01896581
v 0.01968041 0.01835000 0.01867221
v 0.01984292 0.01835000 0.01836222
v 0.01841959 0.01459999 0.02376954
v 0.01844616 0.01459999 0.02378347
v 0.01841959 0.01530000 0.02376954
v 0.01844616 0.01530000 0.02378347
v 0.01772861 0.01565000 0.02131851
v 0.01772861 0.01490000 0.02131851
v 0.01808288 0.01565000 0.02150423
v 0.01808288 0.01490000 0.02150423
v 0.01693149 0.01490000 0.02090065
v 0.01693149 0.01459999 0.02090065
v 0.01781717 0.01459999 0.02136494
v 0.01721749 0.01490000 0.02347809
v 0.01708464 0.01490000 0.02340844
v 0.01808288 0.01490000 0.02150423
v 0.01817574 0.01490000 0.02132710
v 0.01866325 0.01490000 0.02039713
v 0.01988720 0.01490000 0.01838543
v 0.01875611 0.01490000 0.02022000
v 0.01975435 0.01490000 0.01831579
v 0.01687395 0.01894999 0.02273345
v 0.01687395 0.01854999 0.02273345
v 0.01855674 0.01894999 0.02361562
v 0.01855674 0.01854999 0.02361562
v 0.02083730 0.01530000 0.01922222
v 0.02097659 0.01530000 0.01895652
v 0.02083730 0.01459999 0.01922222
v 0.02097659 0.01459999 0.01895652
v 0.01851245 0.01459999 0.02359241
v 0.01841959 0.01459999 0.02376954
v 0.01851245 0.01469999 0.02359241
v 0.01841959 0.01530000 0.02376954
v 0.01851245 0.01530000 0.02359241
v 0.01808288 0.01490000 0.02150423
v 0.01708464 0.01490000 0.02340844
v 0.01808288 0.01565000 0.02150423
v 0.01708464 0.01565000 0.02340844
v 0.01849041 0.01459999 0.02008071
v 0.01839755 0.01459999 0.02025784
v 0.01760473 0.01459999 0.01961641
v 0.01751187 0.01459999 0.01979355
v 0.01848709 0.01835000 0.02374847
v 0.01832459 0.01835000 0.02405846
v 0.01848709 0.01854999 0.02374847
v 0.01832459 0.01894999 0.02405846
v 0.01855674 0.01854999 0.02361562
v 0.01855674 0.01894999 0.02361562
v 0.02071787 0.01530000 0.01938543
v 0.02067358 0.01530000 0.01936222
v 0.02081073 0.01530000 0.01920830
v 0.02090573 0.01530000 0.01891938
v 0.02083730 0.01530000 0.01922222
v 0.02097659 0.01530000 0.01895652
v 0.01853902 0.01459999 0.02360633
v 0.01851245 0.01459999 0.02359241
v 0.01853902 0.01469999 0.02360633
v 0.01851245 0.01469999 0.02359241
v 0.01875611 0.01565000 0.02022000
v 0.01975435 0.01565000 0.01831579
v 0.01875611 0.01490000 0.02022000
v 0.01975435 0.01490000 0.01831579
v 0.01751187 0.01459999 0.01979355
v 0.01751187 0.01490000 0.01979355
v 0.01760473 0.01459999 0.01961641
v 0.01760473 0.01490000 0.01961641
v 0.01830687 0.01530000 0.02404917
v 0.01830687 0.01459999 0.02404917
v 0.02022880 0.01459999 0.02505670
v 0.01664180 0.01669999 0.02317629
v 0.01664180 0.01565000 0.02317629
v 0.01717321 0.01669999 0.02345487
v 0.01708464 0.01565000 0.02340844
v 0.01832459 0.01835000 0.02405846
v 0.01717321 0.01835000 0.02345487
v 0.01721749 0.01469999 0.02347809
v 0.01823602 0.01469999 0.02401203
v 0.01721749 0.01490000 0.02347809
v 0.01823602 0.01530000 0.02401203
v 0.01708464 0.01490000 0.02340844
v 0.01832459 0.01894999 0.02405846
v 0.02022880 0.01894999 0.02505670
v 0.02083180 0.01854999 0.01927579
v 0.02273601 0.01854999 0.02027403
v 0.02076215 0.01854999 0.01940865
v 0.02220206 0.01854999 0.02129257
v 0.01907936 0.01854999 0.01852648
v 0.01861506 0.01854999 0.01941216
v 0.01853902 0.01469999 0.02360633
v 0.02074444 0.01469999 0.01939936
v 0.01853902 0.01459999 0.02360633
v 0.02074444 0.01459999 0.01939936
v 0.01840184 0.01490000 0.02003428
v 0.01840184 0.01565000 0.02003428
v 0.01875611 0.01565000 0.02022000
v 0.01760473 0.01459999 0.01961641
v 0.01760473 0.01490000 0.01961641
v 0.01849041 0.01459999 0.02008071
v 0.01875611 0.01490000 0.02022000
v 0.01751187 0.01490000 0.01979355
v 0.01830898 0.01490000 0.02021142
v 0.01760473 0.01490000 0.01961641
v 0.01840184 0.01490000 0.02003428
v 0.01916256 0.01149999 -0.01041444
v 0.01916256 0.01000000 -0.01041444
v 0.01883344 0.01149999 -0.00894981
v 0.01883344 0.01000000 -0.00894981
v 0.01781610 0.01149999 -0.00784597
v 0.01781610 0.01000000 -0.00784597
v 0.01638313 0.01149999 -0.00739868
v 0.01638313 0.01000000 -0.00739868
v 0.01491851 0.01149999 -0.00772781
v 0.01491851 0.01000000 -0.00772781
v 0.01381466 0.01149999 -0.00874515
v 0.01381466 0.01000000 -0.00874515
v 0.01336738 0.01149999 -0.01017811
v 0.01336738 0.01000000 -0.01017811
v 0.01369650 0.01149999 -0.01164274
v 0.01369650 0.01000000 -0.01164274
v 0.01471384 0.01149999 -0.01274658
v 0.01471384 0.01000000 -0.01274658
v 0.01614681 0.01149999 -0.01319387
v 0.01614681 0.01000000 -0.01319387
v 0.01761143 0.01149999 -0.01286474
v 0.01761143 0.01000000 -0.01286474
v 0.01871528 0.01149999 -0.01184740
v 0.01871528 0.01000000 -0.01184740
v -0.01549819 0.00849999 -0.00648743
v -0.01490983 0.00849999 -0.00555801
v -0.01693116 0.00849999 -0.00604015
v -0.01688634 0.00849999 -0.00494106
v -0.01839578 0.00849999 -0.00636927
v -0.01890651 0.00849999 -0.00539502
v -0.01949963 0.00849999 -0.00738661
v -0.02042905 0.00849999 -0.00679825
v -0.01994691 0.00849999 -0.00881958
v -0.02104600 0.00849999 -0.00877476
v -0.01961779 0.00849999 -0.01028420
v -0.02059203 0.00849999 -0.01079493
v -0.01860045 0.00849999 -0.01138805
v -0.01918881 0.00849999 -0.01231747
v -0.01716748 0.00849999 -0.01183533
v -0.01721230 0.00849999 -0.01293442
v -0.01570286 0.00849999 -0.01150621
v -0.01519213 0.00849999 -0.01248046
v -0.01459901 0.00849999 -0.01048887
v -0.01366959 0.00849999 -0.01107723
v -0.01415173 0.00849999 -0.00905590
v -0.01305264 0.00849999 -0.00910072
v -0.01448085 0.00849999 -0.00759127
v -0.01350660 0.00849999 -0.00708055
v -0.01588338 0.01170000 0.01107820
v -0.01588338 0.01149999 0.01107820
v -0.01620431 0.01170000 0.01057124
v -0.01620431 0.01149999 0.01057124
v -0.01677937 0.01149999 0.01044764
v -0.01677363 0.01149999 0.01045670
v -0.01677937 0.01149899 0.01044764
v -0.01677363 0.01149899 0.01045670
v -0.01610042 0.01149999 0.01152018
v -0.01607522 0.01149999 0.01155999
v -0.01610042 0.01149899 0.01152018
v -0.01607522 0.01149899 0.01155999
v -0.01470753 0.01149949 0.00877453
v -0.01463285 0.01149999 0.00848628
v -0.01463285 0.01149899 0.00848628
v -0.01440758 0.01149999 0.00974819
v -0.01440758 0.01149899 0.00974819
v -0.01441883 0.01149899 0.00972627
v -0.01441883 0.01149999 0.00972627
v -0.01442597 0.01149899 0.00967886
v -0.01442597 0.01149999 0.00967886
v -0.01439806 0.01149899 0.00961222
v -0.01439806 0.01149999 0.00961222
v 0.03300952 0.01620000 -0.00475335
v 0.03067847 0.01620000 -0.00445328
v 0.03065039 0.01616193 -0.00464259
v 0.03298170 0.01616193 -0.00494269
v 0.03062790 0.01606742 -0.00478869
v 0.03295726 0.01605355 -0.00510309
v 0.03063438 0.01605128 -0.00480087
v 0.03069864 0.01589133 -0.00492163
v 0.03294049 0.01589133 -0.00521022
v 0.03072056 0.01570000 -0.00496283
v 0.03293452 0.01570000 -0.00524782
v 0.02763084 0.01459999 0.00878303
v 0.02851652 0.01459999 0.00924733
v 0.02763084 0.01620000 0.00878303
v 0.02851652 0.01880000 0.00924733
v 0.02727657 0.01620000 0.00859731
v 0.02727657 0.01880000 0.00859731
v -0.01444205 0.01149899 0.00878770
v -0.01448754 0.01149899 0.00881650
v -0.01463285 0.01149899 0.00848628
v -0.01461821 0.01149899 0.00861007
v -0.01470753 0.01149949 0.00877453
v -0.01466641 0.01149899 0.00879604
v -0.01467158 0.01149899 0.00881567
v -0.01475342 0.01149899 0.00890815
v -0.01470863 0.01149899 0.00892085
v -0.01479035 0.01149949 0.00894454
v -0.01476874 0.01149949 0.00898654
v -0.01478009 0.01149999 0.00899277
v -0.01484167 0.01149999 0.00896012
v -0.01485493 0.01149999 0.00901110
v -0.01487184 0.01149949 0.00895671
v -0.01492204 0.01149999 0.00899537
v -0.01492230 0.01149999 0.00892840
v -0.01494120 0.01149949 0.00890515
v -0.01498544 0.01149949 0.00893602
v -0.01499027 0.01149999 0.00892759
v -0.01496118 0.01149899 0.00884708
v -0.01501245 0.01149999 0.00885195
v -0.01495132 0.01149899 0.00879342
v -0.01499615 0.01149999 0.00877351
v -0.01490897 0.01149899 0.00874148
v -0.01492915 0.01149949 0.00869775
v -0.01490395 0.01149899 0.00873756
v 0.03157376 0.01270000 -0.00128756
v 0.03219693 0.01270000 -0.00313637
v 0.03232314 0.01270000 -0.00131812
v 0.03239605 0.01270000 -0.00316200
v 0.03252297 0.01270000 -0.00132627
v -0.01514892 0.01159999 0.01058009
v -0.01514892 0.01170000 0.01058009
v -0.01544021 0.01159999 0.01011994
v -0.01544021 0.01170000 0.01011994
v -0.01760488 0.01149949 0.01004963
v -0.01751955 0.01149999 0.01013008
v -0.01751955 0.01149899 0.01013008
v -0.01741150 0.01149999 0.01015977
v -0.01741150 0.01149899 0.01015977
v -0.01731067 0.01149999 0.01013470
v -0.01731067 0.01149899 0.01013470
v -0.01729450 0.01149999 0.01012525
v -0.01729450 0.01149899 0.01012525
v 0.01688259 0.01029999 -0.00932063
v 0.01688259 0.01130000 -0.00932063
v 0.01741871 0.01029999 -0.01034332
v 0.01741871 0.01130000 -0.01034332
v 0.02815874 0.01620000 0.00691452
v 0.02851301 0.01620000 0.00710024
v 0.02727657 0.01620000 0.00859731
v 0.02763084 0.01620000 0.00878303
v -0.02661258 0.02119999 -0.00865739
v -0.02745605 0.02119999 -0.01439324
v -0.02672607 0.02119999 -0.00815235
v -0.03097426 0.02119999 0.00126311
v -0.02671830 0.02119999 -0.00806223
v -0.02646004 0.02119999 -0.00887316
v -0.02471769 0.02119999 -0.01295772
v -0.01658101 0.02119999 -0.02619294
v -0.01492729 0.02119999 -0.02358056
v -0.00126311 0.02119999 -0.03097426
v -0.00113713 0.02119999 -0.02788501
v 0.01439324 0.02119999 -0.02745605
v 0.01295772 0.02119999 -0.02471769
v 0.02619294 0.02119999 -0.01658101
v 0.02358056 0.02119999 -0.01492729
v 0.03097426 0.02119999 -0.00126311
v 0.02788501 0.02119999 -0.00113713
v 0.02745605 0.02119999 0.01439324
v 0.02471769 0.02119999 0.01295772
v 0.01658101 0.02119999 0.02619294
v 0.01492729 0.02119999 0.02358056
v 0.00126311 0.02119999 0.03097426
v 0.00113713 0.02119999 0.02788501
v -0.01439324 0.02119999 0.02745605
v -0.01295772 0.02119999 0.02471769
v -0.02619294 0.02119999 0.01658101
v -0.02358056 0.02119999 0.01492729
v -0.02788501 0.02119999 0.00113713
v -0.02626177 0.01970000 -0.00903803
v -0.02646004 0.02119999 -0.00887316
v -0.02661258 0.01970000 -0.00865739
v -0.02661258 0.02119999 -0.00865739
v -0.02672607 0.01970000 -0.00815235
v -0.02672607 0.02119999 -0.00815235
v -0.02671830 0.02119999 -0.00806223
v -0.02657183 0.01970000 -0.00765822
v -0.02657183 0.02119999 -0.00765822
v -0.02619120 0.01970000 -0.00730741
v -0.02619120 0.02119999 -0.00730741
v -0.02568615 0.01970000 -0.00719392
v -0.02568615 0.02119999 -0.00719392
v -0.02519203 0.01970000 -0.00734816
v -0.02519203 0.02119999 -0.00734816
v -0.02484122 0.01970000 -0.00772879
v -0.02484122 0.02119999 -0.00772879
v -0.02472773 0.01970000 -0.00823384
v -0.02472773 0.02119999 -0.00823384
v -0.02488196 0.01970000 -0.00872796
v -0.02488196 0.02119999 -0.00872796
v -0.02526260 0.01970000 -0.00907877
v -0.02526260 0.02119999 -0.00907877
v -0.02576764 0.01970000 -0.00919226
v -0.02576764 0.02119999 -0.00919226
v -0.02626177 0.02119999 -0.00903803
v -0.01507859 0.01000000 0.00646809
v -0.01229726 0.01000000 0.01086174
v -0.01507859 0.01149999 0.00646809
v -0.01229726 0.01149999 0.01086174
v 0.00797111 0.00849999 0.00417868
v 0.00974247 0.00849999 0.00510728
v 0.00481384 0.00849999 0.00760440
v 0.00588359 0.00849999 0.00929427
v 0.00036671 0.00849999 0.00899253
v 0.00044820 0.00849999 0.01099087
v -0.00417868 0.00849999 0.00797111
v -0.00510728 0.00849999 0.00974247
v -0.00760440 0.00849999 0.00481384
v -0.00929427 0.00849999 0.00588359
v -0.00899253 0.00849999 0.00036671
v -0.01099087 0.00849999 0.00044820
v -0.00797111 0.00849999 -0.00417868
v -0.00974247 0.00849999 -0.00510728
v -0.00481384 0.00849999 -0.00760440
v -0.00588359 0.00849999 -0.00929427
v -0.00036671 0.00849999 -0.00899253
v -0.00044820 0.00849999 -0.01099087
v 0.00417868 0.00849999 -0.00797111
v 0.00510728 0.00849999 -0.00974247
v 0.00760440 0.00849999 -0.00481384
v 0.00929427 0.00849999 -0.00588359
v 0.00899253 0.00849999 -0.00036671
v 0.01099087 0.00849999 -0.00044820
v -0.01493691 0.01170000 0.00976893
v -0.01493691 0.01149999 0.00976893
v -0.01461598 0.01170000 0.01027589
v -0.01461598 0.01149999 0.01027589
v -0.01696444 0.01149999 0.01015529
v -0.01731277 0.01149999 0.01037579
v -0.01696444 0.01149899 0.01015529
v -0.01731277 0.01149899 0.01037579
v -0.01661601 0.01149999 0.01168724
v -0.01664121 0.01149999 0.01164744
v -0.01661601 0.01149899 0.01168724
v -0.01664121 0.01149899 0.01164744
v -0.01555677 0.01149999 0.00800831
v -0.01552776 0.01149999 0.00795348
v -0.01555677 0.01149899 0.00800831
v -0.01552776 0.01149899 0.00795348
v -0.01445341 0.01149949 0.00977646
v -0.01447650 0.01149999 0.00971716
v -0.01447650 0.01149899 0.00971716
v -0.01447053 0.01149999 0.00964548
v -0.01447053 0.01149899 0.00964548
v -0.01442326 0.01149999 0.00957241
v -0.01442326 0.01149899 0.00957241
v -0.01415173 0.01149999 -0.00905590
v -0.01415173 0.00849999 -0.00905590
v -0.01448085 0.01149999 -0.00759127
v -0.01448085 0.00849999 -0.00759127
v -0.01549819 0.01149999 -0.00648743
v -0.01549819 0.00849999 -0.00648743
v -0.01693116 0.01149999 -0.00604015
v -0.01693116 0.00849999 -0.00604015
v -0.01839578 0.01149999 -0.00636927
v -0.01839578 0.00849999 -0.00636927
v -0.01949963 0.01149999 -0.00738661
v -0.01949963 0.00849999 -0.00738661
v -0.01994691 0.01149999 -0.00881958
v -0.01994691 0.00849999 -0.00881958
v -0.01961779 0.01149999 -0.01028420
v -0.01961779 0.00849999 -0.01028420
v -0.01860045 0.01149999 -0.01138805
v -0.01860045 0.00849999 -0.01138805
v -0.01716748 0.01149999 -0.01183533
v -0.01716748 0.00849999 -0.01183533
v -0.01570286 0.01149999 -0.01150621
v -0.01570286 0.00849999 -0.01150621
v -0.01459901 0.01149999 -0.01048887
v -0.01459901 0.00849999 -0.01048887
v 0.03099427 0.01909999 0.00059619
v 0.03099879 0.01909999 0.00027401
v 0.03274163 0.01909999 0.00118765
v 0.02939869 0.01909999 0.00756454
v 0.02815874 0.01909999 0.00691452
v 0.03053772 0.01909999 0.00237645
v -0.01654401 0.01149899 0.01180099
v -0.01610042 0.01149899 0.01152018
v -0.01627995 0.01149899 0.01168959
v -0.01607522 0.01149899 0.01155999
v -0.01642195 0.01149949 0.01189312
v -0.01648894 0.01149899 0.01188798
v -0.01647331 0.01149899 0.01181199
v -0.01632545 0.01149899 0.01171839
v -0.01620747 0.01149912 0.01181148
v -0.01624261 0.01149899 0.01185918
v -0.01621558 0.01149907 0.01179582
v -0.01627531 0.01149899 0.01179544
v -0.01622513 0.01149899 0.01177869
v -0.01625986 0.01149949 0.01172131
v -0.01624057 0.01149902 0.01175255
v -0.01620081 0.01149908 0.01182575
v -0.01619566 0.01149949 0.01183887
v -0.01623780 0.01149899 0.01188667
v -0.01618722 0.01149899 0.01189638
v -0.01624666 0.01149899 0.01192517
v -0.01620419 0.01149899 0.01195151
v -0.01627724 0.01149949 0.01195872
v -0.01625222 0.01149899 0.01199864
v -0.01629246 0.01149899 0.01196610
v -0.01629991 0.01149899 0.01201919
v -0.01632765 0.01149899 0.01197150
v -0.01636018 0.01149899 0.01201778
v -0.01636330 0.01149899 0.01196083
v -0.01641831 0.01149899 0.01198480
v -0.01645580 0.01149899 0.01193803
v 0.03194225 0.01229999 -0.00512009
v 0.03213719 0.01229999 -0.00370449
v 0.03194225 0.01249999 -0.00512009
v 0.03217614 0.01229999 -0.00334935
v 0.03232314 0.01249999 -0.00131812
v 0.03226944 0.01149999 -0.00228166
v 0.03232314 0.01149999 -0.00131812
v 0.03226944 0.01229999 -0.00228166
v 0.03221117 0.01229999 -0.00299381
v -0.02568469 0.01853923 -0.01346465
v -0.02652043 0.01750000 -0.01187042
v -0.02720557 0.01750000 -0.01250188
v -0.02561135 0.01750000 -0.01166614
v -0.02568469 0.01853923 -0.01346465
v -0.02568469 0.01853923 -0.01346465
v -0.02727891 0.01750000 -0.01430038
v -0.02664746 0.01750000 -0.01498553
v -0.02748319 0.01750000 -0.01339130
v -0.02568469 0.01853923 -0.01346465
v -0.02568469 0.01853923 -0.01346465
v -0.02568469 0.01853923 -0.01346465
v -0.02484895 0.01750000 -0.01505887
v -0.02416381 0.01750000 -0.01442742
v -0.02575803 0.01750000 -0.01526315
v -0.02568469 0.01853923 -0.01346465
v -0.02568469 0.01853923 -0.01346465
v -0.02568469 0.01853923 -0.01346465
v -0.02409047 0.01750000 -0.01262891
v -0.02472192 0.01750000 -0.01194377
v -0.02388618 0.01750000 -0.01353799
v -0.02568469 0.01853923 -0.01346465
v -0.02568469 0.01853923 -0.01346465
v -0.02568469 0.01853923 -0.01346465
v -0.01604078 0.01159999 0.00813307
v -0.01604078 0.01170000 0.00813307
v -0.01574949 0.01159999 0.00859322
v -0.01574949 0.01170000 0.00859322
v 0.01680110 0.01029999 -0.01131897
v 0.01680110 0.01130000 -0.01131897
v 0.01564735 0.01029999 -0.01127192
v 0.01564735 0.01130000 -0.01127192
v 0.01730309 0.01249999 0.02733360
v 0.01741006 0.01270000 0.02750258
v 0.01730309 0.01270000 0.02733360
v 0.00797111 0.01149999 0.00417868
v 0.00885679 0.01149999 0.00464298
v 0.00481384 0.01149999 0.00760440
v 0.00534871 0.01149999 0.00844933
v 0.00036671 0.01149999 0.00899253
v 0.00040745 0.01149999 0.00999170
v -0.00417868 0.01149999 0.00797111
v -0.00464298 0.01149999 0.00885679
v -0.00760440 0.01149999 0.00481384
v -0.00844933 0.01149999 0.00534871
v -0.00899253 0.01149999 0.00036671
v -0.00999170 0.01149999 0.00040745
v -0.00797111 0.01149999 -0.00417868
v -0.00885679 0.01149999 -0.00464298
v -0.00481384 0.01149999 -0.00760440
v -0.00534871 0.01149999 -0.00844933
v -0.00036671 0.01149999 -0.00899253
v -0.00040745 0.01149999 -0.00999170
v 0.00417868 0.01149999 -0.00797111
v 0.00464298 0.01149999 -0.00885679
v 0.00760440 0.01149999 -0.00481384
v 0.00844933 0.01149999 -0.00534871
v 0.00899253 0.01149999 -0.00036671
v 0.00999170 0.01149999 -0.00040745
v 0.00508128 0.04633000 0.00802687
v 0.01492729 0.04633000 0.02358056
v 0.00841395 0.04633000 0.00441083
v 0.02471769 0.04633000 0.01295772
v 0.00949211 0.04633000 -0.00038708
v 0.02788501 0.04633000 -0.00113713
v 0.00802687 0.04633000 -0.00508128
v 0.02358056 0.04633000 -0.01492729
v 0.00441083 0.04633000 -0.00841395
v 0.01295772 0.04633000 -0.02471769
v -0.00038708 0.04633000 -0.00949211
v -0.00113713 0.04633000 -0.02788501
v -0.00508128 0.04633000 -0.00802687
v -0.01492729 0.04633000 -0.02358056
v -0.00841395 0.04633000 -0.00441083
v -0.02471769 0.04633000 -0.01295772
v -0.00949211 0.04633000 0.00038708
v -0.02788501 0.04633000 0.00113713
v -0.00802687 0.04633000 0.00508128
v -0.02358056 0.04633000 0.01492729
v -0.00441083 0.04633000 0.00841395
v -0.01295772 0.04633000 0.02471769
v 0.00038708 0.04633000 0.00949211
v 0.00113713 0.04633000 0.02788501
v -0.01130287 0.02119999 -0.01947422
v -0.01092224 0.02119999 -0.01912341
v -0.01176717 0.02119999 -0.01858854
v -0.01076800 0.02119999 -0.01862928
v -0.01088149 0.02119999 -0.01812424
v -0.01265285 0.02119999 -0.01905283
v -0.01230204 0.02119999 -0.01943347
v -0.01180792 0.02119999 -0.01958771
v -0.01223147 0.02119999 -0.01770286
v -0.01261210 0.02119999 -0.01805366
v -0.01276634 0.02119999 -0.01854779
v -0.01123230 0.02119999 -0.01774360
v -0.01172643 0.02119999 -0.01758937
v -0.01245229 0.01000000 0.01155165
v -0.01549405 0.01000000 0.01347718
v -0.01245229 0.01149999 0.01155165
v -0.01549405 0.01149999 0.01347718
v 0.02627443 0.01149999 -0.01458267
v 0.02636300 0.01149999 -0.01453624
v 0.02557281 0.01149999 -0.01382140
v 0.02562630 0.01149999 -0.01373691
v 0.02458456 0.01149999 -0.01351293
v 0.02458864 0.01149999 -0.01341301
v 0.02357448 0.01149999 -0.01373991
v 0.02352804 0.01149999 -0.01365134
v 0.02281320 0.01149999 -0.01444153
v 0.02272871 0.01149999 -0.01438804
v 0.02250473 0.01149999 -0.01542978
v 0.02240482 0.01149999 -0.01542570
v 0.02273171 0.01149999 -0.01643987
v 0.02264315 0.01149999 -0.01648630
v 0.02343333 0.01149999 -0.01720114
v 0.02337984 0.01149999 -0.01728563
v 0.02442158 0.01149999 -0.01750961
v 0.02441751 0.01149999 -0.01760953
v 0.02543167 0.01149999 -0.01728263
v 0.02547810 0.01149999 -0.01737120
v 0.02619294 0.01149999 -0.01658101
v 0.02627743 0.01149999 -0.01663450
v 0.02650141 0.01149999 -0.01559276
v 0.02660133 0.01149999 -0.01559684
v -0.01461598 0.01170000 0.01027589
v -0.01461598 0.01149999 0.01027589
v -0.01588338 0.01170000 0.01107820
v -0.01588338 0.01149999 0.01107820
v -0.01731277 0.01149999 0.01037579
v -0.01677937 0.01149999 0.01044764
v -0.01731277 0.01149899 0.01037579
v -0.01677937 0.01149899 0.01044764
v -0.01664121 0.01149999 0.01164744
v -0.01619762 0.01149999 0.01136663
v -0.01664121 0.01149899 0.01164744
v -0.01619762 0.01149899 0.01136663
v -0.01475342 0.01149999 0.00890815
v -0.01478037 0.01149936 0.00893471
v -0.01477888 0.01149999 0.00893622
v -0.01479035 0.01149949 0.00894454
v -0.01470753 0.01149949 0.00877453
v -0.01473918 0.01149915 0.00886667
v -0.01473443 0.01149999 0.00886830
v -0.01475342 0.01149899 0.00890815
v -0.01442326 0.01149999 0.00957241
v -0.01439806 0.01149999 0.00961222
v -0.01442326 0.01149899 0.00957241
v -0.01439806 0.01149899 0.00961222
v -0.03222322 0.02309999 0.00131404
v -0.02724910 0.02209999 0.01724960
v -0.02724910 0.02309999 0.01724960
v -0.01497361 0.02209999 0.02856315
v -0.01497361 0.02309999 0.02856315
v 0.00131404 0.02209999 0.03222322
v 0.00131404 0.02309999 0.03222322
v 0.01724960 0.02209999 0.02724910
v 0.01724960 0.02309999 0.02724910
v 0.02856315 0.02209999 0.01497361
v 0.02856315 0.02309999 0.01497361
v 0.03222322 0.02209999 -0.00131404
v 0.03222322 0.02309999 -0.00131404
v 0.02724910 0.02209999 -0.01724960
v 0.02724910 0.02309999 -0.01724960
v 0.01497361 0.02209999 -0.02856315
v 0.01497361 0.02309999 -0.02856315
v -0.00131404 0.02209999 -0.03222322
v -0.00131404 0.02309999 -0.03222322
v -0.01724960 0.02209999 -0.02724910
v -0.01724960 0.02309999 -0.02724910
v -0.02856315 0.02209999 -0.01497361
v -0.02856315 0.02309999 -0.01497361
v -0.03222322 0.02209999 0.00131404
v 0.02815874 0.01620000 0.00691452
v 0.02815874 0.01909999 0.00691452
v 0.02851301 0.01620000 0.00710024
v 0.02939869 0.01909999 0.00756454
v 0.02851301 0.01459999 0.00710024
v 0.02939869 0.01459999 0.00756454
v -0.01508646 0.01149899 0.00776971
v -0.01506126 0.01149899 0.00780952
v -0.01548456 0.01149899 0.00802172
v -0.01550485 0.01149899 0.00809033
v -0.01552776 0.01149899 0.00795348
v -0.01555677 0.01149899 0.00800831
v 0.03232314 0.01249999 -0.00131812
v 0.03232314 0.01270000 -0.00131812
v 0.03252297 0.01270000 -0.00132627
v -0.01467975 0.01159999 0.01028309
v -0.01467975 0.01170000 0.01028309
v -0.01514892 0.01159999 0.01058009
v -0.01514892 0.01170000 0.01058009
v -0.01722953 0.01149949 0.00981203
v -0.01721114 0.01149899 0.00984654
v -0.01721114 0.01149999 0.00984654
v -0.01719157 0.01149899 0.00994881
v -0.01719157 0.01149999 0.00994881
v -0.01721843 0.01149899 0.01004585
v -0.01721843 0.01149999 0.01004585
v -0.01729450 0.01149899 0.01012525
v -0.01729450 0.01149999 0.01012525
v 0.01741871 0.01029999 -0.01034332
v 0.01741871 0.01130000 -0.01034332
v 0.01680110 0.01029999 -0.01131897
v 0.01680110 0.01130000 -0.01131897
v 0.02258716 0.01620000 0.01754267
v 0.02294143 0.01620000 0.01772839
v 0.02170499 0.01620000 0.01922546
v 0.02205926 0.01620000 0.01941118
v -0.01952922 0.01029999 -0.01023777
v -0.01854696 0.01029999 -0.01130355
v -0.01766694 0.01029999 -0.00991338
v -0.01643170 0.01029999 -0.00796209
v -0.01589558 0.01029999 -0.00898479
v -0.01425165 0.01029999 -0.00905183
v -0.01468351 0.01029999 -0.01043538
v -0.01651320 0.01029999 -0.00996043
v -0.01574929 0.01029999 -0.01141764
v -0.01716341 0.01029999 -0.01173541
v -0.01984700 0.01029999 -0.00882365
v -0.01820306 0.01029999 -0.00889069
v -0.01941513 0.01029999 -0.00744010
v -0.01758545 0.01029999 -0.00791505
v -0.01834935 0.01029999 -0.00645784
v -0.01456942 0.01029999 -0.00763771
v -0.01555168 0.01029999 -0.00657193
v -0.01693523 0.01029999 -0.00614006
v 0.00949211 0.01970000 -0.00038708
v 0.00949211 0.01229999 -0.00038708
v 0.00841395 0.01970000 0.00441083
v 0.00841395 0.01229999 0.00441083
v 0.00508128 0.01970000 0.00802687
v 0.00508128 0.01229999 0.00802687
v 0.00038708 0.01970000 0.00949211
v 0.00038708 0.01229999 0.00949211
v -0.00441083 0.01970000 0.00841395
v -0.00441083 0.01229999 0.00841395
v -0.00802687 0.01970000 0.00508128
v -0.00802687 0.01229999 0.00508128
v -0.00949211 0.01970000 0.00038708
v -0.00949211 0.01229999 0.00038708
v -0.00841395 0.01970000 -0.00441083
v -0.00841395 0.01229999 -0.00441083
v -0.00508128 0.01970000 -0.00802687
v -0.00508128 0.01229999 -0.00802687
v -0.00038708 0.01970000 -0.00949211
v -0.00038708 0.01229999 -0.00949211
v 0.00441083 0.01970000 -0.00841395
v 0.00441083 0.01229999 -0.00841395
v 0.00802687 0.01970000 -0.00508128
v 0.00802687 0.01229999 -0.00508128
v 0.01099087 0.00849999 -0.00044820
v 0.00974247 0.01000000 0.00510728
v 0.00974247 0.00849999 0.00510728
v 0.00588359 0.01000000 0.00929427
v 0.00588359 0.00849999 0.00929427
v 0.00044820 0.01000000 0.01099087
v 0.00044820 0.00849999 0.01099087
v -0.00510728 0.01000000 0.00974247
v -0.00510728 0.00849999 0.00974247
v -0.00929427 0.01000000 0.00588359
v -0.00929427 0.00849999 0.00588359
v -0.01099087 0.01000000 0.00044820
v -0.01099087 0.00849999 0.00044820
v -0.00974247 0.01000000 -0.00510728
v -0.00974247 0.00849999 -0.00510728
v -0.00588359 0.01000000 -0.00929427
v -0.00588359 0.00849999 -0.00929427
v -0.00044820 0.01000000 -0.01099087
v -0.00044820 0.00849999 -0.01099087
v 0.00510728 0.01000000 -0.00974247
v 0.00510728 0.00849999 -0.00974247
v 0.00929427 0.01000000 -0.00588359
v 0.00929427 0.00849999 -0.00588359
v 0.01099087 0.01000000 -0.00044820
v -0.02724910 0.02209999 0.01724960
v -0.02817853 0.02209999 0.01783796
v -0.01497361 0.02209999 0.02856315
v -0.01548434 0.02209999 0.02953739
v 0.00131404 0.02209999 0.03222322
v 0.00135886 0.02209999 0.03332230
v 0.01724960 0.02209999 0.02724910
v 0.01783796 0.02209999 0.02817853
v 0.02856315 0.02209999 0.01497361
v 0.02953739 0.02209999 0.01548434
v 0.03222322 0.02209999 -0.00131404
v 0.03332230 0.02209999 -0.00135886
v 0.02724910 0.02209999 -0.01724960
v 0.02817853 0.02209999 -0.01783796
v 0.01497361 0.02209999 -0.02856315
v 0.01548434 0.02209999 -0.02953739
v -0.00131404 0.02209999 -0.03222322
v -0.00135886 0.02209999 -0.03332230
v -0.01724960 0.02209999 -0.02724910
v -0.01783796 0.02209999 -0.02817853
v -0.02856315 0.02209999 -0.01497361
v -0.02953739 0.02209999 -0.01548434
v -0.03222322 0.02209999 0.00131404
v -0.03332230 0.02209999 0.00135886
v -0.01620431 0.01170000 0.01057124
v -0.01620431 0.01149999 0.01057124
v -0.01493691 0.01170000 0.00976893
v -0.01493691 0.01149999 0.00976893
v -0.01677363 0.01149999 0.01045670
v -0.01721723 0.01149999 0.01073751
v -0.01677363 0.01149899 0.01045670
v -0.01721723 0.01149899 0.01073751
v -0.01607522 0.01149999 0.01155999
v -0.01627995 0.01149999 0.01168959
v -0.01607522 0.01149899 0.01155999
v -0.01627995 0.01149899 0.01168959
v -0.01463285 0.01149999 0.00848628
v -0.01444205 0.01149999 0.00878770
v -0.01463285 0.01149899 0.00848628
v -0.01444205 0.01149899 0.00878770
v -0.01365519 0.01149999 0.01025720
v -0.01352198 0.01149999 0.01046762
v -0.01365519 0.01149899 0.01025720
v -0.01352198 0.01149899 0.01046762
v 0.03072056 0.01570000 -0.00496283
v 0.03069864 0.01589133 -0.00492163
v 0.03062790 0.01606742 -0.00478869
v 0.03072056 0.01229999 -0.00496283
v 0.01314033 0.01229999 0.02807725
v 0.01314033 0.01970000 0.02807725
v 0.03062790 0.01970000 -0.00478869
v 0.02809865 0.01970000 0.01004444
v 0.02685870 0.01970000 0.00939443
v 0.02825856 0.01963149 0.00973940
v 0.02701861 0.01963149 0.00908938
v 0.02839413 0.01943639 0.00948080
v 0.02715418 0.01943639 0.00883078
v 0.02848471 0.01914441 0.00930801
v 0.02724476 0.01914441 0.00865799
v -0.01419768 0.01149949 0.00972348
v -0.01423543 0.01149899 0.00960486
v -0.01415982 0.01149899 0.00968291
v -0.01412939 0.01149949 0.00974759
v -0.01410912 0.01149899 0.00969644
v -0.01405321 0.01149999 0.00973424
v -0.01406290 0.01149899 0.00968622
v -0.01403381 0.01149949 0.00972417
v -0.01442326 0.01149899 0.00957241
v -0.01439806 0.01149899 0.00961222
v -0.01447053 0.01149899 0.00964548
v -0.01442597 0.01149899 0.00967886
v -0.01447650 0.01149899 0.00971716
v -0.01441883 0.01149899 0.00972627
v -0.01445341 0.01149949 0.00977646
v -0.01440758 0.01149899 0.00974819
v -0.01438770 0.01149999 0.00983660
v -0.01436671 0.01149899 0.00978970
v -0.01432388 0.01149999 0.00985233
v -0.01432426 0.01149899 0.00980374
v -0.01426952 0.01149999 0.00983995
v -0.01429046 0.01149899 0.00979822
v -0.01425614 0.01149949 0.00983305
v -0.01428152 0.01149899 0.00979336
v -0.01421366 0.01149999 0.00978677
v -0.01425797 0.01149899 0.00976751
v -0.01424953 0.01149899 0.00973232
v -0.01426304 0.01149899 0.00966802
v -0.01428092 0.01149899 0.00963366
v -0.01418706 0.01149949 0.00945475
v -0.01421226 0.01149899 0.00941494
v -0.01411392 0.01149999 0.00944831
v -0.01412183 0.01149899 0.00939730
v -0.01410375 0.01149949 0.00945068
v -0.01404956 0.01149899 0.00941843
v -0.01405085 0.01149999 0.00948640
v -0.01398780 0.01149949 0.00948009
v -0.01403285 0.01149949 0.00950960
v -0.01398066 0.01149999 0.00949288
v -0.01400789 0.01149999 0.00958000
v -0.01395658 0.01149999 0.00958120
v -0.01401697 0.01149999 0.00963735
v -0.01397470 0.01149999 0.00965895
v -0.01404522 0.01149999 0.00967456
v -0.01405519 0.01149949 0.00968195
v 0.01584884 0.01270000 0.02820171
v 0.01690194 0.01270000 0.02669990
v 0.01730309 0.01270000 0.02733360
v 0.03214070 0.01270000 -0.00514567
v 0.03194225 0.01270000 -0.00512009
v 0.02829984 0.01270000 -0.01608172
v 0.02544708 0.01270000 -0.01997419
v 0.02619049 0.01270000 -0.01932772
v 0.02371070 0.01270000 -0.02230034
v 0.02272061 0.01270000 -0.02302816
v 0.01963027 0.01270000 -0.02571333
v 0.01778483 0.01270000 -0.02726174
v 0.01256095 0.01270000 -0.02981183
v 0.01085631 0.01270000 -0.03068621
v 0.00469018 0.01270000 -0.03200820
v 0.00331574 0.01270000 -0.03238068
v -0.00347984 0.01270000 -0.03216229
v -0.00441176 0.01270000 -0.03224963
v -0.01142783 0.01270000 -0.03026429
v 0.00222293 0.01270000 0.03227353
v 0.00426061 0.01270000 0.03206820
v 0.00287227 0.01270000 0.03242302
v 0.00827664 0.01270000 0.03127331
v 0.01043532 0.01270000 0.03083191
v 0.01741006 0.01270000 0.02750258
v -0.02495404 0.01270000 0.02058686
v -0.02708048 0.01270000 0.01805963
v -0.02735429 0.01270000 0.01727036
v -0.02903298 0.01270000 0.01471694
v -0.02931646 0.01270000 0.01367728
v -0.03057484 0.01270000 0.01116609
v -0.03080911 0.01270000 0.00986515
v -0.03168424 0.01270000 0.00745731
v -0.03229817 0.01270000 0.00183049
v -0.03254924 0.01270000 -0.00022274
v -0.03172645 0.01270000 -0.00632096
v -0.03157921 0.01270000 -0.00789024
v -0.02913044 0.01270000 -0.01406911
v -0.02882885 0.01270000 -0.01511291
v -0.02467578 0.01270000 -0.02091957
v -0.02445321 0.01270000 -0.02148356
v -0.01864668 0.01270000 -0.02643528
v -0.01869897 0.01270000 -0.02664303
v -0.01189054 0.01270000 -0.03030045
v 0.00017635 0.01270000 0.03234952
v -0.00099728 0.01270000 0.03253472
v -0.00391074 0.01270000 0.03211275
v -0.00485271 0.01270000 0.03218624
v -0.00793520 0.01270000 0.03136168
v -0.00863952 0.01270000 0.03138250
v -0.01183257 0.01270000 0.03010835
v -0.01230412 0.01270000 0.03013488
v -0.01554044 0.01270000 0.02837282
v -0.01579469 0.01270000 0.02846103
v -0.01899943 0.01270000 0.02618290
v -0.01906185 0.01270000 0.02638462
v -0.02215413 0.01270000 0.02357365
v -0.02205940 0.01270000 0.02393502
v -0.02474494 0.01270000 0.02114688
v -0.01544021 0.01159999 0.01011994
v -0.01544021 0.01170000 0.01011994
v -0.01497104 0.01159999 0.00982294
v -0.01497104 0.01170000 0.00982294
v -0.01647369 0.01149999 0.01103119
v -0.01647369 0.01149899 0.01103119
v -0.01645683 0.01149899 0.01105843
v -0.01645683 0.01149999 0.01105843
v -0.01643509 0.01149899 0.01109613
v -0.01643509 0.01149999 0.01109613
v -0.01640470 0.01149899 0.01116514
v -0.01640470 0.01149999 0.01116514
v 0.01572885 0.01029999 -0.00927358
v 0.01572885 0.01130000 -0.00927358
v 0.01688259 0.01029999 -0.00932063
v 0.01688259 0.01130000 -0.00932063
v 0.03211784 0.01149999 0.00022379
v 0.03211784 0.01719999 0.00022379
v 0.03234482 0.01149999 -0.00078630
v 0.03234482 0.01719999 -0.00078630
v 0.01730309 0.01719999 0.02733360
v 0.01775281 0.01719999 0.02704891
v 0.01730309 0.01270000 0.02733360
v 0.01775281 0.01149999 0.02704891
v 0.01730309 0.01249999 0.02733360
v 0.01730309 0.01149999 0.02733360
v -0.00949211 0.02119999 0.00038708
v -0.00949211 0.04633000 0.00038708
v -0.00802687 0.02119999 0.00508128
v -0.00802687 0.04633000 0.00508128
v -0.00441083 0.02119999 0.00841395
v -0.00441083 0.04633000 0.00841395
v 0.00038708 0.02119999 0.00949211
v 0.00038708 0.04633000 0.00949211
v 0.00508128 0.02119999 0.00802687
v 0.00508128 0.04633000 0.00802687
v 0.00841395 0.02119999 0.00441083
v 0.00841395 0.04633000 0.00441083
v 0.00949211 0.02119999 -0.00038708
v 0.00949211 0.04633000 -0.00038708
v 0.00802687 0.02119999 -0.00508128
v 0.00802687 0.04633000 -0.00508128
v 0.00441083 0.02119999 -0.00841395
v 0.00441083 0.04633000 -0.00841395
v -0.00038708 0.02119999 -0.00949211
v -0.00038708 0.04633000 -0.00949211
v -0.00508128 0.02119999 -0.00802687
v -0.00508128 0.04633000 -0.00802687
v -0.00841395 0.02119999 -0.00441083
v -0.00841395 0.04633000 -0.00441083
v 0.02660133 0.01149999 -0.01559684
v 0.02660133 0.01000000 -0.01559684
v 0.02636300 0.01149999 -0.01453624
v 0.02636300 0.01000000 -0.01453624
v 0.02562630 0.01149999 -0.01373691
v 0.02562630 0.01000000 -0.01373691
v 0.02458864 0.01149999 -0.01341301
v 0.02458864 0.01000000 -0.01341301
v 0.02352804 0.01149999 -0.01365134
v 0.02352804 0.01000000 -0.01365134
v 0.02272871 0.01149999 -0.01438804
v 0.02272871 0.01000000 -0.01438804
v 0.02240482 0.01149999 -0.01542570
v 0.02240482 0.01000000 -0.01542570
v 0.02264315 0.01149999 -0.01648630
v 0.02264315 0.01000000 -0.01648630
v 0.02337984 0.01149999 -0.01728563
v 0.02337984 0.01000000 -0.01728563
v 0.02441751 0.01149999 -0.01760953
v 0.02441751 0.01000000 -0.01760953
v 0.02547810 0.01149999 -0.01737120
v 0.02547810 0.01000000 -0.01737120
v 0.02627743 0.01149999 -0.01663450
v 0.02627743 0.01000000 -0.01663450
v 0.03072056 0.01229999 -0.00496283
v 0.03194225 0.01229999 -0.00512009
v 0.03194225 0.01249999 -0.00512009
v 0.03194225 0.01270000 -0.00512009
v 0.03214070 0.01270000 -0.00514567
v 0.03293452 0.01270000 -0.00524782
v -0.01440204 0.01170000 0.01061387
v -0.01440204 0.01149999 0.01061387
v -0.01408111 0.01170000 0.01112083
v -0.01408111 0.01149999 0.01112083
v -0.01721723 0.01149999 0.01073751
v -0.01724243 0.01149999 0.01069770
v -0.01721723 0.01149899 0.01073751
v -0.01724243 0.01149899 0.01069770
v -0.01627995 0.01149899 0.01168959
v -0.01627995 0.01149999 0.01168959
v -0.01625986 0.01149949 0.01172131
v -0.01444205 0.01149999 0.00878770
v -0.01448754 0.01149999 0.00881650
v -0.01444205 0.01149899 0.00878770
v -0.01448754 0.01149899 0.00881650
v -0.01352198 0.01149999 0.01046762
v -0.01341962 0.01149999 0.01040282
v -0.01352198 0.01149899 0.01046762
v -0.01341962 0.01149899 0.01040282
v 0.03062790 0.01970000 -0.00478869
v 0.03062790 0.01606742 -0.00478869
v 0.03065039 0.01616193 -0.00464259
v 0.03067847 0.01620000 -0.00445328
v 0.03080614 0.01620000 -0.00346146
v 0.03097426 0.01719999 -0.00126311
v 0.03082692 0.01616193 -0.00327122
v 0.03084362 0.01605355 -0.00310982
v 0.03085798 0.01229999 -0.00296401
v 0.03097426 0.01229999 -0.00126311
v 0.03085798 0.01570000 -0.00296401
v 0.03085431 0.01589133 -0.00300191
v 0.03099427 0.01909999 0.00059619
v 0.03099427 0.01970000 0.00059619
v 0.03099879 0.01909999 0.00027401
v 0.03099879 0.01719999 0.00027401
v 0.03185595 0.01459999 0.00072336
v 0.03274163 0.01459999 0.00118765
v 0.03185595 0.01719999 0.00072336
v 0.03274163 0.01909999 0.00118765
v 0.03099879 0.01719999 0.00027401
v 0.03099879 0.01909999 0.00027401
v -0.01346438 0.01149899 0.01055861
v -0.01350988 0.01149899 0.01058741
v -0.01349678 0.01149899 0.01050743
v -0.01354228 0.01149899 0.01053623
v -0.01384938 0.01149899 0.01073064
v -0.01385450 0.01149899 0.01072255
v -0.01341962 0.01149899 0.01040282
v -0.01339442 0.01149899 0.01044263
v -0.01352198 0.01149899 0.01046762
v -0.01356748 0.01149899 0.01049642
v -0.01376013 0.01149899 0.01061837
v -0.01365118 0.01149899 0.01036420
v -0.01365519 0.01149899 0.01025720
v 0.01886603 0.01719999 0.02445521
v 0.01812155 0.01719999 0.02515173
v 0.01886603 0.01909999 0.02445521
v 0.01812155 0.01970000 0.02515173
v 0.01932600 0.01909999 0.02376354
v 0.01932600 0.01970000 0.02376354
v -0.01497104 0.01159999 0.00982294
v -0.01497104 0.01170000 0.00982294
v -0.01467975 0.01159999 0.01028309
v -0.01467975 0.01170000 0.01028309
v -0.01649671 0.01149949 0.01137274
v -0.01642321 0.01149999 0.01129986
v -0.01642321 0.01149899 0.01129986
v -0.01640010 0.01149999 0.01123387
v -0.01640010 0.01149899 0.01123387
v -0.01640470 0.01149999 0.01116514
v -0.01640470 0.01149899 0.01116514
v 0.01511123 0.01029999 -0.01024923
v 0.01511123 0.01130000 -0.01024923
v 0.01572885 0.01029999 -0.00927358
v 0.01572885 0.01130000 -0.00927358
v 0.01845443 0.01149999 0.02628764
v 0.01845443 0.01719999 0.02628764
v 0.01584884 0.01229999 0.02820171
v 0.01584885 0.01249999 0.02820171
v 0.01648008 0.01229999 0.02783755
v 0.01648008 0.01149999 0.02783755
v -0.00441083 0.01970000 0.00841395
v -0.00777699 0.01970000 0.01483512
v 0.00038708 0.01970000 0.00949211
v 0.00068249 0.01970000 0.01673609
v 0.00508128 0.01970000 0.00802687
v 0.00895910 0.01970000 0.01415264
v 0.00841395 0.01970000 0.00441083
v 0.01483512 0.01970000 0.00777699
v 0.00949211 0.01970000 -0.00038708
v 0.01673609 0.01970000 -0.00068249
v 0.00802687 0.01970000 -0.00508128
v 0.01415264 0.01970000 -0.00895910
v 0.00441083 0.01970000 -0.00841395
v 0.00777699 0.01970000 -0.01483512
v -0.00038708 0.01970000 -0.00949211
v -0.00068249 0.01970000 -0.01673609
v -0.00508128 0.01970000 -0.00802687
v -0.00895910 0.01970000 -0.01415264
v -0.00841395 0.01970000 -0.00441083
v -0.01483512 0.01970000 -0.00777699
v -0.00949211 0.01970000 0.00038708
v -0.01673609 0.01970000 0.00068249
v -0.00802687 0.01970000 0.00508128
v -0.01415264 0.01970000 0.00895910
v -0.01305264 0.00849999 -0.00910072
v -0.01350660 0.01000000 -0.00708055
v -0.01350660 0.00849999 -0.00708055
v -0.01490983 0.01000000 -0.00555801
v -0.01490983 0.00849999 -0.00555801
v -0.01688634 0.01000000 -0.00494106
v -0.01688634 0.00849999 -0.00494106
v -0.01890651 0.01000000 -0.00539502
v -0.01890651 0.00849999 -0.00539502
v -0.02042905 0.01000000 -0.00679825
v -0.02042905 0.00849999 -0.00679825
v -0.02104600 0.01000000 -0.00877476
v -0.02104600 0.00849999 -0.00877476
v -0.02059203 0.01000000 -0.01079493
v -0.02059203 0.00849999 -0.01079493
v -0.01918881 0.01000000 -0.01231747
v -0.01918881 0.00849999 -0.01231747
v -0.01721230 0.01000000 -0.01293442
v -0.01721230 0.00849999 -0.01293442
v -0.01519213 0.01000000 -0.01248046
v -0.01519213 0.00849999 -0.01248046
v -0.01366959 0.01000000 -0.01107723
v -0.01366959 0.00849999 -0.01107723
v -0.01305264 0.01000000 -0.00910072
v 0.03318987 0.01570000 -0.00326419
v 0.03318987 0.01270000 -0.00326419
v 0.03239605 0.01270000 -0.00316200
v 0.03085798 0.01570000 -0.00296401
v 0.03219693 0.01270000 -0.00313637
v 0.03219693 0.01229999 -0.00313637
v 0.03202956 0.01229999 -0.00311483
v 0.03186219 0.01229999 -0.00309328
v 0.03152745 0.01229999 -0.00305019
v 0.03085798 0.01229999 -0.00296401
v -0.01408111 0.01170000 0.01112083
v -0.01408111 0.01149999 0.01112083
v -0.01534851 0.01170000 0.01192313
v -0.01534851 0.01149999 0.01192313
v -0.01724243 0.01149999 0.01069770
v -0.01689329 0.01149999 0.01047669
v -0.01724243 0.01149899 0.01069770
v -0.01689329 0.01149899 0.01047669
v -0.01624057 0.01149902 0.01175255
v -0.01625986 0.01149949 0.01172131
v -0.01623661 0.01149999 0.01175921
v -0.01622513 0.01149899 0.01177869
v -0.01622681 0.01149999 0.01177605
v -0.01621821 0.01149999 0.01179147
v -0.01621558 0.01149907 0.01179582
v -0.01621180 0.01149999 0.01180355
v -0.01621120 0.01149910 0.01180429
v -0.01621079 0.01149999 0.01180546
v -0.01620747 0.01149912 0.01181148
v -0.01620457 0.01149999 0.01181803
v -0.01620081 0.01149908 0.01182575
v -0.01619566 0.01149949 0.01183887
v -0.01448754 0.01149999 0.00881650
v -0.01461821 0.01149999 0.00861007
v -0.01448754 0.01149899 0.00881650
v -0.01461821 0.01149899 0.00861007
v -0.01341962 0.01149999 0.01040282
v -0.01339442 0.01149999 0.01044263
v -0.01341962 0.01149899 0.01040282
v -0.01339442 0.01149899 0.01044263
v 0.03085431 0.01589133 -0.00300191
v 0.03318612 0.01589133 -0.00330208
v 0.03084362 0.01605355 -0.00310982
v 0.03317521 0.01605355 -0.00340996
v 0.03082692 0.01616193 -0.00327122
v 0.03315823 0.01616193 -0.00357132
v 0.03080614 0.01620000 -0.00346146
v 0.03313719 0.01620000 -0.00376153
v 0.00315016 0.01029999 0.01773637
v 0.00358203 0.01029999 0.01911993
v 0.00193809 0.01029999 0.01918697
v 0.00326425 0.01029999 0.02053405
v 0.00140197 0.01029999 0.02020966
v 0.00208439 0.01029999 0.01675411
v 0.00132048 0.01029999 0.01821132
v 0.00067026 0.01029999 0.01643634
v 0.00016673 0.01029999 0.01825837
v -0.00071329 0.01029999 0.01686820
v -0.00169555 0.01029999 0.01793398
v -0.00036939 0.01029999 0.01928106
v -0.00201332 0.01029999 0.01934810
v 0.00228199 0.01029999 0.02159983
v 0.00089844 0.01029999 0.02203169
v 0.00024823 0.01029999 0.02025671
v -0.00051568 0.01029999 0.02171392
v -0.00158146 0.01029999 0.02073165
v 0.01378507 0.01029999 -0.01159631
v 0.01476733 0.01029999 -0.01266209
v 0.01564735 0.01029999 -0.01127192
v 0.01688259 0.01029999 -0.00932063
v 0.01741871 0.01029999 -0.01034332
v 0.01906264 0.01029999 -0.01041036
v 0.01863078 0.01029999 -0.01179391
v 0.01680110 0.01029999 -0.01131897
v 0.01756500 0.01029999 -0.01277618
v 0.01615088 0.01029999 -0.01309395
v 0.01346729 0.01029999 -0.01018219
v 0.01511123 0.01029999 -0.01024923
v 0.01389916 0.01029999 -0.00879863
v 0.01572885 0.01029999 -0.00927358
v 0.01496494 0.01029999 -0.00781637
v 0.01874487 0.01029999 -0.00899624
v 0.01776261 0.01029999 -0.00793046
v 0.01637906 0.01029999 -0.00749860
v 0.02170499 0.01909999 0.01922546
v 0.02300502 0.01970000 0.01674556
v 0.02279609 0.01957942 0.01714412
v 0.02258716 0.01620000 0.01754267
v 0.02170499 0.01620000 0.01922546
v 0.02258716 0.01880000 0.01754267
v 0.02264314 0.01925000 0.01743588
v -0.01414488 0.01159999 0.01112802
v -0.01414488 0.01170000 0.01112802
v -0.01461405 0.01159999 0.01142503
v -0.01461405 0.01170000 0.01142503
v -0.01674005 0.01149949 0.01136311
v -0.01679327 0.01149899 0.01130194
v -0.01679327 0.01149999 0.01130194
v -0.01683877 0.01149899 0.01123467
v -0.01683877 0.01149999 0.01123467
v 0.01564735 0.01029999 -0.01127192
v 0.01564735 0.01130000 -0.01127192
v 0.01511123 0.01029999 -0.01024923
v 0.01511123 0.01130000 -0.01024923
v 0.03232314 0.01149999 -0.00131812
v 0.03226944 0.01149999 -0.00228166
v 0.01730309 0.01149999 0.02733360
v 0.01648008 0.01149999 0.02783755
v 0.03211784 0.01149999 0.00022379
v 0.03234482 0.01149999 -0.00078630
v 0.01845443 0.01149999 0.02628764
v 0.01775281 0.01149999 0.02704891
v 0.00899253 0.01229999 -0.00036671
v 0.00899253 0.01149999 -0.00036671
v 0.00797111 0.01229999 0.00417868
v 0.00797111 0.01149999 0.00417868
v 0.00481384 0.01229999 0.00760440
v 0.00481384 0.01149999 0.00760440
v 0.00036671 0.01229999 0.00899253
v 0.00036671 0.01149999 0.00899253
v -0.00417868 0.01229999 0.00797111
v -0.00417868 0.01149999 0.00797111
v -0.00760440 0.01229999 0.00481384
v -0.00760440 0.01149999 0.00481384
v -0.00899253 0.01229999 0.00036671
v -0.00899253 0.01149999 0.00036671
v -0.00797111 0.01229999 -0.00417868
v -0.00797111 0.01149999 -0.00417868
v -0.00481384 0.01229999 -0.00760440
v -0.00481384 0.01149999 -0.00760440
v -0.00036671 0.01229999 -0.00899253
v -0.00036671 0.01149999 -0.00899253
v 0.00417868 0.01229999 -0.00797111
v 0.00417868 0.01149999 -0.00797111
v 0.00760440 0.01229999 -0.00481384
v 0.00760440 0.01149999 -0.00481384
v -0.02519203 0.01970000 -0.00734816
v -0.02484122 0.01970000 -0.00772879
v -0.02572690 0.01970000 -0.00819309
v -0.02472773 0.01970000 -0.00823384
v -0.02488196 0.01970000 -0.00872796
v -0.02657183 0.01970000 -0.00765822
v -0.02619120 0.01970000 -0.00730741
v -0.02568615 0.01970000 -0.00719392
v -0.02626177 0.01970000 -0.00903803
v -0.02661258 0.01970000 -0.00865739
v -0.02672607 0.01970000 -0.00815235
v -0.02526260 0.01970000 -0.00907877
v -0.02576764 0.01970000 -0.00919226
v 0.03294049 0.01589133 -0.00521022
v 0.03293452 0.01570000 -0.00524782
v 0.02817853 0.02209999 -0.01783796
v 0.01899364 0.01459999 0.02741285
v 0.01899364 0.01970000 0.02741285
v 0.01783796 0.02209999 0.02817853
v 0.01903962 0.01994800 0.02738093
v 0.01915619 0.02015921 0.02729950
v 0.01962587 0.01375147 0.02696383
v 0.01915619 0.01414078 0.02729950
v 0.01783796 0.01099999 0.02817853
v 0.01903946 0.01435243 0.02738104
v 0.01962587 0.02054852 0.02696383
v 0.02124068 0.02089999 0.02571101
v 0.02953739 0.02209999 0.01548434
v 0.02953739 0.02089999 0.01548434
v 0.03322857 0.02089999 0.00284333
v 0.03332230 0.02209999 -0.00135886
v 0.03334034 0.02054852 0.00080257
v 0.03334924 0.02015921 0.00022534
v 0.03334990 0.01435199 0.00008315
v 0.03334924 0.01414078 0.00022534
v 0.03332230 0.01099999 -0.00135886
v 0.03334990 0.01994756 0.00008295
v 0.03334999 0.01970000 0.00002717
v 0.03334999 0.01459999 0.00002717
v 0.03334034 0.01375147 0.00080257
v 0.03322857 0.01339999 0.00284333
v 0.02953739 0.01099999 0.01548434
v 0.02953739 0.01339999 0.01548434
v 0.02124068 0.01339999 0.02571101
v 0.02817853 0.01099999 -0.01783796
v 0.03293452 0.01270000 -0.00524782
v 0.03317521 0.01605355 -0.00340996
v 0.03315823 0.01616193 -0.00357132
v 0.03318987 0.01270000 -0.00326419
v 0.03318987 0.01570000 -0.00326419
v 0.03318612 0.01589133 -0.00330208
v 0.03295726 0.01605355 -0.00510309
v 0.03313719 0.01620000 -0.00376153
v 0.03300952 0.01620000 -0.00475335
v 0.03298170 0.01616193 -0.00494269
v 0.00135886 0.02209999 0.03332230
v 0.00135886 0.01099999 0.03332230
v -0.01548434 0.02209999 0.02953739
v -0.01548434 0.01099999 0.02953739
v -0.02817853 0.02209999 0.01783796
v -0.02817853 0.01099999 0.01783796
v -0.03332230 0.02209999 0.00135886
v -0.03332230 0.01099999 0.00135886
v -0.02953739 0.02209999 -0.01548434
v -0.02953739 0.01099999 -0.01548434
v -0.01783796 0.02209999 -0.02817853
v -0.01783796 0.01099999 -0.02817853
v -0.00135886 0.02209999 -0.03332230
v -0.00135886 0.01099999 -0.03332230
v 0.01548434 0.02209999 -0.02953739
v 0.01548434 0.01099999 -0.02953739
v 0.03214070 0.01270000 -0.00514567
v 0.03239605 0.01270000 -0.00316200
v 0.03293452 0.01270000 -0.00524782
v 0.03318987 0.01270000 -0.00326419
v -0.01534851 0.01170000 0.01192313
v -0.01534851 0.01149999 0.01192313
v -0.01566944 0.01170000 0.01141617
v -0.01566944 0.01149999 0.01141617
v -0.01689329 0.01149999 0.01047669
v -0.01742794 0.01149999 0.01040464
v -0.01689329 0.01149899 0.01047669
v -0.01742794 0.01149899 0.01040464
v -0.01619566 0.01149949 0.01183887
v -0.01618722 0.01149999 0.01189638
v -0.01618722 0.01149899 0.01189638
v -0.01620419 0.01149999 0.01195151
v -0.01620419 0.01149899 0.01195151
v -0.01625222 0.01149999 0.01199864
v -0.01625222 0.01149899 0.01199864
v -0.01461821 0.01149999 0.00861007
v -0.01466641 0.01149999 0.00879604
v -0.01461821 0.01149899 0.00861007
v -0.01466641 0.01149899 0.00879604
v -0.01339442 0.01149999 0.01044263
v -0.01349678 0.01149999 0.01050743
v -0.01339442 0.01149899 0.01044263
v -0.01349678 0.01149899 0.01050743
v 0.01741006 0.01270000 0.02750258
v 0.01730309 0.01249999 0.02733360
v 0.01584885 0.01249999 0.02820171
v -0.00485271 0.01270000 0.03218624
v 0.00285462 0.01249999 0.03222381
v -0.00863952 0.01270000 0.03138250
v -0.01222852 0.01249999 0.02994972
v -0.00099728 0.01270000 0.03253472
v 0.00287227 0.01270000 0.03242302
v 0.01043532 0.01270000 0.03083191
v -0.01906185 0.01270000 0.02638462
v -0.02205940 0.01270000 0.02393502
v -0.02459290 0.01249999 0.02101694
v -0.01579469 0.01270000 0.02846103
v -0.01230412 0.01270000 0.03013488
v -0.03148956 0.01249999 0.00741149
v -0.03168424 0.01270000 0.00745731
v -0.03057484 0.01270000 0.01116609
v -0.02903298 0.01270000 0.01471694
v -0.02708048 0.01270000 0.01805963
v -0.02474494 0.01270000 0.02114688
v -0.03254924 0.01270000 -0.00022274
v -0.03138518 0.01249999 -0.00784176
v -0.03157921 0.01270000 -0.00789024
v -0.02882885 0.01270000 -0.01511291
v -0.02430296 0.01249999 -0.02135155
v -0.02445321 0.01270000 -0.02148356
v -0.01869897 0.01270000 -0.02664303
v -0.01181748 0.01249999 -0.03011428
v -0.01189054 0.01270000 -0.03030045
v -0.00441176 0.01270000 -0.03224963
v 0.00329536 0.01249999 -0.03218172
v 0.00331574 0.01270000 -0.03238068
v 0.01085631 0.01270000 -0.03068621
v 0.01767555 0.01249999 -0.02709423
v 0.01778483 0.01270000 -0.02726174
v 0.02812595 0.01249999 -0.01598291
v 0.02829984 0.01270000 -0.01608172
v 0.02619049 0.01270000 -0.01932772
v 0.02371070 0.01270000 -0.02230034
v 0.03214070 0.01270000 -0.00514567
v 0.03194225 0.01249999 -0.00512009
v 0.03239605 0.01270000 -0.00316200
v 0.03232314 0.01249999 -0.00131812
v 0.03252297 0.01270000 -0.00132627
v 0.00298012 0.01750000 0.02890257
v 0.00298012 0.01170000 0.02890257
v 0.00277584 0.01750000 0.02981165
v 0.00277584 0.01170000 0.02981165
v 0.00214439 0.01750000 0.03049680
v 0.00214439 0.01170000 0.03049680
v 0.00125496 0.01750000 0.03077442
v 0.00125496 0.01170000 0.03077442
v 0.00034588 0.01750000 0.03057014
v 0.00034588 0.01170000 0.03057014
v -0.00033926 0.01750000 0.02993869
v -0.00033926 0.01170000 0.02993869
v -0.00061689 0.01750000 0.02904926
v -0.00061689 0.01170000 0.02904926
v -0.00041260 0.01750000 0.02814018
v -0.00041260 0.01170000 0.02814018
v 0.00021885 0.01750000 0.02745504
v 0.00021885 0.01170000 0.02745504
v 0.00110828 0.01750000 0.02717741
v 0.00110828 0.01170000 0.02717741
v 0.00201736 0.01750000 0.02738170
v 0.00201736 0.01170000 0.02738170
v 0.00270250 0.01750000 0.02801315
v 0.00270250 0.01170000 0.02801315
v -0.00760440 0.01050000 0.00481384
v -0.00844933 0.01050000 0.00534871
v -0.00417868 0.01050000 0.00797111
v -0.00464298 0.01050000 0.00885679
v 0.00036671 0.01050000 0.00899253
v 0.00040745 0.01050000 0.00999170
v 0.00481384 0.01050000 0.00760440
v 0.00534871 0.01050000 0.00844933
v 0.00797111 0.01050000 0.00417868
v 0.00885679 0.01050000 0.00464298
v 0.00899253 0.01050000 -0.00036671
v 0.00999170 0.01050000 -0.00040745
v 0.00760440 0.01050000 -0.00481384
v 0.00844933 0.01050000 -0.00534871
v 0.00417868 0.01050000 -0.00797111
v 0.00464298 0.01050000 -0.00885679
v -0.00036671 0.01050000 -0.00899253
v -0.00040745 0.01050000 -0.00999170
v -0.00481384 0.01050000 -0.00760440
v -0.00534871 0.01050000 -0.00844933
v -0.00797111 0.01050000 -0.00417868
v -0.00885679 0.01050000 -0.00464298
v -0.00899253 0.01050000 0.00036671
v -0.00999170 0.01050000 0.00040745
v 0.02715418 0.01943639 0.00883078
v 0.02701861 0.01963149 0.00908938
v 0.02815874 0.01909999 0.00691452
v 0.02724476 0.01914441 0.00865799
v 0.03053772 0.01909999 0.00237645
v 0.03053772 0.01970000 0.00237645
v 0.02685870 0.01970000 0.00939443
v 0.02815874 0.01620000 0.00691452
v 0.02727657 0.01620000 0.00859731
v 0.02727657 0.01880000 0.00859731
v -0.01461405 0.01159999 0.01142503
v -0.01461405 0.01170000 0.01142503
v -0.01490534 0.01159999 0.01096487
v -0.01490534 0.01170000 0.01096487
v -0.01685852 0.01149999 0.01120348
v -0.01683877 0.01149999 0.01123467
v -0.01685852 0.01149899 0.01120348
v -0.01683877 0.01149899 0.01123467
v -0.00999170 0.01050000 0.00040745
v -0.00999170 0.01149999 0.00040745
v -0.00844933 0.01050000 0.00534871
v -0.00844933 0.01149999 0.00534871
v -0.00464298 0.01050000 0.00885679
v -0.00464298 0.01149999 0.00885679
v 0.00040745 0.01050000 0.00999170
v 0.00040745 0.01149999 0.00999170
v 0.00534871 0.01050000 0.00844933
v 0.00534871 0.01149999 0.00844933
v 0.00885679 0.01050000 0.00464298
v 0.00885679 0.01149999 0.00464298
v 0.00999170 0.01050000 -0.00040745
v 0.00999170 0.01149999 -0.00040745
v 0.00844933 0.01050000 -0.00534871
v 0.00844933 0.01149999 -0.00534871
v 0.00464298 0.01050000 -0.00885679
v 0.00464298 0.01149999 -0.00885679
v -0.00040745 0.01050000 -0.00999170
v -0.00040745 0.01149999 -0.00999170
v -0.00534871 0.01050000 -0.00844933
v -0.00534871 0.01149999 -0.00844933
v -0.00885679 0.01050000 -0.00464298
v -0.00885679 0.01149999 -0.00464298
v 0.00024823 0.01130000 0.02025671
v -0.00036939 0.01130000 0.01928106
v 0.00140197 0.01130000 0.02020966
v 0.00016673 0.01130000 0.01825837
v 0.00193809 0.01130000 0.01918697
v 0.00132048 0.01130000 0.01821132
v -0.01820306 0.01029999 -0.00889069
v -0.01820306 0.01130000 -0.00889069
v -0.01758545 0.01029999 -0.00791505
v -0.01758545 0.01130000 -0.00791505
v 0.00508128 0.02119999 0.00802687
v 0.00895910 0.02119999 0.01415264
v 0.00038708 0.02119999 0.00949211
v 0.00068249 0.02119999 0.01673609
v -0.00441083 0.02119999 0.00841395
v -0.00777699 0.02119999 0.01483512
v -0.00802687 0.02119999 0.00508128
v -0.01415264 0.02119999 0.00895910
v -0.00949211 0.02119999 0.00038708
v -0.01673609 0.02119999 0.00068249
v -0.00841395 0.02119999 -0.00441083
v -0.01483512 0.02119999 -0.00777699
v -0.00508128 0.02119999 -0.00802687
v -0.00895910 0.02119999 -0.01415264
v -0.00038708 0.02119999 -0.00949211
v -0.00068249 0.02119999 -0.01673609
v 0.00441083 0.02119999 -0.00841395
v 0.00777699 0.02119999 -0.01483512
v 0.00802687 0.02119999 -0.00508128
v 0.01415264 0.02119999 -0.00895910
v 0.00949211 0.02119999 -0.00038708
v 0.01673609 0.02119999 -0.00068249
v 0.00841395 0.02119999 0.00441083
v 0.01483512 0.02119999 0.00777699
v -0.00169555 0.01149999 0.01793398
v -0.00178412 0.01149999 0.01788755
v -0.00071329 0.01149999 0.01686820
v -0.00076678 0.01149999 0.01678371
v 0.00067026 0.01149999 0.01643634
v 0.00066619 0.01149999 0.01633642
v 0.00208439 0.01149999 0.01675411
v 0.00213082 0.01149999 0.01666555
v 0.00315016 0.01149999 0.01773637
v 0.00323466 0.01149999 0.01768289
v 0.00358203 0.01149999 0.01911993
v 0.00368194 0.01149999 0.01911585
v 0.00326425 0.01149999 0.02053405
v 0.00335282 0.01149999 0.02058048
v 0.00228199 0.01149999 0.02159983
v 0.00233548 0.01149999 0.02168432
v 0.00089844 0.01149999 0.02203169
v 0.00090251 0.01149999 0.02213161
v -0.00051568 0.01149999 0.02171392
v -0.00056211 0.01149999 0.02180248
v -0.00158146 0.01149999 0.02073165
v -0.00166596 0.01149999 0.02078514
v -0.00201332 0.01149999 0.01934810
v -0.00211324 0.01149999 0.01935218
v 0.02953739 0.02089999 0.01548434
v 0.02124068 0.02089999 0.02571101
v 0.03322857 0.02089999 0.00284333
v -0.01566944 0.01170000 0.01141617
v -0.01566944 0.01149999 0.01141617
v -0.01440204 0.01170000 0.01061387
v -0.01440204 0.01149999 0.01061387
v -0.01742794 0.01149999 0.01040464
v -0.01743323 0.01149999 0.01039628
v -0.01742794 0.01149899 0.01040464
v -0.01743323 0.01149899 0.01039628
v -0.01625222 0.01149899 0.01199864
v -0.01625222 0.01149999 0.01199864
v -0.01629991 0.01149999 0.01201919
v -0.01629991 0.01149899 0.01201919
v -0.01636018 0.01149999 0.01201778
v -0.01636018 0.01149899 0.01201778
v -0.01641831 0.01149999 0.01198480
v -0.01641831 0.01149899 0.01198480
v -0.01476874 0.01149949 0.00898654
v -0.01470863 0.01149899 0.00892085
v -0.01470863 0.01149999 0.00892085
v -0.01467158 0.01149899 0.00881567
v -0.01467158 0.01149999 0.00881567
v -0.01466641 0.01149899 0.00879604
v -0.01466641 0.01149999 0.00879604
v -0.01349678 0.01149999 0.01050743
v -0.01346438 0.01149999 0.01055861
v -0.01349678 0.01149899 0.01050743
v -0.01346438 0.01149899 0.01055861
v 0.02424498 0.01970000 0.01739558
v 0.03062790 0.01970000 -0.00478869
v 0.02300502 0.01970000 0.01674556
v 0.01314033 0.01970000 0.02807725
v 0.01932600 0.01970000 0.02376354
v 0.01812155 0.01970000 0.02515173
v 0.03053772 0.01970000 0.00237645
v 0.03099427 0.01970000 0.00059619
v -0.02388618 0.01750000 -0.01353799
v -0.02388618 0.01170000 -0.01353799
v -0.02409047 0.01750000 -0.01262891
v -0.02409047 0.01170000 -0.01262891
v -0.02472192 0.01750000 -0.01194377
v -0.02472192 0.01170000 -0.01194377
v -0.02561135 0.01750000 -0.01166614
v -0.02561135 0.01170000 -0.01166614
v -0.02652043 0.01750000 -0.01187042
v -0.02652043 0.01170000 -0.01187042
v -0.02720557 0.01750000 -0.01250188
v -0.02720557 0.01170000 -0.01250188
v -0.02748319 0.01750000 -0.01339130
v -0.02748319 0.01170000 -0.01339130
v -0.02727891 0.01750000 -0.01430038
v -0.02727891 0.01170000 -0.01430038
v -0.02664746 0.01750000 -0.01498553
v -0.02664746 0.01170000 -0.01498553
v -0.02575803 0.01750000 -0.01526315
v -0.02575803 0.01170000 -0.01526315
v -0.02484895 0.01750000 -0.01505887
v -0.02484895 0.01170000 -0.01505887
v -0.02416381 0.01750000 -0.01442742
v -0.02416381 0.01170000 -0.01442742
v 0.02630158 0.01750000 -0.01558461
v 0.02630158 0.01170000 -0.01558461
v 0.02609729 0.01750000 -0.01467553
v 0.02609729 0.01170000 -0.01467553
v 0.02546584 0.01750000 -0.01399039
v 0.02546584 0.01170000 -0.01399039
v 0.02457641 0.01750000 -0.01371277
v 0.02457641 0.01170000 -0.01371277
v 0.02366733 0.01750000 -0.01391705
v 0.02366733 0.01170000 -0.01391705
v 0.02298219 0.01750000 -0.01454850
v 0.02298219 0.01170000 -0.01454850
v 0.02270457 0.01750000 -0.01543793
v 0.02270457 0.01170000 -0.01543793
v 0.02290885 0.01750000 -0.01634701
v 0.02290885 0.01170000 -0.01634701
v 0.02354030 0.01750000 -0.01703215
v 0.02354030 0.01170000 -0.01703215
v 0.02442973 0.01750000 -0.01730978
v 0.02442973 0.01170000 -0.01730978
v 0.02533881 0.01750000 -0.01710549
v 0.02533881 0.01170000 -0.01710549
v 0.02602395 0.01750000 -0.01647404
v 0.02602395 0.01170000 -0.01647404
v -0.01490534 0.01159999 0.01096487
v -0.01490534 0.01170000 0.01096487
v -0.01443617 0.01159999 0.01066787
v -0.01443617 0.01170000 0.01066787
v -0.01650592 0.01149999 0.01098027
v -0.01685852 0.01149999 0.01120348
v -0.01650592 0.01149899 0.01098027
v -0.01685852 0.01149899 0.01120348
v 0.02450307 0.01853923 -0.01551127
v 0.02609729 0.01750000 -0.01467553
v 0.02546584 0.01750000 -0.01399039
v 0.02630158 0.01750000 -0.01558461
v 0.02450307 0.01853923 -0.01551127
v 0.02450307 0.01853923 -0.01551127
v 0.02366733 0.01750000 -0.01391705
v 0.02298219 0.01750000 -0.01454850
v 0.02457641 0.01750000 -0.01371277
v 0.02450307 0.01853923 -0.01551127
v 0.02450307 0.01853923 -0.01551127
v 0.02450307 0.01853923 -0.01551127
v 0.02290885 0.01750000 -0.01634701
v 0.02354030 0.01750000 -0.01703215
v 0.02270457 0.01750000 -0.01543793
v 0.02450307 0.01853923 -0.01551127
v 0.02450307 0.01853923 -0.01551127
v 0.02450307 0.01853923 -0.01551127
v 0.02533881 0.01750000 -0.01710549
v 0.02602395 0.01750000 -0.01647404
v 0.02442973 0.01750000 -0.01730978
v 0.02450307 0.01853923 -0.01551127
v 0.02450307 0.01853923 -0.01551127
v 0.02450307 0.01853923 -0.01551127
v -0.01514892 0.01159999 0.01058009
v -0.01544021 0.01159999 0.01011994
v -0.01467975 0.01159999 0.01028309
v -0.01497104 0.01159999 0.00982294
v -0.01766694 0.01029999 -0.00991338
v -0.01766694 0.01130000 -0.00991338
v -0.01820306 0.01029999 -0.00889069
v -0.01820306 0.01130000 -0.00889069
v 0.00126311 0.01149999 0.03097426
v 0.00126718 0.01149999 0.03107417
v 0.00025302 0.01149999 0.03074727
v 0.00020659 0.01149999 0.03083584
v -0.00050825 0.01149999 0.03004566
v -0.00059274 0.01149999 0.03009915
v -0.00081672 0.01149999 0.02905741
v -0.00091664 0.01149999 0.02906148
v -0.00058974 0.01149999 0.02804732
v -0.00067831 0.01149999 0.02800089
v 0.00011188 0.01149999 0.02728605
v 0.00005839 0.01149999 0.02720156
v 0.00110013 0.01149999 0.02697758
v 0.00109605 0.01149999 0.02687766
v 0.00211022 0.01149999 0.02720456
v 0.00215664 0.01149999 0.02711599
v 0.00287149 0.01149999 0.02790618
v 0.00295598 0.01149999 0.02785269
v 0.00317996 0.01149999 0.02889443
v 0.00327987 0.01149999 0.02889035
v 0.00295298 0.01149999 0.02990451
v 0.00304154 0.01149999 0.02995094
v 0.00225136 0.01149999 0.03066578
v 0.00230485 0.01149999 0.03075028
v 0.01903962 0.01994800 0.02738093
v 0.01899364 0.01970000 0.02741285
v 0.01915619 0.02015921 0.02729950
v 0.02424498 0.01970000 0.01739558
v 0.02809865 0.01970000 0.01004444
v 0.03334999 0.01970000 0.00002717
v 0.03334990 0.01994756 0.00008295
v 0.03334924 0.02015921 0.00022534
v 0.03334034 0.02054852 0.00080257
v 0.01962587 0.02054852 0.02696383
v 0.03328446 0.02072426 0.00182295
v 0.02043328 0.02072426 0.02633742
v -0.01547178 0.01170000 0.00892400
v -0.01547178 0.01149999 0.00892400
v -0.01515086 0.01170000 0.00943096
v -0.01515086 0.01149999 0.00943096
v -0.01743323 0.01149999 0.01039628
v -0.01698964 0.01149999 0.01011548
v -0.01743323 0.01149899 0.01039628
v -0.01698964 0.01149899 0.01011548
v -0.01641831 0.01149899 0.01198480
v -0.01641831 0.01149999 0.01198480
v -0.01645580 0.01149999 0.01193803
v -0.01645580 0.01149899 0.01193803
v -0.01648894 0.01149999 0.01188798
v -0.01648894 0.01149899 0.01188798
v -0.01492915 0.01149949 0.00869775
v -0.01490395 0.01149999 0.00873756
v -0.01490395 0.01149899 0.00873756
v -0.01346438 0.01149999 0.01055861
v -0.01350988 0.01149999 0.01058741
v -0.01346438 0.01149899 0.01055861
v -0.01350988 0.01149899 0.01058741
v 0.02279609 0.01957942 0.01714412
v 0.02403604 0.01957942 0.01779413
v 0.02264314 0.01925000 0.01743588
v 0.02388309 0.01925000 0.01808590
v 0.02258716 0.01880000 0.01754267
v 0.02382711 0.01880000 0.01819269
v -0.01493691 0.01170000 0.00976893
v -0.01497104 0.01170000 0.00982294
v -0.01544021 0.01170000 0.01011994
v -0.01467975 0.01170000 0.01028309
v -0.01461598 0.01170000 0.01027589
v -0.01514892 0.01170000 0.01058009
v -0.01588338 0.01170000 0.01107820
v -0.01620431 0.01170000 0.01057124
v -0.01952922 0.01149999 -0.01023777
v -0.01961779 0.01149999 -0.01028420
v -0.01854696 0.01149999 -0.01130355
v -0.01860045 0.01149999 -0.01138805
v -0.01716341 0.01149999 -0.01173541
v -0.01716748 0.01149999 -0.01183533
v -0.01574929 0.01149999 -0.01141764
v -0.01570286 0.01149999 -0.01150621
v -0.01468351 0.01149999 -0.01043538
v -0.01459901 0.01149999 -0.01048887
v -0.01425165 0.01149999 -0.00905183
v -0.01415173 0.01149999 -0.00905590
v -0.01456942 0.01149999 -0.00763771
v -0.01448085 0.01149999 -0.00759127
v -0.01555168 0.01149999 -0.00657193
v -0.01549819 0.01149999 -0.00648743
v -0.01693523 0.01149999 -0.00614006
v -0.01693116 0.01149999 -0.00604015
v -0.01834935 0.01149999 -0.00645784
v -0.01839578 0.01149999 -0.00636927
v -0.01941513 0.01149999 -0.00744010
v -0.01949963 0.01149999 -0.00738661
v -0.01984700 0.01149999 -0.00882365
v -0.01994691 0.01149999 -0.00881958
v 0.02205926 0.01620000 0.01941118
v 0.02294143 0.01620000 0.01772839
v 0.02205926 0.01459999 0.01941118
v 0.02294143 0.01459999 0.01772839
v 0.01929669 0.01719999 0.02468097
v 0.01929669 0.01459999 0.02468097
v 0.02763084 0.01459999 0.00878303
v 0.03185595 0.01719999 0.00072336
v 0.03185595 0.01459999 0.00072336
v 0.02851301 0.01459999 0.00710024
v 0.02851301 0.01620000 0.00710024
v 0.02763084 0.01620000 0.00878303
v -0.01443617 0.01159999 0.01066787
v -0.01443617 0.01170000 0.01066787
v -0.01414488 0.01159999 0.01112802
v -0.01414488 0.01170000 0.01112802
v -0.01647369 0.01149999 0.01103119
v -0.01650592 0.01149999 0.01098027
v -0.01647369 0.01149899 0.01103119
v -0.01650592 0.01149899 0.01098027
v -0.01425165 0.01029999 -0.00905183
v -0.01456942 0.01149999 -0.00763771
v -0.01456942 0.01029999 -0.00763771
v -0.01555168 0.01149999 -0.00657193
v -0.01555168 0.01029999 -0.00657193
v -0.01693523 0.01149999 -0.00614006
v -0.01693523 0.01029999 -0.00614006
v -0.01834935 0.01149999 -0.00645784
v -0.01834935 0.01029999 -0.00645784
v -0.01941513 0.01149999 -0.00744010
v -0.01941513 0.01029999 -0.00744010
v -0.01984700 0.01149999 -0.00882365
v -0.01984700 0.01029999 -0.00882365
v -0.01952922 0.01149999 -0.01023777
v -0.01952922 0.01029999 -0.01023777
v -0.01854696 0.01149999 -0.01130355
v -0.01854696 0.01029999 -0.01130355
v -0.01716341 0.01149999 -0.01173541
v -0.01716341 0.01029999 -0.01173541
v -0.01574929 0.01149999 -0.01141764
v -0.01574929 0.01029999 -0.01141764
v -0.01468351 0.01149999 -0.01043538
v -0.01468351 0.01029999 -0.01043538
v -0.01425165 0.01149999 -0.00905183
v -0.01461405 0.01159999 0.01142503
v -0.01490534 0.01159999 0.01096487
v -0.01414488 0.01159999 0.01112802
v -0.01443617 0.01159999 0.01066787
v -0.01651320 0.01029999 -0.00996043
v -0.01651320 0.01130000 -0.00996043
v -0.01766694 0.01029999 -0.00991338
v -0.01766694 0.01130000 -0.00991338
v 0.02251660 0.01970000 -0.00005147
v 0.02286741 0.01970000 -0.00043210
v 0.02198173 0.01970000 -0.00089640
v 0.02298090 0.01970000 -0.00093715
v 0.02282666 0.01970000 -0.00143127
v 0.02113680 0.01970000 -0.00036153
v 0.02151743 0.01970000 -0.00001072
v 0.02202248 0.01970000 0.00010277
v 0.02144686 0.01970000 -0.00174133
v 0.02109605 0.01970000 -0.00136070
v 0.02098256 0.01970000 -0.00085565
v 0.02244603 0.01970000 -0.00178208
v 0.02194098 0.01970000 -0.00189557
v -0.03014808 0.01000000 -0.00836108
v -0.02975818 0.01000000 0.00120017
v -0.03232011 0.01000000 0.00130465
v -0.01902440 0.01000000 0.02496116
v -0.01941309 0.01000000 0.01542964
v -0.01206035 0.01000000 0.01512980
v -0.03232314 0.01000000 0.00131812
v -0.01549405 0.01000000 0.01347718
v -0.01400047 0.01000000 0.01253170
v -0.01216935 0.01000000 0.01245702
v 0.00588359 0.01000000 0.00929427
v 0.00727330 0.01000000 0.00778639
v 0.00743117 0.01000000 0.01165773
v -0.02042905 0.01000000 -0.00679825
v -0.02031525 0.01000000 -0.00669337
v -0.02000957 0.01000000 0.00080263
v -0.01366959 0.01000000 -0.01107723
v -0.01374758 0.01000000 -0.01114911
v -0.01313301 0.01000000 -0.01117417
v -0.01305264 0.01000000 -0.00910072
v -0.01265683 0.01000000 0.00050279
v -0.01350660 0.01000000 -0.00708055
v -0.01890651 0.01000000 -0.00539502
v -0.01688634 0.01000000 -0.00494106
v -0.01490983 0.01000000 -0.00555801
v -0.02052015 0.01000000 -0.01087293
v -0.02059203 0.01000000 -0.01079493
v -0.02230145 0.01000000 -0.01080029
v -0.02104600 0.01000000 -0.00877476
v -0.02182527 0.01000000 0.00087668
v -0.02244049 0.01000000 -0.01420995
v -0.02062479 0.01000000 -0.01428399
v -0.02048715 0.01000000 -0.01090874
v -0.01519213 0.01000000 -0.01248046
v -0.01327205 0.01000000 -0.01458383
v -0.01721230 0.01000000 -0.01293442
v -0.01918881 0.01000000 -0.01231747
v 0.02264315 0.01000000 -0.01648630
v 0.02254384 0.01000000 -0.01604438
v 0.02065941 0.01000000 -0.01596754
v 0.02240482 0.01000000 -0.01542570
v 0.02079846 0.01000000 -0.01255787
v 0.02272871 0.01000000 -0.01438804
v 0.02352804 0.01000000 -0.01365134
v 0.02458864 0.01000000 -0.01341301
v 0.02562630 0.01000000 -0.01373691
v 0.02871401 0.01000000 -0.01288066
v 0.02636300 0.01000000 -0.01453624
v 0.02766135 0.01000000 -0.01625307
v 0.02660133 0.01000000 -0.01559684
v 0.02641239 0.01000000 -0.01620214
v 0.02733360 0.01000000 -0.01730309
v 0.02627743 0.01000000 -0.01663450
v 0.02547810 0.01000000 -0.01737120
v 0.02034219 0.01000000 -0.02374663
v 0.02441751 0.01000000 -0.01760953
v 0.02337984 0.01000000 -0.01728563
v 0.01286215 0.01000000 0.01143626
v 0.00974247 0.01000000 0.00510728
v 0.01237467 0.01000000 -0.00051797
v -0.01222014 0.01000000 0.01110881
v -0.00645729 0.01000000 0.01222409
v -0.01222368 0.01000000 0.01112457
v -0.01098784 0.01000000 0.00043473
v -0.01099087 0.01000000 0.00044820
v -0.00929427 0.01000000 0.00588359
v -0.01222495 0.01000000 0.01109338
v -0.00661516 0.01000000 0.00835275
v 0.00044820 0.01000000 0.01099087
v -0.00201098 0.01000000 0.01204277
v -0.00510728 0.01000000 0.00974247
v -0.00974247 0.01000000 -0.00510728
v -0.00727330 0.01000000 -0.00778639
v -0.00742095 0.01000000 -0.01140710
v -0.00588359 0.01000000 -0.00929427
v -0.00297465 0.01000000 -0.01158842
v -0.00044820 0.01000000 -0.01099087
v 0.00646751 0.01000000 -0.01197346
v 0.00510728 0.01000000 -0.00974247
v 0.01099087 0.01000000 -0.00044820
v 0.01098675 0.01000000 -0.00046138
v 0.01189849 0.01000000 -0.01219494
v 0.00929427 0.01000000 -0.00588359
v 0.00661516 0.01000000 -0.00835275
v 0.01916256 0.01000000 -0.01041444
v 0.01883344 0.01000000 -0.00894981
v 0.02127464 0.01000000 -0.00088091
v 0.01781610 0.01000000 -0.00784597
v 0.01638313 0.01000000 -0.00739868
v 0.01429552 0.01000000 -0.01229269
v 0.01369650 0.01000000 -0.01164274
v 0.01336738 0.01000000 -0.01017811
v 0.01381466 0.01000000 -0.00874515
v 0.01491851 0.01000000 -0.00772781
v 0.01471384 0.01000000 -0.01274658
v 0.01175944 0.01000000 -0.01560460
v 0.01614681 0.01000000 -0.01319387
v 0.01871528 0.01000000 -0.01184740
v 0.01806533 0.01000000 -0.01244642
v 0.01761143 0.01000000 -0.01286474
v -0.01229726 0.01000000 0.01086174
v -0.01507859 0.01000000 0.00646809
v -0.01881025 0.01000000 0.00823860
v -0.01898565 0.01000000 0.00842891
v -0.01904240 0.01000000 0.00868144
v -0.01952208 0.01000000 0.01275686
v -0.01526891 0.01000000 0.00629269
v -0.01552143 0.01000000 0.00623594
v -0.01576849 0.01000000 0.00631306
v -0.01245229 0.01000000 0.01155165
v -0.01227688 0.01000000 0.01136133
v -0.01567608 0.01000000 0.01354737
v -0.01587111 0.01000000 0.01354255
v -0.01604945 0.01000000 0.01346347
v -0.01896528 0.01000000 0.00892850
v -0.01661680 0.01000000 0.01263839
v -0.01618395 0.01000000 0.01332215
v -0.02559913 0.01000000 -0.01136639
v -0.02456146 0.01000000 -0.01169029
v -0.02889288 0.01000000 -0.01394683
v -0.02778295 0.01000000 -0.01337908
v -0.02966746 0.01000000 -0.01049990
v -0.02745905 0.01000000 -0.01234142
v -0.02665972 0.01000000 -0.01160472
v -0.02382476 0.01000000 -0.01248962
v -0.02358643 0.01000000 -0.01355021
v -0.02377537 0.01000000 -0.01415552
v -0.02391033 0.01000000 -0.01458788
v -0.02470966 0.01000000 -0.01532457
v -0.02273531 0.01000000 -0.02143950
v -0.02577026 0.01000000 -0.01556290
v -0.02680792 0.01000000 -0.01523901
v -0.02865171 0.01000000 -0.01502005
v -0.02754462 0.01000000 -0.01443967
v -0.02764392 0.01000000 -0.01399776
v 0.00794351 0.01000000 0.02422145
v 0.00233548 0.01000000 0.02168432
v 0.00335282 0.01000000 0.02058048
v 0.00090251 0.01000000 0.02213161
v -0.00149864 0.01000000 0.02460650
v -0.00056211 0.01000000 0.02180248
v 0.00066619 0.01000000 0.01633642
v -0.00190199 0.01000000 0.01471555
v 0.00213082 0.01000000 0.01666555
v 0.00754016 0.01000000 0.01433051
v 0.00323466 0.01000000 0.01768289
v 0.00368194 0.01000000 0.01911585
v -0.00594495 0.01000000 0.02478781
v -0.00166596 0.01000000 0.02078514
v -0.00165402 0.01000000 0.02079614
v -0.00076678 0.01000000 0.01678371
v -0.00177312 0.01000000 0.01787562
v -0.00634829 0.01000000 0.01489687
v -0.00178412 0.01000000 0.01788755
v -0.00211324 0.01000000 0.01935218
v -0.02133778 0.01000000 0.01283091
v -0.02936719 0.01000000 0.01078807
v -0.02863664 0.01000000 0.01312855
v -0.02122879 0.01000000 0.01550369
v -0.02781147 0.01000000 0.01577212
v -0.02091414 0.01000000 0.02321950
v -0.02733360 0.01000000 0.01730309
v -0.01165700 0.01000000 0.02502075
v -0.01865031 0.01000000 0.02530593
v -0.01147646 0.01000000 0.02944801
v -0.01502005 0.01000000 0.02865171
v -0.00570199 0.01000000 0.03074562
v -0.00120710 0.01000000 0.03175568
v 0.00131812 0.01000000 0.03232314
v 0.00230485 0.01000000 0.03075028
v 0.00818647 0.01000000 0.03017925
v 0.00304154 0.01000000 0.02995094
v 0.00327987 0.01000000 0.02889035
v 0.00295598 0.01000000 0.02785269
v 0.00215664 0.01000000 0.02711599
v 0.00109605 0.01000000 0.02687766
v 0.00005839 0.01000000 0.02720156
v 0.00020659 0.01000000 0.03083584
v 0.00126718 0.01000000 0.03107417
v -0.00067831 0.01000000 0.02800089
v -0.00091664 0.01000000 0.02906148
v -0.00059274 0.01000000 0.03009915
v 0.01337449 0.01000000 0.02399998
v 0.01355810 0.01000000 0.02850255
v 0.02220817 0.01000000 0.02201146
v 0.02064887 0.01000000 0.02370334
v 0.01297115 0.01000000 0.01410903
v 0.03232314 0.01000000 -0.00131812
v 0.02961052 0.01000000 0.01075327
v 0.02176212 0.01000000 0.01107332
v 0.02900335 0.01000000 0.01345525
v 0.02187112 0.01000000 0.01374610
v -0.02099365 0.01000000 -0.02332925
v -0.01730309 0.01000000 -0.02733360
v -0.00818647 0.01000000 -0.03017925
v -0.00755999 0.01000000 -0.01481677
v -0.00131812 0.01000000 -0.03232314
v -0.00311369 0.01000000 -0.01499809
v 0.00570199 0.01000000 -0.03074562
v 0.00632846 0.01000000 -0.01538313
v 0.01502005 0.01000000 -0.02865171
v 0.01730309 0.01000000 0.02733360
v 0.02865171 0.01000000 0.01502005
v -0.02391333 0.01149999 -0.01253605
v -0.02382476 0.01149999 -0.01248962
v -0.02461495 0.01149999 -0.01177478
v -0.02456146 0.01149999 -0.01169029
v -0.02560320 0.01149999 -0.01146631
v -0.02559913 0.01149999 -0.01136639
v -0.02661329 0.01149999 -0.01169329
v -0.02665972 0.01149999 -0.01160472
v -0.02737456 0.01149999 -0.01239490
v -0.02745905 0.01149999 -0.01234142
v -0.02768303 0.01149999 -0.01338316
v -0.02778295 0.01149999 -0.01337908
v -0.02745605 0.01149999 -0.01439324
v -0.02754462 0.01149999 -0.01443967
v -0.02675443 0.01149999 -0.01515451
v -0.02680792 0.01149999 -0.01523901
v -0.02576618 0.01149999 -0.01546299
v -0.02577026 0.01149999 -0.01556290
v -0.02475609 0.01149999 -0.01523600
v -0.02470966 0.01149999 -0.01532457
v -0.02399482 0.01149999 -0.01453439
v -0.02391033 0.01149999 -0.01458788
v -0.02368635 0.01149999 -0.01354614
v -0.02358643 0.01149999 -0.01355021
v 0.01899364 0.01459999 0.02741285
v 0.02018237 0.01459999 0.02514527
v 0.02018237 0.01909999 0.02514527
v 0.02294494 0.01909999 0.01987548
v 0.02388309 0.01925000 0.01808590
v 0.02403604 0.01957942 0.01779413
v 0.02294494 0.01459999 0.01987548
v 0.02382711 0.01459999 0.01819269
v 0.02382711 0.01880000 0.01819269
v -0.01515086 0.01170000 0.00943096
v -0.01515086 0.01149999 0.00943096
v -0.01641826 0.01170000 0.01023327
v -0.01641826 0.01149999 0.01023327
v -0.01698964 0.01149999 0.01011548
v -0.01696444 0.01149999 0.01015529
v -0.01698964 0.01149899 0.01011548
v -0.01696444 0.01149899 0.01015529
v -0.01648894 0.01149999 0.01188798
v -0.01654401 0.01149999 0.01180099
v -0.01648894 0.01149899 0.01188798
v -0.01654401 0.01149899 0.01180099
v -0.01494120 0.01149949 0.00890515
v -0.01496118 0.01149899 0.00884708
v -0.01496118 0.01149999 0.00884708
v -0.01495132 0.01149899 0.00879342
v -0.01495132 0.01149999 0.00879342
v -0.01490897 0.01149899 0.00874148
v -0.01490897 0.01149999 0.00874148
v -0.01490395 0.01149899 0.00873756
v -0.01490395 0.01149999 0.00873756
v -0.01350988 0.01149999 0.01058741
v -0.01354228 0.01149999 0.01053623
v -0.01350988 0.01149899 0.01058741
v -0.01354228 0.01149899 0.01053623
v 0.02258716 0.01620000 0.01754267
v 0.02258716 0.01880000 0.01754267
v 0.02294143 0.01620000 0.01772839
v 0.02382711 0.01880000 0.01819269
v 0.02294143 0.01459999 0.01772839
v 0.02382711 0.01459999 0.01819269
v -0.01440204 0.01170000 0.01061387
v -0.01443617 0.01170000 0.01066787
v -0.01490534 0.01170000 0.01096487
v -0.01414488 0.01170000 0.01112802
v -0.01408111 0.01170000 0.01112083
v -0.01461405 0.01170000 0.01142503
v -0.01534851 0.01170000 0.01192313
v -0.01566944 0.01170000 0.01141617
v -0.01439324 0.02309999 0.02745605
v -0.01497361 0.02309999 0.02856315
v 0.00126311 0.02309999 0.03097426
v 0.00131404 0.02309999 0.03222322
v 0.01658101 0.02309999 0.02619294
v 0.01724960 0.02309999 0.02724910
v 0.02745605 0.02309999 0.01439324
v 0.02856315 0.02309999 0.01497361
v 0.03097426 0.02309999 -0.00126311
v 0.03222322 0.02309999 -0.00131404
v 0.02619294 0.02309999 -0.01658101
v 0.02724910 0.02309999 -0.01724960
v 0.01439324 0.02309999 -0.02745605
v 0.01497361 0.02309999 -0.02856315
v -0.00126311 0.02309999 -0.03097426
v -0.00131404 0.02309999 -0.03222322
v -0.01658101 0.02309999 -0.02619294
v -0.01724960 0.02309999 -0.02724910
v -0.02745605 0.02309999 -0.01439324
v -0.02856315 0.02309999 -0.01497361
v -0.03097426 0.02309999 0.00126311
v -0.03222322 0.02309999 0.00131404
v -0.02619294 0.02309999 0.01658101
v -0.02724910 0.02309999 0.01724960
v 0.00140197 0.01029999 0.02020966
v 0.00140197 0.01130000 0.02020966
v 0.00193809 0.01029999 0.01918697
v 0.00193809 0.01130000 0.01918697
v -0.01521462 0.01159999 0.00943816
v -0.01521462 0.01170000 0.00943816
v -0.01568379 0.01159999 0.00973516
v -0.01568379 0.01170000 0.00973516
v -0.01627531 0.01149999 0.01179544
v -0.01632545 0.01149999 0.01171839
v -0.01627531 0.01149899 0.01179544
v -0.01632545 0.01149899 0.01171839
v 0.03097426 0.02309999 -0.00126311
v 0.03097426 0.02119999 -0.00126311
v 0.02745605 0.02309999 0.01439324
v 0.02745605 0.02119999 0.01439324
v 0.01658101 0.02309999 0.02619294
v 0.01658101 0.02119999 0.02619294
v 0.00126311 0.02309999 0.03097426
v 0.00126311 0.02119999 0.03097426
v -0.01439324 0.02309999 0.02745605
v -0.01439324 0.02119999 0.02745605
v -0.02619294 0.02309999 0.01658101
v -0.02619294 0.02119999 0.01658101
v -0.03097426 0.02309999 0.00126311
v -0.03097426 0.02119999 0.00126311
v -0.02745605 0.02309999 -0.01439324
v -0.02745605 0.02119999 -0.01439324
v -0.01658101 0.02309999 -0.02619294
v -0.01658101 0.02119999 -0.02619294
v -0.00126311 0.02309999 -0.03097426
v -0.00126311 0.02119999 -0.03097426
v 0.01439324 0.02309999 -0.02745605
v 0.01439324 0.02119999 -0.02745605
v 0.02619294 0.02309999 -0.01658101
v 0.02619294 0.02119999 -0.01658101
v -0.01568379 0.01159999 0.00973516
v -0.01597508 0.01159999 0.00927501
v -0.01521462 0.01159999 0.00943816
v -0.01550591 0.01159999 0.00897801
v -0.01589558 0.01029999 -0.00898479
v -0.01589558 0.01130000 -0.00898479
v -0.01651320 0.01029999 -0.00996043
v -0.01651320 0.01130000 -0.00996043
v 0.02298090 0.02119999 -0.00093715
v 0.02298090 0.01970000 -0.00093715
v 0.02286741 0.02119999 -0.00043210
v 0.02286741 0.01970000 -0.00043210
v 0.02251660 0.02119999 -0.00005147
v 0.02251660 0.01970000 -0.00005147
v 0.02202248 0.02119999 0.00010277
v 0.02202248 0.01970000 0.00010277
v 0.02151743 0.02119999 -0.00001072
v 0.02151743 0.01970000 -0.00001072
v 0.02113680 0.02119999 -0.00036153
v 0.02113680 0.01970000 -0.00036153
v 0.02098256 0.02119999 -0.00085565
v 0.02098256 0.01970000 -0.00085565
v 0.02109605 0.02119999 -0.00136070
v 0.02109605 0.01970000 -0.00136070
v 0.02144686 0.02119999 -0.00174133
v 0.02144686 0.01970000 -0.00174133
v 0.02194098 0.02119999 -0.00189557
v 0.02194098 0.01970000 -0.00189557
v 0.02244603 0.02119999 -0.00178208
v 0.02244603 0.01970000 -0.00178208
v 0.02282666 0.02119999 -0.00143127
v 0.02282666 0.01970000 -0.00143127
v -0.03332230 0.01099999 0.00135886
v -0.02733360 0.01000000 0.01730309
v -0.02817853 0.01099999 0.01783796
v -0.01502005 0.01000000 0.02865171
v -0.01548434 0.01099999 0.02953739
v 0.00131812 0.01000000 0.03232314
v 0.00135886 0.01099999 0.03332230
v 0.01730309 0.01000000 0.02733360
v 0.01783796 0.01099999 0.02817853
v 0.02865171 0.01000000 0.01502005
v 0.02953739 0.01099999 0.01548434
v 0.03232314 0.01000000 -0.00131812
v 0.03332230 0.01099999 -0.00135886
v 0.02733360 0.01000000 -0.01730309
v 0.02817853 0.01099999 -0.01783796
v 0.01502005 0.01000000 -0.02865171
v 0.01548434 0.01099999 -0.02953739
v -0.00131812 0.01000000 -0.03232314
v -0.00135886 0.01099999 -0.03332230
v -0.01730309 0.01000000 -0.02733360
v -0.01783796 0.01099999 -0.02817853
v -0.02865171 0.01000000 -0.01502005
v -0.02953739 0.01099999 -0.01548434
v -0.03232314 0.01000000 0.00131812
v -0.01896528 0.01149999 0.00892850
v -0.01896528 0.01000000 0.00892850
v -0.01904240 0.01149999 0.00868144
v -0.01904240 0.01000000 0.00868144
v -0.01898565 0.01149999 0.00842891
v -0.01898565 0.01000000 0.00842891
v -0.01881025 0.01149999 0.00823860
v -0.01881025 0.01000000 0.00823860
v 0.02124068 0.01339999 0.02571101
v 0.03322857 0.01339999 0.00284333
v 0.03328446 0.01357573 0.00182295
v 0.03334924 0.01414078 0.00022534
v 0.03334990 0.01435199 0.00008315
v 0.03334999 0.01459999 0.00002717
v 0.03274163 0.01459999 0.00118765
v 0.02939869 0.01459999 0.00756454
v 0.02851652 0.01459999 0.00924733
v 0.02043328 0.01357573 0.02633742
v 0.03334034 0.01375147 0.00080257
v 0.01962587 0.01375147 0.02696383
v 0.01915619 0.01414078 0.02729950
v 0.01903946 0.01435243 0.02738104
v -0.01641826 0.01170000 0.01023327
v -0.01641826 0.01149999 0.01023327
v -0.01673918 0.01170000 0.00972631
v -0.01673918 0.01149999 0.00972631
v -0.01647142 0.01149949 0.01141250
v -0.01637613 0.01149899 0.01131761
v -0.01637613 0.01149999 0.01131761
v -0.01634279 0.01149899 0.01120682
v -0.01634279 0.01149999 0.01120682
v -0.01637040 0.01149899 0.01109927
v -0.01637040 0.01149999 0.01109927
v -0.01639861 0.01149899 0.01104913
v -0.01639861 0.01149999 0.01104913
v -0.01654401 0.01149999 0.01180099
v -0.01610042 0.01149999 0.01152018
v -0.01654401 0.01149899 0.01180099
v -0.01610042 0.01149899 0.01152018
v -0.01428152 0.01149999 0.00979336
v -0.01428152 0.01149899 0.00979336
v -0.01429046 0.01149899 0.00979822
v -0.01429046 0.01149999 0.00979822
v -0.01432426 0.01149899 0.00980374
v -0.01432426 0.01149999 0.00980374
v -0.01436671 0.01149899 0.00978970
v -0.01436671 0.01149999 0.00978970
v -0.01440758 0.01149899 0.00974819
v -0.01440758 0.01149999 0.00974819
v -0.01354228 0.01149999 0.01053623
v -0.01384938 0.01149999 0.01073064
v -0.01354228 0.01149899 0.01053623
v -0.01384938 0.01149899 0.01073064
v 0.02205926 0.01459999 0.01941118
v 0.02294494 0.01459999 0.01987548
v 0.02205926 0.01620000 0.01941118
v 0.02294494 0.01909999 0.01987548
v 0.02170499 0.01620000 0.01922546
v 0.02170499 0.01909999 0.01922546
v -0.01547178 0.01170000 0.00892400
v -0.01550591 0.01170000 0.00897801
v -0.01597508 0.01170000 0.00927501
v -0.01521462 0.01170000 0.00943816
v -0.01515086 0.01170000 0.00943096
v -0.01568379 0.01170000 0.00973516
v -0.01641826 0.01170000 0.01023327
v -0.01673918 0.01170000 0.00972631
v 0.03067847 0.01620000 -0.00445328
v 0.03300952 0.01620000 -0.00475335
v 0.03080614 0.01620000 -0.00346146
v 0.03313719 0.01620000 -0.00376153
v 0.00024823 0.01029999 0.02025671
v 0.00024823 0.01130000 0.02025671
v 0.00140197 0.01029999 0.02020966
v 0.00140197 0.01130000 0.02020966
v -0.01568379 0.01159999 0.00973516
v -0.01568379 0.01170000 0.00973516
v -0.01597508 0.01159999 0.00927501
v -0.01597508 0.01170000 0.00927501
v -0.01627724 0.01149949 0.01195872
v -0.01624666 0.01149999 0.01192517
v -0.01624666 0.01149899 0.01192517
v -0.01623780 0.01149999 0.01188667
v -0.01623780 0.01149899 0.01188667
v -0.01624261 0.01149999 0.01185918
v -0.01624261 0.01149899 0.01185918
v -0.01627531 0.01149999 0.01179544
v -0.01627531 0.01149899 0.01179544
v 0.01648008 0.01149999 0.02783755
v 0.03226944 0.01149999 -0.00228166
v 0.01648008 0.01229999 0.02783755
v 0.03226944 0.01229999 -0.00228166
v -0.01621866 0.01159999 0.00889023
v -0.01650996 0.01159999 0.00843007
v -0.01574949 0.01159999 0.00859322
v -0.01604078 0.01159999 0.00813307
v -0.01643170 0.01029999 -0.00796209
v -0.01643170 0.01130000 -0.00796209
v -0.01589558 0.01029999 -0.00898479
v -0.01589558 0.01130000 -0.00898479
v 0.02244603 0.02119999 -0.00178208
v 0.02282666 0.02119999 -0.00143127
v 0.02198173 0.02119999 -0.00089640
v 0.02298090 0.02119999 -0.00093715
v 0.02286741 0.02119999 -0.00043210
v 0.02109605 0.02119999 -0.00136070
v 0.02144686 0.02119999 -0.00174133
v 0.02194098 0.02119999 -0.00189557
v 0.02151743 0.02119999 -0.00001072
v 0.02113680 0.02119999 -0.00036153
v 0.02098256 0.02119999 -0.00085565
v 0.02251660 0.02119999 -0.00005147
v 0.02202248 0.02119999 0.00010277
v 0.00368194 0.01149999 0.01911585
v 0.00368194 0.01000000 0.01911585
v 0.00335282 0.01149999 0.02058048
v 0.00335282 0.01000000 0.02058048
v 0.00233548 0.01149999 0.02168432
v 0.00233548 0.01000000 0.02168432
v 0.00090251 0.01149999 0.02213161
v 0.00090251 0.01000000 0.02213161
v -0.00056211 0.01149999 0.02180248
v -0.00056211 0.01000000 0.02180248
v -0.00166596 0.01149999 0.02078514
v -0.00166596 0.01000000 0.02078514
v -0.00211324 0.01149999 0.01935218
v -0.00211324 0.01000000 0.01935218
v -0.00178412 0.01149999 0.01788755
v -0.00178412 0.01000000 0.01788755
v -0.00076678 0.01149999 0.01678371
v -0.00076678 0.01000000 0.01678371
v 0.00066619 0.01149999 0.01633642
v 0.00066619 0.01000000 0.01633642
v 0.00213082 0.01149999 0.01666555
v 0.00213082 0.01000000 0.01666555
v 0.00323466 0.01149999 0.01768289
v 0.00323466 0.01000000 0.01768289
v -0.01463326 0.01149999 0.00788715
v -0.01461765 0.01149999 0.00826991
v -0.01504010 0.01149999 0.00828713
v -0.01881025 0.01149999 0.00823860
v -0.01850445 0.01149999 0.00804501
v -0.01765406 0.01149999 0.00801033
v -0.01495037 0.01149999 0.01048757
v -0.01493715 0.01149999 0.01081176
v -0.01549866 0.01149999 0.01083465
v -0.01440204 0.01149999 0.01061387
v -0.01451904 0.01149999 0.01068794
v -0.01452851 0.01149999 0.01045592
v -0.01549847 0.01149999 0.01130795
v -0.01550285 0.01149999 0.01120049
v -0.01531673 0.01149999 0.01119290
v -0.01549405 0.01149999 0.01347718
v -0.01567608 0.01149999 0.01354737
v -0.01578846 0.01149999 0.01354459
v -0.01674843 0.01149999 0.00925875
v -0.01674099 0.01149999 0.00944131
v -0.01678285 0.01149999 0.00944301
v -0.01568573 0.01149999 0.00858603
v -0.01585393 0.01149999 0.00832032
v -0.01562069 0.01149999 0.00831081
v -0.01648563 0.01149999 0.01091166
v -0.01667611 0.01149999 0.01103225
v -0.01668220 0.01149999 0.01088292
v -0.01610042 0.01149999 0.01152018
v -0.01616503 0.01149999 0.01156108
v -0.01616814 0.01149999 0.01148483
v -0.01625986 0.01149949 0.01172131
v -0.01627995 0.01149999 0.01168959
v -0.01616281 0.01149999 0.01161544
v -0.01404260 0.01149972 0.00972873
v -0.01402322 0.01149999 0.01020390
v -0.01355454 0.01149999 0.01041620
v -0.01343292 0.01149999 0.01041124
v -0.01352198 0.01149999 0.01046762
v -0.01341962 0.01149999 0.01040282
v -0.01346438 0.01149999 0.01055861
v -0.01349678 0.01149999 0.01050743
v -0.01339442 0.01149999 0.01044263
v -0.01354228 0.01149999 0.01053623
v -0.01350988 0.01149999 0.01058741
v -0.01384938 0.01149999 0.01073064
v -0.01239454 0.01149999 0.01070807
v -0.01260384 0.01149999 0.01037743
v -0.01341476 0.01149999 0.01041050
v -0.01274665 0.01149999 0.01015184
v -0.01365519 0.01149999 0.01025720
v -0.01440852 0.01149999 0.00963719
v -0.01428092 0.01149999 0.00963366
v -0.01442597 0.01149999 0.00967886
v -0.01426304 0.01149999 0.00966802
v -0.01424953 0.01149999 0.00973232
v -0.01440758 0.01149999 0.00974819
v -0.01441883 0.01149999 0.00972627
v -0.01432426 0.01149999 0.00980374
v -0.01436671 0.01149999 0.00978970
v -0.01429046 0.01149999 0.00979822
v -0.01428152 0.01149999 0.00979336
v -0.01425797 0.01149999 0.00976751
v -0.01421188 0.01149999 0.00962918
v -0.01423543 0.01149999 0.00960486
v -0.01409775 0.01149955 0.00945474
v -0.01404693 0.01149999 0.00962245
v -0.01442326 0.01149999 0.00957241
v -0.01439806 0.01149999 0.00961222
v -0.01427811 0.01149999 0.00963188
v -0.01410912 0.01149999 0.00969644
v -0.01415982 0.01149999 0.00968291
v -0.01406290 0.01149999 0.00968622
v -0.01401440 0.01149999 0.00962112
v -0.01404483 0.01149999 0.00967404
v -0.01405252 0.01149998 0.00948527
v -0.01421226 0.01149999 0.00941494
v -0.01457349 0.01149999 0.00935292
v -0.01412183 0.01149999 0.00939730
v -0.01405878 0.01149999 0.00933193
v -0.01405532 0.01149999 0.00941674
v -0.01456855 0.01149999 0.00947394
v -0.01404956 0.01149999 0.00941843
v -0.01328564 0.01149999 0.00930040
v -0.01401651 0.01149972 0.00945142
v -0.01321084 0.01149999 0.00941857
v -0.01310606 0.01149999 0.00958408
v -0.01396542 0.01149999 0.00961913
v -0.01372629 0.01149999 0.01042320
v -0.01401380 0.01149999 0.01043493
v -0.01446671 0.01149999 0.00963957
v -0.01447053 0.01149999 0.00964548
v -0.01456164 0.01149999 0.00964344
v -0.01447650 0.01149999 0.00971716
v -0.01453793 0.01149999 0.01022489
v -0.01468568 0.01149964 0.00869019
v -0.01470753 0.01149949 0.00877453
v -0.01490395 0.01149999 0.00873756
v -0.01490897 0.01149999 0.00874148
v -0.01473443 0.01149999 0.00886830
v -0.01495132 0.01149999 0.00879342
v -0.01475342 0.01149999 0.00890815
v -0.01477888 0.01149999 0.00893622
v -0.01479035 0.01149949 0.00894454
v -0.01484167 0.01149999 0.00896012
v -0.01487184 0.01149949 0.00895671
v -0.01496118 0.01149999 0.00884708
v -0.01494120 0.01149949 0.00890515
v -0.01492230 0.01149999 0.00892840
v -0.01492769 0.01149952 0.00870006
v -0.01492915 0.01149949 0.00869775
v -0.01463285 0.01149999 0.00848628
v -0.01460717 0.01149999 0.00852684
v -0.01410294 0.01149999 0.00824892
v -0.01450835 0.01149999 0.00868296
v -0.01408594 0.01149999 0.00866573
v -0.01444205 0.01149999 0.00878770
v -0.01448754 0.01149999 0.00881650
v -0.01457047 0.01149999 0.00868549
v -0.01460065 0.01149999 0.00868672
v -0.01460278 0.01149999 0.00863445
v -0.01476874 0.01149949 0.00898654
v -0.01470863 0.01149999 0.00892085
v -0.01493133 0.01149951 0.00870021
v -0.01499615 0.01149999 0.00877351
v -0.01502311 0.01149999 0.00870395
v -0.01501245 0.01149999 0.00885195
v -0.01499594 0.01149999 0.00937014
v -0.01499027 0.01149999 0.00892759
v -0.01498544 0.01149949 0.00893602
v -0.01492204 0.01149999 0.00899537
v -0.01485493 0.01149999 0.00901110
v -0.01478009 0.01149999 0.00899277
v -0.01461821 0.01149999 0.00861007
v -0.01463848 0.01149999 0.00868826
v -0.01466641 0.01149999 0.00879604
v -0.01467158 0.01149999 0.00881567
v -0.01550485 0.01149999 0.00809033
v -0.01522180 0.01149999 0.00791115
v -0.01505571 0.01149999 0.00790437
v -0.01506126 0.01149999 0.00780952
v -0.01511568 0.01149999 0.00643391
v -0.01508646 0.01149999 0.00776971
v -0.01526891 0.01149999 0.00629269
v -0.01531595 0.01149999 0.00791499
v -0.01665684 0.01149999 0.01150476
v -0.01639923 0.01149999 0.01149426
v -0.01664121 0.01149999 0.01164744
v -0.01618722 0.01149999 0.01189638
v -0.01619566 0.01149949 0.01183887
v -0.01645580 0.01149999 0.01193803
v -0.01641831 0.01149999 0.01198480
v -0.01661019 0.01149999 0.01264883
v -0.01636018 0.01149999 0.01201778
v -0.01618395 0.01149999 0.01332215
v -0.01629991 0.01149999 0.01201919
v -0.01608915 0.01149999 0.01342175
v -0.01625222 0.01149999 0.01199864
v -0.01620419 0.01149999 0.01195151
v -0.01620457 0.01149999 0.01181803
v -0.01621079 0.01149999 0.01180546
v -0.01621821 0.01149999 0.01179147
v -0.01661601 0.01149999 0.01168724
v -0.01622681 0.01149999 0.01177605
v -0.01623661 0.01149999 0.01175921
v -0.01604945 0.01149999 0.01346347
v -0.01607522 0.01149999 0.01155999
v -0.01587111 0.01149999 0.01354255
v -0.01619762 0.01149999 0.01136663
v -0.01617861 0.01149999 0.01122805
v -0.01617242 0.01149999 0.01140644
v -0.01630508 0.01149999 0.01149042
v -0.01654401 0.01149999 0.01180099
v -0.01648894 0.01149999 0.01188798
v -0.01647142 0.01149949 0.01141250
v -0.01637613 0.01149999 0.01131761
v -0.01688837 0.01149963 0.01125699
v -0.01687252 0.01149949 0.01128204
v -0.01699290 0.01149999 0.01151847
v -0.01676742 0.01149949 0.01141267
v -0.01669871 0.01149999 0.01150647
v -0.01672406 0.01149999 0.01088463
v -0.01671699 0.01149999 0.01105812
v -0.01701826 0.01149999 0.01089662
v -0.01692922 0.01149999 0.01119247
v -0.01700337 0.01149999 0.01126168
v -0.01635130 0.01149999 0.01123509
v -0.01634279 0.01149999 0.01120682
v -0.01619349 0.01149999 0.01086299
v -0.01637040 0.01149999 0.01109927
v -0.01639861 0.01149999 0.01104913
v -0.01670137 0.01149979 0.01144108
v -0.01665869 0.01149998 0.01145945
v -0.01665636 0.01149999 0.01146045
v -0.01654745 0.01149999 0.01144879
v -0.01755873 0.01149999 0.01034808
v -0.01756659 0.01149988 0.01015534
v -0.01754132 0.01149999 0.01017877
v -0.01703616 0.01149999 0.01045743
v -0.01703206 0.01149999 0.01055801
v -0.01742794 0.01149999 0.01040464
v -0.01754931 0.01149999 0.01057910
v -0.01743323 0.01149999 0.01039628
v -0.01734320 0.01149999 0.01033929
v -0.01713961 0.01149999 0.00994011
v -0.01716775 0.01149999 0.00981313
v -0.01706520 0.01149999 0.00974553
v -0.01718302 0.01149949 0.00978483
v -0.01721863 0.01149966 0.00975179
v -0.01742596 0.01149999 0.01020889
v -0.01729818 0.01149999 0.01018062
v -0.01704859 0.01149999 0.01015279
v -0.01726922 0.01149949 0.01016500
v -0.01717110 0.01149999 0.01005907
v -0.01698964 0.01149999 0.01011548
v -0.01677100 0.01149999 0.00973354
v -0.01696444 0.01149999 0.01015529
v -0.01674729 0.01149999 0.01031499
v -0.01704637 0.01149999 0.01020715
v -0.01704148 0.01149999 0.01032699
v -0.01724904 0.01149999 0.01033545
v -0.01731277 0.01149999 0.01037579
v -0.01703798 0.01149999 0.01041280
v -0.01677937 0.01149999 0.01044764
v -0.01677363 0.01149999 0.01045670
v -0.01673787 0.01149999 0.01054602
v -0.01692690 0.01149999 0.01055372
v -0.01702959 0.01149999 0.01061873
v -0.01721723 0.01149999 0.01073751
v -0.01753550 0.01149999 0.01091772
v -0.01724243 0.01149999 0.01069770
v -0.01703180 0.01149999 0.01056437
v -0.01702106 0.01149999 0.01055756
v -0.01689329 0.01149999 0.01047669
v -0.01841327 0.01149999 0.00980051
v -0.01769412 0.01149999 0.00992150
v -0.01805386 0.01149999 0.01036827
v -0.01767680 0.01149999 0.01002597
v -0.01765161 0.01149949 0.01007648
v -0.01756229 0.01149949 0.00969731
v -0.01758432 0.01149960 0.00972055
v -0.01758935 0.01149999 0.00959712
v -0.01762984 0.01149984 0.00976856
v -0.01728997 0.01149999 0.00968559
v -0.01707211 0.01149999 0.00957603
v -0.01741595 0.01149999 0.00965450
v -0.01754206 0.01149999 0.00968608
v -0.01763845 0.01149999 0.00839309
v -0.01712121 0.01149999 0.00837200
v -0.01712947 0.01149999 0.00878985
v -0.01710480 0.01149999 0.00877424
v -0.01682702 0.01149999 0.00836000
v -0.01681754 0.01149999 0.00859239
v -0.01678515 0.01149999 0.00835830
v -0.01677666 0.01149999 0.00856651
v -0.01629946 0.01149999 0.00826443
v -0.01642451 0.01149999 0.00834359
v -0.01680076 0.01149999 0.00797554
v -0.01600665 0.01149999 0.00807907
v -0.01601123 0.01149999 0.00808196
v -0.01601687 0.01149999 0.00794357
v -0.01631206 0.01149999 0.00795561
v -0.01563630 0.01149999 0.00792805
v -0.01560370 0.01149999 0.00872763
v -0.01593046 0.01149999 0.00874095
v -0.01762145 0.01149999 0.00880991
v -0.01727405 0.01149999 0.00888137
v -0.01759429 0.01149999 0.00947610
v -0.01708848 0.01149999 0.00917452
v -0.01707704 0.01149999 0.00945501
v -0.01695313 0.01149999 0.00938833
v -0.01678931 0.01149999 0.00928463
v -0.01673605 0.01149999 0.00956232
v -0.01672961 0.01149999 0.00972025
v -0.01677792 0.01149999 0.00956403
v -0.01673918 0.01149999 0.00972631
v -0.01625784 0.01149999 0.00942160
v -0.01646252 0.01149999 0.00955117
v -0.01499100 0.01149999 0.00949116
v -0.01515086 0.01149999 0.00943096
v -0.01518449 0.01149999 0.00937783
v -0.01498409 0.01149999 0.00966067
v -0.01555019 0.01149999 0.00968375
v -0.01554552 0.01149999 0.01015421
v -0.01573425 0.01149999 0.01027368
v -0.01593595 0.01149999 0.00992795
v -0.01592154 0.01149999 0.01028131
v -0.01621672 0.01149999 0.01029335
v -0.01641826 0.01149999 0.01023327
v -0.01588342 0.01149999 0.01121601
v -0.01566944 0.01149999 0.01141617
v -0.01587295 0.01149999 0.01147279
v -0.01563962 0.01149999 0.01146328
v -0.01548198 0.01149999 0.01171229
v -0.01492597 0.01149999 0.01047213
v -0.01469932 0.01149999 0.01080206
v -0.01429338 0.01149999 0.01078550
v -0.01399999 0.01149999 0.01077354
v -0.01385450 0.01149999 0.01072255
v -0.01408111 0.01149999 0.01112083
v -0.01398510 0.01149999 0.01113860
v -0.01411773 0.01149999 0.01114400
v -0.01541213 0.01149999 0.01342532
v -0.01534851 0.01149999 0.01192313
v -0.01484521 0.01149999 0.01306644
v -0.01490332 0.01149999 0.01164131
v -0.01443270 0.01149999 0.01280531
v -0.01455202 0.01149999 0.01141893
v -0.01448934 0.01149999 0.01141637
v -0.01493155 0.01149999 0.01094907
v -0.01551729 0.01149999 0.01084645
v -0.01588338 0.01149999 0.01107820
v -0.01588943 0.01149999 0.01106865
v -0.01591713 0.01149999 0.01038945
v -0.01612498 0.01149999 0.01052102
v -0.01620730 0.01149999 0.01052438
v -0.01620431 0.01149999 0.01057124
v -0.01602400 0.01149999 0.01085608
v -0.01556434 0.01149999 0.00969271
v -0.01497860 0.01149999 0.00979533
v -0.01493691 0.01149999 0.00976893
v -0.01464549 0.01149999 0.01022928
v -0.01461598 0.01149999 0.01027589
v -0.01449082 0.01149999 0.01138018
v -0.01397463 0.01149999 0.01139538
v -0.01393011 0.01149999 0.01248716
v -0.01226891 0.01149999 0.01132582
v -0.01227688 0.01149999 0.01136133
v -0.01245229 0.01149999 0.01155165
v -0.01222014 0.01149999 0.01110881
v -0.01229726 0.01149999 0.01086174
v -0.01369744 0.01149999 0.00864989
v -0.01507859 0.01149999 0.00646809
v -0.01466445 0.01149999 0.00712230
v -0.01419168 0.01149999 0.00786914
v -0.01411338 0.01149999 0.00799282
v -0.01395508 0.01149999 0.00824289
v -0.01607544 0.01149999 0.00650737
v -0.01576849 0.01149999 0.00631306
v -0.01570299 0.01149999 0.00629261
v -0.01552143 0.01149999 0.00623594
v -0.01767408 0.01149999 0.00751936
v -0.01716902 0.01149999 0.00719964
v -0.01713682 0.01149999 0.00798924
v -0.01688175 0.01149999 0.00701779
v -0.01684263 0.01149999 0.00797724
v -0.01684087 0.01149999 0.00699191
v -0.01636367 0.01149999 0.00668983
v -0.01898999 0.01149999 0.00844821
v -0.01898565 0.01149999 0.00842891
v -0.01904240 0.01149999 0.00868144
v -0.01896528 0.01149999 0.00892850
v -0.01859285 0.01149999 0.00951682
v -0.01851805 0.01149999 0.00963499
v -0.01766089 0.01149999 0.00980131
v -0.01791105 0.01149999 0.01059386
v -0.01747610 0.01149999 0.01128096
v -0.01752375 0.01149999 0.01120567
v -0.01770175 0.01149999 0.01092449
v -0.01665501 0.01149999 0.01257803
v -0.01696998 0.01149999 0.01208047
v -0.01731737 0.01149999 0.01153170
v -0.01669601 0.01149999 0.01054431
v -0.01670543 0.01149999 0.01031328
v -0.01672869 0.01149999 0.00974288
v -0.01673552 0.01149999 0.00973209
v -0.01627123 0.01149999 0.00895667
v -0.01625241 0.01149999 0.00941817
v -0.01598300 0.01149999 0.00877421
v -0.01596418 0.01149999 0.00923570
v -0.01559257 0.01149999 0.00900046
v -0.01547178 0.01149999 0.00892400
v -0.01555677 0.01149999 0.00800831
v -0.01552776 0.01149999 0.00795348
v -0.01548456 0.01149999 0.00802172
v 0.02953739 0.01339999 0.01548434
v 0.03322857 0.01339999 0.00284333
v 0.02124068 0.01339999 0.02571101
v -0.01673918 0.01170000 0.00972631
v -0.01673918 0.01149999 0.00972631
v -0.01547178 0.01170000 0.00892400
v -0.01547178 0.01149999 0.00892400
v -0.01687252 0.01149949 0.01128204
v -0.01692922 0.01149999 0.01119247
v -0.01692922 0.01149899 0.01119247
v -0.01552776 0.01149999 0.00795348
v -0.01548456 0.01149999 0.00802172
v -0.01552776 0.01149899 0.00795348
v -0.01548456 0.01149899 0.00802172
v -0.01428092 0.01149999 0.00963366
v -0.01428092 0.01149899 0.00963366
v -0.01426304 0.01149899 0.00966802
v -0.01426304 0.01149999 0.00966802
v -0.01424953 0.01149899 0.00973232
v -0.01424953 0.01149999 0.00973232
v -0.01425797 0.01149899 0.00976751
v -0.01425797 0.01149999 0.00976751
v -0.01428152 0.01149899 0.00979336
v -0.01428152 0.01149999 0.00979336
v -0.01384938 0.01149999 0.01073064
v -0.01385450 0.01149999 0.01072255
v -0.01384938 0.01149899 0.01073064
v -0.01385450 0.01149899 0.01072255
v 0.02170499 0.01909999 0.01922546
v 0.02294494 0.01909999 0.01987548
v 0.01932600 0.01909999 0.02376354
v 0.02018237 0.01909999 0.02514527
v 0.01886603 0.01909999 0.02445521
v -0.01600665 0.01170000 0.00807907
v -0.01604078 0.01170000 0.00813307
v -0.01650996 0.01170000 0.00843007
v -0.01574949 0.01170000 0.00859322
v -0.01568573 0.01170000 0.00858603
v -0.01621866 0.01170000 0.00889023
v -0.01695313 0.01170000 0.00938833
v -0.01727405 0.01170000 0.00888137
v 0.01690194 0.01229999 0.02669990
v 0.01584884 0.01229999 0.02820171
v 0.01648008 0.01229999 0.02783755
v 0.03157376 0.01229999 -0.00128756
v 0.03226944 0.01229999 -0.00228166
v 0.03221117 0.01229999 -0.00299381
v 0.03219693 0.01229999 -0.00313637
v 0.03217614 0.01229999 -0.00334935
v 0.03202956 0.01229999 -0.00311483
v 0.03213719 0.01229999 -0.00370449
v 0.03194225 0.01229999 -0.00512009
v 0.01658101 0.01229999 0.02619294
v 0.03097426 0.01229999 -0.00126311
v 0.01314033 0.01229999 0.02807725
v 0.03085798 0.01229999 -0.00296401
v 0.03072056 0.01229999 -0.00496283
v 0.03152745 0.01229999 -0.00305019
v 0.03186219 0.01229999 -0.00309328
v -0.00036939 0.01029999 0.01928106
v -0.00036939 0.01130000 0.01928106
v 0.00024823 0.01029999 0.02025671
v 0.00024823 0.01130000 0.02025671
v -0.01597508 0.01159999 0.00927501
v -0.01597508 0.01170000 0.00927501
v -0.01550591 0.01159999 0.00897801
v -0.01550591 0.01170000 0.00897801
v -0.01647331 0.01149899 0.01181199
v -0.01647331 0.01149999 0.01181199
v -0.01642195 0.01149949 0.01189312
v 0.01584884 0.01229999 0.02820171
v 0.01690194 0.01229999 0.02669990
v 0.01584885 0.01249999 0.02820171
v 0.01690194 0.01270000 0.02669990
v 0.01584884 0.01270000 0.02820171
v -0.01729450 0.01149999 0.01012525
v -0.01753727 0.01149949 0.00973723
v -0.01751208 0.01149899 0.00972390
v -0.01731067 0.01149999 0.01013470
v -0.01741150 0.01149999 0.01015977
v -0.01751955 0.01149999 0.01013008
v -0.01741165 0.01149899 0.00970374
v -0.01731745 0.01149899 0.00972989
v -0.01722953 0.01149949 0.00981203
v -0.01721843 0.01149999 0.01004585
v -0.01719157 0.01149999 0.00994881
v -0.01721114 0.01149999 0.00984654
v -0.01761434 0.01149899 0.00981815
v -0.01764117 0.01149899 0.00992325
v -0.01761638 0.01149899 0.01002903
v -0.01760488 0.01149949 0.01004963
v -0.01758545 0.01029999 -0.00791505
v -0.01758545 0.01130000 -0.00791505
v -0.01643170 0.01029999 -0.00796209
v -0.01643170 0.01130000 -0.00796209
v 0.01074943 0.01970000 -0.01864000
v 0.01110024 0.01970000 -0.01902064
v 0.01021456 0.01970000 -0.01948494
v 0.01121373 0.01970000 -0.01952568
v 0.01105949 0.01970000 -0.02001981
v 0.00936963 0.01970000 -0.01895007
v 0.00975026 0.01970000 -0.01859926
v 0.01025530 0.01970000 -0.01848577
v 0.00967969 0.01970000 -0.02032987
v 0.00932888 0.01970000 -0.01994924
v 0.00921539 0.01970000 -0.01944419
v 0.01067886 0.01970000 -0.02037062
v 0.01017381 0.01970000 -0.02048411
v 0.00327987 0.01149999 0.02889035
v 0.00327987 0.01000000 0.02889035
v 0.00304154 0.01149999 0.02995094
v 0.00304154 0.01000000 0.02995094
v 0.00230485 0.01149999 0.03075028
v 0.00230485 0.01000000 0.03075028
v 0.00126718 0.01149999 0.03107417
v 0.00126718 0.01000000 0.03107417
v 0.00020659 0.01149999 0.03083584
v 0.00020659 0.01000000 0.03083584
v -0.00059274 0.01149999 0.03009915
v -0.00059274 0.01000000 0.03009915
v -0.00091664 0.01149999 0.02906148
v -0.00091664 0.01000000 0.02906148
v -0.00067831 0.01149999 0.02800089
v -0.00067831 0.01000000 0.02800089
v 0.00005839 0.01149999 0.02720156
v 0.00005839 0.01000000 0.02720156
v 0.00109605 0.01149999 0.02687766
v 0.00109605 0.01000000 0.02687766
v 0.00215664 0.01149999 0.02711599
v 0.00215664 0.01000000 0.02711599
v 0.00295598 0.01149999 0.02785269
v 0.00295598 0.01000000 0.02785269
v -0.01567608 0.01149999 0.01354737
v -0.01567608 0.01000000 0.01354737
v -0.01587111 0.01149999 0.01354255
v -0.01587111 0.01000000 0.01354255
v -0.01604945 0.01149999 0.01346347
v -0.01604945 0.01000000 0.01346347
v -0.01618395 0.01149999 0.01332215
v -0.01618395 0.01000000 0.01332215
v 0.02825856 0.01963149 0.00973940
v 0.03274163 0.01459999 0.00118765
v 0.03334999 0.01459999 0.00002717
v 0.03274163 0.01909999 0.00118765
v 0.02939869 0.01909999 0.00756454
v 0.02839413 0.01943639 0.00948080
v 0.02851652 0.01459999 0.00924733
v 0.02939869 0.01459999 0.00756454
v 0.02851652 0.01880000 0.00924733
v 0.02848471 0.01914441 0.00930801
v -0.01600665 0.01170000 0.00807907
v -0.01600665 0.01149999 0.00807907
v -0.01568573 0.01170000 0.00858603
v -0.01568573 0.01149999 0.00858603
v -0.01692922 0.01149999 0.01119247
v -0.01648563 0.01149999 0.01091166
v -0.01692922 0.01149899 0.01119247
v -0.01648563 0.01149899 0.01091166
v -0.01548456 0.01149999 0.00802172
v -0.01508646 0.01149999 0.00776971
v -0.01548456 0.01149899 0.00802172
v -0.01508646 0.01149899 0.00776971
v -0.01428092 0.01149999 0.00963366
v -0.01423543 0.01149999 0.00960486
v -0.01428092 0.01149899 0.00963366
v -0.01423543 0.01149899 0.00960486
v -0.01385450 0.01149999 0.01072255
v -0.01365519 0.01149999 0.01025720
v -0.01385450 0.01149899 0.01072255
v -0.01365519 0.01149899 0.01025720
v 0.01886603 0.01719999 0.02445521
v 0.01886603 0.01909999 0.02445521
v 0.01929669 0.01719999 0.02468097
v 0.02018237 0.01909999 0.02514527
v 0.01929669 0.01459999 0.02468097
v 0.02018237 0.01459999 0.02514527
v -0.01751208 0.01149899 0.00972390
v -0.01754206 0.01149999 0.00968608
v -0.01741165 0.01149899 0.00970374
v -0.01741595 0.01149999 0.00965450
v -0.01731745 0.01149899 0.00972989
v -0.01728997 0.01149999 0.00968559
v -0.01722953 0.01149949 0.00981203
v -0.01718302 0.01149949 0.00978483
v -0.01721114 0.01149899 0.00984654
v -0.01716775 0.01149999 0.00981313
v -0.01719157 0.01149899 0.00994881
v -0.01713961 0.01149999 0.00994011
v -0.01721843 0.01149899 0.01004585
v -0.01717110 0.01149999 0.01005907
v -0.01729450 0.01149899 0.01012525
v -0.01726922 0.01149949 0.01016500
v -0.01731067 0.01149899 0.01013470
v -0.01729818 0.01149999 0.01018062
v -0.01741150 0.01149899 0.01015977
v -0.01742596 0.01149999 0.01020889
v -0.01751955 0.01149899 0.01013008
v -0.01754132 0.01149999 0.01017877
v -0.01760488 0.01149949 0.01004963
v -0.01765161 0.01149949 0.01007648
v -0.01761638 0.01149899 0.01002903
v -0.01767680 0.01149999 0.01002597
v -0.01764117 0.01149899 0.00992325
v -0.01769412 0.01149999 0.00992150
v -0.01761434 0.01149899 0.00981815
v -0.01766089 0.01149999 0.00980131
v -0.01753727 0.01149949 0.00973723
v -0.01756229 0.01149949 0.00969731
v 0.01658101 0.01229999 0.02619294
v 0.01314033 0.01229999 0.02807725
v 0.01658101 0.01719999 0.02619294
v 0.01314033 0.01970000 0.02807725
v 0.00016673 0.01029999 0.01825837
v 0.00016673 0.01130000 0.01825837
v -0.00036939 0.01029999 0.01928106
v -0.00036939 0.01130000 0.01928106
v -0.01550591 0.01159999 0.00897801
v -0.01550591 0.01170000 0.00897801
v -0.01521462 0.01159999 0.00943816
v -0.01521462 0.01170000 0.00943816
v -0.01632545 0.01149999 0.01171839
v -0.01647331 0.01149999 0.01181199
v -0.01632545 0.01149899 0.01171839
v -0.01647331 0.01149899 0.01181199
v 0.03157376 0.01270000 -0.00128756
v 0.03157376 0.01229999 -0.00128756
v 0.03219693 0.01270000 -0.00313637
v 0.03219693 0.01229999 -0.00313637
v -0.01685852 0.01149999 0.01120348
v -0.01650592 0.01149999 0.01098027
v -0.01683877 0.01149999 0.01123467
v -0.01647369 0.01149999 0.01103119
v -0.01679327 0.01149999 0.01130194
v -0.01645683 0.01149999 0.01105843
v -0.01643509 0.01149999 0.01109613
v -0.01640470 0.01149999 0.01116514
v -0.01640010 0.01149999 0.01123387
v -0.01664978 0.01149899 0.01140713
v -0.01674005 0.01149949 0.01136311
v -0.01656205 0.01149899 0.01140250
v -0.01649671 0.01149949 0.01137274
v -0.01642321 0.01149999 0.01129986
v -0.02471769 0.04633000 -0.01295772
v -0.02659226 0.02119999 -0.00846868
v -0.02671830 0.02119999 -0.00806223
v -0.02788501 0.04633000 0.00113713
v -0.02788501 0.02119999 0.00113713
v -0.02358056 0.02119999 0.01492729
v -0.02358056 0.04633000 0.01492729
v -0.01295772 0.02119999 0.02471769
v -0.01295772 0.04633000 0.02471769
v 0.00113713 0.02119999 0.02788501
v 0.00113713 0.04633000 0.02788501
v 0.01492729 0.02119999 0.02358056
v 0.01492729 0.04633000 0.02358056
v 0.02471769 0.02119999 0.01295772
v 0.02471769 0.04633000 0.01295772
v 0.02788501 0.02119999 -0.00113713
v 0.02788501 0.04633000 -0.00113713
v 0.02358056 0.02119999 -0.01492729
v 0.02358056 0.04633000 -0.01492729
v 0.01295772 0.02119999 -0.02471769
v 0.01295772 0.04633000 -0.02471769
v -0.00113713 0.02119999 -0.02788501
v -0.00113713 0.04633000 -0.02788501
v -0.01492729 0.02119999 -0.02358056
v -0.01492729 0.04633000 -0.02358056
v -0.02471769 0.02119999 -0.01295772
v -0.02646004 0.02119999 -0.00887316
v 0.01121373 0.02119999 -0.01952568
v 0.01121373 0.01970000 -0.01952568
v 0.01110024 0.02119999 -0.01902064
v 0.01110024 0.01970000 -0.01902064
v 0.01074943 0.02119999 -0.01864000
v 0.01074943 0.01970000 -0.01864000
v 0.01025530 0.02119999 -0.01848577
v 0.01025530 0.01970000 -0.01848577
v 0.00975026 0.02119999 -0.01859926
v 0.00975026 0.01970000 -0.01859926
v 0.00936963 0.02119999 -0.01895007
v 0.00936963 0.01970000 -0.01895007
v 0.00921539 0.02119999 -0.01944419
v 0.00921539 0.01970000 -0.01944419
v 0.00932888 0.02119999 -0.01994924
v 0.00932888 0.01970000 -0.01994924
v 0.00967969 0.02119999 -0.02032987
v 0.00967969 0.01970000 -0.02032987
v 0.01017381 0.02119999 -0.02048411
v 0.01017381 0.01970000 -0.02048411
v 0.01067886 0.02119999 -0.02037062
v 0.01067886 0.01970000 -0.02037062
v 0.01105949 0.02119999 -0.02001981
v 0.01105949 0.01970000 -0.02001981
v -0.02358643 0.01149999 -0.01355021
v -0.02358643 0.01000000 -0.01355021
v -0.02382476 0.01149999 -0.01248962
v -0.02382476 0.01000000 -0.01248962
v -0.02456146 0.01149999 -0.01169029
v -0.02456146 0.01000000 -0.01169029
v -0.02559913 0.01149999 -0.01136639
v -0.02559913 0.01000000 -0.01136639
v -0.02665972 0.01149999 -0.01160472
v -0.02665972 0.01000000 -0.01160472
v -0.02745905 0.01149999 -0.01234142
v -0.02745905 0.01000000 -0.01234142
v -0.02778295 0.01149999 -0.01337908
v -0.02778295 0.01000000 -0.01337908
v -0.02754462 0.01149999 -0.01443967
v -0.02754462 0.01000000 -0.01443967
v -0.02680792 0.01149999 -0.01523901
v -0.02680792 0.01000000 -0.01523901
v -0.02577026 0.01149999 -0.01556290
v -0.02577026 0.01000000 -0.01556290
v -0.02470966 0.01149999 -0.01532457
v -0.02470966 0.01000000 -0.01532457
v -0.02391033 0.01149999 -0.01458788
v -0.02391033 0.01000000 -0.01458788
v -0.01576849 0.01149999 0.00631306
v -0.01576849 0.01000000 0.00631306
v -0.01552143 0.01149999 0.00623594
v -0.01552143 0.01000000 0.00623594
v -0.01526891 0.01149999 0.00629269
v -0.01526891 0.01000000 0.00629269
v 0.00358203 0.01029999 0.01911993
v 0.00326425 0.01149999 0.02053405
v 0.00326425 0.01029999 0.02053405
v 0.00228199 0.01149999 0.02159983
v 0.00228199 0.01029999 0.02159983
v 0.00089844 0.01149999 0.02203169
v 0.00089844 0.01029999 0.02203169
v -0.00051568 0.01149999 0.02171392
v -0.00051568 0.01029999 0.02171392
v -0.00158146 0.01149999 0.02073165
v -0.00158146 0.01029999 0.02073165
v -0.00201332 0.01149999 0.01934810
v -0.00201332 0.01029999 0.01934810
v -0.00169555 0.01149999 0.01793398
v -0.00169555 0.01029999 0.01793398
v -0.00071329 0.01149999 0.01686820
v -0.00071329 0.01029999 0.01686820
v 0.00067026 0.01149999 0.01643634
v 0.00067026 0.01029999 0.01643634
v 0.00208439 0.01149999 0.01675411
v 0.00208439 0.01029999 0.01675411
v 0.00315016 0.01149999 0.01773637
v 0.00315016 0.01029999 0.01773637
v 0.00358203 0.01149999 0.01911993
v -0.01568573 0.01170000 0.00858603
v -0.01568573 0.01149999 0.00858603
v -0.01695313 0.01170000 0.00938833
v -0.01695313 0.01149999 0.00938833
v -0.01648563 0.01149999 0.01091166
v -0.01639861 0.01149999 0.01104913
v -0.01648563 0.01149899 0.01091166
v -0.01639861 0.01149899 0.01104913
v -0.01508646 0.01149999 0.00776971
v -0.01506126 0.01149999 0.00780952
v -0.01508646 0.01149899 0.00776971
v -0.01506126 0.01149899 0.00780952
v -0.01405519 0.01149949 0.00968195
v -0.01406290 0.01149899 0.00968622
v -0.01406290 0.01149999 0.00968622
v -0.01410912 0.01149899 0.00969644
v -0.01410912 0.01149999 0.00969644
v -0.01415982 0.01149899 0.00968291
v -0.01415982 0.01149999 0.00968291
v -0.01423543 0.01149899 0.00960486
v -0.01423543 0.01149999 0.00960486
v 0.01906264 0.01029999 -0.01041036
v 0.01874487 0.01149999 -0.00899624
v 0.01874487 0.01029999 -0.00899624
v 0.01776261 0.01149999 -0.00793046
v 0.01776261 0.01029999 -0.00793046
v 0.01637906 0.01149999 -0.00749860
v 0.01637906 0.01029999 -0.00749860
v 0.01496494 0.01149999 -0.00781637
v 0.01496494 0.01029999 -0.00781637
v 0.01389916 0.01149999 -0.00879863
v 0.01389916 0.01029999 -0.00879863
v 0.01346729 0.01149999 -0.01018219
v 0.01346729 0.01029999 -0.01018219
v 0.01378507 0.01149999 -0.01159631
v 0.01378507 0.01029999 -0.01159631
v 0.01476733 0.01149999 -0.01266209
v 0.01476733 0.01029999 -0.01266209
v 0.01615088 0.01149999 -0.01309395
v 0.01615088 0.01029999 -0.01309395
v 0.01756500 0.01149999 -0.01277618
v 0.01756500 0.01029999 -0.01277618
v 0.01863078 0.01149999 -0.01179391
v 0.01863078 0.01029999 -0.01179391
v 0.01906264 0.01149999 -0.01041036
v 0.02851301 0.01459999 0.00710024
v 0.02939869 0.01459999 0.00756454
v 0.03185595 0.01459999 0.00072336
v 0.03274163 0.01459999 0.00118765
v -0.01698964 0.01149899 0.01011548
v -0.01696444 0.01149899 0.01015529
v -0.01731277 0.01149899 0.01037579
v -0.01743323 0.01149899 0.01039628
v -0.01677937 0.01149899 0.01044764
v -0.01689329 0.01149899 0.01047669
v -0.01742794 0.01149899 0.01040464
v -0.01677363 0.01149899 0.01045670
v -0.01721723 0.01149899 0.01073751
v -0.01724243 0.01149899 0.01069770
v 0.03097426 0.01229999 -0.00126311
v 0.03157376 0.01229999 -0.00128756
v 0.03157376 0.01270000 -0.00128756
v 0.03232314 0.01270000 -0.00131812
v 0.03232314 0.01719999 -0.00131812
v 0.03097426 0.01719999 -0.00126311
v 0.00132048 0.01029999 0.01821132
v 0.00132048 0.01130000 0.01821132
v 0.00016673 0.01029999 0.01825837
v 0.00016673 0.01130000 0.01825837
v -0.01574949 0.01159999 0.00859322
v -0.01574949 0.01170000 0.00859322
v -0.01621866 0.01159999 0.00889023
v -0.01621866 0.01170000 0.00889023
v -0.01356748 0.01149999 0.01049642
v -0.01365118 0.01149999 0.01036420
v -0.01356748 0.01149899 0.01049642
v -0.01365118 0.01149899 0.01036420
v 0.01886603 0.01719999 0.02445521
v 0.01929669 0.01719999 0.02468097
v 0.01812155 0.01719999 0.02515173
v 0.01845443 0.01719999 0.02628764
v 0.01658101 0.01719999 0.02619294
v 0.01775281 0.01719999 0.02704891
v 0.01730309 0.01719999 0.02733360
v -0.01647331 0.01149999 0.01181199
v -0.01632545 0.01149999 0.01171839
v -0.01642195 0.01149949 0.01189312
v -0.01627531 0.01149999 0.01179544
v -0.01624261 0.01149999 0.01185918
v -0.01623780 0.01149999 0.01188667
v -0.01624666 0.01149999 0.01192517
v -0.01636330 0.01149899 0.01196083
v -0.01632765 0.01149899 0.01197150
v -0.01629246 0.01149899 0.01196610
v -0.01627724 0.01149949 0.01195872
v -0.00760440 0.01229999 0.00481384
v -0.00802687 0.01229999 0.00508128
v -0.00417868 0.01229999 0.00797111
v -0.00441083 0.01229999 0.00841395
v 0.00036671 0.01229999 0.00899253
v 0.00038708 0.01229999 0.00949211
v 0.00481384 0.01229999 0.00760440
v 0.00508128 0.01229999 0.00802687
v 0.00797111 0.01229999 0.00417868
v 0.00841395 0.01229999 0.00441083
v 0.00899253 0.01229999 -0.00036671
v 0.00949211 0.01229999 -0.00038708
v 0.00760440 0.01229999 -0.00481384
v 0.00802687 0.01229999 -0.00508128
v 0.00417868 0.01229999 -0.00797111
v 0.00441083 0.01229999 -0.00841395
v -0.00036671 0.01229999 -0.00899253
v -0.00038708 0.01229999 -0.00949211
v -0.00481384 0.01229999 -0.00760440
v -0.00508128 0.01229999 -0.00802687
v -0.00797111 0.01229999 -0.00417868
v -0.00841395 0.01229999 -0.00441083
v -0.00899253 0.01229999 0.00036671
v -0.00949211 0.01229999 0.00038708
v 0.01067886 0.02119999 -0.02037062
v 0.01105949 0.02119999 -0.02001981
v 0.01021456 0.02119999 -0.01948494
v 0.01121373 0.02119999 -0.01952568
v 0.01110024 0.02119999 -0.01902064
v 0.00932888 0.02119999 -0.01994924
v 0.00967969 0.02119999 -0.02032987
v 0.01017381 0.02119999 -0.02048411
v 0.00975026 0.02119999 -0.01859926
v 0.00936963 0.02119999 -0.01895007
v 0.00921539 0.02119999 -0.01944419
v 0.01074943 0.02119999 -0.01864000
v 0.01025530 0.02119999 -0.01848577
v -0.01222014 0.01149999 0.01110881
v -0.01222014 0.01000000 0.01110881
v -0.01227688 0.01149999 0.01136133
v -0.01227688 0.01000000 0.01136133
v 0.00277584 0.01170000 0.02981165
v 0.00295298 0.01149999 0.02990451
v 0.00214439 0.01170000 0.03049680
v 0.00225136 0.01149999 0.03066578
v 0.00125496 0.01170000 0.03077442
v 0.00126311 0.01149999 0.03097426
v 0.00034588 0.01170000 0.03057014
v 0.00025302 0.01149999 0.03074727
v -0.00033926 0.01170000 0.02993869
v -0.00050825 0.01149999 0.03004566
v -0.00061689 0.01170000 0.02904926
v -0.00081672 0.01149999 0.02905741
v -0.00041260 0.01170000 0.02814018
v -0.00058974 0.01149999 0.02804732
v 0.00021885 0.01170000 0.02745504
v 0.00011188 0.01149999 0.02728605
v 0.00110828 0.01170000 0.02717741
v 0.00110013 0.01149999 0.02697758
v 0.00201736 0.01170000 0.02738170
v 0.00211022 0.01149999 0.02720456
v 0.00270250 0.01170000 0.02801315
v 0.00287149 0.01149999 0.02790618
v 0.00298012 0.01170000 0.02890257
v 0.00317996 0.01149999 0.02889443
v -0.01695313 0.01170000 0.00938833
v -0.01695313 0.01149999 0.00938833
v -0.01727405 0.01170000 0.00888137
v -0.01727405 0.01149999 0.00888137
v -0.01619762 0.01149999 0.01136663
v -0.01617242 0.01149999 0.01140644
v -0.01619762 0.01149899 0.01136663
v -0.01617242 0.01149899 0.01140644
v -0.01506126 0.01149999 0.00780952
v -0.01550485 0.01149999 0.00809033
v -0.01506126 0.01149899 0.00780952
v -0.01550485 0.01149899 0.00809033
v -0.01418706 0.01149949 0.00945475
v -0.01421226 0.01149999 0.00941494
v -0.01421226 0.01149899 0.00941494
v 0.00899253 0.01050000 -0.00036671
v 0.00899253 0.00849999 -0.00036671
v 0.00797111 0.01050000 0.00417868
v 0.00797111 0.00849999 0.00417868
v 0.00481384 0.01050000 0.00760440
v 0.00481384 0.00849999 0.00760440
v 0.00036671 0.01050000 0.00899253
v 0.00036671 0.00849999 0.00899253
v -0.00417868 0.01050000 0.00797111
v -0.00417868 0.00849999 0.00797111
v -0.00760440 0.01050000 0.00481384
v -0.00760440 0.00849999 0.00481384
v -0.00899253 0.01050000 0.00036671
v -0.00899253 0.00849999 0.00036671
v -0.00797111 0.01050000 -0.00417868
v -0.00797111 0.00849999 -0.00417868
v -0.00481384 0.01050000 -0.00760440
v -0.00481384 0.00849999 -0.00760440
v -0.00036671 0.01050000 -0.00899253
v -0.00036671 0.00849999 -0.00899253
v 0.00417868 0.01050000 -0.00797111
v 0.00417868 0.00849999 -0.00797111
v 0.00760440 0.01050000 -0.00481384
v 0.00760440 0.00849999 -0.00481384
v 0.02294143 0.01459999 0.01772839
v 0.02382711 0.01459999 0.01819269
v 0.02763084 0.01459999 0.00878303
v 0.02851652 0.01459999 0.00924733
v -0.01634279 0.01149899 0.01120682
v -0.01640470 0.01149899 0.01116514
v -0.01637040 0.01149899 0.01109927
v -0.01643509 0.01149899 0.01109613
v -0.01639861 0.01149899 0.01104913
v -0.01687252 0.01149949 0.01128204
v -0.01679327 0.01149899 0.01130194
v -0.01676742 0.01149949 0.01141267
v -0.01674005 0.01149949 0.01136311
v -0.01665636 0.01149999 0.01146045
v -0.01664978 0.01149899 0.01140713
v -0.01654745 0.01149999 0.01144879
v -0.01656205 0.01149899 0.01140250
v -0.01647142 0.01149949 0.01141250
v -0.01649671 0.01149949 0.01137274
v -0.01637613 0.01149899 0.01131761
v -0.01642321 0.01149899 0.01129986
v -0.01640010 0.01149899 0.01123387
v -0.01645683 0.01149899 0.01105843
v -0.01647369 0.01149899 0.01103119
v -0.01648563 0.01149899 0.01091166
v -0.01650592 0.01149899 0.01098027
v -0.01692922 0.01149899 0.01119247
v -0.01685852 0.01149899 0.01120348
v -0.01683877 0.01149899 0.01123467
v 0.03211784 0.01719999 0.00022379
v 0.03185595 0.01719999 0.00072336
v 0.03099879 0.01719999 0.00027401
v 0.03234482 0.01719999 -0.00078630
v 0.03097426 0.01719999 -0.00126311
v 0.03232314 0.01719999 -0.00131812
v 0.00193809 0.01029999 0.01918697
v 0.00193809 0.01130000 0.01918697
v 0.00132048 0.01029999 0.01821132
v 0.00132048 0.01130000 0.01821132
v -0.01621866 0.01159999 0.00889023
v -0.01621866 0.01170000 0.00889023
v -0.01650996 0.01159999 0.00843007
v -0.01650996 0.01170000 0.00843007
v -0.01365118 0.01149999 0.01036420
v -0.01376013 0.01149999 0.01061837
v -0.01365118 0.01149899 0.01036420
v -0.01376013 0.01149899 0.01061837
v 0.01690194 0.01229999 0.02669990
v 0.01658101 0.01229999 0.02619294
v 0.01690194 0.01270000 0.02669990
v 0.01658101 0.01719999 0.02619294
v 0.01730309 0.01270000 0.02733360
v 0.01730309 0.01719999 0.02733360
v -0.01376013 0.01149999 0.01061837
v -0.01365118 0.01149999 0.01036420
v -0.01356748 0.01149999 0.01049642
v -0.01820306 0.01130000 -0.00889069
v -0.01766694 0.01130000 -0.00991338
v -0.01758545 0.01130000 -0.00791505
v -0.01651320 0.01130000 -0.00996043
v -0.01643170 0.01130000 -0.00796209
v -0.01589558 0.01130000 -0.00898479
v -0.01123230 0.01970000 -0.01774360
v -0.01088149 0.01970000 -0.01812424
v -0.01176717 0.01970000 -0.01858854
v -0.01076800 0.01970000 -0.01862928
v -0.01092224 0.01970000 -0.01912341
v -0.01261210 0.01970000 -0.01805366
v -0.01223147 0.01970000 -0.01770286
v -0.01172643 0.01970000 -0.01758937
v -0.01230204 0.01970000 -0.01943347
v -0.01265285 0.01970000 -0.01905283
v -0.01276634 0.01970000 -0.01854779
v -0.01130287 0.01970000 -0.01947422
v -0.01180792 0.01970000 -0.01958771
v 0.01874487 0.01149999 -0.00899624
v 0.01883344 0.01149999 -0.00894981
v 0.01776261 0.01149999 -0.00793046
v 0.01781610 0.01149999 -0.00784597
v 0.01637906 0.01149999 -0.00749860
v 0.01638313 0.01149999 -0.00739868
v 0.01496494 0.01149999 -0.00781637
v 0.01491851 0.01149999 -0.00772781
v 0.01389916 0.01149999 -0.00879863
v 0.01381466 0.01149999 -0.00874515
v 0.01346729 0.01149999 -0.01018219
v 0.01336738 0.01149999 -0.01017811
v 0.01378507 0.01149999 -0.01159631
v 0.01369650 0.01149999 -0.01164274
v 0.01476733 0.01149999 -0.01266209
v 0.01471384 0.01149999 -0.01274658
v 0.01615088 0.01149999 -0.01309395
v 0.01614681 0.01149999 -0.01319387
v 0.01756500 0.01149999 -0.01277618
v 0.01761143 0.01149999 -0.01286474
v 0.01863078 0.01149999 -0.01179391
v 0.01871528 0.01149999 -0.01184740
v 0.01906264 0.01149999 -0.01041036
v 0.01916256 0.01149999 -0.01041444
v -0.02409047 0.01170000 -0.01262891
v -0.02391333 0.01149999 -0.01253605
v -0.02472192 0.01170000 -0.01194377
v -0.02461495 0.01149999 -0.01177478
v -0.02561135 0.01170000 -0.01166614
v -0.02560320 0.01149999 -0.01146631
v -0.02652043 0.01170000 -0.01187042
v -0.02661329 0.01149999 -0.01169329
v -0.02720557 0.01170000 -0.01250188
v -0.02737456 0.01149999 -0.01239490
v -0.02748319 0.01170000 -0.01339130
v -0.02768303 0.01149999 -0.01338316
v -0.02727891 0.01170000 -0.01430038
v -0.02745605 0.01149999 -0.01439324
v -0.02664746 0.01170000 -0.01498553
v -0.02675443 0.01149999 -0.01515451
v -0.02575803 0.01170000 -0.01526315
v -0.02576618 0.01149999 -0.01546299
v -0.02484895 0.01170000 -0.01505887
v -0.02475609 0.01149999 -0.01523600
v -0.02416381 0.01170000 -0.01442742
v -0.02399482 0.01149999 -0.01453439
v -0.02388618 0.01170000 -0.01353799
v -0.02368635 0.01149999 -0.01354614
v -0.01727405 0.01170000 0.00888137
v -0.01727405 0.01149999 0.00888137
v -0.01600665 0.01170000 0.00807907
v -0.01600665 0.01149999 0.00807907
v -0.01617242 0.01149999 0.01140644
v -0.01661601 0.01149999 0.01168724
v -0.01617242 0.01149899 0.01140644
v -0.01661601 0.01149899 0.01168724
v -0.01550485 0.01149999 0.00809033
v -0.01555677 0.01149999 0.00800831
v -0.01550485 0.01149899 0.00809033
v -0.01555677 0.01149899 0.00800831
v -0.01398780 0.01149949 0.00948009
v -0.01404956 0.01149899 0.00941843
v -0.01404956 0.01149999 0.00941843
v -0.01412183 0.01149899 0.00939730
v -0.01412183 0.01149999 0.00939730
v -0.01421226 0.01149899 0.00941494
v -0.01421226 0.01149999 0.00941494
v 0.02609729 0.01170000 -0.01467553
v 0.02627443 0.01149999 -0.01458267
v 0.02546584 0.01170000 -0.01399039
v 0.02557281 0.01149999 -0.01382140
v 0.02457641 0.01170000 -0.01371277
v 0.02458456 0.01149999 -0.01351293
v 0.02366733 0.01170000 -0.01391705
v 0.02357448 0.01149999 -0.01373991
v 0.02298219 0.01170000 -0.01454850
v 0.02281320 0.01149999 -0.01444153
v 0.02270457 0.01170000 -0.01543793
v 0.02250473 0.01149999 -0.01542978
v 0.02290885 0.01170000 -0.01634701
v 0.02273171 0.01149999 -0.01643987
v 0.02354030 0.01170000 -0.01703215
v 0.02343333 0.01149999 -0.01720114
v 0.02442973 0.01170000 -0.01730978
v 0.02442158 0.01149999 -0.01750961
v 0.02533881 0.01170000 -0.01710549
v 0.02543167 0.01149999 -0.01728263
v 0.02602395 0.01170000 -0.01647404
v 0.02619294 0.01149999 -0.01658101
v 0.02630158 0.01170000 -0.01558461
v 0.02650141 0.01149999 -0.01559276
v 0.01929669 0.01459999 0.02468097
v 0.02018237 0.01459999 0.02514527
v 0.02205926 0.01459999 0.01941118
v 0.02294494 0.01459999 0.01987548
v -0.01661601 0.01149899 0.01168724
v -0.01664121 0.01149899 0.01164744
v -0.01617242 0.01149899 0.01140644
v -0.01619762 0.01149899 0.01136663
v 0.03194225 0.01270000 -0.00512009
v 0.03194225 0.01249999 -0.00512009
v 0.02812595 0.01249999 -0.01598291
v 0.02544708 0.01270000 -0.01997419
v 0.02487666 0.01249999 -0.01943770
v 0.02272061 0.01270000 -0.02302816
v 0.01767555 0.01249999 -0.02709423
v 0.01963027 0.01270000 -0.02571333
v 0.01256095 0.01270000 -0.02981183
v 0.01227540 0.01249999 -0.02900472
v 0.00469018 0.01270000 -0.03200820
v 0.00329536 0.01249999 -0.03218172
v -0.00347984 0.01270000 -0.03216229
v -0.00335799 0.01249999 -0.03127154
v -0.01142783 0.01270000 -0.03026429
v -0.01181748 0.01249999 -0.03011428
v -0.01864668 0.01270000 -0.02643528
v -0.02913044 0.01270000 -0.01406911
v -0.02467578 0.01270000 -0.02091957
v -0.02430296 0.01249999 -0.02135155
v -0.01812287 0.01249999 -0.02568894
v -0.03148956 0.01249999 0.00741149
v -0.02666832 0.01249999 0.01692264
v -0.02931646 0.01270000 0.01367728
v -0.02833831 0.01249999 -0.01365385
v -0.03138518 0.01249999 -0.00784176
v -0.03172645 0.01270000 -0.00632096
v -0.03145141 0.01249999 0.00183628
v -0.03229817 0.01270000 0.00183049
v -0.03080911 0.01270000 0.00986515
v -0.02459290 0.01249999 0.02101694
v -0.02495404 0.01270000 0.02058686
v -0.02735429 0.01270000 0.01727036
v -0.01222852 0.01249999 0.02994972
v 0.00025441 0.01249999 0.03183177
v -0.00793520 0.01270000 0.03136168
v -0.00391074 0.01270000 0.03211275
v -0.01183257 0.01270000 0.03010835
v -0.01554044 0.01270000 0.02837282
v -0.01515317 0.01249999 0.02783677
v -0.01899943 0.01270000 0.02618290
v -0.02215413 0.01270000 0.02357365
v 0.00285462 0.01249999 0.03222381
v 0.01584885 0.01249999 0.02820171
v 0.00827664 0.01270000 0.03127331
v 0.01584884 0.01270000 0.02820171
v 0.00426061 0.01270000 0.03206820
v 0.00222293 0.01270000 0.03227353
v 0.00017635 0.01270000 0.03234952
v 0.00118162 0.01853923 0.02897592
v 0.00277584 0.01750000 0.02981165
v 0.00214439 0.01750000 0.03049680
v 0.00298012 0.01750000 0.02890257
v 0.00118162 0.01853923 0.02897592
v 0.00118162 0.01853923 0.02897592
v 0.00034588 0.01750000 0.03057014
v -0.00033926 0.01750000 0.02993869
v 0.00125496 0.01750000 0.03077442
v 0.00118162 0.01853923 0.02897592
v 0.00118162 0.01853923 0.02897592
v 0.00118162 0.01853923 0.02897592
v -0.00041260 0.01750000 0.02814018
v 0.00021885 0.01750000 0.02745504
v -0.00061689 0.01750000 0.02904926
v 0.00118162 0.01853923 0.02897592
v 0.00118162 0.01853923 0.02897592
v 0.00118162 0.01853923 0.02897592
v 0.00201736 0.01750000 0.02738170
v 0.00270250 0.01750000 0.02801315
v 0.00110828 0.01750000 0.02717741
v 0.00118162 0.01853923 0.02897592
v 0.00118162 0.01853923 0.02897592
v 0.00118162 0.01853923 0.02897592
v -0.01650996 0.01159999 0.00843007
v -0.01650996 0.01170000 0.00843007
v -0.01604078 0.01159999 0.00813307
v -0.01604078 0.01170000 0.00813307
v -0.01376013 0.01149999 0.01061837
v -0.01356748 0.01149999 0.01049642
v -0.01376013 0.01149899 0.01061837
v -0.01356748 0.01149899 0.01049642
v 0.03234482 0.01149999 -0.00078630
v 0.03234482 0.01719999 -0.00078630
v 0.03232314 0.01719999 -0.00131812
v 0.03232314 0.01270000 -0.00131812
v 0.03232314 0.01249999 -0.00131812
v 0.03232314 0.01149999 -0.00131812
v 0.01511123 0.01130000 -0.01024923
v 0.01564735 0.01130000 -0.01127192
v 0.01572885 0.01130000 -0.00927358
v 0.01680110 0.01130000 -0.01131897
v 0.01688259 0.01130000 -0.00932063
v 0.01741871 0.01130000 -0.01034332
v -0.02657183 0.02119999 -0.00765822
v -0.02671830 0.02119999 -0.00806223
v -0.02659226 0.02119999 -0.00846868
v -0.02646004 0.02119999 -0.00887316
v -0.02626177 0.02119999 -0.00903803
v -0.02484122 0.02119999 -0.00772879
v -0.02568615 0.02119999 -0.00719392
v -0.02619120 0.02119999 -0.00730741
v -0.02519203 0.02119999 -0.00734816
v -0.02488196 0.02119999 -0.00872796
v -0.02472773 0.02119999 -0.00823384
v -0.02526260 0.02119999 -0.00907877
v -0.02576764 0.02119999 -0.00919226
v -0.01076800 0.02119999 -0.01862928
v -0.01076800 0.01970000 -0.01862928
v -0.01088149 0.02119999 -0.01812424
v -0.01088149 0.01970000 -0.01812424
v -0.01123230 0.02119999 -0.01774360
v -0.01123230 0.01970000 -0.01774360
v -0.01172643 0.02119999 -0.01758937
v -0.01172643 0.01970000 -0.01758937
v -0.01223147 0.02119999 -0.01770286
v -0.01223147 0.01970000 -0.01770286
v -0.01261210 0.02119999 -0.01805366
v -0.01261210 0.01970000 -0.01805366
v -0.01276634 0.02119999 -0.01854779
v -0.01276634 0.01970000 -0.01854779
v -0.01265285 0.02119999 -0.01905283
v -0.01265285 0.01970000 -0.01905283
v -0.01230204 0.02119999 -0.01943347
v -0.01230204 0.01970000 -0.01943347
v -0.01180792 0.02119999 -0.01958771
v -0.01180792 0.01970000 -0.01958771
v -0.01130287 0.02119999 -0.01947422
v -0.01130287 0.01970000 -0.01947422
v -0.01092224 0.02119999 -0.01912341
v -0.01092224 0.01970000 -0.01912341
v 0.01673609 0.02119999 -0.00068249
v 0.01673609 0.01970000 -0.00068249
v 0.01483512 0.02119999 0.00777699
v 0.01483512 0.01970000 0.00777699
v 0.00895910 0.02119999 0.01415264
v 0.00895910 0.01970000 0.01415264
v 0.00068249 0.02119999 0.01673609
v 0.00068249 0.01970000 0.01673609
v -0.00777699 0.02119999 0.01483512
v -0.00777699 0.01970000 0.01483512
v -0.01415264 0.02119999 0.00895910
v -0.01415264 0.01970000 0.00895910
v -0.01673609 0.02119999 0.00068249
v -0.01673609 0.01970000 0.00068249
v -0.01483512 0.02119999 -0.00777699
v -0.01483512 0.01970000 -0.00777699
v -0.00895910 0.02119999 -0.01415264
v -0.00895910 0.01970000 -0.01415264
v -0.00068249 0.02119999 -0.01673609
v -0.00068249 0.01970000 -0.01673609
v 0.00777699 0.02119999 -0.01483512
v 0.00777699 0.01970000 -0.01483512
v 0.01415264 0.02119999 -0.00895910
v 0.01415264 0.01970000 -0.00895910
v 0.01806317 0.01710000 0.01088057
v 0.01577122 0.01772500 0.00986815
v 0.01798541 0.01772500 0.01102890
v 0.01555879 0.01818252 0.01027338
v 0.01777298 0.01818252 0.01143412
v 0.01526860 0.01835000 0.01082693
v 0.01748280 0.01835000 0.01198767
v 0.01497841 0.01818252 0.01138048
v 0.01719261 0.01818252 0.01254122
v 0.01476598 0.01772500 0.01178570
v 0.01698018 0.01772500 0.01294645
v 0.01468823 0.01710000 0.01193403
v 0.01690242 0.01710000 0.01309477
v 0.01476598 0.01647499 0.01178570
v 0.01698018 0.01647499 0.01294645
v 0.01497841 0.01601747 0.01138048
v 0.01719261 0.01601747 0.01254122
v 0.01526860 0.01584999 0.01082693
v 0.01748280 0.01584999 0.01198767
v 0.01555879 0.01601747 0.01027338
v 0.01777298 0.01601747 0.01143412
v 0.01577122 0.01647499 0.00986815
v 0.01798541 0.01647499 0.01102890
v 0.01584897 0.01710000 0.00971983
v 0.01786271 0.01787861 0.01147834
v 0.01857125 0.01787861 0.01184978
v 0.01793887 0.01793425 0.01133306
v 0.01864741 0.01793425 0.01170450
v 0.01720986 0.01772749 0.01272371
v 0.01791840 0.01772749 0.01309515
v 0.01718402 0.01789152 0.01277298
v 0.01789257 0.01789152 0.01314442
v 0.01712317 0.01683891 0.01288907
v 0.01783171 0.01683891 0.01326050
v 0.01704637 0.01689032 0.01303556
v 0.01775491 0.01689032 0.01340700
v 0.01754815 0.01610125 0.01207839
v 0.01825669 0.01610125 0.01244983
v 0.01750172 0.01595982 0.01216696
v 0.01821026 0.01595982 0.01253839
v 0.01800521 0.01674381 0.01120651
v 0.01871375 0.01674381 0.01157795
v 0.01805332 0.01660500 0.01111475
v 0.01876186 0.01660500 0.01148619
v 0.01731758 0.01793739 0.01251822
v 0.01728002 0.01787861 0.01258987
v 0.01802612 0.01793739 0.01288965
v 0.01798856 0.01787861 0.01296131
v 0.02040729 0.01710000 0.01459340
v 0.02041113 0.01697499 0.01458609
v 0.02079034 0.01697499 0.01386272
v 0.02079034 0.01722500 0.01386272
v 0.02041113 0.01722500 0.01458609
v 0.02090641 0.01615825 0.01364130
v 0.02090641 0.01697499 0.01364130
v 0.02084838 0.01615000 0.01375201
v 0.02079034 0.01615825 0.01386272
v 0.02128563 0.01697499 0.01291793
v 0.02128946 0.01710000 0.01291061
v 0.02079034 0.01804174 0.01386272
v 0.02084838 0.01804999 0.01375201
v 0.02090641 0.01722500 0.01364130
v 0.02090641 0.01804174 0.01364130
v 0.02128563 0.01722500 0.01291793
v 0.02375898 0.01603311 0.01513669
v 0.02396573 0.01618970 0.01474230
v 0.02399906 0.01618907 0.01475932
v 0.02420677 0.01624616 0.01490860
v 0.02391961 0.01605479 0.01522090
v 0.02379158 0.01603751 0.01515378
v 0.02439582 0.01648512 0.01517674
v 0.02422963 0.01631137 0.01538342
v 0.02406507 0.01613336 0.01529715
v 0.02441529 0.01683868 0.01548075
v 0.02437741 0.01663046 0.01546089
v 0.02426674 0.01639151 0.01540288
v 0.02444009 0.01697499 0.01549375
v 0.02447858 0.01697499 0.01536002
v 0.02450245 0.01671478 0.01497334
v 0.02453737 0.01697499 0.01515574
v 0.02453765 0.01697499 0.01488610
v 0.02453775 0.01697499 0.01479566
v 0.02435484 0.01656507 0.01462615
v 0.02445584 0.01697499 0.01455174
v 0.02434686 0.01697499 0.01440589
v 0.02415702 0.01652930 0.01445798
v 0.02422685 0.01697499 0.01432347
v 0.02412359 0.01652970 0.01444118
v 0.02419629 0.01697499 0.01430248
v 0.01766872 0.01823072 0.01184840
v 0.01837726 0.01823072 0.01221984
v 0.01769258 0.01806531 0.01180287
v 0.01840112 0.01806531 0.01217431
v 0.01704637 0.01730966 0.01303556
v 0.01775491 0.01730966 0.01340700
v 0.01712317 0.01736107 0.01288907
v 0.01783171 0.01736107 0.01326050
v 0.01750172 0.01824017 0.01216696
v 0.01821026 0.01824017 0.01253839
v 0.01754815 0.01809874 0.01207839
v 0.01825669 0.01809874 0.01244983
v 0.01747401 0.01596927 0.01221981
v 0.01818256 0.01596927 0.01259125
v 0.01745015 0.01613468 0.01226533
v 0.01815869 0.01613468 0.01263677
v 0.01804058 0.01655117 0.01113905
v 0.01874912 0.01655117 0.01151048
v 0.01796017 0.01655339 0.01129244
v 0.01866871 0.01655339 0.01166388
v 0.01713752 0.01745618 0.01286170
v 0.01712317 0.01736107 0.01288907
v 0.01784606 0.01745618 0.01323313
v 0.01783171 0.01736107 0.01326050
v 0.02195354 0.01628356 0.01379762
v 0.02179209 0.01615825 0.01410559
v 0.02090641 0.01615825 0.01364130
v 0.02167602 0.01615825 0.01432701
v 0.02151457 0.01628356 0.01463499
v 0.02079034 0.01615825 0.01386272
v 0.01929932 0.01627727 0.01347626
v 0.02084838 0.01615000 0.01375201
v 0.01951986 0.01615000 0.01305556
v 0.01974040 0.01627727 0.01263486
v 0.02196828 0.01629500 0.01376951
v 0.02211312 0.01757272 0.01349321
v 0.02217130 0.01722500 0.01338222
v 0.02128563 0.01722500 0.01291793
v 0.02128563 0.01697499 0.01291793
v 0.01990185 0.01662499 0.01232689
v 0.02128946 0.01710000 0.01291061
v 0.01996094 0.01710000 0.01221416
v 0.01990185 0.01757499 0.01232689
v 0.02210781 0.01760446 0.01350334
v 0.02090641 0.01804174 0.01364130
v 0.01974040 0.01792272 0.01263486
v 0.02084838 0.01804999 0.01375201
v 0.01951986 0.01804999 0.01305556
v 0.02079034 0.01804174 0.01386272
v 0.01929932 0.01792272 0.01347626
v 0.02129681 0.01722500 0.01505039
v 0.02135499 0.01757272 0.01493940
v 0.02041113 0.01722500 0.01458609
v 0.01913787 0.01757499 0.01378423
v 0.02040729 0.01710000 0.01459340
v 0.01907878 0.01710000 0.01389695
v 0.02041113 0.01697499 0.01458609
v 0.01913787 0.01662499 0.01378423
v 0.02210781 0.01659553 0.01350334
v 0.02211312 0.01662727 0.01349321
v 0.02217130 0.01697499 0.01338222
v 0.02129681 0.01697499 0.01505039
v 0.02135499 0.01662727 0.01493940
v 0.02136030 0.01659553 0.01492927
v 0.02149983 0.01629500 0.01466310
v 0.02167602 0.01804174 0.01432701
v 0.02151457 0.01791642 0.01463499
v 0.02149983 0.01790499 0.01466310
v 0.02136030 0.01760446 0.01492927
v 0.02196828 0.01790499 0.01376951
v 0.02195354 0.01791642 0.01379762
v 0.02179209 0.01804174 0.01410559
v 0.02167602 0.01615825 0.01432701
v 0.02079034 0.01615825 0.01386272
v 0.02079034 0.01697499 0.01386272
v 0.02364290 0.01603311 0.01535811
v 0.02394899 0.01613336 0.01551857
v 0.02380353 0.01605479 0.01544232
v 0.02411355 0.01631136 0.01560484
v 0.02426133 0.01663045 0.01568231
v 0.02432401 0.01697499 0.01571517
v 0.01844528 0.01803441 0.01209008
v 0.01840112 0.01806531 0.01217431
v 0.01850973 0.01813801 0.01196714
v 0.01837726 0.01823072 0.01221984
v 0.01784606 0.01745618 0.01323313
v 0.01783171 0.01736107 0.01326050
v 0.01779796 0.01759498 0.01332489
v 0.01775491 0.01730966 0.01340700
v 0.01825669 0.01809874 0.01244983
v 0.01821026 0.01824017 0.01253839
v 0.01830312 0.01809874 0.01236126
v 0.01827991 0.01824999 0.01240554
v 0.01834955 0.01824017 0.01227269
v 0.01811453 0.01616558 0.01272101
v 0.01815869 0.01613468 0.01263677
v 0.01805008 0.01606197 0.01284395
v 0.01818256 0.01596927 0.01259125
v 0.01866725 0.01630846 0.01166666
v 0.01864142 0.01647249 0.01171594
v 0.01874232 0.01652499 0.01152347
v 0.01866871 0.01655339 0.01166388
v 0.01874912 0.01655117 0.01151048
v 0.01720986 0.01772749 0.01272371
v 0.01718256 0.01764659 0.01277577
v 0.01791840 0.01772749 0.01309515
v 0.01789111 0.01764659 0.01314720
v 0.01308152 0.01445000 0.01058366
v 0.01303509 0.01445000 0.01067223
v 0.01277701 0.01445000 0.01030301
v 0.01269252 0.01445000 0.01035650
v 0.01265362 0.01445000 0.00990771
v 0.01255370 0.01445000 0.00991179
v 0.01274441 0.01445000 0.00950368
v 0.01265585 0.01445000 0.00945725
v 0.01302506 0.01445000 0.00919917
v 0.01297157 0.01445000 0.00911468
v 0.01342036 0.01445000 0.00907578
v 0.01341629 0.01445000 0.00897586
v 0.01382440 0.01445000 0.00916657
v 0.01387083 0.01445000 0.00907801
v 0.01412890 0.01445000 0.00944722
v 0.01421340 0.01445000 0.00939373
v 0.01425229 0.01445000 0.00984252
v 0.01435221 0.01445000 0.00983845
v 0.01416150 0.01445000 0.01024656
v 0.01425007 0.01445000 0.01029299
v 0.01388085 0.01445000 0.01055106
v 0.01393434 0.01445000 0.01063556
v 0.01348555 0.01445000 0.01067445
v 0.01348963 0.01445000 0.01077437
v 0.02217130 0.01697499 0.01338222
v 0.02128563 0.01697499 0.01291793
v 0.02090641 0.01697499 0.01364130
v 0.02419629 0.01697499 0.01430248
v 0.02445584 0.01697499 0.01455174
v 0.02434686 0.01697499 0.01440589
v 0.02453775 0.01697499 0.01479566
v 0.02453737 0.01697499 0.01515574
v 0.02444009 0.01697499 0.01549375
v 0.01721583 0.01809592 0.01249694
v 0.01719261 0.01818252 0.01254122
v 0.01702039 0.01767500 0.01286975
v 0.01698018 0.01772500 0.01294645
v 0.01694885 0.01710000 0.01300620
v 0.01690242 0.01710000 0.01309477
v 0.01702039 0.01652499 0.01286975
v 0.01698018 0.01647499 0.01294645
v 0.01721583 0.01610406 0.01249694
v 0.01719261 0.01601747 0.01254122
v 0.01748280 0.01594999 0.01198767
v 0.01748280 0.01584999 0.01198767
v 0.01774977 0.01610406 0.01147841
v 0.01777298 0.01601747 0.01143412
v 0.01794520 0.01652499 0.01110560
v 0.01798541 0.01647499 0.01102890
v 0.01801674 0.01710000 0.01096914
v 0.01806317 0.01710000 0.01088057
v 0.01794520 0.01767500 0.01110560
v 0.01798541 0.01772500 0.01102890
v 0.01774977 0.01809592 0.01147841
v 0.01777298 0.01818252 0.01143412
v 0.01748280 0.01824999 0.01198767
v 0.01748280 0.01835000 0.01198767
v 0.01786271 0.01787861 0.01147834
v 0.01793887 0.01793425 0.01133306
v 0.01782515 0.01793739 0.01154999
v 0.01783834 0.01809592 0.01152484
v 0.01782618 0.01811058 0.01154802
v 0.01720986 0.01772749 0.01272371
v 0.01718402 0.01789152 0.01277298
v 0.01718256 0.01764659 0.01277577
v 0.01710896 0.01767500 0.01291618
v 0.01710215 0.01764882 0.01292916
v 0.01708941 0.01660500 0.01295345
v 0.01713752 0.01674381 0.01286170
v 0.01704637 0.01689032 0.01303556
v 0.01712317 0.01683891 0.01288907
v 0.01764101 0.01595982 0.01190125
v 0.01759458 0.01610125 0.01198982
v 0.01757137 0.01594999 0.01203410
v 0.01754815 0.01610125 0.01207839
v 0.01750172 0.01595982 0.01216696
v 0.01809636 0.01689032 0.01103265
v 0.01801956 0.01683891 0.01117914
v 0.01805332 0.01660500 0.01111475
v 0.01800521 0.01674381 0.01120651
v 0.01745015 0.01806531 0.01226533
v 0.01740599 0.01803441 0.01234957
v 0.01815869 0.01806531 0.01263677
v 0.01811453 0.01803441 0.01272101
v 0.02090641 0.01722500 0.01364130
v 0.02128563 0.01722500 0.01291793
v 0.02217130 0.01722500 0.01338222
v 0.02445584 0.01722500 0.01455174
v 0.02453775 0.01722500 0.01479566
v 0.02453737 0.01722500 0.01515574
v 0.02444009 0.01722500 0.01549375
v 0.02419629 0.01722500 0.01430248
v 0.02434686 0.01722500 0.01440589
v 0.02419629 0.01697499 0.01430248
v 0.02217130 0.01697499 0.01338222
v 0.02210781 0.01659553 0.01350334
v 0.02375898 0.01603311 0.01513669
v 0.02179209 0.01615825 0.01410559
v 0.02196828 0.01629500 0.01376951
v 0.02396577 0.01618980 0.01474222
v 0.02412354 0.01652960 0.01444126
v 0.01563048 0.01754999 0.01013661
v 0.01577122 0.01772500 0.00986815
v 0.01568647 0.01710000 0.01002982
v 0.01584897 0.01710000 0.00971983
v 0.01563048 0.01665000 0.01013661
v 0.01577122 0.01647499 0.00986815
v 0.01547753 0.01632057 0.01042837
v 0.01555879 0.01601747 0.01027338
v 0.01526860 0.01620000 0.01082693
v 0.01526860 0.01584999 0.01082693
v 0.01505967 0.01632057 0.01122548
v 0.01497841 0.01601747 0.01138048
v 0.01490671 0.01665000 0.01151725
v 0.01476598 0.01647499 0.01178570
v 0.01485073 0.01710000 0.01162404
v 0.01468823 0.01710000 0.01193403
v 0.01490671 0.01754999 0.01151725
v 0.01476598 0.01772500 0.01178570
v 0.01505967 0.01787942 0.01122548
v 0.01497841 0.01818252 0.01138048
v 0.01526860 0.01799999 0.01082693
v 0.01526860 0.01835000 0.01082693
v 0.01547753 0.01787942 0.01042837
v 0.01555879 0.01818252 0.01027338
v 0.01782618 0.01811058 0.01154802
v 0.01853473 0.01811058 0.01191946
v 0.01782515 0.01793739 0.01154999
v 0.01853369 0.01793739 0.01192143
v 0.01710215 0.01764882 0.01292916
v 0.01781069 0.01764882 0.01330060
v 0.01718256 0.01764659 0.01277577
v 0.01789111 0.01764659 0.01314720
v 0.01708941 0.01660500 0.01295345
v 0.01779796 0.01660500 0.01332489
v 0.01713752 0.01674381 0.01286170
v 0.01784606 0.01674381 0.01323313
v 0.01764101 0.01595982 0.01190125
v 0.01834955 0.01595982 0.01227269
v 0.01759458 0.01610125 0.01198982
v 0.01830312 0.01610125 0.01236126
v 0.01809636 0.01689032 0.01103265
v 0.01880490 0.01689032 0.01140408
v 0.01801956 0.01683891 0.01117914
v 0.01872810 0.01683891 0.01155058
v 0.01759458 0.01809874 0.01198982
v 0.01754815 0.01809874 0.01207839
v 0.01830312 0.01809874 0.01236126
v 0.01825669 0.01809874 0.01244983
v 0.02079034 0.01722500 0.01386272
v 0.02079034 0.01804174 0.01386272
v 0.02167602 0.01804174 0.01432701
v 0.02432401 0.01722500 0.01571517
v 0.02364290 0.01816688 0.01535811
v 0.02376536 0.01815620 0.01542231
v 0.02392317 0.01808515 0.01550504
v 0.02408368 0.01793016 0.01558918
v 0.02423039 0.01766035 0.01566609
v 0.01265362 0.01274999 0.00990771
v 0.01303049 0.01244999 0.01014255
v 0.01277701 0.01274999 0.01030301
v 0.01322081 0.01244999 0.01031796
v 0.01308152 0.01274999 0.01058366
v 0.01347333 0.01244999 0.01037470
v 0.01348555 0.01274999 0.01067445
v 0.01372039 0.01244999 0.01029758
v 0.01388085 0.01274999 0.01055106
v 0.01389580 0.01244999 0.01010727
v 0.01416150 0.01274999 0.01024656
v 0.01395254 0.01244999 0.00985474
v 0.01425229 0.01274999 0.00984252
v 0.01387542 0.01244999 0.00960768
v 0.01412890 0.01274999 0.00944722
v 0.01368511 0.01244999 0.00943228
v 0.01382440 0.01274999 0.00916657
v 0.01343258 0.01244999 0.00937553
v 0.01342036 0.01274999 0.00907578
v 0.01318552 0.01244999 0.00945265
v 0.01302506 0.01274999 0.00919917
v 0.01301012 0.01244999 0.00964297
v 0.01274441 0.01274999 0.00950368
v 0.01295337 0.01244999 0.00989549
v 0.01731654 0.01608941 0.01252019
v 0.01730439 0.01610406 0.01254337
v 0.01721583 0.01610406 0.01249694
v 0.01866725 0.01630846 0.01166666
v 0.01874232 0.01652499 0.01152347
v 0.01883088 0.01652499 0.01156990
v 0.01874912 0.01655117 0.01151048
v 0.01890242 0.01710000 0.01143344
v 0.01809636 0.01689032 0.01103265
v 0.01805332 0.01660500 0.01111475
v 0.01794520 0.01652499 0.01110560
v 0.01795871 0.01630846 0.01129522
v 0.01774977 0.01610406 0.01147841
v 0.01880490 0.01689032 0.01140408
v 0.01876186 0.01660500 0.01148619
v 0.01804058 0.01655117 0.01113905
v 0.01803377 0.01652499 0.01115203
v 0.01863545 0.01610406 0.01194271
v 0.01864741 0.01626574 0.01170450
v 0.01793887 0.01626574 0.01133306
v 0.01782618 0.01608941 0.01154802
v 0.01853473 0.01608941 0.01191946
v 0.01850973 0.01606197 0.01196714
v 0.01783834 0.01610406 0.01152484
v 0.01780119 0.01606197 0.01159570
v 0.01764101 0.01595982 0.01190125
v 0.01766872 0.01596927 0.01184840
v 0.01834955 0.01595982 0.01227269
v 0.01837726 0.01596927 0.01221984
v 0.01836848 0.01594999 0.01245197
v 0.01854688 0.01610406 0.01189628
v 0.01748280 0.01594999 0.01198767
v 0.01757137 0.01594999 0.01203410
v 0.01750172 0.01595982 0.01216696
v 0.01810150 0.01610406 0.01296124
v 0.01821026 0.01595982 0.01253839
v 0.01827991 0.01594999 0.01240554
v 0.01734154 0.01606197 0.01247251
v 0.01747401 0.01596927 0.01221981
v 0.01818256 0.01596927 0.01259125
v 0.01805008 0.01606197 0.01284395
v 0.01802509 0.01608941 0.01289163
v 0.01790607 0.01652499 0.01333405
v 0.01789257 0.01630846 0.01314442
v 0.01781750 0.01652499 0.01328762
v 0.01718402 0.01630846 0.01277298
v 0.01720386 0.01626574 0.01273515
v 0.01791240 0.01626574 0.01310658
v 0.01801294 0.01610406 0.01291481
v 0.01775491 0.01689032 0.01340700
v 0.01779796 0.01660500 0.01332489
v 0.01702039 0.01652499 0.01286975
v 0.01710896 0.01652499 0.01291618
v 0.01710215 0.01655117 0.01292916
v 0.01781069 0.01655117 0.01330060
v 0.01708941 0.01660500 0.01295345
v 0.01783453 0.01710000 0.01347050
v 0.01775053 0.01694999 0.01341537
v 0.01704637 0.01689032 0.01303556
v 0.01704198 0.01694999 0.01304393
v 0.01734154 0.01813801 0.01247251
v 0.01747401 0.01823072 0.01221981
v 0.01748280 0.01824999 0.01198767
v 0.01721583 0.01809592 0.01249694
v 0.01730439 0.01809592 0.01254337
v 0.01731654 0.01811058 0.01252019
v 0.01821026 0.01824017 0.01253839
v 0.01810150 0.01809592 0.01296124
v 0.01836848 0.01824999 0.01245197
v 0.01764101 0.01824017 0.01190125
v 0.01774977 0.01809592 0.01147841
v 0.01805008 0.01813801 0.01284395
v 0.01818256 0.01823072 0.01259125
v 0.01750172 0.01824017 0.01216696
v 0.01757137 0.01824999 0.01203410
v 0.01780119 0.01813801 0.01159570
v 0.01766872 0.01823072 0.01184840
v 0.01837726 0.01823072 0.01221984
v 0.01834955 0.01824017 0.01227269
v 0.01827991 0.01824999 0.01240554
v 0.01791240 0.01793425 0.01310658
v 0.01790607 0.01767500 0.01333405
v 0.01802509 0.01811058 0.01289163
v 0.01801294 0.01809592 0.01291481
v 0.01710215 0.01764882 0.01292916
v 0.01710896 0.01767500 0.01291618
v 0.01702039 0.01767500 0.01286975
v 0.01718402 0.01789152 0.01277298
v 0.01694885 0.01710000 0.01300620
v 0.01703742 0.01710000 0.01305263
v 0.01704198 0.01724999 0.01304393
v 0.01775053 0.01724999 0.01341537
v 0.01774596 0.01710000 0.01342407
v 0.01708941 0.01759498 0.01295345
v 0.01704637 0.01730966 0.01303556
v 0.01775491 0.01730966 0.01340700
v 0.01720386 0.01793425 0.01273515
v 0.01789257 0.01789152 0.01314442
v 0.01781750 0.01767500 0.01328762
v 0.01781069 0.01764882 0.01330060
v 0.01779796 0.01759498 0.01332489
v 0.01793887 0.01793425 0.01133306
v 0.01794520 0.01767500 0.01110560
v 0.01850973 0.01813801 0.01196714
v 0.01853473 0.01811058 0.01191946
v 0.01782618 0.01811058 0.01154802
v 0.01783834 0.01809592 0.01152484
v 0.01864741 0.01793425 0.01170450
v 0.01854688 0.01809592 0.01189628
v 0.01863545 0.01809592 0.01194271
v 0.01874912 0.01764882 0.01151048
v 0.01874232 0.01767500 0.01152347
v 0.01883088 0.01767500 0.01156990
v 0.01866725 0.01789152 0.01166666
v 0.01805332 0.01759498 0.01111475
v 0.01809636 0.01730966 0.01103265
v 0.01801674 0.01710000 0.01096914
v 0.01810075 0.01694999 0.01102427
v 0.01880929 0.01694999 0.01139571
v 0.01881385 0.01710000 0.01138701
v 0.01880929 0.01724999 0.01139571
v 0.01876186 0.01759498 0.01148619
v 0.01880490 0.01730966 0.01140408
v 0.01810075 0.01724999 0.01102427
v 0.01810531 0.01710000 0.01101557
v 0.01795871 0.01789152 0.01129522
v 0.01803377 0.01767500 0.01115203
v 0.01804058 0.01764882 0.01113905
v 0.01864741 0.01793425 0.01170450
v 0.01857125 0.01787861 0.01184978
v 0.01854688 0.01809592 0.01189628
v 0.01853369 0.01793739 0.01192143
v 0.01853473 0.01811058 0.01191946
v 0.01789257 0.01789152 0.01314442
v 0.01791840 0.01772749 0.01309515
v 0.01781750 0.01767500 0.01328762
v 0.01789111 0.01764659 0.01314720
v 0.01781069 0.01764882 0.01330060
v 0.01783171 0.01683891 0.01326050
v 0.01784606 0.01674381 0.01323313
v 0.01775491 0.01689032 0.01340700
v 0.01779796 0.01660500 0.01332489
v 0.01821026 0.01595982 0.01253839
v 0.01825669 0.01610125 0.01244983
v 0.01827991 0.01594999 0.01240554
v 0.01830312 0.01610125 0.01236126
v 0.01834955 0.01595982 0.01227269
v 0.01871375 0.01674381 0.01157795
v 0.01872810 0.01683891 0.01155058
v 0.01876186 0.01660500 0.01148619
v 0.01880490 0.01689032 0.01140408
v 0.01712317 0.01683891 0.01288907
v 0.01713752 0.01674381 0.01286170
v 0.01783171 0.01683891 0.01326050
v 0.01784606 0.01674381 0.01323313
v 0.02079034 0.01697499 0.01386272
v 0.02041113 0.01697499 0.01458609
v 0.02129681 0.01697499 0.01505039
v 0.02432401 0.01697499 0.01571517
v 0.02320559 0.01697499 0.01619232
v 0.02333300 0.01697499 0.01624706
v 0.02352380 0.01697499 0.01626686
v 0.02375628 0.01697499 0.01621374
v 0.02402825 0.01697499 0.01605167
v 0.01322081 0.01244999 0.01031796
v 0.01303049 0.01244999 0.01014255
v 0.01345296 0.01244999 0.00987512
v 0.01295337 0.01244999 0.00989549
v 0.01301012 0.01244999 0.00964297
v 0.01389580 0.01244999 0.01010727
v 0.01372039 0.01244999 0.01029758
v 0.01347333 0.01244999 0.01037470
v 0.01368511 0.01244999 0.00943228
v 0.01387542 0.01244999 0.00960768
v 0.01395254 0.01244999 0.00985474
v 0.01318552 0.01244999 0.00945265
v 0.01343258 0.01244999 0.00937553
v 0.01568647 0.01710000 0.01002982
v 0.01505479 0.01754999 0.00983482
v 0.01563048 0.01754999 0.01013661
v 0.01490184 0.01787942 0.01012658
v 0.01547753 0.01787942 0.01042837
v 0.01469291 0.01799999 0.01052513
v 0.01526860 0.01799999 0.01082693
v 0.01448397 0.01787942 0.01092369
v 0.01505967 0.01787942 0.01122548
v 0.01433102 0.01754999 0.01121545
v 0.01490671 0.01754999 0.01151725
v 0.01427504 0.01710000 0.01132225
v 0.01485073 0.01710000 0.01162404
v 0.01433102 0.01665000 0.01121545
v 0.01490671 0.01665000 0.01151725
v 0.01448397 0.01632057 0.01092369
v 0.01505967 0.01632057 0.01122548
v 0.01469291 0.01620000 0.01052513
v 0.01526860 0.01620000 0.01082693
v 0.01490184 0.01632057 0.01012658
v 0.01547753 0.01632057 0.01042837
v 0.01505479 0.01665000 0.00983482
v 0.01563048 0.01665000 0.01013661
v 0.01511078 0.01710000 0.00972802
v 0.01796017 0.01764659 0.01129244
v 0.01866871 0.01764659 0.01166388
v 0.01804058 0.01764882 0.01113905
v 0.01874912 0.01764882 0.01151048
v 0.01731758 0.01793739 0.01251822
v 0.01802612 0.01793739 0.01288965
v 0.01731654 0.01811058 0.01252019
v 0.01802509 0.01811058 0.01289163
v 0.01718256 0.01655339 0.01277577
v 0.01789111 0.01655339 0.01314720
v 0.01710215 0.01655117 0.01292916
v 0.01781069 0.01655117 0.01330060
v 0.01769258 0.01613468 0.01180287
v 0.01840112 0.01613468 0.01217431
v 0.01766872 0.01596927 0.01184840
v 0.01837726 0.01596927 0.01221984
v 0.01704198 0.01694999 0.01304393
v 0.01775053 0.01694999 0.01341537
v 0.01710765 0.01705000 0.01291868
v 0.01781619 0.01705000 0.01329011
v 0.01718256 0.01655339 0.01277577
v 0.01720986 0.01647249 0.01272371
v 0.01789111 0.01655339 0.01314720
v 0.01791840 0.01647249 0.01309515
v 0.02090641 0.01697499 0.01364130
v 0.02090641 0.01615825 0.01364130
v 0.02179209 0.01615825 0.01410559
v 0.02406507 0.01613336 0.01529715
v 0.02422963 0.01631137 0.01538342
v 0.02437741 0.01663046 0.01546089
v 0.02444009 0.01697499 0.01549375
v 0.02375898 0.01603311 0.01513669
v 0.02391961 0.01605479 0.01522090
v 0.01803508 0.01705000 0.01114953
v 0.01810075 0.01694999 0.01102427
v 0.01803508 0.01714999 0.01114953
v 0.01810531 0.01710000 0.01101557
v 0.01810075 0.01724999 0.01102427
v 0.01795871 0.01789152 0.01129522
v 0.01793287 0.01772749 0.01134450
v 0.01803377 0.01767500 0.01115203
v 0.01796017 0.01764659 0.01129244
v 0.01804058 0.01764882 0.01113905
v 0.01720386 0.01793425 0.01273515
v 0.01728002 0.01787861 0.01258987
v 0.01730439 0.01809592 0.01254337
v 0.01731758 0.01793739 0.01251822
v 0.01731654 0.01811058 0.01252019
v 0.01718402 0.01630846 0.01277298
v 0.01720986 0.01647249 0.01272371
v 0.01710896 0.01652499 0.01291618
v 0.01718256 0.01655339 0.01277577
v 0.01710215 0.01655117 0.01292916
v 0.01780119 0.01606197 0.01159570
v 0.01773674 0.01616558 0.01171864
v 0.01766872 0.01596927 0.01184840
v 0.01769258 0.01613468 0.01180287
v 0.01803508 0.01705000 0.01114953
v 0.01874363 0.01705000 0.01152097
v 0.01810075 0.01694999 0.01102427
v 0.01880929 0.01694999 0.01139571
v 0.01728002 0.01632137 0.01258987
v 0.01731758 0.01626260 0.01251822
v 0.01798856 0.01632137 0.01296131
v 0.01802612 0.01626260 0.01288965
v 0.01425229 0.01274999 0.00984252
v 0.01416150 0.01445000 0.01024656
v 0.01416150 0.01274999 0.01024656
v 0.01388085 0.01445000 0.01055106
v 0.01388085 0.01274999 0.01055106
v 0.01348555 0.01445000 0.01067445
v 0.01348555 0.01274999 0.01067445
v 0.01308152 0.01445000 0.01058366
v 0.01308152 0.01274999 0.01058366
v 0.01277701 0.01445000 0.01030301
v 0.01277701 0.01274999 0.01030301
v 0.01265362 0.01445000 0.00990771
v 0.01265362 0.01274999 0.00990771
v 0.01274441 0.01445000 0.00950368
v 0.01274441 0.01274999 0.00950368
v 0.01302506 0.01445000 0.00919917
v 0.01302506 0.01274999 0.00919917
v 0.01342036 0.01445000 0.00907578
v 0.01342036 0.01274999 0.00907578
v 0.01382440 0.01445000 0.00916657
v 0.01382440 0.01274999 0.00916657
v 0.01412890 0.01445000 0.00944722
v 0.01412890 0.01274999 0.00944722
v 0.01425229 0.01445000 0.00984252
v 0.01810075 0.01724999 0.01102427
v 0.01880929 0.01724999 0.01139571
v 0.01803508 0.01714999 0.01114953
v 0.01874363 0.01714999 0.01152097
v 0.01795871 0.01789152 0.01129522
v 0.01866725 0.01789152 0.01166666
v 0.01793287 0.01772749 0.01134450
v 0.01864142 0.01772749 0.01171594
v 0.01720386 0.01793425 0.01273515
v 0.01791240 0.01793425 0.01310658
v 0.01728002 0.01787861 0.01258987
v 0.01798856 0.01787861 0.01296131
v 0.01718402 0.01630846 0.01277298
v 0.01789257 0.01630846 0.01314442
v 0.01720986 0.01647249 0.01272371
v 0.01791840 0.01647249 0.01309515
v 0.01780119 0.01606197 0.01159570
v 0.01850973 0.01606197 0.01196714
v 0.01773674 0.01616558 0.01171864
v 0.01844528 0.01616558 0.01209008
v 0.01425007 0.01570000 0.01029299
v 0.01430940 0.01594999 0.01032409
v 0.01393434 0.01570000 0.01063556
v 0.01400798 0.01601028 0.01067416
v 0.01348963 0.01570000 0.01077437
v 0.01360235 0.01617499 0.01083346
v 0.01303509 0.01570000 0.01067223
v 0.01320121 0.01639999 0.01075931
v 0.01269252 0.01570000 0.01035650
v 0.01291204 0.01662499 0.01047158
v 0.01255370 0.01570000 0.00991179
v 0.01281231 0.01678970 0.01004736
v 0.01265585 0.01570000 0.00945725
v 0.01292876 0.01684999 0.00960032
v 0.01297157 0.01570000 0.00911468
v 0.01323018 0.01678970 0.00925025
v 0.01341629 0.01570000 0.00897586
v 0.01363580 0.01662499 0.00909094
v 0.01387083 0.01570000 0.00907801
v 0.01403695 0.01639999 0.00916509
v 0.01421340 0.01570000 0.00939373
v 0.01432612 0.01617499 0.00945283
v 0.01435221 0.01570000 0.00983845
v 0.01442585 0.01601028 0.00987705
v 0.01447149 0.01613301 0.01040906
v 0.01420916 0.01623743 0.01077962
v 0.01391033 0.01652272 0.01099491
v 0.01365506 0.01691243 0.01099724
v 0.01351177 0.01730214 0.01078598
v 0.01351884 0.01758743 0.01041774
v 0.01367438 0.01769185 0.00999119
v 0.01393671 0.01758743 0.00962063
v 0.01423554 0.01730214 0.00940534
v 0.01449080 0.01691243 0.00940301
v 0.01463409 0.01652272 0.00961427
v 0.01462703 0.01623743 0.00998251
v 0.01469291 0.01620000 0.01052513
v 0.01427504 0.01710000 0.01132225
v 0.01469291 0.01799999 0.01052513
v 0.01740599 0.01616558 0.01234957
v 0.01745015 0.01613468 0.01226533
v 0.01811453 0.01616558 0.01272101
v 0.01815869 0.01613468 0.01263677
v 0.02179209 0.01804174 0.01410559
v 0.02090641 0.01804174 0.01364130
v 0.02090641 0.01722500 0.01364130
v 0.02419976 0.01793016 0.01536776
v 0.02403925 0.01808515 0.01528362
v 0.02388144 0.01815620 0.01520089
v 0.02375898 0.01816688 0.01513669
v 0.02444009 0.01722500 0.01549375
v 0.02434646 0.01766035 0.01544467
v 0.01880929 0.01694999 0.01139571
v 0.01874363 0.01705000 0.01152097
v 0.01881385 0.01710000 0.01138701
v 0.01874363 0.01714999 0.01152097
v 0.01880929 0.01724999 0.01139571
v 0.01864142 0.01772749 0.01171594
v 0.01866725 0.01789152 0.01166666
v 0.01866871 0.01764659 0.01166388
v 0.01874232 0.01767500 0.01152347
v 0.01874912 0.01764882 0.01151048
v 0.01798856 0.01787861 0.01296131
v 0.01791240 0.01793425 0.01310658
v 0.01802612 0.01793739 0.01288965
v 0.01801294 0.01809592 0.01291481
v 0.01802509 0.01811058 0.01289163
v 0.01791840 0.01647249 0.01309515
v 0.01789257 0.01630846 0.01314442
v 0.01789111 0.01655339 0.01314720
v 0.01781750 0.01652499 0.01328762
v 0.01781069 0.01655117 0.01330060
v 0.01840112 0.01613468 0.01217431
v 0.01844528 0.01616558 0.01209008
v 0.01837726 0.01596927 0.01221984
v 0.01850973 0.01606197 0.01196714
v 0.01803508 0.01705000 0.01114953
v 0.01803508 0.01714999 0.01114953
v 0.01874363 0.01705000 0.01152097
v 0.01874363 0.01714999 0.01152097
v 0.01754815 0.01610125 0.01207839
v 0.01759458 0.01610125 0.01198982
v 0.01825669 0.01610125 0.01244983
v 0.01830312 0.01610125 0.01236126
v 0.02419629 0.01722500 0.01430248
v 0.02412360 0.01767026 0.01444116
v 0.02415703 0.01767066 0.01445797
v 0.02435485 0.01763490 0.01462614
v 0.02434686 0.01722500 0.01440589
v 0.02422685 0.01722500 0.01432347
v 0.02450245 0.01748519 0.01497333
v 0.02453775 0.01722500 0.01479566
v 0.02445584 0.01722500 0.01455174
v 0.02447858 0.01722500 0.01536000
v 0.02453737 0.01722500 0.01515574
v 0.02453765 0.01722500 0.01488610
v 0.02444009 0.01722500 0.01549375
v 0.02440613 0.01738290 0.01547595
v 0.02439584 0.01771484 0.01517671
v 0.02434646 0.01766035 0.01544467
v 0.02426639 0.01780762 0.01540269
v 0.02419976 0.01793016 0.01536776
v 0.02420679 0.01795380 0.01490856
v 0.02403925 0.01808515 0.01528362
v 0.02388144 0.01815620 0.01520089
v 0.02399908 0.01801089 0.01475927
v 0.02379188 0.01816401 0.01515394
v 0.02396575 0.01801025 0.01474225
v 0.02375898 0.01816688 0.01513669
v 0.01883088 0.01652499 0.01156990
v 0.01887109 0.01647499 0.01149320
v 0.01863545 0.01610406 0.01194271
v 0.01865866 0.01601747 0.01189842
v 0.01836848 0.01594999 0.01245197
v 0.01836848 0.01584999 0.01245197
v 0.01810150 0.01610406 0.01296124
v 0.01807829 0.01601747 0.01300552
v 0.01790607 0.01652499 0.01333405
v 0.01786586 0.01647499 0.01341075
v 0.01783453 0.01710000 0.01347050
v 0.01778810 0.01710000 0.01355907
v 0.01790607 0.01767500 0.01333405
v 0.01786586 0.01772500 0.01341075
v 0.01810150 0.01809592 0.01296124
v 0.01807829 0.01818252 0.01300552
v 0.01836848 0.01824999 0.01245197
v 0.01836848 0.01835000 0.01245197
v 0.01863545 0.01809592 0.01194271
v 0.01865866 0.01818252 0.01189842
v 0.01883088 0.01767500 0.01156990
v 0.01887109 0.01772500 0.01149320
v 0.01890242 0.01710000 0.01143344
v 0.01894885 0.01710000 0.01134487
v 0.01801956 0.01736107 0.01117914
v 0.01872810 0.01736107 0.01155058
v 0.01809636 0.01730966 0.01103265
v 0.01880490 0.01730966 0.01140408
v 0.01745015 0.01806531 0.01226533
v 0.01815869 0.01806531 0.01263677
v 0.01747401 0.01823072 0.01221981
v 0.01818256 0.01823072 0.01259125
v 0.01728002 0.01632137 0.01258987
v 0.01798856 0.01632137 0.01296131
v 0.01720386 0.01626574 0.01273515
v 0.01791240 0.01626574 0.01310658
v 0.01782515 0.01626260 0.01154999
v 0.01853369 0.01626260 0.01192143
v 0.01782618 0.01608941 0.01154802
v 0.01853473 0.01608941 0.01191946
v 0.01983453 0.01710000 0.01180917
v 0.01887109 0.01772500 0.01149320
v 0.01975677 0.01772500 0.01195749
v 0.01865866 0.01818252 0.01189842
v 0.01954434 0.01818252 0.01236272
v 0.01836848 0.01835000 0.01245197
v 0.01925415 0.01835000 0.01291627
v 0.01807829 0.01818252 0.01300552
v 0.01896397 0.01818252 0.01346982
v 0.01786586 0.01772500 0.01341075
v 0.01875154 0.01772500 0.01387505
v 0.01778810 0.01710000 0.01355907
v 0.01867378 0.01710000 0.01402337
v 0.01786586 0.01647499 0.01341075
v 0.01875154 0.01647499 0.01387505
v 0.01807829 0.01601747 0.01300552
v 0.01896397 0.01601747 0.01346982
v 0.01836848 0.01584999 0.01245197
v 0.01925415 0.01584999 0.01291627
v 0.01865866 0.01601747 0.01189842
v 0.01954434 0.01601747 0.01236272
v 0.01887109 0.01647499 0.01149320
v 0.01975677 0.01647499 0.01195749
v 0.01894885 0.01710000 0.01134487
v 0.01769258 0.01613468 0.01180287
v 0.01773674 0.01616558 0.01171864
v 0.01840112 0.01613468 0.01217431
v 0.01844528 0.01616558 0.01209008
v 0.02375898 0.01816688 0.01513669
v 0.02179209 0.01804174 0.01410559
v 0.02196828 0.01790499 0.01376951
v 0.02419629 0.01722500 0.01430248
v 0.02217130 0.01722500 0.01338222
v 0.02210781 0.01760446 0.01350334
v 0.02412354 0.01767038 0.01444126
v 0.02396578 0.01801020 0.01474221
v 0.01781619 0.01705000 0.01329011
v 0.01775053 0.01694999 0.01341537
v 0.01781619 0.01714999 0.01329011
v 0.01774596 0.01710000 0.01342407
v 0.01775053 0.01724999 0.01341537
v 0.01805332 0.01759498 0.01111475
v 0.01800521 0.01745618 0.01120651
v 0.01809636 0.01730966 0.01103265
v 0.01801956 0.01736107 0.01117914
v 0.01734154 0.01813801 0.01247251
v 0.01740599 0.01803441 0.01234957
v 0.01747401 0.01823072 0.01221981
v 0.01745015 0.01806531 0.01226533
v 0.01728002 0.01632137 0.01258987
v 0.01720386 0.01626574 0.01273515
v 0.01731758 0.01626260 0.01251822
v 0.01730439 0.01610406 0.01254337
v 0.01731654 0.01608941 0.01252019
v 0.01793887 0.01626574 0.01133306
v 0.01786271 0.01632137 0.01147834
v 0.01783834 0.01610406 0.01152484
v 0.01782515 0.01626260 0.01154999
v 0.01782618 0.01608941 0.01154802
v 0.01710765 0.01714999 0.01291868
v 0.01710765 0.01705000 0.01291868
v 0.01781619 0.01714999 0.01329011
v 0.01781619 0.01705000 0.01329011
v 0.01782515 0.01626260 0.01154999
v 0.01786271 0.01632137 0.01147834
v 0.01853369 0.01626260 0.01192143
v 0.01857125 0.01632137 0.01184978
v 0.02320559 0.01722500 0.01619232
v 0.02327828 0.01767026 0.01605364
v 0.02129681 0.01722500 0.01505039
v 0.02136030 0.01760446 0.01492927
v 0.02364290 0.01816688 0.01535811
v 0.02167602 0.01804174 0.01432701
v 0.02343612 0.01801025 0.01575255
v 0.02149983 0.01790499 0.01466310
v 0.02343610 0.01801020 0.01575259
v 0.02327834 0.01767038 0.01605354
v 0.01710765 0.01714999 0.01291868
v 0.01781619 0.01714999 0.01329011
v 0.01704198 0.01724999 0.01304393
v 0.01775053 0.01724999 0.01341537
v 0.01805332 0.01759498 0.01111475
v 0.01876186 0.01759498 0.01148619
v 0.01800521 0.01745618 0.01120651
v 0.01871375 0.01745618 0.01157795
v 0.01734154 0.01813801 0.01247251
v 0.01805008 0.01813801 0.01284395
v 0.01740599 0.01803441 0.01234957
v 0.01811453 0.01803441 0.01272101
v 0.01731654 0.01608941 0.01252019
v 0.01802509 0.01608941 0.01289163
v 0.01731758 0.01626260 0.01251822
v 0.01802612 0.01626260 0.01288965
v 0.01793887 0.01626574 0.01133306
v 0.01864741 0.01626574 0.01170450
v 0.01786271 0.01632137 0.01147834
v 0.01857125 0.01632137 0.01184978
v 0.01773674 0.01803441 0.01171864
v 0.01769258 0.01806531 0.01180287
v 0.01844528 0.01803441 0.01209008
v 0.01840112 0.01806531 0.01217431
v 0.01793287 0.01647249 0.01134450
v 0.01796017 0.01655339 0.01129244
v 0.01864142 0.01647249 0.01171594
v 0.01866871 0.01655339 0.01166388
v 0.02364290 0.01816688 0.01535811
v 0.02346908 0.01801089 0.01577028
v 0.02371002 0.01795380 0.01585619
v 0.02376536 0.01815620 0.01542231
v 0.02367580 0.01816401 0.01537536
v 0.02403809 0.01771484 0.01585913
v 0.02408368 0.01793016 0.01558918
v 0.02392317 0.01808515 0.01550504
v 0.02429005 0.01738290 0.01569737
v 0.02423039 0.01766035 0.01566609
v 0.02415031 0.01780762 0.01562411
v 0.02423591 0.01722500 0.01582291
v 0.02393148 0.01748519 0.01606250
v 0.02410136 0.01722500 0.01598746
v 0.02387976 0.01722500 0.01614107
v 0.02380543 0.01722500 0.01619260
v 0.02356197 0.01763490 0.01613861
v 0.02355822 0.01722500 0.01626399
v 0.02337628 0.01722500 0.01625732
v 0.02331113 0.01767066 0.01607158
v 0.02324023 0.01722500 0.01620551
v 0.02432401 0.01722500 0.01571517
v 0.01704198 0.01694999 0.01304393
v 0.01710765 0.01705000 0.01291868
v 0.01703742 0.01710000 0.01305263
v 0.01710765 0.01714999 0.01291868
v 0.01704198 0.01724999 0.01304393
v 0.01872810 0.01736107 0.01155058
v 0.01871375 0.01745618 0.01157795
v 0.01880490 0.01730966 0.01140408
v 0.01876186 0.01759498 0.01148619
v 0.01815869 0.01806531 0.01263677
v 0.01811453 0.01803441 0.01272101
v 0.01818256 0.01823072 0.01259125
v 0.01805008 0.01813801 0.01284395
v 0.01791240 0.01626574 0.01310658
v 0.01798856 0.01632137 0.01296131
v 0.01801294 0.01610406 0.01291481
v 0.01802612 0.01626260 0.01288965
v 0.01802509 0.01608941 0.01289163
v 0.01857125 0.01632137 0.01184978
v 0.01864741 0.01626574 0.01170450
v 0.01853369 0.01626260 0.01192143
v 0.01854688 0.01610406 0.01189628
v 0.01853473 0.01608941 0.01191946
v 0.01786271 0.01787861 0.01147834
v 0.01782515 0.01793739 0.01154999
v 0.01857125 0.01787861 0.01184978
v 0.01853369 0.01793739 0.01192143
v 0.01800521 0.01674381 0.01120651
v 0.01801956 0.01683891 0.01117914
v 0.01871375 0.01674381 0.01157795
v 0.01872810 0.01683891 0.01155058
v 0.02129681 0.01722500 0.01505039
v 0.02041113 0.01722500 0.01458609
v 0.02079034 0.01722500 0.01386272
v 0.02320559 0.01722500 0.01619232
v 0.02355822 0.01722500 0.01626399
v 0.02337628 0.01722500 0.01625732
v 0.02380543 0.01722500 0.01619260
v 0.02410136 0.01722500 0.01598746
v 0.02432401 0.01722500 0.01571517
v 0.01773674 0.01803441 0.01171864
v 0.01844528 0.01803441 0.01209008
v 0.01780119 0.01813801 0.01159570
v 0.01850973 0.01813801 0.01196714
v 0.01713752 0.01745618 0.01286170
v 0.01784606 0.01745618 0.01323313
v 0.01708941 0.01759498 0.01295345
v 0.01779796 0.01759498 0.01332489
v 0.01759458 0.01809874 0.01198982
v 0.01830312 0.01809874 0.01236126
v 0.01764101 0.01824017 0.01190125
v 0.01834955 0.01824017 0.01227269
v 0.01740599 0.01616558 0.01234957
v 0.01811453 0.01616558 0.01272101
v 0.01734154 0.01606197 0.01247251
v 0.01805008 0.01606197 0.01284395
v 0.01793287 0.01647249 0.01134450
v 0.01864142 0.01647249 0.01171594
v 0.01795871 0.01630846 0.01129522
v 0.01866725 0.01630846 0.01166666
v 0.01796017 0.01764659 0.01129244
v 0.01793287 0.01772749 0.01134450
v 0.01866871 0.01764659 0.01166388
v 0.01864142 0.01772749 0.01171594
v 0.01867378 0.01710000 0.01402337
v 0.01913787 0.01757499 0.01378423
v 0.01875154 0.01772500 0.01387505
v 0.01929932 0.01792272 0.01347626
v 0.01896397 0.01818252 0.01346982
v 0.01951986 0.01804999 0.01305556
v 0.01925415 0.01835000 0.01291627
v 0.01974040 0.01792272 0.01263486
v 0.01954434 0.01818252 0.01236272
v 0.01990185 0.01757499 0.01232689
v 0.01975677 0.01772500 0.01195749
v 0.01996094 0.01710000 0.01221416
v 0.01983453 0.01710000 0.01180917
v 0.01990185 0.01662499 0.01232689
v 0.01975677 0.01647499 0.01195749
v 0.01974040 0.01627727 0.01263486
v 0.01954434 0.01601747 0.01236272
v 0.01951986 0.01615000 0.01305556
v 0.01925415 0.01584999 0.01291627
v 0.01929932 0.01627727 0.01347626
v 0.01896397 0.01601747 0.01346982
v 0.01913787 0.01662499 0.01378423
v 0.01875154 0.01647499 0.01387505
v 0.01907878 0.01710000 0.01389695
v 0.02364290 0.01603311 0.01535811
v 0.02343616 0.01618969 0.01575248
v 0.02167602 0.01615825 0.01432701
v 0.02149983 0.01629500 0.01466310
v 0.02320559 0.01697499 0.01619232
v 0.02129681 0.01697499 0.01505039
v 0.02327831 0.01652964 0.01605360
v 0.02136030 0.01659553 0.01492927
v 0.02327833 0.01652960 0.01605355
v 0.02343611 0.01618980 0.01575258
v 0.01766872 0.01823072 0.01184840
v 0.01769258 0.01806531 0.01180287
v 0.01780119 0.01813801 0.01159570
v 0.01773674 0.01803441 0.01171864
v 0.01704637 0.01730966 0.01303556
v 0.01712317 0.01736107 0.01288907
v 0.01708941 0.01759498 0.01295345
v 0.01713752 0.01745618 0.01286170
v 0.01750172 0.01824017 0.01216696
v 0.01754815 0.01809874 0.01207839
v 0.01757137 0.01824999 0.01203410
v 0.01759458 0.01809874 0.01198982
v 0.01764101 0.01824017 0.01190125
v 0.01747401 0.01596927 0.01221981
v 0.01745015 0.01613468 0.01226533
v 0.01734154 0.01606197 0.01247251
v 0.01740599 0.01616558 0.01234957
v 0.01793287 0.01647249 0.01134450
v 0.01795871 0.01630846 0.01129522
v 0.01796017 0.01655339 0.01129244
v 0.01803377 0.01652499 0.01115203
v 0.01804058 0.01655117 0.01113905
v 0.01801956 0.01736107 0.01117914
v 0.01800521 0.01745618 0.01120651
v 0.01872810 0.01736107 0.01155058
v 0.01871375 0.01745618 0.01157795
v 0.01435221 0.01445000 0.00983845
v 0.01425007 0.01445000 0.01029299
v 0.01393434 0.01445000 0.01063556
v 0.01348963 0.01570000 0.01077437
v 0.01348963 0.01445000 0.01077437
v 0.01303509 0.01445000 0.01067223
v 0.01269252 0.01570000 0.01035650
v 0.01269252 0.01445000 0.01035650
v 0.01255370 0.01570000 0.00991179
v 0.01255370 0.01445000 0.00991179
v 0.01265585 0.01445000 0.00945725
v 0.01297157 0.01570000 0.00911468
v 0.01297157 0.01445000 0.00911468
v 0.01341629 0.01570000 0.00897586
v 0.01341629 0.01445000 0.00897586
v 0.01387083 0.01445000 0.00907801
v 0.01421340 0.01445000 0.00939373
v 0.02320559 0.01697499 0.01619232
v 0.02331115 0.01652925 0.01607154
v 0.02356199 0.01656502 0.01613857
v 0.02333300 0.01697499 0.01624706
v 0.02323982 0.01697499 0.01620703
v 0.02393149 0.01671474 0.01606247
v 0.02375628 0.01697499 0.01621374
v 0.02352380 0.01697499 0.01626686
v 0.02421674 0.01697499 0.01583722
v 0.02402825 0.01697499 0.01605167
v 0.02387980 0.01697499 0.01614013
v 0.02429921 0.01683867 0.01570217
v 0.02403812 0.01648512 0.01585908
v 0.02426133 0.01663045 0.01568231
v 0.02415067 0.01639151 0.01562430
v 0.02411355 0.01631136 0.01560484
v 0.02371005 0.01624615 0.01585612
v 0.02394899 0.01613336 0.01551857
v 0.02380353 0.01605479 0.01544232
v 0.02346912 0.01618904 0.01577021
v 0.02367551 0.01603751 0.01537520
v 0.02432401 0.01697499 0.01571517
v 0.02136648 0.01265000 0.01715680
v 0.02131541 0.01764999 0.01738407
v 0.02131541 0.01265000 0.01738407
v 0.02115754 0.01764999 0.01755535
v 0.02115754 0.01265000 0.01755535
v 0.02093519 0.01764999 0.01762476
v 0.02093519 0.01265000 0.01762476
v 0.02070792 0.01764999 0.01757369
v 0.02070792 0.01265000 0.01757369
v 0.02053663 0.01764999 0.01741583
v 0.02053663 0.01265000 0.01741583
v 0.02046723 0.01764999 0.01719347
v 0.02046723 0.01265000 0.01719347
v 0.02051830 0.01764999 0.01696620
v 0.02051830 0.01265000 0.01696620
v 0.02067616 0.01764999 0.01679492
v 0.02067616 0.01265000 0.01679492
v 0.02089852 0.01764999 0.01672551
v 0.02089852 0.01265000 0.01672551
v 0.02112579 0.01764999 0.01677658
v 0.02112579 0.01265000 0.01677658
v 0.02129707 0.01764999 0.01693444
v 0.02129707 0.01265000 0.01693444
v 0.02136648 0.01764999 0.01715680
v 0.02046723 0.01265000 0.01719347
v 0.02063420 0.01244999 0.01735407
v 0.02053663 0.01265000 0.01741583
v 0.02076153 0.01244999 0.01747142
v 0.02070792 0.01265000 0.01757369
v 0.02093048 0.01244999 0.01750939
v 0.02093519 0.01265000 0.01762476
v 0.02109578 0.01244999 0.01745779
v 0.02115754 0.01265000 0.01755535
v 0.02121314 0.01244999 0.01733046
v 0.02131541 0.01265000 0.01738407
v 0.02125110 0.01244999 0.01716151
v 0.02136648 0.01265000 0.01715680
v 0.02119951 0.01244999 0.01699620
v 0.02129707 0.01265000 0.01693444
v 0.02107217 0.01244999 0.01687885
v 0.02112579 0.01265000 0.01677658
v 0.02090322 0.01244999 0.01684088
v 0.02089852 0.01265000 0.01672551
v 0.02073792 0.01244999 0.01689248
v 0.02067616 0.01265000 0.01679492
v 0.02062057 0.01244999 0.01701981
v 0.02051830 0.01265000 0.01696620
v 0.02058260 0.01244999 0.01718877
v 0.02036731 0.01774999 0.01719755
v 0.02053663 0.01764999 0.01741583
v 0.02045214 0.01774999 0.01746931
v 0.02070792 0.01764999 0.01757369
v 0.02066149 0.01774999 0.01766226
v 0.02093519 0.01764999 0.01762476
v 0.02093926 0.01774999 0.01772468
v 0.02115754 0.01764999 0.01755535
v 0.02121103 0.01774999 0.01763985
v 0.02131541 0.01764999 0.01738407
v 0.02140398 0.01774999 0.01743050
v 0.02136648 0.01764999 0.01715680
v 0.02146640 0.01774999 0.01715273
v 0.02129707 0.01764999 0.01693444
v 0.02138157 0.01774999 0.01688096
v 0.02112579 0.01764999 0.01677658
v 0.02117222 0.01774999 0.01668801
v 0.02089852 0.01764999 0.01672551
v 0.02089444 0.01774999 0.01662559
v 0.02067616 0.01764999 0.01679492
v 0.02062267 0.01774999 0.01671042
v 0.02051830 0.01764999 0.01696620
v 0.02042973 0.01774999 0.01691977
v 0.02046723 0.01764999 0.01719347
v 0.02076153 0.01244999 0.01747142
v 0.02063420 0.01244999 0.01735407
v 0.02091685 0.01244999 0.01717514
v 0.02058260 0.01244999 0.01718877
v 0.02062057 0.01244999 0.01701981
v 0.02121314 0.01244999 0.01733046
v 0.02109578 0.01244999 0.01745779
v 0.02093048 0.01244999 0.01750939
v 0.02107217 0.01244999 0.01687885
v 0.02119951 0.01244999 0.01699620
v 0.02125110 0.01244999 0.01716151
v 0.02073792 0.01244999 0.01689248
v 0.02090322 0.01244999 0.01684088
v 0.02146640 0.01774999 0.01715273
v 0.02140398 0.01814999 0.01743050
v 0.02140398 0.01774999 0.01743050
v 0.02121103 0.01814999 0.01763985
v 0.02121103 0.01774999 0.01763985
v 0.02093926 0.01814999 0.01772468
v 0.02093926 0.01774999 0.01772468
v 0.02066149 0.01814999 0.01766226
v 0.02066149 0.01774999 0.01766226
v 0.02045214 0.01814999 0.01746931
v 0.02045214 0.01774999 0.01746931
v 0.02036731 0.01814999 0.01719755
v 0.02036731 0.01774999 0.01719755
v 0.02042973 0.01814999 0.01691977
v 0.02042973 0.01774999 0.01691977
v 0.02062267 0.01814999 0.01671042
v 0.02062267 0.01774999 0.01671042
v 0.02089444 0.01814999 0.01662559
v 0.02089444 0.01774999 0.01662559
v 0.02117222 0.01814999 0.01668801
v 0.02117222 0.01774999 0.01668801
v 0.02138157 0.01814999 0.01688096
v 0.02138157 0.01774999 0.01688096
v 0.02146640 0.01814999 0.01715273
v 0.02121103 0.01814999 0.01763985
v 0.02140398 0.01814999 0.01743050
v 0.02091685 0.01814999 0.01717514
v 0.02146640 0.01814999 0.01715273
v 0.02138157 0.01814999 0.01688096
v 0.02045214 0.01814999 0.01746931
v 0.02066149 0.01814999 0.01766226
v 0.02093926 0.01814999 0.01772468
v 0.02062267 0.01814999 0.01671042
v 0.02042973 0.01814999 0.01691977
v 0.02036731 0.01814999 0.01719755
v 0.02117222 0.01814999 0.01668801
v 0.02089444 0.01814999 0.01662559
v 0.01905543 0.01965000 0.01391970
v 0.01905543 0.01949999 0.01391970
v 0.01900295 0.01965000 0.01393777
v 0.01900295 0.01949999 0.01393777
v 0.01894780 0.01965000 0.01393148
v 0.01894780 0.01949999 0.01393148
v 0.01890073 0.01965000 0.01390206
v 0.01890073 0.01949999 0.01390206
v 0.01887092 0.01965000 0.01385524
v 0.01887092 0.01949999 0.01385524
v 0.01886418 0.01965000 0.01380014
v 0.01886418 0.01949999 0.01380014
v 0.01841666 0.01909999 0.01343695
v 0.02448356 0.01909999 0.01661739
v 0.01788272 0.01794852 0.01445548
v 0.02394962 0.01794852 0.01763592
v 0.01852376 0.01965000 0.01079273
v 0.01852374 0.01949999 0.01079273
v 0.01848026 0.01965000 0.01079458
v 0.01848026 0.01949999 0.01079458
v 0.01843950 0.01965000 0.01077789
v 0.01843950 0.01949999 0.01077789
v 0.01958898 0.01965000 0.00849589
v 0.02056721 0.01965000 0.00900870
v 0.01958898 0.01949999 0.00849589
v 0.02056721 0.01949999 0.00900870
v 0.02050030 0.01949999 0.00675749
v 0.02100643 0.01949999 0.00692760
v 0.02050030 0.01965000 0.00675749
v 0.02100643 0.01965000 0.00692760
v 0.01969191 0.01949999 0.00956164
v 0.01967546 0.01949999 0.00942637
v 0.01969191 0.01965000 0.00956164
v 0.01967546 0.01965000 0.00942637
v 0.01864599 0.01965000 0.01029470
v 0.01907698 0.01965000 0.01052064
v 0.01864599 0.01949999 0.01029470
v 0.01907698 0.01949999 0.01052064
v 0.01897424 0.01965000 0.01204961
v 0.01897424 0.01949999 0.01204961
v 0.01900558 0.01949999 0.01195445
v 0.01900558 0.01965000 0.01195445
v 0.01900289 0.01949999 0.01185429
v 0.01900289 0.01965000 0.01185429
v 0.01992611 0.01469999 0.01014823
v 0.01992611 0.01454999 0.01014823
v 0.01985742 0.01469999 0.01027927
v 0.01985742 0.01454999 0.01027927
v 0.01873803 0.01965000 0.01249800
v 0.01894360 0.01965000 0.01210585
v 0.01832571 0.01965000 0.01228185
v 0.01866832 0.01965000 0.01320099
v 0.01936126 0.01965000 0.01356426
v 0.01866832 0.01949999 0.01320099
v 0.01936126 0.01949999 0.01356426
v 0.01590243 0.01869999 0.01392544
v 0.01590243 0.01445000 0.01392544
v 0.01678810 0.01459999 0.01438974
v 0.01678810 0.01445000 0.01438974
v 0.02205789 0.01459999 0.01715231
v 0.02387354 0.01459999 0.01810412
v 0.02205789 0.01814999 0.01715231
v 0.02387354 0.01869999 0.01810412
v 0.02028654 0.01814999 0.01622371
v 0.02028654 0.01459999 0.01622371
v 0.01830319 0.01469999 0.01467590
v 0.01830319 0.01459999 0.01467590
v 0.01815303 0.01469999 0.01455531
v 0.01815303 0.01459999 0.01455531
v 0.01805959 0.01469999 0.01438691
v 0.01805959 0.01459999 0.01438691
v 0.02133932 0.01814999 0.01690770
v 0.02205789 0.01814999 0.01715231
v 0.02114900 0.01814999 0.01673230
v 0.02028654 0.01814999 0.01622371
v 0.02089648 0.01814999 0.01667555
v 0.02064942 0.01814999 0.01675267
v 0.02141644 0.01814999 0.01715476
v 0.02135969 0.01814999 0.01740728
v 0.02150074 0.01814999 0.01821513
v 0.02118429 0.01814999 0.01759760
v 0.02132533 0.01814999 0.01840544
v 0.02093723 0.01814999 0.01767472
v 0.02107827 0.01814999 0.01848256
v 0.01967425 0.01814999 0.01747367
v 0.02049439 0.01814999 0.01744257
v 0.01972938 0.01814999 0.01728653
v 0.02041727 0.01814999 0.01719551
v 0.02047401 0.01814999 0.01694299
v 0.02082575 0.01814999 0.01842582
v 0.02068470 0.01814999 0.01761798
v 0.01994007 0.01814999 0.01796152
v 0.01978827 0.01814999 0.01783897
v 0.01969493 0.01814999 0.01766766
v 0.02812187 0.01494999 0.01000016
v 0.02798901 0.01509999 0.00993051
v 0.02458688 0.01494999 0.01674337
v 0.02448288 0.01509999 0.01661869
v 0.01774977 0.01610406 0.01147841
v 0.01777298 0.01601747 0.01143412
v 0.01748280 0.01594999 0.01198767
v 0.01748280 0.01584999 0.01198767
v 0.01721583 0.01610406 0.01249694
v 0.01719261 0.01601747 0.01254122
v 0.01702039 0.01652499 0.01286975
v 0.01698018 0.01647499 0.01294645
v 0.01694885 0.01710000 0.01300620
v 0.01690242 0.01710000 0.01309477
v 0.01702039 0.01767500 0.01286975
v 0.01698018 0.01772500 0.01294645
v 0.01721583 0.01809592 0.01249694
v 0.01719261 0.01818252 0.01254122
v 0.01748280 0.01824999 0.01198767
v 0.01748280 0.01835000 0.01198767
v 0.01774977 0.01809592 0.01147841
v 0.01777298 0.01818252 0.01143412
v 0.01794520 0.01767500 0.01110560
v 0.01798541 0.01772500 0.01102890
v 0.01801674 0.01710000 0.01096914
v 0.01806317 0.01710000 0.01088057
v 0.01794520 0.01652499 0.01110560
v 0.01798541 0.01647499 0.01102890
v 0.02171318 0.01454999 0.00714863
v 0.02171318 0.01469999 0.00714863
v 0.02211173 0.01454999 0.00735756
v 0.02211173 0.01469999 0.00735756
v 0.01736665 0.01469999 0.01292465
v 0.01736665 0.01454999 0.01292465
v 0.01801978 0.01469999 0.01292568
v 0.01801978 0.01454999 0.01292568
v 0.01875532 0.01469999 0.01238159
v 0.01875532 0.01454999 0.01238159
v 0.01863585 0.01469999 0.01260949
v 0.01863585 0.01454999 0.01260949
v 0.01972695 0.01469999 0.00928120
v 0.01972695 0.01454999 0.00928120
v 0.02039277 0.01469999 0.00952130
v 0.02039277 0.01454999 0.00952130
v 0.02021038 0.01469999 0.00883011
v 0.02021038 0.01454999 0.00883011
v 0.02055086 0.01469999 0.00818061
v 0.02055086 0.01454999 0.00818061
v 0.02126190 0.01469999 0.00786337
v 0.02126190 0.01454999 0.00786337
v 0.02135449 0.01469999 0.00768675
v 0.02135449 0.01454999 0.00768675
v 0.01900877 0.01965000 0.01349458
v 0.01888214 0.01965000 0.01373614
v 0.01900877 0.01949999 0.01349458
v 0.01888214 0.01949999 0.01373614
v 0.01788272 0.01624852 0.01445548
v 0.02394962 0.01624852 0.01763592
v 0.01841598 0.01509999 0.01343825
v 0.02448288 0.01509999 0.01661869
v 0.01855067 0.01965000 0.01152460
v 0.01790939 0.01965000 0.01169981
v 0.01855067 0.01949999 0.01152460
v 0.01790939 0.01949999 0.01169981
v 0.01843950 0.01965000 0.01077789
v 0.01843950 0.01949999 0.01077789
v 0.01842518 0.01965000 0.01075566
v 0.01842518 0.01949999 0.01075566
v 0.01841763 0.01965000 0.01073032
v 0.01841763 0.01949999 0.01073032
v 0.02044955 0.01965000 0.00685430
v 0.02095677 0.01965000 0.00702233
v 0.02044955 0.01949999 0.00685430
v 0.02095677 0.01949999 0.00702233
v 0.01932273 0.01949999 0.00924146
v 0.01920211 0.01949999 0.00930487
v 0.01932273 0.01965000 0.00924146
v 0.01920211 0.01965000 0.00930487
v 0.01907698 0.01965000 0.01052064
v 0.01843570 0.01965000 0.01069585
v 0.01907698 0.01949999 0.01052064
v 0.01843570 0.01949999 0.01069585
v 0.01891180 0.01965000 0.01170305
v 0.01891180 0.01949999 0.01170305
v 0.01882142 0.01949999 0.01164565
v 0.01882142 0.01965000 0.01164565
v 0.01871844 0.01949999 0.01161637
v 0.01871844 0.01965000 0.01161637
v 0.01984562 0.01454999 0.00984456
v 0.01984561 0.01469999 0.00984456
v 0.01978990 0.01454999 0.00981788
v 0.01978990 0.01469999 0.00981788
v 0.01971052 0.01454999 0.00981136
v 0.01971052 0.01469999 0.00981136
v 0.01963580 0.01454999 0.00983894
v 0.01963580 0.01469999 0.00983894
v 0.01957969 0.01454999 0.00989548
v 0.01957969 0.01469999 0.00989548
v 0.01955009 0.01454999 0.00995111
v 0.01955009 0.01469999 0.00995111
v 0.01946991 0.01965000 0.01110189
v 0.01885202 0.01965000 0.01127789
v 0.01926433 0.01965000 0.01149404
v 0.01892924 0.01965000 0.01345366
v 0.01862098 0.01965000 0.01329129
v 0.01892924 0.01949999 0.01345366
v 0.01862098 0.01949999 0.01329129
v 0.02319222 0.01459999 0.00724253
v 0.02488309 0.01459999 0.00745549
v 0.02321290 0.01459999 0.00743652
v 0.02483202 0.01459999 0.00768276
v 0.02315777 0.01459999 0.00762366
v 0.02028654 0.01459999 0.01622371
v 0.01926798 0.01459999 0.01489940
v 0.02044440 0.01459999 0.01605243
v 0.01944339 0.01459999 0.01470909
v 0.02066676 0.01459999 0.01598302
v 0.01815303 0.01459999 0.01455531
v 0.01678810 0.01459999 0.01438974
v 0.01688097 0.01459999 0.01421260
v 0.01722919 0.01459999 0.01354834
v 0.01696608 0.01459999 0.01383382
v 0.01707739 0.01459999 0.01342579
v 0.01685041 0.01459999 0.01346322
v 0.01698405 0.01459999 0.01325448
v 0.01656493 0.01459999 0.01320012
v 0.01696337 0.01459999 0.01306049
v 0.01634351 0.01459999 0.01308404
v 0.02490143 0.01459999 0.00790512
v 0.02507271 0.01459999 0.00806298
v 0.02205789 0.01459999 0.01715231
v 0.02210751 0.01459999 0.01698389
v 0.02387354 0.01459999 0.01810412
v 0.02627423 0.01459999 0.00862478
v 0.02847009 0.01459999 0.00933590
v 0.02649658 0.01459999 0.00855537
v 0.02665445 0.01459999 0.00838409
v 0.01745061 0.01459999 0.01366442
v 0.01782600 0.01459999 0.01396590
v 0.01805959 0.01459999 0.01438691
v 0.01830319 0.01459999 0.01467590
v 0.01876840 0.01459999 0.01491978
v 0.01902092 0.01459999 0.01497652
v 0.02110797 0.01459999 0.00602634
v 0.02116499 0.01459999 0.00657898
v 0.02085101 0.01459999 0.00616636
v 0.02094357 0.01459999 0.00646291
v 0.02056002 0.01459999 0.00619738
v 0.02069105 0.01459999 0.00640616
v 0.02027932 0.01459999 0.00611469
v 0.02044399 0.01459999 0.00648328
v 0.02005790 0.01459999 0.00599861
v 0.02026859 0.01459999 0.00667360
v 0.01701850 0.01459999 0.01287335
v 0.02208890 0.01459999 0.01680929
v 0.02200489 0.01459999 0.01665511
v 0.02604696 0.01459999 0.00857371
v 0.02186827 0.01459999 0.01654482
v 0.02089403 0.01459999 0.01603409
v 0.02309888 0.01459999 0.00707122
v 0.02294708 0.01459999 0.00694867
v 0.02138466 0.01459999 0.00562151
v 0.02248187 0.01459999 0.00670479
v 0.02229728 0.01459999 0.00664990
v 0.02129180 0.01459999 0.00579865
v 0.02210562 0.01459999 0.00666885
v 0.02162649 0.01459999 0.00671622
v 0.02089403 0.01459999 0.01603409
v 0.02186827 0.01459999 0.01654482
v 0.02089403 0.01445000 0.01603409
v 0.02186827 0.01445000 0.01654482
v 0.01879161 0.01950622 0.01487549
v 0.01702025 0.01950622 0.01394690
v 0.01602482 0.01933639 0.01369197
v 0.01684314 0.01953149 0.01379129
v 0.01616038 0.01953149 0.01343337
v 0.02429141 0.01959999 0.01730701
v 0.01941122 0.01959999 0.01474868
v 0.02413149 0.01953149 0.01761205
v 0.01929120 0.01958740 0.01485512
v 0.02399593 0.01933639 0.01787065
v 0.01902035 0.01953149 0.01493264
v 0.01904414 0.01953611 0.01493224
v 0.01677208 0.01959999 0.01336517
v 0.01632029 0.01959999 0.01312833
v 0.01675443 0.01959535 0.01345905
v 0.01677511 0.01956354 0.01365304
v 0.01593423 0.01904441 0.01386476
v 0.02390535 0.01904441 0.01804344
v 0.02401283 0.01618639 0.01783842
v 0.02394962 0.01624852 0.01763592
v 0.02401283 0.01801060 0.01783842
v 0.02394962 0.01794852 0.01763592
v 0.01680956 0.01949999 0.01327191
v 0.02047752 0.01949999 0.00627504
v 0.01680956 0.01959999 0.01327191
v 0.02047752 0.01959999 0.00627504
v 0.02197244 0.01454999 0.00762326
v 0.02197244 0.01469999 0.00762326
v 0.02157389 0.01454999 0.00741433
v 0.02157389 0.01469999 0.00741433
v 0.01835583 0.01469999 0.01340689
v 0.01835583 0.01454999 0.01340689
v 0.01842751 0.01469999 0.01327015
v 0.01842751 0.01454999 0.01327015
v 0.01874410 0.01469999 0.01266623
v 0.01874410 0.01454999 0.01266623
v 0.01905173 0.01469999 0.01207941
v 0.01905173 0.01454999 0.01207941
v 0.01899142 0.01469999 0.00982529
v 0.01899142 0.01454999 0.00982529
v 0.01892272 0.01469999 0.00995633
v 0.01892272 0.01454999 0.00995633
v 0.02045847 0.01469999 0.00939595
v 0.02045847 0.01454999 0.00939595
v 0.01988226 0.01469999 0.00898494
v 0.01988226 0.01454999 0.00898494
v 0.02038024 0.01469999 0.00717602
v 0.02038024 0.01454999 0.00717602
v 0.02032051 0.01469999 0.00728997
v 0.02032051 0.01454999 0.00728997
v 0.01888214 0.01965000 0.01373614
v 0.01888214 0.01949999 0.01373614
v 0.02206140 0.01880000 0.00648437
v 0.02812830 0.01880000 0.00966481
v 0.02205080 0.01891480 0.00650459
v 0.02811770 0.01891480 0.00968504
v 0.02202060 0.01901213 0.00656219
v 0.02808751 0.01901213 0.00974263
v 0.02197542 0.01907716 0.00664839
v 0.02804232 0.01907716 0.00982883
v 0.02192211 0.01909999 0.00675007
v 0.02798901 0.01909999 0.00993051
v 0.01790939 0.01965000 0.01169981
v 0.01811969 0.01965000 0.01129867
v 0.01790939 0.01949999 0.01169981
v 0.01811969 0.01949999 0.01129867
v 0.02013154 0.01949999 0.00977700
v 0.02010648 0.01965000 0.00988852
v 0.02010648 0.01949999 0.00988852
v 0.02002902 0.01965000 0.00997257
v 0.02002902 0.01949999 0.00997257
v 0.01991991 0.01965000 0.01000663
v 0.01991991 0.01949999 0.01000663
v 0.01980839 0.01965000 0.00998157
v 0.01980839 0.01949999 0.00998157
v 0.01972434 0.01965000 0.00990411
v 0.01972434 0.01949999 0.00990411
v 0.01969028 0.01965000 0.00979500
v 0.01969028 0.01949999 0.00979500
v 0.01971534 0.01965000 0.00968347
v 0.01971534 0.01949999 0.00968347
v 0.01979280 0.01965000 0.00959942
v 0.01979280 0.01949999 0.00959942
v 0.01990191 0.01965000 0.00956537
v 0.01990191 0.01949999 0.00956537
v 0.02001343 0.01965000 0.00959043
v 0.02001343 0.01949999 0.00959043
v 0.02009748 0.01965000 0.00966789
v 0.02009748 0.01949999 0.00966789
v 0.02013154 0.01965000 0.00977700
v 0.02095677 0.01965000 0.00702233
v 0.02100643 0.01965000 0.00692760
v 0.02095677 0.01949999 0.00702233
v 0.02100643 0.01949999 0.00692760
v 0.01967546 0.01965000 0.00942637
v 0.01967546 0.01949999 0.00942637
v 0.01958923 0.01949999 0.00931427
v 0.01958923 0.01965000 0.00931427
v 0.01946397 0.01949999 0.00924860
v 0.01946397 0.01965000 0.00924860
v 0.01932273 0.01949999 0.00924146
v 0.01932273 0.01965000 0.00924146
v 0.01843570 0.01965000 0.01069585
v 0.01864599 0.01965000 0.01029470
v 0.01843570 0.01949999 0.01069585
v 0.01864599 0.01949999 0.01029470
v 0.01900289 0.01965000 0.01185429
v 0.01900289 0.01949999 0.01185429
v 0.01897019 0.01949999 0.01177093
v 0.01897019 0.01965000 0.01177093
v 0.01891180 0.01949999 0.01170305
v 0.01891180 0.01965000 0.01170305
v 0.01992611 0.01454999 0.01014823
v 0.01992611 0.01469999 0.01014823
v 0.01995502 0.01454999 0.01009224
v 0.01995502 0.01469999 0.01009224
v 0.01996960 0.01454999 0.01001393
v 0.01996960 0.01469999 0.01001393
v 0.01994978 0.01454999 0.00993679
v 0.01994978 0.01469999 0.00993679
v 0.01989926 0.01454999 0.00987521
v 0.01989926 0.01469999 0.00987521
v 0.01984562 0.01454999 0.00984456
v 0.01984561 0.01469999 0.00984456
v 0.01785665 0.01965000 0.01210882
v 0.01790933 0.01965000 0.01215962
v 0.01795396 0.01965000 0.01179854
v 0.01796138 0.01965000 0.01218988
v 0.01799745 0.01965000 0.01179669
v 0.01900289 0.01965000 0.01185429
v 0.01890169 0.01965000 0.01200122
v 0.01900558 0.01965000 0.01195445
v 0.01894361 0.01965000 0.01201696
v 0.01897424 0.01965000 0.01204961
v 0.01897019 0.01965000 0.01177093
v 0.01891180 0.01965000 0.01170305
v 0.01885714 0.01965000 0.01200563
v 0.01882142 0.01965000 0.01164565
v 0.01782132 0.01965000 0.01204473
v 0.01781183 0.01965000 0.01195398
v 0.01783119 0.01965000 0.01186481
v 0.01791319 0.01965000 0.01178185
v 0.01785769 0.01965000 0.01179844
v 0.01789887 0.01965000 0.01175962
v 0.01789133 0.01965000 0.01173428
v 0.01871844 0.01965000 0.01161637
v 0.01866351 0.01965000 0.01162173
v 0.01817201 0.01965000 0.01220128
v 0.01802014 0.01965000 0.01220711
v 0.01862098 0.01965000 0.01329129
v 0.01866832 0.01965000 0.01320099
v 0.01862098 0.01949999 0.01329129
v 0.01866832 0.01949999 0.01320099
v 0.02028654 0.01445000 0.01622371
v 0.02028654 0.01459999 0.01622371
v 0.02044440 0.01459999 0.01605243
v 0.02044440 0.01445000 0.01605243
v 0.02066676 0.01459999 0.01598302
v 0.02066676 0.01445000 0.01598302
v 0.01782600 0.01459999 0.01396590
v 0.01782600 0.01469999 0.01396590
v 0.01745061 0.01459999 0.01366442
v 0.01745061 0.01469999 0.01366442
v 0.02205789 0.01814999 0.01715231
v 0.02150074 0.01814999 0.01821513
v 0.02205789 0.01459999 0.01715231
v 0.02150074 0.01445000 0.01821513
v 0.02205789 0.01445000 0.01715231
v 0.02458688 0.01494999 0.01674337
v 0.02448288 0.01509999 0.01661869
v 0.02401283 0.01618639 0.01783842
v 0.02394962 0.01624852 0.01763592
v 0.02007126 0.01610406 0.00705001
v 0.02009447 0.01601747 0.00700573
v 0.01980429 0.01594999 0.00755928
v 0.01980429 0.01584999 0.00755928
v 0.01953732 0.01610406 0.00806854
v 0.01951410 0.01601747 0.00811283
v 0.01934188 0.01652499 0.00844135
v 0.01930167 0.01647499 0.00851805
v 0.01927034 0.01710000 0.00857781
v 0.01922391 0.01710000 0.00866638
v 0.01934188 0.01767500 0.00844135
v 0.01930167 0.01772500 0.00851805
v 0.01953732 0.01809592 0.00806854
v 0.01951410 0.01818252 0.00811283
v 0.01980429 0.01824999 0.00755928
v 0.01980429 0.01835000 0.00755928
v 0.02007126 0.01809592 0.00705001
v 0.02009447 0.01818252 0.00700573
v 0.02026669 0.01767500 0.00667721
v 0.02030691 0.01772500 0.00660050
v 0.02033823 0.01710000 0.00654075
v 0.02038466 0.01710000 0.00645218
v 0.02026669 0.01652499 0.00667721
v 0.02030691 0.01647499 0.00660050
v 0.02171318 0.01469999 0.00714863
v 0.02171318 0.01454999 0.00714863
v 0.02157389 0.01469999 0.00741433
v 0.02157389 0.01454999 0.00741433
v 0.01801978 0.01469999 0.01292568
v 0.01801978 0.01454999 0.01292568
v 0.01835583 0.01469999 0.01340689
v 0.01835583 0.01454999 0.01340689
v 0.01863585 0.01469999 0.01260949
v 0.01863585 0.01454999 0.01260949
v 0.01874410 0.01469999 0.01266623
v 0.01874410 0.01454999 0.01266623
v 0.02039277 0.01469999 0.00952130
v 0.02039277 0.01454999 0.00952130
v 0.02045847 0.01469999 0.00939595
v 0.02045847 0.01454999 0.00939595
v 0.02055086 0.01469999 0.00818061
v 0.02055086 0.01454999 0.00818061
v 0.02045970 0.01469999 0.00813283
v 0.02045970 0.01454999 0.00813283
v 0.02135449 0.01469999 0.00768675
v 0.02135449 0.01454999 0.00768675
v 0.02038024 0.01469999 0.00717602
v 0.02038024 0.01454999 0.00717602
v 0.01936126 0.01965000 0.01356426
v 0.01918827 0.01965000 0.01389425
v 0.01936126 0.01949999 0.01356426
v 0.01918827 0.01949999 0.01389425
v 0.01911172 0.01965000 0.01385649
v 0.01911172 0.01949999 0.01385649
v 0.01905543 0.01965000 0.01391970
v 0.01905543 0.01949999 0.01391970
v 0.02055239 0.01469999 0.00765121
v 0.02055239 0.01454999 0.00765121
v 0.02126190 0.01469999 0.00786337
v 0.02126190 0.01454999 0.00786337
v 0.01944066 0.01454999 0.01094489
v 0.01953587 0.01454999 0.01091019
v 0.01963625 0.01454999 0.01098290
v 0.01970496 0.01454999 0.01086397
v 0.01958007 0.01454999 0.01085713
v 0.01970916 0.01454999 0.01074772
v 0.01896040 0.01454999 0.01036915
v 0.01886249 0.01454999 0.01038693
v 0.01877469 0.01454999 0.01028940
v 0.01868864 0.01454999 0.01037441
v 0.01879849 0.01454999 0.01043752
v 0.01865328 0.01454999 0.01047313
v 0.01877577 0.01454999 0.01049363
v 0.01865960 0.01454999 0.01060849
v 0.01878439 0.01454999 0.01057890
v 0.01874164 0.01454999 0.01075937
v 0.01886512 0.01454999 0.01070280
v 0.01907838 0.01454999 0.01099665
v 0.01909995 0.01454999 0.01086252
v 0.01917528 0.01454999 0.01089493
v 0.01930975 0.01454999 0.01107565
v 0.01951518 0.01454999 0.01105969
v 0.01890317 0.01454999 0.01024392
v 0.01897360 0.01454999 0.01024250
v 0.01918474 0.01454999 0.01042920
v 0.01927509 0.01454999 0.01033227
v 0.01959399 0.01454999 0.01079410
v 0.01957706 0.01454999 0.01072775
v 0.01961643 0.01454999 0.01056429
v 0.01946902 0.01454999 0.01059682
v 0.01935427 0.01454999 0.01052082
v 0.01852376 0.01965000 0.01079273
v 0.01918982 0.01965000 0.01061777
v 0.01852374 0.01949999 0.01079273
v 0.01918982 0.01949999 0.01061777
v 0.02056721 0.01965000 0.00900870
v 0.02052451 0.01965000 0.00909015
v 0.02056721 0.01949999 0.00900870
v 0.02052452 0.01949999 0.00909015
v 0.02050030 0.01965000 0.00675749
v 0.02071210 0.01965000 0.00635347
v 0.02050030 0.01949999 0.00675749
v 0.02071210 0.01949999 0.00635347
v 0.01969191 0.01949999 0.00956164
v 0.01969191 0.01965000 0.00956164
v 0.01963740 0.01949999 0.00973664
v 0.01963740 0.01965000 0.00973663
v 0.01926433 0.01965000 0.01149404
v 0.01885202 0.01965000 0.01127789
v 0.01926433 0.01949999 0.01149404
v 0.01885202 0.01949999 0.01127789
v 0.01885714 0.01965000 0.01200563
v 0.01885714 0.01949999 0.01200563
v 0.01890169 0.01965000 0.01200122
v 0.01890169 0.01949999 0.01200122
v 0.01894361 0.01965000 0.01201696
v 0.01894361 0.01949999 0.01201696
v 0.01897424 0.01965000 0.01204961
v 0.01897424 0.01949999 0.01204961
v 0.01985742 0.01469999 0.01027927
v 0.01985742 0.01454999 0.01027927
v 0.01948139 0.01469999 0.01008215
v 0.01948139 0.01454999 0.01008215
v 0.02013710 0.01710000 0.00886283
v 0.01942856 0.01710000 0.00849139
v 0.02019930 0.01759999 0.00874417
v 0.01949076 0.01759999 0.00837273
v 0.02036925 0.01796602 0.00841999
v 0.01966071 0.01796602 0.00804855
v 0.02060140 0.01809999 0.00797715
v 0.01989286 0.01809999 0.00760571
v 0.02083355 0.01796602 0.00753431
v 0.02012500 0.01796602 0.00716287
v 0.02100349 0.01759999 0.00721013
v 0.02029495 0.01759999 0.00683869
v 0.02106570 0.01710000 0.00709147
v 0.02035715 0.01710000 0.00672003
v 0.02100349 0.01660000 0.00721013
v 0.02029495 0.01660000 0.00683869
v 0.02083355 0.01623397 0.00753431
v 0.02012500 0.01623397 0.00716287
v 0.02060140 0.01610000 0.00797715
v 0.01989286 0.01610000 0.00760571
v 0.02036925 0.01623397 0.00841999
v 0.01966071 0.01623397 0.00804855
v 0.02019930 0.01660000 0.00874417
v 0.01949076 0.01660000 0.00837273
v 0.01688097 0.01445000 0.01421260
v 0.01688097 0.01459999 0.01421260
v 0.01678810 0.01445000 0.01438974
v 0.01678810 0.01459999 0.01438974
v 0.01876840 0.01469999 0.01491978
v 0.01876840 0.01459999 0.01491978
v 0.01972938 0.01445000 0.01728653
v 0.01972938 0.01814999 0.01728653
v 0.02028654 0.01814999 0.01622371
v 0.02804232 0.01512283 0.00982883
v 0.02820182 0.01498425 0.00984764
v 0.02808751 0.01518786 0.00974263
v 0.02826960 0.01508180 0.00971834
v 0.02811770 0.01528519 0.00968504
v 0.02831490 0.01522779 0.00963194
v 0.02812830 0.01539999 0.00966481
v 0.02833080 0.01539999 0.00960160
v 0.02292387 0.01950622 0.00699295
v 0.02292387 0.01949999 0.00699295
v 0.02307566 0.01949999 0.00711550
v 0.02307566 0.01952401 0.00711550
v 0.02316901 0.01949999 0.00728681
v 0.02316901 0.01956354 0.00728681
v 0.02318969 0.01949999 0.00748080
v 0.02318969 0.01959535 0.00748080
v 0.02317204 0.01959999 0.00757468
v 0.02313456 0.01949999 0.00766794
v 0.02313456 0.01959999 0.00766794
v 0.02211173 0.01454999 0.00735756
v 0.02211173 0.01469999 0.00735756
v 0.02232067 0.01454999 0.00695901
v 0.02232067 0.01469999 0.00695901
v 0.01743833 0.01469999 0.01278791
v 0.01743833 0.01454999 0.01278791
v 0.01736665 0.01469999 0.01292465
v 0.01736665 0.01454999 0.01292465
v 0.01875020 0.01469999 0.01144923
v 0.01875020 0.01454999 0.01144923
v 0.01882426 0.01469999 0.01148806
v 0.01882426 0.01454999 0.01148806
v 0.01972098 0.01469999 0.00929260
v 0.01972098 0.01454999 0.00929260
v 0.01972695 0.01469999 0.00928120
v 0.01972695 0.01454999 0.00928120
v 0.02011922 0.01469999 0.00878232
v 0.02011922 0.01454999 0.00878232
v 0.02021038 0.01469999 0.00883011
v 0.02021038 0.01454999 0.00883011
v 0.01915947 0.01949999 0.01394273
v 0.01915947 0.01965000 0.01394273
v 0.01911172 0.01965000 0.01385649
v 0.01923835 0.01965000 0.01361493
v 0.01911172 0.01949999 0.01385649
v 0.01923835 0.01949999 0.01361493
v 0.02054642 0.01469999 0.00766260
v 0.02054642 0.01454999 0.00766260
v 0.02055239 0.01469999 0.00765121
v 0.02055239 0.01454999 0.00765121
v 0.02171318 0.01454999 0.00714863
v 0.02211173 0.01454999 0.00735756
v 0.02157389 0.01454999 0.00741433
v 0.02197244 0.01454999 0.00762326
v 0.02263670 0.01454999 0.00797149
v 0.02223815 0.01454999 0.00776256
v 0.02277599 0.01454999 0.00770578
v 0.02237744 0.01454999 0.00749685
v 0.02202921 0.01454999 0.00816111
v 0.02176351 0.01454999 0.00802182
v 0.02258637 0.01454999 0.00709830
v 0.02232067 0.01454999 0.00695901
v 0.01924474 0.01949999 0.01061241
v 0.01918982 0.01949999 0.01061777
v 0.01924474 0.01965000 0.01061241
v 0.01918982 0.01965000 0.01061777
v 0.02038731 0.01965000 0.00925598
v 0.02038738 0.01949999 0.00925594
v 0.02052451 0.01965000 0.00909015
v 0.02052452 0.01949999 0.00909015
v 0.02172058 0.01949999 0.00717301
v 0.02071210 0.01949999 0.00635347
v 0.02172058 0.01965000 0.00717301
v 0.02071210 0.01965000 0.00635347
v 0.01959840 0.01965000 0.00981103
v 0.01959840 0.01949999 0.00981103
v 0.01963740 0.01965000 0.00973663
v 0.01963740 0.01949999 0.00973664
v 0.01885202 0.01965000 0.01127789
v 0.01946991 0.01965000 0.01110189
v 0.01885202 0.01949999 0.01127789
v 0.01946991 0.01949999 0.01110189
v 0.01885714 0.01949999 0.01200563
v 0.01885714 0.01965000 0.01200563
v 0.01817201 0.01949999 0.01220128
v 0.01817201 0.01965000 0.01220128
v 0.01948139 0.01469999 0.01008215
v 0.01948139 0.01454999 0.01008215
v 0.01955009 0.01469999 0.00995111
v 0.01955009 0.01454999 0.00995111
v 0.01781561 0.01710000 0.01329122
v 0.01710707 0.01710000 0.01291978
v 0.01787781 0.01759999 0.01317256
v 0.01716927 0.01759999 0.01280112
v 0.01804776 0.01796602 0.01284838
v 0.01733922 0.01796602 0.01247694
v 0.01827991 0.01809999 0.01240554
v 0.01757137 0.01809999 0.01203410
v 0.01851206 0.01796602 0.01196270
v 0.01780351 0.01796602 0.01159126
v 0.01868200 0.01759999 0.01163852
v 0.01797346 0.01759999 0.01126708
v 0.01874421 0.01710000 0.01151986
v 0.01803566 0.01710000 0.01114842
v 0.01868200 0.01660000 0.01163852
v 0.01797346 0.01660000 0.01126708
v 0.01851206 0.01623397 0.01196270
v 0.01780351 0.01623397 0.01159126
v 0.01827991 0.01610000 0.01240554
v 0.01757137 0.01610000 0.01203410
v 0.01804776 0.01623397 0.01284838
v 0.01733922 0.01623397 0.01247694
v 0.01787781 0.01660000 0.01317256
v 0.01716927 0.01660000 0.01280112
v 0.01656493 0.01445000 0.01320012
v 0.01656493 0.01459999 0.01320012
v 0.01685041 0.01459999 0.01346322
v 0.01685041 0.01445000 0.01346322
v 0.01696608 0.01459999 0.01383382
v 0.01696608 0.01445000 0.01383382
v 0.01902092 0.01459999 0.01497652
v 0.01902092 0.01469999 0.01497652
v 0.01926798 0.01459999 0.01489940
v 0.01926798 0.01469999 0.01489940
v 0.01944339 0.01459999 0.01470909
v 0.01944339 0.01469999 0.01470909
v 0.01688097 0.01445000 0.01421260
v 0.01678810 0.01445000 0.01438974
v 0.01590243 0.01445000 0.01392544
v 0.01634351 0.01445000 0.01308404
v 0.01656493 0.01445000 0.01320012
v 0.01685041 0.01445000 0.01346322
v 0.01696608 0.01445000 0.01383382
v 0.02812830 0.01539999 0.00966481
v 0.02833080 0.01539999 0.00960160
v 0.02812830 0.01880000 0.00966481
v 0.02833080 0.01880000 0.00960160
v 0.02115251 0.01949999 0.00606435
v 0.02115251 0.01950622 0.00606435
v 0.02258637 0.01454999 0.00709830
v 0.02232067 0.01454999 0.00695901
v 0.02258637 0.01469999 0.00709830
v 0.02232067 0.01469999 0.00695901
v 0.01793869 0.01469999 0.01280327
v 0.01793869 0.01454999 0.01280327
v 0.01743833 0.01469999 0.01278791
v 0.01743833 0.01454999 0.01278791
v 0.01847070 0.01469999 0.01146977
v 0.01847070 0.01454999 0.01146977
v 0.01841463 0.01454999 0.01139734
v 0.01841463 0.01469999 0.01139734
v 0.01838009 0.01454999 0.01128954
v 0.01838009 0.01469999 0.01128954
v 0.01839895 0.01454999 0.01119819
v 0.01839895 0.01469999 0.01119819
v 0.01844801 0.01454999 0.01113044
v 0.01844801 0.01469999 0.01113044
v 0.01851616 0.01454999 0.01109399
v 0.01851616 0.01469999 0.01109399
v 0.01861526 0.01454999 0.01109033
v 0.01861526 0.01469999 0.01109033
v 0.01871833 0.01454999 0.01113946
v 0.01871833 0.01469999 0.01113946
v 0.01876965 0.01454999 0.01120540
v 0.01876965 0.01469999 0.01120540
v 0.01878457 0.01454999 0.01129637
v 0.01878457 0.01469999 0.01129637
v 0.01875020 0.01454999 0.01144923
v 0.01875020 0.01469999 0.01144923
v 0.02030914 0.01469999 0.00968082
v 0.02030914 0.01454999 0.00968082
v 0.01972098 0.01469999 0.00929260
v 0.01972098 0.01454999 0.00929260
v 0.02045970 0.01469999 0.00813283
v 0.02045970 0.01454999 0.00813283
v 0.02011922 0.01469999 0.00878232
v 0.02011922 0.01454999 0.00878232
v 0.01901843 0.01965000 0.01404365
v 0.01901843 0.01949999 0.01404365
v 0.01909970 0.01949999 0.01400822
v 0.01909970 0.01965000 0.01400822
v 0.01915947 0.01949999 0.01394273
v 0.01915947 0.01965000 0.01394273
v 0.01923835 0.01965000 0.01361493
v 0.01900877 0.01965000 0.01349458
v 0.01923835 0.01949999 0.01361493
v 0.01900877 0.01949999 0.01349458
v 0.02057888 0.01629999 0.01738908
v 0.02053663 0.01629999 0.01741583
v 0.02073113 0.01629999 0.01752941
v 0.02070792 0.01629999 0.01757369
v 0.02093315 0.01629999 0.01757480
v 0.02093519 0.01629999 0.01762476
v 0.02113080 0.01629999 0.01751311
v 0.02115754 0.01629999 0.01755535
v 0.02127113 0.01629999 0.01736085
v 0.02131541 0.01629999 0.01738407
v 0.02131652 0.01629999 0.01715884
v 0.02136648 0.01629999 0.01715680
v 0.02125483 0.01629999 0.01696119
v 0.02129707 0.01629999 0.01693444
v 0.02110257 0.01629999 0.01682086
v 0.02112579 0.01629999 0.01677658
v 0.02090055 0.01629999 0.01677547
v 0.02089852 0.01629999 0.01672551
v 0.02070290 0.01629999 0.01683716
v 0.02067616 0.01629999 0.01679492
v 0.02056258 0.01629999 0.01698942
v 0.02051830 0.01629999 0.01696620
v 0.02051719 0.01629999 0.01719143
v 0.02046723 0.01629999 0.01719347
v 0.01924342 0.01454999 0.01347518
v 0.01868627 0.01454999 0.01453800
v 0.01897772 0.01454999 0.01333589
v 0.01842056 0.01454999 0.01439871
v 0.01943811 0.01965000 0.01069909
v 0.01943811 0.01949999 0.01069909
v 0.01934772 0.01949999 0.01064169
v 0.01934772 0.01965000 0.01064169
v 0.01924474 0.01949999 0.01061241
v 0.01924474 0.01965000 0.01061241
v 0.02031427 0.01949999 0.00928524
v 0.02038738 0.01949999 0.00925594
v 0.02038731 0.01965000 0.00925598
v 0.02031427 0.01965000 0.00928524
v 0.02023458 0.01965000 0.00928449
v 0.02023458 0.01949999 0.00928449
v 0.02114022 0.01949999 0.00697216
v 0.02172058 0.01949999 0.00717301
v 0.02114022 0.01965000 0.00697216
v 0.02172058 0.01965000 0.00717301
v 0.02000577 0.01949999 0.01009996
v 0.02002751 0.01949999 0.01003323
v 0.02000577 0.01965000 0.01009996
v 0.02002751 0.01965000 0.01003323
v 0.01946991 0.01965000 0.01110189
v 0.01926433 0.01965000 0.01149404
v 0.01946991 0.01949999 0.01110189
v 0.01926433 0.01949999 0.01149404
v 0.01832571 0.01965000 0.01228185
v 0.01894360 0.01965000 0.01210585
v 0.01832571 0.01949999 0.01228185
v 0.01894360 0.01949999 0.01210585
v 0.01887267 0.01965000 0.01423397
v 0.01887856 0.01965000 0.01437845
v 0.01914658 0.01965000 0.01414847
v 0.01922392 0.01965000 0.01427065
v 0.01934104 0.01965000 0.01393748
v 0.01946911 0.01965000 0.01400462
v 0.01940395 0.01965000 0.01365752
v 0.01954843 0.01965000 0.01365163
v 0.01931845 0.01965000 0.01338362
v 0.01944063 0.01965000 0.01330627
v 0.01910746 0.01965000 0.01318916
v 0.01917460 0.01965000 0.01306108
v 0.01882750 0.01965000 0.01312625
v 0.01882161 0.01965000 0.01298176
v 0.01855360 0.01965000 0.01321174
v 0.01847625 0.01965000 0.01308956
v 0.01835914 0.01965000 0.01342274
v 0.01823106 0.01965000 0.01335560
v 0.01829623 0.01965000 0.01370269
v 0.01815174 0.01965000 0.01370858
v 0.01838172 0.01965000 0.01397660
v 0.01825954 0.01965000 0.01405394
v 0.01859272 0.01965000 0.01417106
v 0.01852558 0.01965000 0.01429913
v 0.02022756 0.01652499 0.00890565
v 0.02018735 0.01647499 0.00898235
v 0.02042299 0.01610406 0.00853284
v 0.02039978 0.01601747 0.00857713
v 0.02068997 0.01594999 0.00802358
v 0.02068997 0.01584999 0.00802358
v 0.02095694 0.01610406 0.00751431
v 0.02098015 0.01601747 0.00747003
v 0.02115237 0.01652499 0.00714150
v 0.02119258 0.01647499 0.00706480
v 0.02122391 0.01710000 0.00700505
v 0.02127034 0.01710000 0.00691648
v 0.02115237 0.01767500 0.00714150
v 0.02119258 0.01772500 0.00706480
v 0.02095694 0.01809592 0.00751431
v 0.02098015 0.01818252 0.00747003
v 0.02068997 0.01824999 0.00802358
v 0.02068997 0.01835000 0.00802358
v 0.02042299 0.01809592 0.00853284
v 0.02039978 0.01818252 0.00857713
v 0.02022756 0.01767500 0.00890565
v 0.02018735 0.01772500 0.00898235
v 0.02015602 0.01710000 0.00904211
v 0.02010959 0.01710000 0.00913068
v 0.01634351 0.01445000 0.01308404
v 0.01634351 0.01459999 0.01308404
v 0.02315777 0.01469999 0.00762366
v 0.02315777 0.01459999 0.00762366
v 0.02027932 0.01445000 0.00611469
v 0.02005790 0.01445000 0.00599861
v 0.02049898 0.01445000 0.00515722
v 0.02138466 0.01445000 0.00562151
v 0.02129180 0.01445000 0.00579865
v 0.02056002 0.01445000 0.00619738
v 0.02085101 0.01445000 0.00616636
v 0.02110797 0.01445000 0.00602634
v 0.02812830 0.01880000 0.00966481
v 0.02833080 0.01880000 0.00960160
v 0.02811770 0.01891480 0.00968504
v 0.02831490 0.01897220 0.00963194
v 0.02808751 0.01901213 0.00974263
v 0.02826960 0.01911819 0.00971834
v 0.02804232 0.01907716 0.00982883
v 0.02820182 0.01921574 0.00984764
v 0.02798901 0.01909999 0.00993051
v 0.02812187 0.01925000 0.01000016
v 0.02700092 0.01445000 0.00664629
v 0.02700092 0.01814999 0.00664629
v 0.02715271 0.01814999 0.00676883
v 0.02715271 0.01445000 0.00676883
v 0.02724606 0.01814999 0.00694014
v 0.02724606 0.01445000 0.00694014
v 0.02726674 0.01814999 0.00713414
v 0.02726674 0.01445000 0.00713414
v 0.02721161 0.01814999 0.00732127
v 0.02721161 0.01445000 0.00732127
v 0.02258637 0.01454999 0.00709830
v 0.02258637 0.01469999 0.00709830
v 0.02237744 0.01454999 0.00749685
v 0.02237744 0.01469999 0.00749685
v 0.01764142 0.01469999 0.01240049
v 0.01764142 0.01454999 0.01240049
v 0.01793869 0.01469999 0.01280327
v 0.01793869 0.01454999 0.01280327
v 0.01839985 0.01469999 0.01156336
v 0.01839985 0.01454999 0.01156336
v 0.01847070 0.01469999 0.01146977
v 0.01847070 0.01454999 0.01146977
v 0.02024343 0.01469999 0.00980616
v 0.02024343 0.01454999 0.00980616
v 0.02030914 0.01469999 0.00968082
v 0.02030914 0.01454999 0.00968082
v 0.02112451 0.01469999 0.00812545
v 0.02112451 0.01454999 0.00812545
v 0.02054642 0.01469999 0.00766260
v 0.02054642 0.01454999 0.00766260
v 0.01877819 0.01965000 0.01388774
v 0.01877819 0.01949999 0.01388774
v 0.01882847 0.01949999 0.01397824
v 0.01882847 0.01965000 0.01397824
v 0.01891530 0.01949999 0.01403460
v 0.01891530 0.01965000 0.01403460
v 0.01901843 0.01949999 0.01404365
v 0.01901843 0.01965000 0.01404365
v 0.01911172 0.01949999 0.01385649
v 0.01923835 0.01949999 0.01361493
v 0.01900877 0.01949999 0.01349458
v 0.01888214 0.01949999 0.01373614
v 0.01886418 0.01949999 0.01380014
v 0.01887092 0.01949999 0.01385524
v 0.01900295 0.01949999 0.01393777
v 0.01905543 0.01949999 0.01391970
v 0.01894780 0.01949999 0.01393148
v 0.01890073 0.01949999 0.01390206
v 0.02025758 0.01949999 0.01047914
v 0.01961901 0.01949999 0.01050518
v 0.01963393 0.01949999 0.01087110
v 0.02101822 0.01949999 0.01007990
v 0.02024259 0.01949999 0.01011153
v 0.02096885 0.01949999 0.01179916
v 0.02031250 0.01949999 0.01182592
v 0.02035886 0.01949999 0.01296277
v 0.02089266 0.01949999 0.00700109
v 0.02088952 0.01949999 0.00692399
v 0.02068507 0.01949999 0.00693232
v 0.02115251 0.01949999 0.00606435
v 0.02096537 0.01949999 0.00600922
v 0.02085271 0.01949999 0.00602123
v 0.01932273 0.01949999 0.00924146
v 0.01939984 0.01949999 0.00924536
v 0.01939372 0.01949999 0.00909518
v 0.01907698 0.01949999 0.01052064
v 0.01904839 0.01949999 0.01052845
v 0.01945149 0.01949999 0.01051201
v 0.01855067 0.01949999 0.01152460
v 0.01834305 0.01949999 0.01158133
v 0.01949319 0.01949999 0.01153443
v 0.01900289 0.01949999 0.01185429
v 0.01900356 0.01949999 0.01187930
v 0.01950641 0.01949999 0.01185879
v 0.01900558 0.01949999 0.01195445
v 0.01897424 0.01949999 0.01204961
v 0.01835913 0.01949999 0.01229937
v 0.01847625 0.01949999 0.01308956
v 0.01873803 0.01949999 0.01249800
v 0.01882161 0.01949999 0.01298176
v 0.01917460 0.01949999 0.01306108
v 0.01894360 0.01949999 0.01210585
v 0.01894361 0.01949999 0.01201696
v 0.01845703 0.01949999 0.01470010
v 0.01879161 0.01949999 0.01487549
v 0.01887856 0.01949999 0.01437845
v 0.01944063 0.01949999 0.01330627
v 0.01954843 0.01949999 0.01365163
v 0.01960971 0.01949999 0.01439181
v 0.01946911 0.01949999 0.01400462
v 0.01946660 0.01949999 0.01466480
v 0.01922392 0.01949999 0.01427065
v 0.01929120 0.01949999 0.01485512
v 0.01904414 0.01949999 0.01493224
v 0.01802014 0.01949999 0.01220711
v 0.01801018 0.01949999 0.01220419
v 0.01823106 0.01949999 0.01335560
v 0.01815174 0.01949999 0.01370858
v 0.01890169 0.01949999 0.01200122
v 0.01885714 0.01949999 0.01200563
v 0.01835804 0.01949999 0.01227264
v 0.01835303 0.01949999 0.01214958
v 0.01832571 0.01949999 0.01228185
v 0.01817201 0.01949999 0.01220128
v 0.01852558 0.01949999 0.01429913
v 0.01843737 0.01949999 0.01421783
v 0.01810442 0.01949999 0.01451525
v 0.01825954 0.01949999 0.01405394
v 0.01839495 0.01949999 0.01317777
v 0.01866351 0.01949999 0.01162173
v 0.01871844 0.01949999 0.01161637
v 0.01891180 0.01949999 0.01170305
v 0.01897019 0.01949999 0.01177093
v 0.01882142 0.01949999 0.01164565
v 0.01833502 0.01949999 0.01170802
v 0.01833000 0.01949999 0.01158489
v 0.01799744 0.01949999 0.01179669
v 0.01798873 0.01949999 0.01167814
v 0.01799357 0.01949999 0.01179686
v 0.01750763 0.01949999 0.01194030
v 0.01781754 0.01949999 0.01192766
v 0.01783119 0.01949999 0.01186481
v 0.01768168 0.01949999 0.01160830
v 0.01785769 0.01949999 0.01179844
v 0.01789133 0.01949999 0.01173428
v 0.01789887 0.01949999 0.01175962
v 0.01791319 0.01949999 0.01178185
v 0.01795396 0.01949999 0.01179854
v 0.01790939 0.01949999 0.01169981
v 0.01790909 0.01949999 0.01215945
v 0.01785665 0.01949999 0.01210882
v 0.01726775 0.01949999 0.01239790
v 0.01782132 0.01949999 0.01204472
v 0.01781183 0.01949999 0.01195398
v 0.01733770 0.01949999 0.01411331
v 0.01796138 0.01949999 0.01218988
v 0.01885202 0.01949999 0.01127789
v 0.01903541 0.01949999 0.01122565
v 0.01831654 0.01949999 0.01125497
v 0.01946991 0.01949999 0.01101300
v 0.01942800 0.01949999 0.01099726
v 0.01938344 0.01949999 0.01100167
v 0.01838296 0.01949999 0.01110486
v 0.01843539 0.01949999 0.01115549
v 0.01848769 0.01949999 0.01118592
v 0.01947201 0.01949999 0.01101524
v 0.01946991 0.01949999 0.01110189
v 0.01869831 0.01949999 0.01119732
v 0.01854645 0.01949999 0.01120315
v 0.01834763 0.01949999 0.01104076
v 0.01833813 0.01949999 0.01095002
v 0.01830310 0.01949999 0.01092537
v 0.01834385 0.01949999 0.01092370
v 0.01828818 0.01949999 0.01055945
v 0.01835750 0.01949999 0.01086085
v 0.01838400 0.01949999 0.01079448
v 0.01841763 0.01949999 0.01073032
v 0.01843570 0.01949999 0.01069585
v 0.01852374 0.01949999 0.01079273
v 0.01918982 0.01949999 0.01061777
v 0.01924474 0.01949999 0.01061241
v 0.01934772 0.01949999 0.01064169
v 0.01843950 0.01949999 0.01077789
v 0.01848026 0.01949999 0.01079458
v 0.01842518 0.01949999 0.01075566
v 0.01851199 0.01949999 0.01055032
v 0.01828409 0.01949999 0.01045915
v 0.01864599 0.01949999 0.01029470
v 0.01963740 0.01949999 0.00973664
v 0.01959840 0.01949999 0.00981103
v 0.01959677 0.01949999 0.00995966
v 0.02021447 0.01949999 0.00942206
v 0.02001343 0.01949999 0.00959043
v 0.02009748 0.01949999 0.00966789
v 0.01990191 0.01949999 0.00956537
v 0.01967760 0.01949999 0.00944395
v 0.01979280 0.01949999 0.00959942
v 0.01969191 0.01949999 0.00956164
v 0.01971534 0.01949999 0.00968347
v 0.01969028 0.01949999 0.00979500
v 0.01972434 0.01949999 0.00990411
v 0.01968754 0.01949999 0.01000725
v 0.01980839 0.01949999 0.00998157
v 0.01977509 0.01949999 0.01004396
v 0.01991991 0.01949999 0.01000663
v 0.01990265 0.01949999 0.01007045
v 0.02002902 0.01949999 0.00997257
v 0.02002751 0.01949999 0.01003323
v 0.02010648 0.01949999 0.00988852
v 0.02013154 0.01949999 0.00977700
v 0.01959054 0.01949999 0.00980691
v 0.01941907 0.01949999 0.00971703
v 0.01942530 0.01949999 0.00986977
v 0.01898873 0.01949999 0.00964091
v 0.01905020 0.01949999 0.00952365
v 0.01879747 0.01949999 0.00947984
v 0.01879648 0.01949999 0.01000765
v 0.01842752 0.01949999 0.01018555
v 0.01908472 0.01949999 0.01015875
v 0.01960180 0.01949999 0.01040227
v 0.01945130 0.01949999 0.01035092
v 0.01944479 0.01949999 0.01034751
v 0.01992788 0.01949999 0.01026269
v 0.01987628 0.01949999 0.01032671
v 0.01974913 0.01949999 0.01040115
v 0.01961481 0.01949999 0.01040217
v 0.02000577 0.01949999 0.01009996
v 0.01999723 0.01949999 0.01012154
v 0.01996876 0.01949999 0.01019353
v 0.02023458 0.01949999 0.00928449
v 0.02020859 0.01949999 0.00927780
v 0.02015438 0.01949999 0.00926385
v 0.01978074 0.01949999 0.00907940
v 0.01958923 0.01949999 0.00931427
v 0.02005660 0.01949999 0.00922401
v 0.01967546 0.01949999 0.00942637
v 0.01956124 0.01949999 0.00908835
v 0.01946397 0.01949999 0.00924860
v 0.01957004 0.01949999 0.00930420
v 0.01920211 0.01949999 0.00930487
v 0.01899050 0.01949999 0.00911162
v 0.01908920 0.01949999 0.00944925
v 0.01907919 0.01949999 0.00946835
v 0.01964373 0.01949999 0.00839147
v 0.01984069 0.01949999 0.00801575
v 0.01960534 0.01949999 0.00793879
v 0.01939037 0.01949999 0.00887475
v 0.01954082 0.01949999 0.00858776
v 0.01953670 0.01949999 0.00848668
v 0.01958898 0.01949999 0.00849589
v 0.02095089 0.01949999 0.00842901
v 0.02094513 0.01949999 0.00828779
v 0.02087543 0.01949999 0.00842076
v 0.02012089 0.01949999 0.00695533
v 0.02011438 0.01949999 0.00696775
v 0.02022465 0.01949999 0.00728331
v 0.02013845 0.01949999 0.00755797
v 0.02077397 0.01949999 0.00789113
v 0.02306656 0.01949999 0.00779764
v 0.02313456 0.01949999 0.00766794
v 0.02172058 0.01949999 0.00717301
v 0.02138907 0.01949999 0.00690361
v 0.02316901 0.01949999 0.00728681
v 0.02307566 0.01949999 0.00711550
v 0.02292387 0.01949999 0.00699295
v 0.02091322 0.01949999 0.00750515
v 0.02092870 0.01949999 0.00788482
v 0.02172254 0.01949999 0.00776589
v 0.02193762 0.01949999 0.00735559
v 0.02109076 0.01949999 0.00706651
v 0.02114022 0.01949999 0.00697216
v 0.02318969 0.01949999 0.00748080
v 0.02265498 0.01949999 0.00685199
v 0.02087154 0.01949999 0.00648304
v 0.02077138 0.01949999 0.00602990
v 0.02071210 0.01949999 0.00635347
v 0.02050030 0.01949999 0.00675749
v 0.02047752 0.01949999 0.00627504
v 0.02060007 0.01949999 0.00612325
v 0.02095677 0.01949999 0.00702233
v 0.02100643 0.01949999 0.00692760
v 0.02098419 0.01949999 0.00692013
v 0.02040261 0.01949999 0.00694384
v 0.02044955 0.01949999 0.00685430
v 0.02088804 0.01949999 0.00688781
v 0.02062195 0.01949999 0.00890428
v 0.02097543 0.01949999 0.00903068
v 0.02081891 0.01949999 0.00852856
v 0.02065225 0.01949999 0.00844119
v 0.02016403 0.01949999 0.00818526
v 0.02015831 0.01949999 0.00804482
v 0.01993073 0.01949999 0.00792552
v 0.01989720 0.01949999 0.00790794
v 0.02009312 0.01949999 0.00753421
v 0.02277456 0.01949999 0.00835465
v 0.02107135 0.01949999 0.00804703
v 0.02093234 0.01949999 0.00797415
v 0.01952092 0.01949999 0.00809981
v 0.01980453 0.01949999 0.00847576
v 0.02018399 0.01949999 0.00867469
v 0.02018954 0.01949999 0.00881072
v 0.02056721 0.01949999 0.00900870
v 0.02054652 0.01949999 0.00904817
v 0.02099010 0.01949999 0.00939043
v 0.02052452 0.01949999 0.00909015
v 0.02038738 0.01949999 0.00925594
v 0.02031427 0.01949999 0.00928524
v 0.01964738 0.01949999 0.01120070
v 0.01947986 0.01949999 0.01120753
v 0.01950055 0.01949999 0.01104565
v 0.01952986 0.01949999 0.01087534
v 0.01953189 0.01949999 0.01095049
v 0.01943811 0.01949999 0.01069909
v 0.01946017 0.01949999 0.01072474
v 0.01949650 0.01949999 0.01076697
v 0.01952919 0.01949999 0.01085033
v 0.01941310 0.01949999 0.01121025
v 0.01926433 0.01949999 0.01149404
v 0.01832266 0.01949999 0.01140507
v 0.01811969 0.01949999 0.01129867
v 0.01797204 0.01949999 0.01126902
v 0.01798382 0.01949999 0.01155784
v 0.02245173 0.01949999 0.00897048
v 0.02225870 0.01949999 0.00933870
v 0.02103321 0.01949999 0.01044751
v 0.02169150 0.01949999 0.01042067
v 0.02188875 0.01949999 0.01004440
v 0.02106157 0.01949999 0.01114303
v 0.02131831 0.01949999 0.01113256
v 0.02149516 0.01949999 0.01079520
v 0.02107970 0.01949999 0.01158771
v 0.02114290 0.01949999 0.01146715
v 0.02107490 0.01949999 0.01146993
v 0.01680956 0.01949999 0.01327191
v 0.01702025 0.01949999 0.01394690
v 0.01675443 0.01949999 0.01345905
v 0.01677511 0.01949999 0.01365304
v 0.01686846 0.01949999 0.01382435
v 0.01796339 0.01949999 0.01159681
v 0.01785708 0.01949999 0.01127370
v 0.01796392 0.01949999 0.01106989
v 0.01803394 0.01949999 0.01093634
v 0.01823027 0.01949999 0.01056181
v 0.01936524 0.01949999 0.00839680
v 0.01931334 0.01949999 0.00849579
v 0.01936918 0.01949999 0.00849352
v 0.01955607 0.01949999 0.00896162
v 0.02027250 0.01949999 0.01084505
v 0.02029927 0.01949999 0.01150156
v 0.02104813 0.01949999 0.01081343
v 0.02028594 0.01949999 0.01117466
v 0.01966071 0.01949999 0.01152760
v 0.01976540 0.01949999 0.01409483
v 0.01967393 0.01949999 0.01185196
v 0.01842751 0.01454999 0.01327015
v 0.01835583 0.01454999 0.01340689
v 0.01816089 0.01454999 0.01291975
v 0.01801978 0.01454999 0.01292568
v 0.01764142 0.01454999 0.01240049
v 0.01771310 0.01454999 0.01226376
v 0.01793869 0.01454999 0.01280327
v 0.01808549 0.01454999 0.01280033
v 0.01736665 0.01454999 0.01292465
v 0.01743833 0.01454999 0.01278791
v 0.01860074 0.01454999 0.01293971
v 0.01867242 0.01454999 0.01280297
v 0.01952919 0.01965000 0.01085033
v 0.01952919 0.01949999 0.01085033
v 0.01949650 0.01949999 0.01076697
v 0.01949650 0.01965000 0.01076697
v 0.01943811 0.01949999 0.01069909
v 0.01943811 0.01965000 0.01069909
v 0.02015438 0.01949999 0.00926385
v 0.02023458 0.01949999 0.00928449
v 0.02015438 0.01965000 0.00926385
v 0.02023458 0.01965000 0.00928449
v 0.02114022 0.01965000 0.00697216
v 0.02109076 0.01965000 0.00706651
v 0.02114022 0.01949999 0.00697216
v 0.02109076 0.01949999 0.00706651
v 0.02000577 0.01949999 0.01009996
v 0.02000577 0.01965000 0.01009996
v 0.01996876 0.01949999 0.01019353
v 0.01996874 0.01965000 0.01019357
v 0.01802014 0.01949999 0.01220711
v 0.01817201 0.01949999 0.01220128
v 0.01802014 0.01965000 0.01220711
v 0.01817201 0.01965000 0.01220128
v 0.01894360 0.01965000 0.01210585
v 0.01873803 0.01965000 0.01249800
v 0.01894360 0.01949999 0.01210585
v 0.01873803 0.01949999 0.01249800
v 0.01790939 0.01965000 0.01169981
v 0.01855067 0.01965000 0.01152460
v 0.01811969 0.01965000 0.01129867
v 0.01790607 0.01652499 0.01333405
v 0.01786586 0.01647499 0.01341075
v 0.01810150 0.01610406 0.01296124
v 0.01807829 0.01601747 0.01300552
v 0.01836848 0.01594999 0.01245197
v 0.01836848 0.01584999 0.01245197
v 0.01863545 0.01610406 0.01194271
v 0.01865866 0.01601747 0.01189842
v 0.01883088 0.01652499 0.01156990
v 0.01887109 0.01647499 0.01149320
v 0.01890242 0.01710000 0.01143344
v 0.01894885 0.01710000 0.01134487
v 0.01883088 0.01767500 0.01156990
v 0.01887109 0.01772500 0.01149320
v 0.01863545 0.01809592 0.01194271
v 0.01865866 0.01818252 0.01189842
v 0.01836848 0.01824999 0.01245197
v 0.01836848 0.01835000 0.01245197
v 0.01810150 0.01809592 0.01296124
v 0.01807829 0.01818252 0.01300552
v 0.01790607 0.01767500 0.01333405
v 0.01786586 0.01772500 0.01341075
v 0.01783453 0.01710000 0.01347050
v 0.01778810 0.01710000 0.01355907
v 0.01634351 0.01445000 0.01308404
v 0.01590243 0.01445000 0.01392544
v 0.01634351 0.01459999 0.01308404
v 0.01590243 0.01869999 0.01392544
v 0.02049898 0.01869999 0.00515722
v 0.02049898 0.01445000 0.00515722
v 0.02005790 0.01459999 0.00599861
v 0.02005790 0.01445000 0.00599861
v 0.01674977 0.01601747 0.01230907
v 0.01703996 0.01584999 0.01175552
v 0.01733014 0.01601747 0.01120198
v 0.01936145 0.01584999 0.00732713
v 0.01907126 0.01601747 0.00788068
v 0.01885883 0.01647499 0.00828591
v 0.01878107 0.01710000 0.00843423
v 0.01907126 0.01818252 0.00788068
v 0.01632029 0.01959999 0.01312833
v 0.01936145 0.01835000 0.00732713
v 0.02008111 0.01959999 0.00595433
v 0.01965163 0.01818252 0.00677358
v 0.01986407 0.01772500 0.00636835
v 0.01674977 0.01818252 0.01230907
v 0.01616038 0.01953149 0.01343337
v 0.01653734 0.01772500 0.01271430
v 0.01965163 0.01601747 0.00677358
v 0.01986407 0.01647499 0.00636835
v 0.01994182 0.01710000 0.00622003
v 0.01754257 0.01647499 0.01079675
v 0.01762033 0.01710000 0.01064843
v 0.01885883 0.01772500 0.00828591
v 0.01754257 0.01772500 0.01079675
v 0.01733014 0.01818252 0.01120198
v 0.01703996 0.01835000 0.01175552
v 0.01602482 0.01933639 0.01369197
v 0.01593423 0.01904441 0.01386476
v 0.01645958 0.01710000 0.01286262
v 0.01653734 0.01647499 0.01271430
v 0.02046679 0.01904636 0.00521861
v 0.02037519 0.01933938 0.00539335
v 0.02023829 0.01953390 0.00565450
v 0.02321290 0.01459999 0.00743652
v 0.02321290 0.01469999 0.00743652
v 0.02319222 0.01459999 0.00724253
v 0.02319222 0.01469999 0.00724253
v 0.02309888 0.01459999 0.00707122
v 0.02309888 0.01469999 0.00707122
v 0.02294708 0.01459999 0.00694867
v 0.02294708 0.01469999 0.00694867
v 0.02047752 0.01959999 0.00627504
v 0.02053290 0.01959999 0.00619117
v 0.02008111 0.01959999 0.00595433
v 0.01680956 0.01959999 0.01327191
v 0.01632029 0.01959999 0.01312833
v 0.01677208 0.01959999 0.01336517
v 0.02458754 0.01925000 0.01674211
v 0.02448356 0.01909999 0.01661739
v 0.02552455 0.01769999 0.00745304
v 0.02552455 0.01814999 0.00745304
v 0.02560167 0.01769999 0.00770010
v 0.02560167 0.01814999 0.00770010
v 0.02579198 0.01769999 0.00787551
v 0.02579198 0.01814999 0.00787551
v 0.02604451 0.01769999 0.00793225
v 0.02604451 0.01814999 0.00793225
v 0.02629157 0.01769999 0.00785513
v 0.02629157 0.01814999 0.00785513
v 0.02646697 0.01769999 0.00766482
v 0.02646697 0.01814999 0.00766482
v 0.02652372 0.01769999 0.00741229
v 0.02652372 0.01814999 0.00741229
v 0.02644660 0.01769999 0.00716523
v 0.02644660 0.01814999 0.00716523
v 0.02625628 0.01769999 0.00698983
v 0.02625628 0.01814999 0.00698983
v 0.02600376 0.01769999 0.00693308
v 0.02600376 0.01814999 0.00693308
v 0.02575670 0.01769999 0.00701020
v 0.02575670 0.01814999 0.00701020
v 0.02558129 0.01769999 0.00720052
v 0.02558129 0.01814999 0.00720052
v 0.02237744 0.01469999 0.00749685
v 0.02277599 0.01469999 0.00770578
v 0.02237744 0.01454999 0.00749685
v 0.02277599 0.01454999 0.00770578
v 0.01771310 0.01469999 0.01226376
v 0.01771310 0.01454999 0.01226376
v 0.01764142 0.01469999 0.01240049
v 0.01764142 0.01454999 0.01240049
v 0.01889461 0.01469999 0.01127073
v 0.01889461 0.01454999 0.01127073
v 0.01889501 0.01454999 0.01122154
v 0.01889501 0.01469999 0.01122154
v 0.01886363 0.01454999 0.01110741
v 0.01886363 0.01469999 0.01110741
v 0.01879242 0.01454999 0.01102461
v 0.01879242 0.01469999 0.01102461
v 0.01862369 0.01454999 0.01095422
v 0.01862369 0.01469999 0.01095422
v 0.01848402 0.01454999 0.01096804
v 0.01848402 0.01469999 0.01096804
v 0.01840259 0.01454999 0.01100912
v 0.01840259 0.01469999 0.01100912
v 0.01830024 0.01454999 0.01112311
v 0.01830024 0.01469999 0.01112311
v 0.01825603 0.01454999 0.01127453
v 0.01825603 0.01469999 0.01127453
v 0.01828208 0.01454999 0.01142031
v 0.01828208 0.01469999 0.01142031
v 0.01839985 0.01454999 0.01156336
v 0.01839985 0.01469999 0.01156336
v 0.01932350 0.01469999 0.00916412
v 0.01932350 0.01454999 0.00916412
v 0.02024343 0.01469999 0.00980616
v 0.02024343 0.01454999 0.00980616
v 0.02103192 0.01469999 0.00830206
v 0.02103192 0.01454999 0.00830206
v 0.02112451 0.01469999 0.00812545
v 0.02112451 0.01454999 0.00812545
v 0.01879441 0.01965000 0.01372625
v 0.01879441 0.01949999 0.01372625
v 0.01877502 0.01949999 0.01380586
v 0.01877502 0.01965000 0.01380586
v 0.01877819 0.01949999 0.01388774
v 0.01877819 0.01965000 0.01388774
v 0.01994007 0.01445000 0.01796152
v 0.02082575 0.01445000 0.01842582
v 0.01994007 0.01814999 0.01796152
v 0.02082575 0.01814999 0.01842582
v 0.01882401 0.01454999 0.01225055
v 0.01894348 0.01454999 0.01202266
v 0.01905173 0.01454999 0.01207941
v 0.01874410 0.01454999 0.01266623
v 0.01863585 0.01454999 0.01260949
v 0.01875532 0.01454999 0.01238159
v 0.01788932 0.01454999 0.01192761
v 0.01795802 0.01454999 0.01179657
v 0.01950055 0.01965000 0.01104565
v 0.01950055 0.01949999 0.01104565
v 0.01953189 0.01949999 0.01095049
v 0.01953189 0.01965000 0.01095049
v 0.01952919 0.01949999 0.01085033
v 0.01952919 0.01965000 0.01085033
v 0.02005660 0.01949999 0.00922401
v 0.02015438 0.01949999 0.00926385
v 0.02005660 0.01965000 0.00922401
v 0.02015438 0.01965000 0.00926385
v 0.02109076 0.01965000 0.00706651
v 0.02193763 0.01965000 0.00735559
v 0.02109076 0.01949999 0.00706651
v 0.02193762 0.01949999 0.00735559
v 0.01996876 0.01949999 0.01019353
v 0.01996874 0.01965000 0.01019357
v 0.01992788 0.01949999 0.01026269
v 0.01992781 0.01965000 0.01026278
v 0.01802014 0.01949999 0.01220711
v 0.01802014 0.01965000 0.01220711
v 0.01796138 0.01965000 0.01218988
v 0.01790933 0.01965000 0.01215962
v 0.01790909 0.01949999 0.01215945
v 0.01796138 0.01949999 0.01218988
v 0.01873803 0.01965000 0.01249800
v 0.01832571 0.01965000 0.01228185
v 0.01873803 0.01949999 0.01249800
v 0.01832571 0.01949999 0.01228185
v 0.01946991 0.01965000 0.01101300
v 0.01950055 0.01965000 0.01104565
v 0.01953189 0.01965000 0.01095049
v 0.01838296 0.01965000 0.01110486
v 0.01843563 0.01965000 0.01115566
v 0.01848026 0.01965000 0.01079458
v 0.01848769 0.01965000 0.01118592
v 0.01852376 0.01965000 0.01079273
v 0.01934772 0.01965000 0.01064169
v 0.01938344 0.01965000 0.01100167
v 0.01943811 0.01965000 0.01069909
v 0.01942800 0.01965000 0.01099726
v 0.01949650 0.01965000 0.01076697
v 0.01834763 0.01965000 0.01104077
v 0.01833813 0.01965000 0.01095002
v 0.01835750 0.01965000 0.01086085
v 0.01843950 0.01965000 0.01077789
v 0.01838400 0.01965000 0.01079448
v 0.01842518 0.01965000 0.01075566
v 0.01841763 0.01965000 0.01073032
v 0.01952919 0.01965000 0.01085033
v 0.01924474 0.01965000 0.01061241
v 0.01918982 0.01965000 0.01061777
v 0.01869831 0.01965000 0.01119732
v 0.01854645 0.01965000 0.01120315
v 0.01917565 0.01469999 0.01089507
v 0.01946902 0.01469999 0.01059682
v 0.01957706 0.01469999 0.01072775
v 0.01935427 0.01469999 0.01052082
v 0.01909995 0.01469999 0.01086252
v 0.01918445 0.01469999 0.01042907
v 0.01886512 0.01469999 0.01070280
v 0.01896040 0.01469999 0.01036915
v 0.01953587 0.01469999 0.01091019
v 0.01944066 0.01469999 0.01094489
v 0.01958007 0.01469999 0.01085713
v 0.01959399 0.01469999 0.01079410
v 0.01879849 0.01469999 0.01043752
v 0.01886249 0.01469999 0.01038693
v 0.01877577 0.01469999 0.01049363
v 0.01878439 0.01469999 0.01057890
v 0.02005790 0.01445000 0.00599861
v 0.02027932 0.01445000 0.00611469
v 0.02005790 0.01459999 0.00599861
v 0.02027932 0.01459999 0.00611469
v 0.02248187 0.01469999 0.00670479
v 0.02248187 0.01459999 0.00670479
v 0.01922391 0.01710000 0.00866638
v 0.01878107 0.01710000 0.00843423
v 0.01930167 0.01772500 0.00851805
v 0.01885883 0.01772500 0.00828591
v 0.01951410 0.01818252 0.00811283
v 0.01907126 0.01818252 0.00788068
v 0.01980429 0.01835000 0.00755928
v 0.01936145 0.01835000 0.00732713
v 0.02009447 0.01818252 0.00700573
v 0.01965163 0.01818252 0.00677358
v 0.02030691 0.01772500 0.00660050
v 0.01986407 0.01772500 0.00636835
v 0.02038466 0.01710000 0.00645218
v 0.01994182 0.01710000 0.00622003
v 0.02030691 0.01647499 0.00660050
v 0.01986407 0.01647499 0.00636835
v 0.02009447 0.01601747 0.00700573
v 0.01965163 0.01601747 0.00677358
v 0.01980429 0.01584999 0.00755928
v 0.01936145 0.01584999 0.00732713
v 0.01951410 0.01601747 0.00811283
v 0.01907126 0.01601747 0.00788068
v 0.01930167 0.01647499 0.00851805
v 0.01885883 0.01647499 0.00828591
v 0.02037106 0.01469999 0.01293948
v 0.02027833 0.01469999 0.01294326
v 0.02023842 0.01469999 0.01196446
v 0.02028488 0.01469999 0.01310388
v 0.01824281 0.01469999 0.01053790
v 0.01825139 0.01469999 0.01074841
v 0.01812985 0.01469999 0.01075337
v 0.01858735 0.01469999 0.00988067
v 0.01859482 0.01469999 0.01006390
v 0.01848903 0.01469999 0.01006821
v 0.01926396 0.01469999 0.00858999
v 0.01929195 0.01469999 0.00927644
v 0.01889563 0.01469999 0.00929260
v 0.01764142 0.01469999 0.01240049
v 0.01793869 0.01469999 0.01280327
v 0.01764299 0.01469999 0.01279419
v 0.01945976 0.01469999 0.00986018
v 0.01937314 0.01469999 0.01002540
v 0.01932139 0.01469999 0.00999827
v 0.02097273 0.01469999 0.00763188
v 0.02094991 0.01469999 0.00763281
v 0.02094937 0.01469999 0.00761964
v 0.02191554 0.01469999 0.00759343
v 0.02197244 0.01469999 0.00762326
v 0.02176351 0.01469999 0.00802182
v 0.02202921 0.01469999 0.00816111
v 0.02223815 0.01469999 0.00776256
v 0.02274505 0.01469999 0.00841095
v 0.02263670 0.01469999 0.00797149
v 0.02315777 0.01469999 0.00762366
v 0.02277599 0.01469999 0.00770578
v 0.02318189 0.01469999 0.00754179
v 0.02251504 0.01469999 0.00756899
v 0.02098457 0.01469999 0.00848274
v 0.02103192 0.01469999 0.00830206
v 0.02112451 0.01469999 0.00812545
v 0.02095557 0.01469999 0.00777177
v 0.02126190 0.01469999 0.00786337
v 0.02005768 0.01469999 0.00779134
v 0.02002987 0.01469999 0.00767033
v 0.02006748 0.01469999 0.00777264
v 0.02006325 0.01469999 0.00766897
v 0.02011741 0.01469999 0.00767739
v 0.02035411 0.01469999 0.00765711
v 0.02081846 0.01469999 0.00803037
v 0.02081249 0.01469999 0.00804177
v 0.02032051 0.01469999 0.00728997
v 0.02004090 0.01469999 0.00712092
v 0.02038024 0.01469999 0.00717602
v 0.02092756 0.01469999 0.00708476
v 0.02094332 0.01469999 0.00747120
v 0.02019506 0.01469999 0.00752926
v 0.02024285 0.01469999 0.00743810
v 0.02101558 0.01469999 0.00765435
v 0.02100961 0.01469999 0.00766574
v 0.02095053 0.01469999 0.00764820
v 0.02090488 0.01469999 0.00763465
v 0.02228374 0.01469999 0.00702946
v 0.02211173 0.01469999 0.00735756
v 0.02171318 0.01469999 0.00714863
v 0.02135449 0.01469999 0.00768675
v 0.02122983 0.01469999 0.00762140
v 0.02157389 0.01469999 0.00741433
v 0.02096478 0.01469999 0.00799756
v 0.02054642 0.01469999 0.00766260
v 0.02055239 0.01469999 0.00765121
v 0.02045970 0.01469999 0.00813283
v 0.02026079 0.01469999 0.00851226
v 0.02009791 0.01469999 0.00851890
v 0.02011922 0.01469999 0.00878232
v 0.02101407 0.01469999 0.00920621
v 0.02060781 0.01469999 0.00911109
v 0.02011457 0.01469999 0.00892748
v 0.02021038 0.01469999 0.00883011
v 0.02037954 0.01469999 0.00850742
v 0.02097600 0.01469999 0.00827275
v 0.01986764 0.01469999 0.00938940
v 0.01972098 0.01469999 0.00929260
v 0.01972695 0.01469999 0.00928120
v 0.02013500 0.01469999 0.00942835
v 0.02010640 0.01469999 0.00954700
v 0.02010106 0.01469999 0.00941611
v 0.01986526 0.01469999 0.00933108
v 0.02024343 0.01469999 0.00980616
v 0.02030914 0.01469999 0.00968082
v 0.02104497 0.01469999 0.00996398
v 0.02054210 0.01469999 0.00923643
v 0.02054798 0.01469999 0.00922522
v 0.02051732 0.01469999 0.00922647
v 0.02045847 0.01469999 0.00939595
v 0.02039277 0.01469999 0.00952130
v 0.02014076 0.01469999 0.00956968
v 0.02012493 0.01469999 0.01000150
v 0.02008865 0.01469999 0.00991005
v 0.02011326 0.01469999 0.00971532
v 0.02001359 0.01469999 0.00978309
v 0.01987412 0.01469999 0.00954842
v 0.01991431 0.01469999 0.00971353
v 0.01988034 0.01469999 0.00970095
v 0.01980055 0.01469999 0.00967142
v 0.01947380 0.01469999 0.00926902
v 0.01965346 0.01469999 0.00968193
v 0.01952811 0.01469999 0.00975963
v 0.01932350 0.01469999 0.00916412
v 0.01938323 0.01469999 0.00905017
v 0.01949673 0.01469999 0.00883367
v 0.01985548 0.01469999 0.00909117
v 0.01986076 0.01469999 0.00922078
v 0.02006941 0.01469999 0.00924473
v 0.01994231 0.01469999 0.00924992
v 0.02009482 0.01469999 0.00926297
v 0.02009653 0.01469999 0.00930501
v 0.02012926 0.01469999 0.00928769
v 0.02013046 0.01469999 0.00931713
v 0.02017223 0.01469999 0.00931853
v 0.02016625 0.01469999 0.00932992
v 0.01955646 0.01469999 0.00871973
v 0.01983258 0.01469999 0.00852972
v 0.01984470 0.01469999 0.00882702
v 0.02006453 0.01469999 0.00852026
v 0.02008062 0.01469999 0.00891484
v 0.02023689 0.01469999 0.00923790
v 0.02012394 0.01469999 0.00915733
v 0.02012025 0.01469999 0.00906683
v 0.02008951 0.01469999 0.00913277
v 0.02008626 0.01469999 0.00905316
v 0.01988226 0.01469999 0.00898494
v 0.01988824 0.01469999 0.00897355
v 0.01991053 0.01469999 0.01044119
v 0.02005228 0.01469999 0.01017079
v 0.02015223 0.01469999 0.01067090
v 0.02009607 0.01469999 0.01005735
v 0.02009332 0.01469999 0.01000279
v 0.01992028 0.01469999 0.01068036
v 0.01968006 0.01469999 0.01069015
v 0.01989697 0.01469999 0.01046706
v 0.01961643 0.01469999 0.01056429
v 0.01932835 0.01469999 0.01016897
v 0.01890317 0.01469999 0.01024392
v 0.01877469 0.01469999 0.01028940
v 0.01897360 0.01469999 0.01024250
v 0.01865960 0.01469999 0.01060849
v 0.01862212 0.01469999 0.01073329
v 0.01865328 0.01469999 0.01047313
v 0.01868864 0.01469999 0.01037441
v 0.01933672 0.01469999 0.01037416
v 0.01927509 0.01469999 0.01033227
v 0.01908944 0.01469999 0.01004372
v 0.01899142 0.01469999 0.00982529
v 0.01892272 0.01469999 0.00995633
v 0.01828025 0.01469999 0.01145618
v 0.01775009 0.01469999 0.01147780
v 0.01827782 0.01469999 0.01139646
v 0.01825603 0.01469999 0.01127453
v 0.01827079 0.01469999 0.01122399
v 0.01863126 0.01469999 0.01095738
v 0.01862369 0.01469999 0.01095422
v 0.01848402 0.01469999 0.01096804
v 0.01840259 0.01469999 0.01100912
v 0.01830024 0.01469999 0.01112311
v 0.01905712 0.01469999 0.01121715
v 0.01907838 0.01469999 0.01099665
v 0.01919266 0.01469999 0.01124789
v 0.01930975 0.01469999 0.01107565
v 0.01929946 0.01469999 0.01133666
v 0.01936515 0.01469999 0.01107134
v 0.01879242 0.01469999 0.01102461
v 0.01874164 0.01469999 0.01075937
v 0.01872518 0.01469999 0.01072909
v 0.01886363 0.01469999 0.01110741
v 0.01889501 0.01469999 0.01122154
v 0.01889461 0.01469999 0.01127073
v 0.01865098 0.01469999 0.01144106
v 0.01875297 0.01469999 0.01143691
v 0.01875020 0.01469999 0.01144923
v 0.01890272 0.01469999 0.01180755
v 0.01912302 0.01469999 0.01179794
v 0.01940296 0.01469999 0.01199852
v 0.01921321 0.01469999 0.01155338
v 0.01917883 0.01469999 0.01162505
v 0.01886732 0.01469999 0.01143224
v 0.01882426 0.01469999 0.01148806
v 0.01889010 0.01469999 0.01180583
v 0.01867493 0.01469999 0.01202821
v 0.01839985 0.01469999 0.01156336
v 0.01923299 0.01469999 0.01173233
v 0.01932417 0.01469999 0.01158659
v 0.01937901 0.01469999 0.01141138
v 0.01934168 0.01469999 0.01144338
v 0.01932981 0.01469999 0.01141338
v 0.01914295 0.01469999 0.01166174
v 0.01906547 0.01469999 0.01169514
v 0.01892677 0.01469999 0.01169432
v 0.01888104 0.01469999 0.01141445
v 0.01918786 0.01469999 0.01141917
v 0.01921282 0.01469999 0.01146472
v 0.01909612 0.01469999 0.01134861
v 0.01917877 0.01469999 0.01140258
v 0.01901308 0.01469999 0.01133885
v 0.01897033 0.01469999 0.01134991
v 0.01863711 0.01469999 0.01110075
v 0.01871833 0.01469999 0.01113946
v 0.01878457 0.01469999 0.01129637
v 0.01876965 0.01469999 0.01120540
v 0.01847070 0.01469999 0.01146977
v 0.01845468 0.01469999 0.01144907
v 0.01841463 0.01469999 0.01139734
v 0.01838009 0.01469999 0.01128954
v 0.01851616 0.01469999 0.01109399
v 0.01861526 0.01469999 0.01109033
v 0.01844801 0.01469999 0.01113044
v 0.01839895 0.01469999 0.01119819
v 0.01830148 0.01469999 0.01197662
v 0.01795802 0.01469999 0.01179657
v 0.01760092 0.01469999 0.01176235
v 0.01761352 0.01469999 0.01207150
v 0.01743504 0.01469999 0.01207878
v 0.01894348 0.01469999 0.01202266
v 0.01828208 0.01469999 0.01142031
v 0.01831060 0.01469999 0.01145495
v 0.01841974 0.01469999 0.01203862
v 0.01868093 0.01469999 0.01217555
v 0.01882401 0.01469999 0.01225055
v 0.01944287 0.01469999 0.01297733
v 0.01874410 0.01469999 0.01266623
v 0.01905173 0.01469999 0.01207941
v 0.01834027 0.01469999 0.01292789
v 0.01860074 0.01469999 0.01293971
v 0.01871484 0.01469999 0.01300702
v 0.01867242 0.01469999 0.01280297
v 0.01863585 0.01469999 0.01260949
v 0.01830844 0.01469999 0.01214732
v 0.01869410 0.01469999 0.01249837
v 0.01868790 0.01469999 0.01234625
v 0.01875532 0.01469999 0.01238159
v 0.01788932 0.01469999 0.01192761
v 0.01812408 0.01469999 0.01205068
v 0.01771310 0.01469999 0.01226376
v 0.01808549 0.01469999 0.01280033
v 0.01833511 0.01469999 0.01280146
v 0.01870000 0.01469999 0.01264312
v 0.01835583 0.01469999 0.01340689
v 0.01841392 0.01469999 0.01473395
v 0.01830319 0.01469999 0.01467590
v 0.01765344 0.01469999 0.01305030
v 0.01809426 0.01469999 0.01303233
v 0.01768620 0.01469999 0.01385362
v 0.01782600 0.01469999 0.01396590
v 0.01805959 0.01469999 0.01438691
v 0.01815303 0.01469999 0.01455531
v 0.01801978 0.01469999 0.01292568
v 0.01764833 0.01469999 0.01292509
v 0.01736665 0.01469999 0.01292465
v 0.01743833 0.01469999 0.01278791
v 0.01701850 0.01469999 0.01287335
v 0.01816089 0.01469999 0.01291975
v 0.01824196 0.01469999 0.01302630
v 0.01834411 0.01469999 0.01302214
v 0.01835008 0.01469999 0.01316839
v 0.01842751 0.01469999 0.01327015
v 0.01874626 0.01469999 0.01377743
v 0.01842056 0.01469999 0.01439871
v 0.01835952 0.01469999 0.01339985
v 0.01897772 0.01469999 0.01333589
v 0.01924342 0.01469999 0.01347518
v 0.01950843 0.01469999 0.01458501
v 0.01877071 0.01469999 0.01437693
v 0.01944339 0.01469999 0.01470909
v 0.01926798 0.01469999 0.01489940
v 0.01876840 0.01469999 0.01491978
v 0.01868627 0.01469999 0.01453800
v 0.01879307 0.01469999 0.01492532
v 0.01902092 0.01469999 0.01497652
v 0.02244269 0.01469999 0.00702297
v 0.02232067 0.01469999 0.00695901
v 0.02248187 0.01469999 0.00670479
v 0.02090182 0.01469999 0.00645353
v 0.02094357 0.01469999 0.00646291
v 0.02116499 0.01469999 0.00657898
v 0.02162649 0.01469999 0.00671622
v 0.02210562 0.01469999 0.00666885
v 0.02229728 0.01469999 0.00664990
v 0.02237744 0.01469999 0.00749685
v 0.02258637 0.01469999 0.00709830
v 0.02321290 0.01469999 0.00743652
v 0.02319222 0.01469999 0.00724253
v 0.02309888 0.01469999 0.00707122
v 0.02301044 0.01469999 0.00699982
v 0.02294708 0.01469999 0.00694867
v 0.01951518 0.01469999 0.01105969
v 0.01994914 0.01469999 0.01138813
v 0.01963625 0.01469999 0.01098290
v 0.01970496 0.01469999 0.01086397
v 0.01970916 0.01469999 0.01074772
v 0.02000939 0.01469999 0.00716804
v 0.02003394 0.01469999 0.00712120
v 0.02004041 0.01469999 0.00710886
v 0.02026859 0.01469999 0.00667360
v 0.02044399 0.01469999 0.00648328
v 0.02069105 0.01469999 0.00640616
v 0.01979792 0.01469999 0.00767979
v 0.01979382 0.01469999 0.00757924
v 0.01928382 0.01469999 0.00855210
v 0.01973987 0.01469999 0.00768216
v 0.01745061 0.01469999 0.01366442
v 0.01722919 0.01469999 0.01354834
v 0.01707739 0.01469999 0.01342579
v 0.01698405 0.01469999 0.01325448
v 0.01696527 0.01469999 0.01307837
v 0.01696337 0.01469999 0.01306049
v 0.02021447 0.01469999 0.01137731
v 0.02110891 0.01469999 0.01153199
v 0.02089626 0.01469999 0.01193763
v 0.02235686 0.01469999 0.00915145
v 0.02195026 0.01469999 0.00992706
v 0.02159108 0.01469999 0.01061222
v 0.02107227 0.01469999 0.01063338
v 0.02121131 0.01469999 0.01133666
v 0.02110113 0.01469999 0.01134115
v 0.02003829 0.01469999 0.01357426
v 0.02001300 0.01469999 0.01295408
v 0.01997309 0.01469999 0.01197528
v 0.02025386 0.01469999 0.01316305
v 0.02024495 0.01469999 0.01294462
v 0.02020504 0.01469999 0.01196582
v 0.02018109 0.01469999 0.01137867
v 0.02018561 0.01469999 0.01066954
v 0.02015831 0.01469999 0.01000014
v 0.02014768 0.01469999 0.00973934
v 0.02055086 0.01469999 0.00818061
v 0.02006847 0.01469999 0.00779699
v 0.02544025 0.01445000 0.00639268
v 0.02544025 0.01814999 0.00639268
v 0.02556280 0.01814999 0.00624088
v 0.02556280 0.01445000 0.00624088
v 0.02573411 0.01814999 0.00614754
v 0.02573411 0.01445000 0.00614754
v 0.02592810 0.01814999 0.00612686
v 0.02592810 0.01445000 0.00612686
v 0.02611524 0.01814999 0.00618199
v 0.02611524 0.01445000 0.00618199
v 0.02263670 0.01454999 0.00797149
v 0.02277599 0.01454999 0.00770578
v 0.02263670 0.01469999 0.00797149
v 0.02277599 0.01469999 0.00770578
v 0.01808549 0.01469999 0.01280033
v 0.01808549 0.01454999 0.01280033
v 0.01771310 0.01469999 0.01226376
v 0.01771310 0.01454999 0.01226376
v 0.01889010 0.01469999 0.01180583
v 0.01889010 0.01454999 0.01180583
v 0.01890272 0.01454999 0.01180755
v 0.01890272 0.01469999 0.01180755
v 0.01912302 0.01454999 0.01179794
v 0.01912302 0.01469999 0.01179794
v 0.01923299 0.01454999 0.01173233
v 0.01923299 0.01469999 0.01173233
v 0.01932417 0.01454999 0.01158659
v 0.01932417 0.01469999 0.01158659
v 0.01934168 0.01454999 0.01144338
v 0.01934168 0.01469999 0.01144338
v 0.01929946 0.01454999 0.01133666
v 0.01929946 0.01469999 0.01133666
v 0.01919266 0.01454999 0.01124789
v 0.01919266 0.01469999 0.01124789
v 0.01905712 0.01454999 0.01121715
v 0.01905712 0.01469999 0.01121715
v 0.01889461 0.01454999 0.01127073
v 0.01889461 0.01469999 0.01127073
v 0.01938323 0.01469999 0.00905017
v 0.01938323 0.01454999 0.00905017
v 0.01932350 0.01469999 0.00916412
v 0.01932350 0.01454999 0.00916412
v 0.02005768 0.01469999 0.00779134
v 0.02005768 0.01454999 0.00779134
v 0.02103192 0.01469999 0.00830206
v 0.02103192 0.01454999 0.00830206
v 0.01870831 0.01949999 0.01376733
v 0.01879441 0.01949999 0.01372625
v 0.01870831 0.01965000 0.01376733
v 0.01879441 0.01965000 0.01372625
v 0.02053663 0.01764999 0.01741583
v 0.02049439 0.01769999 0.01744257
v 0.02070792 0.01764999 0.01757369
v 0.02068470 0.01769999 0.01761798
v 0.02093519 0.01764999 0.01762476
v 0.02093723 0.01769999 0.01767472
v 0.02115754 0.01764999 0.01755535
v 0.02118429 0.01769999 0.01759760
v 0.02131541 0.01764999 0.01738407
v 0.02135969 0.01769999 0.01740728
v 0.02136648 0.01764999 0.01715680
v 0.02141644 0.01769999 0.01715476
v 0.02129707 0.01764999 0.01693444
v 0.02133932 0.01769999 0.01690770
v 0.02112579 0.01764999 0.01677658
v 0.02114900 0.01769999 0.01673230
v 0.02089852 0.01764999 0.01672551
v 0.02089648 0.01769999 0.01667555
v 0.02067616 0.01764999 0.01679492
v 0.02064942 0.01769999 0.01675267
v 0.02051830 0.01764999 0.01696620
v 0.02047401 0.01769999 0.01694299
v 0.02046723 0.01764999 0.01719347
v 0.02041727 0.01769999 0.01719551
v 0.01889010 0.01454999 0.01180583
v 0.01892677 0.01454999 0.01169432
v 0.01890272 0.01454999 0.01180755
v 0.01906547 0.01454999 0.01169514
v 0.01912302 0.01454999 0.01179794
v 0.01923299 0.01454999 0.01173233
v 0.01914295 0.01454999 0.01166174
v 0.01917883 0.01454999 0.01162505
v 0.01932417 0.01454999 0.01158659
v 0.01921321 0.01454999 0.01155338
v 0.01934168 0.01454999 0.01144338
v 0.01921282 0.01454999 0.01146472
v 0.01929946 0.01454999 0.01133666
v 0.01917877 0.01454999 0.01140258
v 0.01919266 0.01454999 0.01124789
v 0.01909612 0.01454999 0.01134861
v 0.01905712 0.01454999 0.01121715
v 0.01901308 0.01454999 0.01133885
v 0.01889461 0.01454999 0.01127073
v 0.01897033 0.01454999 0.01134991
v 0.01888104 0.01454999 0.01141445
v 0.01876965 0.01454999 0.01120540
v 0.01889501 0.01454999 0.01122154
v 0.01878457 0.01454999 0.01129637
v 0.01875020 0.01454999 0.01144923
v 0.01882426 0.01454999 0.01148806
v 0.01847070 0.01454999 0.01146977
v 0.01839985 0.01454999 0.01156336
v 0.01841463 0.01454999 0.01139734
v 0.01828208 0.01454999 0.01142031
v 0.01838009 0.01454999 0.01128954
v 0.01825603 0.01454999 0.01127453
v 0.01839895 0.01454999 0.01119819
v 0.01830024 0.01454999 0.01112311
v 0.01844801 0.01454999 0.01113044
v 0.01840259 0.01454999 0.01100912
v 0.01851616 0.01454999 0.01109399
v 0.01848402 0.01454999 0.01096804
v 0.01861526 0.01454999 0.01109033
v 0.01862369 0.01454999 0.01095422
v 0.01871833 0.01454999 0.01113946
v 0.01879242 0.01454999 0.01102461
v 0.01886363 0.01454999 0.01110741
v 0.01938344 0.01965000 0.01100167
v 0.01938344 0.01949999 0.01100167
v 0.01942800 0.01965000 0.01099726
v 0.01942800 0.01949999 0.01099726
v 0.01946991 0.01965000 0.01101300
v 0.01946991 0.01949999 0.01101300
v 0.01950055 0.01965000 0.01104565
v 0.01950055 0.01949999 0.01104565
v 0.02005660 0.01965000 0.00922401
v 0.01939037 0.01965000 0.00887475
v 0.02005660 0.01949999 0.00922401
v 0.01939037 0.01949999 0.00887475
v 0.02193763 0.01965000 0.00735559
v 0.02172254 0.01965000 0.00776589
v 0.02193762 0.01949999 0.00735559
v 0.02172254 0.01949999 0.00776589
v 0.01987628 0.01965000 0.01032671
v 0.01987628 0.01949999 0.01032671
v 0.01992781 0.01965000 0.01026278
v 0.01992788 0.01949999 0.01026269
v 0.01790909 0.01949999 0.01215945
v 0.01790933 0.01965000 0.01215962
v 0.01785665 0.01949999 0.01210882
v 0.01785665 0.01965000 0.01210882
v 0.01782132 0.01949999 0.01204472
v 0.01782132 0.01965000 0.01204473
v 0.02035715 0.01710000 0.00672003
v 0.02042680 0.01710000 0.00658718
v 0.02029495 0.01660000 0.00683869
v 0.02035526 0.01652499 0.00672363
v 0.02012500 0.01623397 0.00716287
v 0.02015983 0.01610406 0.00709644
v 0.01989286 0.01610000 0.00760571
v 0.01989286 0.01594999 0.00760571
v 0.01966071 0.01623397 0.00804855
v 0.01962588 0.01610406 0.00811497
v 0.01949076 0.01660000 0.00837273
v 0.01943045 0.01652499 0.00848778
v 0.01942856 0.01710000 0.00849139
v 0.01935891 0.01710000 0.00862424
v 0.01949076 0.01759999 0.00837273
v 0.01943045 0.01767500 0.00848778
v 0.01966071 0.01796602 0.00804855
v 0.01962588 0.01809592 0.00811497
v 0.01989286 0.01809999 0.00760571
v 0.01989286 0.01824999 0.00760571
v 0.02012500 0.01796602 0.00716287
v 0.02015983 0.01809592 0.00709644
v 0.02029495 0.01759999 0.00683869
v 0.02035526 0.01767500 0.00672363
v 0.02002902 0.01965000 0.00997257
v 0.02010648 0.01965000 0.00988852
v 0.01991091 0.01965000 0.00978600
v 0.02013154 0.01965000 0.00977700
v 0.02009748 0.01965000 0.00966789
v 0.01972434 0.01965000 0.00990411
v 0.01980839 0.01965000 0.00998157
v 0.01991991 0.01965000 0.01000663
v 0.01979280 0.01965000 0.00959942
v 0.01971534 0.01965000 0.00968347
v 0.01969028 0.01965000 0.00979500
v 0.02001343 0.01965000 0.00959043
v 0.01990191 0.01965000 0.00956537
v 0.01957969 0.01469999 0.00989548
v 0.01963580 0.01469999 0.00983894
v 0.01971052 0.01469999 0.00981136
v 0.01978990 0.01469999 0.00981788
v 0.01984561 0.01469999 0.00984456
v 0.01955009 0.01469999 0.00995111
v 0.01989926 0.01469999 0.00987521
v 0.01994978 0.01469999 0.00993679
v 0.01985742 0.01469999 0.01027927
v 0.01948139 0.01469999 0.01008215
v 0.01992611 0.01469999 0.01014823
v 0.01995502 0.01469999 0.01009224
v 0.01996960 0.01469999 0.01001393
v 0.02129180 0.01445000 0.00579865
v 0.02129180 0.01459999 0.00579865
v 0.02110797 0.01459999 0.00602634
v 0.02110797 0.01445000 0.00602634
v 0.02085101 0.01459999 0.00616636
v 0.02085101 0.01445000 0.00616636
v 0.02056002 0.01459999 0.00619738
v 0.02056002 0.01445000 0.00619738
v 0.02210562 0.01469999 0.00666885
v 0.02210562 0.01459999 0.00666885
v 0.02229728 0.01469999 0.00664990
v 0.02229728 0.01459999 0.00664990
v 0.01690242 0.01710000 0.01309477
v 0.01645958 0.01710000 0.01286262
v 0.01698018 0.01772500 0.01294645
v 0.01653734 0.01772500 0.01271430
v 0.01719261 0.01818252 0.01254122
v 0.01674977 0.01818252 0.01230907
v 0.01748280 0.01835000 0.01198767
v 0.01703996 0.01835000 0.01175552
v 0.01777298 0.01818252 0.01143412
v 0.01733014 0.01818252 0.01120198
v 0.01798541 0.01772500 0.01102890
v 0.01754257 0.01772500 0.01079675
v 0.01806317 0.01710000 0.01088057
v 0.01762033 0.01710000 0.01064843
v 0.01798541 0.01647499 0.01102890
v 0.01754257 0.01647499 0.01079675
v 0.01777298 0.01601747 0.01143412
v 0.01733014 0.01601747 0.01120198
v 0.01748280 0.01584999 0.01198767
v 0.01703996 0.01584999 0.01175552
v 0.01719261 0.01601747 0.01254122
v 0.01674977 0.01601747 0.01230907
v 0.01698018 0.01647499 0.01294645
v 0.01653734 0.01647499 0.01271430
v 0.02051719 0.01445000 0.01719143
v 0.02051719 0.01629999 0.01719143
v 0.02057888 0.01445000 0.01738908
v 0.02057888 0.01629999 0.01738908
v 0.02073113 0.01445000 0.01752941
v 0.02073113 0.01629999 0.01752941
v 0.02093315 0.01445000 0.01757480
v 0.02093315 0.01629999 0.01757480
v 0.02113080 0.01445000 0.01751311
v 0.02113080 0.01629999 0.01751311
v 0.02127113 0.01445000 0.01736085
v 0.02127113 0.01629999 0.01736085
v 0.02131652 0.01445000 0.01715884
v 0.02131652 0.01629999 0.01715884
v 0.02125483 0.01445000 0.01696119
v 0.02125483 0.01629999 0.01696119
v 0.02110257 0.01445000 0.01682086
v 0.02110257 0.01629999 0.01682086
v 0.02090055 0.01445000 0.01677547
v 0.02090055 0.01629999 0.01677547
v 0.02070290 0.01445000 0.01683716
v 0.02070290 0.01629999 0.01683716
v 0.02056258 0.01445000 0.01698942
v 0.02056258 0.01629999 0.01698942
v 0.02562447 0.01445000 0.00744897
v 0.02562447 0.01629999 0.00744897
v 0.02568616 0.01445000 0.00764662
v 0.02568616 0.01629999 0.00764662
v 0.02583841 0.01445000 0.00778694
v 0.02583841 0.01629999 0.00778694
v 0.02604043 0.01445000 0.00783234
v 0.02604043 0.01629999 0.00783234
v 0.02623808 0.01445000 0.00777064
v 0.02623808 0.01629999 0.00777064
v 0.02637840 0.01445000 0.00761839
v 0.02637840 0.01629999 0.00761839
v 0.02642380 0.01445000 0.00741637
v 0.02642380 0.01629999 0.00741637
v 0.02636211 0.01445000 0.00721872
v 0.02636211 0.01629999 0.00721872
v 0.02620985 0.01445000 0.00707840
v 0.02620985 0.01629999 0.00707840
v 0.02600783 0.01445000 0.00703300
v 0.02600783 0.01629999 0.00703300
v 0.02581018 0.01445000 0.00709469
v 0.02581018 0.01629999 0.00709469
v 0.02566986 0.01445000 0.00724695
v 0.02566986 0.01629999 0.00724695
v 0.02223815 0.01454999 0.00776256
v 0.02263670 0.01454999 0.00797149
v 0.02223815 0.01469999 0.00776256
v 0.02263670 0.01469999 0.00797149
v 0.01867242 0.01469999 0.01280297
v 0.01867242 0.01454999 0.01280297
v 0.01808549 0.01469999 0.01280033
v 0.01808549 0.01454999 0.01280033
v 0.01892677 0.01469999 0.01169432
v 0.01892677 0.01454999 0.01169432
v 0.01889010 0.01469999 0.01180583
v 0.01889010 0.01454999 0.01180583
v 0.02016625 0.01469999 0.00932992
v 0.02016625 0.01454999 0.00932992
v 0.01938323 0.01469999 0.00905017
v 0.01938323 0.01454999 0.00905017
v 0.02011741 0.01469999 0.00767739
v 0.02011741 0.01454999 0.00767739
v 0.02005768 0.01469999 0.00779134
v 0.02005768 0.01454999 0.00779134
v 0.01863392 0.01949999 0.01378588
v 0.01870831 0.01949999 0.01376733
v 0.01863392 0.01965000 0.01378588
v 0.01870831 0.01965000 0.01376733
v 0.01935891 0.01710000 0.00862424
v 0.01927034 0.01710000 0.00857781
v 0.01943045 0.01767500 0.00848778
v 0.01934188 0.01767500 0.00844135
v 0.01962588 0.01809592 0.00811497
v 0.01953732 0.01809592 0.00806854
v 0.01989286 0.01824999 0.00760571
v 0.01980429 0.01824999 0.00755928
v 0.02015983 0.01809592 0.00709644
v 0.02007126 0.01809592 0.00705001
v 0.02035526 0.01767500 0.00672363
v 0.02026669 0.01767500 0.00667721
v 0.02042680 0.01710000 0.00658718
v 0.02033823 0.01710000 0.00654075
v 0.02035526 0.01652499 0.00672363
v 0.02026669 0.01652499 0.00667721
v 0.02015983 0.01610406 0.00709644
v 0.02007126 0.01610406 0.00705001
v 0.01989286 0.01594999 0.00760571
v 0.01980429 0.01594999 0.00755928
v 0.01962588 0.01610406 0.00811497
v 0.01953732 0.01610406 0.00806854
v 0.01943045 0.01652499 0.00848778
v 0.01934188 0.01652499 0.00844135
v 0.01948139 0.01454999 0.01008215
v 0.01985742 0.01454999 0.01027927
v 0.01989697 0.01454999 0.01046706
v 0.01892272 0.01454999 0.00995633
v 0.01899142 0.01454999 0.00982529
v 0.01937314 0.01454999 0.01002540
v 0.02005228 0.01454999 0.01017079
v 0.01992611 0.01454999 0.01014823
v 0.01995502 0.01454999 0.01009224
v 0.02009607 0.01454999 0.01005735
v 0.01996960 0.01454999 0.01001393
v 0.02008865 0.01454999 0.00991005
v 0.01994978 0.01454999 0.00993679
v 0.02001359 0.01454999 0.00978309
v 0.01989926 0.01454999 0.00987521
v 0.01991431 0.01454999 0.00971353
v 0.01984562 0.01454999 0.00984456
v 0.01980055 0.01454999 0.00967142
v 0.01978990 0.01454999 0.00981788
v 0.01965346 0.01454999 0.00968193
v 0.01971052 0.01454999 0.00981136
v 0.01952811 0.01454999 0.00975963
v 0.01963580 0.01454999 0.00983894
v 0.01945976 0.01454999 0.00986018
v 0.01955009 0.01454999 0.00995111
v 0.01957969 0.01454999 0.00989548
v 0.01938344 0.01965000 0.01100167
v 0.01869831 0.01965000 0.01119732
v 0.01938344 0.01949999 0.01100167
v 0.01869831 0.01949999 0.01119732
v 0.01939037 0.01965000 0.00887475
v 0.01958898 0.01965000 0.00849589
v 0.01939037 0.01949999 0.00887475
v 0.01958898 0.01949999 0.00849589
v 0.01964373 0.01965000 0.00839147
v 0.01984069 0.01965000 0.00801575
v 0.01964373 0.01949999 0.00839147
v 0.01984069 0.01949999 0.00801575
v 0.01960180 0.01965000 0.01040227
v 0.01960180 0.01949999 0.01040227
v 0.01974913 0.01949999 0.01040115
v 0.01974913 0.01965000 0.01040115
v 0.01987628 0.01949999 0.01032671
v 0.01987628 0.01965000 0.01032671
v 0.01783119 0.01965000 0.01186481
v 0.01783119 0.01949999 0.01186481
v 0.01781183 0.01949999 0.01195398
v 0.01781183 0.01965000 0.01195398
v 0.01782132 0.01949999 0.01204472
v 0.01782132 0.01965000 0.01204473
v 0.01716927 0.01759999 0.01280112
v 0.01710896 0.01767500 0.01291618
v 0.01733922 0.01796602 0.01247694
v 0.01730439 0.01809592 0.01254337
v 0.01757137 0.01809999 0.01203410
v 0.01757137 0.01824999 0.01203410
v 0.01780351 0.01796602 0.01159126
v 0.01783834 0.01809592 0.01152484
v 0.01797346 0.01759999 0.01126708
v 0.01803377 0.01767500 0.01115203
v 0.01803566 0.01710000 0.01114842
v 0.01810531 0.01710000 0.01101557
v 0.01797346 0.01660000 0.01126708
v 0.01803377 0.01652499 0.01115203
v 0.01780351 0.01623397 0.01159126
v 0.01783834 0.01610406 0.01152484
v 0.01757137 0.01610000 0.01203410
v 0.01757137 0.01594999 0.01203410
v 0.01733922 0.01623397 0.01247694
v 0.01730439 0.01610406 0.01254337
v 0.01716927 0.01660000 0.01280112
v 0.01710896 0.01652499 0.01291618
v 0.01710707 0.01710000 0.01291978
v 0.01703742 0.01710000 0.01305263
v 0.02056721 0.01965000 0.00900870
v 0.01958898 0.01965000 0.00849589
v 0.01939037 0.01965000 0.00887475
v 0.02031427 0.01965000 0.00928524
v 0.02038731 0.01965000 0.00925598
v 0.02023458 0.01965000 0.00928449
v 0.02052451 0.01965000 0.00909015
v 0.02015438 0.01965000 0.00926385
v 0.02005660 0.01965000 0.00922401
v 0.01940395 0.01965000 0.01365752
v 0.01940395 0.01949999 0.01365752
v 0.01934104 0.01965000 0.01393748
v 0.01934104 0.01949999 0.01393748
v 0.01914658 0.01965000 0.01414847
v 0.01914658 0.01949999 0.01414847
v 0.01887267 0.01965000 0.01423397
v 0.01887267 0.01949999 0.01423397
v 0.01859272 0.01965000 0.01417106
v 0.01859272 0.01949999 0.01417106
v 0.01838172 0.01965000 0.01397660
v 0.01838172 0.01949999 0.01397660
v 0.01829623 0.01965000 0.01370269
v 0.01829623 0.01949999 0.01370269
v 0.01835914 0.01965000 0.01342274
v 0.01835914 0.01949999 0.01342274
v 0.01855360 0.01965000 0.01321174
v 0.01855360 0.01949999 0.01321174
v 0.01882750 0.01965000 0.01312625
v 0.01882750 0.01949999 0.01312625
v 0.01910746 0.01965000 0.01318916
v 0.01910746 0.01949999 0.01318916
v 0.01931845 0.01965000 0.01338362
v 0.01931845 0.01949999 0.01338362
v 0.02138466 0.01459999 0.00562151
v 0.02138466 0.01445000 0.00562151
v 0.02116499 0.01469999 0.00657898
v 0.02116499 0.01459999 0.00657898
v 0.02162649 0.01459999 0.00671622
v 0.02162649 0.01469999 0.00671622
v 0.02077138 0.01956354 0.00602990
v 0.02092267 0.01953271 0.00601378
v 0.02023829 0.01953390 0.00565450
v 0.02317204 0.01959999 0.00757468
v 0.02805222 0.01959999 0.01013301
v 0.02318969 0.01959535 0.00748080
v 0.02820940 0.01953390 0.00983318
v 0.02316901 0.01956354 0.00728681
v 0.02309621 0.01953271 0.00715320
v 0.02037519 0.01933938 0.00539335
v 0.02096537 0.01952401 0.00600922
v 0.02115251 0.01950622 0.00606435
v 0.02292387 0.01950622 0.00699295
v 0.02307566 0.01952401 0.00711550
v 0.02834630 0.01933938 0.00957203
v 0.02053290 0.01959999 0.00619117
v 0.02060007 0.01959535 0.00612325
v 0.02843790 0.01904636 0.00939730
v 0.02046679 0.01904636 0.00521861
v 0.02847009 0.01869999 0.00933590
v 0.02049898 0.01869999 0.00515722
v 0.01702025 0.01950622 0.01394690
v 0.01702025 0.01949999 0.01394690
v 0.01686846 0.01949999 0.01382435
v 0.01677511 0.01956354 0.01365304
v 0.01684314 0.01953149 0.01379129
v 0.01687382 0.01952711 0.01381825
v 0.01677511 0.01949999 0.01365304
v 0.01675443 0.01949999 0.01345905
v 0.01675443 0.01959535 0.01345905
v 0.01677208 0.01959999 0.01336517
v 0.01946660 0.01959999 0.01466480
v 0.01946660 0.01949999 0.01466480
v 0.02223815 0.01469999 0.00776256
v 0.02202921 0.01469999 0.00816111
v 0.02223815 0.01454999 0.00776256
v 0.02202921 0.01454999 0.00816111
v 0.01860074 0.01469999 0.01293971
v 0.01860074 0.01454999 0.01293971
v 0.01867242 0.01469999 0.01280297
v 0.01867242 0.01454999 0.01280297
v 0.01882426 0.01469999 0.01148806
v 0.01882426 0.01454999 0.01148806
v 0.01888104 0.01454999 0.01141445
v 0.01888104 0.01469999 0.01141445
v 0.01897033 0.01454999 0.01134991
v 0.01897033 0.01469999 0.01134991
v 0.01901308 0.01454999 0.01133885
v 0.01901308 0.01469999 0.01133885
v 0.01909612 0.01454999 0.01134861
v 0.01909612 0.01469999 0.01134861
v 0.01917877 0.01454999 0.01140258
v 0.01917877 0.01469999 0.01140258
v 0.01921282 0.01454999 0.01146472
v 0.01921282 0.01469999 0.01146472
v 0.01921321 0.01454999 0.01155338
v 0.01921321 0.01469999 0.01155338
v 0.01917883 0.01454999 0.01162505
v 0.01917883 0.01469999 0.01162505
v 0.01914295 0.01454999 0.01166174
v 0.01914295 0.01469999 0.01166174
v 0.01906547 0.01454999 0.01169514
v 0.01906547 0.01469999 0.01169514
v 0.01892677 0.01454999 0.01169432
v 0.01892677 0.01469999 0.01169432
v 0.02017223 0.01469999 0.00931853
v 0.02017223 0.01454999 0.00931853
v 0.02016625 0.01469999 0.00932992
v 0.02016625 0.01454999 0.00932992
v 0.02081249 0.01469999 0.00804177
v 0.02081249 0.01454999 0.00804177
v 0.02011741 0.01469999 0.00767739
v 0.02011741 0.01454999 0.00767739
v 0.01863392 0.01965000 0.01378588
v 0.01834795 0.01965000 0.01381211
v 0.01863392 0.01949999 0.01378588
v 0.01834795 0.01949999 0.01381211
v 0.01703742 0.01710000 0.01305263
v 0.01694885 0.01710000 0.01300620
v 0.01710896 0.01767500 0.01291618
v 0.01702039 0.01767500 0.01286975
v 0.01730439 0.01809592 0.01254337
v 0.01721583 0.01809592 0.01249694
v 0.01757137 0.01824999 0.01203410
v 0.01748280 0.01824999 0.01198767
v 0.01783834 0.01809592 0.01152484
v 0.01774977 0.01809592 0.01147841
v 0.01803377 0.01767500 0.01115203
v 0.01794520 0.01767500 0.01110560
v 0.01810531 0.01710000 0.01101557
v 0.01801674 0.01710000 0.01096914
v 0.01803377 0.01652499 0.01115203
v 0.01794520 0.01652499 0.01110560
v 0.01783834 0.01610406 0.01152484
v 0.01774977 0.01610406 0.01147841
v 0.01757137 0.01594999 0.01203410
v 0.01748280 0.01594999 0.01198767
v 0.01730439 0.01610406 0.01254337
v 0.01721583 0.01610406 0.01249694
v 0.01710896 0.01652499 0.01291618
v 0.01702039 0.01652499 0.01286975
v 0.01955646 0.01454999 0.00871973
v 0.02060781 0.01454999 0.00911109
v 0.01988824 0.01454999 0.00897355
v 0.02054210 0.01454999 0.00923643
v 0.02030914 0.01454999 0.00968082
v 0.02024343 0.01454999 0.00980616
v 0.01972098 0.01454999 0.00929260
v 0.01932350 0.01454999 0.00916412
v 0.01972695 0.01454999 0.00928120
v 0.01938323 0.01454999 0.00905017
v 0.02016625 0.01454999 0.00932992
v 0.01949673 0.01454999 0.00883367
v 0.01988226 0.01454999 0.00898494
v 0.02017223 0.01454999 0.00931853
v 0.02045847 0.01454999 0.00939595
v 0.02039277 0.01454999 0.00952130
v 0.01854645 0.01949999 0.01120315
v 0.01869831 0.01949999 0.01119732
v 0.01854645 0.01965000 0.01120315
v 0.01869831 0.01965000 0.01119732
v 0.01989720 0.01965000 0.00790794
v 0.02009312 0.01965000 0.00753421
v 0.01989720 0.01949999 0.00790794
v 0.02009312 0.01949999 0.00753421
v 0.01984069 0.01965000 0.00801575
v 0.02081891 0.01965000 0.00852856
v 0.01984069 0.01949999 0.00801575
v 0.02081891 0.01949999 0.00852856
v 0.01945130 0.01949999 0.01035092
v 0.01960180 0.01949999 0.01040227
v 0.01945130 0.01965000 0.01035092
v 0.01960180 0.01965000 0.01040227
v 0.01785769 0.01949999 0.01179844
v 0.01783119 0.01949999 0.01186481
v 0.01785769 0.01965000 0.01179844
v 0.01783119 0.01965000 0.01186481
v 0.02647376 0.01764999 0.00741433
v 0.02647376 0.01629999 0.00741433
v 0.02642269 0.01764999 0.00764160
v 0.02642269 0.01629999 0.00764160
v 0.02626482 0.01764999 0.00781289
v 0.02626482 0.01629999 0.00781289
v 0.02604247 0.01764999 0.00788229
v 0.02604247 0.01629999 0.00788229
v 0.02581520 0.01764999 0.00783122
v 0.02581520 0.01629999 0.00783122
v 0.02564391 0.01764999 0.00767336
v 0.02564391 0.01629999 0.00767336
v 0.02557451 0.01764999 0.00745100
v 0.02557451 0.01629999 0.00745100
v 0.02562558 0.01764999 0.00722373
v 0.02562558 0.01629999 0.00722373
v 0.02578344 0.01764999 0.00705245
v 0.02578344 0.01629999 0.00705245
v 0.02600580 0.01764999 0.00698304
v 0.02600580 0.01629999 0.00698304
v 0.02623307 0.01764999 0.00703411
v 0.02623307 0.01629999 0.00703411
v 0.02640435 0.01764999 0.00719197
v 0.02640435 0.01629999 0.00719197
v 0.02009312 0.01965000 0.00753421
v 0.01989720 0.01965000 0.00790794
v 0.02107135 0.01965000 0.00804703
v 0.02087543 0.01965000 0.00842076
v 0.02013710 0.01710000 0.00886283
v 0.02006746 0.01710000 0.00899568
v 0.02019930 0.01660000 0.00874417
v 0.02013899 0.01652499 0.00885922
v 0.02036925 0.01623397 0.00841999
v 0.02033443 0.01610406 0.00848641
v 0.02060140 0.01610000 0.00797715
v 0.02060140 0.01594999 0.00797715
v 0.02083355 0.01623397 0.00753431
v 0.02086837 0.01610406 0.00746788
v 0.02100349 0.01660000 0.00721013
v 0.02106381 0.01652499 0.00709507
v 0.02106570 0.01710000 0.00709147
v 0.02113534 0.01710000 0.00695862
v 0.02100349 0.01759999 0.00721013
v 0.02106381 0.01767500 0.00709507
v 0.02083355 0.01796602 0.00753431
v 0.02086837 0.01809592 0.00746788
v 0.02060140 0.01809999 0.00797715
v 0.02060140 0.01824999 0.00797715
v 0.02036925 0.01796602 0.00841999
v 0.02033443 0.01809592 0.00848641
v 0.02019930 0.01759999 0.00874417
v 0.02013899 0.01767500 0.00885922
v 0.02847009 0.01459999 0.00933590
v 0.02665445 0.01459999 0.00838409
v 0.02665445 0.01814999 0.00838409
v 0.02488309 0.01814999 0.00745549
v 0.02138466 0.01445000 0.00562151
v 0.02049898 0.01445000 0.00515722
v 0.02138466 0.01459999 0.00562151
v 0.02488309 0.01459999 0.00745549
v 0.02094357 0.01459999 0.00646291
v 0.02094357 0.01469999 0.00646291
v 0.02665445 0.01445000 0.00838409
v 0.02665445 0.01459999 0.00838409
v 0.02665445 0.01814999 0.00838409
v 0.01879161 0.01949999 0.01487549
v 0.01879161 0.01950622 0.01487549
v 0.01841598 0.01509999 0.01343825
v 0.02448288 0.01509999 0.01661869
v 0.02192211 0.01509999 0.00675007
v 0.02798901 0.01509999 0.00993051
v 0.02176351 0.01469999 0.00802182
v 0.02176351 0.01454999 0.00802182
v 0.02202921 0.01469999 0.00816111
v 0.02202921 0.01454999 0.00816111
v 0.01816089 0.01469999 0.01291975
v 0.01816089 0.01454999 0.01291975
v 0.01860074 0.01469999 0.01293971
v 0.01860074 0.01454999 0.01293971
v 0.01937314 0.01469999 0.01002540
v 0.01937314 0.01454999 0.01002540
v 0.01899142 0.01469999 0.00982529
v 0.01899142 0.01454999 0.00982529
v 0.01949673 0.01469999 0.00883367
v 0.01949673 0.01454999 0.00883367
v 0.02017223 0.01469999 0.00931853
v 0.02017223 0.01454999 0.00931853
v 0.02081846 0.01469999 0.00803037
v 0.02081846 0.01454999 0.00803037
v 0.02081249 0.01469999 0.00804177
v 0.02081249 0.01454999 0.00804177
v 0.01834795 0.01965000 0.01381211
v 0.01840843 0.01965000 0.01369675
v 0.01834795 0.01949999 0.01381211
v 0.01840843 0.01949999 0.01369675
v 0.02021038 0.01454999 0.00883011
v 0.02011922 0.01454999 0.00878232
v 0.02055086 0.01454999 0.00818061
v 0.02045970 0.01454999 0.00813283
v 0.01854645 0.01949999 0.01120315
v 0.01854645 0.01965000 0.01120315
v 0.01848769 0.01965000 0.01118592
v 0.01843563 0.01965000 0.01115566
v 0.01843539 0.01949999 0.01115549
v 0.01848769 0.01949999 0.01118592
v 0.02009312 0.01965000 0.00753421
v 0.02107135 0.01965000 0.00804703
v 0.02009312 0.01949999 0.00753421
v 0.02107135 0.01949999 0.00804703
v 0.02081891 0.01965000 0.00852856
v 0.02062195 0.01965000 0.00890428
v 0.02081891 0.01949999 0.00852856
v 0.02062195 0.01949999 0.00890428
v 0.01945130 0.01965000 0.01035092
v 0.01879648 0.01965000 0.01000765
v 0.01945130 0.01949999 0.01035092
v 0.01879648 0.01949999 0.01000765
v 0.01785769 0.01949999 0.01179844
v 0.01785769 0.01965000 0.01179844
v 0.01789133 0.01949999 0.01173428
v 0.01789133 0.01965000 0.01173428
v 0.02055243 0.01710000 0.00936282
v 0.02010959 0.01710000 0.00913068
v 0.02063019 0.01772500 0.00921450
v 0.02018735 0.01772500 0.00898235
v 0.02084262 0.01818252 0.00880928
v 0.02039978 0.01818252 0.00857713
v 0.02113281 0.01835000 0.00825573
v 0.02068997 0.01835000 0.00802358
v 0.02142299 0.01818252 0.00770218
v 0.02098015 0.01818252 0.00747003
v 0.02163542 0.01772500 0.00729695
v 0.02119258 0.01772500 0.00706480
v 0.02171318 0.01710000 0.00714863
v 0.02127034 0.01710000 0.00691648
v 0.02163542 0.01647499 0.00729695
v 0.02119258 0.01647499 0.00706480
v 0.02142299 0.01601747 0.00770218
v 0.02098015 0.01601747 0.00747003
v 0.02113281 0.01584999 0.00825573
v 0.02068997 0.01584999 0.00802358
v 0.02084262 0.01601747 0.00880928
v 0.02039978 0.01601747 0.00857713
v 0.02063019 0.01647499 0.00921450
v 0.02018735 0.01647499 0.00898235
v 0.02071210 0.01965000 0.00635347
v 0.02050030 0.01965000 0.00675749
v 0.02100643 0.01965000 0.00692760
v 0.02172254 0.01965000 0.00776589
v 0.02193763 0.01965000 0.00735559
v 0.02022465 0.01965000 0.00728331
v 0.02109076 0.01965000 0.00706651
v 0.02044955 0.01965000 0.00685430
v 0.02095677 0.01965000 0.00702233
v 0.02114022 0.01965000 0.00697216
v 0.02172058 0.01965000 0.00717301
v 0.01781561 0.01710000 0.01329122
v 0.01774596 0.01710000 0.01342407
v 0.01787781 0.01660000 0.01317256
v 0.01781750 0.01652499 0.01328762
v 0.01804776 0.01623397 0.01284838
v 0.01801294 0.01610406 0.01291481
v 0.01827991 0.01610000 0.01240554
v 0.01827991 0.01594999 0.01240554
v 0.01851206 0.01623397 0.01196270
v 0.01854688 0.01610406 0.01189628
v 0.01868200 0.01660000 0.01163852
v 0.01874232 0.01652499 0.01152347
v 0.01874421 0.01710000 0.01151986
v 0.01881385 0.01710000 0.01138701
v 0.01868200 0.01759999 0.01163852
v 0.01874232 0.01767500 0.01152347
v 0.01851206 0.01796602 0.01196270
v 0.01854688 0.01809592 0.01189628
v 0.01827991 0.01809999 0.01240554
v 0.01827991 0.01824999 0.01240554
v 0.01804776 0.01796602 0.01284838
v 0.01801294 0.01809592 0.01291481
v 0.01787781 0.01759999 0.01317256
v 0.01781750 0.01767500 0.01328762
v 0.02488309 0.01459999 0.00745549
v 0.02488309 0.01445000 0.00745549
v 0.02483202 0.01445000 0.00768276
v 0.02483202 0.01459999 0.00768276
v 0.02490143 0.01445000 0.00790512
v 0.02490143 0.01459999 0.00790512
v 0.02507271 0.01445000 0.00806298
v 0.02507271 0.01459999 0.00806298
v 0.02069105 0.01459999 0.00640616
v 0.02069105 0.01469999 0.00640616
v 0.02044399 0.01459999 0.00648328
v 0.02044399 0.01469999 0.00648328
v 0.02026859 0.01459999 0.00667360
v 0.02026859 0.01469999 0.00667360
v 0.02646697 0.01814999 0.00766482
v 0.02629157 0.01814999 0.00785513
v 0.02665445 0.01814999 0.00838409
v 0.02652372 0.01814999 0.00741229
v 0.02560167 0.01814999 0.00770010
v 0.02488309 0.01814999 0.00745549
v 0.02579198 0.01814999 0.00787551
v 0.02604451 0.01814999 0.00793225
v 0.02592810 0.01814999 0.00612686
v 0.02600376 0.01814999 0.00693308
v 0.02611524 0.01814999 0.00618199
v 0.02625628 0.01814999 0.00698983
v 0.02700092 0.01814999 0.00664629
v 0.02644660 0.01814999 0.00716523
v 0.02715271 0.01814999 0.00676883
v 0.02721161 0.01814999 0.00732127
v 0.02726674 0.01814999 0.00713414
v 0.02724606 0.01814999 0.00694014
v 0.02552455 0.01814999 0.00745304
v 0.02558129 0.01814999 0.00720052
v 0.02544025 0.01814999 0.00639268
v 0.02575670 0.01814999 0.00701020
v 0.02556280 0.01814999 0.00624088
v 0.02573411 0.01814999 0.00614754
v 0.01941122 0.01959999 0.01474868
v 0.01929120 0.01958740 0.01485512
v 0.01929120 0.01949999 0.01485512
v 0.01904414 0.01949999 0.01493224
v 0.01904414 0.01953611 0.01493224
v 0.01902035 0.01953149 0.01493264
v 0.02206140 0.01539999 0.00648437
v 0.02812830 0.01539999 0.00966481
v 0.01897772 0.01469999 0.01333589
v 0.01897772 0.01454999 0.01333589
v 0.01842056 0.01469999 0.01439871
v 0.01842056 0.01454999 0.01439871
v 0.01788932 0.01469999 0.01192761
v 0.01788932 0.01454999 0.01192761
v 0.01875532 0.01469999 0.01238159
v 0.01875532 0.01454999 0.01238159
v 0.01945976 0.01469999 0.00986018
v 0.01945976 0.01454999 0.00986018
v 0.01937314 0.01469999 0.01002540
v 0.01937314 0.01454999 0.01002540
v 0.01955646 0.01469999 0.00871973
v 0.01955646 0.01454999 0.00871973
v 0.01949673 0.01469999 0.00883367
v 0.01949673 0.01454999 0.00883367
v 0.02019506 0.01469999 0.00752926
v 0.02019506 0.01454999 0.00752926
v 0.02081846 0.01469999 0.00803037
v 0.02081846 0.01454999 0.00803037
v 0.01840843 0.01965000 0.01369675
v 0.01871473 0.01965000 0.01366750
v 0.01840843 0.01949999 0.01369675
v 0.01871473 0.01949999 0.01366750
v 0.02578344 0.01764999 0.00705245
v 0.02575670 0.01769999 0.00701020
v 0.02562558 0.01764999 0.00722373
v 0.02558129 0.01769999 0.00720052
v 0.02557451 0.01764999 0.00745100
v 0.02552455 0.01769999 0.00745304
v 0.02564391 0.01764999 0.00767336
v 0.02560167 0.01769999 0.00770010
v 0.02581520 0.01764999 0.00783122
v 0.02579198 0.01769999 0.00787551
v 0.02604247 0.01764999 0.00788229
v 0.02604451 0.01769999 0.00793225
v 0.02626482 0.01764999 0.00781289
v 0.02629157 0.01769999 0.00785513
v 0.02642269 0.01764999 0.00764160
v 0.02646697 0.01769999 0.00766482
v 0.02647376 0.01764999 0.00741433
v 0.02652372 0.01769999 0.00741229
v 0.02640435 0.01764999 0.00719197
v 0.02644660 0.01769999 0.00716523
v 0.02623307 0.01764999 0.00703411
v 0.02625628 0.01769999 0.00698983
v 0.02600580 0.01764999 0.00698304
v 0.02600376 0.01769999 0.00693308
v 0.02032051 0.01454999 0.00728997
v 0.02038024 0.01454999 0.00717602
v 0.02101558 0.01454999 0.00765435
v 0.02135449 0.01454999 0.00768675
v 0.02100961 0.01454999 0.00766574
v 0.02126190 0.01454999 0.00786337
v 0.02055239 0.01454999 0.00765121
v 0.02005768 0.01454999 0.00779134
v 0.02011741 0.01454999 0.00767739
v 0.02103192 0.01454999 0.00830206
v 0.02081249 0.01454999 0.00804177
v 0.02112451 0.01454999 0.00812545
v 0.02081846 0.01454999 0.00803037
v 0.02054642 0.01454999 0.00766260
v 0.02019506 0.01454999 0.00752926
v 0.02024285 0.01454999 0.00743810
v 0.01843539 0.01949999 0.01115549
v 0.01843563 0.01965000 0.01115566
v 0.01838296 0.01949999 0.01110486
v 0.01838296 0.01965000 0.01110486
v 0.01834763 0.01949999 0.01104076
v 0.01834763 0.01965000 0.01104077
v 0.02107135 0.01965000 0.00804703
v 0.02087543 0.01965000 0.00842076
v 0.02107135 0.01949999 0.00804703
v 0.02087543 0.01949999 0.00842076
v 0.02062195 0.01965000 0.00890428
v 0.01964373 0.01965000 0.00839147
v 0.02062195 0.01949999 0.00890428
v 0.01964373 0.01949999 0.00839147
v 0.01879648 0.01965000 0.01000765
v 0.01898873 0.01965000 0.00964091
v 0.01879648 0.01949999 0.01000765
v 0.01898873 0.01949999 0.00964091
v 0.01791319 0.01965000 0.01178185
v 0.01791319 0.01949999 0.01178185
v 0.01789887 0.01965000 0.01175962
v 0.01789887 0.01949999 0.01175962
v 0.01789133 0.01965000 0.01173428
v 0.01789133 0.01949999 0.01173428
v 0.01823094 0.01710000 0.01379122
v 0.01778810 0.01710000 0.01355907
v 0.01830870 0.01772500 0.01364290
v 0.01786586 0.01772500 0.01341075
v 0.01852113 0.01818252 0.01323767
v 0.01807829 0.01818252 0.01300552
v 0.01881131 0.01835000 0.01268412
v 0.01836848 0.01835000 0.01245197
v 0.01910150 0.01818252 0.01213057
v 0.01865866 0.01818252 0.01189842
v 0.01931393 0.01772500 0.01172535
v 0.01887109 0.01772500 0.01149320
v 0.01939169 0.01710000 0.01157702
v 0.01894885 0.01710000 0.01134487
v 0.01931393 0.01647499 0.01172535
v 0.01887109 0.01647499 0.01149320
v 0.01910150 0.01601747 0.01213057
v 0.01865866 0.01601747 0.01189842
v 0.01881131 0.01584999 0.01268412
v 0.01836848 0.01584999 0.01245197
v 0.01852113 0.01601747 0.01323767
v 0.01807829 0.01601747 0.01300552
v 0.01830870 0.01647499 0.01364290
v 0.01786586 0.01647499 0.01341075
v 0.01984069 0.01965000 0.00801575
v 0.01964373 0.01965000 0.00839147
v 0.02081891 0.01965000 0.00852856
v 0.02062195 0.01965000 0.00890428
v 0.02015602 0.01710000 0.00904211
v 0.02006746 0.01710000 0.00899568
v 0.02022756 0.01767500 0.00890565
v 0.02013899 0.01767500 0.00885922
v 0.02042299 0.01809592 0.00853284
v 0.02033443 0.01809592 0.00848641
v 0.02068997 0.01824999 0.00802358
v 0.02060140 0.01824999 0.00797715
v 0.02095694 0.01809592 0.00751431
v 0.02086837 0.01809592 0.00746788
v 0.02115237 0.01767500 0.00714150
v 0.02106381 0.01767500 0.00709507
v 0.02122391 0.01710000 0.00700505
v 0.02113534 0.01710000 0.00695862
v 0.02115237 0.01652499 0.00714150
v 0.02106381 0.01652499 0.00709507
v 0.02095694 0.01610406 0.00751431
v 0.02086837 0.01610406 0.00746788
v 0.02068997 0.01594999 0.00802358
v 0.02060140 0.01594999 0.00797715
v 0.02042299 0.01610406 0.00853284
v 0.02033443 0.01610406 0.00848641
v 0.02022756 0.01652499 0.00890565
v 0.02013899 0.01652499 0.00885922
v 0.02604696 0.01445000 0.00857371
v 0.02604696 0.01459999 0.00857371
v 0.01701850 0.01459999 0.01287335
v 0.01701850 0.01469999 0.01287335
v 0.02488309 0.01814999 0.00745549
v 0.02107827 0.01445000 0.01848256
v 0.02107827 0.01814999 0.01848256
v 0.02132533 0.01445000 0.01840544
v 0.02132533 0.01814999 0.01840544
v 0.02192211 0.01909999 0.00675007
v 0.02798901 0.01909999 0.00993051
v 0.01841666 0.01909999 0.01343695
v 0.02448356 0.01909999 0.01661739
v 0.01924342 0.01454999 0.01347518
v 0.01897772 0.01454999 0.01333589
v 0.01924342 0.01469999 0.01347518
v 0.01897772 0.01469999 0.01333589
v 0.01795802 0.01469999 0.01179657
v 0.01795802 0.01454999 0.01179657
v 0.01788932 0.01469999 0.01192761
v 0.01788932 0.01454999 0.01192761
v 0.01991431 0.01469999 0.00971353
v 0.01991431 0.01454999 0.00971353
v 0.01980055 0.01454999 0.00967142
v 0.01980055 0.01469999 0.00967142
v 0.01965346 0.01454999 0.00968193
v 0.01965346 0.01469999 0.00968193
v 0.01952811 0.01454999 0.00975963
v 0.01952811 0.01469999 0.00975963
v 0.01945976 0.01454999 0.00986018
v 0.01945976 0.01469999 0.00986018
v 0.02060781 0.01469999 0.00911109
v 0.02060781 0.01454999 0.00911109
v 0.01955646 0.01469999 0.00871973
v 0.01955646 0.01454999 0.00871973
v 0.02024285 0.01469999 0.00743810
v 0.02024285 0.01454999 0.00743810
v 0.02019506 0.01469999 0.00752926
v 0.02019506 0.01454999 0.00752926
v 0.01880368 0.01965000 0.01364069
v 0.01880368 0.01949999 0.01364069
v 0.02604043 0.01629999 0.00783234
v 0.02604247 0.01629999 0.00788229
v 0.02623808 0.01629999 0.00777064
v 0.02626482 0.01629999 0.00781289
v 0.02637840 0.01629999 0.00761839
v 0.02642269 0.01629999 0.00764160
v 0.02642380 0.01629999 0.00741637
v 0.02647376 0.01629999 0.00741433
v 0.02636211 0.01629999 0.00721872
v 0.02640435 0.01629999 0.00719197
v 0.02620985 0.01629999 0.00707840
v 0.02623307 0.01629999 0.00703411
v 0.02600783 0.01629999 0.00703300
v 0.02600580 0.01629999 0.00698304
v 0.02581018 0.01629999 0.00709469
v 0.02578344 0.01629999 0.00705245
v 0.02566986 0.01629999 0.00724695
v 0.02562558 0.01629999 0.00722373
v 0.02562447 0.01629999 0.00744897
v 0.02557451 0.01629999 0.00745100
v 0.02568616 0.01629999 0.00764662
v 0.02564391 0.01629999 0.00767336
v 0.02583841 0.01629999 0.00778694
v 0.02581520 0.01629999 0.00783122
v 0.02136648 0.01764999 0.01715680
v 0.02136648 0.01629999 0.01715680
v 0.02131541 0.01764999 0.01738407
v 0.02131541 0.01629999 0.01738407
v 0.02115754 0.01764999 0.01755535
v 0.02115754 0.01629999 0.01755535
v 0.02093519 0.01764999 0.01762476
v 0.02093519 0.01629999 0.01762476
v 0.02070792 0.01764999 0.01757369
v 0.02070792 0.01629999 0.01757369
v 0.02053663 0.01764999 0.01741583
v 0.02053663 0.01629999 0.01741583
v 0.02046723 0.01764999 0.01719347
v 0.02046723 0.01629999 0.01719347
v 0.02051830 0.01764999 0.01696620
v 0.02051830 0.01629999 0.01696620
v 0.02067616 0.01764999 0.01679492
v 0.02067616 0.01629999 0.01679492
v 0.02089852 0.01764999 0.01672551
v 0.02089852 0.01629999 0.01672551
v 0.02112579 0.01764999 0.01677658
v 0.02112579 0.01629999 0.01677658
v 0.02129707 0.01764999 0.01693444
v 0.02129707 0.01629999 0.01693444
v 0.01835750 0.01965000 0.01086085
v 0.01835750 0.01949999 0.01086085
v 0.01833813 0.01949999 0.01095002
v 0.01833813 0.01965000 0.01095002
v 0.01834763 0.01949999 0.01104076
v 0.01834763 0.01965000 0.01104077
v 0.02087543 0.01965000 0.00842076
v 0.01989720 0.01965000 0.00790794
v 0.02087543 0.01949999 0.00842076
v 0.01989720 0.01949999 0.00790794
v 0.01959840 0.01965000 0.00981103
v 0.01905020 0.01965000 0.00952365
v 0.01959840 0.01949999 0.00981103
v 0.01905020 0.01949999 0.00952365
v 0.01898873 0.01965000 0.00964091
v 0.01968754 0.01965000 0.01000725
v 0.01898873 0.01949999 0.00964091
v 0.01968754 0.01949999 0.01000725
v 0.01799745 0.01965000 0.01179669
v 0.01799744 0.01949999 0.01179669
v 0.01795396 0.01965000 0.01179854
v 0.01795396 0.01949999 0.01179854
v 0.01791319 0.01965000 0.01178185
v 0.01791319 0.01949999 0.01178185
v 0.01788272 0.01794852 0.01445548
v 0.02394962 0.01794852 0.01763592
v 0.01788272 0.01624852 0.01445548
v 0.02394962 0.01624852 0.01763592
v 0.01905020 0.01965000 0.00952365
v 0.01959840 0.01965000 0.00981103
v 0.01908920 0.01965000 0.00944925
v 0.01963740 0.01965000 0.00973663
v 0.01920211 0.01965000 0.00930487
v 0.01969191 0.01965000 0.00956164
v 0.01946397 0.01965000 0.00924860
v 0.01932273 0.01965000 0.00924146
v 0.01958923 0.01965000 0.00931427
v 0.01967546 0.01965000 0.00942637
v 0.01783453 0.01710000 0.01347050
v 0.01774596 0.01710000 0.01342407
v 0.01790607 0.01767500 0.01333405
v 0.01781750 0.01767500 0.01328762
v 0.01810150 0.01809592 0.01296124
v 0.01801294 0.01809592 0.01291481
v 0.01836848 0.01824999 0.01245197
v 0.01827991 0.01824999 0.01240554
v 0.01863545 0.01809592 0.01194271
v 0.01854688 0.01809592 0.01189628
v 0.01883088 0.01767500 0.01156990
v 0.01874232 0.01767500 0.01152347
v 0.01890242 0.01710000 0.01143344
v 0.01881385 0.01710000 0.01138701
v 0.01883088 0.01652499 0.01156990
v 0.01874232 0.01652499 0.01152347
v 0.01863545 0.01610406 0.01194271
v 0.01854688 0.01610406 0.01189628
v 0.01836848 0.01594999 0.01245197
v 0.01827991 0.01594999 0.01240554
v 0.01810150 0.01610406 0.01296124
v 0.01801294 0.01610406 0.01291481
v 0.01790607 0.01652499 0.01333405
v 0.01781750 0.01652499 0.01328762
v 0.02627423 0.01445000 0.00862478
v 0.02627423 0.01459999 0.00862478
v 0.02649658 0.01445000 0.00855537
v 0.02649658 0.01459999 0.00855537
v 0.01696337 0.01459999 0.01306049
v 0.01696337 0.01469999 0.01306049
v 0.01698405 0.01459999 0.01325448
v 0.01698405 0.01469999 0.01325448
v 0.01707739 0.01459999 0.01342579
v 0.01707739 0.01469999 0.01342579
v 0.01722919 0.01459999 0.01354834
v 0.01722919 0.01469999 0.01354834
v 0.02581018 0.01445000 0.00709469
v 0.02566986 0.01445000 0.00724695
v 0.02488309 0.01445000 0.00745549
v 0.02562447 0.01445000 0.00744897
v 0.02665445 0.01445000 0.00838409
v 0.02637840 0.01445000 0.00761839
v 0.02721161 0.01445000 0.00732127
v 0.02642380 0.01445000 0.00741637
v 0.02726674 0.01445000 0.00713414
v 0.02636211 0.01445000 0.00721872
v 0.02724606 0.01445000 0.00694014
v 0.02715271 0.01445000 0.00676883
v 0.02483202 0.01445000 0.00768276
v 0.02490143 0.01445000 0.00790512
v 0.02507271 0.01445000 0.00806298
v 0.02568616 0.01445000 0.00764662
v 0.02604696 0.01445000 0.00857371
v 0.02583841 0.01445000 0.00778694
v 0.02604043 0.01445000 0.00783234
v 0.02600783 0.01445000 0.00703300
v 0.02592810 0.01445000 0.00612686
v 0.02620985 0.01445000 0.00707840
v 0.02611524 0.01445000 0.00618199
v 0.02700092 0.01445000 0.00664629
v 0.02627423 0.01445000 0.00862478
v 0.02649658 0.01445000 0.00855537
v 0.02623808 0.01445000 0.00777064
v 0.02544025 0.01445000 0.00639268
v 0.02556280 0.01445000 0.00624088
v 0.02573411 0.01445000 0.00614754
v 0.02041727 0.01769999 0.01719551
v 0.02041727 0.01814999 0.01719551
v 0.02049439 0.01769999 0.01744257
v 0.02049439 0.01814999 0.01744257
v 0.02068470 0.01769999 0.01761798
v 0.02068470 0.01814999 0.01761798
v 0.02093723 0.01769999 0.01767472
v 0.02093723 0.01814999 0.01767472
v 0.02118429 0.01769999 0.01759760
v 0.02118429 0.01814999 0.01759760
v 0.02135969 0.01769999 0.01740728
v 0.02135969 0.01814999 0.01740728
v 0.02141644 0.01769999 0.01715476
v 0.02141644 0.01814999 0.01715476
v 0.02133932 0.01769999 0.01690770
v 0.02133932 0.01814999 0.01690770
v 0.02114900 0.01769999 0.01673230
v 0.02114900 0.01814999 0.01673230
v 0.02089648 0.01769999 0.01667555
v 0.02089648 0.01814999 0.01667555
v 0.02064942 0.01769999 0.01675267
v 0.02064942 0.01814999 0.01675267
v 0.02047401 0.01769999 0.01694299
v 0.02047401 0.01814999 0.01694299
v 0.01927509 0.01469999 0.01033227
v 0.01927509 0.01454999 0.01033227
v 0.01897360 0.01454999 0.01024250
v 0.01897360 0.01469999 0.01024250
v 0.01890317 0.01454999 0.01024392
v 0.01890317 0.01469999 0.01024392
v 0.01877469 0.01454999 0.01028940
v 0.01877469 0.01469999 0.01028940
v 0.01868864 0.01454999 0.01037441
v 0.01868864 0.01469999 0.01037441
v 0.01865328 0.01454999 0.01047313
v 0.01865328 0.01469999 0.01047313
v 0.01865960 0.01454999 0.01060849
v 0.01865960 0.01469999 0.01060849
v 0.01874164 0.01454999 0.01075937
v 0.01874164 0.01469999 0.01075937
v 0.01907838 0.01454999 0.01099665
v 0.01907838 0.01469999 0.01099665
v 0.01868627 0.01454999 0.01453800
v 0.01924342 0.01454999 0.01347518
v 0.01868627 0.01469999 0.01453800
v 0.01924342 0.01469999 0.01347518
v 0.01882401 0.01469999 0.01225055
v 0.01882401 0.01454999 0.01225055
v 0.01795802 0.01469999 0.01179657
v 0.01795802 0.01454999 0.01179657
v 0.02005228 0.01469999 0.01017079
v 0.02005228 0.01454999 0.01017079
v 0.02009607 0.01454999 0.01005735
v 0.02009607 0.01469999 0.01005735
v 0.02008865 0.01454999 0.00991005
v 0.02008865 0.01469999 0.00991005
v 0.02001359 0.01454999 0.00978309
v 0.02001359 0.01469999 0.00978309
v 0.01991431 0.01454999 0.00971353
v 0.01991431 0.01469999 0.00971353
v 0.02054210 0.01469999 0.00923643
v 0.02054210 0.01454999 0.00923643
v 0.02060781 0.01469999 0.00911109
v 0.02060781 0.01454999 0.00911109
v 0.02100961 0.01469999 0.00766574
v 0.02100961 0.01454999 0.00766574
v 0.02024285 0.01469999 0.00743810
v 0.02024285 0.01454999 0.00743810
v 0.01885776 0.01965000 0.01359001
v 0.01885776 0.01949999 0.01359001
v 0.01883432 0.01965000 0.01361920
v 0.01883432 0.01949999 0.01361920
v 0.01880368 0.01965000 0.01364069
v 0.01880368 0.01949999 0.01364069
v 0.01931393 0.01647499 0.01172535
v 0.01910150 0.01601747 0.01213057
v 0.02192211 0.01509999 0.00675007
v 0.01841666 0.01909999 0.01343695
v 0.01788272 0.01794852 0.01445548
v 0.01830870 0.01772500 0.01364290
v 0.01910150 0.01818252 0.01213057
v 0.02192211 0.01909999 0.00675007
v 0.01881131 0.01835000 0.01268412
v 0.01852113 0.01818252 0.01323767
v 0.01841598 0.01509999 0.01343825
v 0.02142299 0.01601747 0.00770218
v 0.02163542 0.01647499 0.00729695
v 0.02197542 0.01512283 0.00664839
v 0.02202060 0.01518786 0.00656219
v 0.01881131 0.01584999 0.01268412
v 0.01852113 0.01601747 0.01323767
v 0.01788272 0.01624852 0.01445548
v 0.01830870 0.01647499 0.01364290
v 0.01823094 0.01710000 0.01379122
v 0.02113281 0.01835000 0.00825573
v 0.02142299 0.01818252 0.00770218
v 0.02197542 0.01907716 0.00664839
v 0.02163542 0.01772500 0.00729695
v 0.02202060 0.01901213 0.00656219
v 0.02205080 0.01891480 0.00650459
v 0.02206140 0.01880000 0.00648437
v 0.02171318 0.01710000 0.00714863
v 0.02206140 0.01539999 0.00648437
v 0.02205080 0.01528519 0.00650459
v 0.02113281 0.01584999 0.00825573
v 0.02084262 0.01601747 0.00880928
v 0.01939169 0.01710000 0.01157702
v 0.02063019 0.01647499 0.00921450
v 0.02055243 0.01710000 0.00936282
v 0.01931393 0.01772500 0.01172535
v 0.02063019 0.01772500 0.00921450
v 0.02084262 0.01818252 0.00880928
v 0.01954843 0.01949999 0.01365163
v 0.01946911 0.01965000 0.01400462
v 0.01946911 0.01949999 0.01400462
v 0.01922392 0.01965000 0.01427065
v 0.01922392 0.01949999 0.01427065
v 0.01887856 0.01965000 0.01437845
v 0.01887856 0.01949999 0.01437845
v 0.01852558 0.01965000 0.01429913
v 0.01852558 0.01949999 0.01429913
v 0.01825954 0.01965000 0.01405394
v 0.01825954 0.01949999 0.01405394
v 0.01815174 0.01965000 0.01370858
v 0.01815174 0.01949999 0.01370858
v 0.01823106 0.01965000 0.01335560
v 0.01823106 0.01949999 0.01335560
v 0.01847625 0.01965000 0.01308956
v 0.01847625 0.01949999 0.01308956
v 0.01882161 0.01965000 0.01298176
v 0.01882161 0.01949999 0.01298176
v 0.01917460 0.01965000 0.01306108
v 0.01917460 0.01949999 0.01306108
v 0.01944063 0.01965000 0.01330627
v 0.01944063 0.01949999 0.01330627
v 0.01954843 0.01965000 0.01365163
v 0.01838400 0.01949999 0.01079448
v 0.01835750 0.01949999 0.01086085
v 0.01838400 0.01965000 0.01079448
v 0.01835750 0.01965000 0.01086085
v 0.02022465 0.01949999 0.00728331
v 0.02172254 0.01949999 0.00776589
v 0.02022465 0.01965000 0.00728331
v 0.02172254 0.01965000 0.00776589
v 0.01905020 0.01965000 0.00952365
v 0.01908920 0.01965000 0.00944925
v 0.01905020 0.01949999 0.00952365
v 0.01908920 0.01949999 0.00944925
v 0.01977509 0.01965000 0.01004396
v 0.01977509 0.01949999 0.01004396
v 0.01968754 0.01965000 0.01000725
v 0.01968754 0.01949999 0.01000725
v 0.01799744 0.01949999 0.01179669
v 0.01799745 0.01965000 0.01179669
v 0.01866351 0.01949999 0.01162173
v 0.01866351 0.01965000 0.01162173
v 0.01896040 0.01454999 0.01036915
v 0.01918474 0.01454999 0.01042920
v 0.01918445 0.01469999 0.01042907
v 0.01896040 0.01469999 0.01036915
v 0.01886249 0.01469999 0.01038693
v 0.01886249 0.01454999 0.01038693
v 0.01879849 0.01469999 0.01043752
v 0.01879849 0.01454999 0.01043752
v 0.01877577 0.01469999 0.01049363
v 0.01877577 0.01454999 0.01049363
v 0.01878439 0.01469999 0.01057890
v 0.01878439 0.01454999 0.01057890
v 0.01886512 0.01469999 0.01070280
v 0.01886512 0.01454999 0.01070280
v 0.01909995 0.01469999 0.01086252
v 0.01909995 0.01454999 0.01086252
v 0.01917565 0.01469999 0.01089507
v 0.01917528 0.01454999 0.01089493
v 0.01992781 0.01965000 0.01026278
v 0.01996874 0.01965000 0.01019357
v 0.01990265 0.01965000 0.01007045
v 0.02000577 0.01965000 0.01009996
v 0.02002751 0.01965000 0.01003323
v 0.01987628 0.01965000 0.01032671
v 0.01977509 0.01965000 0.01004396
v 0.01974913 0.01965000 0.01040115
v 0.01898873 0.01965000 0.00964091
v 0.01879648 0.01965000 0.01000765
v 0.01968754 0.01965000 0.01000725
v 0.01945130 0.01965000 0.01035092
v 0.01960180 0.01965000 0.01040227
v 0.01936126 0.01949999 0.01356426
v 0.01940395 0.01949999 0.01365752
v 0.01931845 0.01949999 0.01338362
v 0.01835914 0.01949999 0.01342274
v 0.01862098 0.01949999 0.01329129
v 0.01855360 0.01949999 0.01321174
v 0.01866832 0.01949999 0.01320099
v 0.01882750 0.01949999 0.01312625
v 0.01834795 0.01949999 0.01381211
v 0.01840843 0.01949999 0.01369675
v 0.01871473 0.01949999 0.01366750
v 0.01880368 0.01949999 0.01364069
v 0.01910746 0.01949999 0.01318916
v 0.01914658 0.01949999 0.01414847
v 0.01934104 0.01949999 0.01393748
v 0.01915947 0.01949999 0.01394273
v 0.01892924 0.01949999 0.01345366
v 0.01885776 0.01949999 0.01359001
v 0.01883432 0.01949999 0.01361920
v 0.01918827 0.01949999 0.01389425
v 0.01909970 0.01949999 0.01400822
v 0.01901843 0.01949999 0.01404365
v 0.01887267 0.01949999 0.01423397
v 0.01891530 0.01949999 0.01403460
v 0.01859272 0.01949999 0.01417106
v 0.01882847 0.01949999 0.01397824
v 0.01838172 0.01949999 0.01397660
v 0.01877819 0.01949999 0.01388774
v 0.01877502 0.01949999 0.01380586
v 0.01829623 0.01949999 0.01370269
v 0.01863392 0.01949999 0.01378588
v 0.01870831 0.01949999 0.01376733
v 0.01879441 0.01949999 0.01372625
v 0.02831490 0.01522779 0.00963194
v 0.02826960 0.01508180 0.00971834
v 0.02847009 0.01459999 0.00933590
v 0.02820182 0.01498425 0.00984764
v 0.02401283 0.01801060 0.01783842
v 0.02413149 0.01953149 0.01761205
v 0.02399593 0.01933639 0.01787065
v 0.02429141 0.01959999 0.01730701
v 0.02458754 0.01925000 0.01674211
v 0.02805222 0.01959999 0.01013301
v 0.02812187 0.01925000 0.01000016
v 0.02820940 0.01953390 0.00983318
v 0.02820182 0.01921574 0.00984764
v 0.02834630 0.01933938 0.00957203
v 0.02826960 0.01911819 0.00971834
v 0.02843790 0.01904636 0.00939730
v 0.02831490 0.01897220 0.00963194
v 0.02847009 0.01869999 0.00933590
v 0.02833080 0.01880000 0.00960160
v 0.02833080 0.01539999 0.00960160
v 0.02812187 0.01494999 0.01000016
v 0.02458688 0.01494999 0.01674337
v 0.02387354 0.01459999 0.01810412
v 0.02401283 0.01618639 0.01783842
v 0.02387354 0.01869999 0.01810412
v 0.02390535 0.01904441 0.01804344
v 0.02805222 0.01959999 0.01013301
v 0.02317204 0.01959999 0.00757468
v 0.02313456 0.01959999 0.00766794
v 0.01946660 0.01959999 0.01466480
v 0.01967425 0.01445000 0.01747367
v 0.01967425 0.01814999 0.01747367
v 0.01969493 0.01445000 0.01766766
v 0.01969493 0.01814999 0.01766766
v 0.01978827 0.01445000 0.01783897
v 0.01978827 0.01814999 0.01783897
v 0.01930975 0.01454999 0.01107565
v 0.01930975 0.01469999 0.01107565
v 0.01951518 0.01454999 0.01105969
v 0.01951518 0.01469999 0.01105969
v 0.01963625 0.01454999 0.01098290
v 0.01963625 0.01469999 0.01098290
v 0.01970496 0.01454999 0.01086397
v 0.01970496 0.01469999 0.01086397
v 0.01970916 0.01454999 0.01074772
v 0.01970916 0.01469999 0.01074772
v 0.01961643 0.01454999 0.01056429
v 0.01961643 0.01469999 0.01056429
v 0.01842056 0.01469999 0.01439871
v 0.01842056 0.01454999 0.01439871
v 0.01868627 0.01469999 0.01453800
v 0.01868627 0.01454999 0.01453800
v 0.01894348 0.01469999 0.01202266
v 0.01894348 0.01454999 0.01202266
v 0.01882401 0.01469999 0.01225055
v 0.01882401 0.01454999 0.01225055
v 0.01989697 0.01469999 0.01046706
v 0.01989697 0.01454999 0.01046706
v 0.02005228 0.01469999 0.01017079
v 0.02005228 0.01454999 0.01017079
v 0.01988824 0.01469999 0.00897355
v 0.01988824 0.01454999 0.00897355
v 0.02054210 0.01469999 0.00923643
v 0.02054210 0.01454999 0.00923643
v 0.02101558 0.01469999 0.00765435
v 0.02101558 0.01454999 0.00765435
v 0.02100961 0.01469999 0.00766574
v 0.02100961 0.01454999 0.00766574
v 0.01866832 0.01965000 0.01320099
v 0.01862098 0.01965000 0.01329129
v 0.01892924 0.01965000 0.01345366
v 0.01905543 0.01965000 0.01391970
v 0.01915947 0.01965000 0.01394273
v 0.01911172 0.01965000 0.01385649
v 0.01918827 0.01965000 0.01389425
v 0.01923835 0.01965000 0.01361493
v 0.01936126 0.01965000 0.01356426
v 0.01900877 0.01965000 0.01349458
v 0.01871473 0.01965000 0.01366750
v 0.01840843 0.01965000 0.01369675
v 0.01834795 0.01965000 0.01381211
v 0.01879441 0.01965000 0.01372625
v 0.01880368 0.01965000 0.01364069
v 0.01870831 0.01965000 0.01376733
v 0.01863392 0.01965000 0.01378588
v 0.01888214 0.01965000 0.01373614
v 0.01885776 0.01965000 0.01359001
v 0.01883432 0.01965000 0.01361920
v 0.01886418 0.01965000 0.01380014
v 0.01877502 0.01965000 0.01380586
v 0.01887092 0.01965000 0.01385524
v 0.01877819 0.01965000 0.01388774
v 0.01890073 0.01965000 0.01390206
v 0.01882847 0.01965000 0.01397824
v 0.01894780 0.01965000 0.01393148
v 0.01891530 0.01965000 0.01403460
v 0.01900295 0.01965000 0.01393777
v 0.01901843 0.01965000 0.01404365
v 0.01909970 0.01965000 0.01400822
v 0.02192211 0.01509999 0.00675007
v 0.02798901 0.01509999 0.00993051
v 0.02197542 0.01512283 0.00664839
v 0.02804232 0.01512283 0.00982883
v 0.02202060 0.01518786 0.00656219
v 0.02808751 0.01518786 0.00974263
v 0.02205080 0.01528519 0.00650459
v 0.02811770 0.01528519 0.00968504
v 0.02206140 0.01539999 0.00648437
v 0.01811969 0.01965000 0.01129867
v 0.01855067 0.01965000 0.01152460
v 0.01811969 0.01949999 0.01129867
v 0.01855067 0.01949999 0.01152460
v 0.01838400 0.01965000 0.01079448
v 0.01841763 0.01965000 0.01073032
v 0.01838400 0.01949999 0.01079448
v 0.01841763 0.01949999 0.01073032
v 0.02022465 0.01965000 0.00728331
v 0.02044955 0.01965000 0.00685430
v 0.02022465 0.01949999 0.00728331
v 0.02044955 0.01949999 0.00685430
v 0.01920211 0.01949999 0.00930487
v 0.01908920 0.01949999 0.00944925
v 0.01920211 0.01965000 0.00930487
v 0.01908920 0.01965000 0.00944925
v 0.02002751 0.01965000 0.01003323
v 0.02002751 0.01949999 0.01003323
v 0.01990265 0.01965000 0.01007045
v 0.01990265 0.01949999 0.01007045
v 0.01977509 0.01965000 0.01004396
v 0.01977509 0.01949999 0.01004396
v 0.01871844 0.01949999 0.01161637
v 0.01866351 0.01949999 0.01162173
v 0.01871844 0.01965000 0.01161637
v 0.01866351 0.01965000 0.01162173
v 0.01944066 0.01454999 0.01094489
v 0.01917528 0.01454999 0.01089493
v 0.01917565 0.01469999 0.01089507
v 0.01944066 0.01469999 0.01094489
v 0.01953587 0.01469999 0.01091019
v 0.01953587 0.01454999 0.01091019
v 0.01958007 0.01469999 0.01085713
v 0.01958007 0.01454999 0.01085713
v 0.01959399 0.01469999 0.01079410
v 0.01959399 0.01454999 0.01079410
v 0.01957706 0.01469999 0.01072775
v 0.01957706 0.01454999 0.01072775
v 0.01946902 0.01469999 0.01059682
v 0.01946902 0.01454999 0.01059682
v 0.01935427 0.01469999 0.01052082
v 0.01935427 0.01454999 0.01052082
v 0.01918445 0.01469999 0.01042907
v 0.01918474 0.01454999 0.01042920
v 0.01864599 0.01965000 0.01029470
v 0.01843570 0.01965000 0.01069585
v 0.01907698 0.01965000 0.01052064
v 0.01885776 0.01965000 0.01359001
v 0.01892924 0.01965000 0.01345366
v 0.01885776 0.01949999 0.01359001
v 0.01892924 0.01949999 0.01345366
v 0.02200489 0.01459999 0.01665511
v 0.02200489 0.01445000 0.01665511
v 0.02208890 0.01459999 0.01680929
v 0.02208890 0.01445000 0.01680929
v 0.02210751 0.01459999 0.01698389
v 0.02210751 0.01445000 0.01698389
v 0.02089403 0.01445000 0.01603409
v 0.02186827 0.01445000 0.01654482
v 0.02125483 0.01445000 0.01696119
v 0.02200489 0.01445000 0.01665511
v 0.02113080 0.01445000 0.01751311
v 0.02127113 0.01445000 0.01736085
v 0.02205789 0.01445000 0.01715231
v 0.02131652 0.01445000 0.01715884
v 0.02210751 0.01445000 0.01698389
v 0.02208890 0.01445000 0.01680929
v 0.02110257 0.01445000 0.01682086
v 0.02090055 0.01445000 0.01677547
v 0.02066676 0.01445000 0.01598302
v 0.02070290 0.01445000 0.01683716
v 0.01978827 0.01445000 0.01783897
v 0.01969493 0.01445000 0.01766766
v 0.02057888 0.01445000 0.01738908
v 0.01967425 0.01445000 0.01747367
v 0.02051719 0.01445000 0.01719143
v 0.01972938 0.01445000 0.01728653
v 0.02056258 0.01445000 0.01698942
v 0.02028654 0.01445000 0.01622371
v 0.02044440 0.01445000 0.01605243
v 0.02150074 0.01445000 0.01821513
v 0.02132533 0.01445000 0.01840544
v 0.02093315 0.01445000 0.01757480
v 0.02107827 0.01445000 0.01848256
v 0.02073113 0.01445000 0.01752941
v 0.02082575 0.01445000 0.01842582
v 0.01994007 0.01445000 0.01796152
v 0.02458754 0.01925000 0.01674211
v 0.02401283 0.01801060 0.01783842
v 0.02448356 0.01909999 0.01661739
v 0.02394962 0.01794852 0.01763592
v 0.02053290 0.01959999 0.00619117
v 0.02060007 0.01959535 0.00612325
v 0.02060007 0.01949999 0.00612325
v 0.02077138 0.01949999 0.00602990
v 0.02077138 0.01956354 0.00602990
v 0.02096537 0.01949999 0.00600922
v 0.02096537 0.01952401 0.00600922
v 0.02197244 0.01454999 0.00762326
v 0.02176351 0.01454999 0.00802182
v 0.02197244 0.01469999 0.00762326
v 0.02176351 0.01469999 0.00802182
v 0.01842751 0.01469999 0.01327015
v 0.01842751 0.01454999 0.01327015
v 0.01816089 0.01469999 0.01291975
v 0.01816089 0.01454999 0.01291975
v 0.01905173 0.01469999 0.01207941
v 0.01905173 0.01454999 0.01207941
v 0.01894348 0.01469999 0.01202266
v 0.01894348 0.01454999 0.01202266
v 0.01892272 0.01469999 0.00995633
v 0.01892272 0.01454999 0.00995633
v 0.01989697 0.01469999 0.01046706
v 0.01989697 0.01454999 0.01046706
v 0.01988226 0.01469999 0.00898494
v 0.01988226 0.01454999 0.00898494
v 0.01988824 0.01469999 0.00897355
v 0.01988824 0.01454999 0.00897355
v 0.02032051 0.01469999 0.00728997
v 0.02032051 0.01454999 0.00728997
v 0.02101558 0.01469999 0.00765435
v 0.02101558 0.01454999 0.00765435
v -0.00020317 0.05339999 -0.01099812
v 0.00510728 0.05339999 -0.00974247
v 0.00510728 0.05230000 -0.00974247
v 0.00929427 0.05339999 -0.00588359
v 0.00929427 0.05230000 -0.00588359
v 0.01099087 0.05339999 -0.00044820
v 0.01099087 0.05230000 -0.00044820
v 0.00974247 0.05339999 0.00510728
v 0.00974247 0.05230000 0.00510728
v 0.00588359 0.05339999 0.00929427
v 0.00588359 0.05230000 0.00929427
v 0.00044820 0.05339999 0.01099087
v 0.00044820 0.05230000 0.01099087
v -0.00510728 0.05339999 0.00974247
v -0.00510728 0.05230000 0.00974247
v -0.00929427 0.05339999 0.00588359
v -0.00929427 0.05230000 0.00588359
v -0.01099087 0.05339999 0.00044820
v -0.01099087 0.05230000 0.00044820
v -0.00974247 0.05339999 -0.00510728
v -0.00974247 0.05230000 -0.00510728
v -0.00588359 0.05339999 -0.00929427
v -0.00588359 0.05230000 -0.00929427
v -0.00044820 0.05339999 -0.01099087
v -0.00044820 0.05230000 -0.01099087
v 0.00510728 0.05339999 -0.00974247
v -0.00020317 0.05339999 -0.01099812
v -0.00044413 0.05349999 -0.01089095
v 0.00506085 0.05349999 -0.00965390
v 0.00920978 0.05349999 -0.00583010
v 0.00929427 0.05339999 -0.00588359
v 0.01089095 0.05349999 -0.00044413
v 0.01099087 0.05339999 -0.00044820
v 0.00965390 0.05349999 0.00506085
v 0.00974247 0.05339999 0.00510728
v 0.00583010 0.05349999 0.00920978
v 0.00588359 0.05339999 0.00929427
v 0.00044413 0.05349999 0.01089095
v 0.00044820 0.05339999 0.01099087
v -0.00506085 0.05349999 0.00965390
v -0.00510728 0.05339999 0.00974247
v -0.00920978 0.05349999 0.00583010
v -0.00929427 0.05339999 0.00588359
v -0.01089095 0.05349999 0.00044413
v -0.01099087 0.05339999 0.00044820
v -0.00965390 0.05349999 -0.00506085
v -0.00974247 0.05339999 -0.00510728
v -0.00583010 0.05349999 -0.00920978
v -0.00588359 0.05339999 -0.00929427
v -0.00044820 0.05339999 -0.01099087
v -0.00904079 0.05199999 0.00572312
v -0.01005471 0.05199999 0.00636497
v -0.00496799 0.05199999 0.00947676
v -0.00552515 0.05199999 0.01053958
v 0.00043598 0.05199999 0.01069111
v 0.00048487 0.05199999 0.01189012
v 0.00572312 0.05199999 0.00904079
v 0.00636497 0.05199999 0.01005471
v 0.00947676 0.05199999 0.00496799
v 0.01053958 0.05199999 0.00552515
v 0.01069111 0.05199999 -0.00043598
v 0.01189012 0.05199999 -0.00048487
v 0.00904079 0.05199999 -0.00572312
v 0.01005471 0.05199999 -0.00636497
v 0.00496799 0.05199999 -0.00947676
v 0.00552515 0.05199999 -0.01053958
v -0.00043598 0.05199999 -0.01069111
v -0.00048487 0.05199999 -0.01189012
v -0.00572312 0.05199999 -0.00904079
v -0.00636497 0.05199999 -0.01005471
v -0.00947676 0.05199999 -0.00496799
v -0.01053958 0.05199999 -0.00552515
v -0.01069111 0.05199999 0.00043598
v -0.01189012 0.05199999 0.00048487
v -0.01069111 0.05230000 0.00043598
v -0.00904079 0.05199999 0.00572312
v -0.00904079 0.05230000 0.00572312
v -0.00496799 0.05199999 0.00947676
v -0.00496799 0.05230000 0.00947676
v 0.00043598 0.05199999 0.01069111
v 0.00043598 0.05230000 0.01069111
v 0.00572312 0.05199999 0.00904079
v 0.00572312 0.05230000 0.00904079
v 0.00947676 0.05199999 0.00496799
v 0.00947676 0.05230000 0.00496799
v 0.01069111 0.05199999 -0.00043598
v 0.01069111 0.05230000 -0.00043598
v 0.00904079 0.05199999 -0.00572312
v 0.00904079 0.05230000 -0.00572312
v 0.00496799 0.05199999 -0.00947676
v 0.00496799 0.05230000 -0.00947676
v -0.00043598 0.05199999 -0.01069111
v -0.00043598 0.05230000 -0.01069111
v -0.00572312 0.05199999 -0.00904079
v -0.00572312 0.05230000 -0.00904079
v -0.00947676 0.05199999 -0.00496799
v -0.00947676 0.05230000 -0.00496799
v -0.01069111 0.05199999 0.00043598
v 0.00947676 0.05230000 0.00496799
v 0.00974247 0.05230000 0.00510728
v 0.00572312 0.05230000 0.00904079
v 0.00588359 0.05230000 0.00929427
v 0.00043598 0.05230000 0.01069111
v 0.00044820 0.05230000 0.01099087
v -0.00496799 0.05230000 0.00947676
v -0.00510728 0.05230000 0.00974247
v -0.00904079 0.05230000 0.00572312
v -0.00929427 0.05230000 0.00588359
v -0.01069111 0.05230000 0.00043598
v -0.01099087 0.05230000 0.00044820
v -0.00947676 0.05230000 -0.00496799
v -0.00974247 0.05230000 -0.00510728
v -0.00572312 0.05230000 -0.00904079
v -0.00588359 0.05230000 -0.00929427
v -0.00043598 0.05230000 -0.01069111
v -0.00044820 0.05230000 -0.01099087
v 0.00496799 0.05230000 -0.00947676
v 0.00510728 0.05230000 -0.00974247
v 0.00904079 0.05230000 -0.00572312
v 0.00929427 0.05230000 -0.00588359
v 0.01069111 0.05230000 -0.00043598
v 0.01099087 0.05230000 -0.00044820
v 0.00999170 0.01099999 -0.00040745
v 0.00885679 0.05050000 0.00464298
v 0.00885679 0.01099999 0.00464298
v 0.00534871 0.05050000 0.00844933
v 0.00534871 0.01099999 0.00844933
v 0.00040745 0.05050000 0.00999170
v 0.00040745 0.01099999 0.00999170
v -0.00464298 0.05050000 0.00885679
v -0.00464298 0.01099999 0.00885679
v -0.00844933 0.05050000 0.00534871
v -0.00844933 0.01099999 0.00534871
v -0.00999170 0.05050000 0.00040745
v -0.00999170 0.01099999 0.00040745
v -0.00885679 0.05050000 -0.00464298
v -0.00885679 0.01099999 -0.00464298
v -0.00534871 0.05050000 -0.00844933
v -0.00534871 0.01099999 -0.00844933
v -0.00040745 0.05050000 -0.00999170
v -0.00040745 0.01099999 -0.00999170
v 0.00464298 0.05050000 -0.00885679
v 0.00464298 0.01099999 -0.00885679
v 0.00844933 0.05050000 -0.00534871
v 0.00844933 0.01099999 -0.00534871
v 0.00999170 0.05050000 -0.00040745
v 0.00797111 0.01099999 0.00417868
v 0.00885679 0.01099999 0.00464298
v 0.00481384 0.01099999 0.00760440
v 0.00534871 0.01099999 0.00844933
v 0.00036671 0.01099999 0.00899253
v 0.00040745 0.01099999 0.00999170
v -0.00417868 0.01099999 0.00797111
v -0.00464298 0.01099999 0.00885679
v -0.00760440 0.01099999 0.00481384
v -0.00844933 0.01099999 0.00534871
v -0.00899253 0.01099999 0.00036671
v -0.00999170 0.01099999 0.00040745
v -0.00797111 0.01099999 -0.00417868
v -0.00885679 0.01099999 -0.00464298
v -0.00481384 0.01099999 -0.00760440
v -0.00534871 0.01099999 -0.00844933
v -0.00036671 0.01099999 -0.00899253
v -0.00040745 0.01099999 -0.00999170
v 0.00417868 0.01099999 -0.00797111
v 0.00464298 0.01099999 -0.00885679
v 0.00760440 0.01099999 -0.00481384
v 0.00844933 0.01099999 -0.00534871
v 0.00899253 0.01099999 -0.00036671
v 0.00999170 0.01099999 -0.00040745
v -0.00464298 0.05050000 0.00885679
v -0.00547872 0.05050000 0.01045101
v -0.00844933 0.05050000 0.00534871
v -0.00997022 0.05050000 0.00631148
v -0.00999170 0.05050000 0.00040745
v -0.01179020 0.05050000 0.00048080
v -0.00885679 0.05050000 -0.00464298
v -0.01045101 0.05050000 -0.00547872
v -0.00534871 0.05050000 -0.00844933
v -0.00631148 0.05050000 -0.00997022
v -0.00040745 0.05050000 -0.00999170
v -0.00048080 0.05050000 -0.01179020
v 0.00464298 0.05050000 -0.00885679
v 0.00547872 0.05050000 -0.01045101
v 0.00844933 0.05050000 -0.00534871
v 0.00997022 0.05050000 -0.00631148
v 0.00999170 0.05050000 -0.00040745
v 0.01179020 0.05050000 -0.00048080
v 0.00885679 0.05050000 0.00464298
v 0.01045101 0.05050000 0.00547872
v 0.00534871 0.05050000 0.00844933
v 0.00631148 0.05050000 0.00997022
v 0.00040745 0.05050000 0.00999170
v 0.00048080 0.05050000 0.01179020
v 0.00899253 0.05339999 -0.00036671
v 0.00899253 0.01099999 -0.00036671
v 0.00797111 0.05339999 0.00417868
v 0.00797111 0.01099999 0.00417868
v 0.00481384 0.05339999 0.00760440
v 0.00481384 0.01099999 0.00760440
v 0.00036671 0.05339999 0.00899253
v 0.00036671 0.01099999 0.00899253
v -0.00417868 0.05339999 0.00797111
v -0.00417868 0.01099999 0.00797111
v -0.00760440 0.05339999 0.00481384
v -0.00760440 0.01099999 0.00481384
v -0.00899253 0.05339999 0.00036671
v -0.00899253 0.01099999 0.00036671
v -0.00797111 0.05339999 -0.00417868
v -0.00797111 0.01099999 -0.00417868
v -0.00481384 0.05339999 -0.00760440
v -0.00481384 0.01099999 -0.00760440
v -0.00036671 0.05339999 -0.00899253
v -0.00036671 0.01099999 -0.00899253
v 0.00417868 0.05339999 -0.00797111
v 0.00417868 0.01099999 -0.00797111
v 0.00760440 0.05339999 -0.00481384
v 0.00760440 0.01099999 -0.00481384
v -0.01199795 0.05069999 0.00022164
v -0.01062815 0.05069999 -0.00557158
v -0.01045101 0.05050000 -0.00547872
v -0.00641846 0.05069999 -0.01013920
v -0.00631148 0.05050000 -0.00997022
v -0.00048895 0.05069999 -0.01199003
v -0.00048080 0.05050000 -0.01179020
v 0.00557158 0.05069999 -0.01062815
v 0.00547872 0.05050000 -0.01045101
v 0.01013920 0.05069999 -0.00641846
v 0.00997022 0.05050000 -0.00631148
v 0.01199003 0.05069999 -0.00048895
v 0.01179020 0.05050000 -0.00048080
v 0.01062815 0.05069999 0.00557158
v 0.01045101 0.05050000 0.00547872
v 0.00641846 0.05069999 0.01013920
v 0.00631148 0.05050000 0.00997022
v 0.00048895 0.05069999 0.01199003
v 0.00048080 0.05050000 0.01179020
v -0.00557158 0.05069999 0.01062815
v -0.00547872 0.05050000 0.01045101
v -0.01013920 0.05069999 0.00641846
v -0.00997022 0.05050000 0.00631148
v -0.01199003 0.05069999 0.00048895
v -0.01179020 0.05050000 0.00048080
v -0.00760440 0.05339999 0.00481384
v -0.00768889 0.05349999 0.00486733
v -0.00417868 0.05339999 0.00797111
v -0.00422511 0.05349999 0.00805968
v 0.00036671 0.05339999 0.00899253
v 0.00037078 0.05349999 0.00909244
v 0.00481384 0.05339999 0.00760440
v 0.00486733 0.05349999 0.00768889
v 0.00797111 0.05339999 0.00417868
v 0.00805968 0.05349999 0.00422511
v 0.00899253 0.05339999 -0.00036671
v 0.00909244 0.05349999 -0.00037078
v 0.00760440 0.05339999 -0.00481384
v 0.00768889 0.05349999 -0.00486733
v 0.00417868 0.05339999 -0.00797111
v 0.00422511 0.05349999 -0.00805968
v -0.00036671 0.05339999 -0.00899253
v -0.00037078 0.05349999 -0.00909244
v -0.00481384 0.05339999 -0.00760440
v -0.00486733 0.05349999 -0.00768889
v -0.00797111 0.05339999 -0.00417868
v -0.00805968 0.05349999 -0.00422511
v -0.00899253 0.05339999 0.00036671
v -0.00909244 0.05349999 0.00037078
v -0.01199795 0.05069999 0.00022164
v -0.01199003 0.05069999 0.00048895
v -0.01199003 0.05189999 0.00048895
v -0.01013920 0.05069999 0.00641846
v -0.01013920 0.05189999 0.00641846
v -0.00557158 0.05069999 0.01062815
v -0.00557158 0.05189999 0.01062815
v 0.00048895 0.05069999 0.01199003
v 0.00048895 0.05189999 0.01199003
v 0.00641846 0.05069999 0.01013920
v 0.00641846 0.05189999 0.01013920
v 0.01062815 0.05069999 0.00557158
v 0.01062815 0.05189999 0.00557158
v 0.01199003 0.05069999 -0.00048895
v 0.01199003 0.05189999 -0.00048895
v 0.01013920 0.05069999 -0.00641846
v 0.01013920 0.05189999 -0.00641846
v 0.00557158 0.05069999 -0.01062815
v 0.00557158 0.05189999 -0.01062815
v -0.00048895 0.05069999 -0.01199003
v -0.00048895 0.05189999 -0.01199003
v -0.00641846 0.05069999 -0.01013920
v -0.00641846 0.05189999 -0.01013920
v -0.01062815 0.05069999 -0.00557158
v -0.01062815 0.05189999 -0.00557158
v 0.00486733 0.05349999 0.00768889
v 0.00583010 0.05349999 0.00920978
v 0.00805968 0.05349999 0.00422511
v 0.00965390 0.05349999 0.00506085
v 0.00909244 0.05349999 -0.00037078
v 0.01089095 0.05349999 -0.00044413
v 0.00768889 0.05349999 -0.00486733
v 0.00920978 0.05349999 -0.00583010
v 0.00422511 0.05349999 -0.00805968
v 0.00506085 0.05349999 -0.00965390
v -0.00037078 0.05349999 -0.00909244
v -0.00044413 0.05349999 -0.01089095
v -0.00486733 0.05349999 -0.00768889
v -0.00583010 0.05349999 -0.00920978
v -0.00805968 0.05349999 -0.00422511
v -0.00965390 0.05349999 -0.00506085
v -0.00909244 0.05349999 0.00037078
v -0.01089095 0.05349999 0.00044413
v -0.00768889 0.05349999 0.00486733
v -0.00920978 0.05349999 0.00583010
v -0.00422511 0.05349999 0.00805968
v -0.00506085 0.05349999 0.00965390
v 0.00037078 0.05349999 0.00909244
v 0.00044413 0.05349999 0.01089095
v 0.01199003 0.05189999 -0.00048895
v 0.01053958 0.05199999 0.00552515
v 0.01062815 0.05189999 0.00557158
v 0.00636497 0.05199999 0.01005471
v 0.00641846 0.05189999 0.01013920
v 0.00048487 0.05199999 0.01189012
v 0.00048895 0.05189999 0.01199003
v -0.00552515 0.05199999 0.01053958
v -0.00557158 0.05189999 0.01062815
v -0.01005471 0.05199999 0.00636497
v -0.01013920 0.05189999 0.00641846
v -0.01189012 0.05199999 0.00048487
v -0.01199003 0.05189999 0.00048895
v -0.01053958 0.05199999 -0.00552515
v -0.01062815 0.05189999 -0.00557158
v -0.00636497 0.05199999 -0.01005471
v -0.00641846 0.05189999 -0.01013920
v -0.00048487 0.05199999 -0.01189012
v -0.00048895 0.05189999 -0.01199003
v 0.00552515 0.05199999 -0.01053958
v 0.00557158 0.05189999 -0.01062815
v 0.01005471 0.05199999 -0.00636497
v 0.01013920 0.05189999 -0.00641846
v 0.01189012 0.05199999 -0.00048487
v 0.02557451 0.01265000 0.00745100
v 0.02574148 0.01244999 0.00761160
v 0.02564391 0.01265000 0.00767336
v 0.02586881 0.01244999 0.00772895
v 0.02581520 0.01265000 0.00783122
v 0.02603776 0.01244999 0.00776692
v 0.02604247 0.01265000 0.00788229
v 0.02620306 0.01244999 0.00771532
v 0.02626482 0.01265000 0.00781289
v 0.02632042 0.01244999 0.00758799
v 0.02642269 0.01265000 0.00764160
v 0.02635838 0.01244999 0.00741904
v 0.02647376 0.01265000 0.00741433
v 0.02630679 0.01244999 0.00725374
v 0.02640435 0.01265000 0.00719197
v 0.02617945 0.01244999 0.00713638
v 0.02623307 0.01265000 0.00703411
v 0.02601050 0.01244999 0.00709841
v 0.02600580 0.01265000 0.00698304
v 0.02584520 0.01244999 0.00715001
v 0.02578344 0.01265000 0.00705245
v 0.02572785 0.01244999 0.00727734
v 0.02562558 0.01265000 0.00722373
v 0.02568988 0.01244999 0.00744630
v 0.02647376 0.01265000 0.00741433
v 0.02642269 0.01764999 0.00764160
v 0.02642269 0.01265000 0.00764160
v 0.02626482 0.01764999 0.00781289
v 0.02626482 0.01265000 0.00781289
v 0.02604247 0.01764999 0.00788229
v 0.02604247 0.01265000 0.00788229
v 0.02581520 0.01764999 0.00783122
v 0.02581520 0.01265000 0.00783122
v 0.02564391 0.01764999 0.00767336
v 0.02564391 0.01265000 0.00767336
v 0.02557451 0.01764999 0.00745100
v 0.02557451 0.01265000 0.00745100
v 0.02562558 0.01764999 0.00722373
v 0.02562558 0.01265000 0.00722373
v 0.02578344 0.01764999 0.00705245
v 0.02578344 0.01265000 0.00705245
v 0.02600580 0.01764999 0.00698304
v 0.02600580 0.01265000 0.00698304
v 0.02623307 0.01764999 0.00703411
v 0.02623307 0.01265000 0.00703411
v 0.02640435 0.01764999 0.00719197
v 0.02640435 0.01265000 0.00719197
v 0.02647376 0.01764999 0.00741433
v 0.02547459 0.01774999 0.00745508
v 0.02564391 0.01764999 0.00767336
v 0.02555942 0.01774999 0.00772685
v 0.02581520 0.01764999 0.00783122
v 0.02576877 0.01774999 0.00791979
v 0.02604247 0.01764999 0.00788229
v 0.02604654 0.01774999 0.00798221
v 0.02626482 0.01764999 0.00781289
v 0.02631831 0.01774999 0.00789738
v 0.02642269 0.01764999 0.00764160
v 0.02651126 0.01774999 0.00768803
v 0.02647376 0.01764999 0.00741433
v 0.02657368 0.01774999 0.00741026
v 0.02640435 0.01764999 0.00719197
v 0.02648885 0.01774999 0.00713849
v 0.02623307 0.01764999 0.00703411
v 0.02627950 0.01774999 0.00694554
v 0.02600580 0.01764999 0.00698304
v 0.02600172 0.01774999 0.00688312
v 0.02578344 0.01764999 0.00705245
v 0.02572995 0.01774999 0.00696795
v 0.02562558 0.01764999 0.00722373
v 0.02553701 0.01774999 0.00717730
v 0.02557451 0.01764999 0.00745100
v 0.02586881 0.01244999 0.00772895
v 0.02574148 0.01244999 0.00761160
v 0.02602413 0.01244999 0.00743267
v 0.02568988 0.01244999 0.00744630
v 0.02572785 0.01244999 0.00727734
v 0.02632042 0.01244999 0.00758799
v 0.02620306 0.01244999 0.00771532
v 0.02603776 0.01244999 0.00776692
v 0.02617945 0.01244999 0.00713638
v 0.02630679 0.01244999 0.00725374
v 0.02635838 0.01244999 0.00741904
v 0.02584520 0.01244999 0.00715001
v 0.02601050 0.01244999 0.00709841
v 0.02657368 0.01774999 0.00741026
v 0.02651126 0.01814999 0.00768803
v 0.02651126 0.01774999 0.00768803
v 0.02631831 0.01814999 0.00789738
v 0.02631831 0.01774999 0.00789738
v 0.02604654 0.01814999 0.00798221
v 0.02604654 0.01774999 0.00798221
v 0.02576877 0.01814999 0.00791979
v 0.02576877 0.01774999 0.00791979
v 0.02555942 0.01814999 0.00772685
v 0.02555942 0.01774999 0.00772685
v 0.02547459 0.01814999 0.00745508
v 0.02547459 0.01774999 0.00745508
v 0.02553701 0.01814999 0.00717730
v 0.02553701 0.01774999 0.00717730
v 0.02572995 0.01814999 0.00696795
v 0.02572995 0.01774999 0.00696795
v 0.02600172 0.01814999 0.00688312
v 0.02600172 0.01774999 0.00688312
v 0.02627950 0.01814999 0.00694554
v 0.02627950 0.01774999 0.00694554
v 0.02648885 0.01814999 0.00713849
v 0.02648885 0.01774999 0.00713849
v 0.02657368 0.01814999 0.00741026
v 0.02631831 0.01814999 0.00789738
v 0.02651126 0.01814999 0.00768803
v 0.02602413 0.01814999 0.00743267
v 0.02657368 0.01814999 0.00741026
v 0.02648885 0.01814999 0.00713849
v 0.02555942 0.01814999 0.00772685
v 0.02576877 0.01814999 0.00791979
v 0.02604654 0.01814999 0.00798221
v 0.02572995 0.01814999 0.00696795
v 0.02553701 0.01814999 0.00717730
v 0.02547459 0.01814999 0.00745508
v 0.02627950 0.01814999 0.00694554
v 0.02600172 0.01814999 0.00688312
v 0.03223091 0.01733000 0.00216190
v 0.02957387 0.01733000 0.00076901
v 0.03223091 0.01530000 0.00216190
v 0.02957387 0.01530000 0.00076901
v 0.03255591 0.01852999 0.00154192
v 0.02989888 0.01852999 0.00014903
v 0.03255591 0.01792999 0.00154192
v 0.02989888 0.01792999 0.00014903
v 0.02990941 0.01530000 0.00659030
v 0.02725238 0.01530000 0.00519740
v 0.02990941 0.01733000 0.00659030
v 0.02725238 0.01733000 0.00519740
v 0.02989888 0.01792999 0.00014903
v 0.02989888 0.01852999 0.00014903
v 0.02930922 0.01792999 0.00127384
v 0.02930922 0.01852999 0.00127384
v 0.03223091 0.01530000 0.00216190
v 0.02957387 0.01530000 0.00076901
v 0.02990941 0.01530000 0.00659030
v 0.02725238 0.01530000 0.00519740
v 0.03196626 0.01792999 0.00266674
v 0.02930922 0.01792999 0.00127384
v 0.03196626 0.01852999 0.00266674
v 0.02930922 0.01852999 0.00127384
v 0.03014156 0.01686999 0.00614746
v 0.02748453 0.01686999 0.00475456
v 0.03199876 0.01686999 0.00260474
v 0.02934172 0.01686999 0.00121185
v 0.02958440 0.01792999 0.00721027
v 0.02692737 0.01792999 0.00581738
v 0.02958440 0.01852999 0.00721027
v 0.02692737 0.01852999 0.00581738
v 0.03255591 0.01792999 0.00154192
v 0.02989888 0.01792999 0.00014903
v 0.03196626 0.01792999 0.00266674
v 0.02930922 0.01792999 0.00127384
v 0.03196626 0.01852999 0.00266674
v 0.02930922 0.01852999 0.00127384
v 0.03255591 0.01852999 0.00154192
v 0.02989888 0.01852999 0.00014903
v 0.02767025 0.01852999 0.00440029
v 0.02767025 0.01722999 0.00440029
v 0.02915600 0.01852999 0.00156612
v 0.02915600 0.01722999 0.00156612
v 0.03181304 0.01852999 0.00295901
v 0.02915600 0.01852999 0.00156612
v 0.03181304 0.01722999 0.00295901
v 0.02915600 0.01722999 0.00156612
v 0.02590240 0.01459999 0.00561878
v 0.02590240 0.01889999 0.00561878
v 0.02915249 0.01459999 -0.00058097
v 0.02915249 0.01889999 -0.00058097
v 0.03032728 0.01722999 0.00579318
v 0.02767025 0.01722999 0.00440029
v 0.03032728 0.01852999 0.00579318
v 0.02767025 0.01852999 0.00440029
v 0.03269520 0.01889999 0.00127622
v 0.02915249 0.01889999 -0.00058097
v 0.02944512 0.01889999 0.00747597
v 0.02590240 0.01889999 0.00561878
v 0.02751703 0.01852999 0.00469256
v 0.02692737 0.01852999 0.00581738
v 0.02751703 0.01792999 0.00469256
v 0.02692737 0.01792999 0.00581738
v 0.03269520 0.01459999 0.00127622
v 0.02915249 0.01459999 -0.00058097
v 0.03269520 0.01889999 0.00127622
v 0.02915249 0.01889999 -0.00058097
v 0.03017406 0.01792999 0.00608546
v 0.02751703 0.01792999 0.00469256
v 0.02958440 0.01792999 0.00721027
v 0.02692737 0.01792999 0.00581738
v 0.02944512 0.01459999 0.00747597
v 0.02590240 0.01459999 0.00561878
v 0.03269520 0.01459999 0.00127622
v 0.02915249 0.01459999 -0.00058097
v 0.02958440 0.01852999 0.00721027
v 0.02692737 0.01852999 0.00581738
v 0.03017406 0.01852999 0.00608546
v 0.02751703 0.01852999 0.00469256
v 0.02944512 0.01889999 0.00747597
v 0.02590240 0.01889999 0.00561878
v 0.02944512 0.01459999 0.00747597
v 0.02590240 0.01459999 0.00561878
v 0.02957387 0.01733000 0.00076901
v 0.02934172 0.01733000 0.00121185
v 0.02934172 0.01686999 0.00121185
v 0.02748453 0.01733000 0.00475456
v 0.02725238 0.01733000 0.00519740
v 0.02748453 0.01686999 0.00475456
v 0.02725238 0.01530000 0.00519740
v 0.02957387 0.01530000 0.00076901
v 0.03255591 0.01792999 0.00154192
v 0.03269520 0.01459999 0.00127622
v 0.03269520 0.01889999 0.00127622
v 0.03196626 0.01792999 0.00266674
v 0.03196626 0.01852999 0.00266674
v 0.03181304 0.01852999 0.00295901
v 0.03032728 0.01852999 0.00579318
v 0.03017406 0.01852999 0.00608546
v 0.03032728 0.01722999 0.00579318
v 0.03017406 0.01792999 0.00608546
v 0.02944512 0.01889999 0.00747597
v 0.02944512 0.01459999 0.00747597
v 0.02958440 0.01792999 0.00721027
v 0.02958440 0.01852999 0.00721027
v 0.03255591 0.01852999 0.00154192
v 0.03199876 0.01733000 0.00260474
v 0.03199876 0.01686999 0.00260474
v 0.03181304 0.01722999 0.00295901
v 0.03014156 0.01686999 0.00614746
v 0.03014156 0.01733000 0.00614746
v 0.02990941 0.01733000 0.00659030
v 0.02990941 0.01530000 0.00659030
v 0.03223091 0.01530000 0.00216190
v 0.03223091 0.01733000 0.00216190
v 0.02990941 0.01733000 0.00659030
v 0.02725238 0.01733000 0.00519740
v 0.03014156 0.01733000 0.00614746
v 0.02748453 0.01733000 0.00475456
v 0.03032728 0.01852999 0.00579318
v 0.02767025 0.01852999 0.00440029
v 0.03181304 0.01852999 0.00295901
v 0.02915600 0.01852999 0.00156612
v 0.03199876 0.01733000 0.00260474
v 0.02934172 0.01733000 0.00121185
v 0.03223091 0.01733000 0.00216190
v 0.02957387 0.01733000 0.00076901
v 0.03181304 0.01722999 0.00295901
v 0.02915600 0.01722999 0.00156612
v 0.03032728 0.01722999 0.00579318
v 0.02767025 0.01722999 0.00440029
v 0.03199876 0.01686999 0.00260474
v 0.02934172 0.01686999 0.00121185
v 0.03199876 0.01733000 0.00260474
v 0.02934172 0.01733000 0.00121185
v 0.03017406 0.01852999 0.00608546
v 0.02751703 0.01852999 0.00469256
v 0.03017406 0.01792999 0.00608546
v 0.02751703 0.01792999 0.00469256
v 0.03014156 0.01733000 0.00614746
v 0.02748453 0.01733000 0.00475456
v 0.03014156 0.01686999 0.00614746
v 0.02748453 0.01686999 0.00475456
v -0.00844933 0.05029999 0.00534871
v -0.00861832 0.05050000 0.00545569
v -0.00464298 0.05029999 0.00885679
v -0.00473584 0.05050000 0.00903393
v 0.00040745 0.05029999 0.00999170
v 0.00041560 0.05050000 0.01019153
v 0.00534871 0.05029999 0.00844933
v 0.00545569 0.05050000 0.00861832
v 0.00885679 0.05029999 0.00464298
v 0.00903393 0.05050000 0.00473584
v 0.00999170 0.05029999 -0.00040745
v 0.01019153 0.05050000 -0.00041560
v 0.00844933 0.05029999 -0.00534871
v 0.00861832 0.05050000 -0.00545569
v 0.00464298 0.05029999 -0.00885679
v 0.00473584 0.05050000 -0.00903393
v -0.00040745 0.05029999 -0.00999170
v -0.00041560 0.05050000 -0.01019153
v -0.00534871 0.05029999 -0.00844933
v -0.00545569 0.05050000 -0.00861832
v -0.00885679 0.05029999 -0.00464298
v -0.00903393 0.05050000 -0.00473584
v -0.00999170 0.05029999 0.00040745
v -0.01019153 0.05050000 0.00041560
v -0.01164662 0.04700000 -0.01059742
v -0.00976613 0.04700000 -0.01068115
v -0.00804986 0.04700000 -0.01145425
v -0.00544444 0.04700000 -0.01289798
v -0.00415892 0.04700000 -0.01376741
v -0.00330106 0.04700000 -0.01506068
v -0.00300000 0.04700000 -0.01658312
v -0.00805461 0.04700000 -0.02946906
v -0.02034394 0.04700000 -0.02279093
v -0.02198805 0.04700000 -0.01854890
v -0.02121061 0.04700000 -0.01634215
v -0.02167641 0.04700000 -0.02086774
v -0.01951432 0.04700000 -0.01473070
v -0.01342481 0.04700000 -0.01121492
v -0.00457291 0.04700000 -0.02879009
v -0.00623438 0.04700000 -0.02953664
v -0.00341473 0.04700000 -0.02738424
v -0.00300000 0.04700000 -0.02561059
v -0.02990950 0.04700000 0.00622290
v -0.02990950 0.04939999 0.00622290
v -0.02891020 0.04700000 0.00833845
v -0.02891020 0.04939999 0.00833845
v -0.02705784 0.04700000 0.00976776
v -0.02705784 0.04939999 0.00976776
v -0.02475802 0.04700000 0.01019785
v -0.02475802 0.04939999 0.01019785
v -0.02251433 0.04700000 0.00953455
v -0.02251433 0.04939999 0.00953455
v 0.00844776 0.04700000 -0.01116402
v 0.00844776 0.04939999 -0.01116402
v 0.00984347 0.04700000 -0.01048543
v 0.00984347 0.04939999 -0.01048543
v 0.01139240 0.04700000 -0.01038914
v 0.01139240 0.04939999 -0.01038914
v 0.01286141 0.04700000 -0.01088964
v 0.01286141 0.04939999 -0.01088964
v 0.02954826 0.04700000 -0.00775903
v 0.02954826 0.04939999 -0.00775903
v 0.02869667 0.04700000 -0.00936919
v 0.02869667 0.04939999 -0.00936919
v 0.02721941 0.04700000 -0.01043479
v 0.02721941 0.04939999 -0.01043479
v 0.02542281 0.04700000 -0.01073488
v 0.02542281 0.04939999 -0.01073488
v 0.02367943 0.04700000 -0.01020722
v 0.02367943 0.04939999 -0.01020722
v 0.00034822 0.04780000 -0.02066426
v 0.00092860 0.04780000 -0.02177136
v -0.00003056 0.04780000 -0.02074938
v -0.00008149 0.04780000 -0.02199834
v -0.00040115 0.04780000 -0.02063370
v -0.00106974 0.04780000 -0.02168987
v -0.00066426 0.04780000 -0.02034822
v -0.00177136 0.04780000 -0.02092860
v -0.00074938 0.04780000 -0.01996944
v -0.00199834 0.04780000 -0.01991851
v -0.00063370 0.04780000 -0.01959885
v -0.00168987 0.04780000 -0.01893026
v -0.00034822 0.04780000 -0.01933574
v -0.00092860 0.04780000 -0.01822864
v 0.00003056 0.04780000 -0.01925062
v 0.00008149 0.04780000 -0.01800166
v 0.00040115 0.04780000 -0.01936630
v 0.00106974 0.04780000 -0.01831013
v 0.00066426 0.04780000 -0.01965178
v 0.00177136 0.04780000 -0.01907140
v 0.00074938 0.04780000 -0.02003056
v 0.00199834 0.04780000 -0.02008149
v 0.00063370 0.04780000 -0.02040115
v 0.00168987 0.04780000 -0.02106974
v -0.01592637 0.05199999 -0.01088254
v -0.00777447 0.05199999 -0.01191684
v -0.01655442 0.05199999 -0.01146137
v -0.01692137 0.05199999 -0.01154383
v -0.02743265 0.05199999 -0.01111519
v -0.01878188 0.05199999 -0.01076609
v -0.01820305 0.05199999 -0.01139414
v -0.00612408 0.05199999 0.02855422
v -0.00689966 0.05199999 0.00953550
v -0.01403681 0.05199999 0.02677612
v -0.01022370 0.05199999 0.00647194
v -0.02554429 0.05199999 0.01617040
v -0.01208995 0.05199999 0.00049302
v -0.01567188 0.05199999 -0.01006723
v -0.00765316 0.05199999 -0.00894205
v -0.01071672 0.05199999 -0.00561801
v -0.01585914 0.05199999 -0.00923391
v -0.01643797 0.05199999 -0.00860586
v -0.01725328 0.05199999 -0.00835137
v -0.01808660 0.05199999 -0.00853863
v -0.03020720 0.05199999 0.00123183
v -0.01871465 0.05199999 -0.00911746
v -0.01896914 0.05199999 -0.00993277
v 0.01567188 0.05199999 -0.00993277
v 0.01585914 0.05199999 -0.01076609
v -0.00049302 0.05199999 -0.01208995
v 0.01643797 0.05199999 -0.01139414
v 0.02643653 0.05199999 -0.01331194
v 0.01725328 0.05199999 -0.01164863
v 0.01808660 0.05199999 -0.01146137
v -0.00647194 0.05199999 -0.01022370
v 0.00123183 0.05199999 0.03020720
v 0.00006723 0.05199999 0.02164863
v -0.00076609 0.05199999 0.02146137
v 0.01820305 0.05199999 -0.00860586
v 0.02677612 0.05199999 0.01403681
v 0.01878188 0.05199999 -0.00923391
v 0.03020720 0.05199999 -0.00123183
v 0.01896914 0.05199999 -0.01006723
v 0.01871465 0.05199999 -0.01088254
v 0.01208995 0.05199999 -0.00049302
v 0.01071672 0.05199999 0.00561801
v 0.00647194 0.05199999 0.01022370
v 0.00164863 0.05199999 0.01993277
v 0.01617040 0.05199999 0.02554429
v 0.00146137 0.05199999 0.02076609
v 0.00088254 0.05199999 0.02139414
v 0.00561801 0.05199999 -0.01071672
v 0.01022370 0.05199999 -0.00647194
v 0.01592637 0.05199999 -0.00911746
v 0.01655442 0.05199999 -0.00853863
v 0.01738774 0.05199999 -0.00835137
v -0.00139414 0.05199999 0.02088254
v -0.00164863 0.05199999 0.02006723
v -0.00146137 0.05199999 0.01923391
v -0.00561801 0.05199999 0.01071672
v -0.00088254 0.05199999 0.01860586
v 0.00049302 0.05199999 0.01208995
v -0.00006723 0.05199999 0.01835137
v 0.00076609 0.05199999 0.01853863
v 0.00139414 0.05199999 0.01911746
v -0.01784402 0.05199999 -0.01150621
v -0.01617040 0.05199999 -0.02554429
v -0.02677612 0.05199999 -0.01403681
v -0.01738774 0.05199999 -0.01164863
v -0.00842873 0.05199999 -0.02796077
v -0.00239801 0.05199999 -0.01990221
v 0.00009779 0.05199999 -0.01760199
v -0.00111432 0.05199999 -0.01787437
v -0.00202784 0.05199999 -0.01871631
v -0.00212563 0.05199999 -0.02111432
v -0.00128369 0.05199999 -0.02202784
v -0.00123183 0.05199999 -0.03020720
v -0.00009779 0.05199999 -0.02239801
v 0.01403681 0.05199999 -0.02677612
v 0.00128369 0.05199999 -0.01797216
v 0.00111432 0.05199999 -0.02212563
v 0.00202784 0.05199999 -0.02128369
v 0.02554429 0.05199999 -0.01617040
v 0.00239801 0.05199999 -0.02009779
v 0.00212563 0.05199999 -0.01888568
v -0.01394460 0.04700000 -0.00124426
v -0.01394460 0.04700000 0.00124426
v -0.01394460 0.04939999 -0.00124426
v -0.01394460 0.04939999 0.00124426
v 0.00844776 0.04700000 -0.01116402
v 0.00984347 0.04700000 -0.01048543
v 0.01139240 0.04700000 -0.01038914
v 0.00805461 0.04700000 -0.02946906
v 0.00623438 0.04700000 -0.02953664
v 0.00457291 0.04700000 -0.02879009
v 0.01286141 0.04700000 -0.01088964
v 0.02149365 0.04700000 -0.02171003
v 0.00544444 0.04700000 -0.01289799
v 0.00330106 0.04700000 -0.01506068
v 0.00415892 0.04700000 -0.01376741
v 0.00300000 0.04700000 -0.01658312
v 0.00300000 0.04700000 -0.02561059
v 0.00341473 0.04700000 -0.02738424
v 0.02264650 0.04700000 -0.01835530
v 0.02246229 0.04700000 -0.02016745
v 0.02200808 0.04700000 -0.01664936
v 0.02067943 0.04700000 -0.01540337
v 0.01389220 0.04939999 -0.00173397
v 0.01389220 0.04700000 -0.00173397
v 0.01400238 0.04939999 -0.00328198
v 0.01400238 0.04700000 -0.00328198
v 0.01469346 0.04939999 -0.00467154
v 0.01469346 0.04700000 -0.00467154
v 0.01586141 0.04939999 -0.00569349
v 0.01586141 0.04700000 -0.00569349
v -0.01795421 0.04780000 -0.00959885
v -0.01837667 0.04780000 -0.00933141
v -0.01766873 0.04780000 -0.00933574
v -0.01790088 0.04780000 -0.00889290
v -0.01728995 0.04780000 -0.00925062
v -0.01726958 0.04780000 -0.00875104
v -0.01691936 0.04780000 -0.00936630
v -0.01665192 0.04780000 -0.00894383
v -0.01665625 0.04780000 -0.00965178
v -0.01621341 0.04780000 -0.00941963
v -0.01657113 0.04780000 -0.01003056
v -0.01607155 0.04780000 -0.01005093
v -0.01668681 0.04780000 -0.01040115
v -0.01626434 0.04780000 -0.01066859
v -0.01697229 0.04780000 -0.01066426
v -0.01674014 0.04780000 -0.01110710
v -0.01735107 0.04780000 -0.01074938
v -0.01737144 0.04780000 -0.01124896
v -0.01772166 0.04780000 -0.01063370
v -0.01798910 0.04780000 -0.01105617
v -0.01798477 0.04780000 -0.01034822
v -0.01842761 0.04780000 -0.01058037
v -0.01806988 0.04780000 -0.00996944
v -0.01856947 0.04780000 -0.00994907
v -0.01013920 0.05189999 0.00641846
v -0.01022370 0.05199999 0.00647194
v -0.00557158 0.05189999 0.01062815
v -0.00561801 0.05199999 0.01071672
v 0.00048895 0.05189999 0.01199003
v 0.00049302 0.05199999 0.01208995
v 0.00641846 0.05189999 0.01013920
v 0.00647194 0.05199999 0.01022370
v 0.01062815 0.05189999 0.00557158
v 0.01071672 0.05199999 0.00561801
v 0.01199003 0.05189999 -0.00048895
v 0.01208995 0.05199999 -0.00049302
v 0.01013920 0.05189999 -0.00641846
v 0.01022370 0.05199999 -0.00647194
v 0.00557158 0.05189999 -0.01062815
v 0.00561801 0.05199999 -0.01071672
v -0.00048895 0.05189999 -0.01199003
v -0.00049302 0.05199999 -0.01208995
v -0.00641846 0.05189999 -0.01013920
v -0.00647194 0.05199999 -0.01022370
v -0.01062815 0.05189999 -0.00557158
v -0.01071672 0.05199999 -0.00561801
v -0.01199003 0.05189999 0.00048895
v -0.01208995 0.05199999 0.00049302
v -0.02251433 0.04939999 0.00953455
v -0.01642481 0.04939999 0.00601877
v -0.02251433 0.04700000 0.00953455
v -0.01642481 0.04700000 0.00601877
v 0.01286141 0.04939999 -0.01088964
v 0.02067943 0.04939999 -0.01540337
v 0.01286141 0.04700000 -0.01088964
v 0.02067943 0.04700000 -0.01540337
v 0.03332230 0.04610000 -0.00135886
v 0.02953739 0.04690000 0.01548434
v 0.02953739 0.04610000 0.01548434
v 0.01783796 0.04690000 0.02817853
v 0.01783796 0.04610000 0.02817853
v 0.00135886 0.04690000 0.03332230
v 0.00135886 0.04610000 0.03332230
v -0.01548434 0.04690000 0.02953739
v -0.01548434 0.04610000 0.02953739
v -0.02817853 0.04690000 0.01783796
v -0.02817853 0.04610000 0.01783796
v -0.03332230 0.04690000 0.00135886
v -0.03332230 0.04610000 0.00135886
v -0.02953739 0.04690000 -0.01548434
v -0.02953739 0.04610000 -0.01548434
v -0.01783796 0.04690000 -0.02817853
v -0.01783796 0.04610000 -0.02817853
v -0.00135886 0.04690000 -0.03332230
v -0.00135886 0.04610000 -0.03332230
v 0.01548434 0.04690000 -0.02953739
v 0.01548434 0.04610000 -0.02953739
v 0.02817853 0.04690000 -0.01783796
v 0.02817853 0.04610000 -0.01783796
v 0.03332230 0.04690000 -0.00135886
v -0.00300000 0.04939999 -0.01658312
v -0.00300000 0.04939999 -0.02561059
v -0.00300000 0.04700000 -0.01658312
v -0.00300000 0.04700000 -0.02561059
v -0.02990950 0.04939999 -0.00622290
v -0.02990950 0.04700000 -0.00622290
v 0.00844776 0.04700000 -0.01116402
v 0.00544444 0.04700000 -0.01289799
v 0.00844776 0.04939999 -0.01116402
v 0.00544444 0.04939999 -0.01289799
v 0.01389221 0.04700000 0.00173397
v 0.01400238 0.04700000 0.00328198
v 0.01469346 0.04700000 0.00467154
v 0.02954826 0.04700000 -0.00775903
v 0.02869667 0.04700000 -0.00936919
v 0.02721941 0.04700000 -0.01043479
v 0.01586141 0.04700000 0.00569349
v 0.02954827 0.04700000 0.00775903
v 0.01389220 0.04700000 -0.00173397
v 0.01469346 0.04700000 -0.00467154
v 0.01400238 0.04700000 -0.00328198
v 0.01586141 0.04700000 -0.00569349
v 0.02367943 0.04700000 -0.01020722
v 0.02542281 0.04700000 -0.01073488
v 0.02721941 0.04700000 0.01043479
v 0.02869667 0.04700000 0.00936919
v 0.02542281 0.04700000 0.01073488
v 0.02367942 0.04700000 0.01020722
v 0.01607155 0.04780000 -0.00994907
v 0.01607155 0.05159999 -0.00994907
v 0.01626434 0.04780000 -0.00933141
v 0.01626434 0.05159999 -0.00933141
v 0.01674014 0.04780000 -0.00889290
v 0.01674014 0.05159999 -0.00889290
v 0.01737144 0.04780000 -0.00875104
v 0.01737144 0.05159999 -0.00875104
v 0.01798910 0.04780000 -0.00894383
v 0.01798910 0.05159999 -0.00894383
v 0.01842761 0.04780000 -0.00941963
v 0.01842761 0.05159999 -0.00941963
v 0.01856947 0.04780000 -0.01005093
v 0.01856947 0.05159999 -0.01005093
v 0.01837667 0.04780000 -0.01066859
v 0.01837667 0.05159999 -0.01066859
v 0.01790088 0.04780000 -0.01110710
v 0.01790088 0.05159999 -0.01110710
v 0.01726958 0.04780000 -0.01124896
v 0.01726958 0.05159999 -0.01124896
v 0.01665192 0.04780000 -0.01105617
v 0.01665192 0.05159999 -0.01105617
v 0.01621341 0.04780000 -0.01058037
v 0.01621341 0.05159999 -0.01058037
v -0.00544444 0.04700000 -0.01289798
v -0.00544444 0.04939999 -0.01289798
v -0.00415892 0.04700000 -0.01376741
v -0.00415892 0.04939999 -0.01376741
v -0.00330106 0.04700000 -0.01506068
v -0.00330106 0.04939999 -0.01506068
v -0.00300000 0.04700000 -0.01658312
v -0.00300000 0.04939999 -0.01658312
v -0.02891020 0.04939999 -0.00833845
v -0.02891020 0.04700000 -0.00833845
v -0.02705784 0.04939999 -0.00976776
v -0.02705784 0.04700000 -0.00976776
v -0.02475802 0.04939999 -0.01019785
v -0.02475802 0.04700000 -0.01019785
v -0.02251433 0.04939999 -0.00953455
v -0.02251433 0.04700000 -0.00953455
v 0.00415892 0.04939999 -0.01376741
v 0.00415892 0.04700000 -0.01376741
v 0.00330106 0.04939999 -0.01506068
v 0.00330106 0.04700000 -0.01506068
v 0.00300000 0.04939999 -0.01658312
v 0.00300000 0.04700000 -0.01658312
v 0.00335433 0.04939999 0.01538498
v 0.00436708 0.04939999 0.01379830
v 0.00589474 0.04939999 0.01269851
v 0.00300000 0.04939999 0.02426525
v 0.00300000 0.04939999 0.01723369
v 0.00956556 0.04939999 0.02901384
v 0.02034394 0.04939999 0.02279093
v 0.00844776 0.04939999 0.01116402
v 0.00984347 0.04939999 0.01048543
v 0.00723379 0.04939999 0.02920620
v 0.00506979 0.04939999 0.02831666
v 0.00354741 0.04939999 0.02654000
v 0.01951432 0.04939999 0.01473070
v 0.02121061 0.04939999 0.01634215
v 0.02198805 0.04939999 0.01854890
v 0.02167641 0.04939999 0.02086774
v 0.01286141 0.04939999 0.01088964
v 0.01139240 0.04939999 0.01038914
v -0.00124896 0.04780000 0.02005093
v -0.00124896 0.05159999 0.02005093
v -0.00105617 0.04780000 0.02066859
v -0.00105617 0.05159999 0.02066859
v -0.00058037 0.04780000 0.02110710
v -0.00058037 0.05159999 0.02110710
v 0.00005093 0.04780000 0.02124896
v 0.00005093 0.05159999 0.02124896
v 0.00066859 0.04780000 0.02105617
v 0.00066859 0.05159999 0.02105617
v 0.00110710 0.04780000 0.02058037
v 0.00110710 0.05159999 0.02058037
v 0.00124896 0.04780000 0.01994907
v 0.00124896 0.05159999 0.01994907
v 0.00105617 0.04780000 0.01933141
v 0.00105617 0.05159999 0.01933141
v 0.00058037 0.04780000 0.01889290
v 0.00058037 0.05159999 0.01889290
v -0.00005093 0.04780000 0.01875104
v -0.00005093 0.05159999 0.01875104
v -0.00066859 0.04780000 0.01894383
v -0.00066859 0.05159999 0.01894383
v -0.00110710 0.04780000 0.01941963
v -0.00110710 0.05159999 0.01941963
v -0.00544444 0.04700000 -0.01289798
v -0.00804986 0.04700000 -0.01145425
v -0.00544444 0.04939999 -0.01289798
v -0.00804986 0.04939999 -0.01145425
v -0.01500095 0.04939999 -0.00478756
v -0.01413322 0.04939999 -0.00311714
v -0.02990950 0.04939999 -0.00622290
v -0.01394460 0.04939999 -0.00124426
v -0.02990950 0.04939999 0.00622290
v -0.02705784 0.04939999 -0.00976776
v -0.02475802 0.04939999 -0.01019785
v -0.02891020 0.04939999 -0.00833845
v -0.02251433 0.04939999 -0.00953455
v -0.01642481 0.04939999 -0.00601877
v -0.01394460 0.04939999 0.00124426
v -0.01413322 0.04939999 0.00311714
v -0.01500095 0.04939999 0.00478756
v -0.02251433 0.04939999 0.00953455
v -0.02475802 0.04939999 0.01019785
v -0.02705784 0.04939999 0.00976776
v -0.01642481 0.04939999 0.00601877
v -0.02891020 0.04939999 0.00833845
v 0.00300000 0.04939999 -0.02561059
v 0.00300000 0.04700000 -0.02561059
v 0.02034394 0.04939999 0.02279093
v 0.02034394 0.04700000 0.02279093
v 0.00956556 0.04939999 0.02901384
v 0.00956556 0.04700000 0.02901384
v 0.02900962 0.04109999 -0.01193362
v 0.01806989 0.04109999 -0.01003056
v 0.01795421 0.04109999 -0.01040115
v 0.01665625 0.04109999 -0.01034822
v 0.01657113 0.04109999 -0.00996944
v -0.00621533 0.04109999 -0.01049717
v 0.00131812 0.04109999 0.03232314
v 0.00040115 0.04109999 0.02063370
v 0.01730309 0.04109999 0.02733360
v 0.00066426 0.04109999 0.02034822
v 0.02865171 0.04109999 0.01502005
v 0.01766873 0.04109999 -0.01066426
v 0.01728995 0.04109999 -0.01074938
v 0.01691935 0.04109999 -0.01063370
v -0.00066426 0.04109999 0.01965178
v -0.00074938 0.04109999 0.02003056
v -0.00464298 0.04109999 0.00885679
v -0.00452267 0.04109999 0.03101063
v -0.00545667 0.04109999 0.00810687
v -0.00063370 0.04109999 0.02040115
v -0.00034822 0.04109999 0.02066426
v 0.00003056 0.04109999 0.02074938
v 0.00999170 0.04109999 -0.00040745
v 0.00885679 0.04109999 0.00464298
v 0.00534871 0.04109999 0.00844933
v 0.01798477 0.04109999 -0.00965178
v 0.03232314 0.04109999 -0.00131812
v 0.01772166 0.04109999 -0.00936630
v 0.01735107 0.04109999 -0.00925062
v -0.00040745 0.04109999 -0.00999170
v -0.00534871 0.04109999 -0.00844933
v -0.00609864 0.04109999 -0.00763565
v 0.00074938 0.04109999 0.01996944
v 0.00063370 0.04109999 0.01959885
v 0.00034822 0.04109999 0.01933574
v 0.00040745 0.04109999 0.00999170
v -0.00003056 0.04109999 0.01925062
v -0.00040115 0.04109999 0.01936630
v 0.01697228 0.04109999 -0.00933574
v 0.01668681 0.04109999 -0.00959885
v 0.00844933 0.04109999 -0.00534871
v 0.00464298 0.04109999 -0.00885679
v -0.01728995 0.04109999 -0.00925062
v -0.01502005 0.04109999 0.02865171
v -0.01766873 0.04109999 -0.00933574
v -0.02733360 0.04109999 0.01730309
v -0.01795421 0.04109999 -0.00959885
v -0.03232314 0.04109999 0.00131812
v -0.00844933 0.04109999 0.00534871
v -0.00999170 0.04109999 0.00040745
v -0.00885679 0.04109999 -0.00464298
v -0.01691936 0.04109999 -0.00936630
v -0.01665625 0.04109999 -0.00965178
v -0.01657113 0.04109999 -0.01003056
v -0.01658479 0.04109999 -0.01007431
v -0.01668681 0.04109999 -0.01040115
v -0.00703264 0.04109999 -0.03053941
v -0.01697229 0.04109999 -0.01066426
v -0.01730309 0.04109999 -0.02733360
v -0.01735107 0.04109999 -0.01074938
v -0.01772166 0.04109999 -0.01063370
v -0.02865171 0.04109999 -0.01502005
v -0.01798477 0.04109999 -0.01034822
v -0.02988497 0.04109999 -0.00953193
v -0.01805984 0.04109999 -0.01001416
v -0.01806988 0.04109999 -0.00996944
v 0.00066426 0.04109999 -0.01965178
v 0.02733360 0.04109999 -0.01730309
v 0.00074938 0.04109999 -0.02003056
v 0.01502005 0.04109999 -0.02865171
v 0.00063370 0.04109999 -0.02040115
v 0.00034822 0.04109999 -0.02066426
v -0.00131812 0.04109999 -0.03232314
v -0.00003056 0.04109999 -0.02074938
v -0.00040115 0.04109999 -0.02063370
v -0.00066426 0.04109999 -0.02034822
v -0.00074938 0.04109999 -0.01996944
v -0.00063370 0.04109999 -0.01959885
v -0.00034822 0.04109999 -0.01933574
v 0.00003056 0.04109999 -0.01925062
v 0.00040115 0.04109999 -0.01936630
v -0.00199834 0.04780000 -0.01991851
v -0.00199834 0.05159999 -0.01991851
v -0.00168987 0.04780000 -0.01893026
v -0.00168987 0.05159999 -0.01893026
v -0.00092860 0.04780000 -0.01822864
v -0.00092860 0.05159999 -0.01822864
v 0.00008149 0.04780000 -0.01800166
v 0.00008149 0.05159999 -0.01800166
v 0.00106974 0.04780000 -0.01831013
v 0.00106974 0.05159999 -0.01831013
v 0.00177136 0.04780000 -0.01907140
v 0.00177136 0.05159999 -0.01907140
v 0.00199834 0.04780000 -0.02008149
v 0.00199834 0.05159999 -0.02008149
v 0.00168987 0.04780000 -0.02106974
v 0.00168987 0.05159999 -0.02106974
v 0.00092860 0.04780000 -0.02177136
v 0.00092860 0.05159999 -0.02177136
v -0.00008149 0.04780000 -0.02199834
v -0.00008149 0.05159999 -0.02199834
v -0.00106974 0.04780000 -0.02168987
v -0.00106974 0.05159999 -0.02168987
v -0.00177136 0.04780000 -0.02092860
v -0.00177136 0.05159999 -0.02092860
v -0.00976613 0.04939999 -0.01068115
v -0.00976613 0.04700000 -0.01068115
v -0.01164662 0.04939999 -0.01059742
v -0.01164662 0.04700000 -0.01059742
v -0.01342481 0.04939999 -0.01121492
v -0.01342481 0.04700000 -0.01121492
v -0.00335433 0.04700000 0.01538498
v -0.00436708 0.04700000 0.01379830
v -0.00589474 0.04700000 0.01269851
v -0.00300000 0.04700000 0.02426525
v -0.00300000 0.04700000 0.01723369
v -0.00956556 0.04700000 0.02901383
v -0.00976613 0.04700000 0.01068115
v -0.01164662 0.04700000 0.01059742
v -0.02034394 0.04700000 0.02279093
v -0.01951432 0.04700000 0.01473070
v -0.02121061 0.04700000 0.01634215
v -0.02198805 0.04700000 0.01854890
v -0.00804986 0.04700000 0.01145424
v -0.01342481 0.04700000 0.01121492
v -0.02167641 0.04700000 0.02086774
v -0.00723379 0.04700000 0.02920620
v -0.00506979 0.04700000 0.02831666
v -0.00354741 0.04700000 0.02654000
v 0.00805461 0.04700000 -0.02946906
v 0.00805461 0.04939999 -0.02946906
v 0.00623438 0.04700000 -0.02953664
v 0.00623438 0.04939999 -0.02953664
v 0.00457291 0.04700000 -0.02879009
v 0.00457291 0.04939999 -0.02879009
v 0.00341473 0.04700000 -0.02738424
v 0.00341473 0.04939999 -0.02738424
v 0.00723379 0.04939999 0.02920620
v 0.00723379 0.04700000 0.02920620
v 0.00506979 0.04939999 0.02831666
v 0.00506979 0.04700000 0.02831666
v 0.00354741 0.04939999 0.02654000
v 0.00354741 0.04700000 0.02654000
v 0.00300000 0.04939999 0.02426525
v 0.00300000 0.04700000 0.02426525
v -0.03232314 0.04610000 0.00131812
v -0.02733360 0.04109999 0.01730309
v -0.02733360 0.04610000 0.01730309
v -0.01502005 0.04109999 0.02865171
v -0.01502005 0.04610000 0.02865171
v 0.00131812 0.04109999 0.03232314
v 0.00131812 0.04610000 0.03232314
v 0.01730309 0.04109999 0.02733360
v 0.01730309 0.04610000 0.02733360
v 0.02865171 0.04109999 0.01502005
v 0.02865171 0.04610000 0.01502005
v 0.03232314 0.04109999 -0.00131812
v 0.03232314 0.04610000 -0.00131812
v 0.02733360 0.04109999 -0.01730309
v 0.02733360 0.04610000 -0.01730309
v 0.01502005 0.04109999 -0.02865171
v 0.01502005 0.04610000 -0.02865171
v -0.00131812 0.04109999 -0.03232314
v -0.00131812 0.04610000 -0.03232314
v -0.01730309 0.04109999 -0.02733360
v -0.01730309 0.04610000 -0.02733360
v -0.02865171 0.04109999 -0.01502005
v -0.02865171 0.04610000 -0.01502005
v -0.03232314 0.04109999 0.00131812
v -0.01856947 0.04780000 -0.00994907
v -0.01856947 0.05159999 -0.00994907
v -0.01837667 0.04780000 -0.00933141
v -0.01837667 0.05159999 -0.00933141
v -0.01790088 0.04780000 -0.00889290
v -0.01790088 0.05159999 -0.00889290
v -0.01726958 0.04780000 -0.00875104
v -0.01726958 0.05159999 -0.00875104
v -0.01665192 0.04780000 -0.00894383
v -0.01665192 0.05159999 -0.00894383
v -0.01621341 0.04780000 -0.00941963
v -0.01621341 0.05159999 -0.00941963
v -0.01607155 0.04780000 -0.01005093
v -0.01607155 0.05159999 -0.01005093
v -0.01626434 0.04780000 -0.01066859
v -0.01626434 0.05159999 -0.01066859
v -0.01674014 0.04780000 -0.01110710
v -0.01674014 0.05159999 -0.01110710
v -0.01737144 0.04780000 -0.01124896
v -0.01737144 0.05159999 -0.01124896
v -0.01798910 0.04780000 -0.01105617
v -0.01798910 0.05159999 -0.01105617
v -0.01842761 0.04780000 -0.01058037
v -0.01842761 0.05159999 -0.01058037
v -0.01951432 0.04939999 -0.01473070
v -0.01951432 0.04700000 -0.01473070
v -0.01342481 0.04939999 0.01121492
v -0.01951432 0.04939999 0.01473070
v -0.01342481 0.04700000 0.01121492
v -0.01951432 0.04700000 0.01473070
v 0.02149365 0.04939999 -0.02171003
v 0.02149365 0.04700000 -0.02171003
v 0.00300000 0.04939999 0.01723369
v 0.00300000 0.04700000 0.01723369
v 0.01657113 0.04109999 -0.00996944
v 0.01657113 0.04780000 -0.00996944
v 0.01668681 0.04109999 -0.00959885
v 0.01668681 0.04780000 -0.00959885
v 0.01697228 0.04109999 -0.00933574
v 0.01697228 0.04780000 -0.00933574
v 0.01735107 0.04109999 -0.00925062
v 0.01735107 0.04780000 -0.00925062
v 0.01772166 0.04109999 -0.00936630
v 0.01772166 0.04780000 -0.00936630
v 0.01798477 0.04109999 -0.00965178
v 0.01798477 0.04780000 -0.00965178
v 0.01806989 0.04109999 -0.01003056
v 0.01806989 0.04780000 -0.01003056
v 0.01795421 0.04109999 -0.01040115
v 0.01795421 0.04780000 -0.01040115
v 0.01766873 0.04109999 -0.01066426
v 0.01766873 0.04780000 -0.01066426
v 0.01728995 0.04109999 -0.01074938
v 0.01728995 0.04780000 -0.01074938
v 0.01691935 0.04109999 -0.01063370
v 0.01691935 0.04780000 -0.01063370
v 0.01665625 0.04109999 -0.01034822
v 0.01665625 0.04780000 -0.01034822
v 0.00545569 0.05050000 0.00861832
v 0.00641846 0.05050000 0.01013920
v 0.00903393 0.05050000 0.00473584
v 0.01062815 0.05050000 0.00557158
v 0.01019153 0.05050000 -0.00041560
v 0.01199003 0.05050000 -0.00048895
v 0.00861832 0.05050000 -0.00545569
v 0.01013920 0.05050000 -0.00641846
v 0.00473584 0.05050000 -0.00903393
v 0.00557158 0.05050000 -0.01062815
v -0.00041560 0.05050000 -0.01019153
v -0.00048895 0.05050000 -0.01199003
v -0.00545569 0.05050000 -0.00861832
v -0.00641846 0.05050000 -0.01013920
v -0.00903393 0.05050000 -0.00473584
v -0.01062815 0.05050000 -0.00557158
v -0.01019153 0.05050000 0.00041560
v -0.01199003 0.05050000 0.00048895
v -0.00861832 0.05050000 0.00545569
v -0.01013920 0.05050000 0.00641846
v -0.00473584 0.05050000 0.00903393
v -0.00557158 0.05050000 0.01062815
v 0.00041560 0.05050000 0.01019153
v 0.00048895 0.05050000 0.01199003
v -0.02034394 0.04700000 -0.02279093
v -0.02034394 0.04939999 -0.02279093
v -0.02167641 0.04700000 -0.02086774
v -0.02167641 0.04939999 -0.02086774
v -0.02198805 0.04700000 -0.01854890
v -0.02198805 0.04939999 -0.01854890
v -0.02121061 0.04700000 -0.01634215
v -0.02121061 0.04939999 -0.01634215
v -0.00804986 0.04700000 0.01145424
v -0.00804986 0.04939999 0.01145424
v -0.00976613 0.04700000 0.01068115
v -0.00976613 0.04939999 0.01068115
v -0.01164662 0.04700000 0.01059742
v -0.01164662 0.04939999 0.01059742
v -0.01342481 0.04700000 0.01121492
v -0.01342481 0.04939999 0.01121492
v 0.02246229 0.04939999 -0.02016745
v 0.02246229 0.04700000 -0.02016745
v 0.02264650 0.04939999 -0.01835530
v 0.02264650 0.04700000 -0.01835530
v 0.02200808 0.04939999 -0.01664936
v 0.02200808 0.04700000 -0.01664936
v 0.02067943 0.04939999 -0.01540337
v 0.02067943 0.04700000 -0.01540337
v 0.00589474 0.04700000 0.01269851
v 0.00589474 0.04939999 0.01269851
v 0.00436708 0.04700000 0.01379830
v 0.00436708 0.04939999 0.01379830
v 0.00335433 0.04700000 0.01538498
v 0.00335433 0.04939999 0.01538498
v -0.00074938 0.04109999 0.02003056
v -0.00074938 0.04780000 0.02003056
v -0.00063370 0.04109999 0.02040115
v -0.00063370 0.04780000 0.02040115
v -0.00034822 0.04109999 0.02066426
v -0.00034822 0.04780000 0.02066426
v 0.00003056 0.04109999 0.02074938
v 0.00003056 0.04780000 0.02074938
v 0.00040115 0.04109999 0.02063370
v 0.00040115 0.04780000 0.02063370
v 0.00066426 0.04109999 0.02034822
v 0.00066426 0.04780000 0.02034822
v 0.00074938 0.04109999 0.01996944
v 0.00074938 0.04780000 0.01996944
v 0.00063370 0.04109999 0.01959885
v 0.00063370 0.04780000 0.01959885
v 0.00034822 0.04109999 0.01933574
v 0.00034822 0.04780000 0.01933574
v -0.00003056 0.04109999 0.01925062
v -0.00003056 0.04780000 0.01925062
v -0.00040115 0.04109999 0.01936630
v -0.00040115 0.04780000 0.01936630
v -0.00066426 0.04109999 0.01965178
v -0.00066426 0.04780000 0.01965178
v 0.03049212 0.05185000 -0.00000000
v 0.02700623 0.05185000 0.01415743
v 0.02953739 0.04690000 0.01548434
v 0.01630936 0.05185000 0.02576381
v 0.01783796 0.04690000 0.02817853
v 0.00124242 0.05185000 0.03046679
v 0.00135886 0.04690000 0.03332230
v -0.01415743 0.05185000 0.02700623
v -0.01548434 0.04690000 0.02953739
v -0.02576381 0.05185000 0.01630936
v -0.02817853 0.04690000 0.01783796
v -0.03046679 0.05185000 0.00124242
v -0.03332230 0.04690000 0.00135886
v -0.02700623 0.05185000 -0.01415743
v -0.02953739 0.04690000 -0.01548434
v -0.01630936 0.05185000 -0.02576381
v -0.01783796 0.04690000 -0.02817853
v -0.00124242 0.05185000 -0.03046679
v -0.00135886 0.04690000 -0.03332230
v 0.01415743 0.05185000 -0.02700623
v 0.01548434 0.04690000 -0.02953739
v 0.02576381 0.05185000 -0.01630936
v 0.02817853 0.04690000 -0.01783796
v 0.03046679 0.05185000 -0.00124242
v 0.03332230 0.04690000 -0.00135886
v -0.00805461 0.04939999 -0.02946906
v -0.00805461 0.04700000 -0.02946906
v -0.00804986 0.04700000 0.01145424
v -0.00589474 0.04700000 0.01269851
v -0.00804986 0.04939999 0.01145424
v -0.00589474 0.04939999 0.01269851
v 0.00544444 0.04939999 -0.01289799
v 0.00415892 0.04939999 -0.01376741
v 0.00330106 0.04939999 -0.01506068
v 0.00300000 0.04939999 -0.01658312
v 0.00805461 0.04939999 -0.02946906
v 0.00844776 0.04939999 -0.01116402
v 0.02149365 0.04939999 -0.02171003
v 0.02246229 0.04939999 -0.02016745
v 0.02264650 0.04939999 -0.01835530
v 0.00457291 0.04939999 -0.02879009
v 0.00623438 0.04939999 -0.02953664
v 0.00341473 0.04939999 -0.02738424
v 0.00300000 0.04939999 -0.02561059
v 0.01139240 0.04939999 -0.01038914
v 0.00984347 0.04939999 -0.01048543
v 0.01286141 0.04939999 -0.01088964
v 0.02067943 0.04939999 -0.01540337
v 0.02200808 0.04939999 -0.01664936
v 0.00589474 0.04700000 0.01269851
v 0.00844776 0.04700000 0.01116402
v 0.00589474 0.04939999 0.01269851
v 0.00844776 0.04939999 0.01116402
v -0.00074938 0.04109999 -0.01996944
v -0.00074938 0.04780000 -0.01996944
v -0.00063370 0.04109999 -0.01959885
v -0.00063370 0.04780000 -0.01959885
v -0.00034822 0.04109999 -0.01933574
v -0.00034822 0.04780000 -0.01933574
v 0.00003056 0.04109999 -0.01925062
v 0.00003056 0.04780000 -0.01925062
v 0.00040115 0.04109999 -0.01936630
v 0.00040115 0.04780000 -0.01936630
v 0.00066426 0.04109999 -0.01965178
v 0.00066426 0.04780000 -0.01965178
v 0.00074938 0.04109999 -0.02003056
v 0.00074938 0.04780000 -0.02003056
v 0.00063370 0.04109999 -0.02040115
v 0.00063370 0.04780000 -0.02040115
v 0.00034822 0.04109999 -0.02066426
v 0.00034822 0.04780000 -0.02066426
v -0.00003056 0.04109999 -0.02074938
v -0.00003056 0.04780000 -0.02074938
v -0.00040115 0.04109999 -0.02063370
v -0.00040115 0.04780000 -0.02063370
v -0.00066426 0.04109999 -0.02034822
v -0.00066426 0.04780000 -0.02034822
v 0.01626434 0.05159999 -0.00933141
v 0.01592637 0.05199999 -0.00911746
v 0.01674014 0.05159999 -0.00889290
v 0.01655442 0.05199999 -0.00853863
v 0.01737144 0.05159999 -0.00875104
v 0.01738774 0.05199999 -0.00835137
v 0.01798910 0.05159999 -0.00894383
v 0.01820305 0.05199999 -0.00860586
v 0.01842761 0.05159999 -0.00941963
v 0.01878188 0.05199999 -0.00923391
v 0.01856947 0.05159999 -0.01005093
v 0.01896914 0.05199999 -0.01006723
v 0.01837667 0.05159999 -0.01066859
v 0.01871465 0.05199999 -0.01088254
v 0.01790088 0.05159999 -0.01110710
v 0.01808660 0.05199999 -0.01146137
v 0.01726958 0.05159999 -0.01124896
v 0.01725328 0.05199999 -0.01164863
v 0.01665192 0.05159999 -0.01105617
v 0.01643797 0.05199999 -0.01139414
v 0.01621341 0.05159999 -0.01058037
v 0.01585914 0.05199999 -0.01076609
v 0.01607155 0.05159999 -0.00994907
v 0.01567188 0.05199999 -0.00993277
v -0.00623438 0.04939999 -0.02953664
v -0.00623438 0.04700000 -0.02953664
v -0.00457291 0.04939999 -0.02879009
v -0.00457291 0.04700000 -0.02879009
v -0.00341473 0.04939999 -0.02738424
v -0.00341473 0.04700000 -0.02738424
v -0.00300000 0.04939999 -0.02561059
v -0.00300000 0.04700000 -0.02561059
v -0.00589474 0.04939999 0.01269851
v -0.00589474 0.04700000 0.01269851
v -0.00436708 0.04939999 0.01379830
v -0.00436708 0.04700000 0.01379830
v -0.00335433 0.04939999 0.01538498
v -0.00335433 0.04700000 0.01538498
v -0.00300000 0.04939999 0.01723369
v -0.00300000 0.04700000 0.01723369
v 0.01389221 0.04700000 0.00173397
v 0.01389221 0.04939999 0.00173397
v 0.01400238 0.04700000 0.00328198
v 0.01400238 0.04939999 0.00328198
v 0.01469346 0.04700000 0.00467154
v 0.01469346 0.04939999 0.00467154
v 0.01586141 0.04700000 0.00569349
v 0.01586141 0.04939999 0.00569349
v 0.00844776 0.04939999 0.01116402
v 0.00844776 0.04700000 0.01116402
v 0.00984347 0.04939999 0.01048543
v 0.00984347 0.04700000 0.01048543
v 0.01139240 0.04939999 0.01038914
v 0.01139240 0.04700000 0.01038914
v 0.01286141 0.04939999 0.01088964
v 0.01286141 0.04700000 0.01088964
v -0.01806988 0.04109999 -0.00996944
v -0.01806988 0.04780000 -0.00996944
v -0.01795421 0.04109999 -0.00959885
v -0.01795421 0.04780000 -0.00959885
v -0.01766873 0.04109999 -0.00933574
v -0.01766873 0.04780000 -0.00933574
v -0.01728995 0.04109999 -0.00925062
v -0.01728995 0.04780000 -0.00925062
v -0.01691936 0.04109999 -0.00936630
v -0.01691936 0.04780000 -0.00936630
v -0.01665625 0.04109999 -0.00965178
v -0.01665625 0.04780000 -0.00965178
v -0.01657113 0.04109999 -0.01003056
v -0.01657113 0.04780000 -0.01003056
v -0.01668681 0.04109999 -0.01040115
v -0.01668681 0.04780000 -0.01040115
v -0.01697229 0.04109999 -0.01066426
v -0.01697229 0.04780000 -0.01066426
v -0.01735107 0.04109999 -0.01074938
v -0.01735107 0.04780000 -0.01074938
v -0.01772166 0.04109999 -0.01063370
v -0.01772166 0.04780000 -0.01063370
v -0.01798477 0.04109999 -0.01034822
v -0.01798477 0.04780000 -0.01034822
v -0.00105617 0.05159999 0.02066859
v -0.00139414 0.05199999 0.02088254
v -0.00058037 0.05159999 0.02110710
v -0.00076609 0.05199999 0.02146137
v 0.00005093 0.05159999 0.02124896
v 0.00006723 0.05199999 0.02164863
v 0.00066859 0.05159999 0.02105617
v 0.00088254 0.05199999 0.02139414
v 0.00110710 0.05159999 0.02058037
v 0.00146137 0.05199999 0.02076609
v 0.00124896 0.05159999 0.01994907
v 0.00164863 0.05199999 0.01993277
v 0.00105617 0.05159999 0.01933141
v 0.00139414 0.05199999 0.01911746
v 0.00058037 0.05159999 0.01889290
v 0.00076609 0.05199999 0.01853863
v -0.00005093 0.05159999 0.01875104
v -0.00006723 0.05199999 0.01835137
v -0.00066859 0.05159999 0.01894383
v -0.00088254 0.05199999 0.01860586
v -0.00110710 0.05159999 0.01941963
v -0.00146137 0.05199999 0.01923391
v -0.00124896 0.05159999 0.02005093
v -0.00164863 0.05199999 0.02006723
v -0.02034394 0.04939999 -0.02279093
v -0.00805461 0.04939999 -0.02946906
v -0.00544444 0.04939999 -0.01289798
v -0.00804986 0.04939999 -0.01145425
v -0.00976613 0.04939999 -0.01068115
v -0.01164662 0.04939999 -0.01059742
v -0.01951432 0.04939999 -0.01473070
v -0.02121061 0.04939999 -0.01634215
v -0.02198805 0.04939999 -0.01854890
v -0.00623438 0.04939999 -0.02953664
v -0.00457291 0.04939999 -0.02879009
v -0.01342481 0.04939999 -0.01121492
v -0.02167641 0.04939999 -0.02086774
v -0.00330106 0.04939999 -0.01506068
v -0.00415892 0.04939999 -0.01376741
v -0.00300000 0.04939999 -0.01658312
v -0.00300000 0.04939999 -0.02561059
v -0.00341473 0.04939999 -0.02738424
v -0.00300000 0.04939999 0.02426525
v -0.00300000 0.04700000 0.02426525
v 0.01389220 0.04939999 -0.00173397
v 0.01400238 0.04939999 -0.00328198
v 0.01469346 0.04939999 -0.00467154
v 0.01586141 0.04939999 -0.00569349
v 0.02954826 0.04939999 -0.00775903
v 0.01389221 0.04939999 0.00173397
v 0.02954827 0.04939999 0.00775903
v 0.02869667 0.04939999 0.00936919
v 0.02721941 0.04939999 0.01043479
v 0.02721941 0.04939999 -0.01043479
v 0.02869667 0.04939999 -0.00936919
v 0.02542281 0.04939999 -0.01073488
v 0.02367943 0.04939999 -0.01020722
v 0.01469346 0.04939999 0.00467154
v 0.01400238 0.04939999 0.00328198
v 0.01586141 0.04939999 0.00569349
v 0.02367942 0.04939999 0.01020722
v 0.02542281 0.04939999 0.01073488
v 0.01951432 0.04939999 0.01473070
v 0.01951432 0.04700000 0.01473070
v 0.00999170 0.05029999 -0.00040745
v 0.00999170 0.04109999 -0.00040745
v 0.00885679 0.05029999 0.00464298
v 0.00885679 0.04109999 0.00464298
v 0.00534871 0.05029999 0.00844933
v 0.00534871 0.04109999 0.00844933
v 0.00040745 0.05029999 0.00999170
v 0.00040745 0.04109999 0.00999170
v -0.00464298 0.05029999 0.00885679
v -0.00464298 0.04109999 0.00885679
v -0.00844933 0.05029999 0.00534871
v -0.00844933 0.04109999 0.00534871
v -0.00999170 0.05029999 0.00040745
v -0.00999170 0.04109999 0.00040745
v -0.00885679 0.05029999 -0.00464298
v -0.00885679 0.04109999 -0.00464298
v -0.00534871 0.05029999 -0.00844933
v -0.00534871 0.04109999 -0.00844933
v -0.00040745 0.05029999 -0.00999170
v -0.00040745 0.04109999 -0.00999170
v 0.00464298 0.05029999 -0.00885679
v 0.00464298 0.04109999 -0.00885679
v 0.00844933 0.05029999 -0.00534871
v 0.00844933 0.04109999 -0.00534871
v -0.00168987 0.05159999 -0.01893026
v -0.00202784 0.05199999 -0.01871631
v -0.00092860 0.05159999 -0.01822864
v -0.00111432 0.05199999 -0.01787437
v 0.00008149 0.05159999 -0.01800166
v 0.00009779 0.05199999 -0.01760199
v 0.00106974 0.05159999 -0.01831013
v 0.00128369 0.05199999 -0.01797216
v 0.00177136 0.05159999 -0.01907140
v 0.00212563 0.05199999 -0.01888568
v 0.00199834 0.05159999 -0.02008149
v 0.00239801 0.05199999 -0.02009779
v 0.00168987 0.05159999 -0.02106974
v 0.00202784 0.05199999 -0.02128369
v 0.00092860 0.05159999 -0.02177136
v 0.00111432 0.05199999 -0.02212563
v -0.00008149 0.05159999 -0.02199834
v -0.00009779 0.05199999 -0.02239801
v -0.00106974 0.05159999 -0.02168987
v -0.00128369 0.05199999 -0.02202784
v -0.00177136 0.05159999 -0.02092860
v -0.00212563 0.05199999 -0.02111432
v -0.00199834 0.05159999 -0.01991851
v -0.00239801 0.05199999 -0.01990221
v -0.01394460 0.04939999 0.00124426
v -0.01394460 0.04700000 0.00124426
v -0.01413322 0.04939999 0.00311714
v -0.01413322 0.04700000 0.00311714
v -0.01500095 0.04939999 0.00478756
v -0.01500095 0.04700000 0.00478756
v -0.01642481 0.04939999 0.00601877
v -0.01642481 0.04700000 0.00601877
v -0.00956556 0.04700000 0.02901383
v -0.00956556 0.04939999 0.02901383
v -0.00723379 0.04700000 0.02920620
v -0.00723379 0.04939999 0.02920620
v -0.00506979 0.04700000 0.02831666
v -0.00506979 0.04939999 0.02831666
v -0.00354741 0.04700000 0.02654000
v -0.00354741 0.04939999 0.02654000
v 0.02954827 0.04939999 0.00775903
v 0.02954827 0.04700000 0.00775903
v 0.02167641 0.04700000 0.02086774
v 0.02167641 0.04939999 0.02086774
v 0.02198805 0.04700000 0.01854890
v 0.02198805 0.04939999 0.01854890
v 0.02121061 0.04700000 0.01634215
v 0.02121061 0.04939999 0.01634215
v 0.01730309 0.04610000 0.02733360
v 0.01783796 0.04610000 0.02817853
v 0.00131812 0.04610000 0.03232314
v 0.00135886 0.04610000 0.03332230
v -0.01502005 0.04610000 0.02865171
v -0.01548434 0.04610000 0.02953739
v -0.02733360 0.04610000 0.01730309
v -0.02817853 0.04610000 0.01783796
v -0.03232314 0.04610000 0.00131812
v -0.03332230 0.04610000 0.00135886
v -0.02865171 0.04610000 -0.01502005
v -0.02953739 0.04610000 -0.01548434
v -0.01730309 0.04610000 -0.02733360
v -0.01783796 0.04610000 -0.02817853
v -0.00131812 0.04610000 -0.03232314
v -0.00135886 0.04610000 -0.03332230
v 0.01502005 0.04610000 -0.02865171
v 0.01548434 0.04610000 -0.02953739
v 0.02733360 0.04610000 -0.01730309
v 0.02817853 0.04610000 -0.01783796
v 0.03232314 0.04610000 -0.00131812
v 0.03332230 0.04610000 -0.00135886
v 0.02865171 0.04610000 0.01502005
v 0.02953739 0.04610000 0.01548434
v -0.01837667 0.05159999 -0.00933141
v -0.01871465 0.05199999 -0.00911746
v -0.01790088 0.05159999 -0.00889290
v -0.01808660 0.05199999 -0.00853863
v -0.01726958 0.05159999 -0.00875104
v -0.01725328 0.05199999 -0.00835137
v -0.01665192 0.05159999 -0.00894383
v -0.01643797 0.05199999 -0.00860586
v -0.01621341 0.05159999 -0.00941963
v -0.01585914 0.05199999 -0.00923391
v -0.01607155 0.05159999 -0.01005093
v -0.01567188 0.05199999 -0.01006723
v -0.01626434 0.05159999 -0.01066859
v -0.01592637 0.05199999 -0.01088254
v -0.01674014 0.05159999 -0.01110710
v -0.01655442 0.05199999 -0.01146137
v -0.01737144 0.05159999 -0.01124896
v -0.01738774 0.05199999 -0.01164863
v -0.01798910 0.05159999 -0.01105617
v -0.01820305 0.05199999 -0.01139414
v -0.01842761 0.05159999 -0.01058037
v -0.01878188 0.05199999 -0.01076609
v -0.01856947 0.05159999 -0.00994907
v -0.01896914 0.05199999 -0.00993277
v -0.01500095 0.04700000 0.00478756
v -0.01413322 0.04700000 0.00311714
v -0.01394460 0.04700000 0.00124426
v -0.02990950 0.04700000 -0.00622290
v -0.01394460 0.04700000 -0.00124426
v -0.01413322 0.04700000 -0.00311714
v -0.02251433 0.04700000 -0.00953455
v -0.02475802 0.04700000 -0.01019785
v -0.02705784 0.04700000 -0.00976776
v -0.02990950 0.04700000 0.00622290
v -0.02891020 0.04700000 -0.00833845
v -0.01642481 0.04700000 -0.00601877
v -0.01500095 0.04700000 -0.00478756
v -0.02705784 0.04700000 0.00976776
v -0.02475802 0.04700000 0.01019785
v -0.02891020 0.04700000 0.00833845
v -0.02251433 0.04700000 0.00953455
v -0.01642481 0.04700000 0.00601877
v -0.02034394 0.04939999 0.02279093
v -0.02034394 0.04700000 0.02279093
v 0.02869667 0.04939999 0.00936919
v 0.02869667 0.04700000 0.00936919
v 0.02721941 0.04939999 0.01043479
v 0.02721941 0.04700000 0.01043479
v 0.02542281 0.04939999 0.01073488
v 0.02542281 0.04700000 0.01073488
v 0.02367942 0.04939999 0.01020722
v 0.02367942 0.04700000 0.01020722
v 0.00335433 0.04700000 0.01538498
v 0.00300000 0.04700000 0.01723369
v 0.00956556 0.04700000 0.02901384
v 0.00436708 0.04700000 0.01379830
v 0.01139240 0.04700000 0.01038914
v 0.00984347 0.04700000 0.01048543
v 0.02034394 0.04700000 0.02279093
v 0.00844776 0.04700000 0.01116402
v 0.00589474 0.04700000 0.01269851
v 0.00506979 0.04700000 0.02831666
v 0.00723379 0.04700000 0.02920620
v 0.00354741 0.04700000 0.02654000
v 0.00300000 0.04700000 0.02426525
v 0.02198805 0.04700000 0.01854890
v 0.02121061 0.04700000 0.01634215
v 0.02167641 0.04700000 0.02086774
v 0.01951432 0.04700000 0.01473070
v 0.01286141 0.04700000 0.01088964
v 0.01668681 0.04780000 -0.00959885
v 0.01626434 0.04780000 -0.00933141
v 0.01697228 0.04780000 -0.00933574
v 0.01674014 0.04780000 -0.00889290
v 0.01735107 0.04780000 -0.00925062
v 0.01737144 0.04780000 -0.00875104
v 0.01772166 0.04780000 -0.00936630
v 0.01798910 0.04780000 -0.00894383
v 0.01798477 0.04780000 -0.00965178
v 0.01842761 0.04780000 -0.00941963
v 0.01806989 0.04780000 -0.01003056
v 0.01856947 0.04780000 -0.01005093
v 0.01795421 0.04780000 -0.01040115
v 0.01837667 0.04780000 -0.01066859
v 0.01766873 0.04780000 -0.01066426
v 0.01790088 0.04780000 -0.01110710
v 0.01728995 0.04780000 -0.01074938
v 0.01726958 0.04780000 -0.01124896
v 0.01691935 0.04780000 -0.01063370
v 0.01665192 0.04780000 -0.01105617
v 0.01665625 0.04780000 -0.01034822
v 0.01621341 0.04780000 -0.01058037
v 0.01657113 0.04780000 -0.00996944
v 0.01607155 0.04780000 -0.00994907
v 0.01199003 0.05189999 -0.00048895
v 0.01199003 0.05050000 -0.00048895
v 0.01062815 0.05189999 0.00557158
v 0.01062815 0.05050000 0.00557158
v 0.00641846 0.05189999 0.01013920
v 0.00641846 0.05050000 0.01013920
v 0.00048895 0.05189999 0.01199003
v 0.00048895 0.05050000 0.01199003
v -0.00557158 0.05189999 0.01062815
v -0.00557158 0.05050000 0.01062815
v -0.01013920 0.05189999 0.00641846
v -0.01013920 0.05050000 0.00641846
v -0.01199003 0.05189999 0.00048895
v -0.01199003 0.05050000 0.00048895
v -0.01062815 0.05189999 -0.00557158
v -0.01062815 0.05050000 -0.00557158
v -0.00641846 0.05189999 -0.01013920
v -0.00641846 0.05050000 -0.01013920
v -0.00048895 0.05189999 -0.01199003
v -0.00048895 0.05050000 -0.01199003
v 0.00557158 0.05189999 -0.01062815
v 0.00557158 0.05050000 -0.01062815
v 0.01013920 0.05189999 -0.00641846
v 0.01013920 0.05050000 -0.00641846
v -0.01642481 0.04939999 -0.00601877
v -0.02251433 0.04939999 -0.00953455
v -0.01642481 0.04700000 -0.00601877
v -0.02251433 0.04700000 -0.00953455
v -0.02167641 0.04939999 0.02086774
v -0.02167641 0.04700000 0.02086774
v -0.02198805 0.04939999 0.01854890
v -0.02198805 0.04700000 0.01854890
v -0.02121061 0.04939999 0.01634215
v -0.02121061 0.04700000 0.01634215
v -0.01951432 0.04939999 0.01473070
v -0.01951432 0.04700000 0.01473070
v 0.00034822 0.04780000 0.01933574
v 0.00058037 0.04780000 0.01889290
v -0.00003056 0.04780000 0.01925062
v -0.00005093 0.04780000 0.01875104
v -0.00040115 0.04780000 0.01936630
v -0.00066859 0.04780000 0.01894383
v -0.00066426 0.04780000 0.01965178
v -0.00110710 0.04780000 0.01941963
v -0.00074938 0.04780000 0.02003056
v -0.00124896 0.04780000 0.02005093
v -0.00063370 0.04780000 0.02040115
v -0.00105617 0.04780000 0.02066859
v -0.00034822 0.04780000 0.02066426
v -0.00058037 0.04780000 0.02110710
v 0.00003056 0.04780000 0.02074938
v 0.00005093 0.04780000 0.02124896
v 0.00040115 0.04780000 0.02063370
v 0.00066859 0.04780000 0.02105617
v 0.00066426 0.04780000 0.02034822
v 0.00110710 0.04780000 0.02058037
v 0.00074938 0.04780000 0.01996944
v 0.00124896 0.04780000 0.01994907
v 0.00063370 0.04780000 0.01959885
v 0.00105617 0.04780000 0.01933141
v 0.02700623 0.05185000 0.01415743
v 0.03049212 0.05185000 -0.00000000
v 0.03020720 0.05199999 -0.00123183
v 0.02677612 0.05199999 0.01403681
v 0.01617040 0.05199999 0.02554429
v 0.01630936 0.05185000 0.02576381
v 0.00123183 0.05199999 0.03020720
v 0.00124242 0.05185000 0.03046679
v -0.01403681 0.05199999 0.02677612
v -0.01415743 0.05185000 0.02700623
v -0.02554429 0.05199999 0.01617040
v -0.02576381 0.05185000 0.01630936
v -0.03020720 0.05199999 0.00123183
v -0.03046679 0.05185000 0.00124242
v -0.02677612 0.05199999 -0.01403681
v -0.02700623 0.05185000 -0.01415743
v -0.01617040 0.05199999 -0.02554429
v -0.01630936 0.05185000 -0.02576381
v -0.00123183 0.05199999 -0.03020720
v -0.00124242 0.05185000 -0.03046679
v 0.01403681 0.05199999 -0.02677612
v 0.01415743 0.05185000 -0.02700623
v 0.02554429 0.05199999 -0.01617040
v 0.02576381 0.05185000 -0.01630936
v 0.03046679 0.05185000 -0.00124242
v -0.01394460 0.04700000 -0.00124426
v -0.01394460 0.04939999 -0.00124426
v -0.01413322 0.04700000 -0.00311714
v -0.01413322 0.04939999 -0.00311714
v -0.01500095 0.04700000 -0.00478756
v -0.01500095 0.04939999 -0.00478756
v -0.01642481 0.04700000 -0.00601877
v -0.01642481 0.04939999 -0.00601877
v -0.00804986 0.04939999 0.01145424
v -0.00589474 0.04939999 0.01269851
v -0.00956556 0.04939999 0.02901383
v -0.02034394 0.04939999 0.02279093
v -0.01164662 0.04939999 0.01059742
v -0.00976613 0.04939999 0.01068115
v -0.02198805 0.04939999 0.01854890
v -0.02121061 0.04939999 0.01634215
v -0.02167641 0.04939999 0.02086774
v -0.01951432 0.04939999 0.01473070
v -0.01342481 0.04939999 0.01121492
v -0.00436708 0.04939999 0.01379830
v -0.00335433 0.04939999 0.01538498
v -0.00300000 0.04939999 0.01723369
v -0.00506979 0.04939999 0.02831666
v -0.00723379 0.04939999 0.02920620
v -0.00354741 0.04939999 0.02654000
v -0.00300000 0.04939999 0.02426525
v 0.01389221 0.04700000 0.00173397
v 0.01389220 0.04700000 -0.00173397
v 0.01389221 0.04939999 0.00173397
v 0.01389220 0.04939999 -0.00173397
v 0.01999021 0.01823072 0.00742000
v 0.02001407 0.01806531 0.00737448
v 0.02012268 0.01813801 0.00716731
v 0.02005823 0.01803441 0.00729024
v 0.01936786 0.01730966 0.00860717
v 0.01944466 0.01736107 0.00846067
v 0.01941091 0.01759498 0.00852506
v 0.01945901 0.01745618 0.00843330
v 0.01982321 0.01824017 0.00773856
v 0.01986964 0.01809874 0.00764999
v 0.01989286 0.01824999 0.00760571
v 0.01991607 0.01809874 0.00756142
v 0.01996250 0.01824017 0.00747286
v 0.01979550 0.01596927 0.00779141
v 0.01977164 0.01613468 0.00783694
v 0.01966303 0.01606197 0.00804411
v 0.01972748 0.01616558 0.00792117
v 0.02025437 0.01647249 0.00691611
v 0.02028020 0.01630846 0.00686683
v 0.02028166 0.01655339 0.00686405
v 0.02035526 0.01652499 0.00672363
v 0.02036207 0.01655117 0.00671065
v 0.02034105 0.01736107 0.00675075
v 0.02032670 0.01745618 0.00677812
v 0.02104959 0.01736107 0.00712219
v 0.02103525 0.01745618 0.00714955
v 0.01667370 0.01445000 0.00541005
v 0.01657156 0.01570000 0.00586459
v 0.01657156 0.01445000 0.00586459
v 0.01625583 0.01570000 0.00620716
v 0.01625583 0.01445000 0.00620716
v 0.01581112 0.01570000 0.00634597
v 0.01581112 0.01445000 0.00634597
v 0.01535658 0.01570000 0.00624383
v 0.01535658 0.01445000 0.00624383
v 0.01501401 0.01570000 0.00592811
v 0.01501401 0.01445000 0.00592811
v 0.01487520 0.01570000 0.00548339
v 0.01487520 0.01445000 0.00548339
v 0.01497734 0.01570000 0.00502885
v 0.01497734 0.01445000 0.00502885
v 0.01529306 0.01570000 0.00468628
v 0.01529306 0.01445000 0.00468628
v 0.01573778 0.01570000 0.00454747
v 0.01573778 0.01445000 0.00454747
v 0.01619232 0.01570000 0.00464961
v 0.01619232 0.01445000 0.00464961
v 0.01653489 0.01570000 0.00496534
v 0.01653489 0.01445000 0.00496534
v 0.01667370 0.01570000 0.00541005
v 0.02552708 0.01697499 0.01176392
v 0.02559980 0.01652964 0.01162520
v 0.02563265 0.01652925 0.01164314
v 0.02588348 0.01656502 0.01171017
v 0.02565449 0.01697499 0.01181867
v 0.02556131 0.01697499 0.01177863
v 0.02625298 0.01671474 0.01163408
v 0.02607777 0.01697499 0.01178534
v 0.02584529 0.01697499 0.01183846
v 0.02653823 0.01697499 0.01140883
v 0.02634974 0.01697499 0.01162328
v 0.02620129 0.01697499 0.01171174
v 0.02662070 0.01683867 0.01127377
v 0.02635961 0.01648512 0.01143068
v 0.02658282 0.01663045 0.01125391
v 0.02647216 0.01639151 0.01119590
v 0.02643504 0.01631136 0.01117644
v 0.02603154 0.01624615 0.01142773
v 0.02627048 0.01613336 0.01109018
v 0.02612502 0.01605479 0.01101392
v 0.02579061 0.01618904 0.01134181
v 0.02599700 0.01603751 0.01094681
v 0.02575765 0.01618969 0.01132408
v 0.02596439 0.01603311 0.01092972
v 0.02664550 0.01697499 0.01128677
v 0.01936347 0.01694999 0.00861554
v 0.01942914 0.01705000 0.00849028
v 0.01935891 0.01710000 0.00862424
v 0.01942914 0.01714999 0.00849028
v 0.01936347 0.01724999 0.00861554
v 0.02104959 0.01736107 0.00712219
v 0.02103525 0.01745618 0.00714955
v 0.02112639 0.01730966 0.00697569
v 0.02108335 0.01759498 0.00705780
v 0.02048018 0.01806531 0.00820838
v 0.02043602 0.01803441 0.00829261
v 0.02050405 0.01823072 0.00816285
v 0.02037158 0.01813801 0.00841555
v 0.02023389 0.01626574 0.00867819
v 0.02031005 0.01632137 0.00853291
v 0.02033443 0.01610406 0.00848641
v 0.02034761 0.01626260 0.00846126
v 0.02034658 0.01608941 0.00846323
v 0.02089275 0.01632137 0.00742138
v 0.02096890 0.01626574 0.00727610
v 0.02085518 0.01626260 0.00749304
v 0.02086837 0.01610406 0.00746788
v 0.02085622 0.01608941 0.00749106
v 0.02018420 0.01787861 0.00704994
v 0.02014664 0.01793739 0.00712160
v 0.02089275 0.01787861 0.00742138
v 0.02085518 0.01793739 0.00749304
v 0.02032670 0.01674381 0.00677812
v 0.02034105 0.01683891 0.00675075
v 0.02103525 0.01674381 0.00714955
v 0.02104959 0.01683891 0.00712219
v 0.02361830 0.01722500 0.01062199
v 0.02273262 0.01722500 0.01015769
v 0.02311183 0.01722500 0.00943432
v 0.02552708 0.01722500 0.01176392
v 0.02587971 0.01722500 0.01183559
v 0.02569777 0.01722500 0.01182893
v 0.02612692 0.01722500 0.01176421
v 0.02642285 0.01722500 0.01155906
v 0.02664550 0.01722500 0.01128677
v 0.02005823 0.01803441 0.00729024
v 0.02076677 0.01803441 0.00766168
v 0.02012268 0.01813801 0.00716731
v 0.02083122 0.01813801 0.00753874
v 0.01945901 0.01745618 0.00843330
v 0.02016755 0.01745618 0.00880474
v 0.01941091 0.01759498 0.00852506
v 0.02011945 0.01759498 0.00889650
v 0.01991607 0.01809874 0.00756142
v 0.02062461 0.01809874 0.00793286
v 0.01996250 0.01824017 0.00747286
v 0.02067104 0.01824017 0.00784430
v 0.01972748 0.01616558 0.00792117
v 0.02043602 0.01616558 0.00829261
v 0.01966303 0.01606197 0.00804411
v 0.02037158 0.01606197 0.00841555
v 0.02025437 0.01647249 0.00691611
v 0.02096291 0.01647249 0.00728754
v 0.02028020 0.01630846 0.00686683
v 0.02098874 0.01630846 0.00723827
v 0.02028166 0.01764659 0.00686405
v 0.02025437 0.01772749 0.00691611
v 0.02099020 0.01764659 0.00723549
v 0.02096291 0.01772749 0.00728754
v 0.02099527 0.01710000 0.00959497
v 0.02145936 0.01757499 0.00935583
v 0.02107303 0.01772500 0.00944665
v 0.02162081 0.01792272 0.00904786
v 0.02128546 0.01818252 0.00904142
v 0.02184135 0.01804999 0.00862717
v 0.02157564 0.01835000 0.00848787
v 0.02206189 0.01792272 0.00820647
v 0.02186583 0.01818252 0.00793433
v 0.02222334 0.01757499 0.00789850
v 0.02207826 0.01772500 0.00752910
v 0.02228243 0.01710000 0.00778577
v 0.02215602 0.01710000 0.00738078
v 0.02222334 0.01662499 0.00789850
v 0.02207826 0.01647499 0.00752910
v 0.02206189 0.01627727 0.00820647
v 0.02186583 0.01601747 0.00793433
v 0.02184135 0.01615000 0.00862717
v 0.02157564 0.01584999 0.00848787
v 0.02162081 0.01627727 0.00904786
v 0.02128546 0.01601747 0.00904142
v 0.02145936 0.01662499 0.00935583
v 0.02107303 0.01647499 0.00944665
v 0.02140027 0.01710000 0.00946856
v 0.02399751 0.01615825 0.00989862
v 0.02382132 0.01629500 0.01023471
v 0.02552708 0.01697499 0.01176392
v 0.02361830 0.01697499 0.01062199
v 0.02368179 0.01659553 0.01050088
v 0.02559982 0.01652960 0.01162516
v 0.02575760 0.01618980 0.01132418
v 0.01999021 0.01823072 0.00742000
v 0.02069875 0.01823072 0.00779144
v 0.02001407 0.01806531 0.00737448
v 0.02072262 0.01806531 0.00774592
v 0.01936786 0.01730966 0.00860717
v 0.02007641 0.01730966 0.00897861
v 0.01944466 0.01736107 0.00846067
v 0.02015320 0.01736107 0.00883211
v 0.01982321 0.01824017 0.00773856
v 0.02053175 0.01824017 0.00811000
v 0.01986964 0.01809874 0.00764999
v 0.02057818 0.01809874 0.00802143
v 0.01979550 0.01596927 0.00779141
v 0.02050405 0.01596927 0.00816285
v 0.01977164 0.01613468 0.00783694
v 0.02048018 0.01613468 0.00820838
v 0.02036207 0.01655117 0.00671065
v 0.02107061 0.01655117 0.00708209
v 0.02028166 0.01655339 0.00686405
v 0.02099020 0.01655339 0.00723549
v 0.01945901 0.01745618 0.00843330
v 0.01944466 0.01736107 0.00846067
v 0.02016755 0.01745618 0.00880474
v 0.02015320 0.01736107 0.00883211
v 0.02427503 0.01628356 0.00936922
v 0.02411358 0.01615825 0.00967720
v 0.02322791 0.01615825 0.00921290
v 0.02311183 0.01615825 0.00943432
v 0.02162081 0.01627727 0.00904786
v 0.02316987 0.01615000 0.00932361
v 0.02184135 0.01615000 0.00862717
v 0.02206189 0.01627727 0.00820647
v 0.02428977 0.01629500 0.00934111
v 0.02443461 0.01757272 0.00906482
v 0.02449280 0.01722500 0.00895383
v 0.02360712 0.01722500 0.00848953
v 0.02360712 0.01697499 0.00848953
v 0.02222334 0.01662499 0.00789850
v 0.02361095 0.01710000 0.00848222
v 0.02228243 0.01710000 0.00778577
v 0.02222334 0.01757499 0.00789850
v 0.02442930 0.01760446 0.00907494
v 0.02383606 0.01791642 0.01020660
v 0.02399751 0.01804174 0.00989862
v 0.02311183 0.01804174 0.00943432
v 0.02322791 0.01804174 0.00921290
v 0.02206189 0.01792272 0.00820647
v 0.02316987 0.01804999 0.00932361
v 0.02184135 0.01804999 0.00862717
v 0.02162081 0.01792272 0.00904786
v 0.02382132 0.01790499 0.01023471
v 0.02367648 0.01662727 0.01051100
v 0.02361830 0.01697499 0.01062199
v 0.02273262 0.01697499 0.01015769
v 0.02273262 0.01722500 0.01015769
v 0.02145936 0.01757499 0.00935583
v 0.02272879 0.01710000 0.01016501
v 0.02140027 0.01710000 0.00946856
v 0.02145936 0.01662499 0.00935583
v 0.02368179 0.01659553 0.01050088
v 0.02442930 0.01659553 0.00907494
v 0.02443461 0.01662727 0.00906482
v 0.02449280 0.01697499 0.00895383
v 0.02382132 0.01629500 0.01023471
v 0.02383606 0.01628356 0.01020660
v 0.02399751 0.01615825 0.00989862
v 0.02368179 0.01760446 0.01050088
v 0.02367648 0.01757272 0.01051100
v 0.02361830 0.01722500 0.01062199
v 0.02428977 0.01790499 0.00934111
v 0.02427503 0.01791642 0.00936922
v 0.02411358 0.01804174 0.00967720
v 0.02399751 0.01615825 0.00989862
v 0.02311183 0.01615825 0.00943432
v 0.02311183 0.01697499 0.00943432
v 0.02596439 0.01603311 0.01092972
v 0.02627048 0.01613336 0.01109018
v 0.02612502 0.01605479 0.01101392
v 0.02643504 0.01631136 0.01117644
v 0.02658282 0.01663045 0.01125391
v 0.02664550 0.01697499 0.01128677
v 0.02076677 0.01803441 0.00766168
v 0.02072262 0.01806531 0.00774592
v 0.02083122 0.01813801 0.00753874
v 0.02069875 0.01823072 0.00779144
v 0.02016755 0.01745618 0.00880474
v 0.02015320 0.01736107 0.00883211
v 0.02011945 0.01759498 0.00889650
v 0.02007641 0.01730966 0.00897861
v 0.02057818 0.01809874 0.00802143
v 0.02053175 0.01824017 0.00811000
v 0.02062461 0.01809874 0.00793286
v 0.02060140 0.01824999 0.00797715
v 0.02067104 0.01824017 0.00784430
v 0.02043602 0.01616558 0.00829261
v 0.02048018 0.01613468 0.00820838
v 0.02037158 0.01606197 0.00841555
v 0.02050405 0.01596927 0.00816285
v 0.02098874 0.01630846 0.00723827
v 0.02096291 0.01647249 0.00728754
v 0.02106381 0.01652499 0.00709507
v 0.02099020 0.01655339 0.00723549
v 0.02107061 0.01655117 0.00708209
v 0.01953135 0.01772749 0.00829531
v 0.01950406 0.01764659 0.00834737
v 0.02023989 0.01772749 0.00866675
v 0.02021260 0.01764659 0.00871881
v 0.01540301 0.01445000 0.00615527
v 0.01535658 0.01445000 0.00624383
v 0.01509850 0.01445000 0.00587462
v 0.01501401 0.01445000 0.00592811
v 0.01497511 0.01445000 0.00547932
v 0.01487520 0.01445000 0.00548339
v 0.01506590 0.01445000 0.00507528
v 0.01497734 0.01445000 0.00502885
v 0.01534655 0.01445000 0.00477078
v 0.01529306 0.01445000 0.00468628
v 0.01574185 0.01445000 0.00464739
v 0.01573778 0.01445000 0.00454747
v 0.01614589 0.01445000 0.00473818
v 0.01619232 0.01445000 0.00464961
v 0.01645039 0.01445000 0.00501883
v 0.01653489 0.01445000 0.00496534
v 0.01657378 0.01445000 0.00541413
v 0.01667370 0.01445000 0.00541005
v 0.01648299 0.01445000 0.00581816
v 0.01657156 0.01445000 0.00586459
v 0.01620235 0.01445000 0.00612267
v 0.01625583 0.01445000 0.00620716
v 0.01580704 0.01445000 0.00624606
v 0.01581112 0.01445000 0.00634597
v 0.02449280 0.01697499 0.00895383
v 0.02360712 0.01697499 0.00848953
v 0.02322791 0.01697499 0.00921290
v 0.02651778 0.01697499 0.00987409
v 0.02677733 0.01697499 0.01012334
v 0.02666835 0.01697499 0.00997750
v 0.02685924 0.01697499 0.01036726
v 0.02685886 0.01697499 0.01072735
v 0.02676158 0.01697499 0.01106535
v 0.02038466 0.01710000 0.00645218
v 0.01809271 0.01772500 0.00543976
v 0.02030691 0.01772500 0.00660050
v 0.01788028 0.01818252 0.00584498
v 0.02009447 0.01818252 0.00700573
v 0.01759009 0.01835000 0.00639853
v 0.01980429 0.01835000 0.00755928
v 0.01729990 0.01818252 0.00695208
v 0.01951410 0.01818252 0.00811283
v 0.01708747 0.01772500 0.00735731
v 0.01930167 0.01772500 0.00851805
v 0.01700972 0.01710000 0.00750563
v 0.01922391 0.01710000 0.00866638
v 0.01708747 0.01647499 0.00735731
v 0.01930167 0.01647499 0.00851805
v 0.01729990 0.01601747 0.00695208
v 0.01951410 0.01601747 0.00811283
v 0.01759009 0.01584999 0.00639853
v 0.01980429 0.01584999 0.00755928
v 0.01788028 0.01601747 0.00584498
v 0.02009447 0.01601747 0.00700573
v 0.01809271 0.01647499 0.00543976
v 0.02030691 0.01647499 0.00660050
v 0.01817046 0.01710000 0.00529143
v 0.02018420 0.01787861 0.00704994
v 0.02089275 0.01787861 0.00742138
v 0.02026036 0.01793425 0.00690467
v 0.02096890 0.01793425 0.00727610
v 0.01953135 0.01772749 0.00829531
v 0.02023989 0.01772749 0.00866675
v 0.01950551 0.01789152 0.00834459
v 0.02021406 0.01789152 0.00871603
v 0.01944466 0.01683891 0.00846067
v 0.02015320 0.01683891 0.00883211
v 0.01936786 0.01689032 0.00860717
v 0.02007641 0.01689032 0.00897861
v 0.01986964 0.01610125 0.00764999
v 0.02057818 0.01610125 0.00802143
v 0.01982321 0.01595982 0.00773856
v 0.02053175 0.01595982 0.00811000
v 0.02032670 0.01674381 0.00677812
v 0.02103525 0.01674381 0.00714955
v 0.02037481 0.01660500 0.00668636
v 0.02108335 0.01660500 0.00705780
v 0.01963907 0.01793739 0.00808982
v 0.01960151 0.01787861 0.00816147
v 0.02034761 0.01793739 0.00846126
v 0.02031005 0.01787861 0.00853291
v 0.02361095 0.01710000 0.00848222
v 0.02360712 0.01722500 0.00848953
v 0.02322791 0.01722500 0.00921290
v 0.02311183 0.01722500 0.00943432
v 0.02273262 0.01722500 0.01015769
v 0.02272879 0.01710000 0.01016501
v 0.02322791 0.01615825 0.00921290
v 0.02322791 0.01697499 0.00921290
v 0.02316987 0.01615000 0.00932361
v 0.02311183 0.01697499 0.00943432
v 0.02311183 0.01615825 0.00943432
v 0.02360712 0.01697499 0.00848953
v 0.02311183 0.01804174 0.00943432
v 0.02316987 0.01804999 0.00932361
v 0.02322791 0.01804174 0.00921290
v 0.02273262 0.01697499 0.01015769
v 0.02608047 0.01603311 0.01070830
v 0.02628722 0.01618970 0.01031391
v 0.02632055 0.01618907 0.01033093
v 0.02652826 0.01624616 0.01048021
v 0.02624110 0.01605479 0.01079250
v 0.02611307 0.01603751 0.01072539
v 0.02671731 0.01648512 0.01074835
v 0.02655112 0.01631137 0.01095503
v 0.02638656 0.01613336 0.01086876
v 0.02673678 0.01683868 0.01105235
v 0.02669890 0.01663046 0.01103250
v 0.02658824 0.01639151 0.01097448
v 0.02676158 0.01697499 0.01106535
v 0.02680007 0.01697499 0.01093163
v 0.02682394 0.01671478 0.01054495
v 0.02685886 0.01697499 0.01072735
v 0.02685914 0.01697499 0.01045771
v 0.02685924 0.01697499 0.01036726
v 0.02667633 0.01656507 0.01019776
v 0.02677733 0.01697499 0.01012334
v 0.02666835 0.01697499 0.00997750
v 0.02647852 0.01652930 0.01002959
v 0.02654834 0.01697499 0.00989508
v 0.02644508 0.01652970 0.01001278
v 0.02651778 0.01697499 0.00987409
v 0.01953732 0.01809592 0.00806854
v 0.01951410 0.01818252 0.00811283
v 0.01934188 0.01767500 0.00844135
v 0.01930167 0.01772500 0.00851805
v 0.01927034 0.01710000 0.00857781
v 0.01922391 0.01710000 0.00866638
v 0.01934188 0.01652499 0.00844135
v 0.01930167 0.01647499 0.00851805
v 0.01953732 0.01610406 0.00806854
v 0.01951410 0.01601747 0.00811283
v 0.01980429 0.01594999 0.00755928
v 0.01980429 0.01584999 0.00755928
v 0.02007126 0.01610406 0.00705001
v 0.02009447 0.01601747 0.00700573
v 0.02026669 0.01652499 0.00667721
v 0.02030691 0.01647499 0.00660050
v 0.02033823 0.01710000 0.00654075
v 0.02038466 0.01710000 0.00645218
v 0.02026669 0.01767500 0.00667721
v 0.02030691 0.01772500 0.00660050
v 0.02007126 0.01809592 0.00705001
v 0.02009447 0.01818252 0.00700573
v 0.01980429 0.01824999 0.00755928
v 0.01980429 0.01835000 0.00755928
v 0.02018420 0.01787861 0.00704994
v 0.02026036 0.01793425 0.00690467
v 0.02014664 0.01793739 0.00712160
v 0.02015983 0.01809592 0.00709644
v 0.02014767 0.01811058 0.00711963
v 0.01953135 0.01772749 0.00829531
v 0.01950551 0.01789152 0.00834459
v 0.01950406 0.01764659 0.00834737
v 0.01943045 0.01767500 0.00848778
v 0.01942364 0.01764882 0.00850077
v 0.01941091 0.01660500 0.00852506
v 0.01945901 0.01674381 0.00843330
v 0.01936786 0.01689032 0.00860717
v 0.01944466 0.01683891 0.00846067
v 0.01996250 0.01595982 0.00747286
v 0.01991607 0.01610125 0.00756142
v 0.01989286 0.01594999 0.00760571
v 0.01986964 0.01610125 0.00764999
v 0.01982321 0.01595982 0.00773856
v 0.02041785 0.01689032 0.00660425
v 0.02034105 0.01683891 0.00675075
v 0.02037481 0.01660500 0.00668636
v 0.02032670 0.01674381 0.00677812
v 0.01977164 0.01806531 0.00783694
v 0.01972748 0.01803441 0.00792117
v 0.02048018 0.01806531 0.00820838
v 0.02043602 0.01803441 0.00829261
v 0.02322791 0.01722500 0.00921290
v 0.02360712 0.01722500 0.00848953
v 0.02449280 0.01722500 0.00895383
v 0.02677733 0.01722500 0.01012334
v 0.02685924 0.01722500 0.01036726
v 0.02685886 0.01722500 0.01072735
v 0.02676158 0.01722500 0.01106535
v 0.02651778 0.01722500 0.00987409
v 0.02666835 0.01722500 0.00997750
v 0.02651778 0.01697499 0.00987409
v 0.02449280 0.01697499 0.00895383
v 0.02442930 0.01659553 0.00907494
v 0.02608047 0.01603311 0.01070830
v 0.02411358 0.01615825 0.00967720
v 0.02428977 0.01629500 0.00934111
v 0.02628726 0.01618980 0.01031383
v 0.02644503 0.01652960 0.01001286
v 0.01795198 0.01754999 0.00570822
v 0.01809271 0.01772500 0.00543976
v 0.01800796 0.01710000 0.00560142
v 0.01817046 0.01710000 0.00529143
v 0.01795198 0.01665000 0.00570822
v 0.01809271 0.01647499 0.00543976
v 0.01779902 0.01632057 0.00599998
v 0.01788028 0.01601747 0.00584498
v 0.01759009 0.01620000 0.00639853
v 0.01759009 0.01584999 0.00639853
v 0.01738116 0.01632057 0.00679709
v 0.01729990 0.01601747 0.00695208
v 0.01722820 0.01665000 0.00708885
v 0.01708747 0.01647499 0.00735731
v 0.01717222 0.01710000 0.00719564
v 0.01700972 0.01710000 0.00750563
v 0.01722820 0.01754999 0.00708885
v 0.01708747 0.01772500 0.00735731
v 0.01738116 0.01787942 0.00679709
v 0.01729990 0.01818252 0.00695208
v 0.01759009 0.01799999 0.00639853
v 0.01759009 0.01835000 0.00639853
v 0.01779902 0.01787942 0.00599998
v 0.01788028 0.01818252 0.00584498
v 0.02014767 0.01811058 0.00711963
v 0.02085622 0.01811058 0.00749106
v 0.02014664 0.01793739 0.00712160
v 0.02085518 0.01793739 0.00749304
v 0.01942364 0.01764882 0.00850077
v 0.02013218 0.01764882 0.00887221
v 0.01950406 0.01764659 0.00834737
v 0.02021260 0.01764659 0.00871881
v 0.01941091 0.01660500 0.00852506
v 0.02011945 0.01660500 0.00889650
v 0.01945901 0.01674381 0.00843330
v 0.02016755 0.01674381 0.00880474
v 0.01996250 0.01595982 0.00747286
v 0.02067104 0.01595982 0.00784430
v 0.01991607 0.01610125 0.00756142
v 0.02062461 0.01610125 0.00793286
v 0.02041785 0.01689032 0.00660425
v 0.02112639 0.01689032 0.00697569
v 0.02034105 0.01683891 0.00675075
v 0.02104959 0.01683891 0.00712219
v 0.01991607 0.01809874 0.00756142
v 0.01986964 0.01809874 0.00764999
v 0.02062461 0.01809874 0.00793286
v 0.02057818 0.01809874 0.00802143
v 0.02311183 0.01722500 0.00943432
v 0.02311183 0.01804174 0.00943432
v 0.02399751 0.01804174 0.00989862
v 0.02664550 0.01722500 0.01128677
v 0.02596439 0.01816688 0.01092972
v 0.02608685 0.01815620 0.01099391
v 0.02624466 0.01808515 0.01107664
v 0.02640518 0.01793016 0.01116079
v 0.02655188 0.01766035 0.01123769
v 0.01497511 0.01274999 0.00547932
v 0.01535198 0.01244999 0.00571416
v 0.01509850 0.01274999 0.00587462
v 0.01554230 0.01244999 0.00588956
v 0.01540301 0.01274999 0.00615527
v 0.01579482 0.01244999 0.00594631
v 0.01580704 0.01274999 0.00624606
v 0.01604188 0.01244999 0.00586919
v 0.01620235 0.01274999 0.00612267
v 0.01621729 0.01244999 0.00567887
v 0.01648299 0.01274999 0.00581816
v 0.01627403 0.01244999 0.00542635
v 0.01657378 0.01274999 0.00541413
v 0.01619691 0.01244999 0.00517929
v 0.01645039 0.01274999 0.00501883
v 0.01600660 0.01244999 0.00500388
v 0.01614589 0.01274999 0.00473818
v 0.01575408 0.01244999 0.00494714
v 0.01574185 0.01274999 0.00464739
v 0.01550701 0.01244999 0.00502426
v 0.01534655 0.01274999 0.00477078
v 0.01533161 0.01244999 0.00521457
v 0.01506590 0.01274999 0.00507528
v 0.01527486 0.01244999 0.00546710
v 0.02122391 0.01710000 0.00700505
v 0.02115237 0.01652499 0.00714150
v 0.02107061 0.01655117 0.00708209
v 0.02106381 0.01652499 0.00709507
v 0.02042224 0.01694999 0.00659588
v 0.02112639 0.01689032 0.00697569
v 0.02041785 0.01689032 0.00660425
v 0.02037481 0.01660500 0.00668636
v 0.02026669 0.01652499 0.00667721
v 0.02033823 0.01710000 0.00654075
v 0.02096890 0.01626574 0.00727610
v 0.02095694 0.01610406 0.00751431
v 0.02028020 0.01630846 0.00686683
v 0.02007126 0.01610406 0.00705001
v 0.02113078 0.01694999 0.00696732
v 0.02108335 0.01660500 0.00705780
v 0.02036207 0.01655117 0.00671065
v 0.02035526 0.01652499 0.00672363
v 0.02098874 0.01630846 0.00723827
v 0.02026036 0.01626574 0.00690467
v 0.02083122 0.01606197 0.00753874
v 0.02012268 0.01606197 0.00716731
v 0.02014767 0.01608941 0.00711963
v 0.02015983 0.01610406 0.00709644
v 0.01980429 0.01594999 0.00755928
v 0.01999021 0.01596927 0.00742000
v 0.02068997 0.01594999 0.00802358
v 0.02085622 0.01608941 0.00749106
v 0.02086837 0.01610406 0.00746788
v 0.02037158 0.01606197 0.00841555
v 0.02050405 0.01596927 0.00816285
v 0.01982321 0.01595982 0.00773856
v 0.01953732 0.01610406 0.00806854
v 0.02069875 0.01596927 0.00779144
v 0.02067104 0.01595982 0.00784430
v 0.01996250 0.01595982 0.00747286
v 0.01989286 0.01594999 0.00760571
v 0.01966303 0.01606197 0.00804411
v 0.01979550 0.01596927 0.00779141
v 0.02053175 0.01595982 0.00811000
v 0.02060140 0.01594999 0.00797715
v 0.02042299 0.01610406 0.00853284
v 0.02033443 0.01610406 0.00848641
v 0.02034658 0.01608941 0.00846323
v 0.02021406 0.01630846 0.00871603
v 0.02022756 0.01652499 0.00890565
v 0.01952535 0.01626574 0.00830675
v 0.01934188 0.01652499 0.00844135
v 0.01963804 0.01608941 0.00809179
v 0.01962588 0.01610406 0.00811497
v 0.01942364 0.01655117 0.00850077
v 0.01927034 0.01710000 0.00857781
v 0.02023389 0.01626574 0.00867819
v 0.01950551 0.01630846 0.00834459
v 0.01943045 0.01652499 0.00848778
v 0.02007641 0.01689032 0.00897861
v 0.02011945 0.01660500 0.00889650
v 0.01936786 0.01689032 0.00860717
v 0.01941091 0.01660500 0.00852506
v 0.02013218 0.01655117 0.00887221
v 0.02013899 0.01652499 0.00885922
v 0.01979550 0.01823072 0.00779141
v 0.01980429 0.01824999 0.00755928
v 0.01966303 0.01813801 0.00804411
v 0.01953732 0.01809592 0.00806854
v 0.02053175 0.01824017 0.00811000
v 0.02042299 0.01809592 0.00853284
v 0.02068997 0.01824999 0.00802358
v 0.02037158 0.01813801 0.00841555
v 0.01963804 0.01811058 0.00809179
v 0.02034658 0.01811058 0.00846323
v 0.02014767 0.01811058 0.00711963
v 0.02015983 0.01809592 0.00709644
v 0.02007126 0.01809592 0.00705001
v 0.02012268 0.01813801 0.00716731
v 0.02083122 0.01813801 0.00753874
v 0.02085622 0.01811058 0.00749106
v 0.02069875 0.01823072 0.00779144
v 0.02095694 0.01809592 0.00751431
v 0.01996250 0.01824017 0.00747286
v 0.02050405 0.01823072 0.00816285
v 0.01982321 0.01824017 0.00773856
v 0.01989286 0.01824999 0.00760571
v 0.01999021 0.01823072 0.00742000
v 0.02067104 0.01824017 0.00784430
v 0.02060140 0.01824999 0.00797715
v 0.02023389 0.01793425 0.00867819
v 0.02022756 0.01767500 0.00890565
v 0.02033443 0.01809592 0.00848641
v 0.01962588 0.01809592 0.00811497
v 0.01952535 0.01793425 0.00830675
v 0.01942364 0.01764882 0.00850077
v 0.01943045 0.01767500 0.00848778
v 0.01934188 0.01767500 0.00844135
v 0.01950551 0.01789152 0.00834459
v 0.02015602 0.01710000 0.00904211
v 0.02007202 0.01694999 0.00898698
v 0.01936347 0.01694999 0.00861554
v 0.01935891 0.01710000 0.00862424
v 0.01936347 0.01724999 0.00861554
v 0.02007202 0.01724999 0.00898698
v 0.02006746 0.01710000 0.00899568
v 0.01941091 0.01759498 0.00852506
v 0.01936786 0.01730966 0.00860717
v 0.02007641 0.01730966 0.00897861
v 0.02021406 0.01789152 0.00871603
v 0.02013899 0.01767500 0.00885922
v 0.02013218 0.01764882 0.00887221
v 0.02011945 0.01759498 0.00889650
v 0.02098874 0.01789152 0.00723827
v 0.02115237 0.01767500 0.00714150
v 0.02028020 0.01789152 0.00686683
v 0.02026036 0.01793425 0.00690467
v 0.02096890 0.01793425 0.00727610
v 0.02086837 0.01809592 0.00746788
v 0.02041785 0.01730966 0.00660425
v 0.02112639 0.01730966 0.00697569
v 0.02113078 0.01724999 0.00696732
v 0.02113534 0.01710000 0.00695862
v 0.02108335 0.01759498 0.00705780
v 0.02026669 0.01767500 0.00667721
v 0.02042224 0.01724999 0.00659588
v 0.02042680 0.01710000 0.00658718
v 0.02035526 0.01767500 0.00672363
v 0.02036207 0.01764882 0.00671065
v 0.02037481 0.01759498 0.00668636
v 0.02107061 0.01764882 0.00708209
v 0.02106381 0.01767500 0.00709507
v 0.02096890 0.01793425 0.00727610
v 0.02089275 0.01787861 0.00742138
v 0.02086837 0.01809592 0.00746788
v 0.02085518 0.01793739 0.00749304
v 0.02085622 0.01811058 0.00749106
v 0.02021406 0.01789152 0.00871603
v 0.02023989 0.01772749 0.00866675
v 0.02013899 0.01767500 0.00885922
v 0.02021260 0.01764659 0.00871881
v 0.02013218 0.01764882 0.00887221
v 0.02015320 0.01683891 0.00883211
v 0.02016755 0.01674381 0.00880474
v 0.02007641 0.01689032 0.00897861
v 0.02011945 0.01660500 0.00889650
v 0.02053175 0.01595982 0.00811000
v 0.02057818 0.01610125 0.00802143
v 0.02060140 0.01594999 0.00797715
v 0.02062461 0.01610125 0.00793286
v 0.02067104 0.01595982 0.00784430
v 0.02103525 0.01674381 0.00714955
v 0.02104959 0.01683891 0.00712219
v 0.02108335 0.01660500 0.00705780
v 0.02112639 0.01689032 0.00697569
v 0.01944466 0.01683891 0.00846067
v 0.01945901 0.01674381 0.00843330
v 0.02015320 0.01683891 0.00883211
v 0.02016755 0.01674381 0.00880474
v 0.02311183 0.01697499 0.00943432
v 0.02273262 0.01697499 0.01015769
v 0.02361830 0.01697499 0.01062199
v 0.02664550 0.01697499 0.01128677
v 0.02552708 0.01697499 0.01176392
v 0.02565449 0.01697499 0.01181867
v 0.02584529 0.01697499 0.01183846
v 0.02607777 0.01697499 0.01178534
v 0.02634974 0.01697499 0.01162328
v 0.01554230 0.01244999 0.00588956
v 0.01535198 0.01244999 0.00571416
v 0.01577445 0.01244999 0.00544672
v 0.01527486 0.01244999 0.00546710
v 0.01533161 0.01244999 0.00521457
v 0.01621729 0.01244999 0.00567887
v 0.01604188 0.01244999 0.00586919
v 0.01579482 0.01244999 0.00594631
v 0.01600660 0.01244999 0.00500388
v 0.01619691 0.01244999 0.00517929
v 0.01627403 0.01244999 0.00542635
v 0.01550701 0.01244999 0.00502426
v 0.01575408 0.01244999 0.00494714
v 0.01800796 0.01710000 0.00560142
v 0.01737628 0.01754999 0.00540642
v 0.01795198 0.01754999 0.00570822
v 0.01722333 0.01787942 0.00569818
v 0.01779902 0.01787942 0.00599998
v 0.01701440 0.01799999 0.00609674
v 0.01759009 0.01799999 0.00639853
v 0.01680547 0.01787942 0.00649530
v 0.01738116 0.01787942 0.00679709
v 0.01665251 0.01754999 0.00678706
v 0.01722820 0.01754999 0.00708885
v 0.01659653 0.01710000 0.00689385
v 0.01717222 0.01710000 0.00719564
v 0.01665251 0.01665000 0.00678706
v 0.01722820 0.01665000 0.00708885
v 0.01680547 0.01632057 0.00649530
v 0.01738116 0.01632057 0.00679709
v 0.01701440 0.01620000 0.00609674
v 0.01759009 0.01620000 0.00639853
v 0.01722333 0.01632057 0.00569818
v 0.01779902 0.01632057 0.00599998
v 0.01737628 0.01665000 0.00540642
v 0.01795198 0.01665000 0.00570822
v 0.01743227 0.01710000 0.00529963
v 0.02028166 0.01764659 0.00686405
v 0.02099020 0.01764659 0.00723549
v 0.02036207 0.01764882 0.00671065
v 0.02107061 0.01764882 0.00708209
v 0.01963907 0.01793739 0.00808982
v 0.02034761 0.01793739 0.00846126
v 0.01963804 0.01811058 0.00809179
v 0.02034658 0.01811058 0.00846323
v 0.01950406 0.01655339 0.00834737
v 0.02021260 0.01655339 0.00871881
v 0.01942364 0.01655117 0.00850077
v 0.02013218 0.01655117 0.00887221
v 0.02001407 0.01613468 0.00737448
v 0.02072262 0.01613468 0.00774592
v 0.01999021 0.01596927 0.00742000
v 0.02069875 0.01596927 0.00779144
v 0.01936347 0.01694999 0.00861554
v 0.02007202 0.01694999 0.00898698
v 0.01942914 0.01705000 0.00849028
v 0.02013768 0.01705000 0.00886172
v 0.01950406 0.01655339 0.00834737
v 0.01953135 0.01647249 0.00829531
v 0.02021260 0.01655339 0.00871881
v 0.02023989 0.01647249 0.00866675
v 0.02322791 0.01697499 0.00921290
v 0.02322791 0.01615825 0.00921290
v 0.02411358 0.01615825 0.00967720
v 0.02638656 0.01613336 0.01086876
v 0.02655112 0.01631137 0.01095503
v 0.02669890 0.01663046 0.01103250
v 0.02676158 0.01697499 0.01106535
v 0.02608047 0.01603311 0.01070830
v 0.02624110 0.01605479 0.01079250
v 0.02035657 0.01705000 0.00672114
v 0.02042224 0.01694999 0.00659588
v 0.02035657 0.01714999 0.00672114
v 0.02042680 0.01710000 0.00658718
v 0.02042224 0.01724999 0.00659588
v 0.02028020 0.01789152 0.00686683
v 0.02025437 0.01772749 0.00691611
v 0.02035526 0.01767500 0.00672363
v 0.02028166 0.01764659 0.00686405
v 0.02036207 0.01764882 0.00671065
v 0.01952535 0.01793425 0.00830675
v 0.01960151 0.01787861 0.00816147
v 0.01962588 0.01809592 0.00811497
v 0.01963907 0.01793739 0.00808982
v 0.01963804 0.01811058 0.00809179
v 0.01950551 0.01630846 0.00834459
v 0.01953135 0.01647249 0.00829531
v 0.01943045 0.01652499 0.00848778
v 0.01950406 0.01655339 0.00834737
v 0.01942364 0.01655117 0.00850077
v 0.02012268 0.01606197 0.00716731
v 0.02005823 0.01616558 0.00729024
v 0.01999021 0.01596927 0.00742000
v 0.02001407 0.01613468 0.00737448
v 0.02035657 0.01705000 0.00672114
v 0.02106512 0.01705000 0.00709258
v 0.02042224 0.01694999 0.00659588
v 0.02113078 0.01694999 0.00696732
v 0.01960151 0.01632137 0.00816147
v 0.01963907 0.01626260 0.00808982
v 0.02031005 0.01632137 0.00853291
v 0.02034761 0.01626260 0.00846126
v 0.01657378 0.01274999 0.00541413
v 0.01648299 0.01445000 0.00581816
v 0.01648299 0.01274999 0.00581816
v 0.01620235 0.01445000 0.00612267
v 0.01620235 0.01274999 0.00612267
v 0.01580704 0.01445000 0.00624606
v 0.01580704 0.01274999 0.00624606
v 0.01540301 0.01445000 0.00615527
v 0.01540301 0.01274999 0.00615527
v 0.01509850 0.01445000 0.00587462
v 0.01509850 0.01274999 0.00587462
v 0.01497511 0.01445000 0.00547932
v 0.01497511 0.01274999 0.00547932
v 0.01506590 0.01445000 0.00507528
v 0.01506590 0.01274999 0.00507528
v 0.01534655 0.01445000 0.00477078
v 0.01534655 0.01274999 0.00477078
v 0.01574185 0.01445000 0.00464739
v 0.01574185 0.01274999 0.00464739
v 0.01614589 0.01445000 0.00473818
v 0.01614589 0.01274999 0.00473818
v 0.01645039 0.01445000 0.00501883
v 0.01645039 0.01274999 0.00501883
v 0.01657378 0.01445000 0.00541413
v 0.02042224 0.01724999 0.00659588
v 0.02113078 0.01724999 0.00696732
v 0.02035657 0.01714999 0.00672114
v 0.02106512 0.01714999 0.00709258
v 0.02028020 0.01789152 0.00686683
v 0.02098874 0.01789152 0.00723827
v 0.02025437 0.01772749 0.00691611
v 0.02096291 0.01772749 0.00728754
v 0.01952535 0.01793425 0.00830675
v 0.02023389 0.01793425 0.00867819
v 0.01960151 0.01787861 0.00816147
v 0.02031005 0.01787861 0.00853291
v 0.01950551 0.01630846 0.00834459
v 0.02021406 0.01630846 0.00871603
v 0.01953135 0.01647249 0.00829531
v 0.02023989 0.01647249 0.00866675
v 0.02012268 0.01606197 0.00716731
v 0.02083122 0.01606197 0.00753874
v 0.02005823 0.01616558 0.00729024
v 0.02076677 0.01616558 0.00766168
v 0.01657156 0.01570000 0.00586459
v 0.01663089 0.01594999 0.00589569
v 0.01625583 0.01570000 0.00620716
v 0.01632947 0.01601028 0.00624576
v 0.01581112 0.01570000 0.00634597
v 0.01592384 0.01617499 0.00640507
v 0.01535658 0.01570000 0.00624383
v 0.01552270 0.01639999 0.00633092
v 0.01501401 0.01570000 0.00592811
v 0.01523353 0.01662499 0.00604318
v 0.01487520 0.01570000 0.00548339
v 0.01513380 0.01678970 0.00561896
v 0.01525025 0.01684999 0.00517192
v 0.01555167 0.01678970 0.00482185
v 0.01573778 0.01570000 0.00454747
v 0.01595730 0.01662499 0.00466255
v 0.01619232 0.01570000 0.00464961
v 0.01635844 0.01639999 0.00473670
v 0.01653489 0.01570000 0.00496534
v 0.01664761 0.01617499 0.00502443
v 0.01667370 0.01570000 0.00541005
v 0.01674734 0.01601028 0.00544865
v 0.01679298 0.01613301 0.00598067
v 0.01653065 0.01623743 0.00635123
v 0.01623182 0.01652272 0.00656652
v 0.01597656 0.01691243 0.00656884
v 0.01583326 0.01730214 0.00635758
v 0.01584033 0.01758743 0.00598934
v 0.01599587 0.01769185 0.00556280
v 0.01625820 0.01758743 0.00519223
v 0.01655703 0.01730214 0.00497695
v 0.01681229 0.01691243 0.00497462
v 0.01695559 0.01652272 0.00518588
v 0.01694852 0.01623743 0.00555412
v 0.01701440 0.01620000 0.00609674
v 0.01659653 0.01710000 0.00689385
v 0.01701440 0.01799999 0.00609674
v 0.01972748 0.01616558 0.00792117
v 0.01977164 0.01613468 0.00783694
v 0.02043602 0.01616558 0.00829261
v 0.02048018 0.01613468 0.00820838
v 0.02411358 0.01804174 0.00967720
v 0.02322791 0.01804174 0.00921290
v 0.02322791 0.01722500 0.00921290
v 0.02652125 0.01793016 0.01093937
v 0.02636074 0.01808515 0.01085522
v 0.02620293 0.01815620 0.01077249
v 0.02608047 0.01816688 0.01070830
v 0.02676158 0.01722500 0.01106535
v 0.02666795 0.01766035 0.01101627
v 0.02113078 0.01694999 0.00696732
v 0.02106512 0.01705000 0.00709258
v 0.02113534 0.01710000 0.00695862
v 0.02106512 0.01714999 0.00709258
v 0.02113078 0.01724999 0.00696732
v 0.02096291 0.01772749 0.00728754
v 0.02098874 0.01789152 0.00723827
v 0.02099020 0.01764659 0.00723549
v 0.02106381 0.01767500 0.00709507
v 0.02107061 0.01764882 0.00708209
v 0.02031005 0.01787861 0.00853291
v 0.02023389 0.01793425 0.00867819
v 0.02034761 0.01793739 0.00846126
v 0.02033443 0.01809592 0.00848641
v 0.02034658 0.01811058 0.00846323
v 0.02023989 0.01647249 0.00866675
v 0.02021406 0.01630846 0.00871603
v 0.02021260 0.01655339 0.00871881
v 0.02013899 0.01652499 0.00885922
v 0.02013218 0.01655117 0.00887221
v 0.02072262 0.01613468 0.00774592
v 0.02076677 0.01616558 0.00766168
v 0.02069875 0.01596927 0.00779144
v 0.02083122 0.01606197 0.00753874
v 0.02035657 0.01705000 0.00672114
v 0.02035657 0.01714999 0.00672114
v 0.02106512 0.01705000 0.00709258
v 0.02106512 0.01714999 0.00709258
v 0.01986964 0.01610125 0.00764999
v 0.01991607 0.01610125 0.00756142
v 0.02057818 0.01610125 0.00802143
v 0.02062461 0.01610125 0.00793286
v 0.02651778 0.01722500 0.00987409
v 0.02644509 0.01767026 0.01001277
v 0.02647852 0.01767066 0.01002957
v 0.02667634 0.01763490 0.01019774
v 0.02666835 0.01722500 0.00997750
v 0.02654834 0.01722500 0.00989508
v 0.02682394 0.01748519 0.01054494
v 0.02685924 0.01722500 0.01036726
v 0.02677733 0.01722500 0.01012334
v 0.02680007 0.01722500 0.01093161
v 0.02685886 0.01722500 0.01072735
v 0.02685914 0.01722500 0.01045771
v 0.02676158 0.01722500 0.01106535
v 0.02672762 0.01738290 0.01104755
v 0.02671733 0.01771484 0.01074831
v 0.02666795 0.01766035 0.01101627
v 0.02658788 0.01780762 0.01097430
v 0.02652125 0.01793016 0.01093937
v 0.02652828 0.01795380 0.01048016
v 0.02636074 0.01808515 0.01085522
v 0.02620293 0.01815620 0.01077249
v 0.02632057 0.01801089 0.01033088
v 0.02611337 0.01816401 0.01072554
v 0.02628724 0.01801025 0.01031386
v 0.02608047 0.01816688 0.01070830
v 0.02042299 0.01610406 0.00853284
v 0.02039978 0.01601747 0.00857713
v 0.02022756 0.01652499 0.00890565
v 0.02018735 0.01647499 0.00898235
v 0.02015602 0.01710000 0.00904211
v 0.02010959 0.01710000 0.00913068
v 0.02022756 0.01767500 0.00890565
v 0.02018735 0.01772500 0.00898235
v 0.02042299 0.01809592 0.00853284
v 0.02039978 0.01818252 0.00857713
v 0.02068997 0.01824999 0.00802358
v 0.02068997 0.01835000 0.00802358
v 0.02095694 0.01809592 0.00751431
v 0.02098015 0.01818252 0.00747003
v 0.02115237 0.01767500 0.00714150
v 0.02119258 0.01772500 0.00706480
v 0.02122391 0.01710000 0.00700505
v 0.02127034 0.01710000 0.00691648
v 0.02115237 0.01652499 0.00714150
v 0.02119258 0.01647499 0.00706480
v 0.02095694 0.01610406 0.00751431
v 0.02098015 0.01601747 0.00747003
v 0.02068997 0.01594999 0.00802358
v 0.02068997 0.01584999 0.00802358
v 0.02034105 0.01736107 0.00675075
v 0.02104959 0.01736107 0.00712219
v 0.02041785 0.01730966 0.00660425
v 0.02112639 0.01730966 0.00697569
v 0.01977164 0.01806531 0.00783694
v 0.02048018 0.01806531 0.00820838
v 0.01979550 0.01823072 0.00779141
v 0.02050405 0.01823072 0.00816285
v 0.01960151 0.01632137 0.00816147
v 0.02031005 0.01632137 0.00853291
v 0.01952535 0.01626574 0.00830675
v 0.02023389 0.01626574 0.00867819
v 0.02014664 0.01626260 0.00712160
v 0.02085518 0.01626260 0.00749304
v 0.02014767 0.01608941 0.00711963
v 0.02085622 0.01608941 0.00749106
v 0.02215602 0.01710000 0.00738078
v 0.02119258 0.01772500 0.00706480
v 0.02207826 0.01772500 0.00752910
v 0.02098015 0.01818252 0.00747003
v 0.02186583 0.01818252 0.00793433
v 0.02068997 0.01835000 0.00802358
v 0.02157564 0.01835000 0.00848787
v 0.02039978 0.01818252 0.00857713
v 0.02128546 0.01818252 0.00904142
v 0.02018735 0.01772500 0.00898235
v 0.02107303 0.01772500 0.00944665
v 0.02010959 0.01710000 0.00913068
v 0.02099527 0.01710000 0.00959497
v 0.02018735 0.01647499 0.00898235
v 0.02107303 0.01647499 0.00944665
v 0.02039978 0.01601747 0.00857713
v 0.02128546 0.01601747 0.00904142
v 0.02068997 0.01584999 0.00802358
v 0.02157564 0.01584999 0.00848787
v 0.02098015 0.01601747 0.00747003
v 0.02186583 0.01601747 0.00793433
v 0.02119258 0.01647499 0.00706480
v 0.02207826 0.01647499 0.00752910
v 0.02127034 0.01710000 0.00691648
v 0.02001407 0.01613468 0.00737448
v 0.02005823 0.01616558 0.00729024
v 0.02072262 0.01613468 0.00774592
v 0.02076677 0.01616558 0.00766168
v 0.02608047 0.01816688 0.01070830
v 0.02411358 0.01804174 0.00967720
v 0.02428977 0.01790499 0.00934111
v 0.02651778 0.01722500 0.00987409
v 0.02449280 0.01722500 0.00895383
v 0.02442930 0.01760446 0.00907494
v 0.02644503 0.01767038 0.01001287
v 0.02628727 0.01801020 0.01031382
v 0.02013768 0.01705000 0.00886172
v 0.02007202 0.01694999 0.00898698
v 0.02013768 0.01714999 0.00886172
v 0.02006746 0.01710000 0.00899568
v 0.02007202 0.01724999 0.00898698
v 0.02037481 0.01759498 0.00668636
v 0.02032670 0.01745618 0.00677812
v 0.02041785 0.01730966 0.00660425
v 0.02034105 0.01736107 0.00675075
v 0.01966303 0.01813801 0.00804411
v 0.01972748 0.01803441 0.00792117
v 0.01979550 0.01823072 0.00779141
v 0.01977164 0.01806531 0.00783694
v 0.01960151 0.01632137 0.00816147
v 0.01952535 0.01626574 0.00830675
v 0.01963907 0.01626260 0.00808982
v 0.01962588 0.01610406 0.00811497
v 0.01963804 0.01608941 0.00809179
v 0.02026036 0.01626574 0.00690467
v 0.02018420 0.01632137 0.00704994
v 0.02015983 0.01610406 0.00709644
v 0.02014664 0.01626260 0.00712160
v 0.02014767 0.01608941 0.00711963
v 0.01942914 0.01714999 0.00849028
v 0.01942914 0.01705000 0.00849028
v 0.02013768 0.01714999 0.00886172
v 0.02013768 0.01705000 0.00886172
v 0.02014664 0.01626260 0.00712160
v 0.02018420 0.01632137 0.00704994
v 0.02085518 0.01626260 0.00749304
v 0.02089275 0.01632137 0.00742138
v 0.02552708 0.01722500 0.01176392
v 0.02559977 0.01767026 0.01162525
v 0.02361830 0.01722500 0.01062199
v 0.02368179 0.01760446 0.01050088
v 0.02596439 0.01816688 0.01092972
v 0.02399751 0.01804174 0.00989862
v 0.02575762 0.01801025 0.01132415
v 0.02382132 0.01790499 0.01023471
v 0.02575759 0.01801020 0.01132420
v 0.02559983 0.01767038 0.01162515
v 0.01942914 0.01714999 0.00849028
v 0.02013768 0.01714999 0.00886172
v 0.01936347 0.01724999 0.00861554
v 0.02007202 0.01724999 0.00898698
v 0.02037481 0.01759498 0.00668636
v 0.02108335 0.01759498 0.00705780
v 0.02032670 0.01745618 0.00677812
v 0.02103525 0.01745618 0.00714955
v 0.01966303 0.01813801 0.00804411
v 0.02037158 0.01813801 0.00841555
v 0.01972748 0.01803441 0.00792117
v 0.02043602 0.01803441 0.00829261
v 0.01963804 0.01608941 0.00809179
v 0.02034658 0.01608941 0.00846323
v 0.01963907 0.01626260 0.00808982
v 0.02034761 0.01626260 0.00846126
v 0.02026036 0.01626574 0.00690467
v 0.02096890 0.01626574 0.00727610
v 0.02018420 0.01632137 0.00704994
v 0.02089275 0.01632137 0.00742138
v 0.02005823 0.01803441 0.00729024
v 0.02001407 0.01806531 0.00737448
v 0.02076677 0.01803441 0.00766168
v 0.02072262 0.01806531 0.00774592
v 0.02025437 0.01647249 0.00691611
v 0.02028166 0.01655339 0.00686405
v 0.02096291 0.01647249 0.00728754
v 0.02099020 0.01655339 0.00723549
v 0.02596439 0.01816688 0.01092972
v 0.02579057 0.01801089 0.01134188
v 0.02603151 0.01795380 0.01142779
v 0.02608685 0.01815620 0.01099391
v 0.02599729 0.01816401 0.01094696
v 0.02635958 0.01771484 0.01143073
v 0.02640518 0.01793016 0.01116079
v 0.02624466 0.01808515 0.01107664
v 0.02661154 0.01738290 0.01126897
v 0.02655188 0.01766035 0.01123769
v 0.02647180 0.01780762 0.01119571
v 0.02655740 0.01722500 0.01139451
v 0.02625297 0.01748519 0.01163411
v 0.02642285 0.01722500 0.01155906
v 0.02620125 0.01722500 0.01171268
v 0.02612692 0.01722500 0.01176421
v 0.02588346 0.01763490 0.01171021
v 0.02587971 0.01722500 0.01183559
v 0.02569777 0.01722500 0.01182893
v 0.02563262 0.01767066 0.01164319
v 0.02556173 0.01722500 0.01177712
v 0.02664550 0.01722500 0.01128677
v -0.00949211 0.02259999 0.00038708
v -0.00949211 0.04610000 0.00038708
v -0.00802687 0.02259999 0.00508128
v -0.00802687 0.04610000 0.00508128
v -0.00441083 0.02259999 0.00841395
v -0.00441083 0.04610000 0.00841395
v 0.00038708 0.02259999 0.00949211
v 0.00038708 0.04610000 0.00949211
v 0.00508128 0.02259999 0.00802687
v 0.00508128 0.04610000 0.00802687
v 0.00841395 0.02259999 0.00441083
v 0.00841395 0.04610000 0.00441083
v 0.00949211 0.02259999 -0.00038708
v 0.00949211 0.04610000 -0.00038708
v 0.00802687 0.02259999 -0.00508128
v 0.00802687 0.04610000 -0.00508128
v 0.00441083 0.02259999 -0.00841395
v 0.00441083 0.04610000 -0.00841395
v -0.00038708 0.02259999 -0.00949211
v -0.00038708 0.04610000 -0.00949211
v -0.00508128 0.02259999 -0.00802687
v -0.00508128 0.04610000 -0.00802687
v -0.00841395 0.02259999 -0.00441083
v -0.00841395 0.04610000 -0.00441083
v 0.00508128 0.02259999 0.00802687
v 0.01783796 0.02259999 0.02817853
v 0.00038708 0.02259999 0.00949211
v 0.00135886 0.02259999 0.03332230
v -0.00441083 0.02259999 0.00841395
v -0.01548434 0.02259999 0.02953739
v -0.00802687 0.02259999 0.00508128
v -0.02817853 0.02259999 0.01783796
v -0.00949211 0.02259999 0.00038708
v -0.03332230 0.02259999 0.00135886
v -0.00841395 0.02259999 -0.00441083
v -0.02953739 0.02259999 -0.01548434
v -0.00508128 0.02259999 -0.00802687
v -0.01783796 0.02259999 -0.02817853
v -0.00038708 0.02259999 -0.00949211
v -0.00135886 0.02259999 -0.03332230
v 0.00441083 0.02259999 -0.00841395
v 0.01548434 0.02259999 -0.02953739
v 0.00802687 0.02259999 -0.00508128
v 0.02817853 0.02259999 -0.01783796
v 0.00949211 0.02259999 -0.00038708
v 0.03332230 0.02259999 -0.00135886
v 0.00841395 0.02259999 0.00441083
v 0.02953739 0.02259999 0.01548434
v 0.00508128 0.04610000 0.00802687
v 0.01783796 0.04610000 0.02817853
v 0.00841395 0.04610000 0.00441083
v 0.02953739 0.04610000 0.01548434
v 0.00949211 0.04610000 -0.00038708
v 0.03332230 0.04610000 -0.00135886
v 0.00802687 0.04610000 -0.00508128
v 0.02817853 0.04610000 -0.01783796
v 0.00441083 0.04610000 -0.00841395
v 0.01548434 0.04610000 -0.02953739
v -0.00038708 0.04610000 -0.00949211
v -0.00135886 0.04610000 -0.03332230
v -0.00508128 0.04610000 -0.00802687
v -0.01783796 0.04610000 -0.02817853
v -0.00841395 0.04610000 -0.00441083
v -0.02953739 0.04610000 -0.01548434
v -0.00949211 0.04610000 0.00038708
v -0.03332230 0.04610000 0.00135886
v -0.00802687 0.04610000 0.00508128
v -0.02817853 0.04610000 0.01783796
v -0.00441083 0.04610000 0.00841395
v -0.01548434 0.04610000 0.02953739
v 0.00038708 0.04610000 0.00949211
v 0.00135886 0.04610000 0.03332230
v 0.03332230 0.02259999 -0.00135886
v 0.02953739 0.04610000 0.01548434
v 0.02953739 0.02259999 0.01548434
v 0.01783796 0.04610000 0.02817853
v 0.01783796 0.02259999 0.02817853
v 0.00135886 0.04610000 0.03332230
v 0.00135886 0.02259999 0.03332230
v -0.01548434 0.04610000 0.02953739
v -0.01548434 0.02259999 0.02953739
v -0.02817853 0.04610000 0.01783796
v -0.02817853 0.02259999 0.01783796
v -0.03332230 0.04610000 0.00135886
v -0.03332230 0.02259999 0.00135886
v -0.02953739 0.04610000 -0.01548434
v -0.02953739 0.02259999 -0.01548434
v -0.01783796 0.04610000 -0.02817853
v -0.01783796 0.02259999 -0.02817853
v -0.00135886 0.04610000 -0.03332230
v -0.00135886 0.02259999 -0.03332230
v 0.01548434 0.04610000 -0.02953739
v 0.01548434 0.02259999 -0.02953739
v 0.02817853 0.04610000 -0.01783796
v 0.02817853 0.02259999 -0.01783796
v 0.03332230 0.04610000 -0.00135886
v 0.02111683 0.01459999 0.01084633
v 0.02111683 0.01445000 0.01084633
v 0.02108479 0.01459999 0.01085152
v 0.02108479 0.01445000 0.01085152
v 0.02077911 0.01459999 0.01044212
v 0.02077911 0.01445000 0.01044212
v 0.02089648 0.01445000 0.01070728
v 0.02089648 0.01459999 0.01070728
v 0.02111582 0.01445000 0.01089881
v 0.02111582 0.01459999 0.01089881
v 0.02111582 0.01459999 0.01089881
v 0.02111683 0.01459999 0.01084633
v 0.02108479 0.01459999 0.01085152
v 0.02086590 0.01459999 0.01039601
v 0.02085686 0.01459999 0.01039127
v 0.02087864 0.01459999 0.01056247
v 0.02082273 0.01459999 0.01042705
v 0.02089648 0.01459999 0.01070728
v 0.02077911 0.01459999 0.01044212
v 0.02096338 0.01459999 0.01073585
v 0.02111582 0.01459999 0.01089881
v 0.02111582 0.01445000 0.01089881
v 0.02111683 0.01459999 0.01084633
v 0.02111683 0.01445000 0.01084633
v 0.02111683 0.01445000 0.01084633
v 0.02111582 0.01445000 0.01089881
v 0.02108479 0.01445000 0.01085152
v 0.02089648 0.01445000 0.01070728
v 0.02077911 0.01445000 0.01044212
v 0.02082273 0.01445000 0.01042705
v 0.02085686 0.01445000 0.01039127
v 0.02086590 0.01445000 0.01039601
v 0.02087864 0.01445000 0.01056247
v 0.02096338 0.01445000 0.01073585
v 0.02077911 0.01445000 0.01044212
v 0.02077911 0.01459999 0.01044212
v 0.02082273 0.01445000 0.01042705
v 0.02082273 0.01459999 0.01042705
v 0.02085686 0.01445000 0.01039127
v 0.02085686 0.01459999 0.01039127
v 0.02086590 0.01445000 0.01039601
v 0.02086590 0.01459999 0.01039601
v 0.02087864 0.01445000 0.01056247
v 0.02087864 0.01459999 0.01056247
v 0.02096338 0.01445000 0.01073585
v 0.02096338 0.01459999 0.01073585
v 0.02108479 0.01445000 0.01085152
v 0.02108479 0.01459999 0.01085152
v 0.02086590 0.01459999 0.01039601
v 0.02086590 0.01445000 0.01039601
v 0.02085686 0.01459999 0.01039127
v 0.02085686 0.01445000 0.01039127
v -0.00441083 0.02259999 0.00841395
v -0.01548434 0.02259999 0.02953739
v -0.00802687 0.02259999 0.00508128
v -0.02817853 0.02259999 0.01783796
v -0.00949211 0.02259999 0.00038708
v -0.03332230 0.02259999 0.00135886
v -0.00841395 0.02259999 -0.00441083
v -0.02953739 0.02259999 -0.01548434
v -0.00508128 0.02259999 -0.00802687
v -0.01783796 0.02259999 -0.02817853
v -0.00038708 0.02259999 -0.00949211
v -0.00135886 0.02259999 -0.03332230
v 0.00441083 0.02259999 -0.00841395
v 0.01548434 0.02259999 -0.02953739
v 0.00802687 0.02259999 -0.00508128
v 0.02817853 0.02259999 -0.01783796
v 0.00949211 0.02259999 -0.00038708
v 0.03332230 0.02259999 -0.00135886
v 0.00841395 0.02259999 0.00441083
v 0.02953739 0.02259999 0.01548434
v 0.00508128 0.02259999 0.00802687
v 0.01783796 0.02259999 0.02817853
v 0.00038708 0.02259999 0.00949211
v 0.00135886 0.02259999 0.03332230
v -0.03332230 0.04610000 0.00135886
v -0.02817853 0.02259999 0.01783796
v -0.02817853 0.04610000 0.01783796
v -0.01548434 0.02259999 0.02953739
v -0.01548434 0.04610000 0.02953739
v 0.00135886 0.02259999 0.03332230
v 0.00135886 0.04610000 0.03332230
v 0.01783796 0.02259999 0.02817853
v 0.01783796 0.04610000 0.02817853
v 0.02953739 0.02259999 0.01548434
v 0.02953739 0.04610000 0.01548434
v 0.03332230 0.02259999 -0.00135886
v 0.03332230 0.04610000 -0.00135886
v 0.02817853 0.02259999 -0.01783796
v 0.02817853 0.04610000 -0.01783796
v 0.01548434 0.02259999 -0.02953739
v 0.01548434 0.04610000 -0.02953739
v -0.00135886 0.02259999 -0.03332230
v -0.00135886 0.04610000 -0.03332230
v -0.01783796 0.02259999 -0.02817853
v -0.01783796 0.04610000 -0.02817853
v -0.02953739 0.02259999 -0.01548434
v -0.02953739 0.04610000 -0.01548434
v -0.03332230 0.02259999 0.00135886
v 0.00949211 0.04610000 -0.00038708
v 0.00949211 0.02259999 -0.00038708
v 0.00841395 0.04610000 0.00441083
v 0.00841395 0.02259999 0.00441083
v 0.00508128 0.04610000 0.00802687
v 0.00508128 0.02259999 0.00802687
v 0.00038708 0.04610000 0.00949211
v 0.00038708 0.02259999 0.00949211
v -0.00441083 0.04610000 0.00841395
v -0.00441083 0.02259999 0.00841395
v -0.00802687 0.04610000 0.00508128
v -0.00802687 0.02259999 0.00508128
v -0.00949211 0.04610000 0.00038708
v -0.00949211 0.02259999 0.00038708
v -0.00841395 0.04610000 -0.00441083
v -0.00841395 0.02259999 -0.00441083
v -0.00508128 0.04610000 -0.00802687
v -0.00508128 0.02259999 -0.00802687
v -0.00038708 0.04610000 -0.00949211
v -0.00038708 0.02259999 -0.00949211
v 0.00441083 0.04610000 -0.00841395
v 0.00441083 0.02259999 -0.00841395
v 0.00802687 0.04610000 -0.00508128
v 0.00802687 0.02259999 -0.00508128
v -0.00441083 0.04610000 0.00841395
v -0.01548434 0.04610000 0.02953739
v 0.00038708 0.04610000 0.00949211
v 0.00135886 0.04610000 0.03332230
v 0.00508128 0.04610000 0.00802687
v 0.01783796 0.04610000 0.02817853
v 0.00841395 0.04610000 0.00441083
v 0.02953739 0.04610000 0.01548434
v 0.00949211 0.04610000 -0.00038708
v 0.03332230 0.04610000 -0.00135886
v 0.00802687 0.04610000 -0.00508128
v 0.02817853 0.04610000 -0.01783796
v 0.00441083 0.04610000 -0.00841395
v 0.01548434 0.04610000 -0.02953739
v -0.00038708 0.04610000 -0.00949211
v -0.00135886 0.04610000 -0.03332230
v -0.00508128 0.04610000 -0.00802687
v -0.01783796 0.04610000 -0.02817853
v -0.00841395 0.04610000 -0.00441083
v -0.02953739 0.04610000 -0.01548434
v -0.00949211 0.04610000 0.00038708
v -0.03332230 0.04610000 0.00135886
v -0.00802687 0.04610000 0.00508128
v -0.02817853 0.04610000 0.01783796
v 0.03294801 0.01594999 -0.00518202
v 0.03297137 0.01613301 -0.00500050
v 0.03293946 0.01570000 -0.00524846
v 0.03300329 0.01620000 -0.00475255
v 0.03313096 0.01620000 -0.00376073
v 0.03316288 0.01613301 -0.00351278
v 0.03318625 0.01594999 -0.00333126
v 0.03319480 0.01570000 -0.00326482
v 0.03319480 0.01270000 -0.00326482
v 0.03293946 0.01270000 -0.00524846
v 0.03194764 0.01270000 -0.00512078
v 0.03194764 0.01170000 -0.00512078
v 0.03174927 0.01149999 -0.00509525
v 0.03293946 0.01570000 -0.00524846
v 0.03293946 0.01270000 -0.00524846
v 0.03061863 0.01570000 -0.00494970
v 0.03061863 0.01149999 -0.00494970
v 0.03220299 0.01170000 -0.00313715
v 0.03194764 0.01170000 -0.00512078
v 0.03220299 0.01270000 -0.00313715
v 0.03194764 0.01270000 -0.00512078
v 0.03087398 0.01570000 -0.00296607
v 0.03319480 0.01570000 -0.00326482
v 0.03318625 0.01594999 -0.00333126
v 0.03086542 0.01594999 -0.00303251
v 0.03316288 0.01613301 -0.00351278
v 0.03084206 0.01613301 -0.00321403
v 0.03313096 0.01620000 -0.00376073
v 0.03081014 0.01620000 -0.00346198
v 0.03293946 0.01570000 -0.00524846
v 0.03061863 0.01570000 -0.00494970
v 0.03062718 0.01594999 -0.00488326
v 0.03294801 0.01594999 -0.00518202
v 0.03065055 0.01613301 -0.00470175
v 0.03297137 0.01613301 -0.00500050
v 0.03068247 0.01620000 -0.00445380
v 0.03300329 0.01620000 -0.00475255
v 0.03220299 0.01270000 -0.00313715
v 0.03194764 0.01270000 -0.00512078
v 0.03319480 0.01270000 -0.00326482
v 0.03293946 0.01270000 -0.00524846
v 0.03068247 0.01620000 -0.00445380
v 0.03300329 0.01620000 -0.00475255
v 0.03005888 0.01149999 -0.00538177
v 0.03044191 0.01149999 -0.00240633
v 0.03005888 0.01669999 -0.00538177
v 0.03044191 0.01669999 -0.00240633
v 0.03055479 0.01149999 -0.00544561
v 0.03005888 0.01149999 -0.00538177
v 0.03055479 0.01669999 -0.00544561
v 0.03005888 0.01669999 -0.00538177
v 0.03005888 0.01669999 -0.00538177
v 0.03044191 0.01669999 -0.00240633
v 0.03055479 0.01669999 -0.00544561
v 0.03093781 0.01669999 -0.00247016
v 0.03093781 0.01669999 -0.00247016
v 0.03044191 0.01669999 -0.00240633
v 0.03093781 0.01149999 -0.00247016
v 0.03044191 0.01149999 -0.00240633
v 0.03044191 0.01149999 -0.00240633
v 0.03005888 0.01149999 -0.00538177
v 0.03061863 0.01149999 -0.00494970
v 0.03055479 0.01149999 -0.00544561
v 0.03093781 0.01149999 -0.00247016
v 0.03087398 0.01149999 -0.00296607
v 0.03200462 0.01149999 -0.00311162
v 0.03174927 0.01149999 -0.00509525
v 0.03061863 0.01149999 -0.00494970
v 0.03055479 0.01149999 -0.00544561
v 0.03061863 0.01570000 -0.00494970
v 0.03055479 0.01669999 -0.00544561
v 0.03062718 0.01594999 -0.00488326
v 0.03065055 0.01613301 -0.00470175
v 0.03093781 0.01149999 -0.00247016
v 0.03087398 0.01149999 -0.00296607
v 0.03093781 0.01669999 -0.00247016
v 0.03087398 0.01570000 -0.00296607
v 0.03086542 0.01594999 -0.00303251
v 0.03084206 0.01613301 -0.00321403
v 0.03081014 0.01620000 -0.00346198
v 0.03068247 0.01620000 -0.00445380
v 0.03194764 0.01170000 -0.00512078
v 0.03220299 0.01170000 -0.00313715
v 0.03174927 0.01149999 -0.00509525
v 0.03200462 0.01149999 -0.00311162
v 0.03220299 0.01270000 -0.00313715
v 0.03319480 0.01270000 -0.00326482
v 0.03319480 0.01570000 -0.00326482
v 0.03200462 0.01149999 -0.00311162
v 0.03220299 0.01170000 -0.00313715
v 0.03087398 0.01149999 -0.00296607
v 0.03087398 0.01570000 -0.00296607
v -0.00866018 0.16400730 -0.05636633
v -0.00982755 0.16655915 -0.05659002
v -0.00789529 0.16498035 -0.05674421
v -0.00901581 0.16752428 -0.05629971
v -0.00708354 0.16594549 -0.05645391
v -0.00837472 0.16822288 -0.05541901
v -0.00644245 0.16664409 -0.05557321
v -0.00807606 0.16846777 -0.05418389
v -0.00614380 0.16688898 -0.05433809
v -0.00819986 0.16819333 -0.05292531
v -0.00626760 0.16661454 -0.05307951
v -0.00871295 0.16747309 -0.05198050
v -0.00678069 0.16589430 -0.05213469
v -0.00947785 0.16650004 -0.05160261
v -0.00754558 0.16492125 -0.05175681
v -0.01028959 0.16553491 -0.05189292
v -0.00835733 0.16395611 -0.05204711
v -0.01093068 0.16483630 -0.05277362
v -0.00899842 0.16325751 -0.05292781
v -0.01122934 0.16459141 -0.05400874
v -0.00929707 0.16301262 -0.05416293
v -0.01110553 0.16486585 -0.05526732
v -0.00917327 0.16328706 -0.05542152
v -0.01059244 0.16558610 -0.05621214
v -0.00779038 0.16496262 -0.05524799
v -0.00789529 0.16498035 -0.05674421
v -0.00746568 0.16534867 -0.05513187
v -0.00708354 0.16594549 -0.05645391
v -0.00720924 0.16562812 -0.05477959
v -0.00644245 0.16664409 -0.05557321
v -0.00708978 0.16572607 -0.05428554
v -0.00614380 0.16688898 -0.05433809
v -0.00713930 0.16561629 -0.05378211
v -0.00626760 0.16661454 -0.05307951
v -0.00734454 0.16532820 -0.05340418
v -0.00678069 0.16589430 -0.05213469
v -0.00765049 0.16493898 -0.05325303
v -0.00754558 0.16492125 -0.05175681
v -0.00797519 0.16455293 -0.05336915
v -0.00835733 0.16395611 -0.05204711
v -0.00823163 0.16427348 -0.05372143
v -0.00899842 0.16325751 -0.05292781
v -0.00835109 0.16417553 -0.05421548
v -0.00929707 0.16301262 -0.05416293
v -0.00830157 0.16428531 -0.05471891
v -0.00917327 0.16328706 -0.05542152
v -0.00809633 0.16457340 -0.05509684
v -0.00866018 0.16400730 -0.05636633
v -0.00902204 0.16730486 -0.05413135
v -0.00807606 0.16846777 -0.05418389
v -0.00914151 0.16720691 -0.05462539
v -0.00837472 0.16822288 -0.05541901
v -0.00939794 0.16692746 -0.05497768
v -0.00901581 0.16752428 -0.05629971
v -0.00972264 0.16654141 -0.05509380
v -0.00982755 0.16655915 -0.05659002
v -0.01002860 0.16615219 -0.05494264
v -0.01059244 0.16558610 -0.05621214
v -0.01023383 0.16586410 -0.05456472
v -0.01110553 0.16486585 -0.05526732
v -0.01028335 0.16575432 -0.05406128
v -0.01122934 0.16459141 -0.05400874
v -0.01016389 0.16585227 -0.05356724
v -0.01093068 0.16483630 -0.05277362
v -0.00990746 0.16613172 -0.05321496
v -0.01028959 0.16553491 -0.05189292
v -0.00958276 0.16651777 -0.05309883
v -0.00947785 0.16650004 -0.05160261
v -0.00927680 0.16690699 -0.05324999
v -0.00871295 0.16747309 -0.05198050
v -0.00907156 0.16719509 -0.05362791
v -0.00819986 0.16819333 -0.05292531
v -0.01002860 0.16615219 -0.05494264
v -0.00809633 0.16457340 -0.05509684
v -0.00972264 0.16654141 -0.05509380
v -0.00779038 0.16496262 -0.05524799
v -0.00939794 0.16692746 -0.05497768
v -0.00746568 0.16534867 -0.05513187
v -0.00914151 0.16720691 -0.05462539
v -0.00720924 0.16562812 -0.05477959
v -0.00902204 0.16730486 -0.05413135
v -0.00708978 0.16572607 -0.05428554
v -0.00907156 0.16719509 -0.05362791
v -0.00713930 0.16561629 -0.05378211
v -0.00927680 0.16690699 -0.05324999
v -0.00734454 0.16532820 -0.05340418
v -0.00958276 0.16651777 -0.05309883
v -0.00765049 0.16493898 -0.05325303
v -0.00990746 0.16613172 -0.05321496
v -0.00797519 0.16455293 -0.05336915
v -0.01016389 0.16585227 -0.05356724
v -0.00823163 0.16427348 -0.05372143
v -0.01028335 0.16575432 -0.05406128
v -0.00835109 0.16417553 -0.05421548
v -0.01023383 0.16586410 -0.05456472
v -0.00830157 0.16428531 -0.05471891
v 0.00338069 0.16589430 -0.05213469
v 0.00479986 0.16819333 -0.05292531
v 0.00286760 0.16661454 -0.05307951
v 0.00467606 0.16846777 -0.05418389
v 0.00274380 0.16688898 -0.05433809
v 0.00497472 0.16822288 -0.05541901
v 0.00304245 0.16664409 -0.05557321
v 0.00561581 0.16752428 -0.05629971
v 0.00368354 0.16594549 -0.05645391
v 0.00642755 0.16655915 -0.05659002
v 0.00449529 0.16498035 -0.05674421
v 0.00719244 0.16558610 -0.05621214
v 0.00526018 0.16400730 -0.05636633
v 0.00770553 0.16486585 -0.05526732
v 0.00577327 0.16328706 -0.05542152
v 0.00782934 0.16459141 -0.05400874
v 0.00589707 0.16301262 -0.05416293
v 0.00753068 0.16483630 -0.05277362
v 0.00559842 0.16325751 -0.05292781
v 0.00688959 0.16553491 -0.05189292
v 0.00495733 0.16395611 -0.05204711
v 0.00607785 0.16650004 -0.05160261
v 0.00414558 0.16492125 -0.05175681
v 0.00531295 0.16747309 -0.05198050
v 0.00373930 0.16561629 -0.05378211
v 0.00286760 0.16661454 -0.05307951
v 0.00368978 0.16572607 -0.05428554
v 0.00274380 0.16688898 -0.05433809
v 0.00380924 0.16562812 -0.05477959
v 0.00304245 0.16664409 -0.05557321
v 0.00406568 0.16534867 -0.05513187
v 0.00368354 0.16594549 -0.05645391
v 0.00439038 0.16496262 -0.05524799
v 0.00449529 0.16498035 -0.05674421
v 0.00469633 0.16457340 -0.05509684
v 0.00526018 0.16400730 -0.05636633
v 0.00490157 0.16428531 -0.05471891
v 0.00577327 0.16328706 -0.05542152
v 0.00495109 0.16417553 -0.05421548
v 0.00589707 0.16301262 -0.05416293
v 0.00483163 0.16427348 -0.05372143
v 0.00559842 0.16325751 -0.05292781
v 0.00457519 0.16455293 -0.05336915
v 0.00495733 0.16395611 -0.05204711
v 0.00425049 0.16493898 -0.05325303
v 0.00414558 0.16492125 -0.05175681
v 0.00394454 0.16532820 -0.05340418
v 0.00338069 0.16589430 -0.05213469
v 0.00599794 0.16692746 -0.05497768
v 0.00561581 0.16752428 -0.05629971
v 0.00574151 0.16720691 -0.05462539
v 0.00497472 0.16822288 -0.05541901
v 0.00562204 0.16730486 -0.05413135
v 0.00467606 0.16846777 -0.05418389
v 0.00567157 0.16719509 -0.05362791
v 0.00479986 0.16819333 -0.05292531
v 0.00587680 0.16690699 -0.05324999
v 0.00531295 0.16747309 -0.05198050
v 0.00618276 0.16651777 -0.05309883
v 0.00607785 0.16650004 -0.05160261
v 0.00650746 0.16613172 -0.05321496
v 0.00688959 0.16553491 -0.05189292
v 0.00676389 0.16585227 -0.05356724
v 0.00753068 0.16483630 -0.05277362
v 0.00688335 0.16575432 -0.05406128
v 0.00782934 0.16459141 -0.05400874
v 0.00683383 0.16586410 -0.05456472
v 0.00770553 0.16486585 -0.05526732
v 0.00662860 0.16615219 -0.05494264
v 0.00719244 0.16558610 -0.05621214
v 0.00632264 0.16654141 -0.05509380
v 0.00642755 0.16655915 -0.05659002
v 0.00587680 0.16690699 -0.05324999
v 0.00394454 0.16532820 -0.05340418
v 0.00567157 0.16719509 -0.05362791
v 0.00373930 0.16561629 -0.05378211
v 0.00562204 0.16730486 -0.05413135
v 0.00368978 0.16572607 -0.05428554
v 0.00574151 0.16720691 -0.05462539
v 0.00380924 0.16562812 -0.05477959
v 0.00599794 0.16692746 -0.05497768
v 0.00406568 0.16534867 -0.05513187
v 0.00632264 0.16654141 -0.05509380
v 0.00439038 0.16496262 -0.05524799
v 0.00662860 0.16615219 -0.05494264
v 0.00469633 0.16457340 -0.05509684
v 0.00683383 0.16586410 -0.05456472
v 0.00490157 0.16428531 -0.05471891
v 0.00688335 0.16575432 -0.05406128
v 0.00495109 0.16417553 -0.05421548
v 0.00676389 0.16585227 -0.05356724
v 0.00483163 0.16427348 -0.05372143
v 0.00650746 0.16613172 -0.05321496
v 0.00457519 0.16455293 -0.05336915
v 0.00618276 0.16651777 -0.05309883
v 0.00425049 0.16493898 -0.05325303
v -0.07354655 0.17221327 0.00450000
v -0.07343172 0.17324216 0.00900000
v -0.07343172 0.17324216 0.00450000
v -0.07281782 0.17407578 0.00900000
v -0.07281782 0.17407578 0.00450000
v -0.07186936 0.17449078 0.00900000
v -0.07186936 0.17449078 0.00450000
v -0.07084048 0.17437594 0.00900000
v -0.07084048 0.17437594 0.00450000
v -0.07000685 0.17376205 0.00900000
v -0.07000685 0.17376205 0.00450000
v -0.06959186 0.17281359 0.00900000
v -0.06959186 0.17281359 0.00450000
v -0.06970669 0.17178470 0.00900000
v -0.06970669 0.17178470 0.00450000
v -0.07032058 0.17095108 0.00900000
v -0.07032058 0.17095108 0.00450000
v -0.07126904 0.17053608 0.00900000
v -0.07126904 0.17053608 0.00450000
v -0.07229793 0.17065092 0.00900000
v -0.07229793 0.17065092 0.00450000
v -0.07313156 0.17126481 0.00900000
v -0.07313156 0.17126481 0.00450000
v -0.07354655 0.17221327 0.00900000
v -0.07254702 0.17289601 0.00450000
v -0.07343172 0.17324216 0.00450000
v -0.07222473 0.17333367 0.00450000
v -0.07281782 0.17407578 0.00450000
v -0.07172679 0.17355154 0.00450000
v -0.07186936 0.17449078 0.00450000
v -0.07118662 0.17349125 0.00450000
v -0.07084048 0.17437594 0.00450000
v -0.07074897 0.17316896 0.00450000
v -0.07000685 0.17376205 0.00450000
v -0.07053110 0.17267101 0.00450000
v -0.06959186 0.17281359 0.00450000
v -0.07059138 0.17213085 0.00450000
v -0.06970669 0.17178470 0.00450000
v -0.07091368 0.17169319 0.00450000
v -0.07032058 0.17095108 0.00450000
v -0.07141162 0.17147532 0.00450000
v -0.07126904 0.17053608 0.00450000
v -0.07195179 0.17153561 0.00450000
v -0.07229793 0.17065092 0.00450000
v -0.07238944 0.17185790 0.00450000
v -0.07313156 0.17126481 0.00450000
v -0.07260731 0.17235585 0.00450000
v -0.07354655 0.17221327 0.00450000
v -0.07118662 0.17349125 0.00900000
v -0.07084048 0.17437594 0.00900000
v -0.07172679 0.17355154 0.00900000
v -0.07186936 0.17449078 0.00900000
v -0.07222473 0.17333367 0.00900000
v -0.07281782 0.17407578 0.00900000
v -0.07254702 0.17289601 0.00900000
v -0.07343172 0.17324216 0.00900000
v -0.07260731 0.17235585 0.00900000
v -0.07354655 0.17221327 0.00900000
v -0.07238944 0.17185790 0.00900000
v -0.07313156 0.17126481 0.00900000
v -0.07195179 0.17153561 0.00900000
v -0.07229793 0.17065092 0.00900000
v -0.07141162 0.17147532 0.00900000
v -0.07126904 0.17053608 0.00900000
v -0.07091368 0.17169319 0.00900000
v -0.07032058 0.17095108 0.00900000
v -0.07059138 0.17213085 0.00900000
v -0.06970669 0.17178470 0.00900000
v -0.07053110 0.17267101 0.00900000
v -0.06959186 0.17281359 0.00900000
v -0.07074897 0.17316896 0.00900000
v -0.07000685 0.17376205 0.00900000
v -0.07260731 0.17235585 0.00900000
v -0.07260731 0.17235585 0.00450000
v -0.07254702 0.17289601 0.00900000
v -0.07254702 0.17289601 0.00450000
v -0.07222473 0.17333367 0.00900000
v -0.07222473 0.17333367 0.00450000
v -0.07172679 0.17355154 0.00900000
v -0.07172679 0.17355154 0.00450000
v -0.07118662 0.17349125 0.00900000
v -0.07118662 0.17349125 0.00450000
v -0.07074897 0.17316896 0.00900000
v -0.07074897 0.17316896 0.00450000
v -0.07053110 0.17267101 0.00900000
v -0.07053110 0.17267101 0.00450000
v -0.07059138 0.17213085 0.00900000
v -0.07059138 0.17213085 0.00450000
v -0.07091368 0.17169319 0.00900000
v -0.07091368 0.17169319 0.00450000
v -0.07141162 0.17147532 0.00900000
v -0.07141162 0.17147532 0.00450000
v -0.07195179 0.17153561 0.00900000
v -0.07195179 0.17153561 0.00450000
v -0.07238944 0.17185790 0.00900000
v -0.07238944 0.17185790 0.00450000
f 1 2 3
f 2 4 3
f 3 4 5
f 4 6 5
f 5 6 7
f 6 8 7
f 7 8 9
f 8 10 9
f 9 10 11
f 10 12 11
f 11 12 13
f 12 14 13
f 13 14 15
f 14 16 15
f 15 16 17
f 16 18 17
f 17 18 19
f 18 20 19
f 19 20 21
f 20 22 21
f 21 22 23
f 22 24 23
f 23 24 1
f 24 2 1
f 25 26 27
f 26 28 27
f 27 28 29
f 28 30 29
f 29 30 31
f 30 32 31
f 31 32 33
f 32 34 33
f 33 34 35
f 34 36 35
f 35 36 37
f 36 38 37
f 37 38 39
f 38 40 39
f 39 40 41
f 40 42 41
f 41 42 43
f 42 44 43
f 43 44 45
f 44 46 45
f 45 46 47
f 46 48 47
f 47 48 25
f 48 26 25
f 49 50 51
f 50 52 51
f 51 52 53
f 52 54 53
f 53 54 55
f 54 56 55
f 55 56 57
f 56 58 57
f 57 58 59
f 58 60 59
f 59 60 61
f 60 62 61
f 61 62 63
f 62 64 63
f 63 64 65
f 64 66 65
f 65 66 67
f 66 68 67
f 67 68 69
f 68 70 69
f 69 70 71
f 70 72 71
f 71 72 49
f 72 50 49
f 73 74 75
f 74 76 75
f 75 76 77
f 76 78 77
f 77 78 79
f 78 80 79
f 79 80 81
f 80 82 81
f 81 82 83
f 82 84 83
f 83 84 85
f 84 86 85
f 85 86 87
f 86 88 87
f 87 88 89
f 88 90 89
f 89 90 91
f 90 92 91
f 91 92 93
f 92 94 93
f 93 94 95
f 94 96 95
f 95 96 73
f 96 74 73
f 97 98 99
f 98 100 99
f 101 102 103
f 102 104 103
f 105 106 107
f 106 108 107
f 109 110 111
f 110 112 111
f 113 114 115
f 116 117 115
f 117 118 115
f 119 120 121
f 122 123 118
f 123 124 118
f 118 124 115
f 124 119 115
f 115 119 113
f 119 121 113
f 125 126 127
f 126 128 127
f 129 130 131
f 130 132 131
f 133 134 135
f 134 136 135
f 137 138 139
f 138 140 139
f 141 142 143
f 142 144 143
f 145 146 147
f 146 148 147
f 149 150 151
f 150 152 151
f 153 154 155
f 154 156 155
f 155 156 152
f 156 147 152
f 152 147 151
f 147 148 151
f 157 158 159
f 158 160 159
f 161 162 163
f 162 164 163
f 165 166 162
f 166 167 162
f 162 167 164
f 168 169 170
f 169 171 170
f 172 173 174
f 173 175 174
f 176 177 178
f 177 179 178
f 180 181 182
f 183 184 185
f 184 186 185
f 185 186 182
f 186 187 182
f 182 187 180
f 188 189 190
f 191 192 193
f 192 188 193
f 193 188 194
f 188 190 194
f 195 196 197
f 196 198 197
f 199 200 201
f 200 202 201
f 201 202 203
f 202 204 203
f 205 206 207
f 206 208 207
f 209 210 211
f 210 212 211
f 213 214 215
f 214 216 215
f 217 218 219
f 218 220 219
f 221 222 223
f 222 224 223
f 225 226 227
f 228 229 227
f 229 230 227
f 227 230 225
f 231 232 233
f 232 234 233
f 235 236 237
f 238 239 237
f 239 240 237
f 237 240 235
f 241 242 243
f 242 244 243
f 245 246 247
f 246 248 247
f 249 250 251
f 252 253 254
f 255 256 254
f 256 249 254
f 254 249 252
f 249 251 252
f 257 258 259
f 258 260 259
f 261 262 263
f 262 264 263
f 265 266 267
f 266 268 267
f 269 270 271
f 270 272 271
f 273 269 274
f 269 271 274
f 274 271 275
f 271 276 275
f 275 276 277
f 276 278 277
f 279 280 281
f 282 283 284
f 285 286 287
f 284 283 281
f 283 288 281
f 281 288 279
f 287 286 289
f 286 290 289
f 289 290 291
f 292 293 294
f 295 296 297
f 297 298 295
f 298 293 295
f 295 293 281
f 293 292 281
f 281 292 284
f 284 289 282
f 289 291 282
f 282 291 279
f 291 299 279
f 279 299 280
f 299 300 280
f 280 300 296
f 300 301 296
f 296 301 297
f 301 302 297
f 297 302 294
f 302 285 294
f 294 285 292
f 285 287 292
f 303 304 305
f 304 306 305
f 305 306 307
f 306 308 307
f 309 310 311
f 312 313 311
f 313 314 311
f 311 314 309
f 315 316 317
f 318 319 317
f 319 320 317
f 317 320 315
f 321 322 323
f 322 324 323
f 325 326 327
f 328 329 330
f 327 331 332
f 332 333 327
f 333 328 327
f 327 328 334
f 328 330 334
f 335 336 337
f 336 338 337
f 334 339 327
f 339 337 327
f 327 337 325
f 337 338 325
f 325 338 340
f 341 342 343
f 342 344 343
f 345 346 347
f 346 348 347
f 349 350 351
f 350 352 351
f 353 354 355
f 354 356 355
f 357 358 359
f 358 360 359
f 359 360 361
f 360 362 361
f 363 364 365
f 364 366 365
f 367 368 369
f 368 370 369
f 369 370 371
f 372 373 374
f 373 375 374
f 374 375 376
f 375 377 376
f 378 379 380
f 379 381 380
f 382 383 384
f 383 385 384
f 386 387 388
f 387 389 388
f 388 389 390
f 389 391 390
f 392 393 394
f 393 395 394
f 396 397 398
f 397 399 398
f 400 401 402
f 401 403 402
f 404 405 406
f 407 408 409
f 410 411 412
f 411 413 412
f 414 415 410
f 416 406 417
f 406 405 417
f 417 405 418
f 405 419 418
f 406 407 404
f 407 409 404
f 404 409 420
f 409 421 420
f 422 418 412
f 418 419 412
f 412 419 410
f 419 420 410
f 410 420 414
f 420 421 414
f 414 421 423
f 424 425 426
f 425 427 426
f 428 429 430
f 429 431 430
f 432 433 434
f 433 435 434
f 436 437 433
f 437 438 433
f 433 438 435
f 439 440 441
f 441 442 439
f 442 443 439
f 439 443 444
f 443 445 444
f 444 445 446
f 447 448 449
f 448 450 449
f 451 452 453
f 452 454 453
f 455 456 457
f 456 458 457
f 457 458 459
f 460 461 462
f 461 463 462
f 464 465 466
f 465 467 466
f 468 469 470
f 469 471 470
f 470 471 472
f 471 473 472
f 474 475 476
f 475 477 476
f 476 477 478
f 477 479 478
f 480 481 482
f 481 483 482
f 484 485 486
f 485 487 486
f 488 489 490
f 489 491 490
f 492 493 494
f 495 496 497
f 496 498 497
f 499 500 497
f 501 502 503
f 502 504 503
f 505 503 498
f 503 504 498
f 498 504 497
f 504 492 497
f 497 492 499
f 492 494 499
f 499 494 506
f 494 507 506
f 508 509 510
f 509 511 510
f 510 511 512
f 511 513 512
f 514 515 516
f 515 517 516
f 518 519 520
f 521 522 523
f 522 518 523
f 523 518 524
f 518 520 524
f 525 526 527
f 526 528 527
f 529 530 531
f 530 532 531
f 531 532 533
f 532 534 533
f 533 534 535
f 534 536 535
f 535 536 537
f 536 538 537
f 537 538 539
f 538 540 539
f 539 540 541
f 540 542 541
f 541 542 543
f 542 544 543
f 543 544 545
f 544 546 545
f 545 546 547
f 546 548 547
f 547 548 549
f 548 550 549
f 549 550 551
f 550 552 551
f 551 552 529
f 552 530 529
f 553 554 555
f 554 556 555
f 555 556 557
f 556 558 557
f 557 558 559
f 558 560 559
f 559 560 561
f 560 562 561
f 561 562 563
f 562 564 563
f 563 564 565
f 564 566 565
f 565 566 567
f 566 568 567
f 567 568 569
f 568 570 569
f 569 570 571
f 570 572 571
f 571 572 573
f 572 574 573
f 573 574 575
f 574 576 575
f 575 576 553
f 576 554 553
f 577 578 579
f 578 580 579
f 581 582 583
f 582 584 583
f 585 586 587
f 586 588 587
f 589 590 591
f 592 593 594
f 592 594 595
f 594 596 595
f 595 596 597
f 596 598 597
f 597 598 599
f 600 601 602
f 600 602 603
f 602 604 603
f 603 604 605
f 604 606 605
f 606 607 605
f 605 607 608
f 607 609 608
f 608 609 610
f 611 612 613
f 612 614 613
f 613 614 615
f 614 616 615
f 617 618 619
f 618 620 619
f 619 620 621
f 620 622 621
f 622 623 621
f 621 623 624
f 623 625 624
f 624 625 626
f 625 627 626
f 627 628 626
f 626 628 629
f 628 630 629
f 629 630 631
f 630 632 631
f 631 632 633
f 632 634 633
f 632 635 634
f 635 636 634
f 634 636 637
f 636 638 637
f 637 638 639
f 638 640 639
f 639 640 641
f 640 642 641
f 641 642 643
f 644 645 646
f 645 647 646
f 646 647 648
f 649 650 651
f 650 652 651
f 653 654 655
f 654 656 655
f 655 656 657
f 656 658 657
f 657 658 659
f 658 660 659
f 659 660 661
f 662 663 664
f 663 665 664
f 666 667 668
f 667 669 668
f 670 671 672
f 671 673 672
f 672 673 674
f 670 675 671
f 675 676 671
f 671 676 677
f 676 678 677
f 677 678 679
f 678 680 679
f 679 680 681
f 680 682 681
f 681 682 683
f 682 684 683
f 683 684 685
f 684 686 685
f 685 686 687
f 686 688 687
f 687 688 689
f 688 690 689
f 689 690 691
f 690 692 691
f 691 692 693
f 692 694 693
f 693 694 695
f 694 696 695
f 695 696 673
f 696 697 673
f 673 697 674
f 698 699 700
f 699 701 700
f 700 701 702
f 701 703 702
f 703 704 702
f 702 704 705
f 704 706 705
f 705 706 707
f 706 708 707
f 707 708 709
f 708 710 709
f 709 710 711
f 710 712 711
f 711 712 713
f 712 714 713
f 713 714 715
f 714 716 715
f 715 716 717
f 716 718 717
f 717 718 719
f 718 720 719
f 719 720 721
f 720 722 721
f 721 722 698
f 722 723 698
f 698 723 699
f 724 725 726
f 725 727 726
f 728 729 730
f 729 731 730
f 730 731 732
f 731 733 732
f 732 733 734
f 733 735 734
f 734 735 736
f 735 737 736
f 736 737 738
f 737 739 738
f 738 739 740
f 739 741 740
f 740 741 742
f 741 743 742
f 742 743 744
f 743 745 744
f 744 745 746
f 745 747 746
f 746 747 748
f 747 749 748
f 748 749 750
f 749 751 750
f 750 751 728
f 751 729 728
f 752 753 754
f 753 755 754
f 756 757 758
f 757 759 758
f 760 761 762
f 761 763 762
f 764 765 766
f 765 767 766
f 768 769 770
f 769 771 770
f 770 771 772
f 771 773 772
f 772 773 774
f 775 776 777
f 776 778 777
f 777 778 779
f 778 780 779
f 779 780 781
f 780 782 781
f 781 782 783
f 782 784 783
f 783 784 785
f 784 786 785
f 785 786 787
f 786 788 787
f 787 788 789
f 788 790 789
f 789 790 791
f 790 792 791
f 791 792 793
f 792 794 793
f 793 794 795
f 794 796 795
f 795 796 797
f 796 798 797
f 797 798 775
f 798 776 775
f 799 800 801
f 802 803 801
f 803 804 801
f 801 804 799
f 805 806 807
f 806 808 807
f 809 810 811
f 810 805 811
f 811 805 812
f 813 814 815
f 814 816 815
f 815 816 817
f 805 807 812
f 807 818 812
f 812 818 816
f 818 819 816
f 816 819 817
f 813 820 814
f 820 821 814
f 814 821 822
f 821 823 822
f 822 823 824
f 823 825 824
f 824 825 826
f 825 827 826
f 826 827 828
f 827 829 828
f 828 829 830
f 829 831 830
f 830 831 832
f 831 833 832
f 832 833 809
f 833 834 809
f 809 834 810
f 835 836 837
f 836 838 837
f 837 838 839
f 840 841 842
f 841 839 842
f 842 839 843
f 839 838 843
f 844 845 846
f 847 845 848
f 849 850 851
f 852 850 853
f 846 852 854
f 855 856 857
f 858 856 859
f 851 858 860
f 861 862 863
f 864 862 865
f 857 864 866
f 863 847 867
f 868 869 870
f 869 871 870
f 872 873 874
f 873 875 874
f 876 877 878
f 879 880 881
f 880 882 881
f 881 882 883
f 882 884 883
f 883 884 885
f 884 886 885
f 885 886 887
f 886 888 887
f 887 888 889
f 888 890 889
f 889 890 891
f 890 892 891
f 891 892 893
f 892 894 893
f 893 894 895
f 894 896 895
f 895 896 897
f 896 898 897
f 897 898 899
f 898 900 899
f 899 900 901
f 900 902 901
f 901 902 879
f 902 880 879
f 903 904 905
f 904 906 905
f 905 906 907
f 906 908 907
f 907 908 909
f 908 910 909
f 909 910 911
f 910 912 911
f 911 912 913
f 912 914 913
f 913 914 915
f 914 916 915
f 915 916 917
f 916 918 917
f 917 918 919
f 918 920 919
f 919 920 921
f 920 922 921
f 921 922 923
f 922 924 923
f 923 924 925
f 924 926 925
f 925 926 903
f 926 904 903
f 927 928 929
f 928 930 929
f 929 930 931
f 932 933 929
f 933 934 929
f 929 934 927
f 935 936 929
f 936 937 929
f 929 937 932
f 931 938 929
f 938 939 929
f 929 939 935
f 940 941 942
f 941 943 942
f 944 945 946
f 945 947 946
f 946 947 948
f 947 949 948
f 948 949 950
f 949 951 950
f 950 951 952
f 951 953 952
f 952 953 954
f 953 955 954
f 954 955 956
f 955 957 956
f 956 957 958
f 957 959 958
f 958 959 960
f 959 961 960
f 960 961 962
f 961 963 962
f 962 963 964
f 963 965 964
f 964 965 966
f 965 967 966
f 966 967 944
f 967 945 944
f 968 969 970
f 969 971 970
f 972 973 974
f 973 975 974
f 976 977 978
f 977 979 978
f 980 981 982
f 981 983 982
f 984 985 986
f 986 985 980
f 985 987 980
f 980 987 981
f 988 989 990
f 989 991 990
f 992 993 994
f 993 995 994
f 994 995 996
f 995 997 996
f 996 997 998
f 997 999 998
f 998 999 1000
f 999 1001 1000
f 1000 1001 1002
f 1001 1003 1002
f 1002 1003 1004
f 1003 1005 1004
f 1004 1005 1006
f 1005 1007 1006
f 1006 1007 1008
f 1007 1009 1008
f 1008 1009 1010
f 1009 1011 1010
f 1010 1011 1012
f 1011 1013 1012
f 1012 1013 1014
f 1013 1015 1014
f 1014 1015 992
f 1015 993 992
f 1016 1017 1018
f 1017 1019 1018
f 1018 1019 1020
f 1019 1021 1020
f 1022 1023 1024
f 1023 1025 1024
f 1024 1025 1026
f 1025 1027 1026
f 1028 1029 1030
f 1031 1032 1033
f 1032 1034 1033
f 1035 1036 1037
f 1036 1038 1037
f 1037 1038 1039
f 1038 1040 1039
f 1039 1040 1041
f 1040 1042 1041
f 1041 1042 1043
f 1044 1045 1046
f 1045 1047 1046
f 1048 1049 1050
f 1049 1051 1050
f 1052 1053 1054
f 1055 1056 1057
f 1057 1056 1058
f 1056 1059 1058
f 1058 1059 1060
f 1054 1053 1059
f 1053 1061 1059
f 1059 1061 1060
f 1052 1054 1062
f 1054 1063 1062
f 1062 1063 1064
f 1063 1065 1064
f 1064 1065 1066
f 1057 1067 1055
f 1067 1068 1055
f 1055 1068 1065
f 1068 1069 1065
f 1065 1069 1066
f 1070 1071 1072
f 1071 1073 1072
f 1072 1073 1074
f 1073 1075 1074
f 1074 1075 1076
f 1075 1077 1076
f 1076 1077 1078
f 1077 1079 1078
f 1078 1079 1080
f 1079 1081 1080
f 1080 1081 1082
f 1081 1083 1082
f 1082 1083 1084
f 1083 1085 1084
f 1084 1085 1086
f 1085 1087 1086
f 1086 1087 1088
f 1087 1089 1088
f 1088 1089 1090
f 1089 1091 1090
f 1090 1091 1092
f 1091 1093 1092
f 1092 1093 1070
f 1093 1071 1070
f 1094 1095 1096
f 1095 1097 1096
f 1096 1097 1098
f 1097 1099 1098
f 1098 1099 1100
f 1099 1101 1100
f 1100 1101 1102
f 1101 1103 1102
f 1102 1103 1104
f 1103 1105 1104
f 1104 1105 1106
f 1105 1107 1106
f 1106 1107 1108
f 1107 1109 1108
f 1108 1109 1110
f 1109 1111 1110
f 1110 1111 1112
f 1111 1113 1112
f 1112 1113 1114
f 1113 1115 1114
f 1114 1115 1116
f 1115 1117 1116
f 1116 1117 1094
f 1117 1095 1094
f 1118 1119 1120
f 1119 1121 1120
f 1120 1121 1122
f 1121 1123 1122
f 1122 1123 1124
f 1123 1125 1124
f 1124 1125 1126
f 1125 1127 1126
f 1126 1127 1128
f 1127 1129 1128
f 1128 1129 1130
f 1129 1131 1130
f 1130 1131 1132
f 1131 1133 1132
f 1132 1133 1134
f 1133 1135 1134
f 1134 1135 1136
f 1135 1137 1136
f 1136 1137 1138
f 1137 1139 1138
f 1138 1139 1140
f 1139 1141 1140
f 1140 1141 1118
f 1141 1119 1118
f 1142 1143 1144
f 1143 1145 1144
f 1146 1147 1148
f 1147 1149 1148
f 1150 1151 1152
f 1151 1153 1152
f 1154 1155 1156
f 1155 1157 1156
f 1158 1159 1160
f 1159 1161 1160
f 1162 1163 1164
f 1165 1162 1166
f 1162 1164 1166
f 1166 1164 1167
f 1164 1168 1167
f 1169 1170 1171
f 1170 1172 1171
f 1171 1172 1173
f 1172 1174 1173
f 1173 1174 1175
f 1174 1176 1175
f 1175 1176 614
f 1176 616 614
f 1177 1178 1179
f 1177 1179 1180
f 1179 1181 1180
f 1180 1181 1182
f 1181 1183 1182
f 1182 1183 1184
f 1185 1186 1187
f 1186 1188 1187
f 1187 1188 1189
f 1188 1190 1189
f 1189 1190 1191
f 1190 1192 1191
f 1191 1192 1193
f 1192 1194 1193
f 1193 1194 1195
f 1194 1196 1195
f 1195 1196 1197
f 1196 1198 1197
f 1197 1198 1199
f 1198 1200 1199
f 1199 1200 1201
f 1200 1202 1201
f 1201 1202 1177
f 1202 1203 1177
f 1177 1203 1178
f 1203 1204 1178
f 1178 1204 1205
f 1206 1207 1208
f 1207 1209 1208
f 1208 1209 1210
f 1209 1211 1210
f 1210 1211 1212
f 1211 1213 1212
f 1212 1213 1214
f 1213 1215 1214
f 1214 1215 1216
f 1215 1217 1216
f 1216 1217 1218
f 1217 1219 1218
f 1218 1219 1220
f 1219 1184 1220
f 1220 1184 1221
f 1184 1183 1221
f 1222 1223 1224
f 1225 1226 1227
f 1226 1228 1227
f 1227 1228 1229
f 1228 1230 1229
f 1228 1231 1230
f 1231 1232 1230
f 1230 1232 1233
f 1232 1234 1233
f 1233 1234 1235
f 1234 1236 1235
f 1235 1236 1237
f 1236 1238 1237
f 1237 1238 1239
f 1238 1240 1239
f 1241 1242 1243
f 1242 1244 1243
f 1243 1244 1245
f 1244 1222 1245
f 1245 1222 1246
f 1222 1224 1246
f 1247 1248 1249
f 1248 1250 1249
f 1249 1250 1251
f 1250 1252 1251
f 1251 1252 1253
f 1252 1254 1253
f 1253 1254 1255
f 1254 1256 1255
f 1255 1256 1257
f 1256 1258 1257
f 1257 1258 1259
f 1258 1260 1259
f 1259 1260 1261
f 1260 1262 1261
f 1261 1262 1263
f 1262 1264 1263
f 1263 1264 1240
f 1264 1265 1240
f 1240 1265 1239
f 1241 1243 1266
f 1243 1267 1266
f 1266 1267 1268
f 1267 1269 1268
f 1268 1269 1270
f 1269 1271 1270
f 1270 1271 1272
f 1271 1273 1272
f 1272 1273 1274
f 1273 1275 1274
f 1274 1275 1276
f 1275 1277 1276
f 1276 1277 1278
f 1277 1279 1278
f 1278 1279 1247
f 1279 1280 1247
f 1247 1280 1248
f 1281 1282 1283
f 1282 1284 1283
f 1285 1286 1287
f 1285 1287 1288
f 1287 1289 1288
f 1288 1289 1290
f 1289 1291 1290
f 1290 1291 1292
f 1293 1294 1295
f 1294 1296 1295
f 1297 1298 1299
f 1298 1300 1299
f 1301 1302 1303
f 1302 1304 1303
f 1303 1304 1305
f 1304 1306 1305
f 1307 1308 1309
f 1308 1310 1309
f 1309 1310 1311
f 1310 1312 1311
f 1311 1312 1313
f 1312 1314 1313
f 1313 1314 1315
f 1314 1316 1315
f 1315 1316 1317
f 1316 1318 1317
f 1317 1318 1319
f 1318 1320 1319
f 1319 1320 1321
f 1320 1322 1321
f 1321 1322 1323
f 1322 1324 1323
f 1323 1324 1325
f 1324 1326 1325
f 1325 1326 1327
f 1326 1328 1327
f 1327 1328 1329
f 1328 1330 1329
f 1329 1330 1307
f 1330 1308 1307
f 1331 1332 1333
f 1332 1334 1333
f 1333 1334 1335
f 1334 1336 1335
f 1335 1336 1337
f 1336 1338 1337
f 1337 1338 1339
f 1338 1340 1339
f 1339 1340 1341
f 1340 1342 1341
f 1341 1342 1343
f 1342 1344 1343
f 1343 1344 1345
f 1344 1346 1345
f 1345 1346 1347
f 1346 1348 1347
f 1347 1348 1349
f 1348 1350 1349
f 1349 1350 1351
f 1350 1352 1351
f 1351 1352 1353
f 1352 1354 1353
f 1353 1354 1331
f 1354 1332 1331
f 1355 1356 1357
f 1355 1357 609
f 1357 1358 609
f 609 1358 610
f 1358 1359 610
f 610 1359 1360
f 1361 1362 1363
f 1362 1364 1363
f 1365 1366 1367
f 1366 1368 1367
f 1369 1370 1371
f 1372 1373 1374
f 1373 1375 1374
f 1376 1377 1378
f 1377 1379 1378
f 1380 1381 1382
f 1382 1383 1380
f 1383 1384 1380
f 1380 1384 1385
f 1384 1386 1385
f 1385 1386 1387
f 1388 1389 1390
f 1389 1385 1390
f 1390 1385 1391
f 1385 1387 1391
f 1392 1393 1394
f 1393 1380 1394
f 1394 1380 1395
f 1380 1385 1395
f 1396 1397 1398
f 1397 1399 1398
f 1398 1399 1400
f 1399 1401 1400
f 1402 1403 1404
f 1403 1405 1404
f 1405 1406 1407
f 1408 1409 1410
f 1409 1404 1410
f 1410 1404 1411
f 1404 1405 1411
f 1411 1405 1412
f 1405 1407 1412
f 1412 1407 1413
f 1407 1414 1413
f 1413 1414 1411
f 1414 1410 1411
f 1415 1416 1417
f 1416 1418 1417
f 1417 1418 1419
f 1418 1420 1419
f 1421 1422 1423
f 1422 1424 1423
f 1425 1426 1427
f 1426 1428 1427
f 1427 1428 1429
f 1428 1430 1429
f 1429 1430 1431
f 1432 1433 1434
f 1433 1435 1434
f 1304 1302 1436
f 1302 1437 1436
f 1438 1439 1440
f 1439 1305 1440
f 1440 1305 1441
f 1305 1306 1441
f 1442 1443 1444
f 1443 1445 1444
f 1444 1445 1446
f 1445 1447 1446
f 1446 1447 1448
f 1447 1449 1448
f 1448 1449 1450
f 1449 1451 1450
f 1450 1451 1452
f 1451 1453 1452
f 1452 1453 1454
f 1453 1455 1454
f 1454 1455 1456
f 1455 1457 1456
f 1456 1457 1458
f 1457 1459 1458
f 1458 1459 1460
f 1459 1461 1460
f 1460 1461 1462
f 1461 1463 1462
f 1462 1463 1464
f 1463 1465 1464
f 1464 1465 1442
f 1465 1443 1442
f 1466 1467 1468
f 1467 1469 1468
f 1468 1469 1470
f 1469 1471 1470
f 1470 1471 1472
f 1471 1473 1472
f 1472 1473 1474
f 1473 1475 1474
f 1474 1475 1476
f 1475 1477 1476
f 1476 1477 1478
f 1477 1479 1478
f 1478 1479 1480
f 1479 1481 1480
f 1480 1481 1482
f 1481 1483 1482
f 1482 1483 1484
f 1483 1485 1484
f 1484 1485 1486
f 1485 1487 1486
f 1486 1487 1488
f 1487 1489 1488
f 1488 1489 1466
f 1489 1467 1466
f 1490 1491 1492
f 1490 1492 1493
f 1492 1494 1493
f 1494 1495 1493
f 1493 1495 1496
f 1496 1497 1493
f 1497 1498 1493
f 1493 1498 1499
f 1500 1501 1502
f 1501 1503 1502
f 1504 1505 1506
f 1505 1507 1506
f 1508 1509 1510
f 1508 1510 1511
f 1510 1512 1511
f 1512 1513 1511
f 1511 1513 1514
f 1513 1515 1514
f 1514 1515 1516
f 1515 1517 1516
f 1516 1517 1518
f 1517 1519 1518
f 1518 1519 1520
f 1519 1521 1520
f 1522 1523 1524
f 1523 1525 1524
f 1526 1527 1528
f 1527 1529 1528
f 1490 1493 1530
f 1490 1530 1531
f 1530 1532 1531
f 1531 1532 1533
f 1532 1534 1533
f 1533 1534 1535
f 1534 1536 1535
f 1535 1536 1537
f 1538 1539 1540
f 1539 1541 1540
f 1540 1541 1542
f 1538 1540 1543
f 1540 1544 1543
f 1543 1544 1545
f 1544 1546 1545
f 1545 1546 1547
f 1547 1546 1548
f 1546 1549 1548
f 1548 1549 1550
f 1541 1551 1542
f 1551 1552 1542
f 1542 1552 1553
f 1552 1554 1553
f 1553 1554 1549
f 1554 1555 1549
f 1549 1555 1550
f 1556 1557 1558
f 1559 1560 1561
f 1561 1560 1562
f 1560 1563 1562
f 1562 1563 1564
f 1558 1557 1563
f 1557 1565 1563
f 1563 1565 1564
f 1556 1558 1566
f 1558 1567 1566
f 1566 1567 1568
f 1567 1569 1568
f 1568 1569 1570
f 1561 1571 1559
f 1571 1572 1559
f 1559 1572 1569
f 1572 1573 1569
f 1569 1573 1570
f 1419 1420 1574
f 1420 1575 1574
f 1574 1575 1576
f 1577 1578 1579
f 1578 1574 1579
f 1579 1574 1580
f 1574 1576 1580
f 1581 1582 1583
f 1582 1584 1583
f 1585 1586 1587
f 1586 1588 1587
f 1587 1588 1589
f 1590 1591 1592
f 1591 1593 1592
f 1594 1595 1596
f 1595 1597 1596
f 1598 1599 1594
f 1598 1594 1600
f 1594 1596 1600
f 1600 1596 1601
f 1602 1603 1604
f 1603 1605 1604
f 1604 1605 1606
f 1605 1607 1606
f 1606 1607 1608
f 1607 1609 1608
f 1608 1609 1610
f 1609 1611 1610
f 1610 1611 1612
f 1611 1613 1612
f 1612 1613 1614
f 1613 1615 1614
f 1614 1615 1616
f 1615 1617 1616
f 1616 1617 1618
f 1617 1619 1618
f 1618 1619 1620
f 1619 1621 1620
f 1620 1621 1622
f 1621 1623 1622
f 1622 1623 1624
f 1623 1625 1624
f 1624 1625 1602
f 1625 1603 1602
f 1626 1627 1628
f 1627 1629 1628
f 1628 1629 1630
f 1631 1632 1628
f 1632 1633 1628
f 1628 1633 1626
f 1634 1635 1628
f 1635 1636 1628
f 1628 1636 1631
f 1630 1637 1628
f 1637 1638 1628
f 1628 1638 1634
f 1639 1640 1641
f 1642 1643 1644
f 1643 1645 1644
f 1644 1645 1646
f 1647 1648 1649
f 1648 1650 1649
f 1649 1650 1642
f 1646 1651 1644
f 1651 1652 1644
f 1644 1652 1653
f 1652 1654 1653
f 1654 1655 1653
f 1653 1655 1656
f 1655 1657 1656
f 1656 1657 1658
f 1659 1660 1661
f 1658 1662 1656
f 1662 1663 1656
f 1656 1663 1661
f 1663 1664 1661
f 1661 1664 1659
f 1660 1665 1661
f 1665 1666 1661
f 1661 1666 1667
f 1666 1668 1667
f 1667 1668 1649
f 1668 1669 1649
f 1649 1669 1647
f 1661 1670 1671
f 1672 1673 1656
f 1671 1674 1661
f 1674 1675 1661
f 1661 1675 1656
f 1675 1676 1656
f 1656 1676 1672
f 1639 1641 1677
f 1673 1678 1656
f 1678 1679 1656
f 1656 1679 1641
f 1679 1680 1641
f 1641 1680 1677
f 1642 1644 1649
f 1644 1681 1649
f 1649 1681 1682
f 1681 1683 1682
f 1682 1683 1684
f 1683 1685 1684
f 1684 1685 1686
f 1685 1687 1686
f 1686 1687 1688
f 1687 1689 1688
f 1688 1689 1690
f 1689 1691 1690
f 1690 1691 1692
f 1691 1693 1692
f 1692 1693 1694
f 1693 1695 1694
f 1694 1695 1696
f 1695 1641 1696
f 1696 1641 1670
f 1641 1640 1670
f 1670 1640 1671
f 1697 1698 1699
f 1698 1700 1699
f 1701 1702 1703
f 1702 1704 1703
f 1705 1706 1707
f 1706 1708 1707
f 1709 1710 1711
f 1710 1712 1711
f 1711 1712 1713
f 1712 1714 1713
f 1713 1714 1715
f 1716 1717 1718
f 1717 1719 1718
f 1720 1721 1722
f 1721 1723 1722
f 1724 1725 1726
f 1727 1728 1729
f 1728 1730 1729
f 1727 1731 1728
f 1731 1732 1728
f 1728 1732 1726
f 1732 1733 1726
f 1726 1733 1724
f 1734 1730 1735
f 1730 1736 1735
f 1734 1737 1730
f 1737 1738 1730
f 1730 1738 1729
f 1739 1740 1741
f 1741 1742 1739
f 1742 1743 1739
f 1739 1743 1736
f 1743 1744 1736
f 1736 1744 1735
f 1740 1739 1745
f 1739 1746 1745
f 1745 1746 1747
f 1747 1746 1748
f 1746 1749 1748
f 1748 1749 1750
f 1750 1749 1751
f 1749 1752 1751
f 1751 1752 1753
f 1753 1752 1754
f 1752 1755 1754
f 1754 1755 1756
f 1756 1755 1757
f 1755 1758 1757
f 1757 1758 1759
f 1760 1761 1762
f 1760 1762 1758
f 1762 1763 1758
f 1758 1763 1759
f 1761 1760 1764
f 1760 1765 1764
f 1764 1765 1766
f 1765 1767 1766
f 1766 1767 1768
f 1769 1770 1771
f 1770 1772 1771
f 1771 1772 1773
f 1772 1774 1773
f 1773 1774 1775
f 1774 1776 1775
f 1775 1776 1777
f 1776 1778 1777
f 1777 1778 1779
f 1778 1780 1779
f 1779 1780 1781
f 1780 1782 1781
f 1781 1782 1783
f 1782 1784 1783
f 1783 1784 1785
f 1784 1786 1785
f 1785 1786 1787
f 1786 1788 1787
f 1787 1788 1789
f 1788 1790 1789
f 1789 1790 1791
f 1790 1792 1791
f 1791 1792 1769
f 1792 1770 1769
f 1793 1794 1795
f 1794 1796 1795
f 1795 1796 1797
f 1796 1798 1797
f 1797 1798 1799
f 1798 1800 1799
f 1799 1800 1801
f 1800 1802 1801
f 1801 1802 1803
f 1802 1804 1803
f 1803 1804 1805
f 1804 1806 1805
f 1805 1806 1807
f 1806 1808 1807
f 1807 1808 1809
f 1808 1810 1809
f 1809 1810 1811
f 1810 1812 1811
f 1811 1812 1813
f 1812 1814 1813
f 1813 1814 1815
f 1814 1816 1815
f 1815 1816 1793
f 1816 1794 1793
f 1817 1818 1819
f 1817 1819 1820
f 1821 1819 1822
f 1819 1818 1822
f 1822 1818 1823
f 1824 1825 1819
f 1825 1826 1819
f 1819 1826 1820
f 1827 1828 1829
f 1828 1830 1829
f 1831 1832 1833
f 1832 1834 1833
f 1835 1836 1837
f 1836 1838 1837
f 1837 1838 1839
f 1838 1840 1839
f 1839 1840 1841
f 1840 1842 1841
f 1841 1842 1843
f 1842 1844 1843
f 1843 1844 1845
f 1844 1846 1845
f 1845 1846 1847
f 1846 1848 1847
f 1847 1848 1849
f 1848 1850 1849
f 1849 1850 1851
f 1850 1852 1851
f 1851 1852 1853
f 1852 1854 1853
f 1853 1854 1855
f 1854 1856 1855
f 1855 1856 1857
f 1856 1858 1857
f 1857 1858 1835
f 1858 1836 1835
f 1859 1860 1861
f 1860 1862 1861
f 1861 1862 1863
f 1862 1864 1863
f 1865 1866 1867
f 1866 1868 1867
f 1869 1870 1871
f 1870 1872 1871
f 1871 1872 1873
f 1872 1874 1873
f 1873 1874 1875
f 1874 1876 1875
f 1875 1876 1877
f 1876 1878 1877
f 1877 1878 1879
f 1878 1880 1879
f 1879 1880 1881
f 1880 1882 1881
f 1881 1882 1883
f 1882 1884 1883
f 1883 1884 1885
f 1884 1886 1885
f 1885 1886 1887
f 1886 1888 1887
f 1887 1888 1889
f 1888 1890 1889
f 1889 1890 1891
f 1890 1892 1891
f 1891 1892 1869
f 1892 1870 1869
f 1893 1894 1895
f 1894 1896 1895
f 1895 1896 1897
f 1896 1898 1897
f 1897 1898 1899
f 1898 1900 1899
f 1899 1900 1901
f 1900 1902 1901
f 1901 1902 1903
f 1902 1904 1903
f 1903 1904 1905
f 1904 1906 1905
f 1905 1906 1907
f 1906 1908 1907
f 1907 1908 1909
f 1908 1910 1909
f 1909 1910 1911
f 1910 1912 1911
f 1911 1912 1913
f 1912 1914 1913
f 1913 1914 1915
f 1914 1916 1915
f 1915 1916 1893
f 1916 1894 1893
f 1917 1918 1919
f 1920 1921 1922
f 1921 1923 1922
f 1924 1925 1926
f 1925 1927 1926
f 1928 1929 1930
f 1928 1930 1931
f 1930 1932 1931
f 1931 1932 1933
f 1932 1934 1933
f 1933 1934 1935
f 1936 1937 1938
f 1937 1939 1938
f 1938 1939 1940
f 1939 1941 1940
f 1940 1941 1942
f 1943 1944 1945
f 1944 1946 1945
f 1170 1169 1947
f 1948 1949 1950
f 1949 1951 1950
f 1950 1951 1952
f 1947 1949 1170
f 1949 1948 1170
f 1170 1948 1953
f 1948 1954 1953
f 1955 1956 1957
f 1956 1958 1957
f 1957 1958 1959
f 1958 1960 1959
f 1959 1960 1961
f 1960 1962 1961
f 1961 1962 1963
f 1962 1964 1963
f 1963 1964 1965
f 1964 1966 1965
f 1965 1966 1967
f 1966 1968 1967
f 1967 1968 1969
f 1968 1970 1969
f 1969 1970 1971
f 1970 1972 1971
f 1971 1972 1973
f 1972 1974 1973
f 1973 1974 1975
f 1974 1976 1975
f 1975 1976 1977
f 1976 1978 1977
f 1977 1978 1955
f 1978 1956 1955
f 1979 1980 1981
f 1980 1982 1981
f 1981 1982 1983
f 1982 1984 1983
f 1983 1984 1985
f 1984 1986 1985
f 1985 1986 1987
f 1986 1988 1987
f 1987 1988 1989
f 1988 1990 1989
f 1989 1990 1991
f 1990 1992 1991
f 1991 1992 1993
f 1992 1994 1993
f 1993 1994 1995
f 1994 1996 1995
f 1995 1996 1997
f 1996 1998 1997
f 1997 1998 1999
f 1998 2000 1999
f 1999 2000 2001
f 2000 2002 2001
f 2001 2002 1979
f 2002 1980 1979
f 1393 1392 1822
f 1392 1821 1822
f 2003 2004 2005
f 2004 2006 2005
f 2007 2008 2009
f 2008 2010 2009
f 2011 2012 2013
f 2014 2012 2015
f 2016 2017 2018
f 2019 2017 2020
f 2013 2019 2021
f 2022 2023 2024
f 2025 2023 2026
f 2018 2025 2027
f 2028 2029 2030
f 2031 2029 2032
f 2024 2031 2033
f 2030 2014 2034
f 2035 2036 2037
f 2036 2038 2037
f 2039 2040 2041
f 2040 2042 2041
f 2043 2044 2045
f 2044 2046 2045
f 2045 2046 2047
f 2046 2048 2047
f 2047 2048 2049
f 2048 2050 2049
f 2049 2050 2051
f 2050 2052 2051
f 2051 2052 2053
f 2052 2054 2053
f 2053 2054 2055
f 2054 2056 2055
f 2055 2056 2057
f 2056 2058 2057
f 2057 2058 2059
f 2058 2060 2059
f 2059 2060 2061
f 2060 2062 2061
f 2061 2062 2063
f 2062 2064 2063
f 2063 2064 2065
f 2064 2066 2065
f 2065 2066 2043
f 2066 2044 2043
f 2067 2068 2069
f 2068 2070 2069
f 2069 2070 2071
f 2072 2073 2071
f 2073 2074 2071
f 2071 2074 2069
f 2074 2075 2069
f 2069 2075 2076
f 2075 2077 2076
f 2076 2077 2078
f 2077 1919 2078
f 2078 1919 1918
f 2079 2080 2081
f 2080 2082 2081
f 2083 2084 2085
f 2084 2086 2085
f 2087 2088 2089
f 2087 2089 2090
f 2089 2091 2090
f 2090 2091 2092
f 2093 2094 2095
f 2096 2097 2098
f 2097 2099 2098
f 1949 1947 2100
f 1947 2101 2100
f 2100 2101 2102
f 2101 2103 2102
f 2102 2103 2104
f 2103 2105 2104
f 2106 2107 2108
f 2107 2106 2109
f 2106 2110 2109
f 2109 2110 2111
f 2110 2112 2111
f 2111 2112 2108
f 2112 2113 2108
f 2108 2113 2106
f 2114 2115 2116
f 2115 2117 2116
f 2116 2117 2118
f 2117 2119 2118
f 2118 2119 2120
f 2119 2121 2120
f 2120 2121 2122
f 2121 2123 2122
f 2122 2123 2124
f 2123 2125 2124
f 2124 2125 2126
f 2125 2127 2126
f 2126 2127 2128
f 2127 2129 2128
f 2128 2129 2130
f 2129 2131 2130
f 2130 2131 2132
f 2131 2133 2132
f 2132 2133 2134
f 2133 2135 2134
f 2134 2135 2136
f 2135 2137 2136
f 2136 2137 2114
f 2137 2115 2114
f 2138 2139 2140
f 2139 2141 2140
f 1437 2142 1436
f 2142 2143 1436
f 2144 1297 2141
f 1297 1436 2141
f 2141 1436 2140
f 1436 2143 2140
f 2145 1298 2146
f 1298 1297 2146
f 2146 1297 2147
f 1297 2144 2147
f 2147 2144 2148
f 2144 2149 2148
f 2150 2151 2152
f 2151 2153 2152
f 2154 2155 2156
f 2155 2157 2156
f 2158 2159 2160
f 2159 2161 2160
f 2160 2161 2162
f 2161 2163 2162
f 2162 2163 2164
f 2163 2165 2164
f 2164 2165 2166
f 2165 2167 2166
f 2166 2167 2168
f 2167 2169 2168
f 2168 2169 2170
f 2169 2171 2170
f 2170 2171 2172
f 2171 2173 2172
f 2172 2173 2174
f 2173 2175 2174
f 2174 2175 2176
f 2175 2177 2176
f 2176 2177 2178
f 2177 2179 2178
f 2178 2179 2180
f 2179 2181 2180
f 2180 2181 2158
f 2181 2159 2158
f 2182 2183 2184
f 2183 2185 2184
f 2186 2187 2188
f 2187 2189 2188
f 2190 2191 2192
f 2191 2193 2192
f 2192 2193 2194
f 2195 2196 2192
f 2196 2197 2192
f 2192 2197 2190
f 2198 2199 2192
f 2199 2200 2192
f 2192 2200 2195
f 2194 2201 2192
f 2201 2202 2192
f 2192 2202 2198
f 2203 2204 2205
f 2206 2207 2208
f 2205 2204 2209
f 2210 2211 2212
f 2213 2214 2215
f 2216 2217 2218
f 2219 2220 2221
f 2219 2221 2222
f 2221 2223 2222
f 2222 2223 2224
f 2217 2225 2218
f 2225 2226 2218
f 2218 2226 2223
f 2226 2227 2223
f 2223 2227 2224
f 2228 2229 2230
f 2229 2231 2230
f 2230 2231 2232
f 2233 2234 2235
f 2220 2236 2237
f 2236 2238 2237
f 2237 2238 2234
f 2238 2239 2234
f 2234 2239 2235
f 2240 2241 2242
f 2241 2243 2242
f 2242 2243 2244
f 2243 2245 2244
f 2245 2246 2244
f 2244 2246 2247
f 2247 2248 2249
f 2248 2250 2249
f 2249 2250 2251
f 2250 2252 2251
f 2252 2253 2251
f 2251 2253 2254
f 2253 2255 2254
f 2255 2256 2254
f 2254 2256 2257
f 2256 2258 2257
f 2257 2258 2259
f 2215 2214 2260
f 2214 2261 2260
f 2260 2261 2262
f 2263 2264 2265
f 2264 2212 2265
f 2223 2266 2267
f 2267 2268 2269
f 2268 2270 2269
f 2213 2215 2271
f 2215 2272 2271
f 2271 2272 2273
f 2272 2264 2273
f 2273 2264 2270
f 2264 2263 2270
f 2270 2263 2269
f 2266 2223 2274
f 2223 2221 2274
f 2274 2221 2275
f 2221 2276 2275
f 2275 2276 2277
f 2276 2278 2277
f 2277 2278 2279
f 2278 2280 2279
f 2279 2280 2281
f 2261 2282 2262
f 2282 2283 2262
f 2262 2283 2284
f 2283 2285 2284
f 2284 2285 2280
f 2285 2286 2280
f 2280 2286 2281
f 2287 2244 2288
f 2244 2289 2288
f 2288 2289 2290
f 2289 2291 2290
f 2292 2293 2284
f 2293 2294 2284
f 2284 2294 2262
f 2294 2295 2262
f 2262 2295 2296
f 2297 2298 2299
f 2298 2242 2299
f 2287 2300 2244
f 2300 2301 2244
f 2244 2301 2242
f 2301 2302 2242
f 2242 2302 2299
f 2267 2269 2223
f 2269 2303 2223
f 2223 2303 2304
f 2305 2306 2218
f 2306 2307 2218
f 2218 2307 2308
f 2304 2309 2223
f 2309 2310 2223
f 2223 2310 2218
f 2310 2311 2218
f 2218 2311 2305
f 2211 2312 2212
f 2312 2313 2212
f 2212 2313 2265
f 2208 2314 2210
f 2314 2208 2315
f 2208 2207 2315
f 2315 2207 2316
f 2307 2317 2308
f 2317 2318 2308
f 2308 2318 2207
f 2318 2319 2207
f 2207 2319 2316
f 2320 2321 2230
f 2322 2323 2324
f 2323 2325 2324
f 2324 2325 2326
f 2321 2327 2230
f 2327 2233 2230
f 2230 2233 2228
f 2233 2235 2228
f 2327 2328 2233
f 2328 2329 2233
f 2233 2329 2330
f 2330 2331 2332
f 2331 2333 2332
f 2333 2334 2332
f 2332 2334 2335
f 2334 2336 2335
f 2335 2336 2322
f 2336 2337 2322
f 2322 2337 2323
f 2338 2339 2340
f 2339 2338 2341
f 2338 2342 2341
f 2341 2342 2343
f 2344 2345 2346
f 2345 2347 2346
f 2346 2347 2348
f 2347 2349 2348
f 2350 2351 2342
f 2351 2352 2342
f 2342 2352 2343
f 2344 2353 2345
f 2353 2354 2345
f 2345 2354 2355
f 2354 2356 2355
f 2355 2356 2357
f 2232 2358 2359
f 2359 2358 2360
f 2358 2361 2360
f 2360 2361 2362
f 2361 2363 2362
f 2362 2363 2364
f 2365 2366 2206
f 2367 2368 2366
f 2366 2365 2367
f 2365 2350 2367
f 2367 2350 2369
f 2350 2342 2369
f 2369 2342 2370
f 2371 2372 2373
f 2372 2374 2373
f 2373 2374 2375
f 2375 2376 2338
f 2376 2377 2338
f 2338 2377 2342
f 2377 2378 2342
f 2342 2378 2379
f 2370 2380 2371
f 2380 2381 2371
f 2371 2381 2372
f 2379 2382 2342
f 2382 2383 2342
f 2342 2383 2370
f 2383 2384 2370
f 2370 2384 2380
f 2375 2338 2373
f 2338 2385 2373
f 2373 2385 2386
f 2387 2388 2389
f 2247 2249 2244
f 2249 2390 2244
f 2244 2390 2289
f 2390 2391 2289
f 2289 2391 2392
f 2391 2393 2392
f 2392 2393 2394
f 2330 2332 2233
f 2332 2395 2233
f 2233 2395 2234
f 2395 2396 2234
f 2234 2396 2237
f 2396 2397 2237
f 2237 2397 2398
f 2397 2399 2398
f 2398 2399 2400
f 2399 2401 2400
f 2400 2401 2402
f 2401 2403 2402
f 2402 2403 2298
f 2403 2257 2298
f 2298 2257 2242
f 2257 2259 2242
f 2242 2259 2240
f 2326 2320 2324
f 2320 2230 2324
f 2324 2230 2203
f 2230 2232 2203
f 2203 2232 2204
f 2232 2359 2204
f 2204 2359 2209
f 2404 2386 2388
f 2386 2385 2388
f 2388 2385 2389
f 2385 2338 2389
f 2389 2338 2347
f 2338 2340 2347
f 2347 2340 2349
f 2206 2208 2365
f 2208 2355 2365
f 2365 2355 2350
f 2355 2357 2350
f 2350 2357 2351
f 2210 2212 2208
f 2212 2264 2208
f 2208 2264 2355
f 2264 2272 2355
f 2355 2272 2345
f 2272 2215 2345
f 2345 2215 2347
f 2215 2260 2347
f 2347 2260 2389
f 2296 2291 2262
f 2291 2289 2262
f 2262 2289 2260
f 2289 2392 2260
f 2260 2392 2389
f 2392 2394 2389
f 2389 2394 2387
f 2394 2393 2387
f 2387 2393 2405
f 2206 2363 2207
f 2363 2361 2207
f 2207 2361 2308
f 2361 2358 2308
f 2308 2358 2218
f 2358 2232 2218
f 2218 2232 2216
f 2232 2231 2216
f 2220 2237 2221
f 2237 2398 2221
f 2221 2398 2276
f 2398 2400 2276
f 2276 2400 2278
f 2400 2402 2278
f 2278 2402 2280
f 2402 2298 2280
f 2280 2298 2284
f 2298 2297 2284
f 2284 2297 2292
f 2406 2407 2408
f 2407 2409 2408
f 2408 2409 2410
f 2409 2411 2410
f 2410 2411 2412
f 2411 2413 2412
f 2412 2413 2414
f 2413 2415 2414
f 2414 2415 2416
f 2415 2417 2416
f 2416 2417 2418
f 2417 2419 2418
f 2418 2419 2420
f 2419 2421 2420
f 2420 2421 2422
f 2421 2423 2422
f 2422 2423 2424
f 2423 2425 2424
f 2424 2425 2426
f 2425 2427 2426
f 2426 2427 2428
f 2427 2429 2428
f 2428 2429 2406
f 2429 2407 2406
f 2430 2431 2068
f 2431 2432 2068
f 2068 2432 2433
f 2434 2435 2433
f 2435 2070 2433
f 2433 2070 2068
f 2436 2437 2433
f 2437 2438 2433
f 2433 2438 2434
f 2439 2440 2441
f 2440 2442 2441
f 2443 2444 2445
f 2444 2446 2445
f 2447 2448 2449
f 2448 2450 2449
f 2451 2452 2453
f 2452 2454 2453
f 2453 2454 2455
f 2454 2456 2455
f 2455 2456 2457
f 2456 2458 2457
f 2457 2458 2459
f 2460 2461 2462
f 2461 2463 2462
f 2464 2465 2466
f 2465 2467 2466
f 2466 2467 2468
f 2467 2469 2468
f 2470 2471 2472
f 2471 2470 2473
f 2470 2474 2473
f 2473 2474 2475
f 2474 2476 2475
f 2475 2476 2472
f 2476 2477 2472
f 2472 2477 2470
f 2478 2479 2480
f 2479 2481 2480
f 2480 2481 2482
f 2481 2483 2482
f 2482 2483 2484
f 2483 2485 2484
f 2484 2485 2486
f 2485 2487 2486
f 2486 2487 2488
f 2487 2489 2488
f 2488 2489 2490
f 2489 2491 2490
f 2490 2491 2492
f 2491 2493 2492
f 2492 2493 2494
f 2493 2495 2494
f 2494 2495 2496
f 2495 2497 2496
f 2496 2497 2498
f 2497 2499 2498
f 2498 2499 2500
f 2499 2501 2500
f 2500 2501 2478
f 2501 2479 2478
f 2502 2503 2504
f 2503 2505 2504
f 2506 2507 2508
f 2507 2509 2508
f 2510 2511 2512
f 2511 2513 2512
f 2514 2515 2516
f 2515 2517 2516
f 2516 2517 2518
f 2517 2519 2518
f 2518 2519 2520
f 2519 2521 2520
f 2520 2521 2522
f 2521 2523 2522
f 2522 2523 2524
f 2523 2525 2524
f 2524 2525 2526
f 2525 2527 2526
f 2526 2527 2528
f 2527 2529 2528
f 2528 2529 2530
f 2529 2531 2530
f 2530 2531 2532
f 2531 2533 2532
f 2532 2533 2534
f 2533 2535 2534
f 2534 2535 2536
f 2535 2537 2536
f 2536 2537 2514
f 2537 2515 2514
f 2538 2539 2540
f 2539 2541 2540
f 2542 2543 2544
f 2543 2545 2544
f 2546 2547 2548
f 2547 2549 2548
f 2548 2549 2550
f 2549 2551 2550
f 2550 2551 2552
f 2551 2553 2552
f 2552 2553 2554
f 2553 2555 2554
f 2554 2555 2556
f 2555 2557 2556
f 2556 2557 2558
f 2557 2559 2558
f 2558 2559 2560
f 2559 2561 2560
f 2560 2561 2562
f 2561 2563 2562
f 2562 2563 2564
f 2563 2565 2564
f 2564 2565 2566
f 2565 2567 2566
f 2566 2567 2568
f 2567 2569 2568
f 2568 2569 2546
f 2569 2547 2546
f 2570 2571 2572
f 2571 2573 2572
f 2572 2573 2574
f 2573 2575 2574
f 2574 2575 2576
f 2575 2577 2576
f 2576 2577 2578
f 2577 2579 2578
f 2578 2579 2580
f 2579 2581 2580
f 2580 2581 2582
f 2581 2583 2582
f 2582 2583 2584
f 2583 2585 2584
f 2584 2585 2586
f 2585 2587 2586
f 2586 2587 2588
f 2587 2589 2588
f 2588 2589 2590
f 2589 2591 2590
f 2590 2591 2592
f 2591 2593 2592
f 2592 2593 2570
f 2593 2571 2570
f 2594 2595 2596
f 2595 2597 2596
f 2596 2597 2598
f 2597 2599 2598
f 2598 2599 2600
f 2599 2601 2600
f 2602 2603 2604
f 2605 2606 2607
f 2607 2608 2605
f 2608 2609 2605
f 2605 2609 2610
f 2602 2604 2611
f 2604 2612 2611
f 2611 2612 2613
f 2612 2605 2613
f 2613 2605 2614
f 2605 2610 2614
f 2614 2610 2437
f 2430 2615 2431
f 2615 2614 2431
f 2431 2614 2436
f 2614 2437 2436
f 2616 2617 2618
f 2617 2619 2618
f 2620 2621 2622
f 2621 2623 2622
f 2622 2623 2624
f 2623 2625 2624
f 2624 2625 2626
f 2625 2627 2626
f 2626 2627 2628
f 2629 2630 2631
f 2630 2632 2631
f 2633 2634 2635
f 2633 2635 2636
f 2635 2637 2636
f 2636 2637 2638
f 2637 2639 2638
f 2638 2639 2640
f 2639 2641 2640
f 2640 2641 2642
f 2643 2644 2645
f 2644 2646 2645
f 2647 2648 2649
f 2648 2650 2649
f 2649 2650 2651
f 2650 2652 2651
f 2653 2654 2655
f 2654 2653 2656
f 2653 2657 2656
f 2656 2657 2658
f 2657 2659 2658
f 2658 2659 2655
f 2659 2660 2655
f 2655 2660 2653
f 2661 2662 2663
f 2662 2664 2663
f 2665 2666 2667
f 2666 2668 2667
f 2669 2670 2671
f 2670 2672 2671
f 2673 2674 2675
f 2674 2676 2675
f 2675 2676 2677
f 2676 2678 2677
f 2677 2678 2679
f 2678 2680 2679
f 2679 2680 2681
f 2682 2683 2684
f 2683 2685 2684
f 2686 2687 2688
f 2687 2689 2688
f 2690 2691 2692
f 2691 2693 2692
f 2694 2695 2696
f 2695 2697 2696
f 2696 2697 2698
f 2699 2700 2696
f 2700 2701 2696
f 2696 2701 2694
f 2702 2703 2696
f 2703 2704 2696
f 2696 2704 2699
f 2698 2705 2696
f 2705 2706 2696
f 2696 2706 2702
f 2707 2708 2709
f 2708 2710 2709
f 2709 2710 2711
f 2710 2712 2711
f 2711 2712 2713
f 2712 2714 2713
f 2713 2714 2715
f 2714 2716 2715
f 2715 2716 2717
f 2716 2718 2717
f 2717 2718 2719
f 2718 2720 2719
f 2719 2720 2721
f 2720 2722 2721
f 2721 2722 2723
f 2722 2724 2723
f 2723 2724 2725
f 2724 2726 2725
f 2725 2726 2727
f 2726 2728 2727
f 2727 2728 2729
f 2728 2730 2729
f 2729 2730 2707
f 2730 2708 2707
f 2731 2732 2733
f 2734 2735 2736
f 2737 2738 2739
f 2740 2741 2742
f 2743 2744 2745
f 2746 2747 2748
f 2749 2750 2751
f 2752 2753 2754
f 2755 2756 2757
f 2758 2759 2760
f 2761 2762 2763
f 1182 2764 2765
f 2766 2767 2768
f 2767 2766 2769
f 2770 2771 2772
f 2773 2774 2775
f 2774 2776 2775
f 2774 2770 2776
f 2770 2772 2776
f 2776 2772 2777
f 2772 2778 2777
f 2777 2778 2779
f 2778 2769 2779
f 2779 2769 2780
f 2769 2766 2780
f 2781 2782 2783
f 2782 2784 2783
f 2785 2786 2784
f 2786 2787 2784
f 2784 2787 2783
f 2788 2789 2790
f 2789 2786 2790
f 2790 2786 2791
f 2786 2785 2791
f 2791 2785 2792
f 2793 2794 2795
f 2793 2795 2796
f 2797 2795 2798
f 2795 2794 2798
f 2798 2794 2781
f 2794 2799 2781
f 2781 2799 2782
f 2800 2801 2802
f 2801 2793 2802
f 2802 2793 1221
f 2793 1220 1221
f 2803 1218 2804
f 2795 2805 2796
f 2805 1212 2796
f 2796 1212 1214
f 1220 2793 2804
f 2793 2796 2804
f 2804 2796 2803
f 2796 1214 2803
f 2803 1214 1216
f 2806 2807 2808
f 2807 2809 2808
f 2808 2809 2810
f 1208 1210 1206
f 1210 2795 1206
f 1206 2795 2811
f 2795 2797 2811
f 2812 2813 2814
f 2813 2815 2814
f 2814 2815 1213
f 2816 2817 1217
f 2816 1217 2815
f 1217 1215 2815
f 2815 1215 1213
f 2817 2816 1219
f 2816 2779 1219
f 1219 2779 1184
f 2818 2819 2780
f 2819 2765 2780
f 2780 2765 2779
f 2765 2764 2779
f 2779 2764 1184
f 1182 2765 1180
f 2765 1201 1180
f 1180 1201 1177
f 2820 2821 2822
f 2821 2823 2822
f 2822 2823 2824
f 2823 1191 2824
f 2824 1191 1193
f 1195 1197 2765
f 1197 1199 2765
f 2765 1199 1201
f 2825 2826 2827
f 2827 2826 2828
f 2826 2829 2828
f 2828 2829 2830
f 2829 2831 2830
f 2831 2832 2830
f 2830 2832 2833
f 2833 2834 2835
f 2836 2830 2837
f 2830 2833 2837
f 2837 2833 2838
f 2833 2835 2838
f 2827 2839 2825
f 2839 2840 2825
f 2825 2840 2841
f 2840 2733 2841
f 2733 2732 2841
f 2841 2732 2842
f 2732 2843 2842
f 2842 2843 2844
f 2843 2845 2844
f 2844 2845 2846
f 2845 2809 2846
f 2846 2809 2847
f 2809 2807 2847
f 2847 2807 2848
f 2807 2849 2848
f 2848 2849 2850
f 2851 2852 2807
f 2853 2854 2855
f 2854 2856 2855
f 2855 2856 2857
f 2856 2858 2857
f 2857 2858 2859
f 2859 2860 2857
f 2860 2861 2857
f 2857 2861 2807
f 2861 2862 2807
f 2807 2862 2851
f 2863 2850 2864
f 2850 2849 2864
f 2864 2849 2865
f 2849 2807 2865
f 2865 2807 2866
f 2807 2852 2866
f 2867 2868 2869
f 2868 2870 2869
f 2871 2872 2873
f 2872 2874 2873
f 2875 2876 2877
f 2878 2879 2763
f 2880 2881 2882
f 2881 2883 2882
f 2882 2883 2884
f 2883 2885 2884
f 2884 2885 2886
f 2885 2887 2886
f 2886 2887 2888
f 2879 2889 2763
f 2889 2890 2763
f 2763 2890 2891
f 2882 2877 2892
f 2891 2893 2763
f 2893 2894 2763
f 2763 2894 2761
f 2888 2878 2886
f 2878 2763 2886
f 2886 2763 2895
f 2763 2896 2895
f 2895 2896 2897
f 2898 2899 2900
f 2899 2760 2900
f 2900 2760 2901
f 2760 2759 2901
f 2901 2759 2892
f 2759 2902 2892
f 2892 2902 2882
f 2902 2903 2882
f 2882 2903 2880
f 2876 2904 2898
f 2904 2905 2898
f 2898 2905 2899
f 2906 2907 2908
f 2907 2909 2908
f 2908 2909 2910
f 2911 2912 2913
f 2912 2914 2913
f 2913 2914 2915
f 2914 2906 2915
f 2905 2916 2899
f 2916 2917 2899
f 2899 2917 2918
f 2917 2919 2918
f 2918 2919 2920
f 2909 2921 2910
f 2921 2922 2910
f 2910 2922 2875
f 2922 2923 2875
f 2875 2923 2876
f 2923 2924 2876
f 2876 2924 2904
f 2925 2926 2927
f 2928 2929 2930
f 2929 2931 2930
f 2930 2931 2932
f 2931 2925 2932
f 2932 2925 2933
f 2925 2927 2933
f 2934 2935 2936
f 2935 2937 2936
f 2936 2937 2938
f 2927 2939 2933
f 2939 2940 2933
f 2933 2940 2941
f 2940 2942 2941
f 2941 2942 2943
f 2943 2934 2941
f 2934 2936 2941
f 2941 2936 2944
f 2936 2945 2944
f 2944 2945 2946
f 2945 2947 2946
f 2946 2947 2948
f 2947 2949 2948
f 2948 2949 2950
f 2951 2950 2952
f 2950 2949 2952
f 2952 2949 2953
f 2949 2947 2953
f 2953 2947 2954
f 2947 2955 2954
f 2954 2955 2956
f 2955 2911 2956
f 2956 2911 2957
f 2911 2913 2957
f 2957 2913 2958
f 2913 2959 2958
f 2958 2959 2960
f 2959 2931 2960
f 2960 2931 2961
f 2931 2929 2961
f 2961 2929 2962
f 2929 2928 2962
f 2962 2928 2963
f 2964 2965 2966
f 2965 2967 2966
f 2966 2967 2968
f 2969 2970 2971
f 2970 2972 2971
f 2938 2973 2974
f 2973 2975 2974
f 2974 2975 2971
f 2975 2976 2971
f 2971 2976 2969
f 2977 2978 2979
f 2979 2978 2980
f 2978 2981 2980
f 2980 2981 2982
f 2981 2983 2982
f 2982 2983 2984
f 2985 2986 2987
f 2988 2989 2990
f 2989 2985 2990
f 2990 2985 2991
f 2985 2987 2991
f 2754 2753 2992
f 2993 2994 2752
f 2977 2979 2995
f 2979 2996 2995
f 2995 2996 2997
f 2996 2998 2997
f 2997 2998 2999
f 2998 3000 2999
f 2999 3000 2751
f 3000 3001 2751
f 2751 3001 2749
f 3002 3003 3004
f 3003 3005 3004
f 2750 3006 3007
f 3008 3009 3010
f 3011 3012 3009
f 3013 3014 3015
f 3016 3017 3015
f 3017 3018 3015
f 2744 2743 3019
f 2743 3020 3019
f 3019 3020 3021
f 3020 3022 3021
f 3021 3022 3023
f 2737 3024 3025
f 3026 2819 3027
f 2819 2818 3027
f 3027 2818 3028
f 3026 3027 3029
f 3027 3030 3029
f 3029 3030 3031
f 2897 2896 2748
f 2896 3021 2748
f 2748 3021 2746
f 3021 3023 2746
f 2746 3023 3032
f 3023 3033 3032
f 3032 3033 3034
f 3033 3035 3034
f 3034 3035 3036
f 3035 3037 3036
f 3036 3037 3038
f 2737 3025 2738
f 3025 3039 2738
f 2738 3039 2739
f 3039 2745 2739
f 2739 2745 3040
f 2745 2744 3040
f 3040 2744 3041
f 2744 3019 3041
f 3041 3019 3042
f 3015 3014 3016
f 3014 3043 3016
f 3016 3043 3017
f 3043 3044 3017
f 3017 3044 3045
f 3044 3046 3045
f 3045 3046 2918
f 3046 3047 2918
f 2918 3047 2899
f 3015 3048 3013
f 3048 3012 3013
f 3013 3012 3049
f 3012 3011 3049
f 3049 3011 3050
f 3011 2822 3050
f 3050 2822 3051
f 2822 2824 3051
f 3051 2824 3052
f 2824 2742 3052
f 3052 2742 3024
f 2742 2741 3024
f 3024 2741 3025
f 3037 3053 3038
f 3053 3054 3038
f 3038 3054 3036
f 3054 3055 3036
f 3056 3057 3054
f 3057 3058 3054
f 3054 3058 3055
f 3053 3031 3054
f 3031 3030 3054
f 3054 3030 3056
f 3030 3059 3056
f 3028 2775 3027
f 2775 2776 3027
f 3027 2776 3030
f 2776 3060 3030
f 3030 3060 3059
f 2843 3061 2845
f 3061 2813 2845
f 2845 2813 2809
f 2813 2812 2809
f 2809 2812 2810
f 3062 3063 2731
f 3063 3064 2731
f 2731 3064 2732
f 3064 3065 2732
f 2732 3065 2843
f 3065 3066 2843
f 2843 3066 3061
f 3062 2869 2871
f 2869 2870 2871
f 2871 2870 2872
f 3067 3068 2992
f 3068 3069 2992
f 2992 3069 2874
f 3069 3070 2874
f 2874 3070 2873
f 2735 3071 2736
f 3071 3072 2736
f 2736 3072 3073
f 3072 3074 3073
f 3073 3074 3075
f 3074 3076 3075
f 3075 3076 2987
f 3076 3077 2987
f 2987 3077 2991
f 3077 3067 2991
f 2991 3067 2990
f 3067 2992 2990
f 2990 2992 2988
f 2992 2753 2988
f 3078 3079 2977
f 3079 2734 2977
f 3078 2977 3080
f 2977 2995 3080
f 3080 2995 3081
f 2995 2997 3081
f 3081 2997 3082
f 3082 2971 3083
f 2971 2972 3083
f 3083 2972 2964
f 2972 3084 2964
f 2964 3084 2965
f 2959 3085 2931
f 3085 2966 2931
f 2931 2966 2925
f 2966 2968 2925
f 2925 2968 2926
f 2906 2908 2915
f 2908 3086 2915
f 2915 3086 2913
f 3086 3087 2913
f 2913 3087 2959
f 3087 3088 2959
f 2959 3088 3085
f 2877 2882 2875
f 2882 3089 2875
f 2875 3089 2910
f 3089 3090 2910
f 2910 3090 2908
f 3090 3091 2908
f 2908 3091 3086
f 2896 2758 3021
f 2758 2760 3021
f 3021 2760 3019
f 2760 2899 3019
f 3019 2899 3042
f 2899 3047 3042
f 3026 2740 2819
f 2740 2742 2819
f 2819 2742 2765
f 2742 2824 2765
f 2765 2824 1195
f 2824 1193 1195
f 2920 2755 2918
f 2755 2757 2918
f 2918 2757 3045
f 2757 3092 3045
f 3045 3092 3017
f 3092 3093 3017
f 3017 3093 3018
f 3093 3094 3018
f 2756 2912 2757
f 2912 2911 2757
f 2757 2911 3092
f 2911 2955 3092
f 3092 2955 3093
f 2955 2947 3093
f 3093 2947 3094
f 2947 2945 3094
f 3094 2945 3095
f 3009 3008 3011
f 3008 2811 3011
f 3011 2811 2822
f 2811 2797 2822
f 2822 2797 2820
f 2938 2974 2936
f 2974 3004 2936
f 2936 3004 2945
f 3004 3005 2945
f 2945 3005 3095
f 2750 2749 3006
f 2749 3096 3006
f 3006 3096 3097
f 3096 3098 3097
f 3097 3098 3099
f 3098 2994 3099
f 3099 2994 3100
f 2994 2993 3100
f 3100 2993 3101
f 2993 2855 3101
f 3101 2855 3010
f 2855 2857 3010
f 3010 2857 3008
f 2857 2807 3008
f 3008 2807 2811
f 2807 2806 2811
f 2811 2806 1206
f 3082 2997 2971
f 2997 2999 2971
f 2971 2999 2974
f 2999 2751 2974
f 2974 2751 3004
f 2751 2750 3004
f 3004 2750 3002
f 2750 3007 3002
f 3002 3007 3003
f 2752 2754 2993
f 2754 2733 2993
f 2993 2733 2855
f 2733 2840 2855
f 2855 2840 2853
f 3062 2731 2869
f 2731 2733 2869
f 2869 2733 2867
f 2733 2754 2867
f 2867 2754 3102
f 2754 2992 3102
f 3102 2992 3103
f 2992 2874 3103
f 3103 2874 3104
f 2734 2736 2977
f 2736 3073 2977
f 2977 3073 2978
f 3073 3075 2978
f 2978 3075 2981
f 3075 2987 2981
f 2981 2987 2983
f 2987 2986 2983
f 2983 2986 2984
f 3105 3106 3107
f 3108 3109 3110
f 3109 3111 3110
f 3112 3113 3114
f 3115 3116 3117
f 3116 3118 3117
f 3119 3120 3121
f 3119 3121 3122
f 3121 3123 3122
f 3122 3123 3124
f 3123 3125 3124
f 3124 3125 3126
f 3125 3127 3126
f 3126 3127 3128
f 3129 3130 3131
f 3130 3132 3131
f 3133 3134 3135
f 3134 3136 3135
f 3135 3136 3137
f 3138 3139 3140
f 3139 3138 3141
f 3138 3142 3141
f 3141 3142 3143
f 3142 3144 3143
f 3143 3144 3140
f 3144 3145 3140
f 3140 3145 3138
f 3146 3147 3148
f 3149 3150 3151
f 3149 3151 3152
f 3151 3153 3152
f 3152 3153 3154
f 3153 3155 3154
f 3154 3155 3156
f 3148 3150 3146
f 3150 3149 3146
f 3146 3149 3157
f 3149 3158 3157
f 3157 3158 3159
f 3158 3160 3159
f 3159 3160 3161
f 3160 3162 3161
f 3161 3162 3156
f 3162 3163 3156
f 3156 3163 3154
f 3164 3165 3166
f 3165 3167 3166
f 3168 3169 3170
f 3169 3171 3170
f 3172 3173 3174
f 3175 3176 3177
f 3176 3178 3177
f 3177 3178 3179
f 3180 3181 3182
f 3183 3184 3185
f 3186 3187 3182
f 3187 3188 3182
f 3189 3180 3190
f 3180 3182 3190
f 3190 3182 3191
f 3182 3188 3191
f 3192 3181 3193
f 3181 3180 3193
f 3193 3180 3194
f 3180 3183 3194
f 3194 3183 3195
f 3183 3185 3195
f 3196 3197 3198
f 3197 3199 3198
f 3200 3201 3202
f 3201 3203 3202
f 3202 3203 3204
f 3205 3206 3202
f 3206 3207 3202
f 3202 3207 3200
f 3208 3209 3202
f 3209 3210 3202
f 3202 3210 3205
f 3204 3211 3202
f 3211 3212 3202
f 3202 3212 3208
f 3213 3214 3215
f 3214 3216 3215
f 3215 3216 3217
f 3216 3218 3217
f 3217 3218 3219
f 3218 3220 3219
f 3219 3220 3221
f 3220 3222 3221
f 3221 3222 3223
f 3222 3224 3223
f 3223 3224 3225
f 3224 3226 3225
f 3225 3226 3227
f 3226 3228 3227
f 3227 3228 3229
f 3228 3230 3229
f 3229 3230 3231
f 3230 3232 3231
f 3231 3232 3233
f 3232 3234 3233
f 3233 3234 3235
f 3234 3236 3235
f 3235 3236 3213
f 3236 3214 3213
f 943 941 3237
f 941 3238 3237
f 3237 3238 3239
f 3238 3240 3239
f 3239 3240 3241
f 3240 3242 3241
f 3241 3242 3243
f 3242 3244 3243
f 2072 2071 3245
f 3246 3247 3248
f 3247 2072 3248
f 3248 2072 3249
f 2072 3245 3249
f 3249 3245 3250
f 3251 3252 3253
f 3252 3249 3253
f 3253 3249 3254
f 3249 3250 3254
f 3255 3256 3257
f 3256 3258 3257
f 3259 3260 3261
f 3260 3262 3261
f 3263 3264 3265
f 3264 3266 3265
f 3267 3268 3269
f 3268 3270 3269
f 3271 3272 3273
f 3272 3274 3273
f 3275 3276 3277
f 3276 3278 3277
f 3277 3278 3279
f 3278 3280 3279
f 3281 3282 3283
f 3282 3284 3283
f 3283 3284 3285
f 3284 3286 3285
f 3285 3286 3287
f 3286 3288 3287
f 3287 3288 3289
f 3288 3290 3289
f 3289 3290 3291
f 3290 3292 3291
f 3291 3292 3293
f 3292 3294 3293
f 3293 3294 3295
f 3294 3296 3295
f 3295 3296 3297
f 3296 3298 3297
f 3297 3298 3299
f 3298 3300 3299
f 3299 3300 3301
f 3300 3302 3301
f 3301 3302 3303
f 3302 3304 3303
f 3303 3304 3305
f 3304 3306 3305
f 3305 3306 3307
f 3306 3308 3307
f 3307 3308 3309
f 3308 3310 3309
f 3309 3310 3311
f 3310 3312 3311
f 3311 3312 3281
f 3312 3282 3281
f 3313 3314 3315
f 3314 3316 3315
f 3315 3316 1416
f 3316 1418 1416
f 3317 3318 3319
f 3318 3320 3319
f 3321 3322 3323
f 3322 3324 3323
f 3325 3326 3327
f 3326 3328 3327
f 3329 3330 3331
f 3330 3332 3331
f 3333 3334 3335
f 3334 3336 3335
f 3335 3336 3337
f 3336 3338 3337
f 3338 3339 3337
f 3339 3340 3337
f 3337 3340 3341
f 3342 3343 3344
f 3343 3337 3344
f 3344 3337 3345
f 3337 3341 3345
f 3345 3341 3346
f 3347 3348 3349
f 3347 3349 3350
f 3349 3351 3350
f 3351 3352 3350
f 3350 3352 3353
f 3352 3354 3353
f 3353 3354 3355
f 3354 3356 3355
f 3355 3356 3357
f 3356 3358 3357
f 3357 3358 3359
f 3358 3360 3359
f 3359 3360 3361
f 3360 3362 3361
f 3361 3362 3363
f 3362 3364 3363
f 3363 3364 3365
f 3364 3366 3365
f 3365 3366 3367
f 3366 3368 3367
f 3367 3368 3369
f 3368 3370 3369
f 3369 3370 3371
f 3370 3372 3371
f 3371 3372 3347
f 3372 3373 3347
f 3347 3373 3348
f 3374 3375 3376
f 3375 3377 3376
f 3376 3377 3378
f 3377 3379 3378
f 3378 3379 3380
f 3379 3381 3380
f 3380 3381 3382
f 3381 3383 3382
f 3382 3383 3384
f 3383 3385 3384
f 3384 3385 3386
f 3385 3387 3386
f 3386 3387 3388
f 3387 3389 3388
f 3388 3389 3390
f 3389 3391 3390
f 3390 3391 3392
f 3391 3393 3392
f 3392 3393 3394
f 3393 3395 3394
f 3394 3395 3396
f 3395 3397 3396
f 3396 3397 3374
f 3397 3375 3374
f 3398 3399 3400
f 3399 3401 3400
f 3400 3401 3402
f 3401 3403 3402
f 3402 3403 3404
f 3403 3405 3404
f 3404 3405 3406
f 3405 3407 3406
f 3406 3407 3408
f 3407 3409 3408
f 3408 3409 3410
f 3409 3411 3410
f 3410 3411 3412
f 3411 3413 3412
f 3412 3413 3414
f 3413 3415 3414
f 3414 3415 3416
f 3415 3417 3416
f 3416 3417 3418
f 3417 3419 3418
f 3418 3419 3420
f 3419 3421 3420
f 3420 3421 3398
f 3421 3399 3398
f 3422 3423 3424
f 3423 3425 3424
f 3424 3425 3426
f 3425 3427 3426
f 3426 3427 726
f 3427 724 726
f 3428 3429 3430
f 3429 3431 3430
f 3430 3431 3432
f 3431 3433 3432
f 3432 3433 3434
f 3433 3435 3434
f 3434 3435 3436
f 3435 3437 3436
f 3436 3437 3438
f 3437 3439 3438
f 3438 3439 3440
f 3439 3441 3440
f 3440 3441 3442
f 3441 3443 3442
f 3442 3443 3444
f 3443 3445 3444
f 3444 3445 3446
f 3445 3447 3446
f 3446 3447 3448
f 3447 3449 3448
f 3448 3449 3450
f 3449 3451 3450
f 3450 3451 3428
f 3451 3429 3428
f 3452 3453 3454
f 3453 3455 3454
f 3456 3457 3458
f 3457 3459 3458
f 3460 3461 3462
f 3461 3463 3462
f 3464 3465 3466
f 3465 3467 3466
f 3466 3467 3468
f 3467 3469 3468
f 3468 3469 3470
f 3469 3471 3470
f 3470 3471 3472
f 3473 3474 3475
f 3474 3476 3475
f 3475 3476 3477
f 3476 3478 3477
f 3477 3478 3479
f 3478 3480 3479
f 3479 3480 3481
f 3480 3482 3481
f 3481 3482 3483
f 3482 3484 3483
f 3483 3484 3485
f 3484 3486 3485
f 3485 3486 3487
f 3486 3488 3487
f 3487 3488 3489
f 3488 3490 3489
f 3489 3490 3491
f 3490 3492 3491
f 3491 3492 3493
f 3492 3494 3493
f 3493 3494 3495
f 3494 3496 3495
f 3495 3496 3473
f 3496 3474 3473
f 3497 3498 3499
f 3498 3500 3499
f 3501 3502 3503
f 3501 3503 3504
f 3505 3506 3503
f 3506 3507 3503
f 3503 3507 3504
f 3505 3508 3506
f 3508 3509 3506
f 3506 3509 3510
f 3511 3512 3513
f 3514 3515 3513
f 3515 3516 3513
f 3513 3516 3511
f 3517 3518 3519
f 3518 3520 3519
f 3521 3522 3523
f 3522 3524 3523
f 3525 3526 3527
f 3526 3528 3527
f 3529 3530 3531
f 3530 3532 3531
f 3531 3532 3533
f 3532 3534 3533
f 3533 3534 3535
f 3536 3537 3538
f 3537 3539 3538
f 3540 3541 3542
f 3543 3538 3544
f 3538 3539 3544
f 3544 3539 3545
f 3539 3540 3545
f 3545 3540 3546
f 3540 3542 3546
f 3547 3548 3549
f 3548 3550 3549
f 3549 3550 3551
f 3550 3552 3551
f 3551 3552 3553
f 3552 3554 3553
f 3553 3554 3555
f 3554 3556 3555
f 3555 3556 3557
f 3556 3558 3557
f 3557 3558 3559
f 3558 3560 3559
f 3559 3560 3561
f 3560 3562 3561
f 3561 3562 3563
f 3562 3564 3563
f 3563 3564 3565
f 3564 3566 3565
f 3565 3566 3567
f 3566 3568 3567
f 3567 3568 3569
f 3568 3570 3569
f 3569 3570 3547
f 3570 3548 3547
f 3571 3572 3573
f 3572 3574 3573
f 3573 3574 3575
f 3576 3577 3573
f 3577 3578 3573
f 3573 3578 3571
f 3579 3580 3573
f 3580 3581 3573
f 3573 3581 3576
f 3575 3582 3573
f 3582 3583 3573
f 3573 3583 3579
f 3244 2595 3243
f 2595 2594 3243
f 727 725 3584
f 725 3585 3584
f 3584 3585 3586
f 3585 3587 3586
f 3586 3587 942
f 3587 940 942
f 3588 3589 3590
f 3589 3591 3590
f 3590 3591 3592
f 3591 3593 3592
f 3592 3593 3594
f 3593 3595 3594
f 3594 3595 3596
f 3595 3597 3596
f 3596 3597 3598
f 3597 3599 3598
f 3598 3599 3600
f 3599 3601 3600
f 3600 3601 3602
f 3601 3603 3602
f 3602 3603 3604
f 3603 3605 3604
f 3604 3605 3606
f 3605 3607 3606
f 3606 3607 3608
f 3607 3609 3608
f 3608 3609 3610
f 3609 3611 3610
f 3610 3611 3588
f 3611 3589 3588
f 3612 3613 3614
f 3613 3615 3614
f 3616 3617 3618
f 3617 3619 3618
f 3620 3621 3622
f 3621 3623 3622
f 3624 3625 3626
f 3627 3628 3629
f 3628 3630 3629
f 3629 3630 3631
f 3630 3632 3631
f 3631 3632 3633
f 3632 3634 3633
f 3633 3634 3635
f 3634 3636 3635
f 3635 3636 3637
f 3636 3638 3637
f 3637 3638 3639
f 3638 3640 3639
f 3639 3640 3641
f 3640 3642 3641
f 3641 3642 3643
f 3642 3644 3643
f 3643 3644 3645
f 3644 3646 3645
f 3645 3646 3647
f 3646 3648 3647
f 3647 3648 3649
f 3648 3650 3649
f 3649 3650 3627
f 3650 3628 3627
f 3651 3652 3653
f 3652 3654 3653
f 3655 3656 3657
f 3656 3658 3657
f 3657 3658 3659
f 3660 3661 3662
f 3661 3663 3662
f 3662 3663 3664
f 3663 3665 3664
f 3664 3665 3666
f 3665 3667 3666
f 3666 3667 3668
f 3667 3669 3668
f 3668 3669 3670
f 3669 3671 3670
f 3670 3671 3655
f 3671 3672 3655
f 3655 3672 3656
f 3658 3673 3659
f 3673 3674 3659
f 3659 3674 3675
f 3674 3676 3675
f 3675 3676 3677
f 3676 3678 3677
f 3677 3678 3660
f 3678 3679 3660
f 3660 3679 3661
f 3680 3681 3682
f 3680 3682 3683
f 3682 3684 3683
f 3683 3684 3685
f 3686 3687 3688
f 3687 3689 3688
f 3690 3691 3692
f 3691 3693 3692
f 3694 3695 3696
f 3695 3697 3696
f 3698 3699 3700
f 3699 3701 3700
f 3700 3701 3702
f 3701 3703 3702
f 3704 3705 3706
f 3707 3708 3709
f 3708 3710 3709
f 3709 3710 3711
f 3710 3712 3711
f 3713 3714 3715
f 3714 3716 3715
f 3715 3716 3717
f 3718 3719 3715
f 3719 3720 3715
f 3715 3720 3713
f 3721 3722 3715
f 3722 3723 3715
f 3715 3723 3718
f 3717 3724 3715
f 3724 3725 3715
f 3715 3725 3721
f 2601 3423 2600
f 3423 3422 2600
f 3726 3727 3728
f 3727 3729 3728
f 3728 3729 3730
f 3729 3731 3730
f 3730 3731 3732
f 3731 3733 3732
f 3732 3733 3734
f 3733 3735 3734
f 3734 3735 3736
f 3735 3737 3736
f 3736 3737 3738
f 3737 3739 3738
f 3738 3739 3740
f 3739 3741 3740
f 3740 3741 3742
f 3741 3743 3742
f 3742 3743 3744
f 3743 3745 3744
f 3744 3745 3746
f 3745 3747 3746
f 3746 3747 3748
f 3747 3749 3748
f 3748 3749 3726
f 3749 3727 3726
f 3750 3751 3752
f 3751 3753 3752
f 3752 3753 3754
f 3753 3755 3754
f 3754 3755 3756
f 3755 3757 3756
f 3756 3757 3758
f 3757 3759 3758
f 3758 3759 3760
f 3759 3761 3760
f 3760 3761 3762
f 3761 3763 3762
f 3762 3763 3764
f 3763 3765 3764
f 3764 3765 3766
f 3765 3767 3766
f 3766 3767 3768
f 3767 3769 3768
f 3768 3769 3770
f 3769 3771 3770
f 3770 3771 3772
f 3771 3773 3772
f 3772 3773 3750
f 3773 3751 3750
f 3774 3775 3776
f 3775 3777 3776
f 3778 3779 3780
f 3779 3781 3780
f 3782 3783 3784
f 3783 3785 3784
f 3786 3787 3788
f 3787 3789 3788
f 3788 3789 3790
f 3789 3791 3790
f 3790 3791 3792
f 3793 3794 3795
f 3794 3796 3795
f 3795 3796 3797
f 3796 3798 3797
f 3797 3798 3799
f 3798 3800 3799
f 3799 3800 3801
f 3800 3802 3801
f 3801 3802 3803
f 3802 3804 3803
f 3803 3804 3805
f 3804 3806 3805
f 3805 3806 3807
f 3806 3808 3807
f 3807 3808 3809
f 3808 3810 3809
f 3809 3810 3811
f 3810 3812 3811
f 3811 3812 3813
f 3812 3814 3813
f 3813 3814 3815
f 3814 3816 3815
f 3815 3816 3793
f 3816 3794 3793
f 3817 3818 3819
f 3818 3820 3819
f 3821 3822 3823
f 3822 3824 3823
f 3825 3826 3827
f 3825 3827 3828
f 3827 3829 3828
f 3828 3829 3830
f 3829 3831 3830
f 3830 3831 3832
f 3832 3831 3833
f 3831 3834 3833
f 3833 3834 3835
f 3834 3836 3835
f 3835 3836 3837
f 3836 3838 3837
f 3837 3838 3839
f 3838 3840 3839
f 3839 3840 3841
f 3842 3843 3844
f 3843 3841 3844
f 3844 3841 3845
f 3841 3840 3845
f 3846 3847 3848
f 3844 3849 3842
f 3849 3850 3842
f 3842 3850 3851
f 3850 3852 3851
f 3851 3852 3853
f 3852 3846 3853
f 3853 3846 3854
f 3846 3848 3854
f 3855 3856 3847
f 3856 3857 3847
f 3847 3857 3848
f 3858 3859 3860
f 3859 3861 3860
f 3860 3862 3858
f 3862 3863 3858
f 3858 3863 3864
f 3863 3865 3864
f 3864 3865 3855
f 3865 3866 3855
f 3855 3866 3856
f 3867 3868 3869
f 3868 3870 3869
f 3869 3871 3867
f 3871 3872 3867
f 3867 3872 3859
f 3872 3873 3859
f 3859 3873 3861
f 3874 3875 3876
f 3877 3875 3878
f 3879 3880 3881
f 3882 3880 3883
f 3876 3882 3884
f 3885 3886 3887
f 3888 3886 3889
f 3881 3888 3890
f 3891 3892 3893
f 3894 3892 3895
f 3887 3894 3896
f 3893 3877 3897
f 3898 3899 3900
f 3899 3901 3900
f 3902 3903 3904
f 3903 3905 3904
f 3906 3907 3908
f 3908 3909 3906
f 3909 3910 3906
f 3906 3910 3911
f 3912 3913 3914
f 3913 3915 3914
f 3914 3915 3916
f 3915 3917 3916
f 3918 3919 3920
f 3921 3922 3923
f 3924 3925 3926
f 3925 3918 3926
f 3926 3918 3923
f 3918 3920 3923
f 3923 3920 3921
f 3927 3928 3929
f 3928 3923 3929
f 3929 3923 3930
f 3923 3922 3930
f 3931 3932 3933
f 3932 3934 3933
f 3933 3934 3935
f 3934 3936 3935
f 3935 3936 3937
f 3936 3938 3937
f 3937 3938 3939
f 3938 3940 3939
f 3939 3940 3941
f 3940 3942 3941
f 3941 3942 3943
f 3942 3944 3943
f 3943 3944 3945
f 3944 3946 3945
f 3945 3946 3947
f 3946 3948 3947
f 3947 3948 3949
f 3948 3950 3949
f 3949 3950 3951
f 3950 3952 3951
f 3951 3952 3953
f 3952 3954 3953
f 3953 3954 3931
f 3954 3932 3931
f 3955 3956 3957
f 3956 3958 3957
f 3957 3958 3959
f 3958 3960 3959
f 3959 3960 3961
f 3960 3962 3961
f 3961 3962 3963
f 3962 3964 3963
f 3963 3964 3965
f 3964 3966 3965
f 3965 3966 3967
f 3966 3968 3967
f 3967 3968 3969
f 3968 3970 3969
f 3969 3970 3971
f 3970 3972 3971
f 3971 3972 3973
f 3972 3974 3973
f 3973 3974 3975
f 3974 3976 3975
f 3975 3976 3977
f 3976 3978 3977
f 3977 3978 3955
f 3978 3956 3955
f 3979 3980 3981
f 3980 3982 3981
f 3981 3982 3983
f 3982 3984 3983
f 3983 3984 3985
f 3984 3986 3985
f 3985 3986 3987
f 3986 3988 3987
f 3987 3988 3989
f 3988 3990 3989
f 3989 3990 3991
f 3990 3992 3991
f 3991 3992 3993
f 3992 3994 3993
f 3993 3994 3995
f 3994 3996 3995
f 3995 3996 3997
f 3996 3998 3997
f 3997 3998 3999
f 3998 4000 3999
f 3999 4000 4001
f 4000 4002 4001
f 4001 4002 3979
f 4002 3980 3979
f 4003 4004 4005
f 4004 4006 4005
f 4007 4008 4009
f 4008 4010 4009
f 4011 4012 4013
f 4012 4014 4013
f 4015 4016 4017
f 4016 4018 4017
f 4019 4020 4021
f 4020 4022 4021
f 4023 4024 4025
f 4024 4026 4025
f 4027 4028 4029
f 4030 4031 4027
f 4032 4033 4034
f 4033 4029 4034
f 4034 4029 4035
f 4033 4036 4037
f 4038 4030 4039
f 4030 4040 4039
f 4039 4040 4041
f 4027 4029 4030
f 4029 4033 4030
f 4030 4033 4040
f 4033 4037 4040
f 4040 4037 4042
f 4043 4044 4045
f 4046 4047 4045
f 4047 4048 4045
f 4045 4048 4043
f 4049 4050 4046
f 4050 4051 4046
f 4046 4051 4047
f 4052 4053 4049
f 4053 4054 4049
f 4049 4054 4050
f 4055 4052 4056
f 4052 4057 4056
f 4056 4057 4058
f 4057 4059 4058
f 4059 4057 4060
f 4057 4061 4060
f 4060 4061 4062
f 4062 4061 4063
f 4061 4064 4063
f 4063 4064 4065
f 4064 4066 4065
f 4065 4066 4067
f 4052 4049 4057
f 4049 4046 4057
f 4057 4046 4061
f 4046 4045 4061
f 4061 4045 4064
f 4045 4044 4064
f 4064 4044 4066
f 4068 4069 4070
f 4069 4071 4070
f 4072 4073 4074
f 4073 4075 4074
f 4076 4077 4078
f 4077 4079 4078
f 4080 4081 4082
f 4081 4083 4082
f 4084 4085 4086
f 4085 4087 4086
f 4088 4089 4090
f 4089 4091 4090
f 4092 4093 4094
f 4095 4096 4097
f 4096 4098 4097
f 4097 4098 4099
f 4098 4100 4099
f 4099 4100 4094
f 4100 4101 4094
f 4094 4101 4092
f 4101 4102 4092
f 4103 4104 4105
f 4106 4107 4108
f 4107 4109 4108
f 4108 4109 4105
f 4109 4110 4105
f 4105 4110 4103
f 4110 4111 4103
f 4112 4113 4114
f 4113 4115 4114
f 4114 4115 4116
f 4115 4117 4116
f 4118 4119 4120
f 4119 4121 4120
f 4120 4121 4122
f 4121 4123 4122
f 4122 4123 4124
f 4123 4125 4124
f 4102 4101 4126
f 4101 4107 4126
f 4126 4107 4127
f 4107 4106 4127
f 4127 4106 4128
f 4129 4124 4130
f 4124 4125 4130
f 4130 4125 4131
f 4125 4098 4131
f 4131 4098 4132
f 4098 4096 4132
f 4133 4116 4134
f 4116 4117 4134
f 4134 4117 4135
f 4117 4121 4135
f 4135 4121 4136
f 4121 4119 4136
f 4111 4110 4137
f 4110 4113 4137
f 4137 4113 4138
f 4113 4112 4138
f 4138 4112 4139
f 4140 4141 4142
f 4140 4142 4143
f 4144 4145 4143
f 4146 4144 4147
f 4144 4143 4147
f 4147 4143 4148
f 4143 4142 4148
f 4149 4150 4151
f 4150 4152 4151
f 4153 4154 4155
f 4154 4156 4155
f 4157 4158 4159
f 4158 4160 4159
f 4159 4160 4161
f 4162 4163 4164
f 4163 4165 4164
f 4166 4167 4168
f 4167 4169 4168
f 4168 4169 4170
f 4171 4172 4173
f 4172 4174 4173
f 4175 4176 4177
f 4176 4178 4177
f 4177 4178 4179
f 4178 4180 4179
f 4179 4180 4181
f 4180 4182 4181
f 4181 4182 4183
f 4182 4184 4183
f 4183 4184 4185
f 4184 4186 4185
f 4185 4186 4187
f 4186 4188 4187
f 4187 4188 4189
f 4188 4190 4189
f 4189 4190 4191
f 4190 4192 4191
f 4191 4192 4193
f 4192 4194 4193
f 4193 4194 4195
f 4194 4196 4195
f 4195 4196 4197
f 4196 4198 4197
f 4197 4198 4175
f 4198 4176 4175
f 4199 4200 4201
f 4199 4201 4202
f 4203 4204 4202
f 4205 4203 4206
f 4203 4202 4206
f 4206 4202 4207
f 4202 4201 4207
f 4208 4209 4210
f 4209 4211 4210
f 4210 4211 4212
f 4211 4213 4212
f 4212 4213 4214
f 4213 4215 4214
f 4214 4215 4216
f 4215 4217 4216
f 4216 4217 4218
f 4217 4219 4218
f 4218 4219 4220
f 4219 4221 4220
f 4220 4221 4222
f 4221 4223 4222
f 4222 4223 4224
f 4223 4225 4224
f 4224 4225 4226
f 4225 4227 4226
f 4226 4227 4228
f 4227 4229 4228
f 4228 4229 4230
f 4229 4231 4230
f 4230 4231 4208
f 4231 4209 4208
f 4232 4233 4234
f 4233 4235 4234
f 4234 4235 4236
f 4237 4238 4239
f 4238 4240 4239
f 4239 4240 4241
f 4242 4243 4244
f 4243 4245 4244
f 4246 4247 4248
f 4247 4249 4248
f 4248 4249 4250
f 4251 4252 4253
f 4252 4254 4253
f 4255 4256 4257
f 4256 4258 4257
f 4259 4260 4261
f 4262 4263 4264
f 4259 4261 4265
f 4261 4266 4265
f 4265 4266 4264
f 4266 4267 4264
f 4264 4267 4262
f 4268 4066 4269
f 4066 4270 4269
f 4271 4272 4044
f 4272 4273 4044
f 4044 4273 4274
f 4273 4270 4274
f 4274 4270 4275
f 4270 4066 4275
f 4276 4277 4278
f 4277 4279 4278
f 4278 4279 4280
f 4279 4281 4280
f 4280 4281 4282
f 4281 4283 4282
f 4282 4283 4284
f 4283 4285 4284
f 4284 4285 4286
f 4285 4287 4286
f 4286 4287 4288
f 4287 4289 4288
f 4288 4289 4290
f 4289 4291 4290
f 4290 4291 4292
f 4291 4293 4292
f 4292 4293 4294
f 4293 4295 4294
f 4294 4295 4296
f 4295 4297 4296
f 4296 4297 4298
f 4297 4299 4298
f 4298 4299 4276
f 4299 4277 4276
f 4300 4301 4302
f 4301 4303 4302
f 4304 4305 4306
f 4305 4307 4306
f 4308 4309 4310
f 4309 4311 4310
f 4312 4313 4314
f 4313 4315 4314
f 4316 4317 4318
f 4317 4319 4318
f 4320 4321 4322
f 4321 4323 4322
f 4324 4325 4326
f 4324 4326 4327
f 4326 4328 4327
f 4327 4328 4329
f 4330 4331 4329
f 4331 4332 4329
f 4329 4332 4327
f 4333 4334 4335
f 4334 4336 4335
f 4335 4336 4337
f 4336 4338 4337
f 4337 4338 4339
f 4338 4340 4339
f 4339 4340 4341
f 4340 4342 4341
f 4341 4342 4343
f 4342 4344 4343
f 4343 4344 4345
f 4344 4346 4345
f 4345 4346 4347
f 4346 4348 4347
f 4347 4348 4349
f 4348 4350 4349
f 4349 4350 4351
f 4350 4352 4351
f 4351 4352 4353
f 4352 4354 4353
f 4353 4354 4355
f 4354 4356 4355
f 4355 4356 4333
f 4356 4334 4333
f 4357 4358 4359
f 4360 4361 4362
f 4361 4363 4362
f 4362 4363 4364
f 4365 4366 4367
f 4368 4369 4367
f 4370 4364 4371
f 4364 4363 4371
f 4371 4363 4366
f 4363 4372 4366
f 4366 4372 4367
f 4372 4373 4367
f 4367 4373 4368
f 4362 4374 4360
f 4374 4375 4360
f 4360 4375 4368
f 4375 4376 4368
f 4368 4376 4369
f 4377 4378 4379
f 4376 4380 4369
f 4380 4377 4369
f 4369 4377 4381
f 4377 4379 4381
f 4382 4383 4384
f 4383 4385 4384
f 4384 4385 4386
f 4385 4379 4386
f 4379 4378 4386
f 4386 4378 4374
f 4378 4387 4374
f 4374 4387 4375
f 4381 4383 4369
f 4383 4382 4369
f 4369 4382 4388
f 4382 4389 4388
f 4388 4389 4390
f 4391 4392 4386
f 4392 4393 4386
f 4386 4393 4384
f 4394 4388 4395
f 4388 4390 4395
f 4395 4390 4396
f 4390 4392 4396
f 4392 4391 4396
f 4396 4391 4397
f 4391 4398 4397
f 4397 4398 4394
f 4398 4357 4394
f 4394 4357 4388
f 4357 4359 4388
f 4391 4399 4400
f 4399 4401 4400
f 4402 4403 4400
f 4403 4404 4400
f 4400 4404 4391
f 4404 4405 4391
f 4391 4405 4398
f 4406 4407 4399
f 4358 4403 4359
f 4403 4402 4359
f 4359 4402 4408
f 4402 4409 4408
f 4408 4409 4410
f 4401 4399 4411
f 4399 4407 4411
f 4411 4407 4410
f 4407 4412 4410
f 4410 4412 4408
f 4399 4413 4406
f 4413 4414 4406
f 4406 4414 4415
f 4414 4416 4415
f 4417 4418 4419
f 4420 4421 4422
f 4423 4424 4425
f 4426 4427 4419
f 4428 4424 4429
f 4424 4423 4429
f 4429 4423 4418
f 4423 4430 4418
f 4418 4430 4419
f 4430 4431 4419
f 4419 4431 4426
f 4432 4427 4433
f 4427 4426 4433
f 4433 4426 4434
f 4426 4435 4434
f 4434 4435 4425
f 4435 4436 4425
f 4425 4436 4423
f 4437 4438 4424
f 4419 4420 4417
f 4420 4422 4417
f 4417 4422 4428
f 4422 4439 4428
f 4428 4439 4424
f 4439 4440 4424
f 4424 4440 4437
f 4441 4442 4443
f 4442 4444 4443
f 4443 4444 4420
f 4412 4415 4408
f 4415 4416 4408
f 4408 4416 4445
f 4416 4446 4445
f 4445 4446 4447
f 4438 4448 4413
f 4448 4449 4413
f 4413 4449 4414
f 4450 4445 4451
f 4445 4447 4451
f 4451 4447 4452
f 4421 4420 4453
f 4420 4444 4453
f 4453 4444 4437
f 4444 4454 4437
f 4437 4454 4438
f 4454 4455 4438
f 4438 4455 4456
f 4447 4448 4452
f 4448 4438 4452
f 4452 4438 4457
f 4438 4456 4457
f 4457 4456 4450
f 4456 4441 4450
f 4450 4441 4445
f 4441 4443 4445
f 4458 4459 4427
f 4460 4461 4432
f 4461 4462 4432
f 4432 4462 4427
f 4462 4463 4427
f 4427 4463 4458
f 4464 4465 4466
f 4465 4461 4466
f 4466 4461 4425
f 4461 4460 4425
f 4425 4460 4434
f 4467 4468 4469
f 4468 4470 4469
f 4471 4472 4473
f 4367 4473 4365
f 4473 4474 4365
f 4365 4474 4370
f 4474 4475 4370
f 4370 4475 4364
f 4475 4476 4364
f 4364 4476 4477
f 4478 4364 4479
f 4364 4477 4479
f 4479 4477 4472
f 4477 4480 4472
f 4472 4480 4473
f 4480 4481 4473
f 4473 4481 4474
f 4466 4469 4464
f 4469 4470 4464
f 4464 4470 4458
f 4470 4482 4458
f 4458 4482 4459
f 4482 4483 4459
f 4459 4483 4484
f 4473 4459 4471
f 4459 4484 4471
f 4471 4484 4478
f 4484 4467 4478
f 4478 4467 4364
f 4467 4469 4364
f 4485 4486 4487
f 4486 4488 4487
f 4487 4488 4489
f 4490 4491 4492
f 4491 4493 4492
f 4492 4493 4494
f 4495 4496 4497
f 4496 4498 4497
f 4499 4500 4501
f 4500 4502 4501
f 4501 4502 4503
f 4504 4505 4506
f 4505 4507 4506
f 4508 4509 4510
f 4509 4511 4510
f 4512 4513 4514
f 4512 4514 4515
f 4514 4516 4515
f 4515 4516 4517
f 4518 4519 4517
f 4519 4520 4517
f 4517 4520 4515
f 4521 4522 4523
f 4522 4524 4523
f 4523 4524 4525
f 4526 4527 4523
f 4527 4528 4523
f 4523 4528 4521
f 4529 4530 4523
f 4530 4531 4523
f 4523 4531 4526
f 4525 4532 4523
f 4532 4533 4523
f 4523 4533 4529
f 4534 4535 4536
f 4535 4537 4536
f 4536 4537 4538
f 4537 4539 4538
f 4538 4539 4540
f 4539 4541 4540
f 4540 4541 4542
f 4541 4543 4542
f 4542 4543 4544
f 4543 4545 4544
f 4544 4545 4546
f 4545 4547 4546
f 4546 4547 4548
f 4547 4549 4548
f 4548 4549 4550
f 4549 4551 4550
f 4550 4551 4552
f 4551 4553 4552
f 4552 4553 4554
f 4553 4555 4554
f 4554 4555 4556
f 4555 4557 4556
f 4556 4557 4534
f 4557 4535 4534
f 4558 4559 4560
f 4559 4561 4560
f 4562 4563 4564
f 4563 4565 4564
f 4566 4567 4568
f 4567 4569 4568
f 4570 4571 4572
f 4571 4573 4572
f 4574 4575 4576
f 4575 4577 4576
f 4578 4579 4580
f 4579 4581 4580
f 4582 4583 4584
f 4585 4586 4587
f 4582 4584 4588
f 4584 4589 4588
f 4588 4589 4587
f 4589 4590 4587
f 4587 4590 4585
f 4591 4592 4593
f 4592 4594 4593
f 4593 4594 4595
f 4596 4597 4598
f 4597 4599 4598
f 4598 4599 4600
f 4601 4602 4603
f 4602 4604 4603
f 4603 4604 4605
f 4606 4607 4608
f 4607 4609 4608
f 4608 4609 4610
f 4611 4612 4613
f 4612 4614 4613
f 4615 4616 4617
f 4616 4618 4617
f 4619 4620 4621
f 4620 4622 4621
f 4623 4624 4625
f 4624 4626 4625
f 4625 4626 4627
f 4626 4628 4627
f 4627 4628 4629
f 4628 4630 4629
f 4629 4630 4631
f 4630 4632 4631
f 4631 4632 4633
f 4632 4634 4633
f 4633 4634 4635
f 4634 4636 4635
f 4635 4636 4637
f 4636 4638 4637
f 4637 4638 4639
f 4638 4640 4639
f 4639 4640 4641
f 4640 4642 4641
f 4641 4642 4643
f 4642 4644 4643
f 4643 4644 4645
f 4644 4646 4645
f 4645 4646 4623
f 4646 4624 4623
f 4647 4648 4649
f 4648 4650 4649
f 4651 4652 4653
f 4652 4654 4653
f 4655 4656 4657
f 4656 4658 4657
f 4659 4660 4661
f 4660 4662 4661
f 4663 4664 4665
f 4664 4666 4665
f 4667 4668 4669
f 4668 4670 4669
f 4669 4670 4671
f 4670 4672 4671
f 4671 4672 4673
f 4672 4674 4673
f 4673 4674 4675
f 4674 4676 4675
f 4675 4676 4677
f 4676 4678 4677
f 4677 4678 4679
f 4678 4680 4679
f 4679 4680 4681
f 4680 4682 4681
f 4681 4682 4683
f 4682 4684 4683
f 4683 4684 4685
f 4684 4686 4685
f 4685 4686 4687
f 4686 4688 4687
f 4687 4688 4689
f 4688 4690 4689
f 4689 4690 4667
f 4690 4668 4667
f 4668 4691 4670
f 4691 4692 4670
f 4670 4692 4672
f 4692 4693 4672
f 4672 4693 4674
f 4693 4694 4674
f 4674 4694 4676
f 4694 4695 4676
f 4676 4695 4678
f 4695 4696 4678
f 4678 4696 4680
f 4696 4697 4680
f 4680 4697 4682
f 4697 4698 4682
f 4682 4698 4684
f 4698 4699 4684
f 4684 4699 4686
f 4699 4700 4686
f 4686 4700 4688
f 4700 4701 4688
f 4688 4701 4690
f 4701 4702 4690
f 4690 4702 4668
f 4702 4691 4668
f 4691 4703 4692
f 4703 4549 4692
f 4692 4549 4693
f 4549 4547 4693
f 4693 4547 4694
f 4547 4704 4694
f 4694 4704 4695
f 4704 4543 4695
f 4695 4543 4696
f 4543 4541 4696
f 4696 4541 4697
f 4541 4705 4697
f 4697 4705 4698
f 4705 4537 4698
f 4698 4537 4699
f 4537 4535 4699
f 4699 4535 4700
f 4535 4557 4700
f 4700 4557 4701
f 4557 4555 4701
f 4701 4555 4702
f 4555 4553 4702
f 4702 4553 4691
f 4553 4703 4691
f 4706 4707 4708
f 4707 4709 4708
f 4710 4711 4712
f 4713 4714 4715
f 4710 4712 4716
f 4712 4717 4716
f 4716 4717 4715
f 4717 4718 4715
f 4715 4718 4713
f 4719 4720 4721
f 4720 4722 4721
f 4721 4722 4723
f 4724 4725 4726
f 4725 4727 4726
f 4726 4727 4728
f 4729 4730 4731
f 4730 4732 4731
f 4731 4732 4733
f 4734 4735 4736
f 4735 4737 4736
f 4736 4737 4738
f 4739 4740 4741
f 4740 4742 4741
f 4743 4744 4745
f 4744 4746 4745
f 4747 4748 4749
f 4748 4750 4749
f 4751 4752 4753
f 4754 4755 4753
f 4755 4756 4753
f 4753 4756 4751
f 4757 4758 4754
f 4758 4759 4754
f 4754 4759 4755
f 4760 4761 4757
f 4761 4762 4757
f 4757 4762 4758
f 4763 4760 4764
f 4760 4765 4764
f 4764 4765 4766
f 4765 4767 4766
f 4767 4765 4768
f 4765 4769 4768
f 4768 4769 4770
f 4770 4769 4771
f 4769 4772 4771
f 4771 4772 4773
f 4772 4774 4773
f 4773 4774 4775
f 4760 4757 4765
f 4757 4754 4765
f 4765 4754 4769
f 4754 4753 4769
f 4769 4753 4772
f 4753 4752 4772
f 4772 4752 4774
f 4776 4777 4778
f 4777 4779 4778
f 4778 4779 4780
f 4779 4781 4780
f 4780 4781 4782
f 4781 4783 4782
f 4782 4783 4784
f 4783 4785 4784
f 4784 4785 4786
f 4785 4787 4786
f 4786 4787 4788
f 4787 4789 4788
f 4788 4789 4790
f 4789 4791 4790
f 4790 4791 4792
f 4791 4793 4792
f 4792 4793 4794
f 4793 4795 4794
f 4794 4795 4796
f 4795 4797 4796
f 4796 4797 4798
f 4797 4799 4798
f 4798 4799 4776
f 4799 4777 4776
f 4800 4801 4802
f 4801 4803 4802
f 4804 4805 4806
f 4805 4807 4806
f 4808 4809 4810
f 4809 4811 4810
f 4812 4813 4814
f 4813 4815 4814
f 4816 4817 4818
f 4817 4819 4818
f 4818 4819 4820
f 4819 4821 4820
f 4820 4821 4822
f 4821 4823 4822
f 4822 4823 4824
f 4823 4825 4824
f 4824 4825 4826
f 4825 4827 4826
f 4826 4827 4828
f 4827 4829 4828
f 4828 4829 4830
f 4829 4831 4830
f 4830 4831 4832
f 4831 4833 4832
f 4832 4833 4834
f 4833 4835 4834
f 4834 4835 4836
f 4835 4837 4836
f 4836 4837 4838
f 4837 4839 4838
f 4838 4839 4816
f 4839 4817 4816
f 4840 4841 4842
f 4841 4843 4842
f 4844 4774 4845
f 4774 4846 4845
f 4847 4848 4752
f 4848 4849 4752
f 4752 4849 4850
f 4849 4846 4850
f 4850 4846 4851
f 4846 4774 4851
f 4852 4853 4854
f 4853 4855 4854
f 4854 4855 4856
f 4857 4858 4859
f 4858 4860 4859
f 4861 4862 4863
f 4862 4864 4863
f 4865 4866 4867
f 4866 4868 4867
f 4867 4868 4869
f 4870 4871 4872
f 4871 4873 4872
f 4872 4873 4874
f 4875 4876 4877
f 4876 4878 4877
f 4879 4880 4881
f 4880 4882 4881
f 4883 4884 4885
f 4884 4886 4885
f 4887 4888 4889
f 4888 4890 4889
f 4889 4890 4891
f 4890 4886 4891
f 4891 4886 4892
f 4886 4884 4892
f 4893 4894 4895
f 4894 4896 4895
f 4897 4898 4899
f 4898 4900 4899
f 4901 4902 4903
f 4902 4904 4903
f 4905 4906 4907
f 4906 4908 4907
f 4909 4910 4911
f 4910 4912 4911
f 4913 4914 4915
f 4914 4916 4915
f 4917 4918 4919
f 4918 4920 4919
f 4921 4889 4922
f 4923 4924 4922
f 4924 4925 4922
f 4922 4925 4921
f 4926 4927 4923
f 4927 4928 4923
f 4923 4928 4924
f 4929 4930 4926
f 4930 4931 4926
f 4926 4931 4927
f 4932 4933 4934
f 4933 4935 4934
f 4935 4933 4936
f 4933 4937 4936
f 4936 4937 4938
f 4938 4937 4939
f 4937 4940 4939
f 4939 4940 4941
f 4940 4884 4941
f 4941 4884 4883
f 4942 4929 4932
f 4929 4926 4932
f 4932 4926 4933
f 4926 4923 4933
f 4933 4923 4937
f 4923 4922 4937
f 4937 4922 4940
f 4922 4889 4940
f 4940 4889 4884
f 4943 4944 4945
f 4944 4946 4945
f 4945 4946 4947
f 4948 4949 4950
f 4949 4951 4950
f 4952 4953 4954
f 4953 4955 4954
f 4956 4957 4958
f 4957 4959 4958
f 4958 4959 4960
f 4961 4962 4963
f 4962 4964 4963
f 4963 4964 4965
f 4966 4967 4968
f 4967 4969 4968
f 4970 4971 4972
f 4971 4973 4972
f 4974 4975 4976
f 4974 4976 4977
f 4978 4979 4977
f 4980 4978 4981
f 4978 4977 4981
f 4981 4977 4982
f 4977 4976 4982
f 4983 4984 4985
f 4984 4986 4985
f 4987 4988 4989
f 4988 4990 4989
f 4991 4992 4993
f 4992 4994 4993
f 4995 4996 4997
f 4996 4998 4997
f 4999 5000 5001
f 5000 5002 5001
f 5003 5004 5005
f 5004 5006 5005
f 5007 5008 5009
f 5008 5010 5009
f 5009 5010 5011
f 5010 5012 5011
f 5011 5012 5013
f 5012 5014 5013
f 5013 5014 5015
f 5014 5016 5015
f 5015 5016 5017
f 5016 5018 5017
f 5017 5018 5019
f 5018 5020 5019
f 5019 5020 5021
f 5020 5022 5021
f 5021 5022 5023
f 5022 5024 5023
f 5023 5024 5025
f 5024 5026 5025
f 5025 5026 5027
f 5026 5028 5027
f 5027 5028 5029
f 5028 5030 5029
f 5029 5030 5007
f 5030 5008 5007
f 5031 5032 5033
f 5032 5034 5033
f 5035 5036 5037
f 5036 5038 5037
f 5037 5038 5039
f 5038 5034 5039
f 5039 5034 5040
f 5034 5032 5040
f 5041 5042 5043
f 5042 5044 5043
f 5045 5046 5047
f 5046 5048 5047
f 5049 5050 5051
f 5050 5052 5051
f 5051 5052 5053
f 5054 5055 5056
f 5055 5057 5056
f 5058 5059 5060
f 5059 5061 5060
f 5060 5061 5062
f 5063 5064 5065
f 5064 5066 5065
f 5067 4667 5068
f 4667 4669 5068
f 5068 4669 5069
f 4669 5070 5069
f 5069 5070 5071
f 5070 4673 5071
f 5071 4673 5072
f 4673 5073 5072
f 5072 5073 5074
f 5073 5075 5074
f 5074 5075 5076
f 5075 4679 5076
f 5076 4679 5077
f 4679 5078 5077
f 5077 5078 5079
f 5078 5080 5079
f 5079 5080 5081
f 5080 4685 5081
f 5081 4685 5082
f 4685 4687 5082
f 5082 4687 5083
f 4687 4689 5083
f 5083 4689 5067
f 4689 4667 5067
f 5084 5037 5085
f 5086 5087 5085
f 5087 5088 5085
f 5085 5088 5084
f 5089 5090 5086
f 5090 5091 5086
f 5086 5091 5087
f 5092 5093 5089
f 5093 5094 5089
f 5089 5094 5090
f 5095 5096 5097
f 5096 5098 5097
f 5098 5096 5099
f 5096 5100 5099
f 5099 5100 5101
f 5101 5100 5102
f 5100 5103 5102
f 5102 5103 5104
f 5103 5032 5104
f 5104 5032 5031
f 5105 5092 5095
f 5092 5089 5095
f 5095 5089 5096
f 5089 5086 5096
f 5096 5086 5100
f 5086 5085 5100
f 5100 5085 5103
f 5085 5037 5103
f 5103 5037 5032
f 5106 5107 5108
f 5107 5109 5108
f 5108 5109 5110
f 5109 5111 5110
f 5110 5111 5112
f 5111 5113 5112
f 5112 5113 5114
f 5113 5115 5114
f 5114 5115 5116
f 5115 5117 5116
f 5116 5117 5118
f 5117 5119 5118
f 5118 5119 5120
f 5119 5121 5120
f 5120 5121 5122
f 5121 5123 5122
f 5122 5123 5124
f 5123 5125 5124
f 5124 5125 5126
f 5125 5127 5126
f 5126 5127 5128
f 5127 5129 5128
f 5128 5129 5106
f 5129 5107 5106
f 5130 5131 5132
f 5131 5133 5132
f 5132 5133 5134
f 5133 5135 5134
f 5134 5135 5136
f 5135 5137 5136
f 5136 5137 5138
f 5137 5139 5138
f 5138 5139 5140
f 5139 5141 5140
f 5140 5141 5142
f 5141 5143 5142
f 5142 5143 5144
f 5143 5145 5144
f 5144 5145 5146
f 5145 5147 5146
f 5146 5147 5148
f 5147 5149 5148
f 5148 5149 5150
f 5149 5151 5150
f 5150 5151 5152
f 5151 5153 5152
f 5152 5153 5130
f 5153 5131 5130
f 5154 5155 5156
f 5155 5157 5156
f 5156 5157 5158
f 5157 5159 5158
f 5158 5159 5160
f 5159 5161 5160
f 5160 5161 5162
f 5161 5163 5162
f 5162 5163 5164
f 5163 5165 5164
f 5164 5165 5166
f 5165 5167 5166
f 5166 5167 5168
f 5167 5169 5168
f 5168 5169 5170
f 5169 5171 5170
f 5170 5171 5172
f 5171 5173 5172
f 5172 5173 5174
f 5173 5175 5174
f 5174 5175 5176
f 5175 5177 5176
f 5176 5177 5154
f 5177 5155 5154
f 5178 5179 5180
f 5179 5181 5180
f 5180 5181 5182
f 5183 5184 5180
f 5184 5185 5180
f 5180 5185 5178
f 5186 5187 5180
f 5187 5188 5180
f 5180 5188 5183
f 5182 5189 5180
f 5189 5190 5180
f 5180 5190 5186
f 5191 5192 5193
f 5192 5194 5193
f 5193 5194 5195
f 5194 5196 5195
f 5195 5196 5197
f 5196 5198 5197
f 5197 5198 5199
f 5198 5200 5199
f 5199 5200 5201
f 5200 5202 5201
f 5201 5202 5203
f 5202 5204 5203
f 5203 5204 5205
f 5204 5206 5205
f 5205 5206 5207
f 5206 5208 5207
f 5207 5208 5209
f 5208 5210 5209
f 5209 5210 5211
f 5210 5212 5211
f 5211 5212 5213
f 5212 5214 5213
f 5213 5214 5191
f 5214 5192 5191
f 5215 5216 5217
f 5216 5218 5217
f 5217 5218 5219
f 5220 5221 5217
f 5221 5222 5217
f 5217 5222 5215
f 5223 5224 5217
f 5224 5225 5217
f 5217 5225 5220
f 5219 5226 5217
f 5226 5227 5217
f 5217 5227 5223
f 5228 5229 5230
f 5229 5231 5230
f 5230 5231 5232
f 5231 5233 5232
f 5232 5233 5234
f 5233 5235 5234
f 5234 5235 5236
f 5235 5237 5236
f 5236 5237 5238
f 5237 5239 5238
f 5240 5241 5242
f 5241 5243 5242
f 5244 5245 5246
f 5245 5247 5246
f 5246 5247 5248
f 5247 5249 5248
f 5250 5251 5252
f 5251 5253 5252
f 5254 5255 5256
f 5255 5257 5256
f 5258 5259 5260
f 5259 5261 5260
f 5262 5263 5264
f 5263 5265 5264
f 5266 5267 5268
f 5266 5268 5269
f 5268 5270 5269
f 5269 5270 5271
f 5272 5273 5274
f 5273 5275 5274
f 5276 5277 5278
f 5279 5280 5281
f 5280 5282 5281
f 5283 5284 5285
f 5284 5286 5285
f 5287 5288 5289
f 5288 5290 5289
f 5289 5290 5291
f 5290 5283 5291
f 5291 5283 5292
f 5283 5285 5292
f 5293 5294 5295
f 5294 5296 5295
f 5295 5296 5297
f 5296 5298 5297
f 5299 5300 5301
f 5300 5302 5301
f 5301 5302 5303
f 5302 5304 5303
f 5299 5305 5300
f 5305 5306 5300
f 5300 5306 5307
f 5306 5308 5307
f 5307 5308 5309
f 5308 5310 5309
f 5309 5310 5311
f 5312 5313 5314
f 5313 5315 5314
f 5314 5315 5302
f 5315 5316 5302
f 5302 5316 5304
f 5311 5310 5317
f 5310 5318 5317
f 5317 5318 5319
f 5318 5313 5319
f 5319 5313 5320
f 5313 5312 5320
f 5320 5312 5321
f 5322 5323 5324
f 5323 5325 5324
f 5326 5327 5328
f 5327 5329 5328
f 5328 5329 5330
f 5329 5331 5330
f 5330 5331 5332
f 5331 5333 5332
f 5332 5333 5334
f 5333 5335 5334
f 5334 5335 5336
f 5335 5337 5336
f 5336 5337 5338
f 5337 5339 5338
f 5338 5339 5340
f 5339 5341 5340
f 5340 5341 5342
f 5341 5343 5342
f 5342 5343 5344
f 5343 5345 5344
f 5344 5345 5346
f 5345 5347 5346
f 5346 5347 5348
f 5347 5349 5348
f 5348 5349 5326
f 5349 5327 5326
f 5350 5351 5352
f 5351 5353 5352
f 5354 5355 5356
f 5355 5357 5356
f 5358 5359 5360
f 5359 5361 5360
f 5362 5363 5364
f 5363 5365 5364
f 5366 5367 5368
f 5367 5369 5368
f 5370 5371 5372
f 5371 5373 5372
f 5374 5375 5376
f 5375 5377 5376
f 5378 5379 5380
f 5379 5381 5380
f 5382 5383 5384
f 5383 5385 5384
f 5386 5387 5388
f 5387 5389 5388
f 5388 5389 5390
f 5389 5391 5390
f 5392 5393 5394
f 5393 5395 5394
f 5396 5397 5398
f 5397 5399 5398
f 5400 5401 5402
f 5401 5403 5402
f 5404 5405 5406
f 5404 5406 5407
f 5406 5408 5407
f 5407 5408 5409
f 5410 5411 5412
f 5411 5413 5412
f 5412 5413 5414
f 5413 5415 5414
f 5414 5415 5416
f 5415 5417 5416
f 5416 5417 5418
f 5417 5419 5418
f 5418 5419 5420
f 5419 5421 5420
f 5422 5423 5424
f 5425 5426 5427
f 5426 5428 5427
f 5429 5430 5431
f 5430 5432 5431
f 5431 5432 5433
f 5434 5435 5436
f 5435 5437 5436
f 5436 5437 5438
f 5437 5433 5438
f 5439 5440 5441
f 5442 5443 5444
f 5443 5445 5444
f 5444 5445 5446
f 5445 5447 5446
f 5446 5447 5448
f 5447 5449 5448
f 5433 5432 5438
f 5432 5450 5438
f 5438 5450 5451
f 5452 5453 5454
f 5453 5455 5454
f 5454 5455 5456
f 5455 5457 5456
f 5456 5457 5458
f 5442 5459 5443
f 5459 5460 5443
f 5443 5460 5441
f 5460 5461 5441
f 5441 5461 5439
f 5439 5462 5440
f 5462 5463 5440
f 5440 5463 5434
f 5463 5464 5434
f 5434 5464 5435
f 5465 5466 5467
f 5466 5468 5467
f 5467 5468 5469
f 5468 5470 5469
f 5469 5470 5471
f 5470 5472 5471
f 5471 5472 5473
f 5472 5474 5473
f 5473 5474 5449
f 5474 5475 5449
f 5449 5475 5448
f 5453 5476 5455
f 5476 5477 5455
f 5455 5477 5478
f 5477 5479 5478
f 5478 5479 5451
f 5479 5480 5451
f 5451 5480 5438
f 5429 5481 5430
f 5481 5482 5430
f 5430 5482 5483
f 5482 5484 5483
f 5484 5485 5483
f 5483 5485 5486
f 5485 5487 5486
f 5486 5487 5465
f 5487 5488 5465
f 5465 5488 5466
f 5489 5490 5491
f 5490 5492 5491
f 5493 5494 5495
f 5494 5496 5495
f 5495 5496 5497
f 5498 5499 5500
f 5499 5501 5500
f 5493 5502 5503
f 5502 5500 5503
f 5503 5500 5504
f 5500 5501 5504
f 5505 5506 5507
f 5506 5497 5507
f 5507 5497 5508
f 5497 5496 5508
f 5493 5495 5502
f 5495 5509 5502
f 5502 5509 5510
f 5509 5283 5510
f 5510 5283 5290
f 5511 5512 5513
f 5512 5514 5513
f 5515 5516 5517
f 5516 5518 5517
f 5519 5520 5521
f 5520 5522 5521
f 5523 5524 5525
f 5524 5526 5525
f 5527 5528 5529
f 5528 5530 5529
f 5531 5532 5533
f 5532 5534 5533
f 5535 5536 5537
f 5536 5538 5537
f 5539 5540 5541
f 5540 5542 5541
f 5238 5239 5543
f 5239 5544 5543
f 5545 5546 5547
f 5546 5548 5547
f 5547 5548 5549
f 5548 5550 5549
f 5549 5550 5551
f 5550 5552 5551
f 5551 5552 5553
f 5552 5554 5553
f 5555 5556 5557
f 5556 5558 5557
f 5559 5560 5561
f 5560 5562 5561
f 5561 5562 5563
f 5562 5564 5563
f 5563 5564 5565
f 5564 5566 5565
f 5565 5566 5567
f 5566 5568 5567
f 5567 5568 5569
f 5568 5570 5569
f 5569 5570 5571
f 5570 5572 5571
f 5571 5572 5573
f 5572 5574 5573
f 5573 5574 5575
f 5574 5576 5575
f 5575 5576 5577
f 5576 5578 5577
f 5577 5578 5579
f 5578 5580 5579
f 5579 5580 5581
f 5580 5582 5581
f 5581 5582 5559
f 5582 5560 5559
f 5583 5584 5585
f 5584 5586 5585
f 5587 5588 5589
f 5587 5589 5590
f 5589 5591 5590
f 5590 5591 5592
f 5591 5593 5592
f 5592 5593 5594
f 5595 5596 5597
f 5596 5598 5597
f 5599 5600 5601
f 5599 5601 5602
f 5601 5603 5602
f 5602 5603 5604
f 5605 5606 5607
f 5606 5608 5607
f 5607 5608 5609
f 5608 5610 5609
f 5609 5610 5611
f 5610 5612 5611
f 5611 5612 5613
f 5612 5614 5613
f 5613 5614 5615
f 5614 5616 5615
f 5617 5618 5619
f 5618 5620 5619
f 5619 5620 5621
f 5622 5623 5624
f 5623 5625 5624
f 5624 5625 5626
f 5622 5627 5623
f 5627 5628 5623
f 5623 5628 5629
f 5628 5630 5629
f 5631 5617 5632
f 5617 5619 5632
f 5632 5619 5633
f 5619 5634 5633
f 5633 5634 5635
f 5634 5636 5635
f 5635 5636 5637
f 5630 5638 5629
f 5638 5639 5629
f 5629 5639 5640
f 5639 5621 5640
f 5640 5621 5641
f 5621 5620 5641
f 5642 5643 5644
f 5643 5645 5644
f 5646 5647 5648
f 5646 5648 5649
f 5648 5650 5649
f 5649 5650 5651
f 5650 5489 5651
f 5651 5489 5491
f 5297 5298 5652
f 5297 5652 5653
f 5652 5654 5653
f 5653 5654 5655
f 5656 5657 5658
f 5657 5659 5658
f 5658 5659 5660
f 5661 5662 5663
f 5662 5664 5663
f 5665 5666 5667
f 5666 5668 5667
f 5667 5668 5669
f 5668 5670 5669
f 5669 5670 5671
f 5670 5672 5671
f 5671 5672 5673
f 5672 5674 5673
f 5673 5674 5675
f 5674 5676 5675
f 5675 5676 5677
f 5676 5678 5677
f 5677 5678 5679
f 5678 5680 5679
f 5679 5680 5681
f 5680 5682 5681
f 5681 5682 5683
f 5682 5684 5683
f 5683 5684 5685
f 5684 5686 5685
f 5685 5686 5687
f 5686 5688 5687
f 5687 5688 5665
f 5688 5666 5665
f 5689 5690 5691
f 5690 5692 5691
f 5693 5694 5695
f 5694 5696 5695
f 5697 5698 5699
f 5698 5700 5699
f 5701 5702 5703
f 5702 5704 5703
f 5705 5706 5707
f 5706 5708 5707
f 5709 5710 5711
f 5710 5712 5711
f 5713 5714 5715
f 5714 5716 5715
f 5717 5718 5719
f 5718 5720 5719
f 5721 5722 5723
f 5722 5724 5723
f 5725 5726 5727
f 5727 5726 5728
f 5726 5729 5728
f 5728 5729 5730
f 5731 5732 5733
f 5733 5732 5734
f 5732 5735 5734
f 5734 5735 5736
f 5735 5737 5736
f 5736 5737 5738
f 5737 5739 5738
f 5738 5739 5740
f 5739 5741 5740
f 5740 5741 5742
f 5741 5743 5742
f 5743 5744 5742
f 5742 5744 5745
f 5744 5725 5745
f 5745 5725 5746
f 5725 5727 5746
f 5733 5747 5731
f 5747 5748 5731
f 5731 5748 5749
f 5748 5750 5749
f 5729 5751 5730
f 5751 5752 5730
f 5730 5752 5753
f 5752 5754 5753
f 5753 5754 5750
f 5754 5755 5750
f 5750 5755 5749
f 5756 5757 5758
f 5757 5759 5758
f 5760 5761 5762
f 5761 5763 5762
f 5764 5765 5766
f 5765 5767 5766
f 5768 5769 5770
f 5769 5771 5770
f 5772 5773 5774
f 5773 5775 5774
f 5776 5777 5778
f 5777 5779 5778
f 5778 5779 5780
f 5779 5781 5780
f 5780 5781 5782
f 5781 5783 5782
f 5784 5785 5786
f 5785 5787 5786
f 5788 5789 5790
f 5789 5791 5790
f 5790 5791 5792
f 5791 5793 5792
f 5792 5793 5794
f 5793 5795 5794
f 5794 5795 5796
f 5795 5797 5796
f 5796 5797 5798
f 5797 5799 5798
f 5798 5799 5800
f 5799 5801 5800
f 5800 5801 5802
f 5801 5803 5802
f 5802 5803 5804
f 5803 5805 5804
f 5804 5805 5806
f 5805 5807 5806
f 5806 5807 5808
f 5807 5809 5808
f 5808 5809 5810
f 5809 5811 5810
f 5810 5811 5788
f 5811 5789 5788
f 5812 5813 5814
f 5813 5815 5814
f 5293 5816 5294
f 5816 5817 5294
f 5646 5818 5647
f 5818 5819 5647
f 5647 5819 5820
f 5323 5322 5821
f 5322 5822 5821
f 5821 5822 5823
f 5822 5824 5823
f 5823 5824 5825
f 5824 5826 5825
f 5825 5826 5827
f 5826 5828 5827
f 5829 5830 5831
f 5829 5831 5832
f 5831 5833 5832
f 5832 5833 5834
f 5833 5835 5834
f 5834 5835 5836
f 5836 5835 5837
f 5835 5838 5837
f 5837 5838 5839
f 5840 5841 5842
f 5841 5843 5842
f 5844 5845 5846
f 5845 5847 5846
f 5848 5849 5850
f 5849 5851 5850
f 5852 5853 5854
f 5853 5855 5854
f 5856 5857 5858
f 5857 5859 5858
f 5860 5716 5861
f 5716 5714 5861
f 5862 5863 5864
f 5863 5865 5864
f 5866 5867 5868
f 5867 5869 5868
f 5870 5871 5872
f 5871 5873 5872
f 5874 5875 5876
f 5875 5877 5876
f 5878 5879 5875
f 5879 5873 5875
f 5875 5873 5877
f 5873 5871 5877
f 5877 5871 5880
f 5871 5881 5880
f 5882 5883 5884
f 5883 5885 5884
f 5886 5887 5888
f 5887 5889 5888
f 5890 5891 5892
f 5891 5893 5892
f 5894 5895 5896
f 5895 5897 5896
f 5898 5899 5900
f 5899 5901 5900
f 5902 5903 5904
f 5903 5905 5904
f 5906 5907 5908
f 5907 5909 5908
f 5910 5911 5912
f 5911 5913 5912
f 5912 5913 5914
f 5913 5915 5914
f 5914 5915 5916
f 5915 5917 5916
f 5916 5917 5918
f 5917 5919 5918
f 5918 5919 5920
f 5919 5921 5920
f 5920 5921 5922
f 5921 5923 5922
f 5922 5923 5924
f 5923 5925 5924
f 5924 5925 5926
f 5925 5927 5926
f 5926 5927 5928
f 5927 5929 5928
f 5928 5929 5930
f 5929 5931 5930
f 5930 5931 5932
f 5931 5933 5932
f 5932 5933 5910
f 5933 5911 5910
f 5934 5935 5936
f 5934 5936 5937
f 5936 5938 5937
f 5937 5938 5939
f 5938 5813 5939
f 5939 5813 5812
f 5817 5816 5940
f 5816 5941 5940
f 5940 5941 5942
f 5941 5943 5942
f 5942 5943 5944
f 5943 5945 5944
f 5946 5947 5948
f 5948 5949 5950
f 5950 5951 5948
f 5951 5952 5948
f 5948 5952 5946
f 5953 5954 5955
f 5954 5956 5955
f 5957 5830 5958
f 5830 5829 5958
f 5959 5960 5961
f 5960 5962 5961
f 5963 5964 5965
f 5964 5966 5965
f 5967 5968 5969
f 5967 5969 5970
f 5969 5971 5970
f 5970 5971 5972
f 5971 5973 5972
f 5972 5973 5974
f 5973 5975 5974
f 5974 5975 5976
f 5975 5977 5976
f 5976 5977 5978
f 5977 5979 5978
f 5978 5979 5980
f 5979 5981 5980
f 5980 5981 5982
f 5981 5983 5982
f 5982 5983 5984
f 5983 5985 5984
f 5984 5985 5986
f 5985 5987 5986
f 5986 5987 5988
f 5989 5990 5991
f 5990 5992 5991
f 5993 5994 5995
f 5994 5996 5995
f 5997 5998 5999
f 5997 5999 6000
f 5999 6001 6000
f 6000 6001 6002
f 6003 6004 6005
f 6004 6006 6005
f 6007 6008 6009
f 6008 6010 6009
f 6009 6010 6011
f 6010 6012 6011
f 6011 6012 6013
f 6012 6014 6013
f 6013 6014 6015
f 6014 6016 6015
f 6015 6016 6017
f 6016 6018 6017
f 6017 6018 6019
f 6018 6020 6019
f 6019 6020 6021
f 6020 6022 6021
f 6021 6022 6023
f 6022 6024 6023
f 6023 6024 6025
f 6024 6026 6025
f 6025 6026 6027
f 6026 6028 6027
f 6027 6028 6029
f 6028 6030 6029
f 6029 6030 6007
f 6030 6008 6007
f 6031 6032 6033
f 6032 6034 6033
f 6035 6036 6037
f 6035 6037 6038
f 6037 6039 6038
f 6038 6039 6040
f 6041 6042 6043
f 6043 6044 6041
f 6044 6045 6041
f 6041 6045 6046
f 6047 6048 6049
f 6048 6050 6049
f 6051 6052 6053
f 6052 6054 6053
f 6055 6056 6057
f 6056 6058 6057
f 6059 6060 6061
f 6060 6062 6061
f 6063 6064 6065
f 6064 6066 6065
f 6065 6066 6067
f 6066 6068 6067
f 6067 6068 6069
f 6068 6070 6069
f 6069 6070 6071
f 6070 6072 6071
f 6071 6072 6073
f 6072 6074 6073
f 6073 6074 6075
f 6074 6076 6075
f 6075 6076 6077
f 6076 6078 6077
f 6077 6078 6079
f 6078 6080 6079
f 6079 6080 6081
f 6080 6082 6081
f 6081 6082 6083
f 6082 6084 6083
f 6083 6084 6085
f 6084 6086 6085
f 6085 6086 6063
f 6086 6064 6063
f 6087 6088 6089
f 6088 6090 6089
f 6089 6090 6091
f 6090 6092 6091
f 6091 6092 6093
f 6092 6094 6093
f 6093 6094 6095
f 6094 6096 6095
f 6095 6096 6097
f 6096 6098 6097
f 6097 6098 6099
f 6098 6100 6099
f 6099 6100 6101
f 6100 6102 6101
f 6101 6102 6103
f 6102 6104 6103
f 6103 6104 6105
f 6104 6106 6105
f 6105 6106 6107
f 6106 6108 6107
f 6107 6108 6109
f 6108 6110 6109
f 6109 6110 6087
f 6110 6088 6087
f 5934 6111 5935
f 6111 6112 5935
f 5945 6113 5944
f 6113 6114 5944
f 6115 6116 6117
f 6117 6118 6119
f 6120 6115 6121
f 6115 6117 6121
f 6121 6117 6122
f 6117 6119 6122
f 6123 6124 6125
f 6124 6126 6125
f 6125 6126 6127
f 6126 6128 6127
f 6127 6128 6129
f 6128 6130 6129
f 6129 6130 6131
f 6130 6132 6131
f 6133 6134 6135
f 6133 6135 6136
f 6135 6137 6136
f 6136 6137 6138
f 6137 6139 6138
f 6138 6139 6140
f 6139 6141 6140
f 6140 6141 6142
f 6143 6144 6145
f 6144 6146 6145
f 6147 6148 6149
f 6148 6150 6149
f 6151 6152 6153
f 6152 6154 6153
f 6155 6156 6157
f 6156 6158 6157
f 6159 6160 6161
f 6160 6162 6161
f 6163 6164 6165
f 6163 6165 6166
f 6165 6167 6166
f 6166 6167 6168
f 6167 6169 6168
f 6168 6169 6170
f 6171 6172 6173
f 6173 6174 6171
f 6174 6175 6171
f 6171 6175 6176
f 6177 6178 6179
f 6178 6171 6179
f 6179 6171 6180
f 6171 6176 6180
f 6181 6182 6183
f 6184 6185 6181
f 6186 6187 6188
f 6189 6190 6191
f 6192 6193 6194
f 6195 6196 6197
f 6198 6199 6200
f 6201 6202 6203
f 6204 6205 6206
f 6205 6207 6206
f 6206 6207 6208
f 6209 6210 6211
f 6210 6212 6211
f 6212 6213 6211
f 6213 6206 6211
f 6211 6206 6214
f 6206 6208 6214
f 6214 6208 6215
f 6216 6217 6218
f 6213 6219 6206
f 6219 6220 6206
f 6206 6220 6221
f 6220 6222 6221
f 6221 6222 6223
f 6222 6224 6223
f 6223 6224 6225
f 6224 6218 6225
f 6225 6218 6226
f 6218 6217 6226
f 6227 6228 6229
f 6229 6228 6230
f 6215 6231 6214
f 6231 6232 6214
f 6214 6232 6233
f 6232 6234 6233
f 6233 6234 6235
f 6234 6236 6235
f 6218 6237 6216
f 6237 6238 6216
f 6216 6238 6239
f 6238 6240 6239
f 6236 6227 6235
f 6227 6229 6235
f 6235 6229 6209
f 6229 6241 6209
f 6209 6241 6210
f 6202 6242 6243
f 6244 6245 6203
f 6202 6243 6203
f 6243 6246 6203
f 6203 6246 6244
f 6242 6202 6247
f 6202 6248 6247
f 6247 6248 6249
f 6248 6250 6249
f 6249 6250 6251
f 6252 6253 6254
f 6252 6254 6255
f 6254 6256 6255
f 6255 6256 6257
f 6258 6259 6250
f 6259 6260 6250
f 6250 6260 6251
f 6258 6250 6257
f 6250 6261 6257
f 6257 6261 6255
f 6262 6263 6264
f 6263 6265 6264
f 6264 6265 6252
f 6265 6266 6252
f 6252 6266 6253
f 6240 6230 6239
f 6230 6228 6239
f 6239 6228 6267
f 6228 6268 6267
f 6267 6268 6262
f 6269 6270 6271
f 6272 6273 6274
f 6275 6271 6276
f 6271 6277 6276
f 6278 6272 6279
f 6272 6274 6279
f 6279 6274 6270
f 6274 6280 6270
f 6270 6280 6271
f 6280 6281 6271
f 6271 6281 6277
f 6282 6283 6284
f 6283 6285 6284
f 6284 6285 6286
f 6285 6287 6286
f 6287 6288 6286
f 6286 6288 6289
f 6290 6291 6199
f 6291 6292 6199
f 6199 6292 6200
f 6292 6293 6200
f 6200 6293 6294
f 6295 6296 6297
f 6296 6291 6297
f 6297 6291 6289
f 6291 6290 6289
f 6289 6290 6286
f 6290 6298 6286
f 6286 6298 6299
f 6298 6300 6299
f 6301 6302 6303
f 6304 6305 6306
f 6307 6308 6309
f 6308 6310 6309
f 6309 6310 6311
f 6310 6312 6311
f 6310 6301 6312
f 6301 6303 6312
f 6312 6303 6313
f 6303 6314 6313
f 6313 6314 6315
f 6314 6316 6315
f 6315 6316 6317
f 6316 6318 6317
f 6317 6318 6319
f 6318 6320 6319
f 6319 6320 6321
f 6320 6185 6321
f 6321 6185 6322
f 6302 6323 6303
f 6323 6324 6303
f 6303 6324 6325
f 6324 6326 6325
f 6324 6327 6326
f 6327 6328 6326
f 6326 6328 6329
f 6328 6330 6329
f 6329 6330 6331
f 6200 6182 6332
f 6332 6333 6200
f 6333 6334 6200
f 6200 6334 6198
f 6334 6331 6198
f 6198 6331 6300
f 6331 6330 6300
f 6300 6330 6299
f 6335 6336 6181
f 6336 6337 6181
f 6181 6337 6182
f 6337 6338 6182
f 6182 6338 6332
f 6320 6339 6185
f 6339 6340 6185
f 6185 6340 6181
f 6340 6341 6181
f 6181 6341 6335
f 6342 6343 6304
f 6343 6344 6304
f 6345 6346 6347
f 6346 6348 6347
f 6347 6348 6344
f 6348 6308 6344
f 6344 6308 6304
f 6308 6307 6304
f 6304 6307 6305
f 6197 6196 6349
f 6196 6350 6349
f 6349 6350 6351
f 6352 6353 6354
f 6353 6328 6354
f 6354 6328 6355
f 6328 6327 6355
f 6356 6357 6358
f 6359 6360 6361
f 6360 6362 6361
f 6363 6364 6365
f 6366 6367 6368
f 6367 6369 6368
f 6368 6369 6370
f 6371 6372 6373
f 6372 6374 6373
f 6375 6376 6377
f 6378 6379 6380
f 6379 6371 6380
f 6380 6371 6381
f 6371 6373 6381
f 6381 6373 6382
f 6373 6383 6382
f 6384 6375 6372
f 6375 6377 6372
f 6372 6377 6374
f 6377 6385 6374
f 6374 6385 6386
f 6385 6192 6386
f 6192 6194 6386
f 6194 6387 6386
f 6386 6387 6388
f 6366 6389 6390
f 6389 6388 6390
f 6390 6388 6391
f 6388 6387 6391
f 6392 6393 6394
f 6368 6395 6366
f 6395 6396 6366
f 6366 6396 6389
f 6396 6191 6389
f 6389 6191 6397
f 6191 6190 6397
f 6397 6190 6394
f 6190 6189 6394
f 6394 6189 6392
f 6398 6399 6400
f 6399 6363 6400
f 6400 6363 6401
f 6363 6365 6401
f 6401 6365 6402
f 6365 6403 6402
f 6402 6403 6357
f 6403 6404 6357
f 6357 6404 6358
f 6404 6405 6358
f 6358 6405 6367
f 6405 6406 6367
f 6367 6406 6369
f 6364 6407 6408
f 6407 6371 6408
f 6408 6371 6409
f 6371 6379 6409
f 6409 6379 6370
f 6379 6378 6370
f 6370 6378 6368
f 6358 6410 6356
f 6410 6361 6356
f 6356 6361 6411
f 6361 6362 6411
f 6411 6362 6412
f 6362 6413 6412
f 6412 6413 6398
f 6413 6414 6398
f 6398 6414 6399
f 6414 6415 6399
f 6399 6415 6416
f 6415 6417 6416
f 6417 6418 6416
f 6416 6418 6304
f 6418 6419 6304
f 6304 6419 6342
f 6203 6420 6421
f 6420 6422 6421
f 6421 6422 6278
f 6183 6423 6424
f 6294 6425 6200
f 6425 6426 6200
f 6200 6426 6182
f 6426 6427 6182
f 6182 6427 6183
f 6427 6428 6183
f 6183 6428 6423
f 6278 6279 6421
f 6279 6429 6421
f 6421 6429 6203
f 6429 6430 6203
f 6203 6430 6201
f 6430 6269 6201
f 6201 6269 6431
f 6269 6271 6431
f 6431 6271 6432
f 6271 6433 6432
f 6432 6433 6434
f 6364 6363 6407
f 6363 6399 6407
f 6407 6399 6435
f 6399 6416 6435
f 6435 6416 6436
f 6437 6438 6439
f 6440 6441 6442
f 6443 6444 6445
f 6444 6441 6445
f 6262 6264 6267
f 6264 6446 6267
f 6267 6446 6447
f 6448 6449 6446
f 6449 6450 6446
f 6446 6450 6447
f 6261 6451 6255
f 6451 6434 6255
f 6255 6434 6452
f 6434 6433 6452
f 6452 6433 6453
f 6433 6271 6453
f 6453 6271 6454
f 6299 6455 6286
f 6455 6454 6286
f 6286 6454 6284
f 6454 6271 6284
f 6284 6271 6282
f 6271 6275 6282
f 6456 6457 6458
f 6457 6353 6458
f 6458 6353 6197
f 6353 6352 6197
f 6197 6352 6195
f 6410 6456 6361
f 6456 6458 6361
f 6361 6458 6359
f 6458 6197 6359
f 6359 6197 6459
f 6197 6349 6459
f 6459 6349 6345
f 6349 6351 6345
f 6345 6351 6346
f 6306 6322 6304
f 6322 6185 6304
f 6304 6185 6416
f 6185 6184 6416
f 6416 6184 6436
f 6184 6439 6436
f 6439 6184 6437
f 6184 6181 6437
f 6437 6181 6460
f 6181 6183 6460
f 6460 6183 6420
f 6183 6424 6420
f 6420 6424 6422
f 6441 6440 6445
f 6440 6461 6445
f 6445 6461 6443
f 6438 6437 6462
f 6437 6460 6462
f 6462 6460 6463
f 6460 6420 6463
f 6463 6420 6464
f 6420 6203 6464
f 6464 6203 6206
f 6203 6245 6206
f 6206 6245 6204
f 6465 6188 6466
f 6188 6187 6466
f 6466 6187 6461
f 6187 6186 6461
f 6461 6186 6443
f 6221 6465 6206
f 6465 6466 6206
f 6206 6466 6464
f 6466 6461 6464
f 6464 6461 6463
f 6461 6440 6463
f 6463 6440 6462
f 6440 6442 6462
f 6462 6442 6438
f 6467 6468 6469
f 6468 6470 6469
f 6471 6472 6473
f 6472 6474 6473
f 6475 6476 6470
f 6476 6473 6470
f 6470 6473 6469
f 6473 6474 6469
f 6469 6474 6477
f 6474 6478 6477
f 6479 6480 6481
f 6479 6481 6482
f 6481 6483 6482
f 6482 6483 6484
f 6485 6486 6487
f 6486 6488 6487
f 6489 6490 6491
f 6490 6492 6491
f 6493 6494 6495
f 6494 6496 6495
f 6497 6498 6499
f 6498 6500 6499
f 6501 6502 6503
f 6502 6504 6503
f 6505 6506 6507
f 6508 6509 6510
f 6509 6511 6510
f 6510 6511 6512
f 6511 6513 6512
f 6512 6513 6514
f 6513 6515 6514
f 6514 6515 6516
f 6515 6517 6516
f 6516 6517 6518
f 6517 6519 6518
f 6518 6519 6520
f 6519 6521 6520
f 6520 6521 6522
f 6521 6523 6522
f 6522 6523 6524
f 6523 6525 6524
f 6524 6525 6526
f 6525 6527 6526
f 6526 6527 6528
f 6527 6529 6528
f 6528 6529 6530
f 6529 6531 6530
f 6530 6531 6508
f 6531 6509 6508
f 6532 6533 6534
f 6533 6535 6534
f 6536 6537 6538
f 6537 6539 6538
f 6540 6541 6534
f 6541 6542 6534
f 6543 6538 6544
f 6538 6534 6544
f 6544 6534 6545
f 6534 6542 6545
f 6545 6542 6546
f 6547 6548 6549
f 6548 6550 6549
f 6549 6550 6551
f 6550 6552 6551
f 6548 6553 6554
f 6553 6555 6554
f 6543 6556 6538
f 6556 6557 6538
f 6538 6557 6536
f 6557 6558 6536
f 6536 6558 6552
f 6542 6559 6546
f 6559 6560 6546
f 6546 6560 6561
f 6560 6562 6561
f 6561 6562 6547
f 6562 6563 6547
f 6547 6563 6548
f 6563 6564 6548
f 6548 6564 6553
f 6565 6554 6566
f 6554 6555 6566
f 6566 6555 6535
f 6555 6567 6535
f 6535 6567 6534
f 6567 6568 6534
f 6534 6568 6540
f 6569 6536 6570
f 6536 6552 6570
f 6570 6552 6571
f 6552 6550 6571
f 6114 6113 6572
f 6113 6573 6572
f 6572 6573 6574
f 6573 6575 6574
f 6574 6575 6576
f 6575 6577 6576
f 6576 6577 6578
f 6577 6579 6578
f 6580 6581 6582
f 6580 6582 6583
f 6582 6584 6583
f 6583 6584 6585
f 6586 6587 6132
f 6587 6131 6132
f 6588 6589 6590
f 6589 6591 6590
f 6590 6591 6592
f 6591 6593 6592
f 6592 6593 6594
f 6593 6595 6594
f 6594 6595 6596
f 6595 6597 6596
f 6596 6597 6598
f 6597 6599 6598
f 6598 6599 6600
f 6599 6601 6600
f 6600 6601 6602
f 6601 6603 6602
f 6602 6603 6604
f 6603 6605 6604
f 6604 6605 6606
f 6605 6607 6606
f 6606 6607 6608
f 6607 6609 6608
f 6608 6609 6610
f 6609 6611 6610
f 6610 6611 6588
f 6611 6589 6588
f 6612 6613 6614
f 6613 6615 6614
f 6616 6617 6618
f 6617 6619 6618
f 6620 6621 6622
f 6620 6622 6623
f 6622 6624 6623
f 6623 6624 6625
f 6624 6626 6625
f 6625 6626 6627
f 6626 6628 6627
f 6627 6628 6629
f 6628 6630 6629
f 6629 6630 6631
f 6630 6632 6631
f 6631 6632 6633
f 6632 6634 6633
f 6633 6634 6635
f 6634 6636 6635
f 6635 6636 6637
f 6636 6638 6637
f 6637 6638 6639
f 6638 6640 6639
f 6639 6640 6641
f 6642 6643 6644
f 6643 6645 6644
f 6646 6647 6648
f 6647 6649 6648
f 6650 6651 6652
f 6650 6652 6653
f 6652 6654 6653
f 6653 6654 6655
f 6656 6657 6658
f 6657 6659 6658
f 6660 6661 6662
f 6663 6664 6665
f 6666 6667 6665
f 6667 6660 6665
f 6665 6660 6663
f 6660 6662 6663
f 6668 6669 6670
f 6668 6670 6671
f 6670 6672 6671
f 6671 6672 6673
f 6674 6675 6676
f 6675 6677 6676
f 6678 6679 6680
f 6679 6681 6680
f 6682 6683 6684
f 6683 6685 6684
f 6686 6687 6688
f 6689 6690 6688
f 6690 6691 6688
f 6688 6691 6686
f 6692 6693 6694
f 6693 6695 6694
f 6696 6697 6698
f 6699 6700 6701
f 6700 6702 6701
f 6701 6702 6703
f 6704 6705 6706
f 6705 6707 6706
f 6706 6707 6708
f 6709 6699 6710
f 6699 6701 6710
f 6710 6701 6711
f 6701 6712 6711
f 6711 6712 6713
f 6712 6714 6713
f 6713 6714 6715
f 6696 6698 6707
f 6698 6716 6707
f 6707 6716 6708
f 6704 6717 6705
f 6717 6718 6705
f 6705 6718 6719
f 6718 6703 6719
f 6719 6703 6720
f 6703 6702 6720
f 6721 6722 6723
f 6722 6721 6724
f 6721 6725 6724
f 6724 6725 6726
f 6725 6727 6726
f 6726 6727 6728
f 6729 6730 6731
f 6730 6721 6731
f 6731 6721 6732
f 6721 6723 6732
f 6733 6734 6735
f 6734 6728 6735
f 6735 6728 6736
f 6728 6727 6736
f 6737 6738 6739
f 6738 6740 6739
f 6579 6741 6578
f 6741 6742 6578
f 6743 6744 6745
f 6744 6746 6745
f 6745 6746 6747
f 6746 6748 6747
f 6747 6748 6749
f 6748 6750 6749
f 6749 6750 6751
f 6750 6752 6751
f 6751 6752 6753
f 6752 6754 6753
f 6753 6754 6755
f 6754 6756 6755
f 6755 6756 6757
f 6756 6758 6757
f 6757 6758 6759
f 6758 6760 6759
f 6759 6760 6761
f 6760 6762 6761
f 6761 6762 6763
f 6762 6764 6763
f 6763 6764 6765
f 6764 6766 6765
f 6765 6766 6743
f 6766 6744 6743
f 6767 6768 6769
f 6768 6767 6770
f 6771 6772 6773
f 6774 6775 6776
f 6777 6778 6779
f 6780 6781 6782
f 6783 6784 6785
f 6786 6787 6788
f 6789 6790 6791
f 6792 6793 6794
f 6793 6795 6794
f 6794 6795 6796
f 6795 6797 6796
f 6796 6797 6798
f 6797 6799 6798
f 6792 6800 6791
f 6800 6801 6791
f 6791 6801 6802
f 6803 6804 6802
f 6805 6806 6807
f 6806 6808 6807
f 6807 6808 6809
f 6810 6811 6812
f 6813 6814 6815
f 6814 6816 6815
f 6815 6816 6817
f 6812 6809 6810
f 6809 6808 6810
f 6810 6808 6818
f 6808 6819 6818
f 6820 6821 6786
f 6821 6822 6786
f 6786 6822 6787
f 6822 6823 6787
f 6787 6823 6788
f 6823 6813 6788
f 6824 6825 6826
f 6802 6804 6791
f 6804 6827 6791
f 6791 6827 6789
f 6827 6828 6789
f 6789 6828 6829
f 6828 6817 6829
f 6829 6817 6826
f 6817 6816 6826
f 6826 6816 6824
f 6802 6830 6803
f 6830 6831 6803
f 6803 6831 6832
f 6833 6834 6835
f 6834 6836 6835
f 6800 6837 6838
f 6839 6840 6838
f 6840 6841 6838
f 6838 6841 6800
f 6841 6842 6800
f 6800 6842 6801
f 6843 6844 6845
f 6846 6847 6848
f 6847 6843 6848
f 6848 6843 6849
f 6843 6845 6849
f 6850 6851 6852
f 6852 6853 6837
f 6853 6854 6837
f 6837 6854 6838
f 6855 6853 6856
f 6853 6852 6856
f 6856 6852 6857
f 6852 6851 6857
f 6857 6851 6846
f 6851 6858 6846
f 6846 6858 6847
f 6859 6860 6861
f 6860 6862 6861
f 6861 6862 6863
f 6862 6864 6863
f 6864 6865 6863
f 6865 6866 6863
f 6863 6866 6867
f 6868 6869 6778
f 6866 6868 6867
f 6868 6778 6867
f 6867 6778 6870
f 6778 6777 6870
f 6870 6777 6871
f 6872 6873 6874
f 6873 6875 6874
f 6874 6875 6876
f 6875 6877 6876
f 6876 6877 6878
f 6877 6879 6878
f 6878 6879 6880
f 6879 6881 6880
f 6880 6881 6882
f 6883 6884 6885
f 6884 6886 6885
f 6885 6886 6887
f 6886 6835 6887
f 6887 6835 6839
f 6835 6836 6839
f 6839 6836 6840
f 6856 6888 6855
f 6888 6889 6855
f 6855 6889 6890
f 6889 6891 6890
f 6890 6891 6892
f 6891 6893 6892
f 6892 6893 6894
f 6895 6896 6897
f 6896 6898 6897
f 6897 6898 6859
f 6898 6899 6859
f 6859 6899 6860
f 6900 6901 6902
f 6901 6903 6902
f 6902 6903 6904
f 6905 6906 6775
f 6905 6775 6907
f 6908 6909 6910
f 6909 6775 6910
f 6910 6775 6911
f 6775 6906 6911
f 6903 6912 6904
f 6912 6913 6904
f 6904 6913 6914
f 6869 6783 6778
f 6783 6785 6778
f 6778 6785 6779
f 6785 6915 6779
f 6779 6915 6774
f 6915 6916 6774
f 6774 6916 6775
f 6916 6914 6775
f 6775 6914 6907
f 6914 6913 6907
f 6917 6918 6919
f 6918 6920 6919
f 6773 6772 6918
f 6772 6921 6918
f 6918 6921 6920
f 6909 6922 6923
f 6924 6925 6772
f 6925 6926 6772
f 6772 6926 6921
f 6927 6928 6929
f 6928 6930 6929
f 6929 6930 6931
f 6930 6932 6931
f 6933 6922 6934
f 6922 6909 6934
f 6934 6909 6935
f 6909 6908 6935
f 6933 6934 6936
f 6934 6928 6936
f 6936 6928 6937
f 6928 6927 6937
f 6937 6927 6938
f 6939 6940 6941
f 6942 6943 6944
f 6945 6946 6947
f 6948 6949 6941
f 6949 6950 6941
f 6941 6950 6939
f 6950 6951 6939
f 6943 6952 6944
f 6952 6953 6944
f 6944 6953 6954
f 6953 6955 6954
f 6954 6955 6956
f 6946 6957 6947
f 6957 6958 6947
f 6947 6958 6948
f 6958 6959 6948
f 6948 6959 6949
f 6960 6961 6947
f 6961 6962 6947
f 6947 6962 6945
f 6963 6964 6965
f 6964 6961 6965
f 6965 6961 6966
f 6961 6960 6966
f 6939 6967 6968
f 6940 6939 6969
f 6939 6968 6969
f 6969 6968 6970
f 6951 6971 6939
f 6971 6972 6939
f 6939 6972 6967
f 6972 6973 6967
f 6967 6973 6974
f 6975 6976 6977
f 6976 6967 6977
f 6977 6967 6978
f 6967 6974 6978
f 6917 6979 6918
f 6979 6980 6918
f 6918 6980 6981
f 6980 6982 6981
f 6981 6982 6983
f 6949 6942 6950
f 6942 6944 6950
f 6950 6944 6984
f 6919 6985 6917
f 6985 6986 6917
f 6917 6986 6979
f 6986 6951 6979
f 6979 6951 6987
f 6951 6950 6987
f 6987 6950 6988
f 6950 6984 6988
f 6988 6984 6989
f 6990 6991 6944
f 6991 6992 6944
f 6944 6992 6984
f 6993 6994 6995
f 6994 6996 6995
f 6997 6998 6999
f 6998 7000 6999
f 6999 7000 7001
f 6980 7002 6982
f 7002 7003 6982
f 6982 7003 7004
f 7004 7003 7005
f 7003 6998 7005
f 7005 6998 7006
f 6998 6997 7006
f 7006 6997 6996
f 6997 7007 6996
f 6996 7007 6995
f 7008 7009 7010
f 7011 7012 7013
f 7012 7008 7013
f 7013 7008 7014
f 7014 7008 7015
f 7008 7010 7015
f 7015 7010 7016
f 7017 7012 7018
f 7012 7011 7018
f 7018 7011 7019
f 7004 6780 6982
f 6780 6782 6982
f 6982 6782 6983
f 6782 7020 6983
f 6983 7020 7021
f 7020 7019 7021
f 7022 6993 7023
f 6993 7024 7023
f 7023 7024 7025
f 6993 6995 7024
f 6995 7026 7024
f 7024 7026 7025
f 7027 7028 7029
f 7029 7026 7027
f 7026 6995 7027
f 7027 6995 7030
f 6995 7031 7030
f 7007 6991 6995
f 6991 6990 6995
f 6995 6990 7031
f 6990 7032 7031
f 7031 7032 7033
f 7032 7034 7033
f 7033 7034 7035
f 7008 7029 7009
f 7029 7028 7009
f 7009 7028 7036
f 7028 7037 7036
f 7036 7037 7038
f 7037 7033 7038
f 7038 7033 7039
f 7033 7035 7039
f 7040 7041 7042
f 6816 7043 7044
f 7044 7045 6816
f 7045 7046 6816
f 6816 7046 6824
f 7046 7047 6824
f 6824 7047 7041
f 7047 7048 7041
f 7041 7048 7042
f 6799 7049 7050
f 7051 6798 7052
f 6798 6799 7052
f 7052 6799 7053
f 6799 7050 7053
f 7053 7050 7054
f 7050 7040 7054
f 7054 7040 7055
f 7040 7042 7055
f 6932 7056 7057
f 7056 7058 7057
f 7058 7059 7057
f 7057 7059 6900
f 7059 7060 6900
f 6900 7060 6901
f 7061 7062 6814
f 7062 7063 6814
f 6814 7063 6816
f 7063 7064 6816
f 7064 7065 6816
f 7065 7066 6816
f 6816 7066 7043
f 6823 6819 6813
f 6819 6808 6813
f 6813 6808 6814
f 6808 6806 6814
f 6814 6806 7061
f 6806 7067 7061
f 7061 7067 7068
f 6874 6871 6872
f 6871 6777 6872
f 6872 6777 6883
f 6777 7069 6883
f 6883 7069 6884
f 7069 7070 6884
f 6776 6775 6771
f 6775 6909 6771
f 6771 6909 6772
f 6909 6923 6772
f 6772 6923 6924
f 7013 7071 7011
f 7071 7072 7011
f 7011 7072 7073
f 7073 7074 7011
f 7074 7075 7011
f 7011 7075 7019
f 7075 7076 7019
f 7019 7076 7021
f 7077 7078 6769
f 7078 7079 6769
f 6769 7079 6767
f 6792 6794 6800
f 6794 7080 6800
f 6800 7080 6837
f 7080 7081 6837
f 6837 7081 6852
f 7081 7082 6852
f 6852 7082 7083
f 7082 7084 7083
f 7083 7084 7085
f 7086 7032 7087
f 7032 6990 7087
f 7087 6990 7088
f 6990 6944 7088
f 7088 6944 7057
f 6944 6954 7057
f 7057 6954 6932
f 6954 6956 6932
f 6932 6956 6931
f 7089 7086 7090
f 7086 7087 7090
f 7090 7087 7091
f 7087 7088 7091
f 7091 7088 7092
f 7088 7057 7092
f 7092 7057 6897
f 7057 6900 6897
f 6897 6900 6895
f 6900 6902 6895
f 7084 7078 7085
f 7078 7077 7085
f 7085 7077 7083
f 7077 7093 7083
f 7083 7093 6852
f 7093 7094 6852
f 6852 7094 6850
f 7094 7095 6850
f 6770 7089 6768
f 7089 7090 6768
f 6768 7090 6769
f 7090 7091 6769
f 6769 7091 7077
f 7091 7092 7077
f 7077 7092 7093
f 7092 6897 7093
f 7093 6897 7094
f 6897 6859 7094
f 7094 6859 7095
f 6859 6861 7095
f 6841 7096 6842
f 7096 6833 6842
f 6842 6833 7097
f 6833 6835 7097
f 7097 6835 6805
f 6835 6886 6805
f 6805 6886 6806
f 6886 6884 6806
f 6806 6884 7067
f 6884 7070 7067
f 7067 7070 7068
f 7098 7099 7100
f 7098 7100 7101
f 7100 7102 7101
f 7101 7102 7103
f 7102 7104 7103
f 7103 7104 7105
f 7104 7106 7105
f 7105 7106 7107
f 7108 7109 7110
f 7109 7111 7110
f 7112 7113 7114
f 7113 7115 7114
f 7116 7117 7118
f 7116 7118 7119
f 7118 7120 7119
f 7119 7120 7121
f 7120 7122 7121
f 7121 7122 7123
f 7122 7124 7123
f 7123 7124 7125
f 7124 7126 7125
f 7125 7126 7127
f 7126 7128 7127
f 7127 7128 7129
f 7128 7130 7129
f 7129 7130 7131
f 7130 7132 7131
f 7131 7132 7133
f 7132 7134 7133
f 7133 7134 7135
f 7136 7137 7138
f 7137 7139 7138
f 7140 7141 7142
f 7141 7143 7142
f 7144 7145 7146
f 7145 7147 7146
f 7148 7149 7150
f 7149 7151 7150
f 7150 7151 7152
f 7151 7153 7152
f 7152 7153 7154
f 7153 7155 7154
f 7154 7155 7156
f 7155 7157 7156
f 7156 7157 7158
f 7157 7159 7158
f 7158 7159 7160
f 7159 7161 7160
f 7160 7161 7162
f 7161 7163 7162
f 7162 7163 7164
f 7163 7165 7164
f 7164 7165 7166
f 7165 7167 7166
f 7166 7167 7168
f 7167 7169 7168
f 7168 7169 7170
f 7169 7171 7170
f 7170 7171 7148
f 7171 7149 7148
f 7172 7173 7174
f 7173 7175 7174
f 7174 7175 7176
f 7175 7177 7176
f 7175 7178 7177
f 7178 7179 7177
f 7177 7179 7180
f 7179 7181 7180
f 7180 7181 7182
f 7181 7183 7182
f 7182 7183 7184
f 7183 7185 7184
f 7184 7185 7186
f 7185 7187 7186
f 7186 7187 7188
f 7187 7189 7188
f 7188 7189 7190
f 7189 7191 7190
f 7190 7191 7192
f 7193 7194 7195
f 7194 7190 7195
f 7195 7190 7196
f 7190 7192 7196
f 7196 7192 7197
f 7198 7199 7200
f 7199 7201 7200
f 7200 7201 7202
f 7201 7203 7202
f 7202 7203 7204
f 7203 7205 7204
f 7204 7205 7206
f 7205 7207 7206
f 7206 7207 7208
f 7207 7209 7208
f 7208 7209 7210
f 7209 7211 7210
f 7210 7211 7212
f 7211 7213 7212
f 7212 7213 7193
f 7213 7214 7193
f 7193 7214 7194
f 7215 7216 7217
f 7216 7218 7217
f 7217 7218 7219
f 7218 7220 7219
f 7219 7220 7221
f 7220 7222 7221
f 7223 7224 7225
f 7224 7226 7225
f 7227 7228 7229
f 7228 7230 7229
f 7231 7232 7233
f 7232 7234 7233
f 7235 7236 7237
f 7236 7238 7237
f 7237 7238 7239
f 7238 7240 7239
f 7241 7242 7243
f 7242 7244 7243
f 7243 7244 7245
f 7244 7246 7245
f 7245 7246 7247
f 7246 7248 7247
f 7247 7248 7249
f 7248 7250 7249
f 7249 7250 7251
f 7250 7252 7251
f 7251 7252 7253
f 7252 7254 7253
f 7253 7254 7255
f 7254 7256 7255
f 7255 7256 7257
f 7256 7258 7257
f 7257 7258 7259
f 7258 7260 7259
f 7259 7260 7261
f 7260 7262 7261
f 7261 7262 7263
f 7262 7264 7263
f 7263 7264 7241
f 7264 7242 7241
f 7265 7266 7267
f 7266 7268 7267
f 7267 7268 7269
f 7270 7271 7267
f 7271 7272 7267
f 7267 7272 7265
f 7273 7274 7267
f 7274 7275 7267
f 7267 7275 7270
f 7269 7276 7267
f 7276 7277 7267
f 7267 7277 7273
f 7278 7279 7280
f 7280 7281 7278
f 7281 7282 7278
f 7278 7282 7283
f 7282 7284 7283
f 7283 7284 7285
f 7286 7287 7288
f 7287 7283 7288
f 7288 7283 7289
f 7283 7285 7289
f 7289 7285 7290
f 7291 7292 7293
f 7291 7293 7294
f 7293 7295 7294
f 7294 7295 7296
f 7295 7297 7296
f 7296 7297 7298
f 7297 6740 7298
f 7298 6740 6738
f 7299 7300 7301
f 7300 7302 7301
f 7301 7302 6741
f 7302 6742 6741
f 7303 7304 7305
f 7304 7306 7305
f 7305 7306 7307
f 7306 7308 7307
f 7307 7308 7309
f 7308 7310 7309
f 7309 7310 7311
f 7310 7312 7311
f 7311 7312 7313
f 7312 7314 7313
f 7313 7314 7315
f 7314 7316 7315
f 7315 7316 7317
f 7316 7318 7317
f 7317 7318 7319
f 7318 7320 7319
f 7319 7320 7321
f 7320 7322 7321
f 7321 7322 7323
f 7322 7324 7323
f 7323 7324 7325
f 7324 7326 7325
f 7325 7326 7303
f 7326 7304 7303
f 7327 7328 7329
f 7328 7330 7329
f 7329 7330 7331
f 7330 7332 7331
f 7331 7332 7333
f 7332 7334 7333
f 7333 7334 7335
f 7334 7336 7335
f 7335 7336 7337
f 7336 7338 7337
f 7337 7338 7339
f 7338 7340 7339
f 7339 7340 7341
f 7340 7342 7341
f 7341 7342 7343
f 7342 7344 7343
f 7343 7344 7345
f 7344 7346 7345
f 7345 7346 7347
f 7346 7348 7347
f 7347 7348 7349
f 7348 7350 7349
f 7349 7350 7327
f 7350 7328 7327
f 7351 7352 7353
f 7352 7354 7353
f 7353 7354 7355
f 7354 7356 7355
f 7355 7356 7357
f 7356 7358 7357
f 7357 7358 7359
f 7358 7360 7359
f 7359 7360 7361
f 7360 7362 7361
f 7361 7362 7363
f 7362 7364 7363
f 7363 7364 7365
f 7364 7366 7365
f 7365 7366 7367
f 7366 7368 7367
f 7367 7368 7369
f 7368 7370 7369
f 7369 7370 7371
f 7370 7372 7371
f 7371 7372 7373
f 7372 7374 7373
f 7373 7374 7351
f 7374 7352 7351
f 7375 7376 7377
f 7376 7378 7377
f 7379 7380 7381
f 7380 7382 7381
f 7383 7384 7385
f 7384 7386 7385
f 7387 7388 7389
f 7388 7390 7389
f 7391 7392 7393
f 7392 7394 7393
f 7395 7396 7397
f 7396 7398 7397
f 7399 7400 7401
f 7400 7402 7401
f 7401 7402 7403
f 7402 7404 7403
f 7403 7404 7405
f 7404 7406 7405
f 7405 7406 7407
f 7406 7408 7407
f 7407 7408 7409
f 7408 7410 7409
f 7409 7410 7411
f 7410 7412 7411
f 7411 7412 7413
f 7412 7414 7413
f 7413 7414 7415
f 7414 7416 7415
f 7415 7416 7417
f 7416 7418 7417
f 7417 7418 7419
f 7418 7420 7419
f 7419 7420 7421
f 7420 7422 7421
f 7421 7422 7399
f 7422 7400 7399
f 7423 7424 7425
f 7426 7427 7428
f 7425 7424 7429
f 7424 7430 7429
f 7430 7431 7429
f 7429 7431 7432
f 7431 7433 7432
f 7432 7433 7434
f 7433 7435 7434
f 7434 7435 7436
f 7435 7437 7436
f 7436 7437 7438
f 7437 7439 7438
f 7438 7439 7440
f 7439 7441 7440
f 7440 7441 7442
f 7441 7443 7442
f 7442 7443 7444
f 7443 7445 7444
f 7444 7445 7446
f 7425 7426 7423
f 7426 7428 7423
f 7423 7428 7447
f 7428 7446 7447
f 7447 7446 7448
f 7446 7445 7448
f 7449 7450 7451
f 7450 7452 7451
f 7453 7454 7455
f 7454 7456 7455
f 7457 7458 7459
f 7458 7460 7459
f 7461 7462 7463
f 7461 7463 7464
f 7463 7465 7464
f 7464 7465 7466
f 7467 7468 7469
f 7467 7469 7470
f 7469 7471 7470
f 7470 7471 7472
f 7473 7474 7475
f 7474 7476 7475
f 7475 7476 7477
f 7476 7478 7477
f 7477 7478 7479
f 7478 7480 7479
f 7479 7480 7481
f 7480 7482 7481
f 7481 7482 7483
f 7482 7484 7483
f 7483 7484 7485
f 7484 7486 7485
f 7485 7486 7487
f 7486 7488 7487
f 7487 7488 7489
f 7488 7490 7489
f 7489 7490 7491
f 7490 7492 7491
f 7491 7492 7493
f 7492 7494 7493
f 7493 7494 7495
f 7494 7496 7495
f 7495 7496 7473
f 7496 7474 7473
f 7497 7498 7499
f 7500 7501 7502
f 7501 7503 7502
f 7502 7503 7504
f 7503 7497 7504
f 7504 7497 7505
f 7497 7499 7505
f 7506 7507 7508
f 7507 7509 7508
f 7508 7509 7510
f 7509 7511 7510
f 7510 7511 7512
f 7511 7513 7512
f 7512 7513 7514
f 7513 7515 7514
f 7514 7515 7516
f 7515 7517 7516
f 7516 7517 7518
f 7517 7519 7518
f 7518 7519 7520
f 7519 7521 7520
f 7520 7521 7522
f 7521 7523 7522
f 7522 7523 7524
f 7523 7525 7524
f 7524 7525 7526
f 7525 7527 7526
f 7526 7527 7528
f 7527 7529 7528
f 7528 7529 7506
f 7529 7507 7506
f 7530 7292 7531
f 7292 7291 7531
f 7532 7533 7534
f 7532 7534 7535
f 7534 7300 7535
f 7535 7300 7299
f 7536 7537 7538
f 7539 7540 7541
f 7540 7542 7541
f 7541 7542 7543
f 7542 7544 7543
f 7538 7537 7545
f 7537 7546 7545
f 7546 7547 7545
f 7545 7547 7548
f 7544 7542 7549
f 7542 7550 7549
f 7549 7550 7548
f 6582 7551 7538
f 7551 7552 7538
f 7538 7552 7536
f 7548 7550 7545
f 7550 7553 7545
f 7545 7553 7554
f 7553 7555 7554
f 7554 7555 7556
f 7557 7558 7559
f 7560 7561 7559
f 7561 7562 7559
f 7559 7562 7557
f 7559 7563 7560
f 7563 7564 7560
f 7560 7564 7565
f 7565 7564 7566
f 7564 5515 7566
f 7566 5515 5517
f 7567 5839 7568
f 5839 5838 7568
f 7569 7570 7571
f 7570 7572 7571
f 7573 7574 7575
f 7574 7576 7575
f 7577 7578 7579
f 7577 7579 7580
f 7579 7581 7580
f 7580 7581 7582
f 7581 7583 7582
f 7582 7583 7584
f 7583 7585 7584
f 7584 7585 7586
f 7585 7587 7586
f 7586 7587 7588
f 7587 7589 7588
f 7588 7589 7590
f 7589 7591 7590
f 7590 7591 7592
f 7591 7593 7592
f 7592 7593 7594
f 7593 7595 7594
f 7594 7595 7596
f 7595 7597 7596
f 7596 7597 7598
f 7597 7599 7598
f 7598 7599 7600
f 7601 7602 7603
f 7602 7604 7603
f 7605 7606 7607
f 7606 7608 7607
f 7609 7610 7611
f 7610 7612 7611
f 7613 7614 7615
f 7614 7616 7615
f 7615 7616 7617
f 7616 7618 7617
f 7617 7618 7619
f 7618 7620 7619
f 7619 7620 7621
f 7620 7622 7621
f 7621 7622 7623
f 7622 7624 7623
f 7623 7624 7625
f 7624 7626 7625
f 7625 7626 7627
f 7626 7628 7627
f 7627 7628 7629
f 7628 7630 7629
f 7629 7630 7631
f 7630 7632 7631
f 7631 7632 7633
f 7632 7634 7633
f 7633 7634 7635
f 7634 7636 7635
f 7635 7636 7613
f 7636 7614 7613
f 7637 7638 7639
f 7638 7640 7639
f 7641 7642 7643
f 7642 7644 7643
f 7643 7644 7645
f 7644 7646 7645
f 7645 7646 7647
f 7637 7639 7648
f 7639 7649 7648
f 7648 7649 7650
f 7649 7651 7650
f 7650 7651 7647
f 7651 7652 7647
f 7647 7652 7645
f 7653 7654 7655
f 7654 7656 7655
f 7657 7658 7659
f 7658 7660 7659
f 7661 7662 7663
f 7662 7664 7663
f 7665 7666 7667
f 7666 7668 7667
f 7669 7670 7671
f 7670 7672 7671
f 7673 7674 7675
f 7674 7676 7675
f 7675 7676 7677
f 7676 7678 7677
f 7677 7678 7679
f 7678 7680 7679
f 7679 7680 7681
f 7680 7682 7681
f 7681 7682 7683
f 7682 7684 7683
f 7683 7684 7685
f 7684 7686 7685
f 7685 7686 7687
f 7686 7688 7687
f 7687 7688 7689
f 7688 7690 7689
f 7689 7690 7691
f 7690 7692 7691
f 7691 7692 7693
f 7692 7694 7693
f 7693 7694 7695
f 7694 7696 7695
f 7695 7696 7673
f 7696 7674 7673
f 7697 7698 7699
f 7698 7700 7699
f 7701 7702 7703
f 7702 7704 7703
f 7703 7704 7705
f 7704 7706 7705
f 7705 7706 7707
f 7706 7708 7707
f 7707 7708 7709
f 7708 7710 7709
f 7709 7710 7711
f 7710 7712 7711
f 7711 7712 7713
f 7712 7714 7713
f 7713 7714 7715
f 7714 7716 7715
f 7715 7716 7717
f 7716 7718 7717
f 7717 7718 7719
f 7718 7720 7719
f 7719 7720 7721
f 7720 7722 7721
f 7721 7722 7723
f 7722 7724 7723
f 7723 7724 7701
f 7724 7702 7701
f 7555 7725 7726
f 7726 7727 7555
f 7727 7728 7555
f 7555 7728 7556
f 7729 7730 7731
f 7730 7556 7731
f 7731 7556 7732
f 7556 7728 7732
f 7733 7533 7734
f 7533 7532 7734
f 7735 6142 7736
f 6142 6141 7736
f 7736 6141 7737
f 7738 7558 7739
f 7558 7557 7739
f 7740 7741 7742
f 7741 7743 7742
f 7744 7745 7746
f 7745 7747 7746
f 7748 7749 7750
f 7749 7751 7750
f 7752 7753 7754
f 7753 7755 7754
f 7756 7757 7758
f 7757 7759 7758
f 7760 7761 7762
f 7761 7763 7762
f 7764 7765 7766
f 7765 7767 7766
f 6134 6133 7106
f 6133 7107 7106
f 7768 7769 7770
f 7769 7771 7770
f 7772 7773 7774
f 7775 7776 7774
f 7776 7777 7774
f 7774 7777 7772
f 7778 7779 7780
f 7779 7781 7780
f 7782 7783 7784
f 7783 7785 7784
f 7786 7787 7788
f 7787 7789 7788
f 7790 7791 7792
f 7791 7793 7792
f 7794 7795 7796
f 7795 7797 7796
f 7796 7797 7798
f 7797 7799 7798
f 7798 7799 7800
f 7799 7801 7800
f 7800 7801 7802
f 7801 7803 7802
f 7802 7803 7804
f 7803 7805 7804
f 7804 7805 7806
f 7805 7807 7806
f 7806 7807 7808
f 7807 7809 7808
f 7808 7809 7810
f 7809 7811 7810
f 7810 7811 7812
f 7811 7813 7812
f 7812 7813 7814
f 7813 7815 7814
f 7814 7815 7816
f 7815 7817 7816
f 7816 7817 7794
f 7817 7795 7794
f 7818 7819 7820
f 7821 7822 7823
f 7822 7824 7823
f 7825 7823 7826
f 7823 7824 7826
f 7826 7824 7820
f 7824 7827 7820
f 7820 7827 7818
f 7827 7828 7818
f 7829 7830 7831
f 7830 7832 7831
f 7831 7832 7833
f 7832 7834 7833
f 7833 7834 7835
f 7834 7836 7835
f 7835 7836 7837
f 7836 7838 7837
f 7837 7838 7839
f 7838 7840 7839
f 7839 7840 7841
f 7840 7842 7841
f 7841 7842 7843
f 7842 7844 7843
f 7843 7844 7845
f 7844 7846 7845
f 7845 7846 7847
f 7846 7848 7847
f 7847 7848 7849
f 7848 7850 7849
f 7849 7850 7851
f 7850 7852 7851
f 7851 7852 7829
f 7852 7830 7829
f 7853 7854 7855
f 7853 7855 7856
f 7855 7857 7856
f 7856 7857 7858
f 7857 7859 7858
f 7858 7859 7860
f 7733 7734 7861
f 7734 7862 7861
f 7861 7862 7863
f 7862 7864 7863
f 7863 7864 7865
f 7864 7866 7865
f 7867 7868 7869
f 7867 7869 7870
f 7871 7872 7873
f 7872 7869 7873
f 7873 7869 7874
f 7869 7868 7874
f 7875 7876 7877
f 7876 7878 7877
f 7877 7878 7879
f 7878 7880 7879
f 7879 7880 7881
f 7869 7882 7870
f 7882 7883 7870
f 7870 7883 7880
f 7883 7884 7880
f 7880 7884 7881
f 7871 7885 7872
f 7885 7886 7872
f 7872 7886 7887
f 7886 7888 7887
f 7887 7888 7889
f 7888 7876 7889
f 7889 7876 7890
f 7876 7875 7890
f 7891 7567 7568
f 7891 7568 7892
f 7568 7893 7892
f 7893 7894 7892
f 7892 7894 7895
f 7738 7739 7894
f 7739 7896 7894
f 7894 7896 7895
f 7897 7898 5545
f 7898 5546 5545
f 7899 7900 7901
f 7900 7902 7901
f 7903 7904 7905
f 7904 7906 7905
f 7907 7908 7909
f 7908 7910 7909
f 7911 7912 7913
f 7912 7914 7913
f 7915 7916 7917
f 7916 7918 7917
f 7919 7920 7921
f 7920 7922 7921
f 7923 7924 7925
f 7924 7926 7925
f 7925 7926 7927
f 7926 7928 7927
f 7927 7928 7929
f 7928 7930 7929
f 7929 7930 7931
f 7930 7932 7931
f 7931 7932 7933
f 7932 7934 7933
f 7933 7934 7935
f 7934 7936 7935
f 7935 7936 7937
f 7936 7938 7937
f 7937 7938 7939
f 7938 7940 7939
f 7939 7940 7941
f 7940 7942 7941
f 7941 7942 7943
f 7942 7944 7943
f 7943 7944 7945
f 7944 7946 7945
f 7945 7946 7923
f 7946 7924 7923
f 7947 7948 7949
f 7948 7950 7949
f 7949 7950 7951
f 7950 7952 7951
f 7951 7952 7953
f 7954 7955 7956
f 7955 7957 7956
f 7956 7957 7958
f 7957 7959 7958
f 7958 7959 7960
f 7959 7961 7960
f 7960 7961 7953
f 7961 7962 7953
f 7953 7962 7951
f 7963 7964 7965
f 7964 7966 7965
f 7965 7966 7967
f 7966 7968 7967
f 7969 7970 7971
f 7970 7972 7971
f 7973 7974 7975
f 7974 7976 7975
f 7977 7978 7979
f 7978 7980 7979
f 7981 7982 7983
f 7982 7984 7983
f 7983 7984 7985
f 7984 7986 7985
f 7987 7988 7989
f 7988 7990 7989
f 7989 7990 7991
f 7990 7992 7991
f 7991 7992 7993
f 7992 7994 7993
f 7993 7994 7995
f 7994 7996 7995
f 7995 7996 7997
f 7996 7998 7997
f 7997 7998 7999
f 7998 8000 7999
f 7999 8000 8001
f 8000 8002 8001
f 8001 8002 8003
f 8002 8004 8003
f 8003 8004 8005
f 8004 8006 8005
f 8005 8006 8007
f 8006 8008 8007
f 8007 8008 8009
f 8008 8010 8009
f 8009 8010 7987
f 8010 7988 7987
f 8011 8012 8013
f 8012 8014 8013
f 8015 8016 8017
f 8016 8018 8017
f 8017 8018 8019
f 8018 8020 8019
f 8019 8020 8021
f 8020 8022 8021
f 8021 8022 8023
f 8022 8024 8023
f 8023 8024 8025
f 8024 8026 8025
f 8025 8026 8027
f 8026 8028 8027
f 8027 8028 8029
f 8028 8030 8029
f 8029 8030 8031
f 8030 8032 8031
f 8031 8032 8033
f 8032 8034 8033
f 8033 8034 8035
f 8034 8036 8035
f 8035 8036 8037
f 8036 8038 8037
f 8037 8038 8015
f 8038 8016 8015
f 8039 8040 7859
f 8040 7860 7859
f 8041 7865 8042
f 7865 7866 8042
f 8043 7099 7853
f 7099 7098 7853
f 7853 7098 7854
f 6659 6657 8044
f 6659 8044 8045
f 8044 8046 8045
f 8045 8046 8047
f 8046 5659 8047
f 8047 5659 5657
f 8048 8049 8050
f 8049 8051 8050
f 8052 8053 8054
f 8053 8055 8054
f 8056 8057 8058
f 8057 8059 8058
f 8060 8061 8062
f 8060 8062 8063
f 8062 8064 8063
f 8063 8064 8065
f 8064 8066 8065
f 8065 8066 8067
f 8066 8068 8067
f 8067 8068 8069
f 8070 8071 8072
f 8071 8073 8072
f 8074 8075 8076
f 8075 8077 8076
f 8078 8079 7920
f 8079 7922 7920
f 8080 8081 8082
f 8081 8083 8082
f 8082 8083 8084
f 8083 8085 8084
f 8084 8085 8086
f 8085 8087 8086
f 8086 8087 8088
f 8087 8089 8088
f 8088 8089 8090
f 8089 8091 8090
f 8090 8091 8092
f 8091 8093 8092
f 8092 8093 8094
f 8093 8095 8094
f 8094 8095 8096
f 8095 8097 8096
f 8096 8097 8098
f 8097 8099 8098
f 8098 8099 8100
f 8099 8101 8100
f 8100 8101 8102
f 8101 8103 8102
f 8102 8103 8080
f 8103 8081 8080
f 8104 8105 8106
f 8105 8107 8106
f 8106 8107 8108
f 8107 8109 8108
f 8108 8109 8110
f 8109 8111 8110
f 8110 8111 8112
f 8111 8113 8112
f 8112 8113 8114
f 8113 8115 8114
f 8114 8115 8116
f 8115 8117 8116
f 8116 8117 8118
f 8117 8119 8118
f 8118 8119 8120
f 8119 8121 8120
f 8120 8121 8122
f 8121 8123 8122
f 8122 8123 8124
f 8123 8125 8124
f 8124 8125 8126
f 8125 8127 8126
f 8126 8127 8104
f 8127 8105 8104
f 8128 8129 8130
f 8128 8130 8131
f 8130 8132 8131
f 8131 8132 8133
f 8134 8135 8136
f 8135 8137 8136
f 8138 8139 8140
f 8139 8141 8140
f 8142 8143 8144
f 8143 8145 8144
f 8146 8147 8148
f 8147 8149 8148
f 8148 8149 8150
f 8149 8151 8150
f 8152 8153 8154
f 8153 8155 8154
f 8156 8157 8158
f 8157 8159 8158
f 8158 8159 8160
f 8159 8161 8160
f 8162 8163 8164
f 8163 8160 8164
f 8164 8160 8165
f 8160 8161 8165
f 8166 8167 8168
f 8167 8169 8168
f 8168 8169 8170
f 8169 8171 8170
f 8170 8171 8172
f 8171 8173 8172
f 8172 8173 8174
f 8173 8175 8174
f 8174 8175 8176
f 8175 8177 8176
f 8176 8177 8178
f 8177 8179 8178
f 8178 8179 8180
f 8179 8181 8180
f 8180 8181 8182
f 8181 8183 8182
f 8182 8183 8184
f 8183 8185 8184
f 8184 8185 8186
f 8185 8187 8186
f 8186 8187 8188
f 8187 8189 8188
f 8188 8189 8166
f 8189 8167 8166
f 8040 8039 8190
f 8040 8190 8191
f 8190 8192 8191
f 8191 8192 8193
f 8192 7735 8193
f 8193 7735 7736
f 8041 8042 8194
f 8042 8195 8194
f 8194 8195 8196
f 8195 8197 8196
f 8196 8197 8198
f 8197 8199 8198
f 8198 8199 8200
f 8199 8201 8200
f 8202 8203 8204
f 8203 8205 8204
f 8206 8207 8208
f 8207 8209 8208
f 8208 8209 8210
f 8209 8211 8210
f 8210 8211 8212
f 8211 8213 8212
f 8214 8204 8215
f 8204 8205 8215
f 8215 8205 8216
f 8205 8217 8216
f 8216 8217 8218
f 8217 8219 8218
f 8218 8219 8220
f 8221 8222 8223
f 8222 8224 8223
f 8223 8224 8211
f 8224 8225 8211
f 8211 8225 8213
f 8226 8218 8227
f 8218 8220 8227
f 8227 8220 8206
f 8220 8228 8206
f 8206 8228 8207
f 8204 8229 8202
f 8229 8230 8202
f 8202 8230 8221
f 8230 8231 8221
f 8221 8231 8222
f 8232 8233 8234
f 8233 8235 8234
f 8234 8235 8236
f 8235 8237 8236
f 8236 8237 8238
f 8237 8239 8238
f 8238 8239 8240
f 8239 8241 8240
f 8240 8241 8242
f 8241 8243 8242
f 8242 8243 8244
f 8243 8245 8244
f 8244 8245 8246
f 8245 8247 8246
f 8246 8247 8248
f 8247 8249 8248
f 8248 8249 8250
f 8249 8251 8250
f 8250 8251 8252
f 8251 8253 8252
f 8252 8253 8254
f 8253 8255 8254
f 8254 8255 8232
f 8255 8233 8232
f 8256 8257 8258
f 8256 8258 8259
f 8258 8260 8259
f 8259 8260 8261
f 8260 8262 8261
f 8261 8262 8263
f 8262 8264 8263
f 8263 8264 8265
f 8264 8266 8265
f 8265 8266 8267
f 8266 8268 8267
f 8267 8268 8269
f 8268 8270 8269
f 8269 8270 8271
f 8270 8272 8271
f 8271 8272 8273
f 8274 8275 8276
f 8275 8277 8276
f 8278 8279 8280
f 8279 8281 8280
f 8282 8283 8284
f 8282 8284 8285
f 8284 8286 8285
f 8285 8286 8287
f 8286 8288 8287
f 8287 8288 8289
f 8288 8290 8289
f 8289 8290 8291
f 8292 8293 8294
f 8293 8295 8294
f 8296 8297 8298
f 8297 8299 8298
f 8300 8301 8302
f 8301 8303 8302
f 8302 8303 8304
f 8303 8305 8304
f 8306 8307 8308
f 8309 8310 8311
f 8312 8313 8314
f 8313 8309 8314
f 8314 8309 8315
f 8309 8311 8315
f 8308 8307 8316
f 8317 8308 8318
f 8308 8319 8318
f 8318 8319 8320
f 8307 8321 8316
f 8321 8322 8316
f 8316 8322 8323
f 8322 8324 8323
f 8323 8324 8310
f 8324 8325 8310
f 8310 8325 8311
f 8312 8326 8313
f 8326 8327 8313
f 8313 8327 8328
f 8327 8329 8328
f 8330 8328 8331
f 8328 8329 8331
f 8331 8329 8332
f 8329 8333 8332
f 8332 8333 8334
f 8333 8318 8334
f 8334 8318 8335
f 8318 8320 8335
f 8317 8336 8308
f 8336 8337 8308
f 8308 8337 8306
f 8337 8338 8306
f 8337 8339 8338
f 8339 8340 8338
f 8338 8340 8341
f 8340 8342 8341
f 8341 8342 8312
f 8342 8343 8312
f 8312 8343 8326
f 8344 8345 8346
f 8345 8347 8346
f 8346 8347 8348
f 8347 8349 8348
f 8348 8349 8350
f 8349 8351 8350
f 8350 8351 8352
f 8351 8353 8352
f 8352 8353 8354
f 8353 8355 8354
f 8354 8355 8356
f 8355 8357 8356
f 8356 8357 8358
f 8357 8359 8358
f 8358 8359 8360
f 8359 8361 8360
f 8360 8361 8362
f 8361 8363 8362
f 8362 8363 8364
f 8363 8365 8364
f 8364 8365 8366
f 8365 8367 8366
f 8366 8367 8344
f 8367 8345 8344
f 8368 8369 8370
f 8369 8371 8370
f 8372 8373 8374
f 8373 8375 8374
f 8376 8377 8378
f 8377 8379 8378
f 8380 8381 8382
f 8381 8383 8382
f 8384 8385 8386
f 8385 8387 8386
f 8388 8389 8390
f 8390 8391 8388
f 8391 8392 8388
f 8388 8392 8393
f 8392 8394 8393
f 8393 8394 8395
f 8394 8396 8395
f 8395 8396 8397
f 8396 8398 8397
f 8397 8398 8399
f 8398 8400 8399
f 8399 8400 8401
f 8400 8402 8401
f 8401 8402 8403
f 8402 8404 8403
f 8403 8404 8405
f 8406 8407 8408
f 8407 8409 8408
f 8408 8409 8410
f 8406 8408 8411
f 8408 8412 8411
f 8411 8412 8413
f 8414 8415 8416
f 8415 8417 8416
f 8416 8417 8412
f 8417 8418 8412
f 8412 8418 8413
f 8419 8420 8421
f 8422 8423 8424
f 8423 8425 8424
f 8424 8425 8426
f 8427 8428 8422
f 8428 8429 8422
f 8422 8429 8430
f 8419 8421 8425
f 8421 8431 8425
f 8425 8431 8426
f 8432 8433 8434
f 8435 8423 8436
f 8423 8422 8436
f 8436 8422 8437
f 8422 8430 8437
f 8420 8419 8433
f 8419 8438 8433
f 8433 8438 8434
f 8434 8439 8432
f 8439 8440 8432
f 8432 8440 8441
f 8440 8442 8441
f 8441 8442 8443
f 8442 8444 8443
f 8443 8444 8445
f 8444 8446 8445
f 8445 8446 8447
f 8422 8448 8427
f 8448 8445 8427
f 8427 8445 8449
f 8445 8447 8449
f 8449 8447 8450
f 8447 8451 8450
f 8452 8453 8454
f 8453 8455 8454
f 8456 8457 8458
f 8457 8456 8459
f 8456 8460 8459
f 8459 8460 8461
f 8460 8462 8461
f 8461 8462 8463
f 8462 8464 8463
f 8463 8464 8465
f 8464 8466 8465
f 8465 8466 8467
f 8466 8468 8467
f 8467 8468 8469
f 8468 8470 8469
f 8469 8470 8454
f 8470 8471 8454
f 8454 8471 8452
f 8455 8472 8454
f 8472 8473 8454
f 8454 8473 8474
f 8473 8475 8474
f 8474 8475 8476
f 8475 8456 8476
f 8476 8456 8477
f 8456 8458 8477
f 8201 5655 8200
f 5655 5654 8200
f 8478 8479 8480
f 8478 8480 5498
f 8480 8481 5498
f 5498 8481 5499
f 5819 5818 8482
f 5819 8482 8483
f 8482 8484 8483
f 8483 8484 8485
f 8484 8486 8485
f 8485 8486 8487
f 8486 6656 8487
f 8487 6656 6658
f 8273 8272 8488
f 8273 8488 8489
f 8488 8490 8489
f 8489 8490 8491
f 8490 8492 8491
f 8491 8492 8493
f 8492 8494 8493
f 8493 8494 8495
f 8494 8496 8495
f 8495 8496 8497
f 8496 8498 8497
f 8497 8498 8499
f 8498 8257 8499
f 8499 8257 8256
f 8500 8501 8502
f 8501 8503 8502
f 8504 8505 8506
f 8505 8507 8506
f 8508 8509 8510
f 8509 8511 8510
f 8512 8513 8514
f 8513 8515 8514
f 8516 8517 8518
f 8517 8519 8518
f 8520 8521 8522
f 8523 8524 8525
f 8524 8526 8525
f 8525 8526 8527
f 8526 8528 8527
f 8527 8528 8529
f 8530 8531 8532
f 8533 8534 8535
f 8534 8530 8535
f 8535 8530 8536
f 8530 8532 8536
f 8528 8520 8529
f 8520 8522 8529
f 8529 8522 8537
f 8522 8538 8537
f 8537 8538 8539
f 8539 8534 8537
f 8534 8533 8537
f 8537 8533 8540
f 8533 8541 8540
f 8540 8541 8542
f 8541 8543 8542
f 8542 8543 8544
f 8543 8545 8544
f 8544 8545 8546
f 8545 8547 8546
f 8546 8547 8548
f 8547 8549 8548
f 8548 8549 8523
f 8549 8550 8523
f 8523 8550 8524
f 8551 8552 8553
f 8552 8554 8553
f 8553 8554 8555
f 8554 8556 8555
f 8555 8556 8557
f 8556 8558 8557
f 8557 8558 8559
f 8558 7898 8559
f 8560 8561 8562
f 8561 8563 8562
f 8564 8565 8566
f 8565 8567 8566
f 8568 8569 8570
f 8569 8571 8570
f 8572 8573 8574
f 8573 8575 8574
f 8576 8577 8578
f 8577 8579 8578
f 8578 8579 8580
f 8579 8581 8580
f 8582 8583 8584
f 8583 8585 8584
f 8586 8587 8588
f 8588 8589 8586
f 8589 8590 8586
f 8586 8590 8591
f 8590 8592 8591
f 8591 8592 8593
f 8592 8594 8593
f 8593 8594 8595
f 8594 8596 8595
f 8595 8596 8597
f 8596 8598 8597
f 8597 8598 8599
f 8598 8600 8599
f 8599 8600 8601
f 8600 8602 8601
f 8601 8602 8603
f 8604 8605 8606
f 8607 8608 8609
f 8608 8610 8609
f 5492 5490 8611
f 5492 8611 8612
f 8611 8613 8612
f 8612 8613 8614
f 8613 8615 8614
f 8614 8615 8616
f 8615 5658 8616
f 8616 5658 5660
f 8617 8618 8619
f 8618 8620 8619
f 8621 8622 8623
f 8622 8624 8623
f 8623 8624 8625
f 8624 8619 8625
f 8625 8619 8626
f 8619 8620 8626
f 8619 8627 8617
f 8627 8628 8617
f 8617 8628 8629
f 8628 8630 8629
f 8631 8632 8633
f 8632 8634 8633
f 8633 8634 8635
f 8634 8636 8635
f 8635 8636 8637
f 8636 8638 8637
f 8637 8638 8630
f 8638 8639 8630
f 8630 8639 8629
f 8623 8640 8621
f 8640 8641 8621
f 8621 8641 8642
f 8641 8643 8642
f 8642 8643 8644
f 8643 8645 8644
f 8644 8645 8633
f 8645 8646 8633
f 8633 8646 8631
f 8647 8648 8649
f 8648 8650 8649
f 8651 5518 5516
f 8651 5516 8652
f 5516 8653 8652
f 8653 8654 8652
f 8652 8654 8655
f 8654 8656 8655
f 8655 8656 8657
f 8656 5957 8657
f 8657 5957 5958
f 8658 8659 8660
f 8659 8661 8660
f 8662 8663 8664
f 8663 8665 8664
f 8666 8667 8668
f 8667 8669 8668
f 8670 8671 8672
f 8671 8673 8672
f 8674 8675 8676
f 8675 8677 8676
f 8678 8679 8680
f 8679 8681 8680
f 8682 8683 8684
f 8683 8685 8684
f 8684 8685 8686
f 8685 8687 8686
f 8686 8687 8688
f 8687 8689 8688
f 8688 8689 8690
f 8689 8691 8690
f 8690 8691 8692
f 8691 8693 8692
f 8692 8693 8694
f 8693 8695 8694
f 8694 8695 8696
f 8695 8697 8696
f 8696 8697 8698
f 8697 8699 8698
f 8698 8699 8700
f 8699 8701 8700
f 8700 8701 8702
f 8701 8703 8702
f 8702 8703 8704
f 8703 8705 8704
f 8704 8705 8706
f 8705 8682 8706
f 8706 8682 8684
f 8707 8708 8709
f 8709 8710 8707
f 8710 8711 8707
f 8707 8711 8712
f 8711 8713 8712
f 8712 8713 8714
f 8713 8715 8714
f 8714 8715 8716
f 8715 8717 8716
f 8716 8717 8718
f 8717 8719 8718
f 8718 8719 8720
f 8719 8721 8720
f 8720 8721 8722
f 8721 8723 8722
f 8722 8723 8724
f 8723 8725 8724
f 8724 8725 8726
f 8725 8727 8726
f 8726 8727 8728
f 8727 8729 8728
f 8728 8729 8730
f 8729 8709 8730
f 8730 8709 8731
f 8709 8708 8731
f 8732 8733 8734
f 8733 8735 8734
f 8734 8735 8736
f 8735 8737 8736
f 8736 8737 8738
f 8737 8739 8738
f 8738 8739 8740
f 8739 8741 8740
f 8740 8741 8742
f 8741 8743 8742
f 8742 8743 8744
f 8743 8745 8744
f 8744 8745 8746
f 8745 8747 8746
f 8746 8747 8748
f 8747 8749 8748
f 8748 8749 8750
f 8749 8751 8750
f 8750 8751 8752
f 8751 8753 8752
f 8752 8753 8754
f 8753 8755 8754
f 8754 8755 8732
f 8755 8733 8732
f 8756 8757 8758
f 8757 8759 8758
f 8758 8759 8760
f 8759 8761 8760
f 8760 8761 8762
f 8761 8763 8762
f 8762 8763 8764
f 8763 8765 8764
f 8764 8765 8766
f 8765 8767 8766
f 8766 8767 8768
f 8767 8769 8768
f 8768 8769 8770
f 8769 8771 8770
f 8770 8771 8772
f 8771 8773 8772
f 8772 8773 8774
f 8773 8775 8774
f 8774 8775 8776
f 8775 8777 8776
f 8776 8777 8778
f 8777 8779 8778
f 8778 8779 8756
f 8779 8757 8756
f 8780 8781 8782
f 8781 8783 8782
f 8782 8783 8784
f 8783 8785 8784
f 8784 8785 8786
f 8785 8787 8786
f 8786 8787 8788
f 8787 8789 8788
f 8788 8789 8790
f 8789 8791 8790
f 8790 8791 8792
f 8791 8793 8792
f 8792 8793 8794
f 8793 8795 8794
f 8794 8795 8796
f 8795 8797 8796
f 8796 8797 8798
f 8797 8799 8798
f 8798 8799 8800
f 8799 8801 8800
f 8800 8801 8802
f 8801 8803 8802
f 8802 8803 8780
f 8803 8781 8780
f 8804 8805 8806
f 8805 8807 8806
f 8806 8807 8808
f 8807 8809 8808
f 8808 8809 8810
f 8809 8811 8810
f 8810 8811 8812
f 8811 8813 8812
f 8812 8813 8814
f 8813 8815 8814
f 8814 8815 8816
f 8815 8817 8816
f 8816 8817 8818
f 8817 8819 8818
f 8818 8819 8820
f 8819 8821 8820
f 8820 8821 8822
f 8821 8823 8822
f 8822 8823 8824
f 8823 8825 8824
f 8824 8825 8826
f 8825 8827 8826
f 8826 8827 8804
f 8827 8805 8804
f 8828 8829 8830
f 8829 8831 8830
f 8830 8831 8832
f 8831 8833 8832
f 8832 8833 8834
f 8833 8835 8834
f 8834 8835 8836
f 8835 8837 8836
f 8836 8837 8838
f 8837 8839 8838
f 8838 8839 8840
f 8839 8841 8840
f 8840 8841 8842
f 8841 8843 8842
f 8842 8843 8844
f 8843 8845 8844
f 8844 8845 8846
f 8845 8847 8846
f 8846 8847 8848
f 8847 8849 8848
f 8848 8849 8850
f 8849 8851 8850
f 8850 8851 8828
f 8851 8829 8828
f 8852 8853 8854
f 8853 8855 8854
f 8854 8855 8856
f 8855 8857 8856
f 8856 8857 8858
f 8857 8859 8858
f 8858 8859 8860
f 8859 8861 8860
f 8860 8861 8862
f 8861 8863 8862
f 8862 8863 8864
f 8863 8865 8864
f 8864 8865 8866
f 8865 8867 8866
f 8866 8867 8868
f 8867 8869 8868
f 8868 8869 8870
f 8869 8871 8870
f 8870 8871 8872
f 8871 8873 8872
f 8872 8873 8874
f 8873 8875 8874
f 8874 8875 8852
f 8875 8853 8852
f 8876 8877 8878
f 8877 8879 8878
f 8878 8879 8880
f 8879 8881 8880
f 8880 8881 8882
f 8881 8883 8882
f 8882 8883 8884
f 8883 8885 8884
f 8884 8885 8886
f 8885 8887 8886
f 8886 8887 8888
f 8887 8889 8888
f 8888 8889 8890
f 8889 8891 8890
f 8890 8891 8892
f 8891 8893 8892
f 8892 8893 8894
f 8893 8895 8894
f 8894 8895 8896
f 8895 8897 8896
f 8896 8897 8898
f 8897 8899 8898
f 8898 8899 8876
f 8899 8877 8876
f 8900 8901 8902
f 8901 8903 8902
f 8902 8903 8904
f 8903 8905 8904
f 8904 8905 8906
f 8905 8907 8906
f 8906 8907 8908
f 8907 8909 8908
f 8908 8909 8910
f 8909 8911 8910
f 8910 8911 8912
f 8911 8913 8912
f 8912 8913 8914
f 8913 8915 8914
f 8914 8915 8916
f 8915 8917 8916
f 8916 8917 8918
f 8917 8919 8918
f 8918 8919 8920
f 8919 8921 8920
f 8920 8921 8922
f 8921 8923 8922
f 8922 8923 8924
f 8923 8900 8924
f 8924 8900 8902
f 8925 8926 8927
f 8926 8928 8927
f 8927 8928 8929
f 8928 8930 8929
f 8929 8930 8931
f 8930 8932 8931
f 8931 8932 8933
f 8932 8934 8933
f 8933 8934 8935
f 8934 8936 8935
f 8935 8936 8937
f 8936 8938 8937
f 8937 8938 8939
f 8938 8940 8939
f 8939 8940 8941
f 8940 8942 8941
f 8941 8942 8943
f 8942 8944 8943
f 8943 8944 8945
f 8944 8946 8945
f 8945 8946 8947
f 8946 8948 8947
f 8947 8948 8925
f 8948 8926 8925
f 8949 8950 8951
f 8950 8952 8951
f 8951 8952 8953
f 8952 8954 8953
f 8953 8954 8955
f 8954 8956 8955
f 8955 8956 8957
f 8956 8958 8957
f 8957 8958 8959
f 8958 8960 8959
f 8959 8960 8961
f 8960 8962 8961
f 8961 8962 8963
f 8962 8964 8963
f 8963 8964 8965
f 8964 8966 8965
f 8965 8966 8967
f 8966 8968 8967
f 8967 8968 8969
f 8968 8970 8969
f 8969 8970 8971
f 8970 8972 8971
f 8971 8972 8973
f 8972 8949 8973
f 8973 8949 8951
f 8974 8975 8976
f 8975 8977 8976
f 8976 8977 8978
f 8977 8979 8978
f 8978 8979 8980
f 8979 8981 8980
f 8980 8981 8982
f 8981 8983 8982
f 8982 8983 8984
f 8983 8985 8984
f 8984 8985 8986
f 8985 8987 8986
f 8986 8987 8988
f 8987 8989 8988
f 8988 8989 8990
f 8989 8991 8990
f 8990 8991 8992
f 8991 8993 8992
f 8992 8993 8994
f 8993 8995 8994
f 8994 8995 8996
f 8995 8997 8996
f 8996 8997 8974
f 8997 8975 8974
f 8998 8999 9000
f 8999 9001 9000
f 9000 9001 9002
f 9001 9003 9002
f 9002 9003 9004
f 9003 9005 9004
f 9004 9005 9006
f 9005 9007 9006
f 9006 9007 9008
f 9007 9009 9008
f 9008 9009 9010
f 9009 9011 9010
f 9010 9011 9012
f 9011 9013 9012
f 9012 9013 9014
f 9013 9015 9014
f 9014 9015 9016
f 9015 9017 9016
f 9016 9017 9018
f 9017 9019 9018
f 9018 9019 9020
f 9019 9021 9020
f 9020 9021 8998
f 9021 8999 8998
f 9022 9023 9024
f 9023 9025 9024
f 9024 9025 9026
f 9025 9027 9026
f 9026 9027 9028
f 9027 9029 9028
f 9028 9029 9030
f 9029 9031 9030
f 9030 9031 9032
f 9031 9033 9032
f 9032 9033 9034
f 9033 9035 9034
f 9034 9035 9036
f 9035 9037 9036
f 9036 9037 9038
f 9037 9039 9038
f 9038 9039 9040
f 9039 9041 9040
f 9040 9041 9042
f 9041 9043 9042
f 9042 9043 9044
f 9043 9045 9044
f 9044 9045 9022
f 9045 9023 9022
f 9046 9047 9048
f 9047 9049 9048
f 9048 9049 9050
f 9049 9051 9050
f 9050 9051 9052
f 9051 9053 9052
f 9052 9053 9054
f 9053 9055 9054
f 9054 9055 9056
f 9055 9057 9056
f 9056 9057 9058
f 9057 9059 9058
f 9058 9059 9060
f 9059 9061 9060
f 9060 9061 9062
f 9061 9063 9062
f 9062 9063 9064
f 9063 9065 9064
f 9064 9065 9066
f 9065 9067 9066
f 9066 9067 9068
f 9067 9069 9068
f 9068 9069 9046
f 9069 9047 9046
f 9070 9071 9072
f 9071 9073 9072
f 9072 9073 9074
f 9073 9075 9074
f 9074 9075 9076
f 9075 9077 9076
f 9076 9077 9078
f 9077 9079 9078
f 9078 9079 9080
f 9079 9081 9080
f 9080 9081 9082
f 9081 9083 9082
f 9082 9083 9084
f 9083 9085 9084
f 9084 9085 9086
f 9085 9087 9086
f 9086 9087 9088
f 9087 9089 9088
f 9088 9089 9090
f 9089 9091 9090
f 9090 9091 9092
f 9091 9093 9092
f 9092 9093 9070
f 9093 9071 9070
f 9094 9095 9096
f 9095 9097 9096
f 9096 9097 9098
f 9099 9100 9096
f 9100 9101 9096
f 9096 9101 9094
f 9102 9103 9096
f 9103 9104 9096
f 9096 9104 9099
f 9098 9105 9096
f 9105 9106 9096
f 9096 9106 9102
f 9107 9108 9109
f 9108 9110 9109
f 9109 9110 9111
f 9110 9112 9111
f 9111 9112 9113
f 9112 9114 9113
f 9113 9114 9115
f 9114 9116 9115
f 9115 9116 9117
f 9116 9118 9117
f 9117 9118 9119
f 9118 9120 9119
f 9119 9120 9121
f 9120 9122 9121
f 9121 9122 9123
f 9122 9124 9123
f 9123 9124 9125
f 9124 9126 9125
f 9125 9126 9127
f 9126 9128 9127
f 9127 9128 9129
f 9128 9130 9129
f 9129 9130 9107
f 9130 9108 9107
f 9131 9132 9133
f 9132 9134 9133
f 9133 9134 9135
f 9136 9137 9133
f 9137 9138 9133
f 9133 9138 9131
f 9139 9140 9133
f 9140 9141 9133
f 9133 9141 9136
f 9135 9142 9133
f 9142 9143 9133
f 9133 9143 9139
f 9144 9145 9146
f 9145 9147 9146
f 9148 9149 9150
f 9149 9151 9150
f 9152 9153 9154
f 9153 9155 9154
f 9156 9157 9158
f 9157 9159 9158
f 9160 9161 9162
f 9161 9163 9162
f 9164 9165 9166
f 9165 9167 9166
f 9168 9169 9170
f 9169 9171 9170
f 9172 9173 9174
f 9173 9175 9174
f 9176 9177 9178
f 9177 9179 9178
f 9180 9181 9182
f 9181 9183 9182
f 9184 9185 9186
f 9185 9187 9186
f 9188 9189 9190
f 9189 9191 9190
f 9192 9193 9194
f 9193 9195 9194
f 9196 9197 9198
f 9197 9199 9198
f 9200 9201 9202
f 9201 9203 9202
f 9204 9205 9206
f 9205 9207 9206
f 9208 9209 9210
f 9209 9211 9210
f 9212 9213 9214
f 9213 9215 9214
f 9216 9217 9218
f 9217 9219 9218
f 9220 9221 9222
f 9221 9223 9222
f 9224 9225 9226
f 9225 9227 9226
f 9228 9229 9230
f 9231 9232 9233
f 9232 9234 9233
f 9233 9234 9230
f 9234 9235 9230
f 9230 9235 9228
f 9236 9237 9238
f 9239 9240 9241
f 9242 9243 9244
f 9243 9245 9244
f 9246 9247 9248
f 9248 9249 9246
f 9249 9243 9246
f 9246 9243 9238
f 9243 9242 9238
f 9238 9242 9241
f 9241 9240 9238
f 9240 9250 9238
f 9238 9250 9236
f 9236 9239 9251
f 9239 9241 9251
f 9251 9241 9252
f 9241 9253 9252
f 9252 9253 9254
f 9253 9244 9254
f 9254 9244 9255
f 9244 9245 9255
f 9255 9245 9256
f 9245 9248 9256
f 9256 9248 9257
f 9248 9247 9257
f 9257 9247 9258
f 9247 9237 9258
f 9258 9237 9259
f 9237 9236 9259
f 9259 9236 9251
f 9260 9261 9262
f 9261 9263 9262
f 9264 9265 9266
f 9265 9267 9266
f 9268 9269 9270
f 9269 9271 9270
f 9272 9273 9274
f 9273 9275 9274
f 9276 9277 9278
f 9277 9279 9278
f 9280 9281 9282
f 9281 9283 9282
f 9284 9285 9286
f 9285 9287 9286
f 9288 9289 9290
f 9289 9291 9290
f 9290 9291 9292
f 9291 9293 9292
f 9292 9293 9294
f 9293 9295 9294
f 9294 9295 9296
f 9295 9297 9296
f 9296 9297 9298
f 9297 9299 9298
f 9298 9299 9300
f 9299 9301 9300
f 9300 9301 9302
f 9301 9303 9302
f 9302 9303 9304
f 9303 9305 9304
f 9304 9305 9306
f 9305 9307 9306
f 9306 9307 9308
f 9307 9309 9308
f 9308 9309 9310
f 9309 9311 9310
f 9310 9311 9288
f 9311 9289 9288
f 9312 9313 9314
f 9315 9316 9317
f 9317 9318 9315
f 9318 9319 9315
f 9315 9319 9314
f 9319 9320 9314
f 9314 9320 9312
f 9321 9322 9323
f 9322 9324 9323
f 9323 9324 9320
f 9324 9325 9320
f 9320 9325 9312
f 9326 9327 9328
f 9327 9319 9328
f 9328 9319 9329
f 9319 9318 9329
f 9330 9331 9332
f 9331 9333 9332
f 9332 9333 9334
f 9333 9335 9334
f 9334 9335 9336
f 9335 9337 9336
f 9336 9337 9338
f 9337 9339 9338
f 9340 9341 9342
f 9341 9343 9342
f 9342 9343 9344
f 9343 9345 9344
f 9344 9345 9346
f 9345 9347 9346
f 9348 9349 9350
f 9349 9351 9350
f 9350 9351 9352
f 9351 9353 9352
f 9352 9353 9354
f 9353 9355 9354
f 9354 9355 9356
f 9355 9357 9356
f 9358 9359 9360
f 9359 9361 9360
f 9360 9361 9362
f 9361 9363 9362
f 9362 9363 9364
f 9363 9365 9364
f 9364 9365 9366
f 9365 9367 9366
f 9366 9367 9368
f 9367 9369 9368
f 9368 9369 9370
f 9369 9371 9370
f 9370 9371 9372
f 9371 9373 9372
f 9372 9373 9374
f 9373 9375 9374
f 9374 9375 9376
f 9375 9377 9376
f 9376 9377 9378
f 9377 9379 9378
f 9378 9379 9380
f 9379 9381 9380
f 9380 9381 9358
f 9381 9359 9358
f 9382 9383 9384
f 9383 9385 9384
f 9386 9387 9388
f 9389 9390 9391
f 9390 9392 9391
f 9391 9392 9393
f 9392 9394 9393
f 9382 9395 9396
f 9396 9395 9397
f 9395 9398 9397
f 9398 9399 9397
f 9397 9399 9394
f 9399 9400 9394
f 9394 9400 9393
f 9400 9401 9393
f 9393 9401 9402
f 9401 9403 9402
f 9402 9403 9386
f 9403 9404 9386
f 9386 9404 9387
f 9405 9406 9407
f 9406 9408 9407
f 9409 9410 9411
f 9382 9396 9383
f 9396 9412 9383
f 9383 9412 9407
f 9413 9414 9389
f 9414 9415 9389
f 9416 9417 9418
f 9417 9419 9418
f 9418 9419 9420
f 9419 9409 9420
f 9420 9409 9421
f 9409 9411 9421
f 9422 9423 9417
f 9423 9424 9417
f 9417 9425 9426
f 9425 9427 9426
f 9426 9427 9413
f 9427 9428 9413
f 9413 9428 9414
f 9407 9429 9405
f 9429 9430 9405
f 9405 9430 9431
f 9430 9422 9431
f 9431 9422 9432
f 9422 9417 9432
f 9432 9417 9433
f 9417 9416 9433
f 9415 9434 9389
f 9434 9435 9389
f 9389 9435 9390
f 9435 9436 9390
f 9390 9436 9437
f 9436 9438 9437
f 9437 9438 9439
f 9438 9440 9439
f 9439 9440 9424
f 9440 9441 9424
f 9424 9441 9417
f 9441 9442 9417
f 9417 9442 9425
f 9388 9443 9386
f 9443 9444 9386
f 9386 9444 9445
f 9443 9446 9444
f 9446 9385 9444
f 9444 9385 9447
f 9385 9383 9447
f 9447 9383 9448
f 9449 9450 9383
f 9450 9451 9383
f 9383 9451 9448
f 9448 9452 9447
f 9452 9453 9447
f 9447 9453 9454
f 9453 9455 9454
f 9454 9455 9456
f 9408 9410 9407
f 9410 9409 9407
f 9407 9409 9383
f 9409 9457 9383
f 9383 9457 9449
f 9455 9458 9456
f 9458 9459 9456
f 9456 9459 9460
f 9459 9461 9460
f 9460 9461 9409
f 9461 9462 9409
f 9409 9462 9457
f 9463 9464 9465
f 9464 9466 9465
f 9467 9468 9469
f 9470 9471 9472
f 9469 9473 9467
f 9473 9474 9467
f 9467 9474 9475
f 9474 9470 9475
f 9476 9477 9478
f 9477 9475 9478
f 9478 9475 9479
f 9475 9470 9479
f 9479 9470 9480
f 9470 9472 9480
f 9481 9482 9483
f 9482 9474 9483
f 9483 9474 9484
f 9474 9473 9484
f 9485 9486 9487
f 9486 9488 9487
f 9487 9488 9489
f 9488 9490 9489
f 9489 9490 9491
f 9490 9492 9491
f 9493 9494 9495
f 9494 9496 9495
f 9495 9496 9497
f 9496 9498 9497
f 9497 9498 9499
f 9498 9500 9499
f 9499 9500 9501
f 9500 9502 9501
f 9501 9502 9503
f 9502 9504 9503
f 9503 9504 9505
f 9504 9506 9505
f 9505 9506 9507
f 9506 9508 9507
f 9507 9508 9509
f 9508 9510 9509
f 9509 9510 9511
f 9510 9512 9511
f 9511 9512 9513
f 9512 9514 9513
f 9513 9514 9515
f 9514 9516 9515
f 9515 9516 9493
f 9516 9494 9493
f 9517 9518 9519
f 9518 9520 9519
f 9519 9520 9521
f 9520 9522 9521
f 9521 9522 9523
f 9522 9524 9523
f 9523 9524 9525
f 9524 9526 9525
f 9525 9526 9527
f 9526 9528 9527
f 9527 9528 9529
f 9528 9530 9529
f 9529 9530 9531
f 9530 9532 9531
f 9531 9532 9533
f 9532 9534 9533
f 9533 9534 9535
f 9534 9536 9535
f 9535 9536 9537
f 9536 9538 9537
f 9537 9538 9539
f 9538 9540 9539
f 9539 9540 9517
f 9540 9518 9517
f 9541 9542 9543
f 9542 9544 9543
f 9545 9546 9547
f 9546 9548 9547
f 9357 9491 9356
f 9491 9492 9356
f 9549 9550 9551
f 9550 9552 9551
f 9551 9552 9553
f 9552 9554 9553
f 9553 9554 9555
f 9554 9556 9555
f 9555 9556 9557
f 9556 9558 9557
f 9557 9558 9559
f 9558 9560 9559
f 9559 9560 9561
f 9560 9562 9561
f 9561 9562 9563
f 9562 9564 9563
f 9563 9564 9565
f 9564 9566 9565
f 9565 9566 9567
f 9566 9568 9567
f 9567 9568 9569
f 9568 9570 9569
f 9569 9570 9571
f 9570 9572 9571
f 9571 9572 9549
f 9572 9550 9549
f 9573 9574 9575
f 9574 9576 9575
f 9331 9330 9577
f 9330 9578 9577
f 9579 9580 9581
f 9580 9582 9581
f 9583 9584 9585
f 9586 9587 9588
f 9585 9589 9583
f 9589 9590 9583
f 9583 9590 9591
f 9590 9586 9591
f 9592 9593 9594
f 9593 9591 9594
f 9594 9591 9595
f 9591 9586 9595
f 9595 9586 9596
f 9586 9588 9596
f 9597 9598 9599
f 9598 9590 9599
f 9599 9590 9600
f 9590 9589 9600
f 9601 9602 9603
f 9602 9604 9603
f 9603 9604 9605
f 9604 9606 9605
f 9605 9606 9607
f 9606 9608 9607
f 9607 9608 9609
f 9608 9610 9609
f 9609 9610 9611
f 9610 9612 9611
f 9611 9612 9613
f 9612 9614 9613
f 9613 9614 9615
f 9614 9616 9615
f 9615 9616 9617
f 9616 9618 9617
f 9617 9618 9619
f 9618 9620 9619
f 9619 9620 9621
f 9620 9622 9621
f 9621 9622 9623
f 9622 9624 9623
f 9623 9624 9601
f 9624 9602 9601
f 9625 9626 9627
f 9626 9628 9627
f 9627 9628 9629
f 9628 9630 9629
f 9629 9630 9631
f 9630 9632 9631
f 9577 9578 9633
f 9578 9634 9633
f 9633 9634 9635
f 9634 9636 9635
f 9635 9636 9637
f 9636 9638 9637
f 9637 9638 9639
f 9638 9640 9639
f 9582 9580 9641
f 9580 9642 9641
f 9641 9642 9643
f 9642 9644 9643
f 9643 9644 9645
f 9644 9646 9645
f 9647 9648 9649
f 9650 9651 9652
f 9651 9647 9652
f 9647 9649 9652
f 9652 9649 9653
f 9649 9654 9653
f 9653 9654 9655
f 9656 9657 9652
f 9657 9658 9652
f 9652 9658 9650
f 9659 9660 9661
f 9661 9662 9659
f 9662 9653 9659
f 9659 9653 9663
f 9653 9655 9663
f 9663 9655 9664
f 9665 9666 9667
f 9666 9668 9667
f 9667 9668 9669
f 9668 9670 9669
f 9669 9670 9671
f 9670 9672 9671
f 9671 9672 9673
f 9672 9674 9673
f 9673 9674 9675
f 9674 9676 9675
f 9675 9676 9677
f 9676 9678 9677
f 9677 9678 9679
f 9678 9680 9679
f 9679 9680 9681
f 9680 9682 9681
f 9681 9682 9683
f 9682 9684 9683
f 9683 9684 9685
f 9684 9686 9685
f 9685 9686 9687
f 9686 9688 9687
f 9687 9688 9665
f 9688 9666 9665
f 9689 9690 9691
f 9690 9692 9691
f 9693 9694 9695
f 9694 9696 9695
f 9695 9696 9697
f 9698 9699 9700
f 9699 9701 9700
f 9700 9701 9695
f 9701 9702 9695
f 9695 9702 9693
f 9696 9703 9697
f 9703 9704 9697
f 9697 9704 9705
f 9706 9707 9708
f 9705 9709 9697
f 9709 9706 9697
f 9697 9706 9710
f 9706 9708 9710
f 9711 9645 9712
f 9645 9646 9712
f 9713 9714 9715
f 9714 9716 9715
f 9717 9718 9719
f 9720 9721 9722
f 9723 9724 9725
f 9724 9726 9725
f 9725 9726 9727
f 9719 9728 9717
f 9728 9729 9717
f 9717 9729 9722
f 9729 9730 9722
f 9722 9730 9720
f 9731 9732 9733
f 9732 9734 9733
f 9733 9734 9735
f 9732 9736 9734
f 9736 9737 9734
f 9734 9737 9723
f 9737 9738 9723
f 9723 9738 9724
f 9739 9727 9740
f 9727 9741 9740
f 9718 9717 9742
f 9717 9743 9742
f 9742 9743 9744
f 9743 9727 9744
f 9744 9727 9745
f 9721 9746 9722
f 9746 9747 9722
f 9722 9747 9748
f 9726 9749 9727
f 9749 9750 9727
f 9727 9750 9741
f 9750 9751 9741
f 9741 9751 9752
f 9751 9753 9752
f 9752 9753 9733
f 9753 9754 9733
f 9733 9754 9731
f 9745 9727 9755
f 9727 9739 9755
f 9755 9739 9756
f 9739 9757 9756
f 9756 9757 9721
f 9757 9758 9721
f 9721 9758 9746
f 9759 9760 9761
f 9760 9762 9761
f 9761 9762 9763
f 9762 9764 9763
f 9735 9734 9765
f 9734 9760 9765
f 9765 9760 9766
f 9760 9759 9766
f 9766 9759 9767
f 9759 9768 9767
f 9768 9769 9767
f 9767 9769 9748
f 9769 9770 9748
f 9748 9770 9722
f 9770 9771 9722
f 9771 9772 9722
f 9722 9772 9773
f 9772 9774 9773
f 9773 9774 9775
f 9774 9776 9775
f 9776 9777 9775
f 9775 9777 9778
f 9777 9779 9778
f 9778 9779 9780
f 9779 9781 9780
f 9780 9781 9764
f 9781 9782 9764
f 9764 9782 9763
f 9717 9783 9784
f 9783 9785 9784
f 9784 9785 9786
f 9785 9787 9786
f 9787 9788 9786
f 9786 9788 9789
f 9788 9790 9789
f 9789 9790 9773
f 9790 9791 9773
f 9791 9792 9773
f 9792 9793 9773
f 9773 9793 9722
f 9793 9794 9722
f 9794 9795 9722
f 9795 9796 9722
f 9722 9796 9717
f 9796 9797 9717
f 9717 9797 9783
f 9798 9799 9800
f 9799 9801 9800
f 9800 9801 9802
f 9801 9803 9802
f 9802 9803 9804
f 9803 9805 9804
f 9804 9805 9806
f 9805 9807 9806
f 9806 9807 9808
f 9807 9809 9808
f 9808 9809 9810
f 9809 9811 9810
f 9810 9811 9812
f 9811 9813 9812
f 9812 9813 9814
f 9813 9815 9814
f 9814 9815 9816
f 9815 9817 9816
f 9816 9817 9818
f 9817 9819 9818
f 9818 9819 9820
f 9819 9821 9820
f 9820 9821 9798
f 9821 9799 9798
f 9692 9690 9822
f 9690 9823 9822
f 9822 9823 9824
f 9823 9825 9824
f 9824 9825 9826
f 9825 9827 9826
f 9828 9829 9830
f 9831 9832 9833
f 9834 9835 9836
f 9837 9838 9839
f 9832 9828 9833
f 9828 9830 9833
f 9833 9830 9836
f 9830 9840 9836
f 9836 9840 9834
f 9835 9841 9836
f 9841 9837 9836
f 9836 9837 9842
f 9837 9839 9842
f 9843 9844 9833
f 9844 9845 9833
f 9833 9845 9831
f 9846 9847 9848
f 9847 9849 9848
f 9848 9849 9850
f 9849 9851 9850
f 9850 9851 9852
f 9851 9853 9852
f 9852 9853 9712
f 9853 9711 9712
f 9715 9716 9854
f 9716 9855 9854
f 9854 9855 9856
f 9855 9857 9856
f 9856 9857 9858
f 9857 9859 9858
f 9858 9859 9860
f 9859 9861 9860
f 9862 9863 9864
f 9863 9865 9864
f 9864 9865 9866
f 9865 9867 9866
f 9866 9867 9868
f 9867 9869 9868
f 9868 9869 9870
f 9869 9871 9870
f 9870 9871 9872
f 9871 9873 9872
f 9872 9873 9874
f 9873 9875 9874
f 9874 9875 9876
f 9875 9877 9876
f 9876 9877 9878
f 9877 9879 9878
f 9878 9879 9880
f 9879 9881 9880
f 9880 9881 9882
f 9881 9883 9882
f 9882 9883 9884
f 9883 9885 9884
f 9884 9885 9862
f 9885 9863 9862
f 9886 9887 9888
f 9887 9889 9888
f 9888 9889 9890
f 9889 9891 9890
f 9890 9891 9892
f 9891 9893 9892
f 9892 9893 9894
f 9893 9895 9894
f 9894 9895 9896
f 9895 9897 9896
f 9896 9897 9898
f 9897 9899 9898
f 9898 9899 9900
f 9899 9901 9900
f 9900 9901 9902
f 9901 9903 9902
f 9902 9903 9904
f 9903 9905 9904
f 9904 9905 9906
f 9905 9907 9906
f 9906 9907 9908
f 9907 9909 9908
f 9908 9909 9886
f 9909 9887 9886
f 9910 9826 9911
f 9826 9827 9911
f 9912 9913 9914
f 9913 9915 9914
f 9847 9846 9916
f 9846 9917 9916
f 9918 9860 9919
f 9860 9861 9919
f 9920 9921 9922
f 9921 9923 9922
f 9922 9923 9924
f 9923 9925 9924
f 9924 9925 9926
f 9925 9927 9926
f 9926 9927 9928
f 9927 9929 9928
f 9928 9929 9930
f 9929 9931 9930
f 9930 9931 9932
f 9931 9933 9932
f 9932 9933 9934
f 9933 9935 9934
f 9934 9935 9936
f 9935 9937 9936
f 9936 9937 9938
f 9937 9939 9938
f 9938 9939 9940
f 9939 9941 9940
f 9940 9941 9942
f 9941 9943 9942
f 9942 9943 9920
f 9943 9921 9920
f 9944 9945 9946
f 9945 9947 9946
f 9946 9947 9948
f 9947 9949 9948
f 9948 9949 9950
f 9949 9951 9950
f 9950 9951 9952
f 9951 9953 9952
f 9952 9953 9954
f 9953 9955 9954
f 9954 9955 9956
f 9955 9957 9956
f 9956 9957 9958
f 9957 9959 9958
f 9958 9959 9960
f 9959 9961 9960
f 9960 9961 9962
f 9961 9963 9962
f 9962 9963 9964
f 9963 9965 9964
f 9964 9965 9966
f 9965 9967 9966
f 9966 9967 9944
f 9967 9945 9944
f 9968 9969 9970
f 9969 9971 9970
f 9970 9971 9972
f 9971 9973 9972
f 9972 9973 9974
f 9973 9975 9974
f 9974 9975 9911
f 9975 9910 9911
f 9976 9977 9978
f 9977 9979 9978
f 9978 9979 9980
f 9979 9981 9980
f 9980 9981 9982
f 9981 9983 9982
f 9916 9917 9984
f 9917 9985 9984
f 9984 9985 9986
f 9985 9987 9986
f 9986 9987 9988
f 9987 9989 9988
f 9988 9989 9990
f 9989 9991 9990
f 9992 9993 9994
f 9993 9995 9994
f 9994 9995 9996
f 9995 9997 9996
f 9996 9997 9919
f 9997 9918 9919
f 9998 9999 10000
f 9999 10001 10000
f 10000 10001 10002
f 10001 10003 10002
f 10002 10003 10004
f 10003 10005 10004
f 10004 10005 10006
f 10005 10007 10006
f 10006 10007 10008
f 10007 10009 10008
f 10008 10009 10010
f 10009 10011 10010
f 10010 10011 10012
f 10011 10013 10012
f 10012 10013 10014
f 10013 10015 10014
f 10014 10015 10016
f 10015 10017 10016
f 10016 10017 10018
f 10017 10019 10018
f 10018 10019 10020
f 10019 10021 10020
f 10020 10021 9998
f 10021 9999 9998
f 10022 10023 10024
f 10023 10025 10024
f 10024 10025 10026
f 10025 10027 10026
f 10026 10027 10028
f 10027 10029 10028
f 10028 10029 10030
f 10029 10031 10030
f 10030 10031 10032
f 10031 10033 10032
f 10032 10033 10034
f 10033 10035 10034
f 10034 10035 10036
f 10035 10037 10036
f 10036 10037 10038
f 10037 10039 10038
f 10038 10039 10040
f 10039 10041 10040
f 10040 10041 10042
f 10041 10043 10042
f 10042 10043 10044
f 10043 10045 10044
f 10044 10045 10046
f 10045 10022 10046
f 10046 10022 10024
f 9969 9968 10047
f 9968 10048 10047
f 10049 10050 10051
f 10050 10052 10051
f 10053 10054 10055
f 10055 10056 10053
f 10056 10057 10053
f 10053 10057 10058
f 10057 10059 10058
f 10059 10060 10061
f 10062 10063 10064
f 10063 10057 10064
f 10064 10057 10065
f 10057 10056 10065
f 10066 10067 10068
f 10067 10058 10068
f 10068 10058 10069
f 10058 10059 10069
f 10069 10059 10070
f 10059 10061 10070
f 10071 10072 10073
f 10072 10074 10073
f 10075 10076 10077
f 10076 10078 10077
f 10077 10078 10079
f 10078 10080 10079
f 10079 10080 10081
f 10080 10082 10081
f 10081 10082 10083
f 10082 10084 10083
f 10083 10084 10085
f 10084 10086 10085
f 10085 10086 10087
f 10086 10088 10087
f 10087 10088 10089
f 10088 10090 10089
f 10089 10090 10091
f 10090 10092 10091
f 10091 10092 10093
f 10092 10094 10093
f 10093 10094 10095
f 10094 10096 10095
f 10095 10096 10097
f 10096 10098 10097
f 10097 10098 10075
f 10098 10076 10075
f 10099 10100 10101
f 10100 10102 10101
f 10101 10102 10103
f 10102 10104 10103
f 10103 10104 10105
f 10104 10106 10105
f 10105 10106 10107
f 10106 10108 10107
f 10107 10108 10109
f 10108 10110 10109
f 10109 10110 10111
f 10110 10112 10111
f 10111 10112 10113
f 10112 10114 10113
f 10113 10114 10115
f 10114 10116 10115
f 10115 10116 10117
f 10116 10118 10117
f 10117 10118 10119
f 10118 10120 10119
f 10119 10120 10121
f 10120 10122 10121
f 10121 10122 10099
f 10122 10100 10099
f 10047 10048 10123
f 10048 10124 10123
f 10123 10124 10125
f 10124 10126 10125
f 10125 10126 10127
f 10126 10128 10127
f 10127 10128 10129
f 10128 10130 10129
f 10131 10132 10133
f 10132 10134 10133
f 10133 10134 10135
f 10134 10136 10135
f 10135 10136 10137
f 10136 10138 10137
f 10139 10140 10141
f 10140 10142 10141
f 10141 10142 10143
f 10142 10144 10143
f 10143 10144 10145
f 10144 10146 10145
f 10147 10148 10149
f 10148 10150 10149
f 10149 10150 10151
f 10150 10152 10151
f 10151 10152 10153
f 10152 10154 10153
f 10155 10156 10157
f 10156 10158 10157
f 10157 10158 10159
f 10158 10160 10159
f 10159 10160 10161
f 10160 10162 10161
f 10161 10162 10163
f 10162 10164 10163
f 10163 10164 10165
f 10164 10166 10165
f 10165 10166 10167
f 10166 10168 10167
f 10167 10168 10169
f 10168 10170 10169
f 10169 10170 10171
f 10170 10172 10171
f 10171 10172 10173
f 10172 10174 10173
f 10173 10174 10175
f 10174 10176 10175
f 10175 10176 10177
f 10176 10178 10177
f 10177 10178 10155
f 10178 10156 10155
f 10179 10180 10181
f 10180 10182 10181
f 10181 10182 10183
f 10182 10184 10183
f 10183 10184 10185
f 10184 10186 10185
f 10185 10186 10187
f 10186 10188 10187
f 10187 10188 10189
f 10188 10190 10189
f 10189 10190 10191
f 10190 10192 10191
f 10191 10192 10193
f 10192 10194 10193
f 10193 10194 10195
f 10194 10196 10195
f 10195 10196 10197
f 10196 10198 10197
f 10197 10198 10199
f 10198 10200 10199
f 10199 10200 10201
f 10200 10202 10201
f 10201 10202 10179
f 10202 10180 10179
f 10203 10204 10205
f 10205 10206 10203
f 10206 10207 10203
f 10203 10207 10208
f 10209 10210 10211
f 10204 10212 10213
f 10208 10214 10203
f 10214 10209 10203
f 10203 10209 10215
f 10209 10211 10215
f 10216 10217 10218
f 10217 10205 10218
f 10218 10205 10219
f 10205 10204 10219
f 10219 10204 10220
f 10204 10213 10220
f 10221 10137 10222
f 10137 10138 10222
f 10223 10224 10225
f 10225 10226 10223
f 10226 10227 10223
f 10223 10227 10228
f 10227 10229 10228
f 10229 10230 10231
f 10232 10233 10234
f 10233 10227 10234
f 10234 10227 10235
f 10227 10226 10235
f 10236 10237 10238
f 10237 10228 10238
f 10238 10228 10239
f 10228 10229 10239
f 10239 10229 10240
f 10229 10231 10240
f 10241 10153 10242
f 10153 10154 10242
f 10243 10244 10245
f 10244 10246 10245
f 10245 10246 10247
f 10246 10248 10247
f 10247 10248 10249
f 10248 10250 10249
f 10249 10250 10251
f 10250 10252 10251
f 10251 10252 10253
f 10252 10254 10253
f 10253 10254 10255
f 10254 10256 10255
f 10255 10256 10257
f 10256 10258 10257
f 10257 10258 10259
f 10258 10260 10259
f 10259 10260 10261
f 10260 10262 10261
f 10261 10262 10263
f 10262 10264 10263
f 10263 10264 10265
f 10264 10266 10265
f 10265 10266 10243
f 10266 10244 10243
f 10267 10268 10269
f 10268 10270 10269
f 10269 10270 10271
f 10270 10272 10271
f 10271 10272 10273
f 10272 10274 10273
f 10273 10274 10275
f 10274 10276 10275
f 10275 10276 10277
f 10276 10278 10277
f 10277 10278 10279
f 10278 10280 10279
f 10279 10280 10281
f 10280 10282 10281
f 10281 10282 10283
f 10282 10284 10283
f 10283 10284 10285
f 10284 10286 10285
f 10285 10286 10287
f 10286 10288 10287
f 10287 10288 10289
f 10288 10290 10289
f 10289 10290 10267
f 10290 10268 10267
f 10291 10292 10293
f 10292 10294 10293
f 10293 10294 10295
f 10294 10296 10295
f 10295 10296 10297
f 10296 10298 10297
f 10299 10300 10301
f 10300 10302 10301
f 10301 10302 10303
f 10302 10304 10303
f 10303 10304 10305
f 10304 10306 10305
f 10305 10306 10222
f 10306 10221 10222
f 9349 9348 10307
f 9348 10308 10307
f 9714 9713 10309
f 9713 10310 10309
f 10309 10310 10311
f 10310 10312 10311
f 10311 10312 10313
f 10312 10314 10313
f 10313 10314 10242
f 10314 10241 10242
f 10315 10316 10317
f 10316 10318 10317
f 10317 10318 10319
f 10318 10320 10319
f 10319 10320 10321
f 10320 10322 10321
f 10321 10322 10323
f 10322 10324 10323
f 10323 10324 10325
f 10324 10326 10325
f 10325 10326 10327
f 10326 10328 10327
f 10327 10328 10329
f 10328 10330 10329
f 10329 10330 10331
f 10330 10332 10331
f 10331 10332 10333
f 10332 10334 10333
f 10333 10334 10335
f 10334 10336 10335
f 10335 10336 10337
f 10336 10338 10337
f 10337 10338 10315
f 10338 10316 10315
f 10339 10340 10341
f 10340 10342 10341
f 10341 10342 10343
f 10342 10344 10343
f 10343 10344 10345
f 10344 10346 10345
f 10345 10346 10347
f 10346 10348 10347
f 10347 10348 10349
f 10348 10350 10349
f 10349 10350 10351
f 10350 10352 10351
f 10351 10352 10353
f 10352 10354 10353
f 10353 10354 10355
f 10354 10356 10355
f 10355 10356 10357
f 10356 10358 10357
f 10357 10358 10359
f 10358 10360 10359
f 10359 10360 10361
f 10360 10362 10361
f 10361 10362 10339
f 10362 10340 10339
f 10363 10364 10365
f 10366 10367 10368
f 10369 10370 10371
f 10367 10366 10365
f 10366 10372 10365
f 10365 10372 10363
f 10371 10373 10369
f 10373 10366 10369
f 10369 10366 10374
f 10366 10368 10374
f 10374 10368 10375
f 10376 10377 10378
f 10377 10379 10378
f 10378 10379 10372
f 10379 10380 10372
f 10372 10380 10363
f 10300 10299 10381
f 10299 10382 10381
f 10307 10308 10383
f 10308 10384 10383
f 10383 10384 10385
f 10384 10386 10385
f 10385 10386 10387
f 10386 10388 10387
f 10387 10388 10389
f 10388 10390 10389
f 10391 10392 10393
f 10391 10393 10394
f 10395 10396 10397
f 10396 10398 10397
f 10397 10398 10393
f 10398 10399 10393
f 10393 10399 10394
f 10400 10401 10402
f 10401 10393 10402
f 10402 10393 10403
f 10393 10392 10403
f 10404 10405 10406
f 10405 10407 10406
f 10406 10407 10397
f 10407 10408 10397
f 10397 10408 10395
f 10409 10410 10411
f 10410 10412 10411
f 10411 10412 10413
f 10412 10414 10413
f 10413 10414 10415
f 10414 10416 10415
f 10415 10416 10417
f 10416 10418 10417
f 10417 10418 10419
f 10418 10420 10419
f 10419 10420 10421
f 10420 10422 10421
f 10421 10422 10423
f 10422 10424 10423
f 10423 10424 10425
f 10424 10426 10425
f 10425 10426 10427
f 10426 10428 10427
f 10427 10428 10429
f 10428 10430 10429
f 10429 10430 10431
f 10430 10432 10431
f 10431 10432 10409
f 10432 10410 10409
f 10433 10434 10435
f 10434 10436 10435
f 10435 10436 10437
f 10436 10438 10437
f 10437 10438 10439
f 10438 10440 10439
f 10439 10440 10441
f 10440 10442 10441
f 10441 10442 10443
f 10442 10444 10443
f 10443 10444 10445
f 10444 10446 10445
f 10445 10446 10447
f 10446 10448 10447
f 10447 10448 10449
f 10448 10450 10449
f 10449 10450 10451
f 10450 10452 10451
f 10451 10452 10453
f 10452 10454 10453
f 10453 10454 10455
f 10454 10456 10455
f 10455 10456 10433
f 10456 10434 10433
f 10457 10458 10459
f 10458 10460 10459
f 10381 10382 10461
f 10382 10462 10461
f 10461 10462 10463
f 10462 10464 10463
f 10463 10464 10465
f 10464 10466 10465
f 10465 10466 10467
f 10466 10468 10467
f 10146 10389 10145
f 10389 10390 10145
f 10469 10470 10471
f 10470 10472 10471
f 10471 10472 10473
f 10472 10474 10473
f 10473 10474 10475
f 10474 10476 10475
f 10475 10476 10477
f 10476 10478 10477
f 10477 10478 10479
f 10478 10480 10479
f 10479 10480 10481
f 10480 10482 10481
f 10481 10482 10483
f 10482 10484 10483
f 10483 10484 10485
f 10484 10486 10485
f 10485 10486 10487
f 10486 10488 10487
f 10487 10488 10489
f 10488 10490 10489
f 10489 10490 10491
f 10490 10492 10491
f 10491 10492 10469
f 10492 10470 10469
f 10493 10494 10495
f 10495 10496 10493
f 10496 10497 10493
f 10493 10497 10498
f 10497 10499 10498
f 10498 10499 10500
f 10499 10501 10500
f 10500 10501 10502
f 10501 10503 10502
f 10502 10503 10504
f 10503 10505 10504
f 10504 10505 10506
f 10505 10507 10506
f 10506 10507 10508
f 10507 10509 10508
f 10508 10509 10510
f 10509 10511 10510
f 10510 10511 10512
f 10511 10513 10512
f 10512 10513 10514
f 10513 10515 10514
f 10514 10515 10516
f 10515 10495 10516
f 10516 10495 10517
f 10495 10494 10517
f 10518 10519 10520
f 10519 10521 10520
f 10520 10521 10522
f 10521 10523 10522
f 10522 10523 10524
f 10523 10525 10524
f 10526 10527 10528
f 10528 10529 10526
f 10529 10530 10526
f 10526 10530 10531
f 10532 10533 10534
f 10533 10535 10534
f 10534 10535 10529
f 10535 10536 10529
f 10529 10536 10530
f 10527 10537 10528
f 10537 10538 10528
f 10528 10538 10539
f 10540 10541 10542
f 10541 10528 10542
f 10542 10528 10543
f 10528 10539 10543
f 10544 10545 10546
f 10545 10547 10546
f 10548 10549 10550
f 10549 10551 10550
f 10552 10553 10554
f 10553 10555 10554
f 10556 10557 10558
f 10557 10559 10558
f 10558 10559 10560
f 10561 10562 10563
f 10562 10564 10563
f 10565 10566 10567
f 10566 10568 10567
f 10567 10568 10569
f 10570 10571 10572
f 10571 10573 10572
f 10574 10575 10576
f 10575 10577 10576
f 10576 10577 10578
f 10577 10579 10578
f 10578 10579 10580
f 10579 10581 10580
f 10580 10581 10582
f 10581 10583 10582
f 10582 10583 10584
f 10583 10585 10584
f 10584 10585 10586
f 10585 10587 10586
f 10586 10587 10588
f 10587 10589 10588
f 10588 10589 10590
f 10589 10591 10590
f 10590 10591 10592
f 10591 10593 10592
f 10592 10593 10594
f 10593 10595 10594
f 10594 10595 10596
f 10595 10597 10596
f 10596 10597 10574
f 10597 10575 10574
f 10598 10599 10600
f 10601 10602 10600
f 10602 10603 10600
f 10600 10603 10598
f 10604 10605 10601
f 10605 10606 10601
f 10601 10606 10602
f 10607 10608 10604
f 10608 10609 10604
f 10604 10609 10605
f 10610 10611 10612
f 10611 10613 10612
f 10613 10611 10614
f 10611 10615 10614
f 10614 10615 10616
f 10616 10615 10617
f 10615 10618 10617
f 10617 10618 10619
f 10618 10620 10619
f 10619 10620 10621
f 10622 10607 10610
f 10607 10604 10610
f 10610 10604 10611
f 10604 10601 10611
f 10611 10601 10615
f 10601 10600 10615
f 10615 10600 10618
f 10600 10599 10618
f 10618 10599 10620
f 10623 10624 10625
f 10624 10626 10625
f 10625 10626 10627
f 10628 10629 10630
f 10629 10631 10630
f 10632 10633 10634
f 10633 10635 10634
f 10636 10637 10638
f 10637 10639 10638
f 10638 10639 10640
f 10641 10642 10643
f 10642 10644 10643
f 10643 10644 10645
f 10646 10647 10648
f 10647 10649 10648
f 10650 10651 10652
f 10651 10653 10652
f 10654 10655 10656
f 10654 10656 10657
f 10658 10659 10657
f 10660 10658 10661
f 10658 10657 10661
f 10661 10657 10662
f 10657 10656 10662
f 10663 10664 10665
f 10664 10666 10665
f 10667 10668 10669
f 10668 10670 10669
f 10671 10672 10673
f 10672 10674 10673
f 10675 10676 10677
f 10676 10678 10677
f 10679 10680 10681
f 10680 10682 10681
f 10683 10684 10685
f 10684 10686 10685
f 10687 10688 10689
f 10688 10690 10689
f 10689 10690 10691
f 10690 10692 10691
f 10691 10692 10693
f 10692 10694 10693
f 10693 10694 10695
f 10694 10696 10695
f 10695 10696 10697
f 10696 10698 10697
f 10697 10698 10699
f 10698 10700 10699
f 10699 10700 10701
f 10700 10702 10701
f 10701 10702 10703
f 10702 10704 10703
f 10703 10704 10705
f 10704 10706 10705
f 10705 10706 10707
f 10706 10708 10707
f 10707 10708 10709
f 10708 10710 10709
f 10709 10710 10687
f 10710 10688 10687
f 10621 10620 10711
f 10620 10712 10711
f 10713 10714 10599
f 10714 10715 10599
f 10599 10715 10716
f 10715 10712 10716
f 10716 10712 10717
f 10712 10620 10717
f 10718 10719 10720
f 10719 10721 10720
f 10722 10723 10724
f 10723 10725 10724
f 10726 10727 10728
f 10727 10729 10728
f 10730 10731 10732
f 10731 10733 10732
f 10734 10735 10736
f 10735 10737 10736
f 10738 10739 10740
f 10739 10741 10740
f 10742 10743 10744
f 10745 10746 10747
f 10746 10748 10747
f 10747 10748 10744
f 10748 10749 10744
f 10744 10749 10742
f 10749 10750 10742
f 10751 10752 10753
f 10754 10755 10756
f 10755 10757 10756
f 10756 10757 10753
f 10757 10758 10753
f 10753 10758 10751
f 10758 10759 10751
f 10760 10761 10762
f 10763 10764 10765
f 10764 10766 10765
f 10765 10766 10762
f 10766 10767 10762
f 10762 10767 10760
f 10767 10768 10760
f 10769 10770 10771
f 10772 10773 10774
f 10773 10775 10774
f 10774 10775 10771
f 10775 10776 10771
f 10771 10776 10769
f 10776 10777 10769
f 10750 10749 10778
f 10749 10755 10778
f 10778 10755 10779
f 10755 10754 10779
f 10779 10754 10780
f 10777 10776 10781
f 10776 10746 10781
f 10781 10746 10782
f 10746 10745 10782
f 10782 10745 10783
f 10768 10767 10784
f 10767 10773 10784
f 10784 10773 10785
f 10773 10772 10785
f 10785 10772 10786
f 10759 10758 10787
f 10758 10764 10787
f 10787 10764 10788
f 10764 10763 10788
f 10788 10763 10789
f 10790 10791 10792
f 10790 10792 10793
f 10794 10795 10793
f 10796 10794 10797
f 10794 10793 10797
f 10797 10793 10798
f 10793 10792 10798
f 10799 10800 10801
f 10800 10802 10801
f 10803 10804 10805
f 10804 10806 10805
f 10807 10808 10809
f 10808 10810 10809
f 10809 10810 10811
f 10812 10813 10814
f 10813 10815 10814
f 10816 10817 10818
f 10817 10819 10818
f 10818 10819 10820
f 10821 10822 10823
f 10822 10824 10823
f 10825 10826 10827
f 10826 10828 10827
f 10827 10828 10829
f 10828 10830 10829
f 10829 10830 10831
f 10830 10832 10831
f 10831 10832 10833
f 10832 10834 10833
f 10833 10834 10835
f 10834 10836 10835
f 10835 10836 10837
f 10836 10838 10837
f 10837 10838 10839
f 10838 10840 10839
f 10839 10840 10841
f 10840 10842 10841
f 10841 10842 10843
f 10842 10844 10843
f 10843 10844 10845
f 10844 10846 10845
f 10845 10846 10847
f 10846 10848 10847
f 10847 10848 10825
f 10848 10826 10825
f 10849 10850 10851
f 10849 10851 10852
f 10853 10854 10852
f 10855 10853 10856
f 10853 10852 10856
f 10856 10852 10857
f 10852 10851 10857
f 10858 10859 10860
f 10859 10861 10860
f 10860 10861 10862
f 10861 10863 10862
f 10862 10863 10864
f 10863 10865 10864
f 10864 10865 10866
f 10865 10867 10866
f 10866 10867 10868
f 10867 10869 10868
f 10868 10869 10870
f 10869 10871 10870
f 10870 10871 10872
f 10871 10873 10872
f 10872 10873 10874
f 10873 10875 10874
f 10874 10875 10876
f 10875 10877 10876
f 10876 10877 10878
f 10877 10879 10878
f 10878 10879 10880
f 10879 10881 10880
f 10880 10881 10858
f 10881 10859 10858
f 10882 10883 10884
f 10883 10885 10884
f 10886 10887 10888
f 10887 10889 10888
f 10890 10891 10892
f 10891 10893 10892
f 10894 10895 10896
f 10895 10897 10896
f 10898 10899 10900
f 10899 10901 10900
f 10902 10903 10904
f 10903 10905 10904
f 10906 10907 10908
f 10909 10910 10911
f 10912 10913 10914
f 10913 10915 10914
f 10914 10915 10916
f 10913 10917 10906
f 10918 10909 10919
f 10909 10908 10919
f 10919 10908 10920
f 10906 10908 10913
f 10908 10909 10913
f 10913 10909 10915
f 10909 10911 10915
f 10915 10911 10921
f 10922 10923 10924
f 10925 10926 10924
f 10926 10927 10924
f 10924 10927 10922
f 10928 10929 10925
f 10929 10930 10925
f 10925 10930 10926
f 10931 10932 10928
f 10932 10933 10928
f 10928 10933 10929
f 10934 10931 10935
f 10931 10936 10935
f 10935 10936 10937
f 10936 10938 10937
f 10938 10936 10939
f 10936 10940 10939
f 10939 10940 10941
f 10941 10940 10942
f 10940 10943 10942
f 10942 10943 10944
f 10943 10945 10944
f 10944 10945 10946
f 10931 10928 10936
f 10928 10925 10936
f 10936 10925 10940
f 10925 10924 10940
f 10940 10924 10943
f 10924 10923 10943
f 10943 10923 10945
f 10947 10948 10949
f 10948 10950 10949
f 10949 10950 10951
f 10950 10952 10951
f 10951 10952 10953
f 10952 10954 10953
f 10953 10954 10955
f 10954 10956 10955
f 10955 10956 10957
f 10956 10958 10957
f 10957 10958 10959
f 10958 10960 10959
f 10959 10960 10961
f 10960 10962 10961
f 10961 10962 10963
f 10962 10964 10963
f 10963 10964 10965
f 10964 10966 10965
f 10965 10966 10967
f 10966 10968 10967
f 10967 10968 10969
f 10968 10970 10969
f 10969 10970 10947
f 10970 10948 10947
f 10971 10972 10973
f 10972 10974 10973
f 10973 10974 10975
f 10976 10977 10978
f 10977 10979 10978
f 10978 10979 10980
f 10981 10982 10983
f 10982 10984 10983
f 10985 10986 10987
f 10986 10988 10987
f 10987 10988 10989
f 10990 10991 10992
f 10991 10993 10992
f 10994 10995 10996
f 10995 10997 10996
f 10998 10999 11000
f 11001 11002 11003
f 10998 11000 11004
f 11000 11005 11004
f 11004 11005 11003
f 11005 11006 11003
f 11003 11006 11001
f 11007 10945 11008
f 10945 11009 11008
f 11010 11011 10923
f 11011 11012 10923
f 10923 11012 11013
f 11012 11009 11013
f 11013 11009 11014
f 11009 10945 11014
f 11015 11016 11017
f 11016 11018 11017
f 11017 11018 11019
f 11018 11020 11019
f 11019 11020 11021
f 11020 11022 11021
f 11021 11022 11023
f 11022 11024 11023
f 11023 11024 11025
f 11024 11026 11025
f 11025 11026 11027
f 11026 11028 11027
f 11027 11028 11029
f 11028 11030 11029
f 11029 11030 11031
f 11030 11032 11031
f 11031 11032 11033
f 11032 11034 11033
f 11033 11034 11035
f 11034 11036 11035
f 11035 11036 11037
f 11036 11038 11037
f 11037 11038 11015
f 11038 11016 11015
f 11039 11040 11041
f 11040 11042 11041
f 11043 11044 11045
f 11044 11046 11045
f 11047 11048 11049
f 11048 11050 11049
f 11051 11052 11053
f 11052 11054 11053
f 11055 11056 11057
f 11056 11058 11057
f 11059 11060 11061
f 11060 11062 11061
f 11063 11064 11065
f 11063 11065 11066
f 11065 11067 11066
f 11066 11067 11068
f 11069 11070 11068
f 11070 11071 11068
f 11068 11071 11066
f 11072 11073 11074
f 11073 11075 11074
f 11074 11075 11076
f 11075 11077 11076
f 11076 11077 11078
f 11077 11079 11078
f 11078 11079 11080
f 11079 11081 11080
f 11080 11081 11082
f 11081 11083 11082
f 11082 11083 11084
f 11083 11085 11084
f 11084 11085 11086
f 11085 11087 11086
f 11086 11087 11088
f 11087 11089 11088
f 11088 11089 11090
f 11089 11091 11090
f 11090 11091 11092
f 11091 11093 11092
f 11092 11093 11094
f 11093 11095 11094
f 11094 11095 11072
f 11095 11073 11072
f 11096 11097 11098
f 11097 11099 11098
f 11100 11101 11102
f 11103 11104 11102
f 11104 11105 11102
f 11102 11105 11100
f 11106 11097 11107
f 11108 11109 11104
f 11100 11110 11101
f 11110 11096 11101
f 11101 11096 11111
f 11096 11098 11111
f 11111 11098 11103
f 11098 11112 11103
f 11103 11112 11104
f 11112 11113 11104
f 11104 11113 11108
f 11099 11097 11114
f 11097 11106 11114
f 11114 11106 11108
f 11106 11115 11108
f 11108 11115 11109
f 11116 11117 11118
f 11115 11119 11109
f 11119 11118 11109
f 11109 11118 11120
f 11118 11117 11120
f 11120 11117 11121
f 11122 11123 11107
f 11123 11124 11107
f 11107 11124 11106
f 11125 11126 11122
f 11127 11128 11120
f 11118 11123 11116
f 11123 11122 11116
f 11116 11122 11129
f 11122 11130 11129
f 11129 11130 11121
f 11130 11131 11121
f 11121 11131 11120
f 11131 11132 11120
f 11120 11132 11127
f 11133 11128 11134
f 11128 11127 11134
f 11134 11127 11126
f 11127 11135 11126
f 11126 11135 11122
f 11135 11136 11122
f 11122 11136 11130
f 11137 11138 11139
f 11140 11137 11141
f 11142 11143 11128
f 11122 11137 11125
f 11137 11139 11125
f 11125 11139 11133
f 11139 11144 11133
f 11133 11144 11128
f 11144 11145 11128
f 11128 11145 11142
f 11146 11147 11143
f 11138 11137 11148
f 11137 11140 11148
f 11148 11140 11142
f 11140 11149 11142
f 11142 11149 11143
f 11149 11150 11143
f 11143 11150 11146
f 11151 11152 11141
f 11153 11147 11154
f 11147 11146 11154
f 11154 11146 11152
f 11146 11155 11152
f 11152 11155 11141
f 11155 11156 11141
f 11141 11156 11140
f 11157 11158 11159
f 11158 11160 11159
f 11161 11162 11163
f 11164 11165 11166
f 11167 11168 11169
f 11170 11171 11172
f 11173 11163 11171
f 11163 11174 11171
f 11171 11174 11172
f 11175 11169 11158
f 11164 11162 11176
f 11162 11161 11176
f 11176 11161 11157
f 11161 11177 11157
f 11157 11177 11158
f 11177 11178 11158
f 11158 11178 11175
f 11172 11167 11170
f 11167 11169 11170
f 11170 11169 11179
f 11169 11175 11179
f 11179 11175 11173
f 11175 11180 11173
f 11173 11180 11163
f 11180 11181 11163
f 11163 11181 11161
f 11182 11183 11162
f 11164 11166 11162
f 11166 11184 11162
f 11162 11184 11182
f 11164 11159 11165
f 11159 11160 11165
f 11165 11160 11185
f 11160 11186 11185
f 11187 11188 11189
f 11188 11190 11189
f 11141 11191 11151
f 11191 11192 11151
f 11151 11192 11153
f 11192 11193 11153
f 11153 11193 11147
f 11193 11194 11147
f 11147 11194 11195
f 11183 11196 11191
f 11196 11197 11191
f 11191 11197 11192
f 11198 11147 11199
f 11147 11195 11199
f 11199 11195 11200
f 11160 11189 11186
f 11189 11190 11186
f 11186 11190 11182
f 11190 11201 11182
f 11182 11201 11183
f 11201 11202 11183
f 11183 11202 11203
f 11195 11196 11200
f 11196 11183 11200
f 11200 11183 11204
f 11183 11203 11204
f 11204 11203 11198
f 11203 11187 11198
f 11198 11187 11147
f 11187 11189 11147
f 11205 11174 11206
f 11207 11208 11205
f 11208 11209 11205
f 11205 11209 11174
f 11209 11210 11174
f 11174 11210 11172
f 11211 11212 11213
f 11110 11214 11096
f 11214 11213 11096
f 11096 11213 11206
f 11213 11212 11206
f 11206 11212 11215
f 11216 11217 11105
f 11217 11218 11105
f 11105 11218 11100
f 11168 11208 11169
f 11208 11207 11169
f 11169 11207 11216
f 11207 11219 11216
f 11216 11219 11220
f 11213 11217 11211
f 11217 11216 11211
f 11211 11216 11221
f 11216 11220 11221
f 11221 11220 11215
f 11220 11222 11215
f 11215 11222 11206
f 11222 11223 11206
f 11206 11223 11205
f 11224 11225 11226
f 11225 11227 11226
f 11226 11227 11228
f 11229 11230 11231
f 11230 11232 11231
f 11231 11232 11233
f 11234 11235 11236
f 11235 11237 11236
f 11238 11239 11240
f 11239 11241 11240
f 11240 11241 11242
f 11243 11244 11245
f 11244 11246 11245
f 11247 11248 11249
f 11248 11250 11249
f 11251 11252 11253
f 11251 11253 11254
f 11253 11255 11254
f 11254 11255 11256
f 11257 11258 11256
f 11258 11259 11256
f 11256 11259 11254
f 11260 11261 11262
f 11261 11263 11262
f 11262 11263 11264
f 11265 11266 11262
f 11266 11267 11262
f 11262 11267 11260
f 11268 11269 11262
f 11269 11270 11262
f 11262 11270 11265
f 11264 11271 11262
f 11271 11272 11262
f 11262 11272 11268
f 11273 11274 11275
f 11274 11276 11275
f 11275 11276 11277
f 11276 11278 11277
f 11277 11278 11279
f 11278 11280 11279
f 11279 11280 11281
f 11280 11282 11281
f 11281 11282 11283
f 11282 11284 11283
f 11283 11284 11285
f 11284 11286 11285
f 11285 11286 11287
f 11286 11288 11287
f 11287 11288 11289
f 11288 11290 11289
f 11289 11290 11291
f 11290 11292 11291
f 11291 11292 11293
f 11292 11294 11293
f 11293 11294 11295
f 11294 11296 11295
f 11295 11296 11273
f 11296 11274 11273
f 11297 11298 11299
f 11298 11300 11299
f 11301 11302 11303
f 11302 11304 11303
f 11305 11306 11307
f 11306 11308 11307
f 11309 11310 11311
f 11310 11312 11311
f 11313 11314 11315
f 11314 11316 11315
f 11317 11318 11319
f 11318 11320 11319
f 11321 11322 11323
f 11324 11325 11326
f 11321 11323 11327
f 11323 11328 11327
f 11327 11328 11326
f 11328 11329 11326
f 11326 11329 11324
f 11330 11331 11332
f 11331 11333 11332
f 11332 11333 11334
f 11335 11336 11337
f 11336 11338 11337
f 11337 11338 11339
f 11340 11341 11342
f 11341 11343 11342
f 11342 11343 11344
f 11345 11346 11347
f 11346 11348 11347
f 11347 11348 11349
f 11350 11351 11352
f 11351 11353 11352
f 11354 11355 11356
f 11355 11357 11356
f 11358 11359 11360
f 11359 11361 11360
f 11362 11363 11364
f 11363 11365 11364
f 11364 11365 11366
f 11365 11367 11366
f 11366 11367 11368
f 11367 11369 11368
f 11368 11369 11370
f 11369 11371 11370
f 11370 11371 11372
f 11371 11373 11372
f 11372 11373 11374
f 11373 11375 11374
f 11374 11375 11376
f 11375 11377 11376
f 11376 11377 11378
f 11377 11379 11378
f 11378 11379 11380
f 11379 11381 11380
f 11380 11381 11382
f 11381 11383 11382
f 11382 11383 11384
f 11383 11385 11384
f 11384 11385 11362
f 11385 11363 11362
f 11386 11387 11388
f 11387 11389 11388
f 11390 11391 11392
f 11391 11393 11392
f 11394 11395 11396
f 11395 11397 11396
f 11398 11399 11400
f 11399 11401 11400
f 11402 11403 11404
f 11403 11405 11404
f 11406 11407 11408
f 11407 11409 11408
f 11408 11409 11410
f 11409 11411 11410
f 11410 11411 11412
f 11411 11413 11412
f 11412 11413 11414
f 11413 11415 11414
f 11414 11415 11416
f 11415 11417 11416
f 11416 11417 10587
f 11417 11418 10587
f 10587 11418 10589
f 11418 11419 10589
f 10589 11419 11420
f 11419 11421 11420
f 11420 11421 11422
f 11421 11423 11422
f 11422 11423 11424
f 11423 11425 11424
f 11424 11425 11426
f 11425 11427 11426
f 11426 11427 11406
f 11427 11407 11406
f 11407 11428 11409
f 11428 11429 11409
f 11409 11429 11411
f 11429 11430 11411
f 11411 11430 11413
f 11430 11431 11413
f 11413 11431 11415
f 11431 11432 11415
f 11415 11432 11417
f 11432 11433 11417
f 11417 11433 11418
f 11433 11434 11418
f 11418 11434 11419
f 11434 11435 11419
f 11419 11435 11421
f 11435 11436 11421
f 11421 11436 11423
f 11436 11437 11423
f 11423 11437 11425
f 11437 11438 11425
f 11425 11438 11427
f 11438 11439 11427
f 11427 11439 11407
f 11439 11428 11407
f 11428 11440 11429
f 11440 11288 11429
f 11429 11288 11430
f 11288 11286 11430
f 11430 11286 11431
f 11286 11441 11431
f 11431 11441 11432
f 11441 11282 11432
f 11432 11282 11433
f 11282 11280 11433
f 11433 11280 11434
f 11280 11442 11434
f 11434 11442 11435
f 11442 11276 11435
f 11435 11276 11436
f 11276 11274 11436
f 11436 11274 11437
f 11274 11296 11437
f 11437 11296 11438
f 11296 11294 11438
f 11438 11294 11439
f 11294 11292 11439
f 11439 11292 11428
f 11292 11440 11428
f 11443 11444 11445
f 11444 11446 11445
f 11447 11448 11449
f 11450 11451 11452
f 11447 11449 11453
f 11449 11454 11453
f 11453 11454 11452
f 11454 11455 11452
f 11452 11455 11450
f 11456 11457 11458
f 11457 11459 11458
f 11458 11459 11460
f 11461 11462 11463
f 11462 11464 11463
f 11463 11464 11465
f 11466 11467 11468
f 11467 11469 11468
f 11468 11469 11470
f 11471 11472 11473
f 11472 11474 11473
f 11473 11474 11475
f 11476 11477 11478
f 11477 11479 11478
f 11480 11481 11482
f 11481 11483 11482
f 11484 11485 11486
f 11485 11487 11486
f 11488 11489 11490
f 11491 11492 11490
f 11492 11493 11490
f 11490 11493 11488
f 11494 11495 11491
f 11495 11496 11491
f 11491 11496 11492
f 11497 11498 11494
f 11498 11499 11494
f 11494 11499 11495
f 11500 11497 11501
f 11497 11502 11501
f 11501 11502 11503
f 11502 11504 11503
f 11504 11502 11505
f 11502 11506 11505
f 11505 11506 11507
f 11507 11506 11508
f 11506 11509 11508
f 11508 11509 11510
f 11509 11511 11510
f 11510 11511 11512
f 11497 11494 11502
f 11494 11491 11502
f 11502 11491 11506
f 11491 11490 11506
f 11506 11490 11509
f 11490 11489 11509
f 11509 11489 11511
f 11513 11514 11515
f 11514 11516 11515
f 11515 11516 11517
f 11516 11518 11517
f 11517 11518 11519
f 11518 11520 11519
f 11519 11520 11521
f 11520 11522 11521
f 11521 11522 11523
f 11522 11524 11523
f 11523 11524 11525
f 11524 11526 11525
f 11525 11526 11527
f 11526 11528 11527
f 11527 11528 11529
f 11528 11530 11529
f 11529 11530 11531
f 11530 11532 11531
f 11531 11532 11533
f 11532 11534 11533
f 11533 11534 11535
f 11534 11536 11535
f 11535 11536 11513
f 11536 11514 11513
f 11537 11538 11539
f 11538 11540 11539
f 11541 11542 11543
f 11542 11544 11543
f 11545 11546 11547
f 11546 11548 11547
f 11549 11550 11551
f 11550 11552 11551
f 11553 11554 11555
f 11554 11556 11555
f 11555 11556 11557
f 11556 11558 11557
f 11557 11558 11559
f 11558 11560 11559
f 11559 11560 11561
f 11560 11562 11561
f 11561 11562 11563
f 11562 11564 11563
f 11563 11564 11565
f 11564 11566 11565
f 11565 11566 11567
f 11566 11568 11567
f 11567 11568 11569
f 11568 11570 11569
f 11569 11570 11571
f 11570 11572 11571
f 11571 11572 11573
f 11572 11574 11573
f 11573 11574 11575
f 11574 11576 11575
f 11575 11576 11553
f 11576 11554 11553
f 11577 11578 11579
f 11578 11580 11579
f 11581 11511 11582
f 11511 11583 11582
f 11584 11585 11489
f 11585 11586 11489
f 11489 11586 11587
f 11586 11583 11587
f 11587 11583 11588
f 11583 11511 11588
f 11589 11590 11591
f 11590 11592 11591
f 11591 11592 11593
f 11594 11595 11596
f 11595 11597 11596
f 11598 11599 11600
f 11599 11601 11600
f 11602 11603 11604
f 11603 11605 11604
f 11604 11605 11606
f 11607 11608 11609
f 11608 11610 11609
f 11609 11610 11611
f 11612 11613 11614
f 11613 11615 11614
f 11616 11617 11618
f 11617 11619 11618
f 11620 11621 11622
f 11621 11623 11622
f 11624 11625 11626
f 11625 11627 11626
f 11626 11627 11628
f 11627 11623 11628
f 11628 11623 11629
f 11623 11621 11629
f 11630 11631 11632
f 11631 11633 11632
f 11634 11635 11636
f 11635 11637 11636
f 11638 11639 11640
f 11639 11641 11640
f 11642 11643 11644
f 11643 11645 11644
f 11646 11647 11648
f 11647 11649 11648
f 11650 11651 11652
f 11651 11653 11652
f 11654 11655 11656
f 11655 11657 11656
f 11658 11626 11659
f 11660 11661 11659
f 11661 11662 11659
f 11659 11662 11658
f 11663 11664 11660
f 11664 11665 11660
f 11660 11665 11661
f 11666 11667 11663
f 11667 11668 11663
f 11663 11668 11664
f 11669 11670 11671
f 11670 11672 11671
f 11672 11670 11673
f 11670 11674 11673
f 11673 11674 11675
f 11675 11674 11676
f 11674 11677 11676
f 11676 11677 11678
f 11677 11621 11678
f 11678 11621 11620
f 11679 11666 11669
f 11666 11663 11669
f 11669 11663 11670
f 11663 11660 11670
f 11670 11660 11674
f 11660 11659 11674
f 11674 11659 11677
f 11659 11626 11677
f 11677 11626 11621
f 11680 11681 11682
f 11681 11683 11682
f 11682 11683 11684
f 11683 11685 11684
f 11684 11685 11686
f 11685 11687 11686
f 11686 11687 11688
f 11687 11689 11688
f 11688 11689 11690
f 11689 11691 11690
f 11690 11691 11692
f 11691 11693 11692
f 11692 11693 11694
f 11693 11695 11694
f 11694 11695 11696
f 11695 11697 11696
f 11696 11697 11698
f 11697 11699 11698
f 11698 11699 11700
f 11699 11701 11700
f 11700 11701 11702
f 11701 11703 11702
f 11702 11703 11680
f 11703 11681 11680
f 11704 11705 11706
f 11705 11707 11706
f 11706 11707 11708
f 11707 11709 11708
f 11708 11709 11710
f 11709 11711 11710
f 11710 11711 11712
f 11711 11713 11712
f 11712 11713 11714
f 11713 11715 11714
f 11714 11715 11716
f 11715 11717 11716
f 11716 11717 11718
f 11717 11719 11718
f 11718 11719 11720
f 11719 11721 11720
f 11720 11721 11722
f 11721 11723 11722
f 11722 11723 11724
f 11723 11725 11724
f 11724 11725 11726
f 11725 11727 11726
f 11726 11727 11704
f 11727 11705 11704
f 11728 11729 11730
f 11729 11731 11730
f 11730 11731 11732
f 11731 11733 11732
f 11732 11733 11734
f 11733 11735 11734
f 11734 11735 11736
f 11735 11737 11736
f 11736 11737 11738
f 11737 11739 11738
f 11738 11739 11740
f 11739 11741 11740
f 11740 11741 11742
f 11741 11743 11742
f 11742 11743 11744
f 11743 11745 11744
f 11744 11745 11746
f 11745 11747 11746
f 11746 11747 11748
f 11747 11749 11748
f 11748 11749 11750
f 11749 11751 11750
f 11750 11751 11728
f 11751 11729 11728
f 11752 11753 11754
f 11753 11755 11754
f 11754 11755 11756
f 11755 11757 11756
f 11756 11757 11758
f 11757 11759 11758
f 11758 11759 11760
f 11759 11761 11760
f 11760 11761 11762
f 11761 11763 11762
f 11762 11763 11764
f 11763 11765 11764
f 11764 11765 11766
f 11765 11767 11766
f 11766 11767 11768
f 11767 11769 11768
f 11768 11769 11770
f 11769 11771 11770
f 11770 11771 11772
f 11771 11773 11772
f 11772 11773 11774
f 11773 11775 11774
f 11774 11775 11752
f 11775 11753 11752
f 11776 11777 11778
f 11777 11779 11778
f 11780 11781 11782
f 11780 11782 11783
f 11782 11784 11783
f 11783 11784 11785
f 11786 11787 11788
f 11789 11790 11791
f 11790 11792 11791
f 11786 11788 11793
f 11792 11794 11791
f 11794 11793 11791
f 11791 11793 11795
f 11793 11788 11795
f 11796 11797 11798
f 11797 11799 11798
f 11800 11801 11802
f 11801 11803 11802
f 11803 11804 11805
f 11806 11807 11805
f 11807 11808 11805
f 11805 11808 11803
f 11808 11809 11803
f 11803 11809 11802
f 11810 11811 11812
f 11811 11813 11812
f 11812 11813 11814
f 11813 11815 11814
f 11816 11817 11818
f 11817 11819 11818
f 11818 11819 11820
f 11819 11821 11820
f 11820 11821 11822
f 11821 11823 11822
f 11824 11825 11826
f 11825 11827 11826
f 11828 11829 11830
f 11829 11831 11830
f 11830 11831 11832
f 11831 11833 11832
f 11832 11833 11834
f 11833 11835 11834
f 11834 11835 11836
f 11835 11837 11836
f 11836 11837 11838
f 11837 11839 11838
f 11838 11839 11840
f 11839 11841 11840
f 11840 11841 11842
f 11841 11843 11842
f 11842 11843 11844
f 11843 11845 11844
f 11844 11845 11846
f 11845 11847 11846
f 11846 11847 11848
f 11847 11849 11848
f 11848 11849 11850
f 11849 11851 11850
f 11850 11851 11828
f 11851 11829 11828
f 11852 11853 11854
f 11853 11855 11854
f 11854 11855 11856
f 11855 11857 11856
f 11856 11857 11858
f 11857 11859 11858
f 11858 11859 11860
f 11859 11861 11860
f 11860 11861 11862
f 11861 11863 11862
f 11862 11863 11864
f 11863 11865 11864
f 11864 11865 11866
f 11865 11867 11866
f 11866 11867 11868
f 11867 11869 11868
f 11868 11869 11870
f 11869 11871 11870
f 11870 11871 11872
f 11871 11873 11872
f 11872 11873 11874
f 11873 11875 11874
f 11874 11875 11852
f 11875 11853 11852
f 11876 11877 11878
f 11877 11879 11878
f 11878 11879 11880
f 11879 11881 11880
f 11880 11881 11882
f 11881 11883 11882
f 11882 11883 11884
f 11883 11885 11884
f 11884 11885 11886
f 11885 11887 11886
f 11886 11887 11888
f 11887 11889 11888
f 11888 11889 11890
f 11889 11891 11890
f 11890 11891 11892
f 11891 11893 11892
f 11892 11893 11894
f 11893 11895 11894
f 11894 11895 11896
f 11895 11897 11896
f 11896 11897 11898
f 11897 11899 11898
f 11898 11899 11876
f 11899 11877 11876
f 11900 11901 11902
f 11901 11903 11902
f 11902 11903 11904
f 11903 11905 11904
f 11904 11905 11906
f 11905 11907 11906
f 11906 11907 11908
f 11907 11909 11908
f 11908 11909 11910
f 11909 11911 11910
f 11910 11911 11912
f 11911 11913 11912
f 11912 11913 11914
f 11913 11915 11914
f 11914 11915 11916
f 11915 11917 11916
f 11916 11917 11918
f 11917 11919 11918
f 11918 11919 11920
f 11919 11921 11920
f 11920 11921 11922
f 11921 11923 11922
f 11922 11923 11900
f 11923 11901 11900
f 11924 11925 11926
f 11925 11927 11926
f 11928 11929 11930
f 11930 11931 11928
f 11931 11932 11928
f 11928 11932 11927
f 11932 11933 11927
f 11927 11933 11926
f 11934 11935 11936
f 11937 11938 11939
f 11938 11934 11939
f 11939 11934 11940
f 11934 11936 11940
f 11941 11942 11943
f 11942 11944 11943
f 11945 11946 11947
f 11945 11947 11948
f 11947 11949 11948
f 11948 11949 11950
f 11949 11951 11950
f 11950 11951 11952
f 11953 11954 11955
f 11953 11955 11956
f 11955 11957 11956
f 11956 11957 11958
f 11957 11959 11958
f 11958 11959 11960
f 11961 11962 11963
f 11962 11964 11963
f 11965 11952 11966
f 11952 11951 11966
f 11967 11968 11969
f 11968 11970 11969
f 11971 11972 11973
f 11972 11974 11973
f 11975 11976 11977
f 11976 11978 11977
f 11979 11980 11981
f 11980 11982 11981
f 11983 11984 11985
f 11984 11986 11985
f 11987 11983 11988
f 11983 11985 11988
f 11988 11985 11989
f 11985 11990 11989
f 11991 11992 11993
f 11992 11994 11993
f 11993 11994 11995
f 11994 11996 11995
f 11997 11998 11999
f 11998 12000 11999
f 11999 12000 12001
f 12001 12002 11999
f 12002 12003 11999
f 11999 12003 11994
f 12003 12004 11994
f 11994 12004 11996
f 12005 12006 12007
f 12006 12008 12007
f 12009 12010 12011
f 12012 12013 12014
f 12013 12009 12014
f 12014 12009 12015
f 12009 12011 12015
f 12016 12017 12018
f 12017 12019 12018
f 12018 12019 12020
f 12019 12021 12020
f 12020 12021 12022
f 12021 12023 12022
f 12022 12023 12024
f 12023 12025 12024
f 12024 12025 12026
f 12025 12027 12026
f 12026 12027 12028
f 12027 12029 12028
f 12028 12029 12030
f 12029 12031 12030
f 12030 12031 12032
f 12031 12033 12032
f 12032 12033 12034
f 12033 12035 12034
f 12034 12035 12036
f 12035 12037 12036
f 12036 12037 12038
f 12037 12039 12038
f 12038 12039 12016
f 12039 12017 12016
f 12040 12041 12042
f 12041 12043 12042
f 12042 12043 12044
f 12043 12045 12044
f 12044 12045 12046
f 12045 12047 12046
f 12046 12047 12048
f 12047 12049 12048
f 12048 12049 12050
f 12049 12051 12050
f 12050 12051 12052
f 12051 12053 12052
f 12052 12053 12054
f 12053 12055 12054
f 12054 12055 12056
f 12055 12057 12056
f 12056 12057 12058
f 12057 12059 12058
f 12058 12059 12060
f 12059 12061 12060
f 12060 12061 12062
f 12061 12063 12062
f 12062 12063 12040
f 12063 12041 12040
f 12064 12065 12066
f 12065 12067 12066
f 12066 12067 12068
f 12067 12069 12068
f 12068 12069 12070
f 12069 12071 12070
f 12070 12071 12072
f 12071 12073 12072
f 12072 12073 12074
f 12073 12075 12074
f 12074 12075 12076
f 12075 12077 12076
f 12076 12077 12078
f 12077 12079 12078
f 12078 12079 12080
f 12079 12081 12080
f 12080 12081 12082
f 12081 12083 12082
f 12082 12083 12084
f 12083 12085 12084
f 12084 12085 12086
f 12085 12087 12086
f 12086 12087 12064
f 12087 12065 12064
f 12088 12089 12090
f 12089 12091 12090
f 12090 12091 12092
f 12091 12093 12092
f 12092 12093 12094
f 12093 12095 12094
f 12094 12095 12096
f 12095 12097 12096
f 12096 12097 12098
f 12097 12099 12098
f 12098 12099 12100
f 12099 12101 12100
f 12100 12101 12102
f 12101 12103 12102
f 12102 12103 12104
f 12103 12105 12104
f 12104 12105 12106
f 12105 12107 12106
f 12106 12107 12108
f 12107 12109 12108
f 12108 12109 12110
f 12109 12111 12110
f 12110 12111 12088
f 12111 12089 12088
f 12112 12113 12114
f 12113 12115 12114
f 12114 12115 12116
f 12115 12117 12116
f 12116 12117 12118
f 12117 12119 12118
f 12118 12119 12120
f 12119 12121 12120
f 12120 12121 12122
f 12121 12123 12122
f 12122 12123 12124
f 12123 12125 12124
f 12124 12125 12126
f 12125 12127 12126
f 12126 12127 12128
f 12127 12129 12128
f 12128 12129 12130
f 12129 12131 12130
f 12130 12131 12132
f 12131 12133 12132
f 12132 12133 12134
f 12133 12135 12134
f 12134 12135 12112
f 12135 12113 12112
f 12136 12137 12138
f 12137 12139 12138
f 12138 12139 12140
f 12139 12141 12140
f 12140 12141 12142
f 12141 12143 12142
f 12142 12143 12144
f 12143 12145 12144
f 12144 12145 12146
f 12145 12147 12146
f 12146 12147 12148
f 12147 12149 12148
f 12148 12149 12150
f 12149 12151 12150
f 12150 12151 12152
f 12151 12153 12152
f 12152 12153 12154
f 12153 12155 12154
f 12154 12155 12156
f 12155 12157 12156
f 12156 12157 12158
f 12157 12159 12158
f 12158 12159 12136
f 12159 12137 12136
f 12160 12161 12162
f 12161 12163 12162
f 12162 12163 12164
f 12163 12165 12164
f 12164 12165 12166
f 12165 12167 12166
f 12166 12167 12168
f 12167 12169 12168
f 12168 12169 12170
f 12169 12171 12170
f 12170 12171 12172
f 12171 12173 12172
f 12172 12173 12174
f 12173 12175 12174
f 12174 12175 12176
f 12175 12177 12176
f 12176 12177 12178
f 12177 12179 12178
f 12178 12179 12180
f 12179 12181 12180
f 12180 12181 12182
f 12181 12183 12182
f 12182 12183 12160
f 12183 12161 12160
f 12184 12185 12186
f 12185 12187 12186
f 12186 12187 12188
f 12187 12189 12188
f 12188 12189 12190
f 12189 12191 12190
f 12190 12191 12192
f 12191 12193 12192
f 12192 12193 12194
f 12193 12195 12194
f 12194 12195 12196
f 12195 12197 12196
f 12196 12197 12198
f 12197 12199 12198
f 12198 12199 12200
f 12199 12201 12200
f 12200 12201 12202
f 12201 12203 12202
f 12202 12203 12204
f 12203 12205 12204
f 12204 12205 12206
f 12205 12207 12206
f 12206 12207 12184
f 12207 12185 12184
f 12208 12209 12210
f 12209 12211 12210
f 12210 12211 12212
f 12211 12213 12212
f 12212 12213 12214
f 12213 12215 12214
f 12214 12215 12216
f 12215 12217 12216
f 12216 12217 12218
f 12217 12219 12218
f 12218 12219 12220
f 12219 12221 12220
f 12220 12221 12222
f 12221 12223 12222
f 12222 12223 12224
f 12223 12225 12224
f 12224 12225 12226
f 12225 12227 12226
f 12226 12227 12228
f 12227 12229 12228
f 12228 12229 12230
f 12229 12231 12230
f 12230 12231 12208
f 12231 12209 12208
f 12232 12233 12234
f 12233 12235 12234
f 12234 12235 12236
f 12235 12237 12236
f 12236 12237 12238
f 12237 12239 12238
f 12238 12239 12240
f 12239 12241 12240
f 12240 12241 12242
f 12241 12243 12242
f 12242 12243 12244
f 12243 12245 12244
f 12244 12245 12246
f 12245 12247 12246
f 12246 12247 12248
f 12247 12249 12248
f 12248 12249 12250
f 12249 12251 12250
f 12250 12251 12252
f 12251 12253 12252
f 12252 12253 12254
f 12253 12255 12254
f 12254 12255 12232
f 12255 12233 12232
f 12256 12257 12258
f 12257 12259 12258
f 12258 12259 12260
f 12259 12261 12260
f 12260 12261 12262
f 12261 12263 12262
f 12262 12263 12264
f 12263 12265 12264
f 12264 12265 12266
f 12265 12267 12266
f 12266 12267 12268
f 12267 12269 12268
f 12268 12269 12270
f 12269 12271 12270
f 12270 12271 12272
f 12271 12273 12272
f 12272 12273 12274
f 12273 12275 12274
f 12274 12275 12276
f 12275 12277 12276
f 12276 12277 12278
f 12277 12279 12278
f 12278 12279 12256
f 12279 12257 12256
f 12280 12281 12282
f 12281 12283 12282
f 12282 12283 12284
f 12283 12285 12284
f 12284 12285 12286
f 12285 12287 12286
f 12286 12287 12288
f 12287 12289 12288
f 12288 12289 12290
f 12289 12291 12290
f 12290 12291 12292
f 12291 12293 12292
f 12292 12293 12294
f 12293 12295 12294
f 12294 12295 12296
f 12295 12297 12296
f 12296 12297 12298
f 12297 12299 12298
f 12298 12299 12300
f 12299 12301 12300
f 12300 12301 12302
f 12301 12303 12302
f 12302 12303 12280
f 12303 12281 12280

